# Blender 5.1.2
# www.blender.org
o pCube12_lambert1_0
v 16.710369 -0.613679 6.830013
v 16.710369 0.613679 6.338471
v 16.710369 0.613679 -1.561265
v 16.936394 0.977106 -1.219576
v 16.936394 0.977106 5.823337
v 17.026600 1.120126 -1.003082
v 16.710369 0.613679 -1.561265
v 16.710369 0.613679 6.338471
v 16.828146 0.613679 5.823337
v 16.828146 0.613679 -1.561265
v 17.099203 0.613679 6.338471
v 16.710369 4.525257 6.830013
v 16.866005 4.194609 6.830013
v 16.866005 4.525257 6.830013
v 16.710369 4.525257 6.338471
v 16.710369 4.525257 6.830013
v 16.866005 4.525257 6.830013
v 16.866005 4.525257 6.338471
v 16.866005 4.525257 6.338471
v 16.866005 4.194609 6.338471
v 16.710369 4.525257 6.338471
v 26.269215 -0.613679 -1.003082
v 16.710369 -0.613679 6.830013
v 16.710369 -0.613679 -9.394360
v 16.828146 0.613679 -1.561265
v 16.936394 0.977106 -1.219576
v 16.936394 0.977106 -1.344771
v 16.936394 0.977106 -1.219576
v 16.828146 0.613679 5.823337
v 16.936394 0.977106 5.823337
v 16.828146 0.613679 -1.561265
v 21.590269 0.613679 5.823337
v 20.069643 0.613679 6.338471
v 23.952749 0.613679 6.338471
v 25.688894 -0.613679 6.830013
v 17.026600 1.120126 5.823337
v 16.936394 0.977106 5.823337
v 21.590269 1.120126 5.823337
v 16.828146 0.613679 5.823337
v 21.590269 0.613679 5.823337
v 16.936394 0.977106 5.823337
v 21.590269 1.120126 5.823337
v 21.454304 4.194609 6.338471
v 21.590269 4.525257 6.338471
v 21.590269 4.194609 6.338471
v 21.454302 4.525257 6.338471
v 21.590269 4.525257 6.830013
v 21.454302 4.525257 6.338471
v 21.454302 4.525257 6.830013
v 21.590269 4.525257 6.338471
v 21.590269 4.194609 6.830013
v 21.590269 4.525257 6.830013
v 21.454302 4.525257 6.830013
v 21.454302 4.194609 6.830013
v 22.156948 4.194609 6.830013
v 22.156948 4.525257 6.830013
v 22.039375 4.525257 6.830013
v 22.039375 4.194609 6.830013
v 22.156948 4.525257 6.830013
v 22.039375 4.525257 6.338471
v 22.039375 4.525257 6.830013
v 22.156948 4.525257 6.338471
v 22.156948 4.194609 6.338471
v 22.039375 4.525257 6.338471
v 22.156948 4.525257 6.338471
v 22.039375 4.194609 6.338471
v 23.722832 0.613679 5.823339
v 21.590269 1.120126 5.823337
v 21.590269 0.613679 5.823337
v 23.722832 0.613679 5.823339
v 21.590269 3.836515 6.830013
v 21.454302 3.836515 6.830013
v 22.039375 4.194609 6.830013
v 22.039375 3.836515 6.830013
v 22.156944 3.836516 6.830013
v 22.156948 4.194609 6.830013
v 22.039375 3.836515 6.338471
v 22.039375 4.194609 6.338471
v 22.156944 3.836515 6.338471
v 22.156948 4.194609 6.338471
v 21.590269 3.836515 6.338471
v 21.454304 3.836515 6.338471
v 16.866005 3.836515 6.338471
v 16.866005 3.836515 6.830013
v 22.039375 4.194609 6.830013
v 22.039375 4.525257 6.830013
v 22.039375 4.194609 6.338471
v 22.039375 4.525257 6.338471
v 21.590269 4.194609 6.830013
v 21.590269 4.525257 6.338471
v 21.590269 4.525257 6.830013
v 21.590269 4.194609 6.338471
v 21.590269 4.194609 6.830013
v 22.039375 4.194609 6.830013
v 21.590269 4.194609 6.338471
v 22.039375 4.194609 6.338471
v 25.518633 3.836516 6.830013
v 25.583338 3.836516 6.830013
v 25.683460 4.194609 6.830013
v 26.093922 4.194609 6.338471
v 25.583336 3.836515 6.338471
v 25.518631 3.836515 6.338471
v 22.156948 4.194609 6.873113
v 22.156948 4.615359 6.873113
v 22.156948 4.525257 6.830013
v 22.156948 4.194609 6.830013
v 22.156948 4.615359 6.873113
v 22.156948 4.525257 6.338471
v 22.156948 4.525257 6.830013
v 22.156948 4.615359 6.295371
v 22.156948 4.194609 6.295371
v 22.156948 4.525257 6.338471
v 22.156948 4.615359 6.295371
v 22.156948 4.194609 6.338471
v 26.473597 -0.613679 6.830013
v 26.158911 0.977106 -1.219575
v 26.003580 0.977106 -1.344772
v 26.003580 0.977106 -1.219575
v 26.158911 0.977106 -1.344772
v 25.688894 3.836515 6.338471
v 26.473597 3.836515 6.338471
v 26.473600 4.193535 8.156989
v 25.688889 4.193535 8.156989
v 26.473600 3.080155 7.879813
v 25.688889 3.080155 7.879813
v 25.688894 4.194609 6.873113
v 25.688894 3.836516 6.830013
v 25.688894 4.194278 6.969349
v 25.688894 3.836516 6.830013
v 25.688889 4.193535 8.156989
v 25.688894 4.194278 6.969349
v 25.688889 3.080155 7.879813
v 25.688892 0.914812 7.557660
v 25.688894 -0.613679 6.830013
v 25.688894 -0.613679 7.468235
v 25.688894 1.580530 6.830013
v 26.473597 -0.613679 7.468235
v 25.688894 -0.613679 7.468235
v 25.578596 4.976611 8.375902
v 25.578600 5.344776 7.288066
v 25.578600 4.976612 7.159143
v 25.578596 5.344776 8.375902
v 25.578596 4.976611 8.375902
v 26.583895 4.976611 8.375902
v 25.578596 5.344776 8.375902
v 26.583895 5.344776 8.375902
v 25.688889 4.193535 8.156989
v 25.688894 4.976611 7.268692
v 25.688894 4.194278 6.969349
v 25.688889 4.976611 8.292842
v 26.473600 4.976611 8.292842
v 25.688889 4.976611 8.292842
v 26.473600 4.193535 8.156989
v 25.688889 4.193535 8.156989
v 26.473600 5.941206 8.293610
v 25.688889 5.941206 8.293610
v 26.473600 5.344776 8.293242
v 25.688889 5.344776 8.293242
v 25.688889 5.344776 8.293242
v 25.688894 5.942604 7.646005
v 25.688894 5.344776 7.373068
v 25.688889 5.941206 8.293610
v 26.473597 5.344776 7.373068
v 25.578600 5.344776 7.288066
v 25.688894 5.344776 7.373068
v 26.583891 5.344776 7.288066
v 25.578596 4.976611 8.375902
v 25.688894 4.976611 7.268692
v 25.688889 4.976611 8.292842
v 25.578600 4.976612 7.159143
v 25.578596 5.344776 8.375902
v 25.688894 5.344776 7.373068
v 25.578600 5.344776 7.288066
v 25.688889 5.344776 8.293242
v 26.473600 4.976611 8.292842
v 25.578596 4.976611 8.375902
v 25.688889 4.976611 8.292842
v 26.583895 4.976611 8.375902
v 25.688889 5.941206 8.293610
v 25.688894 6.547716 7.816009
v 25.688894 5.942604 7.646005
v 25.688889 6.546319 8.298310
v 26.473600 6.546319 8.298310
v 25.688889 6.546319 8.298310
v 26.473600 5.941206 8.293610
v 25.688889 5.941206 8.293610
v 25.688889 6.546319 8.298310
v 25.688894 7.177475 7.862489
v 25.688894 6.547716 7.816009
v 25.688889 7.176078 8.290074
v 26.473600 7.176078 8.290074
v 25.688889 7.176078 8.290074
v 26.473600 6.546319 8.298310
v 25.688889 6.546319 8.298310
v 22.156948 4.615359 6.873113
v 22.156736 4.719309 6.418042
v 22.156948 4.615359 6.295371
v 22.156736 4.719309 6.750444
v 22.156948 4.194609 6.338471
v 26.081648 4.194609 6.295371
v 26.093922 4.194609 6.338471
v 22.156948 4.194609 6.295371
v 22.156948 4.615359 6.295371
v 26.081648 4.194609 6.295371
v 22.156948 4.194609 6.295371
v 26.473597 4.626070 6.295371
v 26.473597 4.626070 6.295371
v 22.156948 4.615359 6.295371
v 26.473701 4.719309 6.418042
v 22.156736 4.719309 6.418042
v 26.473701 4.719309 6.750444
v 22.156736 4.719309 6.418042
v 22.156736 4.719309 6.750444
v 26.473701 4.719309 6.418042
v 22.156948 4.615359 6.873113
v 26.473597 4.626070 6.873113
v 26.473701 4.719309 6.750444
v 22.156736 4.719309 6.750444
v 22.156948 4.194609 6.873113
v 25.688894 4.194609 6.873113
v 22.156948 4.615359 6.873113
v 26.473597 4.626070 6.873113
v 22.156948 4.194609 6.873113
v 25.683460 4.194609 6.830013
v 25.688894 4.194609 6.873113
v 22.156948 4.194609 6.830013
v 20.071749 1.580530 6.830013
v 19.915285 1.580530 6.830013
v 23.722832 1.580530 6.830013
v 22.156944 3.836516 6.830013
v 23.557896 1.580530 6.830013
v 22.039375 3.836515 6.830013
v 24.047964 1.580530 6.830013
v 23.952749 1.580530 6.830013
v 25.688889 3.080155 7.879813
v 25.688894 3.836516 6.830013
v 25.688894 1.580530 6.830013
v 25.688892 1.800067 7.688671
v 26.473600 3.080155 7.879813
v 25.688889 3.080155 7.879813
v 26.473598 1.800067 7.688671
v 25.688892 1.800067 7.688671
v 26.473597 1.580530 6.338471
v 25.688894 1.580530 6.338471
v 24.047964 1.580530 6.338471
v 23.952749 1.580530 6.338471
v 23.557896 1.580530 6.338471
v 23.722832 1.580530 6.338471
v 20.071749 1.580530 6.338471
v 19.915285 1.580530 6.338471
v 16.710369 1.580530 6.338471
v 16.866005 3.836515 6.338471
v 16.866005 1.580530 6.338471
v 16.710369 4.525257 6.338471
v 16.710369 4.525257 6.830013
v 16.710369 1.580530 6.338471
v 16.710369 1.580530 6.830013
v 16.710369 4.525257 6.338471
v 16.710369 1.580530 6.830013
v 16.866005 1.580530 6.830013
v 16.710369 -0.613679 6.830013
v 25.688894 -0.613679 6.830013
v 23.557896 1.580530 6.830013
v 23.722832 1.580530 6.830013
v 25.688892 1.800067 7.688671
v 25.688894 1.580530 6.830013
v 25.688892 0.914812 7.557660
v 25.688894 0.613679 6.338471
v 23.952749 0.613679 6.338471
v 20.069643 0.613679 6.338471
v 16.710369 0.613679 6.338471
v 16.866005 1.580530 6.338471
v 17.099203 0.613679 6.338471
v 16.710369 1.580530 6.338471
v 22.156944 3.836516 6.830013
v 25.518631 3.836515 6.338471
v 25.518633 3.836516 6.830013
v 22.156944 3.836515 6.338471
v 23.952749 1.580530 6.830013
v 25.518633 3.836516 6.830013
v 25.518631 3.836515 6.338471
v 23.952749 1.580530 6.338471
v 23.952749 1.580530 6.338471
v 23.722832 1.580530 6.830013
v 23.952749 1.580530 6.830013
v 23.722832 1.580530 6.338471
v 23.722832 1.580530 6.830013
v 22.156944 3.836515 6.338471
v 22.156944 3.836516 6.830013
v 23.722832 1.580530 6.338471
v 19.723591 1.580530 6.338471
v 17.718176 3.836515 6.338471
v 16.866005 4.194609 6.274424
v 21.454302 4.604774 6.274424
v 21.454304 4.194609 6.274424
v 16.866005 4.604774 6.274424
v 21.454863 4.723394 6.750271
v 16.863079 4.723360 6.418211
v 16.863079 4.723360 6.750271
v 21.454863 4.723394 6.418211
v 16.866005 4.194609 6.894058
v 21.454302 4.194609 6.894058
v 16.866005 4.604774 6.894058
v 21.454302 4.604774 6.894058
v 17.718178 3.836515 6.830013
v 19.723591 1.580530 6.830013
v 19.563503 1.580530 6.338471
v 17.582592 3.836515 6.338471
v 17.582594 3.836515 6.830013
v 19.563503 1.580530 6.830013
v 19.915285 1.580530 6.830013
v 19.915285 1.580530 6.338471
v 19.723591 1.580530 6.830013
v 19.723591 1.580530 6.338471
v 19.723591 1.580530 6.338471
v 17.718178 3.836515 6.830013
v 19.723591 1.580530 6.830013
v 17.718176 3.836515 6.338471
v 17.718176 3.836515 6.338471
v 21.454304 3.836515 6.338471
v 17.718178 3.836515 6.830013
v 21.454302 3.836515 6.830013
v 21.454304 3.836515 6.338471
v 19.915285 1.580530 6.338471
v 21.454302 3.836515 6.830013
v 19.915285 1.580530 6.830013
v 20.071749 1.580530 6.830013
v 23.557896 1.580530 6.830013
v 23.557896 1.580530 6.338471
v 20.071749 1.580530 6.338471
v 20.071749 1.580530 6.338471
v 21.590269 3.836515 6.338471
v 20.071749 1.580530 6.830013
v 21.590269 3.836515 6.830013
v 22.039375 3.836515 6.830013
v 21.590269 3.836515 6.830013
v 22.039375 3.836515 6.338471
v 21.590269 3.836515 6.338471
v 22.039375 3.836515 6.338471
v 23.557896 1.580530 6.338471
v 22.039375 3.836515 6.830013
v 23.557896 1.580530 6.830013
v 25.688894 1.580530 6.830013
v 25.688894 3.836516 6.830013
v 25.688894 0.613679 6.338471
v 21.590269 1.120126 5.823337
v 23.722832 0.613679 5.823339
v 26.003580 1.008464 5.823337
v 26.003580 1.008464 5.823337
v 26.003580 1.120126 5.823337
v 16.936394 0.977106 -1.219576
v 26.003580 1.120126 -1.003082
v 26.003580 0.977106 -1.219575
v 25.688894 1.580530 6.830013
v 25.688894 3.836516 6.830013
v 25.688894 3.836515 6.338471
v 25.688894 1.580530 6.338471
v 24.047964 1.580530 6.830013
v 25.583336 3.836515 6.338471
v 25.583338 3.836516 6.830013
v 24.047964 1.580530 6.338471
v 25.583338 3.836516 6.830013
v 25.688894 3.836515 6.338471
v 25.688894 3.836516 6.830013
v 25.583336 3.836515 6.338471
v 24.047964 1.580530 6.830013
v 25.688894 1.580530 6.830013
v 25.688894 1.580530 6.338471
v 24.047964 1.580530 6.338471
v 17.026600 1.120126 -1.003082
v 26.003580 1.120126 -1.003082
v 16.936394 0.977106 -1.219576
v 17.026600 1.120126 -1.003082
v 21.590269 1.120126 5.823337
v 26.003580 1.120126 -1.003082
v 19.563503 1.580530 6.338471
v 16.866005 1.580530 6.830013
v 19.563503 1.580530 6.830013
v 16.866005 1.580530 6.338471
v 17.582594 3.836515 6.830013
v 19.563503 1.580530 6.338471
v 19.563503 1.580530 6.830013
v 17.582592 3.836515 6.338471
v 16.866005 3.836515 6.830013
v 17.582592 3.836515 6.338471
v 17.582594 3.836515 6.830013
v 16.866005 3.836515 6.338471
v 16.866005 1.580530 6.338471
v 16.866005 3.836515 6.830013
v 16.866005 1.580530 6.830013
v 16.866005 3.836515 6.338471
v 35.452122 0.613679 6.338471
v 35.452122 -0.613679 6.830013
v 35.452122 -0.613679 -9.394360
v 35.186024 0.977106 5.823337
v 35.063286 1.120126 -1.003082
v 35.063286 1.120126 5.823337
v 35.186024 0.977106 -1.219575
v 35.452122 1.580530 6.830013
v 35.452122 -0.613679 6.830013
v 35.452122 -0.613679 -9.394360
v 35.333305 0.613679 5.823337
v 35.452122 0.613679 6.338471
v 35.333305 0.613679 -1.285374
v 35.452122 -0.613679 6.830013
v 35.452122 1.580530 6.830013
v 35.296486 1.580530 6.830013
v 35.452122 4.525257 6.830013
v 35.296486 4.525257 6.830013
v 35.296486 4.194609 6.830013
v 35.452122 4.525257 6.338471
v 35.296486 4.525257 6.830013
v 35.452122 4.525257 6.830013
v 35.296486 4.525257 6.338471
v 35.296486 4.525257 6.338471
v 35.452122 4.525257 6.338471
v 35.296486 4.194609 6.338471
v 35.186024 0.977106 -1.219575
v 35.333305 0.613679 -1.285374
v 35.186024 0.977106 -1.344772
v 35.333305 0.613679 5.823337
v 35.186024 0.977106 -1.219575
v 35.186024 0.977106 5.823337
v 35.333305 0.613679 -1.285374
v 26.473597 0.613679 5.823337
v 28.209742 0.613679 6.338471
v 32.092846 0.613679 6.338471
v 35.186024 0.977106 -1.219575
v 26.158911 0.977106 -1.219575
v 35.063286 1.120126 -1.003082
v 35.063286 1.120126 -1.003082
v 26.158911 1.120126 5.823337
v 35.063286 1.120126 5.823337
v 35.063286 1.120126 5.823337
v 26.158911 1.120126 5.823337
v 35.186024 0.977106 5.823337
v 35.186024 0.977106 5.823337
v 26.158911 1.120126 5.823337
v 26.473597 0.613679 5.823337
v 35.333305 0.613679 5.823337
v 30.572222 4.194609 6.338471
v 30.572222 4.525257 6.338471
v 30.708187 4.194609 6.338471
v 30.708189 4.525257 6.338471
v 30.708189 4.525257 6.830013
v 30.708189 4.525257 6.338471
v 30.572222 4.525257 6.830013
v 30.572222 4.525257 6.338471
v 30.572222 4.194609 6.830013
v 30.708189 4.525257 6.830013
v 30.572222 4.525257 6.830013
v 30.708189 4.194609 6.830013
v 30.005543 4.525257 6.830013
v 30.005543 4.194609 6.830013
v 30.123116 4.525257 6.830013
v 30.123116 4.194609 6.830013
v 30.123116 4.525257 6.830013
v 30.123116 4.525257 6.338471
v 30.005543 4.525257 6.830013
v 30.005543 4.525257 6.338471
v 30.005543 4.194609 6.338471
v 30.123116 4.525257 6.338471
v 30.123116 4.194609 6.338471
v 30.005543 4.525257 6.338471
v 30.572222 3.836515 6.830013
v 30.708189 3.836515 6.830013
v 30.123116 3.836515 6.830013
v 30.123116 4.194609 6.830013
v 30.005545 3.836516 6.830013
v 30.123116 3.836515 6.830013
v 30.005543 4.194609 6.830013
v 30.005545 3.836515 6.338471
v 30.123116 3.836515 6.338471
v 30.572222 3.836515 6.338471
v 30.708187 3.836515 6.338471
v 35.452122 4.525257 6.338471
v 35.296486 3.836515 6.338471
v 35.296486 4.194609 6.338471
v 35.296486 3.836515 6.830013
v 30.123116 4.194609 6.830013
v 30.123116 4.194609 6.338471
v 30.123116 4.525257 6.830013
v 30.123116 4.525257 6.338471
v 30.572222 4.194609 6.830013
v 30.572222 4.525257 6.830013
v 30.572222 4.525257 6.338471
v 30.572222 4.194609 6.338471
v 30.572222 4.194609 6.830013
v 30.572222 4.194609 6.338471
v 30.123116 4.194609 6.830013
v 30.123116 4.194609 6.338471
v 26.643858 3.836516 6.830013
v 26.478867 4.194609 6.830013
v 26.579151 3.836516 6.830013
v 26.643860 3.836515 6.338471
v 26.579155 3.836515 6.338471
v 30.005543 4.615359 6.873113
v 30.005543 4.194609 6.873113
v 30.005543 4.525257 6.830013
v 30.005543 4.194609 6.830013
v 30.005543 4.525257 6.338471
v 30.005543 4.615359 6.295371
v 30.005543 4.194609 6.295371
v 30.005543 4.194609 6.338471
v 26.473597 4.194609 6.873113
v 26.473597 4.194278 6.969349
v 26.473597 3.836516 6.830013
v 26.473600 4.193535 8.156989
v 26.473597 3.836516 6.830013
v 26.473597 4.194278 6.969349
v 26.473600 3.080155 7.879813
v 26.473597 -0.613679 6.830013
v 26.473598 0.914812 7.557660
v 26.473597 -0.613679 7.468235
v 26.473597 1.580530 6.830013
v 26.583895 4.976611 8.375902
v 26.583891 5.344776 7.288066
v 26.583895 5.344776 8.375902
v 26.583891 4.976612 7.159143
v 26.473600 4.193535 8.156989
v 26.473597 4.976611 7.268692
v 26.473600 4.976611 8.292842
v 26.473597 4.194278 6.969349
v 26.473600 5.344776 8.293242
v 26.473597 5.942604 7.646005
v 26.473600 5.941206 8.293610
v 26.473597 5.344776 7.373068
v 26.473600 4.976611 8.292842
v 26.473597 4.976611 7.268692
v 26.583895 4.976611 8.375902
v 26.583891 4.976612 7.159143
v 26.583895 5.344776 8.375902
v 26.473597 5.344776 7.373068
v 26.473600 5.344776 8.293242
v 26.583891 5.344776 7.288066
v 26.473600 5.941206 8.293610
v 26.473597 6.547716 7.816009
v 26.473600 6.546319 8.298310
v 26.473597 5.942604 7.646005
v 26.473600 6.546319 8.298310
v 26.473597 7.177475 7.862489
v 26.473600 7.176078 8.290074
v 26.473597 6.547716 7.816009
v 30.005543 4.615359 6.873113
v 30.005754 4.719309 6.418042
v 30.005754 4.719309 6.750444
v 30.005543 4.615359 6.295371
v 26.093922 4.194609 6.338471
v 30.005543 4.194609 6.295371
v 30.005543 4.194609 6.338471
v 26.081648 4.194609 6.295371
v 30.005543 4.194609 6.295371
v 26.081648 4.194609 6.295371
v 26.473597 4.626070 6.295371
v 30.005543 4.615359 6.295371
v 26.473701 4.719309 6.418042
v 30.005754 4.719309 6.418042
v 30.005543 4.615359 6.295371
v 26.473597 4.626070 6.295371
v 26.473701 4.719309 6.750444
v 30.005754 4.719309 6.750444
v 30.005754 4.719309 6.418042
v 26.473701 4.719309 6.418042
v 30.005754 4.719309 6.750444
v 26.473701 4.719309 6.750444
v 30.005543 4.615359 6.873113
v 26.473597 4.626070 6.873113
v 30.005543 4.615359 6.873113
v 26.473597 4.626070 6.873113
v 26.473597 4.194609 6.873113
v 30.005543 4.194609 6.873113
v 30.005543 4.194609 6.873113
v 26.478867 4.194609 6.830013
v 30.005543 4.194609 6.830013
v 26.473597 4.194609 6.873113
v 30.005545 3.836516 6.830013
v 32.247204 1.580530 6.830013
v 32.090744 1.580530 6.830013
v 30.005545 3.836516 6.830013
v 28.439659 1.580530 6.830013
v 28.604595 1.580530 6.830013
v 30.123116 3.836515 6.830013
v 28.114525 1.580530 6.830013
v 28.209742 1.580530 6.830013
v 26.473597 1.580530 6.830013
v 26.473600 3.080155 7.879813
v 26.473598 1.800067 7.688671
v 26.473597 3.836516 6.830013
v 28.114525 1.580530 6.338471
v 28.209742 1.580530 6.338471
v 28.604595 1.580530 6.338471
v 28.439659 1.580530 6.338471
v 32.090744 1.580530 6.338471
v 32.247204 1.580530 6.338471
v 35.452122 4.525257 6.338471
v 35.296486 1.580530 6.338471
v 35.296486 3.836515 6.338471
v 35.452122 4.525257 6.338471
v 35.452122 4.525257 6.830013
v 26.473597 -0.613679 6.830013
v 28.604595 1.580530 6.830013
v 28.439659 1.580530 6.830013
v 26.473598 1.800067 7.688671
v 26.473598 0.914812 7.557660
v 26.473597 1.580530 6.830013
v 28.209742 0.613679 6.338471
v 32.092846 0.613679 6.338471
v 35.452122 0.613679 6.338471
v 35.296486 1.580530 6.338471
v 26.643860 3.836515 6.338471
v 30.005545 3.836516 6.830013
v 26.643858 3.836516 6.830013
v 30.005545 3.836515 6.338471
v 28.209742 1.580530 6.830013
v 26.643860 3.836515 6.338471
v 26.643858 3.836516 6.830013
v 28.209742 1.580530 6.338471
v 28.209742 1.580530 6.338471
v 28.209742 1.580530 6.830013
v 28.439659 1.580530 6.830013
v 28.439659 1.580530 6.338471
v 30.005545 3.836515 6.338471
v 28.439659 1.580530 6.830013
v 30.005545 3.836516 6.830013
v 28.439659 1.580530 6.338471
v 32.438900 1.580530 6.338471
v 34.444317 3.836515 6.338471
v 35.296486 4.194609 6.283197
v 30.708187 4.194609 6.283197
v 30.708189 4.598927 6.283197
v 35.296486 4.598927 6.283197
v 30.707674 4.719309 6.750444
v 35.299183 4.719309 6.750444
v 35.299183 4.719309 6.418042
v 30.707674 4.719309 6.418042
v 35.296486 4.598927 6.885288
v 30.708189 4.598927 6.885288
v 30.708189 4.194609 6.885288
v 35.296486 4.194609 6.885288
v 34.444309 3.836515 6.830013
v 32.438900 1.580530 6.830013
v 32.598988 1.580530 6.338471
v 34.579899 3.836515 6.338471
v 34.579895 3.836515 6.830013
v 32.598988 1.580530 6.830013
v 32.438900 1.580530 6.830013
v 32.247204 1.580530 6.338471
v 32.247204 1.580530 6.830013
v 32.438900 1.580530 6.338471
v 34.444309 3.836515 6.830013
v 32.438900 1.580530 6.338471
v 32.438900 1.580530 6.830013
v 34.444317 3.836515 6.338471
v 34.444309 3.836515 6.830013
v 30.708189 3.836515 6.830013
v 30.708187 3.836515 6.338471
v 34.444317 3.836515 6.338471
v 32.247204 1.580530 6.338471
v 30.708189 3.836515 6.830013
v 32.247204 1.580530 6.830013
v 30.708187 3.836515 6.338471
v 32.090744 1.580530 6.830013
v 28.604595 1.580530 6.338471
v 28.604595 1.580530 6.830013
v 32.090744 1.580530 6.338471
v 32.090744 1.580530 6.830013
v 30.572222 3.836515 6.830013
v 30.572222 3.836515 6.338471
v 32.090744 1.580530 6.338471
v 30.123116 3.836515 6.830013
v 30.123116 3.836515 6.338471
v 30.572222 3.836515 6.830013
v 30.572222 3.836515 6.338471
v 28.604595 1.580530 6.338471
v 30.123116 3.836515 6.830013
v 28.604595 1.580530 6.830013
v 30.123116 3.836515 6.338471
v 26.473597 1.580530 6.830013
v 26.158911 1.008464 5.823337
v 26.473597 0.613679 5.823337
v 26.158911 1.120126 -1.003082
v 26.158911 0.977106 -1.219575
v 26.158911 1.120126 -1.003082
v 35.063286 1.120126 -1.003082
v 26.473597 1.580530 6.830013
v 26.473597 3.836515 6.338471
v 26.473597 3.836516 6.830013
v 26.473597 1.580530 6.338471
v 28.114525 1.580530 6.830013
v 26.579155 3.836515 6.338471
v 28.114525 1.580530 6.338471
v 26.579151 3.836516 6.830013
v 26.579151 3.836516 6.830013
v 26.473597 3.836515 6.338471
v 26.579155 3.836515 6.338471
v 26.473597 3.836516 6.830013
v 28.114525 1.580530 6.830013
v 26.473597 1.580530 6.338471
v 26.473597 1.580530 6.830013
v 28.114525 1.580530 6.338471
v 35.296486 3.836515 6.338471
v 35.296486 3.836515 6.830013
v 35.296486 4.194609 6.830013
v 34.579895 3.836515 6.830013
v 35.296486 1.580530 6.338471
v 32.598988 1.580530 6.338471
v 35.296486 1.580530 6.830013
v 32.598988 1.580530 6.830013
v 34.579895 3.836515 6.830013
v 32.598988 1.580530 6.338471
v 34.579899 3.836515 6.338471
v 32.598988 1.580530 6.830013
v 35.296486 3.836515 6.830013
v 34.579899 3.836515 6.338471
v 35.296486 3.836515 6.338471
v 34.579895 3.836515 6.830013
v 35.296486 3.836515 6.338471
v 35.296486 1.580530 6.338471
v 35.296486 3.836515 6.830013
v 35.296486 1.580530 6.830013
v 26.003580 1.008464 5.823337
v 26.158911 0.977106 -1.219575
v 26.003580 0.977106 -1.219575
v 26.473597 0.613679 5.823337
v 26.003580 1.008464 5.823337
v 23.722832 0.613679 5.823339
v 26.158911 1.008464 5.823337
v 25.688894 4.194609 6.873113
v 25.688892 0.914812 7.557660
v 25.688894 -0.613679 7.468235
v 26.473598 0.914812 7.557660
v 26.473597 -0.613679 7.468235
v 25.688894 4.194278 6.969349
v 26.473597 4.194278 6.969349
v 26.473597 4.194609 6.873113
v 25.688894 4.194609 6.873113
v 26.473597 7.651507 7.915608
v 25.688894 7.651507 7.915608
v 26.473600 7.650110 8.288426
v 25.688889 7.650110 8.288426
v 26.583891 4.976612 7.159143
v 25.578600 4.976612 7.159143
v 25.578600 5.344776 7.288066
v 26.583891 5.344776 7.288066
v 26.473597 4.194278 6.969349
v 25.688894 4.194278 6.969349
v 25.688894 4.976611 7.268692
v 26.473597 4.976611 7.268692
v 26.473597 5.344776 7.373068
v 25.688894 5.344776 7.373068
v 25.688894 5.942604 7.646005
v 26.473597 5.942604 7.646005
v 25.578600 4.976612 7.159143
v 26.583891 4.976612 7.159143
v 26.473597 4.976611 7.268692
v 25.688894 4.976611 7.268692
v 25.578596 5.344776 8.375902
v 26.583895 5.344776 8.375902
v 26.473600 5.344776 8.293242
v 25.688889 5.344776 8.293242
v 26.473597 5.942604 7.646005
v 25.688894 5.942604 7.646005
v 25.688894 6.547716 7.816009
v 26.473597 6.547716 7.816009
v 25.688894 6.547716 7.816009
v 26.473597 7.177475 7.862489
v 26.473597 6.547716 7.816009
v 25.688894 7.177475 7.862489
v 26.473598 1.800067 7.688671
v 25.688892 1.800067 7.688671
v 25.688892 0.914812 7.557660
v 26.473598 0.914812 7.557660
v 16.710369 -0.613679 -9.394360
v 16.936394 0.977106 -1.219576
v 26.003580 0.977106 -1.219575
v 26.003580 0.977106 -1.344772
v 16.936394 0.977106 -1.344771
v 26.158911 0.977106 -1.219575
v 35.186024 0.977106 -1.219575
v 35.186024 0.977106 -1.344772
v 26.158911 0.977106 -1.344772
v 25.650490 7.539522 8.375900
v 25.650496 7.177600 7.805486
v 25.650490 7.175952 8.375900
v 25.650496 7.541171 7.805483
v 25.650490 7.175952 8.375900
v 26.512001 7.175952 8.375900
v 25.650490 7.539522 8.375900
v 26.512001 7.539522 8.375900
v 26.512001 7.539522 8.375900
v 26.511995 7.177600 7.805486
v 26.511995 7.541171 7.805483
v 26.512001 7.175952 8.375900
v 26.511995 7.177600 7.805486
v 25.650496 7.177600 7.805486
v 25.650496 7.541171 7.805483
v 26.511995 7.541171 7.805483
v 25.688894 7.651507 7.915608
v 26.473597 7.651507 7.915608
v 25.650496 7.541171 7.805483
v 26.511995 7.541171 7.805483
v 25.688889 7.176078 8.290074
v 25.650496 7.177600 7.805486
v 25.688894 7.177475 7.862489
v 25.650490 7.175952 8.375900
v 25.650490 7.539522 8.375900
v 25.688894 7.651507 7.915608
v 25.650496 7.541171 7.805483
v 25.688889 7.650110 8.288426
v 26.473600 7.176078 8.290074
v 25.650490 7.175952 8.375900
v 25.688889 7.176078 8.290074
v 26.512001 7.175952 8.375900
v 25.650490 7.539522 8.375900
v 26.512001 7.539522 8.375900
v 26.473600 7.650110 8.288426
v 25.688889 7.650110 8.288426
v 26.511995 7.177600 7.805486
v 26.512001 7.175952 8.375900
v 26.473600 7.176078 8.290074
v 26.473597 7.177475 7.862489
v 26.512001 7.539522 8.375900
v 26.473597 7.651507 7.915608
v 26.473600 7.650110 8.288426
v 26.511995 7.541171 7.805483
v 25.650496 7.177600 7.805486
v 26.511995 7.177600 7.805486
v 26.473597 7.177475 7.862489
v 25.688894 7.177475 7.862489
v 25.688894 4.194609 6.873113
v 25.683460 4.194609 6.830013
v 25.688894 3.836516 6.830013
v 26.473597 3.836516 6.830013
v 26.478867 4.194609 6.830013
v 26.473597 4.194609 6.873113
v 26.473597 3.836516 6.830013
v 16.710369 0.613679 -7.022399
v 16.710369 0.613679 -8.387684
v 16.710369 0.613679 -8.902818
v 16.710369 -0.613679 -9.394360
v 16.936394 0.977106 -8.387684
v 17.026600 1.120126 -1.561265
v 17.026600 1.120126 -8.387684
v 16.936394 0.977106 -1.344771
v 16.710369 0.613679 -8.902818
v 16.710369 0.613679 -9.394360
v 16.710369 4.525257 -8.902818
v 16.710369 4.525257 -9.394360
v 16.710369 4.194609 -8.902818
v 16.710369 4.194609 -9.394360
v 16.710369 0.613679 -7.022399
v 16.828146 0.613679 -8.387684
v 16.710369 0.613679 -8.902818
v 16.710369 0.613679 -8.387684
v 17.099203 0.613679 -8.902818
v 16.866005 4.525257 -9.394360
v 16.866005 4.194609 -9.394360
v 16.710369 4.194609 -9.394360
v 16.710369 4.525257 -9.394360
v 16.866005 4.525257 -8.902818
v 16.866005 4.525257 -9.394360
v 16.710369 4.525257 -8.902818
v 16.710369 4.525257 -9.394360
v 16.710369 4.525257 -8.902818
v 16.710369 4.194609 -8.902818
v 16.866005 4.525257 -8.902818
v 16.866005 4.194609 -8.902818
v 16.936394 0.977106 -8.387684
v 16.828146 0.613679 -1.561265
v 16.936394 0.977106 -1.344771
v 25.688894 -0.613679 -9.394360
v 22.039375 0.613679 -8.387684
v 23.560001 0.613679 -8.902818
v 20.069643 0.613679 -8.902818
v 16.936394 0.977106 -1.344771
v 26.003580 1.120126 -1.561265
v 17.026600 1.120126 -1.561265
v 26.003580 1.120126 -8.387684
v 17.026600 1.120126 -1.561265
v 26.003580 1.120126 -1.561265
v 17.026600 1.120126 -8.387684
v 17.026600 1.120126 -8.387684
v 26.003580 1.120126 -8.387684
v 16.936394 0.977106 -8.387684
v 16.936394 0.977106 -8.387684
v 26.003580 1.120126 -8.387684
v 22.039375 0.613679 -8.387684
v 16.828146 0.613679 -8.387684
v 19.448889 0.613679 -8.902818
v 21.454304 4.194609 -8.902818
v 21.590269 4.525257 -8.902818
v 21.454302 4.525257 -8.902818
v 21.590269 4.194609 -8.902818
v 21.590269 4.525257 -8.902818
v 21.590269 4.525257 -9.394360
v 21.454302 4.525257 -8.902818
v 21.454302 4.525257 -9.394360
v 21.454302 4.194609 -9.394360
v 21.454302 4.525257 -9.394360
v 21.590269 4.194609 -9.394360
v 21.590269 4.525257 -9.394360
v 22.039375 4.194609 -9.394360
v 22.039375 4.525257 -9.394360
v 22.156948 4.194609 -9.394360
v 22.156948 4.525257 -9.394360
v 22.156948 4.525257 -8.902818
v 22.156948 4.525257 -9.394360
v 22.039375 4.525257 -8.902818
v 22.039375 4.525257 -9.394360
v 22.039375 4.525257 -8.902818
v 22.156948 4.194609 -8.902818
v 22.156948 4.525257 -8.902818
v 22.039375 4.194609 -8.902818
v 26.473597 0.613679 -8.387684
v 23.722832 0.613679 -8.902818
v 22.039375 0.613679 -8.387684
v 26.003580 1.120126 -8.387684
v 26.473597 0.613679 -8.387684
v 21.454302 3.836515 -9.394360
v 21.590269 3.836515 -9.394360
v 22.039375 3.836515 -9.394360
v 22.156944 3.836516 -9.394360
v 22.039375 4.194609 -9.394360
v 22.156948 4.194609 -9.394360
v 22.039375 3.836515 -9.394360
v 22.156944 3.836515 -8.902818
v 22.039375 3.836515 -8.902818
v 21.590269 3.836515 -8.902818
v 21.454304 3.836515 -8.902818
v 16.866005 3.836515 -8.902818
v 16.710369 3.836515 -8.902818
v 16.710369 3.836515 -8.902818
v 16.710369 3.836515 -9.394360
v 16.866005 3.836515 -9.394360
v 16.710369 3.836515 -9.394360
v 22.039375 4.194609 -8.902818
v 22.039375 4.525257 -8.902818
v 22.039375 4.525257 -9.394360
v 22.039375 4.194609 -9.394360
v 21.590269 4.194609 -8.902818
v 21.590269 4.194609 -9.394360
v 21.590269 4.525257 -8.902818
v 21.590269 4.525257 -9.394360
v 21.590269 4.194609 -8.902818
v 22.039375 4.194609 -8.902818
v 22.039375 4.194609 -9.394360
v 21.590269 4.194609 -9.394360
v 25.583338 4.194609 -9.394360
v 25.583338 3.836516 -9.394360
v 25.518633 3.836516 -9.394360
v 25.518633 4.194609 -9.394360
v 25.695456 4.625751 -9.437460
v 25.583338 4.194609 -9.437460
v 25.518633 4.194609 -9.437460
v 25.688894 4.194609 -8.902818
v 25.518631 3.836515 -8.902818
v 25.583336 3.836515 -8.902818
v 24.612549 0.613679 -8.902818
v 23.952749 0.613679 -8.902818
v 22.156948 4.615359 -9.437460
v 22.156948 4.194609 -9.437460
v 22.156948 4.525257 -9.394360
v 22.156948 4.194609 -9.394360
v 25.583338 4.194609 -9.394360
v 25.518633 4.194609 -9.394360
v 25.518633 4.194609 -9.437460
v 25.583338 4.194609 -9.437460
v 22.156948 4.615359 -8.859717
v 22.156948 4.615359 -9.437460
v 22.156948 4.525257 -8.902818
v 22.156948 4.525257 -9.394360
v 22.156948 4.194609 -8.859717
v 22.156948 4.525257 -8.902818
v 22.156948 4.194609 -8.902818
v 22.156948 4.615359 -8.859717
v 25.688894 4.194278 -9.533696
v 25.688894 3.836516 -9.437317
v 25.688894 4.194609 -9.437460
v 25.688894 3.836202 -9.554419
v 25.688889 4.193535 -10.721335
v 25.688894 3.836202 -9.554419
v 25.688894 4.194278 -9.533696
v 25.688889 2.843028 -10.409311
v 25.688894 -0.613679 -9.394360
v 25.688892 0.914812 -10.122005
v 25.688894 -0.613679 -10.032580
v 25.578600 5.344776 -9.852413
v 25.578596 4.976611 -10.940248
v 25.578600 4.976612 -9.723490
v 25.578596 5.344776 -10.940248
v 25.688894 4.976611 -9.833038
v 25.688889 4.193535 -10.721335
v 25.688894 4.194278 -9.533696
v 25.688889 4.976611 -10.857188
v 25.688894 5.942604 -10.210352
v 25.688889 5.344776 -10.857589
v 25.688894 5.344776 -9.937414
v 25.688889 5.941206 -10.857956
v 25.578600 4.976612 -9.723490
v 25.578596 4.976611 -10.940248
v 25.688894 4.976611 -9.833038
v 25.688889 4.976611 -10.857188
v 25.688894 5.344776 -9.937414
v 25.578596 5.344776 -10.940248
v 25.578600 5.344776 -9.852413
v 25.688889 5.344776 -10.857589
v 25.688894 6.547716 -10.380355
v 25.688889 5.941206 -10.857956
v 25.688894 5.942604 -10.210352
v 25.688889 6.546319 -10.862657
v 25.688894 7.177475 -10.426835
v 25.688889 6.546319 -10.862657
v 25.688894 6.547716 -10.380355
v 25.688889 7.176078 -10.854421
v 22.156736 4.697825 -9.318305
v 22.156948 4.615359 -8.859717
v 22.156736 4.697825 -8.978872
v 22.156948 4.615359 -9.437460
v 25.688894 4.194609 -8.859717
v 22.156948 4.194609 -8.859717
v 22.156948 4.194609 -8.902818
v 25.688894 4.194609 -8.902818
v 22.156948 4.615359 -8.859717
v 25.688894 4.194609 -8.859717
v 25.688894 4.626070 -8.859717
v 22.156948 4.194609 -8.859717
v 22.156948 4.615359 -8.859717
v 25.688894 4.626070 -8.859717
v 25.688789 4.708537 -8.978872
v 22.156736 4.697825 -8.978872
v 25.688789 4.708537 -8.978872
v 22.156736 4.697825 -9.318305
v 22.156736 4.697825 -8.978872
v 25.695564 4.708217 -9.318305
v 25.695564 4.708217 -9.318305
v 22.156948 4.615359 -9.437460
v 22.156736 4.697825 -9.318305
v 25.695456 4.625751 -9.437460
v 22.156948 4.194609 -9.437460
v 22.156948 4.615359 -9.437460
v 22.156948 4.194609 -9.437460
v 22.156948 4.194609 -9.394360
v 22.156944 3.836516 -9.394360
v 20.071749 1.580530 -9.394360
v 19.915285 1.580530 -9.394360
v 22.156944 3.836516 -9.394360
v 23.722832 1.580530 -9.394360
v 23.557896 1.580530 -9.394360
v 22.039375 3.836515 -9.394360
v 24.047964 1.580530 -9.394360
v 23.952749 1.580530 -9.394360
v 25.688894 3.836516 -9.437317
v 25.688894 1.580530 -9.394360
v 25.688894 3.836516 -9.394360
v 25.688894 3.836202 -9.554419
v 25.688894 1.580530 -9.394360
v 25.688894 3.836202 -9.554419
v 25.688889 2.843028 -10.409311
v 25.688892 1.951492 -10.256741
v 24.047964 1.580530 -8.902818
v 23.952749 1.580530 -8.902818
v 23.557896 1.580530 -8.902818
v 23.722832 1.580530 -8.902818
v 20.071749 1.580530 -8.902818
v 19.915285 1.580530 -8.902818
v 16.866005 1.580530 -8.902818
v 16.710369 1.580530 -8.902818
v 16.710369 1.580530 -8.902818
v 16.710369 1.580530 -9.394360
v 16.866005 1.580530 -9.394360
v 16.710369 1.580530 -9.394360
v 16.710369 -0.613679 -9.394360
v 25.688894 -0.613679 -9.394360
v 23.557896 1.580530 -9.394360
v 23.722832 1.580530 -9.394360
v 25.688894 -0.613679 -9.394360
v 25.688894 1.580530 -9.394360
v 25.688892 0.914812 -10.122005
v 25.688892 1.951492 -10.256741
v 24.612549 0.613679 -8.902818
v 23.952749 0.613679 -8.902818
v 23.722832 0.613679 -8.902818
v 23.560001 0.613679 -8.902818
v 20.069643 0.613679 -8.902818
v 19.448889 0.613679 -8.902818
v 16.710369 0.613679 -8.902818
v 17.099203 0.613679 -8.902818
v 16.710369 0.613679 -9.394360
v 25.518631 3.836515 -8.902818
v 22.156944 3.836516 -9.394360
v 25.518633 3.836516 -9.394360
v 22.156944 3.836515 -8.902818
v 25.518633 3.836516 -9.394360
v 23.952749 1.580530 -9.394360
v 25.518631 3.836515 -8.902818
v 23.952749 1.580530 -8.902818
v 23.952749 1.580530 -8.902818
v 23.722832 1.580530 -9.394360
v 23.722832 1.580530 -8.902818
v 23.952749 1.580530 -9.394360
v 22.156944 3.836515 -8.902818
v 23.722832 1.580530 -9.394360
v 22.156944 3.836516 -9.394360
v 23.722832 1.580530 -8.902818
v 19.257196 0.613679 -8.902818
v 19.723591 1.580530 -8.902818
v 19.257196 0.613679 -8.902818
v 17.718176 4.194609 -8.902818
v 17.718176 3.836515 -8.902818
v 17.718176 4.194609 -8.817952
v 21.454302 4.618098 -8.817952
v 17.718178 4.618098 -8.817952
v 21.454304 4.194609 -8.817952
v 21.454302 4.696798 -9.333472
v 17.718178 4.696798 -8.963705
v 21.454302 4.696798 -8.963705
v 17.718178 4.696798 -9.333472
v 21.454302 4.194609 -9.479225
v 17.718178 4.194609 -9.479225
v 17.718178 4.618098 -9.479225
v 21.454302 4.618098 -9.479225
v 21.454302 3.836515 -9.394360
v 17.718178 3.836515 -9.394360
v 17.718178 4.194609 -9.394360
v 21.454302 4.194609 -9.394360
v 19.723591 1.580530 -9.394360
v 18.913851 0.613679 -8.902818
v 19.563503 1.580530 -8.902818
v 18.913851 0.613679 -8.902818
v 17.582592 3.836515 -8.902818
v 17.582592 4.194609 -8.902818
v 17.582594 4.618098 -8.817952
v 17.582592 4.194609 -8.817952
v 17.582594 4.696798 -8.963705
v 17.582594 4.696798 -9.333472
v 17.582594 4.194608 -9.479225
v 17.582594 4.618098 -9.479225
v 17.718178 4.194609 -9.479225
v 17.582594 3.836515 -9.394360
v 17.582594 4.194608 -9.394360
v 17.718178 3.836515 -9.394360
v 17.718178 4.194609 -9.394360
v 19.563503 1.580530 -9.394360
v 17.718178 3.836515 -9.394360
v 17.582594 3.836515 -9.394360
v 19.723591 1.580530 -9.394360
v 19.723591 1.580530 -8.902818
v 19.915285 1.580530 -8.902818
v 19.915285 1.580530 -9.394360
v 19.723591 1.580530 -8.902818
v 17.718178 3.836515 -9.394360
v 17.718176 3.836515 -8.902818
v 19.723591 1.580530 -9.394360
v 21.454304 3.836515 -8.902818
v 17.718176 3.836515 -8.902818
v 17.718178 3.836515 -9.394360
v 21.454302 3.836515 -9.394360
v 19.915285 1.580530 -8.902818
v 21.454304 3.836515 -8.902818
v 21.454302 3.836515 -9.394360
v 19.915285 1.580530 -9.394360
v 23.557896 1.580530 -9.394360
v 20.071749 1.580530 -9.394360
v 23.557896 1.580530 -8.902818
v 20.071749 1.580530 -8.902818
v 21.590269 3.836515 -8.902818
v 20.071749 1.580530 -8.902818
v 20.071749 1.580530 -9.394360
v 21.590269 3.836515 -9.394360
v 22.039375 3.836515 -8.902818
v 21.590269 3.836515 -8.902818
v 21.590269 3.836515 -9.394360
v 22.039375 3.836515 -9.394360
v 23.557896 1.580530 -8.902818
v 22.039375 3.836515 -8.902818
v 22.039375 3.836515 -9.394360
v 23.557896 1.580530 -9.394360
v 25.688894 1.580530 -9.394360
v 25.683460 4.194609 -9.394360
v 25.688894 3.836516 -9.394360
v 25.688894 4.194609 -9.437460
v 25.688894 3.836515 -8.902818
v 25.688894 1.580530 -8.902818
v 26.473597 0.613679 -8.902818
v 26.473597 0.613679 -8.902818
v 24.612549 0.977106 -8.387684
v 26.003580 0.985117 -8.387684
v 26.473597 0.613679 -8.387684
v 26.003580 1.120126 -8.387684
v 16.936394 0.977106 -1.344771
v 26.003580 0.977106 -1.344772
v 26.003580 1.120126 -1.561265
v 25.688894 3.836515 -8.902818
v 25.688894 1.580530 -8.902818
v 24.047964 1.580530 -9.394360
v 25.583336 3.836515 -8.902818
v 24.047964 1.580530 -8.902818
v 25.583338 3.836516 -9.394360
v 25.688894 3.836515 -8.902818
v 25.583338 3.836516 -9.394360
v 25.688894 3.836516 -9.394360
v 25.583336 3.836515 -8.902818
v 25.688894 1.580530 -9.394360
v 24.047964 1.580530 -9.394360
v 25.688894 1.580530 -8.902818
v 24.047964 1.580530 -8.902818
v 16.866005 4.618098 -8.817952
v 16.866005 4.194609 -8.817952
v 16.866005 4.696798 -9.333472
v 16.866005 4.696798 -8.963705
v 17.582594 4.194608 -9.479225
v 16.866005 4.194609 -9.479225
v 16.866005 4.618098 -9.479225
v 16.866005 4.194609 -9.394360
v 17.582594 4.194608 -9.394360
v 16.866005 3.836515 -9.394360
v 17.582594 3.836515 -9.394360
v 16.866005 1.580530 -9.394360
v 19.563503 1.580530 -9.394360
v 16.710369 0.613679 -9.394360
v 16.710369 -0.613679 -9.394360
v 19.563503 1.580530 -8.902818
v 16.866005 1.580530 -9.394360
v 16.866005 1.580530 -8.902818
v 19.563503 1.580530 -9.394360
v 17.582594 3.836515 -9.394360
v 19.563503 1.580530 -8.902818
v 17.582592 3.836515 -8.902818
v 19.563503 1.580530 -9.394360
v 17.582592 3.836515 -8.902818
v 16.866005 3.836515 -9.394360
v 17.582594 3.836515 -9.394360
v 16.866005 3.836515 -8.902818
v 16.866005 1.580530 -8.902818
v 16.866005 3.836515 -9.394360
v 16.866005 3.836515 -8.902818
v 16.866005 1.580530 -9.394360
v 26.158911 0.985117 -8.387684
v 26.473597 4.194609 -9.437460
v 26.473598 0.914812 -10.122005
v 26.473597 -0.613679 -10.032580
v 25.688894 -0.613679 -10.032580
v 25.688892 0.914812 -10.122005
v 26.473597 4.194609 -9.437460
v 25.688894 4.194278 -9.533696
v 25.688894 4.194609 -9.437460
v 26.473597 4.194278 -9.533696
v 26.473597 7.651507 -10.479955
v 25.688889 7.650110 -10.852773
v 25.688894 7.651507 -10.479955
v 26.473600 7.650110 -10.852773
v 25.578600 4.976612 -9.723490
v 26.583891 4.976612 -9.723490
v 25.578600 5.344776 -9.852413
v 26.583891 5.344776 -9.852413
v 26.473597 4.976611 -9.833038
v 25.688894 4.976611 -9.833038
v 26.473597 4.194278 -9.533696
v 25.688894 4.194278 -9.533696
v 26.473597 5.942604 -10.210352
v 25.688894 5.942604 -10.210352
v 26.473597 5.344776 -9.937414
v 25.688894 5.344776 -9.937414
v 26.473597 4.976611 -9.833038
v 25.578600 4.976612 -9.723490
v 25.688894 4.976611 -9.833038
v 26.583891 4.976612 -9.723490
v 26.473600 5.344776 -10.857589
v 25.578596 5.344776 -10.940248
v 25.688889 5.344776 -10.857589
v 26.583895 5.344776 -10.940248
v 26.473597 6.547716 -10.380355
v 25.688894 6.547716 -10.380355
v 26.473597 5.942604 -10.210352
v 25.688894 5.942604 -10.210352
v 26.473597 7.177475 -10.426835
v 25.688894 7.177475 -10.426835
v 26.473597 6.547716 -10.380355
v 25.688894 6.547716 -10.380355
v 26.473598 0.914812 -10.122005
v 25.688892 0.914812 -10.122005
v 26.473598 1.951492 -10.256741
v 25.688892 1.951492 -10.256741
v 35.452122 -0.613679 -9.394360
v 35.452122 0.613679 -8.902818
v 35.452122 0.613679 6.338471
v 35.186024 0.977106 -8.387684
v 35.063286 1.120126 -1.561265
v 35.186024 0.977106 -1.344772
v 35.063286 1.120126 -8.387684
v 35.452122 4.525257 -8.902818
v 35.452122 4.194609 -8.902818
v 35.452122 4.525257 -9.394360
v 35.452122 4.194609 -9.394360
v 35.452122 0.613679 -8.902818
v 35.333305 0.613679 -8.387684
v 35.063286 0.613679 -8.902818
v 35.296486 4.194609 -9.394360
v 35.296486 4.525257 -9.394360
v 35.452122 4.194609 -9.394360
v 35.452122 4.525257 -9.394360
v 35.452122 4.525257 -8.902818
v 35.296486 4.525257 -9.394360
v 35.296486 4.525257 -8.902818
v 35.452122 4.525257 -9.394360
v 35.452122 4.194609 -8.902818
v 35.452122 4.525257 -8.902818
v 35.296486 4.525257 -8.902818
v 35.296486 4.194609 -8.902818
v 35.333305 0.613679 -1.285374
v 35.333305 0.613679 -8.387684
v 35.186024 0.977106 -1.344772
v 35.186024 0.977106 -8.387684
v 26.158911 1.120126 -8.387684
v 30.572222 0.977106 -8.387684
v 30.123116 0.977106 -8.387684
v 30.123116 0.613679 -8.387684
v 30.572222 0.613679 -8.387684
v 32.092846 0.613679 -8.902818
v 30.123116 0.613679 -8.387684
v 30.572222 0.613679 -8.387684
v 28.439659 0.613679 -8.902818
v 35.186024 0.977106 -1.344772
v 35.063286 1.120126 -1.561265
v 26.158911 0.977106 -1.344772
v 35.063286 1.120126 -1.561265
v 35.063286 1.120126 -8.387684
v 26.158911 1.120126 -8.387684
v 35.186024 0.977106 -8.387684
v 35.063286 1.120126 -8.387684
v 35.333305 0.613679 -8.387684
v 30.708187 4.194609 -8.902818
v 30.708189 4.525257 -8.902818
v 30.572222 4.525257 -8.902818
v 30.572222 4.194609 -8.902818
v 30.572222 4.525257 -9.394360
v 30.572222 4.525257 -8.902818
v 30.708189 4.525257 -8.902818
v 30.708189 4.525257 -9.394360
v 30.572222 4.194609 -9.394360
v 30.708189 4.525257 -9.394360
v 30.708189 4.194609 -9.394360
v 30.572222 4.525257 -9.394360
v 32.713600 -0.613679 -9.394360
v 26.473597 -0.613679 -9.394360
v 30.005543 4.194609 -9.394360
v 30.123116 4.525257 -9.394360
v 30.123116 4.194609 -9.394360
v 30.005543 4.525257 -9.394360
v 30.005543 4.525257 -9.394360
v 30.005543 4.525257 -8.902818
v 30.123116 4.525257 -8.902818
v 30.123116 4.525257 -9.394360
v 30.123116 4.525257 -8.902818
v 30.005543 4.194609 -8.902818
v 30.123116 4.194609 -8.902818
v 30.005543 4.525257 -8.902818
v 30.123116 0.613679 -8.387684
v 28.439659 0.977106 -8.387686
v 30.123116 0.977106 -8.387684
v 26.473597 0.613679 -8.387684
v 26.158911 1.120126 -8.387684
v 30.123116 0.977106 -8.387684
v 28.439659 0.977106 -8.387686
v 30.572222 3.836515 -9.394360
v 30.708189 3.836515 -9.394360
v 30.123116 3.836515 -9.394360
v 30.123116 4.194609 -9.394360
v 30.005545 3.836516 -9.394360
v 30.005543 4.194609 -9.394360
v 30.005543 4.194609 -8.902818
v 30.005545 3.836515 -8.902818
v 30.123116 4.194609 -8.902818
v 30.123116 3.836515 -8.902818
v 30.572222 3.836515 -8.902818
v 30.708187 3.836515 -8.902818
v 35.296486 3.836515 -8.902818
v 35.452122 3.836515 -8.902818
v 35.452122 3.836515 -8.902818
v 35.452122 3.836515 -9.394360
v 35.296486 3.836515 -9.394360
v 35.452122 3.836515 -9.394360
v 30.123116 4.194609 -8.902818
v 30.123116 4.525257 -9.394360
v 30.123116 4.525257 -8.902818
v 30.123116 4.194609 -9.394360
v 30.572222 4.194609 -8.902818
v 30.572222 4.525257 -8.902818
v 30.572222 4.194609 -9.394360
v 30.572222 4.525257 -9.394360
v 30.572222 4.194609 -8.902818
v 30.123116 4.194609 -9.394360
v 30.123116 4.194609 -8.902818
v 30.572222 4.194609 -9.394360
v 26.643858 3.836516 -9.394360
v 26.579151 3.836516 -9.394360
v 26.478867 4.194609 -9.394360
v 26.579155 3.836515 -8.902818
v 26.643860 3.836515 -8.902818
v 28.209742 0.977106 -8.387684
v 27.549942 0.977106 -8.387684
v 30.005543 4.194609 -9.437460
v 30.005543 4.615359 -9.437460
v 30.005543 4.525257 -9.394360
v 30.005543 4.194609 -9.394360
v 30.005543 4.615359 -8.859717
v 30.005543 4.525257 -8.902818
v 30.005543 4.194609 -8.859717
v 30.005543 4.194609 -8.902818
v 26.473597 3.836515 -8.902818
v 26.473600 2.843028 -10.409311
v 25.688889 2.843028 -10.409311
v 25.688889 4.193535 -10.721335
v 26.473600 4.193535 -10.721335
v 26.473597 4.194609 -9.437460
v 26.473597 3.836516 -9.394360
v 26.473597 4.194278 -9.533696
v 26.473597 3.836516 -9.394360
v 26.473600 4.193535 -10.721335
v 26.473597 4.194278 -9.533696
v 26.473600 2.843028 -10.409311
v 26.473597 -0.613679 -9.394360
v 26.473598 0.914812 -10.122005
v 26.473597 1.580530 -9.394360
v 26.473597 -0.613679 -10.032580
v 25.688894 -0.613679 -10.032580
v 26.473597 -0.613679 -10.032580
v 26.583891 5.344776 -9.852413
v 26.583895 4.976611 -10.940248
v 26.583895 5.344776 -10.940248
v 26.583891 4.976612 -9.723490
v 26.583895 4.976611 -10.940248
v 25.578596 4.976611 -10.940248
v 25.578596 5.344776 -10.940248
v 26.583895 5.344776 -10.940248
v 26.473597 4.976611 -9.833038
v 26.473600 4.193535 -10.721335
v 26.473600 4.976611 -10.857188
v 26.473597 4.194278 -9.533696
v 26.473600 4.193535 -10.721335
v 25.688889 4.193535 -10.721335
v 25.688889 4.976611 -10.857188
v 26.473600 4.976611 -10.857188
v 26.473600 5.344776 -10.857589
v 25.688889 5.344776 -10.857589
v 25.688889 5.941206 -10.857956
v 26.473600 5.941206 -10.857956
v 26.473597 5.942604 -10.210352
v 26.473600 5.344776 -10.857589
v 26.473600 5.941206 -10.857956
v 26.473597 5.344776 -9.937414
v 25.578600 5.344776 -9.852413
v 26.583891 5.344776 -9.852413
v 26.473597 5.344776 -9.937414
v 25.688894 5.344776 -9.937414
v 26.583895 4.976611 -10.940248
v 26.583891 4.976612 -9.723490
v 26.473597 4.976611 -9.833038
v 26.473600 4.976611 -10.857188
v 26.473597 5.344776 -9.937414
v 26.583895 5.344776 -10.940248
v 26.473600 5.344776 -10.857589
v 26.583891 5.344776 -9.852413
v 25.578596 4.976611 -10.940248
v 26.583895 4.976611 -10.940248
v 26.473600 4.976611 -10.857188
v 25.688889 4.976611 -10.857188
v 26.473597 6.547716 -10.380355
v 26.473600 5.941206 -10.857956
v 26.473600 6.546319 -10.862657
v 26.473597 5.942604 -10.210352
v 26.473600 5.941206 -10.857956
v 25.688889 5.941206 -10.857956
v 25.688889 6.546319 -10.862657
v 26.473600 6.546319 -10.862657
v 26.473597 7.177475 -10.426835
v 26.473600 6.546319 -10.862657
v 26.473600 7.176078 -10.854421
v 26.473597 6.547716 -10.380355
v 25.688889 6.546319 -10.862657
v 26.473600 7.176078 -10.854421
v 26.473600 6.546319 -10.862657
v 25.688889 7.176078 -10.854421
v 30.005543 4.615359 -8.859717
v 30.005543 4.615359 -9.437460
v 30.005754 4.697825 -9.318305
v 30.005754 4.697825 -8.978872
v 26.158911 1.120126 -8.387684
v 28.439659 0.977106 -8.387686
v 28.209742 0.977106 -8.387684
v 28.439659 0.977106 -8.387686
v 26.473597 0.613679 -8.387684
v 28.209742 0.977106 -8.387684
v 30.005543 4.194609 -8.902818
v 30.005543 4.194609 -8.859717
v 25.688894 4.194609 -8.859717
v 30.005543 4.615359 -8.859717
v 25.688894 4.626070 -8.859717
v 30.005543 4.194609 -8.859717
v 30.005543 4.615359 -8.859717
v 25.688789 4.708537 -8.978872
v 25.688894 4.626070 -8.859717
v 30.005754 4.697825 -8.978872
v 30.005754 4.697825 -9.318305
v 25.695564 4.708217 -9.318305
v 30.005754 4.697825 -8.978872
v 25.688789 4.708537 -8.978872
v 25.695564 4.708217 -9.318305
v 30.005754 4.697825 -9.318305
v 30.005543 4.615359 -9.437460
v 25.695456 4.625751 -9.437460
v 26.473597 4.194609 -9.437460
v 30.005543 4.615359 -9.437460
v 30.005543 4.194609 -9.437460
v 25.695456 4.625751 -9.437460
v 26.478867 4.194609 -9.394360
v 30.005543 4.194609 -9.437460
v 30.005543 4.194609 -9.394360
v 26.473597 4.194609 -9.437460
v 32.090744 1.580530 -9.394360
v 32.247204 1.580530 -9.394360
v 28.604595 1.580530 -9.394360
v 28.439659 1.580530 -9.394360
v 28.114525 1.580530 -9.394360
v 28.209742 1.580530 -9.394360
v 26.473597 3.836516 -9.394360
v 26.473597 1.580530 -9.394360
v 26.473600 2.843028 -10.409311
v 26.473598 1.951492 -10.256741
v 26.473598 1.951492 -10.256741
v 25.688892 1.951492 -10.256741
v 25.688889 2.843028 -10.409311
v 26.473600 2.843028 -10.409311
v 26.473597 1.580530 -8.902818
v 28.114525 1.580530 -8.902818
v 28.209742 1.580530 -8.902818
v 28.604595 1.580530 -8.902818
v 28.439659 1.580530 -8.902818
v 32.090744 1.580530 -8.902818
v 32.247204 1.580530 -8.902818
v 35.296486 1.580530 -8.902818
v 35.452122 1.580530 -8.902818
v 35.452122 1.580530 -9.394360
v 35.452122 1.580530 -8.902818
v 35.296486 1.580530 -9.394360
v 35.452122 1.580530 -9.394360
v 32.713600 -0.613679 -9.394360
v 26.473597 -0.613679 -9.394360
v 26.473598 1.951492 -10.256741
v 26.473597 1.580530 -9.394360
v 26.473598 0.914812 -10.122005
v 28.439659 0.613679 -8.902818
v 32.092846 0.613679 -8.902818
v 35.452122 0.613679 -8.902818
v 35.063286 0.613679 -8.902818
v 35.452122 0.613679 -8.902818
v 35.452122 -0.613679 -9.394360
v 26.643860 3.836515 -8.902818
v 30.005545 3.836516 -9.394360
v 30.005545 3.836515 -8.902818
v 26.643858 3.836516 -9.394360
v 26.643860 3.836515 -8.902818
v 28.209742 1.580530 -8.902818
v 28.209742 1.580530 -9.394360
v 26.643858 3.836516 -9.394360
v 28.439659 1.580530 -8.902818
v 28.439659 1.580530 -9.394360
v 28.209742 1.580530 -8.902818
v 28.209742 1.580530 -9.394360
v 30.005545 3.836515 -8.902818
v 28.439659 1.580530 -9.394360
v 28.439659 1.580530 -8.902818
v 30.005545 3.836516 -9.394360
v 32.438900 1.580530 -8.902818
v 34.444317 3.836515 -8.902818
v 34.444317 4.194609 -8.902818
v 30.708187 4.194609 -8.849195
v 34.444317 4.194609 -8.849195
v 30.708189 4.597826 -8.849195
v 34.444309 4.612634 -8.849195
v 34.444103 4.716311 -9.324043
v 30.707777 4.701503 -9.324042
v 34.444103 4.716311 -8.973134
v 30.707777 4.701503 -8.973134
v 34.444309 4.194609 -9.447983
v 30.708189 4.597826 -9.447982
v 34.444309 4.612634 -9.447983
v 30.708189 4.194609 -9.447983
v 30.708189 3.836515 -9.394360
v 34.444309 4.194609 -9.394360
v 34.444309 3.836515 -9.394360
v 30.708189 4.194609 -9.394360
v 32.438900 1.580530 -9.394360
v 32.598988 1.580530 -8.902818
v 34.579899 3.836515 -8.902818
v 34.579899 4.194609 -8.902818
v 34.579895 4.612634 -8.849195
v 34.444317 4.194609 -8.849195
v 34.579899 4.194609 -8.849195
v 34.444103 4.716311 -9.324043
v 34.444103 4.716311 -8.973134
v 34.580967 4.716300 -8.973134
v 34.580967 4.716300 -9.324043
v 34.444309 4.194609 -9.447983
v 34.579895 4.612634 -9.447983
v 34.579895 4.194608 -9.447983
v 34.444309 3.836515 -9.394360
v 34.579895 4.194608 -9.394360
v 34.579895 3.836515 -9.394360
v 34.444309 4.194609 -9.394360
v 34.444309 3.836515 -9.394360
v 32.598988 1.580530 -9.394360
v 34.579895 3.836515 -9.394360
v 32.438900 1.580530 -8.902818
v 32.438900 1.580530 -9.394360
v 32.247204 1.580530 -8.902818
v 32.247204 1.580530 -9.394360
v 32.438900 1.580530 -8.902818
v 34.444309 3.836515 -9.394360
v 32.438900 1.580530 -9.394360
v 34.444317 3.836515 -8.902818
v 30.708187 3.836515 -8.902818
v 34.444309 3.836515 -9.394360
v 34.444317 3.836515 -8.902818
v 30.708189 3.836515 -9.394360
v 32.247204 1.580530 -8.902818
v 30.708189 3.836515 -9.394360
v 30.708187 3.836515 -8.902818
v 32.247204 1.580530 -9.394360
v 32.090744 1.580530 -9.394360
v 28.604595 1.580530 -8.902818
v 32.090744 1.580530 -8.902818
v 28.604595 1.580530 -9.394360
v 30.572222 3.836515 -8.902818
v 32.090744 1.580530 -9.394360
v 32.090744 1.580530 -8.902818
v 30.572222 3.836515 -9.394360
v 30.123116 3.836515 -8.902818
v 30.572222 3.836515 -9.394360
v 30.572222 3.836515 -8.902818
v 30.123116 3.836515 -9.394360
v 28.604595 1.580530 -8.902818
v 30.123116 3.836515 -9.394360
v 30.123116 3.836515 -8.902818
v 28.604595 1.580530 -9.394360
v 26.473597 1.580530 -9.394360
v 27.549942 0.977106 -8.387684
v 26.473597 0.613679 -8.387684
v 26.158911 0.985117 -8.387684
v 26.158911 1.120126 -1.561265
v 26.158911 0.977106 -1.344772
v 35.063286 1.120126 -1.561265
v 26.158911 1.120126 -1.561265
v 26.473597 3.836515 -8.902818
v 26.473597 1.580530 -8.902818
v 26.473597 1.580530 -9.394360
v 26.473597 3.836516 -9.394360
v 26.579155 3.836515 -8.902818
v 28.114525 1.580530 -9.394360
v 28.114525 1.580530 -8.902818
v 26.579151 3.836516 -9.394360
v 26.473597 3.836515 -8.902818
v 26.579151 3.836516 -9.394360
v 26.579155 3.836515 -8.902818
v 26.473597 3.836516 -9.394360
v 28.114525 1.580530 -9.394360
v 26.473597 1.580530 -8.902818
v 28.114525 1.580530 -8.902818
v 26.473597 1.580530 -9.394360
v 35.296486 4.597826 -8.849195
v 34.579899 4.194609 -8.849195
v 35.296486 4.194609 -8.849195
v 34.580967 4.716300 -8.973134
v 35.298626 4.701481 -8.973134
v 35.298626 4.701481 -9.324042
v 34.580967 4.716300 -9.324043
v 34.579895 4.194608 -9.447983
v 35.296486 4.597826 -9.447982
v 35.296486 4.194609 -9.447983
v 34.579895 4.194608 -9.394360
v 32.598988 1.580530 -8.902818
v 35.296486 1.580530 -8.902818
v 35.296486 1.580530 -9.394360
v 32.598988 1.580530 -9.394360
v 32.598988 1.580530 -8.902818
v 34.579895 3.836515 -9.394360
v 34.579899 3.836515 -8.902818
v 32.598988 1.580530 -9.394360
v 34.579899 3.836515 -8.902818
v 35.296486 3.836515 -9.394360
v 35.296486 3.836515 -8.902818
v 34.579895 3.836515 -9.394360
v 35.296486 1.580530 -8.902818
v 35.296486 3.836515 -8.902818
v 35.296486 3.836515 -9.394360
v 35.296486 1.580530 -9.394360
v 25.650496 7.177600 -10.369832
v 26.511995 7.177600 -10.369832
v 25.650496 7.541171 -10.369829
v 26.511995 7.541171 -10.369829
v 25.650496 7.541171 -10.369829
v 25.650490 7.539522 -10.940247
v 25.650496 7.177600 -10.369832
v 25.650490 7.175952 -10.940247
v 25.650490 7.175952 -10.940247
v 26.512001 7.539522 -10.940247
v 26.512001 7.175952 -10.940247
v 25.650490 7.539522 -10.940247
v 26.511995 7.177600 -10.369832
v 26.512001 7.539522 -10.940247
v 26.511995 7.541171 -10.369829
v 26.512001 7.175952 -10.940247
v 25.688894 7.177475 -10.426835
v 26.511995 7.177600 -10.369832
v 25.650496 7.177600 -10.369832
v 26.473597 7.177475 -10.426835
v 25.650496 7.177600 -10.369832
v 25.688889 7.176078 -10.854421
v 25.688894 7.177475 -10.426835
v 25.650490 7.175952 -10.940247
v 25.650490 7.539522 -10.940247
v 25.688894 7.651507 -10.479955
v 25.688889 7.650110 -10.852773
v 25.650496 7.541171 -10.369829
v 26.512001 7.539522 -10.940247
v 25.650490 7.539522 -10.940247
v 25.688889 7.650110 -10.852773
v 26.473600 7.650110 -10.852773
v 25.650490 7.175952 -10.940247
v 26.512001 7.175952 -10.940247
v 26.473600 7.176078 -10.854421
v 25.688889 7.176078 -10.854421
v 26.512001 7.175952 -10.940247
v 26.511995 7.177600 -10.369832
v 26.473600 7.176078 -10.854421
v 26.473597 7.177475 -10.426835
v 26.511995 7.541171 -10.369829
v 26.512001 7.539522 -10.940247
v 26.473597 7.651507 -10.479955
v 26.473600 7.650110 -10.852773
v 25.650496 7.541171 -10.369829
v 26.511995 7.541171 -10.369829
v 26.473597 7.651507 -10.479955
v 25.688894 7.651507 -10.479955
v 25.683460 4.194609 -9.394360
v 25.688894 4.194609 -9.437460
v 25.683460 4.194609 -9.394360
v 25.688894 3.836516 -9.437317
v 25.688894 3.836516 -9.394360
v 25.688894 4.194609 -9.437460
v 26.473597 3.836516 -9.394360
v 26.478867 4.194609 -9.394360
v 26.473597 3.836516 -9.394360
v 26.473597 4.194609 -9.437460
v 26.158911 0.977106 -1.219575
v 26.158911 1.120126 5.823337
v 26.158911 1.120126 -1.003082
v 26.003580 1.120126 -1.003082
v 26.003580 1.008464 5.823337
v 26.003580 0.977106 -1.219575
v 26.003580 0.977106 -1.344772
v 26.003580 0.985117 -8.387684
v 26.003580 1.120126 -1.561265
v 26.003580 1.120126 -8.387684
v 26.158911 1.120126 -1.561265
v 26.158911 1.120126 -8.387684
v 26.158911 0.977106 -1.344772
v 26.158911 0.977106 -1.344772
v 26.003580 0.985117 -8.387684
v 26.003580 0.977106 -1.344772
v 16.710369 -0.613679 -9.394360
v 16.710369 0.613679 -7.022399
v 16.710369 0.613679 -8.387684
v 26.158911 0.977106 -1.344772
v 26.158911 1.120126 -8.387684
v 26.158911 0.985117 -8.387684
v 26.003580 0.985117 -8.387684
v 26.158911 0.977106 -1.344772
v 26.158911 0.985117 -8.387684
v 16.828146 0.613679 -8.387684
v 16.828146 0.613679 -1.561265
v 16.936394 0.977106 -8.387684
v 17.026600 1.120126 5.823337
v 26.003580 1.120126 5.823337
v 26.003580 1.008464 5.823337
v 26.003580 1.120126 -1.003082
v 26.003580 1.120126 5.823337
v 26.003580 1.008464 5.823337
v 26.158911 1.008464 5.823337
v 26.158911 0.977106 -1.219575
v 26.158911 1.120126 5.823337
v 26.158911 0.977106 -1.219575
v 26.158911 1.008464 5.823337
v 17.026600 1.120126 -1.003082
v 16.936394 0.977106 5.823337
v 17.026600 1.120126 5.823337
v 30.708187 4.194609 6.283197
v 35.296486 4.194609 6.338471
v 30.708187 4.194609 6.338471
v 35.296486 4.194609 6.283197
v 30.708187 4.194609 6.283197
v 30.708189 4.525257 6.338471
v 30.708189 4.598927 6.283197
v 30.708187 4.194609 6.338471
v 30.708189 4.525257 6.830013
v 30.708189 4.598927 6.885288
v 30.708189 4.194609 6.885288
v 30.708189 4.194609 6.830013
v 35.296486 4.194609 6.885288
v 30.708189 4.194609 6.885288
v 30.708189 4.194609 6.830013
v 35.296486 4.194609 6.830013
v 35.296486 4.194609 6.283197
v 35.296486 4.598927 6.283197
v 35.296486 4.525257 6.338471
v 35.296486 4.194609 6.338471
v 35.296486 4.598927 6.885288
v 35.296486 4.525257 6.830013
v 35.296486 4.194609 6.885288
v 35.296486 4.194609 6.830013
v 30.707674 4.719309 6.418042
v 35.299183 4.719309 6.418042
v 35.296486 4.598927 6.283197
v 30.708189 4.598927 6.283197
v 30.707674 4.719309 6.750444
v 30.707674 4.719309 6.418042
v 35.296486 4.598927 6.885288
v 30.707674 4.719309 6.750444
v 30.708189 4.598927 6.885288
v 35.299183 4.719309 6.750444
v 35.299183 4.719309 6.418042
v 35.299183 4.719309 6.750444
v 30.708187 4.194609 -8.849195
v 30.708189 4.597826 -8.849195
v 30.708189 4.525257 -8.902818
v 30.708187 4.194609 -8.902818
v 34.444317 4.194609 -8.849195
v 30.708187 4.194609 -8.849195
v 30.708187 4.194609 -8.902818
v 34.444317 4.194609 -8.902818
v 30.708189 4.597826 -9.447982
v 30.708189 4.525257 -9.394360
v 34.444309 4.194609 -9.394360
v 30.708189 4.194609 -9.394360
v 30.708189 4.194609 -9.447983
v 34.444309 4.194609 -9.447983
v 30.708189 4.194609 -9.447983
v 30.708189 4.194609 -9.394360
v 34.579899 4.194609 -8.849195
v 34.579899 4.194609 -8.902818
v 34.579895 4.194608 -9.394360
v 34.579895 4.194608 -9.447983
v 35.296486 4.194609 -8.849195
v 35.296486 4.194609 -8.902818
v 35.296486 4.194609 -8.849195
v 35.296486 4.525257 -8.902818
v 35.296486 4.597826 -8.849195
v 35.296486 4.194609 -8.902818
v 35.296486 4.597826 -9.447982
v 35.296486 4.525257 -9.394360
v 35.296486 4.194609 -9.394360
v 35.296486 4.194609 -9.447983
v 35.296486 4.194609 -9.447983
v 35.296486 4.194609 -9.394360
v 34.444103 4.716311 -9.324043
v 30.708189 4.597826 -9.447982
v 30.707777 4.701503 -9.324042
v 34.444309 4.612634 -9.447983
v 30.707777 4.701503 -8.973134
v 30.707777 4.701503 -9.324042
v 30.708189 4.597826 -8.849195
v 34.444309 4.612634 -8.849195
v 34.444103 4.716311 -8.973134
v 30.707777 4.701503 -8.973134
v 34.580967 4.716300 -9.324043
v 34.579895 4.612634 -9.447983
v 34.579895 4.612634 -8.849195
v 34.580967 4.716300 -8.973134
v 35.298626 4.701481 -9.324042
v 35.296486 4.597826 -9.447982
v 35.296486 4.597826 -8.849195
v 35.298626 4.701481 -8.973134
v 35.298626 4.701481 -9.324042
v 35.298626 4.701481 -8.973134
v 21.454304 4.194609 -8.817952
v 17.718176 4.194609 -8.817952
v 17.718176 4.194609 -8.902818
v 21.454304 4.194609 -8.902818
v 21.454304 4.194609 -8.817952
v 21.454302 4.525257 -8.902818
v 21.454302 4.618098 -8.817952
v 21.454304 4.194609 -8.902818
v 21.454302 4.618098 -9.479225
v 21.454302 4.525257 -9.394360
v 21.454302 4.194609 -9.394360
v 21.454302 4.194609 -9.479225
v 17.718178 4.194609 -9.479225
v 21.454302 4.194609 -9.394360
v 17.718178 4.194609 -9.394360
v 21.454302 4.194609 -9.479225
v 17.582592 4.194609 -8.817952
v 17.582592 4.194609 -8.902818
v 17.582594 4.194608 -9.394360
v 17.582594 4.194608 -9.479225
v 16.866005 4.194609 -8.817952
v 16.866005 4.618098 -8.817952
v 16.866005 4.525257 -8.902818
v 16.866005 4.194609 -8.902818
v 16.866005 4.194609 -8.817952
v 16.866005 4.194609 -8.902818
v 16.866005 4.525257 -9.394360
v 16.866005 4.618098 -9.479225
v 16.866005 4.194609 -9.479225
v 16.866005 4.194609 -9.394360
v 16.866005 4.194609 -9.394360
v 16.866005 4.194609 -9.479225
v 17.718178 4.618098 -8.817952
v 21.454302 4.618098 -8.817952
v 21.454302 4.696798 -8.963705
v 17.718178 4.696798 -8.963705
v 21.454302 4.696798 -9.333472
v 21.454302 4.696798 -8.963705
v 17.718178 4.696798 -9.333472
v 21.454302 4.696798 -9.333472
v 21.454302 4.618098 -9.479225
v 17.718178 4.618098 -9.479225
v 17.582594 4.618098 -8.817952
v 17.582594 4.696798 -8.963705
v 17.582594 4.696798 -9.333472
v 17.582594 4.618098 -9.479225
v 16.866005 4.696798 -8.963705
v 16.866005 4.696798 -9.333472
v 16.866005 4.618098 -8.817952
v 16.866005 4.696798 -8.963705
v 16.866005 4.696798 -9.333472
v 16.866005 4.618098 -9.479225
v 21.454302 4.525257 6.338471
v 21.454304 4.194609 6.338471
v 21.454304 4.194609 6.274424
v 21.454302 4.604774 6.274424
v 16.866005 4.194609 6.274424
v 21.454304 4.194609 6.338471
v 16.866005 4.194609 6.338471
v 21.454304 4.194609 6.274424
v 21.454302 4.604774 6.894058
v 21.454302 4.525257 6.830013
v 21.454302 4.194609 6.894058
v 16.866005 4.194609 6.894058
v 16.866005 4.194609 6.830013
v 21.454302 4.194609 6.830013
v 21.454302 4.194609 6.894058
v 21.454302 4.194609 6.830013
v 16.866005 4.525257 6.338471
v 16.866005 4.194609 6.274424
v 16.866005 4.194609 6.338471
v 16.866005 4.604774 6.274424
v 16.866005 4.604774 6.894058
v 16.866005 4.525257 6.830013
v 16.866005 4.194609 6.894058
v 16.866005 4.194609 6.830013
v 16.866005 4.604774 6.894058
v 21.454302 4.604774 6.894058
v 21.454863 4.723394 6.750271
v 16.863079 4.723360 6.750271
v 21.454863 4.723394 6.418211
v 21.454863 4.723394 6.750271
v 21.454863 4.723394 6.418211
v 16.866005 4.604774 6.274424
v 16.863079 4.723360 6.418211
v 21.454302 4.604774 6.274424
v 16.863079 4.723360 6.750271
v 16.863079 4.723360 6.418211
vn -1.0000 -0.0000 -0.0000
vn -0.8458 0.5335 -0.0000
vn -0.0000 1.0000 -0.0000
vn -0.0000 -0.0000 1.0000
vn -0.0000 -0.0000 -1.0000
vn -0.0000 -1.0000 -0.0000
vn -0.9584 0.2855 -0.0000
vn 1.0000 -0.0000 -0.0000
vn -1.0000 -0.0000 -0.0001
vn -0.0000 -0.2416 0.9704
vn -0.0000 -0.1709 0.9853
vn -0.0000 -0.0006 1.0000
vn -0.0000 -0.0078 1.0000
vn -0.0000 0.0131 0.9999
vn -1.0000 -0.0020 -0.0000
vn -0.0010 0.7795 -0.6264
vn -0.0010 0.7794 -0.6265
vn -0.0010 0.7794 0.6265
vn -0.0000 -0.1477 0.9890
vn -0.8215 0.5702 -0.0000
vn 0.8215 0.5702 -0.0000
vn -0.0000 0.2628 -0.9649
vn -0.0238 0.2640 -0.9642
vn -0.0238 0.2640 0.9642
vn -0.0000 0.2628 0.9649
vn 0.7474 0.6644 -0.0000
vn -0.8261 0.5635 -0.0000
vn 0.8296 -0.5584 -0.0000
vn -0.8296 -0.5584 -0.0000
vn -0.0000 0.8344 -0.5512
vn 0.8267 -0.5626 -0.0000
vn -0.7514 -0.6598 -0.0000
vn 0.7589 0.6512 -0.0000
vn 0.9268 0.3756 -0.0000
vn 1.0000 -0.0000 -0.0001
vn 1.0000 -0.0020 -0.0000
vn 0.0012 0.7795 -0.6265
vn 0.0012 0.7794 -0.6265
vn 0.0012 0.7794 0.6265
vn -0.0000 0.2493 -0.9684
vn 0.0234 0.2504 -0.9679
vn 0.0233 0.2504 0.9679
vn -0.0000 0.2493 0.9684
vn -0.7474 0.6644 -0.0000
vn 0.8261 0.5635 -0.0000
vn -0.8267 -0.5626 -0.0000
vn 0.7514 -0.6598 -0.0000
vn -0.0000 1.0000 -0.0045
vn -0.0000 -0.0584 0.9983
vn -0.0000 1.0000 0.0034
vn -0.0000 1.0000 0.0037
vn -0.0000 0.3305 -0.9438
vn -0.0000 0.3574 -0.9340
vn -0.0000 0.4153 -0.9097
vn -0.0000 0.2705 -0.9627
vn -0.0000 0.0736 -0.9973
vn -0.0000 -0.1464 0.9892
vn -0.0000 0.7064 -0.7078
vn -0.0012 -1.0000 -0.0030
vn -0.0011 -1.0000 -0.0031
vn -0.9447 0.3278 0.0009
vn -0.9446 0.3282 0.0010
vn -0.9446 0.3283 0.0011
vn -0.9446 0.3284 0.0011
vn -0.0000 -1.0000 -0.0015
vn -0.0000 0.6204 0.7843
vn 0.0011 -1.0000 -0.0031
vn 0.0012 -1.0000 -0.0030
vn 0.0012 -1.0000 -0.0031
vn 0.9446 0.3283 0.0011
vn 0.9445 0.3284 0.0011
vn 0.9446 0.3282 0.0010
vn 0.9447 0.3278 0.0009
vn -0.0000 -1.0000 -0.0022
vn -0.9920 -0.0151 0.1251
vn 0.9925 -0.0146 0.1213
vn -0.0000 0.8344 0.5512
vn -1.0000 -0.0000 0.0001
vn -1.0000 -0.0026 -0.0000
vn -0.0025 0.8223 0.5691
vn -0.0030 1.0000 -0.0003
vn -0.0030 1.0000 -0.0004
vn -0.0024 0.8223 -0.5691
vn -0.0000 0.2787 0.9604
vn -0.0000 0.2787 -0.9604
vn -0.0000 -0.0584 -0.9983
vn -0.0000 1.0000 -0.0034
vn -0.0000 1.0000 -0.0037
vn -0.0000 0.3305 0.9438
vn -0.0000 0.3574 0.9340
vn -0.0000 0.4153 0.9097
vn -0.0000 0.2705 0.9627
vn -0.0000 0.0736 0.9973
vn -0.0000 -0.1289 -0.9917
vn 1.0000 -0.0000 0.0001
vn -0.0000 -0.2251 -0.9743
vn -0.0000 -0.1709 -0.9853
vn -0.0000 -0.0006 -1.0000
vn -0.0000 -0.0078 -1.0000
vn -0.0000 0.0131 -0.9999
vn 1.0000 -0.0026 -0.0000
vn -0.0000 -0.0002 -1.0000
vn -0.0000 0.0001 -1.0000
vn 0.0020 0.8223 0.5691
vn 0.0025 1.0000 -0.0006
vn 0.0024 1.0000 -0.0005
vn 0.0025 1.0000 -0.0009
vn 0.0020 0.8223 -0.5691
vn -0.0000 -0.1687 -0.9857
vn -0.0009 0.2338 0.9723
vn -0.0009 0.2347 0.9721
vn -0.0040 1.0000 -0.0000
vn -0.0009 0.2338 -0.9723
vn -0.0009 0.2347 -0.9721
vn 0.0041 0.2367 0.9716
vn 0.0001 1.0000 -0.0000
vn 0.0041 0.2367 -0.9716
vn 0.0048 0.2320 0.9727
vn 0.0206 0.9998 -0.0000
vn 0.0048 0.2320 -0.9727
vn -0.0000 -1.0000 0.0022
vn -0.0011 -1.0000 0.0031
vn -0.9446 0.3282 -0.0010
vn -0.9446 0.3283 -0.0010
vn -0.9446 0.3283 -0.0011
vn -0.9445 0.3285 -0.0011
vn -0.0000 0.6204 -0.7843
vn -0.0000 -1.0000 0.0015
vn 0.0012 -1.0000 0.0030
vn 0.0011 -1.0000 0.0031
vn 0.0012 -1.0000 0.0031
vn 0.9446 0.3283 -0.0011
vn 0.9445 0.3284 -0.0011
vn 0.9446 0.3284 -0.0011
vn -0.0000 0.7064 0.7078
vn -0.9980 -0.0076 -0.0630
vn 0.9925 -0.0146 -0.1213
vn -0.0000 1.0000 0.0011
vn 0.0798 -0.9968 -0.0000
vn -1.0000 -0.0018 -0.0000
vn -1.0000 -0.0017 -0.0000
vn 0.0233 0.2504 -0.9679
vn -0.0000 0.7460 -0.6660
vn 0.1047 0.7408 -0.6635
vn 0.0233 0.2503 -0.9679
vn -1.0000 -0.0043 -0.0000
vn -0.0000 0.7460 0.6660
vn 0.1047 0.7408 0.6635
vn 0.1047 0.7409 -0.6634
vn -1.0000 -0.0012 -0.0000
vn 1.0000 -0.0084 -0.0000
vn -0.0029 0.7670 -0.6416
vn -0.0012 0.2338 -0.9723
vn -0.0030 0.7670 -0.6416
vn -1.0000 -0.0040 -0.0000
vn -0.0029 0.7670 0.6416
vn -0.0030 0.7670 0.6416
vn 0.0133 0.7669 -0.6416
vn 0.0133 0.7669 0.6416
vn 0.0158 0.7669 -0.6416
vn 0.0048 0.2321 -0.9727
vn 0.0048 0.2321 0.9727
vn 0.0158 0.7669 0.6416
vn 0.9998 -0.0206 -0.0000
vn -0.0000 0.8799 0.4751
vn -0.0000 0.8799 -0.4751
vn 1.0000 -0.0018 -0.0000
vn -0.0804 -0.9968 -0.0000
vn -0.0238 0.2641 -0.9642
vn -0.0238 0.2641 0.9642
vn -0.0000 0.7714 0.6364
vn -0.1036 0.7662 0.6341
vn 1.0000 -0.0047 -0.0000
vn -0.0000 0.7714 -0.6364
vn -0.1036 0.7662 -0.6341
vn -0.1036 0.7663 0.6341
vn -0.1036 0.7662 -0.6342
vt 0.812511 0.553055
vt 0.839000 0.542446
vt 0.839000 0.371952
vt 0.801901 0.435819
vt 0.801901 0.587821
vt 0.804988 0.440491
vt 0.172424 0.593519
vt 0.001930 0.593519
vt 0.013048 0.596061
vt 0.172424 0.596061
vt 0.001930 0.601911
vt 0.989996 0.597151
vt 0.982860 0.600510
vt 0.989996 0.600510
vt 0.353438 0.055602
vt 0.353438 0.078784
vt 0.360778 0.078784
vt 0.360778 0.055602
vt 0.338287 0.596878
vt 0.345423 0.596878
vt 0.338287 0.593519
vt 0.182175 0.666995
vt 0.229931 0.608717
vt 0.131015 0.608717
vt 0.794057 0.428445
vt 0.801901 0.433117
vt 0.794057 0.587821
vt 0.013048 0.698838
vt 0.001930 0.666019
vt 0.001930 0.749826
vt 0.229931 0.663456
vt 0.864557 0.602908
vt 0.861471 0.600961
vt 0.864557 0.701402
vt 0.853627 0.598625
vt 0.853627 0.701402
vt 0.345423 0.695903
vt 0.338287 0.698838
vt 0.345423 0.698838
vt 0.338287 0.695903
vt 0.380485 0.078797
vt 0.374073 0.055616
vt 0.374073 0.078797
vt 0.380485 0.055616
vt 0.982860 0.702470
vt 0.989996 0.702470
vt 0.989996 0.699535
vt 0.982860 0.699535
vt 0.982860 0.714700
vt 0.989996 0.714700
vt 0.989996 0.712163
vt 0.982860 0.712163
vt 0.400252 0.058006
vt 0.394707 0.034824
vt 0.394707 0.058006
vt 0.400252 0.034824
vt 0.345423 0.711068
vt 0.338287 0.708531
vt 0.338287 0.711068
vt 0.345423 0.708531
vt 0.013048 0.744863
vt 0.853627 0.747428
vt 0.975131 0.702470
vt 0.975131 0.699535
vt 0.975131 0.712163
vt 0.975131 0.714700
vt 0.353151 0.708531
vt 0.353151 0.711068
vt 0.353151 0.698838
vt 0.353151 0.695903
vt 0.353151 0.596878
vt 0.975131 0.600510
vt 0.415342 0.058006
vt 0.430936 0.058006
vt 0.415342 0.034824
vt 0.430936 0.034824
vt 0.444230 0.034944
vt 0.459824 0.058126
vt 0.459824 0.034944
vt 0.444230 0.058126
vt 0.473118 0.058126
vt 0.494299 0.058126
vt 0.473118 0.034944
vt 0.494299 0.034944
vt 0.975131 0.787253
vt 0.975131 0.788649
vt 0.982860 0.790810
vt 0.345423 0.796037
vt 0.353151 0.785017
vt 0.353151 0.783621
vt 0.635232 0.039758
vt 0.654634 0.039758
vt 0.650479 0.037771
vt 0.635232 0.037771
vt 0.650479 0.015105
vt 0.654634 0.013117
vt 0.635232 0.013117
vt 0.635232 0.015105
vt 0.229931 0.668240
vt 0.589156 0.801038
vt 0.591858 0.797686
vt 0.589156 0.797686
vt 0.591858 0.801038
vt 0.353151 0.787295
vt 0.353151 0.804231
vt 0.248334 0.460865
vt 0.228781 0.460865
vt 0.248334 0.488607
vt 0.228781 0.488607
vt 0.270449 0.460838
vt 0.269375 0.469761
vt 0.272846 0.460846
vt 0.302439 0.460865
vt 0.295533 0.488607
vt 0.287505 0.542561
vt 0.269375 0.580647
vt 0.285277 0.580647
vt 0.269375 0.525973
vt 0.233822 0.668240
vt 0.233822 0.663456
vt 0.075824 0.194372
vt 0.087900 0.158690
vt 0.075824 0.154461
vt 0.087900 0.194372
vt 0.016664 0.020983
vt 0.016664 0.053055
vt 0.028410 0.020983
vt 0.028410 0.053055
vt 0.280305 0.441353
vt 0.305824 0.441353
vt 0.248334 0.441353
vt 0.228781 0.441353
vt 0.285542 0.413404
vt 0.268607 0.413404
vt 0.285542 0.426277
vt 0.268607 0.426277
vt 0.632691 0.260445
vt 0.602846 0.232878
vt 0.590260 0.260445
vt 0.632708 0.232942
vt 0.096404 0.061485
vt 0.067850 0.058773
vt 0.071369 0.061485
vt 0.099922 0.058773
vt 0.033813 0.154447
vt 0.037431 0.190765
vt 0.037431 0.157172
vt 0.033813 0.194358
vt 0.067850 0.093479
vt 0.071369 0.090841
vt 0.063171 0.157172
vt 0.066788 0.154447
vt 0.610685 0.204975
vt 0.632925 0.205039
vt 0.285542 0.400345
vt 0.268607 0.400345
vt 0.612829 0.175936
vt 0.632545 0.176000
vt 0.285542 0.386753
vt 0.268607 0.386753
vt 0.659427 0.018774
vt 0.659427 0.034102
vt 0.061949 0.347331
vt 0.060680 0.462856
vt 0.061949 0.463218
vt 0.060680 0.347331
vt 0.071299 0.347331
vt 0.083684 0.462856
vt 0.083684 0.347331
vt 0.070984 0.474393
vt 0.026171 0.474387
vt 0.026171 0.347325
vt 0.022560 0.474390
vt 0.022560 0.347319
vt 0.012776 0.474390
vt 0.012776 0.347319
vt 0.009165 0.347325
vt 0.009165 0.474387
vt 0.094166 0.347331
vt 0.094166 0.451295
vt 0.106551 0.347331
vt 0.106866 0.474393
vt 0.572074 0.274917
vt 0.570621 0.393756
vt 0.572074 0.393939
vt 0.570621 0.274917
vt 0.926442 0.669697
vt 0.926442 0.666320
vt 0.926442 0.748495
vt 0.926442 0.744936
vt 0.926442 0.755512
vt 0.926442 0.753457
vt 0.290770 0.520503
vt 0.248334 0.520503
vt 0.228782 0.520503
vt 0.401840 0.804231
vt 0.401840 0.787295
vt 0.401840 0.751881
vt 0.401840 0.749826
vt 0.401840 0.741304
vt 0.401840 0.744863
vt 0.401840 0.666065
vt 0.401840 0.662688
vt 0.401840 0.593519
vt 0.401840 0.596878
vt 0.923421 0.553055
vt 0.859867 0.542446
vt 0.859867 0.553055
vt 0.923421 0.542446
vt 0.926442 0.597151
vt 0.926442 0.600510
vt 0.879086 0.597151
vt 0.879086 0.790927
vt 0.422707 0.787295
vt 0.422707 0.749826
vt 0.422707 0.666019
vt 0.422707 0.593519
vt 0.422707 0.601911
vt 0.324801 0.121078
vt 0.308788 0.230591
vt 0.324801 0.230591
vt 0.308788 0.121078
vt 0.970011 0.102906
vt 0.970011 0.157080
vt 0.987017 0.157080
vt 0.987017 0.102906
vt 0.970011 0.094952
vt 0.987017 0.094952
vt 0.987017 0.040779
vt 0.970011 0.040779
vt 0.401840 0.658551
vt 0.353151 0.615269
vt 0.627772 0.427948
vt 0.614410 0.577420
vt 0.627772 0.577420
vt 0.614410 0.427948
vt 0.527873 0.577420
vt 0.538690 0.427835
vt 0.527873 0.427835
vt 0.538690 0.577420
vt 0.637215 0.427948
vt 0.637215 0.577420
vt 0.650578 0.427948
vt 0.650578 0.577420
vt 0.975131 0.618901
vt 0.926442 0.662183
vt 0.401840 0.655096
vt 0.353151 0.612343
vt 0.975131 0.615975
vt 0.926442 0.658728
vt 0.358305 0.342076
vt 0.374869 0.342076
vt 0.358305 0.335616
vt 0.374869 0.335616
vt 0.358305 0.268037
vt 0.374869 0.268036
vt 0.384845 0.268036
vt 0.384845 0.393939
vt 0.401409 0.268037
vt 0.401409 0.393939
vt 0.374869 0.393939
vt 0.358305 0.393939
vt 0.508682 0.123675
vt 0.508682 0.237242
vt 0.524694 0.237242
vt 0.524694 0.123675
vt 0.483695 0.117024
vt 0.483695 0.166492
vt 0.499708 0.117024
vt 0.499708 0.166492
vt 0.499708 0.181122
vt 0.483695 0.181122
vt 0.483695 0.230591
vt 0.499708 0.230591
vt 0.926442 0.790927
vt 0.975131 0.790927
vt 0.001930 0.787295
vt 0.862147 0.796651
vt 0.864557 0.796651
vt 0.589156 0.601995
vt 0.584483 0.797686
vt 0.257127 0.469761
vt 0.257127 0.525973
vt 0.239780 0.390862
vt 0.229172 0.423999
vt 0.239780 0.423999
vt 0.229172 0.390862
vt 0.229172 0.426277
vt 0.239780 0.426277
vt 0.261528 0.089355
vt 0.261528 0.154224
vt 0.280959 0.154224
vt 0.280959 0.089355
vt 0.584483 0.603942
vt 0.437154 0.702436
vt 0.801268 0.151749
vt 0.784263 0.058426
vt 0.784263 0.151749
vt 0.801268 0.058426
vt 0.774732 0.083218
vt 0.757727 0.151749
vt 0.774732 0.151749
vt 0.757727 0.083218
vt 0.774732 0.058427
vt 0.757727 0.058427
vt 0.187291 0.334505
vt 0.173043 0.269111
vt 0.173043 0.334505
vt 0.187291 0.269111
vt 0.941969 0.571889
vt 0.968396 0.582652
vt 0.970436 0.232499
vt 0.785025 0.281115
vt 0.788112 0.428445
vt 0.788112 0.281115
vt 0.785025 0.433117
vt 0.921041 0.582376
vt 0.229931 0.722980
vt 0.131015 0.722980
vt 0.013048 0.995444
vt 0.001930 0.998008
vt 0.166470 0.995444
vt 0.879338 0.994034
vt 0.926693 0.994034
vt 0.926693 0.990675
vt 0.990247 0.994034
vt 0.990247 0.990675
vt 0.983111 0.990675
vt 0.517600 0.034944
vt 0.510260 0.058126
vt 0.517600 0.058126
vt 0.510260 0.034944
vt 0.338287 0.994649
vt 0.338287 0.998008
vt 0.345423 0.994649
vt 0.777182 0.434537
vt 0.785025 0.435819
vt 0.777182 0.281115
vt 0.013048 0.804231
vt 0.001930 0.841701
vt 0.001930 0.925507
vt 0.589156 0.995863
vt 0.584483 0.993215
vt 0.437154 0.801038
vt 0.437154 0.993215
vt 0.864557 0.992180
vt 0.864557 0.800004
vt 0.861471 0.994829
vt 0.853627 0.806795
vt 0.853627 0.998008
vt 0.345423 0.892689
vt 0.338287 0.892689
vt 0.345423 0.895623
vt 0.338287 0.895623
vt 0.537307 0.058126
vt 0.537307 0.034944
vt 0.530895 0.058126
vt 0.530895 0.034944
vt 0.983111 0.888714
vt 0.990247 0.891649
vt 0.990247 0.888714
vt 0.983111 0.891649
vt 0.990247 0.876484
vt 0.983111 0.876484
vt 0.990247 0.879022
vt 0.983111 0.879022
vt 0.557074 0.058126
vt 0.557074 0.034944
vt 0.551530 0.058126
vt 0.551530 0.034944
vt 0.345423 0.880459
vt 0.338287 0.882996
vt 0.345423 0.882996
vt 0.338287 0.880459
vt 0.975383 0.888714
vt 0.975383 0.891649
vt 0.975383 0.879022
vt 0.975383 0.876484
vt 0.353151 0.880459
vt 0.353151 0.882996
vt 0.353151 0.892689
vt 0.353151 0.895623
vt 0.353151 0.994649
vt 0.975383 0.990675
vt 0.728405 0.035221
vt 0.728405 0.052226
vt 0.739844 0.035221
vt 0.739844 0.052226
vt 0.749596 0.052226
vt 0.761036 0.052226
vt 0.761036 0.035221
vt 0.749596 0.035221
vt 0.786325 0.052226
vt 0.786325 0.035221
vt 0.770788 0.052226
vt 0.770788 0.035221
vt 0.975383 0.803932
vt 0.983111 0.800371
vt 0.975383 0.802535
vt 0.353151 0.807906
vt 0.353151 0.806509
vt 0.694984 0.013117
vt 0.675583 0.013117
vt 0.690830 0.015105
vt 0.675583 0.015105
vt 0.690830 0.037771
vt 0.694984 0.039758
vt 0.675583 0.039758
vt 0.675583 0.037771
vt 0.714521 0.292533
vt 0.712056 0.292542
vt 0.715626 0.301708
vt 0.681627 0.292561
vt 0.688729 0.321087
vt 0.715626 0.415727
vt 0.696983 0.376565
vt 0.699274 0.415727
vt 0.715626 0.359509
vt 0.012701 0.154447
vt 0.024778 0.190130
vt 0.024778 0.154447
vt 0.012701 0.194358
vt 0.704386 0.272498
vt 0.678146 0.272498
vt 0.546154 0.192077
vt 0.575999 0.164510
vt 0.546137 0.164574
vt 0.588585 0.192077
vt 0.063170 0.190765
vt 0.066788 0.194358
vt 0.099923 0.093479
vt 0.096404 0.090841
vt 0.568160 0.136607
vt 0.545921 0.136672
vt 0.566017 0.107568
vt 0.546300 0.107632
vt 0.699777 0.034102
vt 0.699777 0.018774
vt 0.060680 0.578358
vt 0.061949 0.578358
vt 0.083684 0.578358
vt 0.071299 0.578358
vt 0.022560 0.578358
vt 0.026171 0.578352
vt 0.012776 0.578358
vt 0.009165 0.578352
vt 0.106551 0.578358
vt 0.094166 0.474393
vt 0.094166 0.578358
vt 0.583869 0.393939
vt 0.582417 0.275094
vt 0.582417 0.393939
vt 0.583869 0.274917
vt 0.926693 0.924864
vt 0.926693 0.921488
vt 0.926693 0.842689
vt 0.926693 0.846249
vt 0.926693 0.835672
vt 0.926693 0.837727
vt 0.693626 0.353884
vt 0.401840 0.839646
vt 0.401840 0.841701
vt 0.401840 0.850223
vt 0.401840 0.846663
vt 0.401840 0.925462
vt 0.401840 0.928839
vt 0.401840 0.994649
vt 0.857550 0.571397
vt 0.857488 0.582006
vt 0.879338 0.800257
vt 0.422707 0.841701
vt 0.422707 0.925507
vt 0.422707 0.998008
vt 0.943476 0.035448
vt 0.960481 0.151749
vt 0.960481 0.035448
vt 0.943476 0.151749
vt 0.916941 0.089621
vt 0.933946 0.035448
vt 0.916941 0.035448
vt 0.933946 0.089621
vt 0.916941 0.097576
vt 0.933946 0.097576
vt 0.933946 0.151749
vt 0.916941 0.151749
vt 0.401840 0.932976
vt 0.353151 0.976257
vt 0.673193 0.577420
vt 0.673193 0.427948
vt 0.660021 0.427948
vt 0.660021 0.577420
vt 0.558939 0.427844
vt 0.558939 0.577420
vt 0.569768 0.577420
vt 0.569768 0.427844
vt 0.695998 0.577420
vt 0.695998 0.427948
vt 0.682826 0.427948
vt 0.682826 0.577420
vt 0.975383 0.972283
vt 0.926693 0.929002
vt 0.401840 0.936431
vt 0.353151 0.979183
vt 0.975383 0.975209
vt 0.926693 0.932457
vt 0.411384 0.326359
vt 0.427949 0.319899
vt 0.411384 0.319899
vt 0.427949 0.326359
vt 0.411384 0.393938
vt 0.427949 0.393939
vt 0.454488 0.393938
vt 0.454488 0.268036
vt 0.437924 0.268036
vt 0.437924 0.393939
vt 0.411384 0.268036
vt 0.427949 0.268036
vt 0.458708 0.230591
vt 0.474721 0.117024
vt 0.458708 0.117024
vt 0.474721 0.230591
vt 0.449735 0.230591
vt 0.449735 0.181122
vt 0.433722 0.181122
vt 0.433722 0.230591
vt 0.449735 0.166492
vt 0.433722 0.166492
vt 0.433722 0.117023
vt 0.449735 0.117023
vt 0.926693 0.800257
vt 0.862147 0.800004
vt 0.584483 0.801038
vt 0.728219 0.301708
vt 0.728219 0.359509
vt 0.250638 0.154224
vt 0.231206 0.093528
vt 0.231206 0.154224
vt 0.250638 0.093527
vt 0.231206 0.089355
vt 0.250638 0.089355
vt 0.200884 0.154224
vt 0.220316 0.089355
vt 0.200884 0.089355
vt 0.220316 0.154224
vt 0.748197 0.151749
vt 0.748197 0.058426
vt 0.731192 0.151749
vt 0.731192 0.058426
vt 0.298456 0.313826
vt 0.284208 0.256406
vt 0.284208 0.313826
vt 0.298456 0.256406
vt 0.298456 0.334598
vt 0.284208 0.334598
vt 0.150809 0.269103
vt 0.150809 0.334497
vt 0.165058 0.269103
vt 0.165058 0.334497
vt 0.437154 0.797686
vt 0.228782 0.542561
vt 0.228782 0.580647
vt 0.248334 0.542561
vt 0.248334 0.580647
vt 0.132629 0.108930
vt 0.132629 0.134669
vt 0.135786 0.134669
vt 0.135786 0.108930
vt 0.120965 0.047717
vt 0.120965 0.022682
vt 0.109070 0.047717
vt 0.109070 0.022682
vt 0.051023 0.053055
vt 0.051023 0.020983
vt 0.039277 0.020983
vt 0.039277 0.053055
vt 0.172642 0.134669
vt 0.172642 0.108930
vt 0.146981 0.108930
vt 0.146981 0.134669
vt 0.709651 0.048022
vt 0.673467 0.048022
vt 0.673467 0.075589
vt 0.709651 0.075589
vt 0.673467 0.103492
vt 0.709651 0.103492
vt 0.709651 0.132531
vt 0.673467 0.132531
vt 0.812511 0.202897
vt 0.591858 0.601995
vt 0.591858 0.995863
vt 0.617870 0.167672
vt 0.601181 0.141369
vt 0.601105 0.167672
vt 0.617946 0.141369
vt 0.134197 0.021457
vt 0.134197 0.048942
vt 0.145796 0.021457
vt 0.145796 0.048942
vt 0.812975 0.165959
vt 0.796286 0.192262
vt 0.813051 0.192262
vt 0.796210 0.165959
vt 0.168131 0.048942
vt 0.168131 0.021457
vt 0.156531 0.021457
vt 0.156531 0.048942
vt 0.124478 0.021457
vt 0.124478 0.048942
vt 0.194326 0.022682
vt 0.178865 0.021457
vt 0.180684 0.022682
vt 0.197064 0.021457
vt 0.623034 0.146447
vt 0.622970 0.163638
vt 0.194326 0.047717
vt 0.197064 0.048942
vt 0.106280 0.021457
vt 0.106280 0.048942
vt 0.178865 0.048942
vt 0.180684 0.047717
vt 0.818139 0.187183
vt 0.818074 0.169992
vt 0.269375 0.460838
vt 0.975383 0.800257
vt 0.715626 0.292533
vt 0.839000 0.254089
vt 0.839000 0.224623
vt 0.839000 0.213505
vt 0.801901 0.281115
vt 0.804988 0.428445
vt 0.804988 0.281115
vt 0.839000 0.202897
vt 0.923421 0.213505
vt 0.923421 0.202897
vt 0.916285 0.213505
vt 0.916285 0.202897
vt 0.290288 0.593519
vt 0.319754 0.596061
vt 0.330872 0.593519
vt 0.319754 0.593519
vt 0.330872 0.601911
vt 0.171953 0.735841
vt 0.180909 0.735841
vt 0.180909 0.731625
vt 0.171953 0.731625
vt 0.803419 0.052226
vt 0.803419 0.035221
vt 0.798034 0.052226
vt 0.798034 0.035221
vt 0.847396 0.593519
vt 0.840259 0.593519
vt 0.847396 0.596878
vt 0.840259 0.596878
vt 0.131015 0.663456
vt 0.319754 0.708531
vt 0.330872 0.741349
vt 0.330872 0.666019
vt 0.596530 0.797686
vt 0.596530 0.603942
vt 0.743859 0.797686
vt 0.743859 0.603942
vt 0.743431 0.394077
vt 0.743431 0.587821
vt 0.746517 0.392131
vt 0.754361 0.502265
vt 0.754361 0.389794
vt 0.330872 0.652622
vt 0.840259 0.695903
vt 0.847396 0.698838
vt 0.847396 0.695903
vt 0.840259 0.698838
vt 0.817875 0.029248
vt 0.817875 0.012243
vt 0.813171 0.029248
vt 0.813171 0.012243
vt 0.180909 0.860129
vt 0.171953 0.860129
vt 0.180909 0.863812
vt 0.171953 0.863812
vt 0.180909 0.875978
vt 0.171953 0.875978
vt 0.180909 0.879162
vt 0.171953 0.879162
vt 0.832375 0.029248
vt 0.832375 0.012242
vt 0.828308 0.029248
vt 0.828308 0.012242
vt 0.847396 0.708531
vt 0.840259 0.711068
vt 0.847396 0.711068
vt 0.840259 0.708531
vt 0.319754 0.804231
vt 0.330872 0.744863
vt 0.348832 0.244512
vt 0.331766 0.378100
vt 0.348832 0.393939
vt 0.190609 0.860129
vt 0.190609 0.863812
vt 0.190609 0.875978
vt 0.190609 0.879162
vt 0.832531 0.711068
vt 0.832531 0.708531
vt 0.832531 0.698838
vt 0.832531 0.695903
vt 0.832531 0.596878
vt 0.832531 0.593519
vt 0.908556 0.213505
vt 0.908556 0.202897
vt 0.190609 0.735841
vt 0.190609 0.731625
vt 0.843445 0.029248
vt 0.854884 0.029248
vt 0.854884 0.012242
vt 0.843445 0.012242
vt 0.864636 0.012243
vt 0.864636 0.029248
vt 0.876076 0.012243
vt 0.876076 0.029248
vt 0.885828 0.029248
vt 0.901366 0.029248
vt 0.901366 0.012242
vt 0.885828 0.012242
vt 0.180909 0.971976
vt 0.190609 0.971976
vt 0.190609 0.970224
vt 0.180909 0.970224
vt 0.117348 0.451489
vt 0.130038 0.448188
vt 0.130038 0.446284
vt 0.840259 0.787295
vt 0.832531 0.783621
vt 0.832531 0.785017
vt 0.330872 0.764066
vt 0.330872 0.749826
vt 0.558902 0.072663
vt 0.539501 0.072663
vt 0.554748 0.074651
vt 0.539501 0.074651
vt 0.595665 0.390382
vt 0.595665 0.388201
vt 0.594212 0.388201
vt 0.594212 0.390382
vt 0.558902 0.099304
vt 0.554748 0.097317
vt 0.539501 0.099304
vt 0.539501 0.097317
vt 0.049913 0.225735
vt 0.052144 0.234018
vt 0.052141 0.225727
vt 0.049433 0.234025
vt 0.022416 0.225752
vt 0.029640 0.257020
vt 0.053139 0.337053
vt 0.036292 0.301664
vt 0.038362 0.337053
vt 0.181852 0.089366
vt 0.170106 0.054660
vt 0.170106 0.093479
vt 0.181852 0.054660
vt 0.042982 0.207621
vt 0.019270 0.207621
vt 0.648179 0.104964
vt 0.618333 0.132531
vt 0.660765 0.132531
vt 0.618317 0.105028
vt 0.129245 0.054660
vt 0.129245 0.093479
vt 0.132764 0.058155
vt 0.132764 0.090829
vt 0.030508 0.090767
vt 0.026989 0.058773
vt 0.026989 0.093479
vt 0.030507 0.061410
vt 0.640340 0.077061
vt 0.618100 0.077126
vt 0.638196 0.048022
vt 0.618480 0.048086
vt 0.562705 0.078158
vt 0.562705 0.093810
vt 0.141798 0.451295
vt 0.141798 0.347331
vt 0.140530 0.347331
vt 0.140530 0.451295
vt 0.163218 0.347331
vt 0.150833 0.451295
vt 0.163533 0.451295
vt 0.150833 0.347331
vt 0.034923 0.347325
vt 0.034923 0.451289
vt 0.038430 0.451286
vt 0.038430 0.347319
vt 0.048421 0.347319
vt 0.048421 0.451486
vt 0.051929 0.347325
vt 0.051929 0.451482
vt 0.130038 0.347331
vt 0.117653 0.347331
vt 0.594212 0.274917
vt 0.595665 0.274917
vt 0.251720 0.822678
vt 0.251720 0.818440
vt 0.251720 0.921579
vt 0.251720 0.917111
vt 0.251720 0.930386
vt 0.251720 0.927807
vt 0.053139 0.286250
vt 0.053139 0.234018
vt 0.033172 0.277662
vt 0.783842 0.751881
vt 0.783842 0.749826
vt 0.783842 0.741304
vt 0.783842 0.744863
vt 0.783842 0.666065
vt 0.783842 0.662688
vt 0.783842 0.596878
vt 0.783842 0.593519
vt 0.859867 0.213505
vt 0.859867 0.202897
vt 0.251720 0.735841
vt 0.251720 0.731625
vt 0.311156 0.731625
vt 0.311156 0.974836
vt 0.762975 0.764066
vt 0.762975 0.749826
vt 0.762975 0.744863
vt 0.762975 0.741349
vt 0.762975 0.666019
vt 0.762975 0.652622
vt 0.762975 0.593519
vt 0.762975 0.601911
vt 0.277910 0.731625
vt 0.907411 0.151749
vt 0.890405 0.035448
vt 0.890405 0.151749
vt 0.907411 0.035448
vt 0.880875 0.151749
vt 0.880875 0.097576
vt 0.863869 0.151749
vt 0.863869 0.097576
vt 0.880875 0.089622
vt 0.863869 0.089622
vt 0.863869 0.035448
vt 0.880875 0.035448
vt 0.330872 0.648485
vt 0.783842 0.658551
vt 0.762975 0.648485
vt 0.840259 0.615269
vt 0.832531 0.615269
vt 0.705631 0.455709
vt 0.719427 0.577420
vt 0.719427 0.455709
vt 0.705631 0.577420
vt 0.337795 0.577264
vt 0.324920 0.447170
vt 0.324920 0.577264
vt 0.337795 0.447170
vt 0.368108 0.577264
vt 0.368108 0.447170
vt 0.353362 0.447170
vt 0.353362 0.577264
vt 0.190609 0.758925
vt 0.180909 0.758925
vt 0.251720 0.813247
vt 0.330872 0.641075
vt 0.783842 0.655096
vt 0.762975 0.641075
vt 0.832531 0.612343
vt 0.840259 0.612343
vt 0.719427 0.451292
vt 0.705631 0.451292
vt 0.324920 0.442449
vt 0.337795 0.442449
vt 0.368108 0.442449
vt 0.353362 0.442449
vt 0.190609 0.755252
vt 0.180909 0.755252
vt 0.251720 0.808911
vt 0.481028 0.335616
vt 0.464463 0.335616
vt 0.464463 0.342076
vt 0.481028 0.342076
vt 0.481028 0.268037
vt 0.464463 0.268036
vt 0.507567 0.393939
vt 0.507567 0.268036
vt 0.491003 0.268037
vt 0.491003 0.393939
vt 0.464463 0.393939
vt 0.481028 0.393939
vt 0.424748 0.230591
vt 0.424748 0.117024
vt 0.408735 0.230591
vt 0.408735 0.117024
vt 0.399761 0.166492
vt 0.399761 0.117024
vt 0.383748 0.117024
vt 0.383748 0.166492
vt 0.399761 0.181122
vt 0.383748 0.181122
vt 0.399761 0.230591
vt 0.383748 0.230591
vt 0.251720 0.974836
vt 0.180909 0.974689
vt 0.190609 0.974836
vt 0.130038 0.451295
vt 0.832531 0.787295
vt 0.783842 0.787295
vt 0.762975 0.804231
vt 0.330872 0.804231
vt 0.763393 0.356443
vt 0.763220 0.386465
vt 0.771237 0.396609
vt 0.760306 0.386465
vt 0.064520 0.234018
vt 0.064520 0.286250
vt 0.172412 0.140548
vt 0.188535 0.190910
vt 0.188535 0.140548
vt 0.172412 0.190910
vt 0.188535 0.194372
vt 0.172412 0.194372
vt 0.163377 0.194372
vt 0.163377 0.140548
vt 0.147253 0.194372
vt 0.147253 0.140548
vt 0.719427 0.427948
vt 0.705631 0.427948
vt 0.337795 0.417497
vt 0.324920 0.417497
vt 0.368108 0.417497
vt 0.353362 0.417497
vt 0.261975 0.334598
vt 0.276223 0.256406
vt 0.261975 0.256406
vt 0.276223 0.334598
vt 0.239742 0.277178
vt 0.253990 0.334598
vt 0.253990 0.277177
vt 0.239742 0.334598
vt 0.239742 0.256406
vt 0.253990 0.256406
vt 0.760390 0.271472
vt 0.783056 0.167444
vt 0.760390 0.167444
vt 0.783056 0.271472
vt 0.763220 0.389817
vt 0.130038 0.474393
vt 0.090115 0.243010
vt 0.090115 0.207621
vt 0.071947 0.207621
vt 0.071947 0.243010
vt 0.010621 0.131849
vt 0.017125 0.078815
vt 0.010621 0.078815
vt 0.017125 0.131849
vt 0.032910 0.147309
vt 0.045139 0.121570
vt 0.032910 0.121570
vt 0.045139 0.147309
vt 0.061611 0.020983
vt 0.061611 0.053055
vt 0.073357 0.020983
vt 0.073357 0.053055
vt 0.233107 0.082270
vt 0.233107 0.051249
vt 0.202180 0.082270
vt 0.202180 0.051249
vt 0.731071 0.252589
vt 0.710967 0.252589
vt 0.731071 0.267906
vt 0.710967 0.267906
vt 0.157799 0.058155
vt 0.161318 0.054660
vt 0.055543 0.061410
vt 0.059061 0.058773
vt 0.731071 0.237085
vt 0.710967 0.237085
vt 0.731071 0.220950
vt 0.710967 0.220950
vt 0.090115 0.267012
vt 0.071947 0.267012
vt 0.943886 0.242953
vt 0.785025 0.587821
vt 0.788112 0.440492
vt 0.788112 0.587821
vt 0.859466 0.242462
vt 0.866602 0.242503
vt 0.859528 0.231853
vt 0.866664 0.231895
vt 0.330872 0.998008
vt 0.319754 0.995444
vt 0.330872 0.989616
vt 0.026107 0.975788
vt 0.016894 0.975788
vt 0.026107 0.980125
vt 0.016894 0.980125
vt 0.918459 0.029248
vt 0.913075 0.012242
vt 0.913075 0.029248
vt 0.918459 0.012242
vt 0.840259 0.998008
vt 0.847396 0.998008
vt 0.847396 0.994649
vt 0.840259 0.994649
vt 0.777182 0.587821
vt 0.760306 0.389817
vt 0.763393 0.485066
vt 0.763393 0.475373
vt 0.771237 0.475373
vt 0.771237 0.485066
vt 0.330872 0.925507
vt 0.319754 0.882996
vt 0.319754 0.892689
vt 0.330872 0.846663
vt 0.596530 0.993215
vt 0.743859 0.993215
vt 0.743859 0.801038
vt 0.763393 0.584642
vt 0.760306 0.581994
vt 0.771237 0.587821
vt 0.840259 0.895623
vt 0.847396 0.895623
vt 0.847396 0.892689
vt 0.840259 0.892689
vt 0.928211 0.012242
vt 0.928211 0.029248
vt 0.932916 0.029248
vt 0.932916 0.012242
vt 0.026107 0.844148
vt 0.016894 0.847936
vt 0.026107 0.847936
vt 0.016894 0.844148
vt 0.131015 0.706284
vt 0.131015 0.668240
vt 0.026107 0.828357
vt 0.016894 0.831633
vt 0.026107 0.831633
vt 0.016894 0.828357
vt 0.943348 0.012242
vt 0.943348 0.029248
vt 0.947416 0.029248
vt 0.947416 0.012242
vt 0.847396 0.882996
vt 0.840259 0.880459
vt 0.840259 0.882996
vt 0.847396 0.880459
vt 0.763393 0.439041
vt 0.036086 0.844148
vt 0.036086 0.847936
vt 0.036086 0.831633
vt 0.036086 0.828357
vt 0.832531 0.880459
vt 0.832531 0.882996
vt 0.832531 0.892689
vt 0.832531 0.895623
vt 0.832531 0.994649
vt 0.832531 0.998008
vt 0.874331 0.242548
vt 0.874393 0.231940
vt 0.036086 0.975788
vt 0.036086 0.980125
vt 0.958485 0.012242
vt 0.969924 0.029248
vt 0.969924 0.012242
vt 0.958485 0.029248
vt 0.979677 0.034579
vt 0.991116 0.034579
vt 0.979677 0.017573
vt 0.991116 0.017573
vt 0.327488 0.111185
vt 0.312857 0.095173
vt 0.312857 0.111185
vt 0.327488 0.095173
vt 0.036086 0.734684
vt 0.036086 0.732881
vt 0.026107 0.730087
vt 0.832531 0.806509
vt 0.832531 0.807906
vt 0.763393 0.434079
vt 0.763393 0.419839
vt 0.575817 0.099304
vt 0.595218 0.099304
vt 0.591063 0.097317
vt 0.575817 0.097317
vt 0.595218 0.072663
vt 0.591063 0.074651
vt 0.575817 0.072663
vt 0.575817 0.074651
vt 0.832531 0.804231
vt 0.090115 0.287654
vt 0.071947 0.287654
vt 0.071947 0.318922
vt 0.090115 0.318922
vt 0.110664 0.225727
vt 0.109666 0.234018
vt 0.112892 0.225735
vt 0.140389 0.225752
vt 0.133165 0.257020
vt 0.109666 0.337053
vt 0.126513 0.301664
vt 0.109666 0.286250
vt 0.124442 0.337053
vt 0.127124 0.663456
vt 0.127124 0.668240
vt 0.120457 0.058773
vt 0.108711 0.093479
vt 0.120457 0.093479
vt 0.108711 0.054660
vt 0.095691 0.053055
vt 0.095691 0.020983
vt 0.083946 0.020983
vt 0.083946 0.053055
vt 0.119822 0.207621
vt 0.143534 0.207621
vt 0.071947 0.337053
vt 0.090115 0.337053
vt 0.262661 0.386753
vt 0.245725 0.386753
vt 0.245725 0.399626
vt 0.262661 0.399626
vt 0.687196 0.252589
vt 0.703779 0.267906
vt 0.703788 0.252625
vt 0.680203 0.267906
vt 0.059061 0.093479
vt 0.055542 0.090767
vt 0.161318 0.093479
vt 0.157799 0.090829
vt 0.691552 0.237085
vt 0.703909 0.237121
vt 0.245725 0.412685
vt 0.262661 0.412685
vt 0.692743 0.220950
vt 0.703698 0.220986
vt 0.262661 0.426277
vt 0.245725 0.426277
vt 0.599021 0.093810
vt 0.599021 0.078158
vt 0.140530 0.578358
vt 0.141798 0.578358
vt 0.163218 0.578358
vt 0.150833 0.578358
vt 0.034923 0.578352
vt 0.038430 0.578358
vt 0.048421 0.578358
vt 0.051929 0.578352
vt 0.117653 0.578358
vt 0.130038 0.578358
vt 0.608815 0.275094
vt 0.607362 0.393939
vt 0.608815 0.393939
vt 0.607362 0.274917
vt 0.098948 0.886461
vt 0.098948 0.890821
vt 0.098948 0.789320
vt 0.098948 0.784724
vt 0.098948 0.775664
vt 0.098948 0.778318
vt 0.129632 0.277662
vt 0.783842 0.804231
vt 0.783842 0.839646
vt 0.783842 0.841701
vt 0.783842 0.850223
vt 0.783842 0.846663
vt 0.783842 0.925462
vt 0.783842 0.928839
vt 0.783842 0.994649
vt 0.783842 0.998008
vt 0.923081 0.232223
vt 0.923019 0.242832
vt 0.098948 0.975788
vt 0.098948 0.980125
vt 0.160089 0.903817
vt 0.160089 0.729940
vt 0.762975 0.846663
vt 0.762975 0.925507
vt 0.762975 0.998008
vt 0.762975 0.989616
vt 0.160089 0.980125
vt 0.854339 0.035448
vt 0.837334 0.151749
vt 0.854339 0.151749
vt 0.837334 0.035448
vt 0.810798 0.035448
vt 0.810798 0.089622
vt 0.827804 0.089622
vt 0.827804 0.035448
vt 0.810798 0.097576
vt 0.827804 0.097576
vt 0.810798 0.151749
vt 0.827804 0.151749
vt 0.783842 0.932976
vt 0.832531 0.976257
vt 0.840259 0.976257
vt 0.377738 0.417497
vt 0.377738 0.547591
vt 0.391778 0.417497
vt 0.392294 0.547591
vt 0.601373 0.549582
vt 0.601373 0.427865
vt 0.589941 0.549582
vt 0.589941 0.427865
vt 0.416670 0.547591
vt 0.402630 0.417497
vt 0.402114 0.547591
vt 0.416670 0.417497
vt 0.026107 0.952043
vt 0.036086 0.952043
vt 0.098948 0.896162
vt 0.783842 0.936431
vt 0.832531 0.979183
vt 0.840259 0.979183
vt 0.392294 0.552312
vt 0.377738 0.552312
vt 0.589941 0.554041
vt 0.601373 0.554041
vt 0.402114 0.552312
vt 0.416670 0.552312
vt 0.026107 0.955821
vt 0.036086 0.955821
vt 0.098948 0.900623
vt 0.517542 0.326359
vt 0.534107 0.326359
vt 0.517542 0.319899
vt 0.534107 0.319899
vt 0.534107 0.393938
vt 0.517542 0.393939
vt 0.560646 0.268036
vt 0.544082 0.393938
vt 0.560646 0.393939
vt 0.544082 0.268036
vt 0.534107 0.268036
vt 0.517542 0.268036
vt 0.374774 0.230591
vt 0.358762 0.117024
vt 0.358762 0.230591
vt 0.374774 0.117024
vt 0.349788 0.181122
vt 0.333775 0.230591
vt 0.349788 0.230591
vt 0.333775 0.181122
vt 0.349788 0.166492
vt 0.333775 0.166492
vt 0.349788 0.117024
vt 0.333775 0.117024
vt 0.098948 0.729940
vt 0.596530 0.801038
vt 0.098285 0.234018
vt 0.098285 0.286250
vt 0.138218 0.144010
vt 0.122095 0.194372
vt 0.138218 0.194372
vt 0.122095 0.144010
vt 0.138218 0.140548
vt 0.122095 0.140548
vt 0.113059 0.194372
vt 0.096936 0.140548
vt 0.096936 0.194372
vt 0.113059 0.140548
vt 0.391778 0.577264
vt 0.377738 0.577264
vt 0.589941 0.577420
vt 0.601373 0.577420
vt 0.402630 0.577264
vt 0.416670 0.577264
vt 0.217509 0.256406
vt 0.217509 0.334598
vt 0.231757 0.334598
vt 0.231757 0.256406
vt 0.209524 0.256332
vt 0.195276 0.313752
vt 0.209524 0.313752
vt 0.195276 0.256332
vt 0.195276 0.334524
vt 0.209524 0.334524
vt 0.672704 0.251623
vt 0.672704 0.147595
vt 0.650038 0.147595
vt 0.650038 0.251623
vt 0.058001 0.120311
vt 0.058001 0.148569
vt 0.069927 0.120311
vt 0.069927 0.148569
vt 0.849367 0.192262
vt 0.849290 0.165959
vt 0.832601 0.192262
vt 0.832526 0.165959
vt 0.092889 0.106411
vt 0.080964 0.134669
vt 0.092889 0.134669
vt 0.080964 0.106411
vt 0.868917 0.165959
vt 0.885606 0.192262
vt 0.885682 0.165959
vt 0.868841 0.192262
vt 0.120766 0.107671
vt 0.122636 0.134669
vt 0.122636 0.106411
vt 0.120766 0.133410
vt 0.106741 0.107670
vt 0.103926 0.106411
vt 0.854454 0.187183
vt 0.854390 0.169992
vt 0.048009 0.148569
vt 0.048009 0.120311
vt 0.103926 0.134670
vt 0.106741 0.133410
vt 0.890770 0.171037
vt 0.890706 0.188228
vt 0.029298 0.120311
vt 0.029298 0.148569
vt 0.595665 0.393756
vt 0.594212 0.393939
vt 0.053139 0.225727
vt 0.036086 0.729940
vt 0.109666 0.225727
vt 0.174015 0.371047
vt 0.178225 0.578358
vt 0.178225 0.377419
vt 0.191104 0.571985
vt 0.187817 0.371047
vt 0.186894 0.578358
vt 0.199773 0.371047
vt 0.200009 0.578358
vt 0.203983 0.377419
vt 0.203983 0.578358
vt 0.216861 0.571985
vt 0.216861 0.371047
vt 0.212652 0.578358
vt 0.212887 0.371047
vt 0.794057 0.281115
vt 0.437154 0.603942
vt 0.191104 0.371047
vt 0.174938 0.578358
vt 0.804988 0.587821
vt 0.426490 0.417497
vt 0.428415 0.577264
vt 0.428415 0.417497
vt 0.426490 0.577264
vt 0.283586 0.019597
vt 0.297057 0.021849
vt 0.300058 0.019597
vt 0.283586 0.021849
vt 0.297057 0.041874
vt 0.300058 0.044126
vt 0.283586 0.044126
vt 0.283586 0.041874
vt 0.440603 0.577264
vt 0.440603 0.417497
vt 0.438678 0.417497
vt 0.438678 0.577264
vt 0.319236 0.044126
vt 0.335708 0.044126
vt 0.332706 0.041874
vt 0.319236 0.041874
vt 0.335708 0.019597
vt 0.332706 0.021849
vt 0.319236 0.019597
vt 0.319236 0.021849
vt 0.574160 0.577332
vt 0.574160 0.427860
vt 0.304962 0.038632
vt 0.304962 0.025090
vt 0.554546 0.577332
vt 0.554546 0.427860
vt 0.340612 0.038632
vt 0.340612 0.025090
vt 0.354886 0.044126
vt 0.371313 0.044126
vt 0.368356 0.041941
vt 0.354886 0.041941
vt 0.452733 0.547591
vt 0.452733 0.417497
vt 0.450866 0.417497
vt 0.450866 0.547591
vt 0.371313 0.019731
vt 0.368356 0.021916
vt 0.464921 0.547591
vt 0.464921 0.417497
vt 0.463054 0.417497
vt 0.463054 0.547591
vt 0.354886 0.019731
vt 0.354886 0.021916
vt 0.452733 0.552312
vt 0.450866 0.552312
vt 0.464921 0.552312
vt 0.463054 0.552312
vt 0.452733 0.577264
vt 0.450866 0.577264
vt 0.598917 0.012147
vt 0.614164 0.014619
vt 0.617510 0.012147
vt 0.598917 0.014619
vt 0.617510 0.039758
vt 0.614164 0.037285
vt 0.464921 0.577264
vt 0.463054 0.577264
vt 0.598917 0.039758
vt 0.598917 0.037285
vt 0.605410 0.427878
vt 0.605410 0.549589
vt 0.375536 0.039076
vt 0.375536 0.024780
vt 0.585904 0.427878
vt 0.585904 0.549589
vt 0.605410 0.554006
vt 0.585904 0.554006
vt 0.605410 0.577350
vt 0.585904 0.577350
vt 0.622289 0.034043
vt 0.622289 0.017862
vt 0.478197 0.577264
vt 0.478197 0.447170
vt 0.475242 0.447170
vt 0.475242 0.577264
vt 0.247151 0.056128
vt 0.260222 0.059483
vt 0.263893 0.056128
vt 0.247151 0.059483
vt 0.263893 0.082270
vt 0.260222 0.078915
vt 0.247151 0.078915
vt 0.247151 0.082270
vt 0.490477 0.447170
vt 0.493432 0.577264
vt 0.493432 0.447170
vt 0.490477 0.577264
vt 0.478197 0.442449
vt 0.475242 0.442449
vt 0.493432 0.442449
vt 0.490477 0.442449
vt 0.278285 0.082270
vt 0.295027 0.082270
vt 0.291356 0.078915
vt 0.278285 0.078915
vt 0.478197 0.417497
vt 0.475242 0.417497
vt 0.291356 0.059483
vt 0.295027 0.056128
vt 0.278285 0.056128
vt 0.278285 0.059483
vt 0.493432 0.417497
vt 0.490477 0.417497
vt 0.319845 0.447170
vt 0.319845 0.577264
vt 0.267004 0.076508
vt 0.267004 0.061890
vt 0.342871 0.577264
vt 0.342871 0.447170
vt 0.319845 0.442449
vt 0.342871 0.442449
vt 0.298138 0.076508
vt 0.298138 0.061890
vt 0.319845 0.417497
vt 0.342871 0.417497
vt 0.224133 0.044367
vt 0.209430 0.044367
vt 0.209430 0.047215
vt 0.227669 0.047215
vt 0.505712 0.417497
vt 0.507942 0.577264
vt 0.507942 0.417497
vt 0.505712 0.577264
vt 0.227669 0.019661
vt 0.224133 0.022509
vt 0.878744 0.529998
vt 0.878744 0.253227
vt 0.874880 0.253227
vt 0.874880 0.529998
vt 0.209430 0.019661
vt 0.209430 0.022509
vt 0.263046 0.022509
vt 0.248343 0.019661
vt 0.248343 0.022509
vt 0.266582 0.019661
vt 0.266582 0.047215
vt 0.263046 0.044367
vt 0.248343 0.047215
vt 0.248343 0.044367
vt 0.523189 0.427930
vt 0.523189 0.577402
vt 0.232944 0.040821
vt 0.232944 0.026055
vt 0.543374 0.427930
vt 0.543374 0.577402
vt 0.271855 0.040821
vt 0.271855 0.026055
s 0
f 1/1/1 2/2/1 3/3/1
f 4/4/2 5/5/2 6/6/2
f 7/7/3 8/8/3 9/9/3
f 9/9/3 10/10/3 7/7/3
f 11/11/3 9/9/3 8/8/3
f 12/12/4 13/13/4 14/14/4
f 15/15/3 16/16/3 17/17/3
f 17/17/3 18/18/3 15/15/3
f 19/19/5 20/20/5 21/21/5
f 22/22/6 23/23/6 24/24/6
f 25/25/7 26/4/7 27/26/7
f 28/4/7 29/27/7 30/5/7
f 31/25/7 29/27/7 28/4/7
f 32/28/3 33/29/3 34/30/3
f 23/23/6 22/22/6 35/31/6
f 36/32/4 37/33/4 38/34/4
f 39/35/4 40/36/4 41/33/4
f 42/34/4 41/33/4 40/36/4
f 9/9/3 33/29/3 32/28/3
f 43/37/5 44/38/5 45/39/5
f 44/38/5 43/37/5 46/40/5
f 47/41/3 48/42/3 49/43/3
f 48/42/3 47/41/3 50/44/3
f 51/45/4 52/46/4 53/47/4
f 53/47/4 54/48/4 51/45/4
f 55/49/4 56/50/4 57/51/4
f 57/51/4 58/52/4 55/49/4
f 59/53/3 60/54/3 61/55/3
f 60/54/3 59/53/3 62/56/3
f 63/57/5 64/58/5 65/59/5
f 64/58/5 63/57/5 66/60/5
f 32/28/3 34/30/3 67/61/3
f 68/34/4 69/36/4 70/62/4
f 71/63/4 51/45/4 54/48/4
f 54/48/4 72/64/4 71/63/4
f 51/45/4 71/63/4 73/52/4
f 73/52/4 71/63/4 74/65/4
f 73/52/4 75/66/4 76/49/4
f 75/66/4 73/52/4 74/65/4
f 77/67/5 78/60/5 79/68/5
f 79/68/5 78/60/5 80/57/5
f 77/67/5 81/69/5 45/39/5
f 77/67/5 45/39/5 78/60/5
f 45/39/5 81/69/5 82/70/5
f 82/70/5 43/37/5 45/39/5
f 21/21/5 20/20/5 83/71/5
f 12/12/4 84/72/4 13/13/4
f 85/73/1 86/74/1 87/75/1
f 86/74/1 88/76/1 87/75/1
f 89/77/8 90/78/8 91/79/8
f 90/78/8 89/77/8 92/80/8
f 93/81/3 94/82/3 95/83/3
f 94/82/3 96/84/3 95/83/3
f 97/85/4 98/86/4 99/87/4
f 100/88/5 101/89/5 102/90/5
f 103/91/9 104/92/9 105/93/9
f 103/91/1 105/93/1 106/94/1
f 107/92/1 108/95/1 109/93/1
f 107/92/1 110/96/1 108/95/1
f 111/97/1 112/95/1 113/96/1
f 112/95/1 111/97/1 114/98/1
f 35/31/6 22/22/6 115/99/6
f 116/100/3 117/101/3 118/102/3
f 117/101/3 116/100/3 119/103/3
f 120/104/5 100/88/5 121/105/5
f 122/106/10 123/107/10 124/108/10
f 123/107/10 125/109/10 124/108/10
f 126/110/1 127/111/1 128/112/1
f 129/111/1 130/113/1 131/112/1
f 130/113/1 129/111/1 132/114/1
f 133/115/1 134/116/1 135/117/1
f 134/116/1 133/115/1 136/118/1
f 137/119/6 138/120/6 115/99/6
f 138/120/6 35/31/6 115/99/6
f 139/121/1 140/122/1 141/123/1
f 140/122/1 139/121/1 142/124/1
f 143/125/4 144/126/4 145/127/4
f 146/128/4 145/127/4 144/126/4
f 147/113/1 148/129/1 149/112/1
f 148/129/1 147/113/1 150/130/1
f 151/131/11 152/132/11 153/106/11
f 152/132/11 154/107/11 153/106/11
f 155/133/12 156/134/12 157/135/12
f 156/134/12 158/136/12 157/135/12
f 159/137/1 160/138/1 161/139/1
f 160/138/1 159/137/1 162/140/1
f 163/141/3 164/142/3 165/143/3
f 166/144/3 164/142/3 163/141/3
f 167/145/6 168/146/6 169/147/6
f 167/145/6 170/148/6 168/146/6
f 171/149/3 172/143/3 173/142/3
f 172/143/3 171/149/3 174/150/3
f 175/151/6 176/145/6 177/147/6
f 178/152/6 176/145/6 175/151/6
f 179/140/1 180/153/1 181/138/1
f 180/153/1 179/140/1 182/154/1
f 183/155/13 184/156/13 185/133/13
f 184/156/13 186/134/13 185/133/13
f 187/154/1 188/157/1 189/153/1
f 188/157/1 187/154/1 190/158/1
f 191/159/14 192/160/14 193/155/14
f 192/160/14 194/156/14 193/155/14
f 195/92/15 196/161/15 197/96/15
f 196/161/15 195/92/15 198/162/15
f 80/57/5 100/88/5 102/90/5
f 102/90/5 79/68/5 80/57/5
f 199/163/6 200/164/6 201/165/6
f 200/164/6 199/163/6 202/166/6
f 203/167/5 204/168/5 205/169/5
f 204/168/5 203/167/5 206/170/5
s 1
f 207/171/16 208/172/17 209/173/16
f 210/174/17 209/173/16 208/172/17
s 0
f 211/175/3 212/174/3 213/176/3
f 212/174/3 211/175/3 214/173/3
s 1
f 215/177/18 216/178/18 217/175/18
f 215/177/18 217/175/18 218/176/18
s 0
f 219/179/4 220/180/4 221/181/4
f 222/182/4 221/181/4 220/180/4
f 223/183/6 224/184/6 225/185/6
f 224/184/6 223/183/6 226/186/6
f 76/49/4 97/85/4 99/87/4
f 97/85/4 76/49/4 75/66/4
f 227/187/4 71/63/4 72/64/4
f 72/64/4 228/188/4 227/187/4
f 229/189/4 230/66/4 231/190/4
f 232/65/4 231/190/4 230/66/4
f 97/85/4 233/191/4 98/86/4
f 233/191/4 97/85/4 234/192/4
f 235/114/1 236/111/1 237/118/1
f 235/114/1 237/118/1 238/193/1
f 239/108/19 240/109/19 241/194/19
f 240/109/19 242/195/19 241/194/19
f 121/105/5 243/196/5 244/197/5
f 244/197/5 120/104/5 121/105/5
f 102/90/5 245/198/5 246/199/5
f 245/198/5 102/90/5 101/89/5
f 247/200/5 79/68/5 248/201/5
f 79/68/5 247/200/5 77/67/5
f 82/70/5 249/202/5 250/203/5
f 249/202/5 82/70/5 81/69/5
f 251/204/5 252/71/5 253/205/5
f 251/204/5 254/21/5 252/71/5
f 255/206/1 256/207/1 257/208/1
f 256/207/1 255/206/1 258/209/1
f 12/12/4 259/210/4 84/72/4
f 84/72/4 259/210/4 260/211/4
f 228/188/4 261/212/4 227/187/4
f 262/213/4 227/187/4 261/212/4
f 227/187/4 262/213/4 263/190/4
f 262/213/4 264/189/4 263/190/4
f 262/213/4 234/192/4 264/189/4
f 262/213/4 233/191/4 234/192/4
f 265/193/1 266/118/1 267/115/1
f 268/214/5 244/197/5 243/196/5
f 269/215/5 246/199/5 245/198/5
f 269/215/5 248/201/5 246/199/5
f 247/200/5 248/201/5 269/215/5
f 270/216/5 247/200/5 269/215/5
f 247/200/5 270/216/5 249/202/5
f 270/216/5 250/203/5 249/202/5
f 271/217/5 272/205/5 273/218/5
f 272/205/5 271/217/5 274/204/5
f 1/1/1 257/208/1 2/2/1
f 2/2/1 257/208/1 256/207/1
f 261/212/4 260/211/4 259/210/4
f 275/219/6 276/220/6 277/221/6
f 276/220/6 275/219/6 278/222/6
f 279/223/20 280/224/20 281/225/20
f 279/223/20 281/225/20 282/226/20
f 283/226/3 284/227/3 285/223/3
f 284/227/3 283/226/3 286/228/3
f 287/227/21 288/229/21 289/230/21
f 288/229/21 287/227/21 290/228/21
f 270/216/5 291/231/5 250/203/5
f 20/20/5 43/37/5 292/232/5
f 82/70/5 292/232/5 43/37/5
s 1
f 293/233/5 294/234/22 295/235/5
f 294/234/22 293/233/5 296/236/23
s 0
f 297/237/3 298/238/3 299/239/3
f 298/238/3 297/237/3 300/240/3
s 1
f 301/241/4 302/242/4 303/243/24
f 304/244/25 303/243/24 302/242/4
s 0
f 54/48/4 13/13/4 305/245/4
f 54/48/4 305/245/4 72/64/4
f 306/246/4 261/212/4 228/188/4
f 270/216/5 307/247/5 291/231/5
f 292/232/5 291/231/5 307/247/5
f 307/247/5 308/248/5 292/232/5
f 308/248/5 20/20/5 292/232/5
f 13/13/4 309/249/4 305/245/4
f 310/250/4 305/245/4 309/249/4
f 305/245/4 310/250/4 306/246/4
f 310/250/4 261/212/4 306/246/4
f 311/251/3 312/252/3 313/253/3
f 313/253/3 312/252/3 314/254/3
f 315/254/26 316/255/26 317/253/26
f 316/255/26 315/254/26 318/256/26
f 319/257/6 320/258/6 321/259/6
f 322/260/6 321/259/6 320/258/6
f 323/261/27 324/252/27 325/262/27
f 326/251/27 325/262/27 324/252/27
f 327/263/3 328/264/3 329/265/3
f 327/263/3 329/265/3 330/266/3
f 331/267/28 332/268/28 333/269/28
f 334/270/28 333/269/28 332/268/28
f 335/271/6 336/270/6 337/272/6
f 336/270/6 338/268/6 337/272/6
f 339/272/29 340/273/29 341/271/29
f 342/274/29 341/271/29 340/273/29
f 343/275/4 233/191/4 262/213/4
f 99/87/4 98/86/4 344/276/4
f 120/104/5 101/89/5 100/88/5
f 245/198/5 268/214/5 269/215/5
f 268/214/5 245/198/5 244/197/5
f 67/61/3 34/30/3 345/277/3
f 346/34/4 347/62/4 348/278/4
f 38/34/4 349/278/4 350/279/4
f 351/280/30 352/281/30 353/102/30
f 354/118/1 355/111/1 356/282/1
f 354/118/1 356/282/1 357/283/1
f 358/284/31 359/285/31 360/286/31
s 1
f 359/285/31 358/284/31 361/287/31
s 0
f 362/286/6 363/288/6 364/289/6
f 363/288/6 362/286/6 365/285/6
f 366/290/3 367/291/3 368/292/3
f 366/290/3 368/292/3 369/293/3
f 370/294/30 371/281/30 372/280/30
f 373/294/3 374/295/3 375/281/3
f 11/11/3 33/29/3 9/9/3
f 273/218/5 307/247/5 270/216/5
f 307/247/5 273/218/5 272/205/5
f 20/20/5 308/248/5 83/71/5
f 84/72/4 309/249/4 13/13/4
f 261/212/4 310/250/4 260/211/4
f 376/296/3 377/297/3 378/298/3
f 377/297/3 376/296/3 379/299/3
f 380/300/32 381/301/32 382/302/32
f 381/301/32 380/300/32 383/303/32
f 384/304/6 385/303/6 386/300/6
f 385/303/6 384/304/6 387/305/6
f 388/306/8 389/307/8 390/308/8
f 389/307/8 388/306/8 391/309/8
f 392/310/8 393/311/8 394/312/8
f 395/313/33 396/314/33 397/315/33
s 1
f 396/314/33 395/313/33 398/316/33
s 0
f 392/310/8 399/317/8 393/311/8
f 400/318/6 22/22/6 401/319/6
f 402/320/3 403/321/3 404/322/3
f 405/323/4 406/324/4 407/325/4
f 408/326/4 409/327/4 410/328/4
f 411/329/3 412/330/3 413/331/3
f 412/330/3 411/329/3 414/332/3
f 415/333/5 416/334/5 417/335/5
f 418/316/34 419/336/34 420/337/34
f 421/338/34 422/316/34 423/313/34
f 422/316/34 421/338/34 424/336/34
f 425/339/3 426/340/3 427/341/3
f 428/342/30 429/100/30 430/343/30
f 431/343/3 432/344/3 433/345/3
f 434/346/4 435/347/4 436/348/4
f 437/348/4 438/347/4 439/349/4
f 437/348/4 439/349/4 440/350/4
f 402/320/3 425/339/3 427/341/3
f 441/351/5 442/352/5 443/353/5
f 443/353/5 442/352/5 444/354/5
f 445/355/3 446/356/3 447/357/3
f 447/357/3 446/356/3 448/358/3
f 449/359/4 450/360/4 451/361/4
f 450/360/4 449/359/4 452/362/4
f 453/363/4 454/364/4 455/365/4
f 455/365/4 454/364/4 456/366/4
f 457/367/3 458/368/3 459/369/3
f 459/369/3 458/368/3 460/370/3
f 461/371/5 462/372/5 463/373/5
f 462/372/5 461/371/5 464/374/5
f 449/359/4 465/375/4 452/362/4
f 452/362/4 465/375/4 466/376/4
f 449/359/4 456/366/4 465/375/4
f 456/366/4 467/377/4 465/375/4
f 468/366/4 469/378/4 470/377/4
f 469/378/4 468/366/4 471/364/4
f 472/379/5 463/373/5 473/380/5
f 463/373/5 472/379/5 461/371/5
f 473/380/5 441/351/5 474/381/5
f 441/351/5 473/380/5 463/373/5
f 474/381/5 441/351/5 475/382/5
f 475/382/5 441/351/5 443/353/5
f 476/334/5 477/383/5 478/335/5
f 408/326/4 410/328/4 479/384/4
f 480/385/8 481/386/8 482/387/8
f 482/387/8 481/386/8 483/388/8
f 484/389/1 485/390/1 486/391/1
f 484/389/1 486/391/1 487/392/1
f 488/393/3 489/394/3 490/395/3
f 490/395/3 489/394/3 491/396/3
f 492/397/4 493/398/4 494/399/4
f 100/88/5 495/400/5 496/401/5
f 497/402/35 498/403/35 499/404/35
f 499/404/8 498/403/8 500/405/8
f 499/404/8 501/406/8 497/402/8
f 497/402/8 501/406/8 502/407/8
f 503/408/8 501/406/8 504/409/8
f 501/406/8 503/408/8 502/407/8
f 505/410/8 506/411/8 507/412/8
f 508/413/8 509/412/8 510/411/8
f 509/412/8 508/413/8 511/414/8
f 512/415/8 513/416/8 514/417/8
f 513/416/8 512/415/8 515/418/8
f 516/419/8 517/420/8 518/421/8
f 517/420/8 516/419/8 519/422/8
f 520/413/8 521/423/8 522/424/8
f 521/423/8 520/413/8 523/411/8
f 524/425/8 525/426/8 526/427/8
f 525/426/8 524/425/8 527/428/8
f 528/151/6 529/429/6 530/152/6
f 530/152/6 529/429/6 531/430/6
f 532/431/3 533/141/3 534/432/3
f 533/141/3 532/431/3 535/144/3
f 536/427/8 537/433/8 538/434/8
f 537/433/8 536/427/8 539/426/8
f 540/434/8 541/435/8 542/436/8
f 541/435/8 540/434/8 543/433/8
f 544/402/36 545/437/36 546/438/36
f 545/437/36 544/402/36 547/407/36
f 100/88/5 461/371/5 495/400/5
f 472/379/5 495/400/5 461/371/5
f 548/165/6 549/439/6 550/440/6
f 549/439/6 548/165/6 551/164/6
f 552/441/5 553/168/5 554/170/5
f 552/441/5 554/170/5 555/442/5
s 1
f 556/173/37 557/443/38 558/444/37
f 556/173/37 558/444/37 559/171/38
s 0
f 560/175/3 561/445/3 562/443/3
f 560/175/3 562/443/3 563/173/3
s 1
f 564/445/39 565/175/39 566/446/39
f 567/178/39 566/446/39 565/175/39
s 0
f 568/447/4 569/182/4 570/448/4
f 568/447/4 570/448/4 571/449/4
f 572/450/6 573/451/6 574/452/6
f 573/451/6 572/450/6 575/453/6
f 454/364/4 492/397/4 576/378/4
f 492/397/4 454/364/4 493/398/4
f 577/454/4 466/376/4 578/455/4
f 465/375/4 578/455/4 466/376/4
f 579/378/4 580/456/4 581/457/4
f 581/457/4 582/377/4 579/378/4
f 583/458/4 492/397/4 494/399/4
f 492/397/4 583/458/4 584/459/4
f 585/418/8 586/414/8 587/460/8
f 586/414/8 585/418/8 588/412/8
f 589/461/5 495/400/5 590/462/5
f 495/400/5 589/461/5 496/401/5
f 472/379/5 591/463/5 592/464/5
f 591/463/5 472/379/5 473/380/5
f 593/465/5 475/382/5 594/466/5
f 475/382/5 593/465/5 474/381/5
f 595/334/5 596/467/5 597/383/5
f 598/468/8 599/469/8 399/317/8
f 406/324/4 408/326/4 479/384/4
f 406/324/4 479/384/4 407/325/4
f 577/454/4 578/455/4 405/323/4
f 600/470/4 578/455/4 601/457/4
f 578/455/4 600/470/4 405/323/4
f 600/470/4 601/457/4 602/456/4
f 600/470/4 602/456/4 584/459/4
f 600/470/4 584/459/4 583/458/4
f 603/460/8 604/416/8 605/418/8
f 606/471/5 589/461/5 590/462/5
f 606/471/5 590/462/5 592/464/5
f 591/463/5 606/471/5 592/464/5
f 607/472/5 591/463/5 593/465/5
f 591/463/5 607/472/5 606/471/5
f 607/472/5 593/465/5 594/466/5
f 416/334/5 608/473/5 609/467/5
f 392/310/8 598/468/8 399/317/8
f 610/474/6 611/475/6 612/476/6
f 611/475/6 610/474/6 613/477/6
f 614/478/21 615/479/21 616/480/21
f 615/479/21 614/478/21 617/481/21
f 618/481/3 619/478/3 620/482/3
f 620/482/3 621/483/3 618/481/3
f 622/484/20 623/482/20 624/485/20
f 623/482/20 622/484/20 625/483/20
f 607/472/5 594/466/5 626/486/5
f 443/353/5 417/335/5 627/487/5
f 627/487/5 475/382/5 443/353/5
s 1
f 628/488/5 629/489/5 630/490/40
f 628/488/5 630/490/40 631/491/41
s 0
f 632/492/3 633/493/3 634/494/3
f 632/492/3 634/494/3 635/495/3
s 1
f 636/496/42 637/497/43 638/498/4
f 636/496/42 638/498/4 639/499/4
s 0
f 640/500/4 452/362/4 466/376/4
f 410/328/4 452/362/4 640/500/4
f 641/501/4 577/454/4 405/323/4
f 607/472/5 626/486/5 642/502/5
f 643/503/5 642/502/5 627/487/5
f 626/486/5 627/487/5 642/502/5
f 643/503/5 627/487/5 417/335/5
f 410/328/4 640/500/4 644/504/4
f 640/500/4 645/505/4 644/504/4
f 645/505/4 640/500/4 641/501/4
f 645/505/4 405/323/4 407/325/4
f 646/506/3 647/507/3 648/508/3
f 647/507/3 646/506/3 649/509/3
f 650/510/44 651/509/44 652/506/44
f 651/509/44 650/510/44 653/511/44
f 654/512/6 655/513/6 656/514/6
f 654/512/6 656/514/6 657/515/6
f 658/507/45 659/516/45 660/508/45
f 659/516/45 658/507/45 661/517/45
f 662/518/3 663/519/3 664/520/3
f 663/519/3 662/518/3 665/521/3
f 666/522/29 667/523/29 668/524/29
f 666/522/29 668/524/29 669/525/29
f 670/526/6 671/527/6 672/523/6
f 672/523/6 671/527/6 673/524/6
f 674/528/28 675/526/28 676/529/28
f 675/526/28 674/528/28 677/527/28
f 678/530/4 600/470/4 583/458/4
f 121/105/5 100/88/5 496/401/5
f 268/214/5 243/196/5 606/471/5
f 606/471/5 243/196/5 589/461/5
f 425/339/3 345/277/3 426/340/3
f 435/347/4 679/531/4 680/349/4
f 431/343/3 681/532/3 432/344/3
f 682/100/30 683/532/30 684/343/30
f 685/418/8 686/533/8 687/412/8
f 686/533/8 685/418/8 688/534/8
s 1
f 689/535/46 690/536/46 691/537/46
s 0
f 690/536/46 689/535/46 692/538/46
f 693/538/6 694/539/6 695/536/6
f 694/539/6 693/538/6 696/540/6
f 697/541/3 698/542/3 699/543/3
f 698/542/3 697/541/3 700/544/3
f 403/321/3 402/320/3 427/341/3
f 608/473/5 642/502/5 609/467/5
f 642/502/5 608/473/5 607/472/5
f 417/335/5 701/383/5 643/503/5
f 702/384/4 703/328/4 704/504/4
f 705/545/3 706/546/3 707/547/3
f 708/548/3 707/547/3 706/546/3
f 709/549/47 710/550/47 711/551/47
f 710/550/47 709/549/47 712/552/47
f 713/553/6 714/551/6 715/554/6
f 714/551/6 713/553/6 716/549/6
f 717/555/1 718/556/1 719/557/1
f 720/558/1 719/557/1 718/556/1
f 721/559/48 722/100/48 723/102/48
f 724/349/4 725/278/4 726/62/4
f 725/278/4 724/349/4 727/531/4
f 345/277/3 425/339/3 67/61/3
f 728/180/4 570/448/4 569/182/4
f 729/560/49 730/561/49 731/562/49
f 731/562/49 730/561/49 732/563/49
f 733/564/50 734/565/50 735/566/50
f 733/564/50 735/566/50 736/567/50
f 737/568/51 738/569/51 739/570/51
f 740/571/51 739/570/51 738/569/51
f 741/572/52 742/573/52 743/574/52
f 741/572/52 743/574/52 744/575/52
f 745/576/53 746/577/53 747/578/53
f 745/576/53 747/578/53 748/579/53
f 749/580/54 750/581/54 751/582/54
f 749/580/54 751/582/54 752/583/54
f 753/148/6 754/430/6 755/429/6
f 753/148/6 755/429/6 756/146/6
f 757/149/3 758/431/3 759/432/3
f 757/149/3 759/432/3 760/150/3
f 761/583/55 762/582/55 763/584/55
f 761/583/55 763/584/55 764/585/55
f 765/584/56 766/586/56 767/585/56
f 766/586/56 765/584/56 768/587/56
f 769/194/57 770/195/57 771/560/57
f 769/194/57 771/560/57 772/562/57
f 1/1/1 3/3/1 773/588/1
f 774/280/3 775/102/3 776/101/3
f 774/280/3 776/101/3 777/589/3
f 778/100/3 779/342/3 780/590/3
f 778/100/3 780/590/3 781/103/3
f 782/591/1 783/592/1 784/593/1
f 783/592/1 782/591/1 785/594/1
f 786/595/4 787/596/4 788/597/4
f 789/598/4 788/597/4 787/596/4
f 790/599/8 791/600/8 792/601/8
f 791/600/8 790/599/8 793/602/8
f 794/603/5 795/604/5 796/605/5
f 794/603/5 796/605/5 797/606/5
f 798/569/58 799/568/58 800/607/58
f 801/608/58 800/607/58 799/568/58
s 1
f 802/609/59 803/610/60 804/611/60
f 803/610/60 802/609/59 805/612/59
s 0
f 806/591/61 807/613/62 808/594/61
s 1
f 807/613/63 806/591/63 809/614/64
s 0
f 810/615/65 811/612/65 812/609/65
f 813/616/65 811/612/65 810/615/65
f 814/617/66 815/618/66 816/570/66
f 814/617/66 816/570/66 817/571/66
s 1
f 818/619/67 819/616/68 820/615/69
f 818/619/67 820/615/69 821/620/67
f 822/599/70 823/621/71 824/622/71
s 0
f 822/599/72 825/601/72 823/621/73
f 826/610/74 827/619/74 828/620/74
f 826/610/74 828/620/74 829/611/74
s 1
f 830/110/75 831/623/75 832/111/75
s 0
f 493/398/4 833/624/4 494/399/4
f 834/625/76 835/410/76 836/412/76
f 837/626/1 773/588/1 3/3/1
f 838/627/1 839/628/1 840/588/1
f 841/629/2 842/630/2 843/631/2
f 842/630/2 841/629/2 844/26/2
f 845/628/1 846/632/1 773/588/1
f 847/633/1 848/634/1 849/635/1
f 849/635/1 848/634/1 850/636/1
f 10/10/3 851/637/3 7/7/3
f 852/638/3 853/639/3 854/640/3
f 853/639/3 852/638/3 855/641/3
f 856/642/5 857/643/5 858/644/5
f 858/644/5 859/645/5 856/642/5
f 860/646/3 861/647/3 862/648/3
f 862/648/3 861/647/3 863/649/3
f 864/650/4 865/651/4 866/652/4
f 866/652/4 865/651/4 867/653/4
f 868/629/7 869/25/7 870/26/7
f 24/24/6 871/654/6 22/22/6
f 872/655/3 873/656/3 874/657/3
f 875/589/77 876/658/77 877/659/77
f 878/660/3 879/659/3 880/658/3
f 879/659/3 878/660/3 881/661/3
f 882/662/5 883/663/5 884/664/5
f 885/664/5 886/663/5 887/665/5
f 887/665/5 888/666/5 885/664/5
f 852/638/3 872/655/3 889/667/3
f 889/667/3 872/655/3 874/657/3
f 890/668/4 891/669/4 892/670/4
f 891/669/4 890/668/4 893/671/4
f 894/672/3 895/673/3 896/674/3
f 896/674/3 895/673/3 897/675/3
f 898/676/5 899/677/5 900/678/5
f 900/678/5 899/677/5 901/679/5
f 902/680/5 903/681/5 904/682/5
f 904/682/5 903/681/5 905/683/5
f 906/684/3 907/685/3 908/686/3
f 908/686/3 907/685/3 909/687/3
f 910/688/4 911/689/4 912/690/4
f 911/689/4 910/688/4 913/691/4
f 872/655/3 914/692/3 915/693/3
f 872/655/3 915/693/3 873/656/3
f 916/694/5 917/695/5 918/696/5
f 919/697/5 898/676/5 920/698/5
f 920/698/5 898/676/5 900/678/5
f 920/698/5 902/680/5 921/699/5
f 902/680/5 920/698/5 900/678/5
f 922/700/5 923/680/5 924/682/5
f 923/680/5 922/700/5 925/699/5
f 926/701/4 911/689/4 913/691/4
f 913/691/4 927/702/4 926/701/4
f 913/691/4 893/671/4 927/702/4
f 893/671/4 928/703/4 927/702/4
f 890/668/4 929/704/4 893/671/4
f 893/671/4 929/704/4 928/703/4
f 930/705/4 867/653/4 865/651/4
f 865/651/4 931/706/4 930/705/4
f 849/635/1 850/636/1 932/707/1
f 932/707/1 850/636/1 933/708/1
f 857/643/5 934/709/5 935/710/5
f 935/710/5 858/644/5 857/643/5
f 936/711/1 937/712/1 938/713/1
f 936/711/1 938/713/1 939/714/1
f 940/715/8 941/716/8 942/717/8
f 942/717/8 941/716/8 943/718/8
f 944/719/3 945/720/3 946/721/3
f 944/719/3 946/721/3 947/722/3
f 948/723/5 949/724/5 950/725/5
f 950/725/5 951/726/5 948/723/5
f 952/727/5 953/728/5 954/729/5
f 955/730/4 956/731/4 957/732/4
f 914/692/3 958/733/3 959/734/3
f 960/735/78 961/736/78 962/737/78
f 963/738/1 962/737/1 961/736/1
f 964/739/6 965/740/6 966/741/6
f 964/739/6 966/741/6 967/742/6
f 968/743/1 969/735/1 970/744/1
f 970/744/1 969/735/1 971/737/1
f 972/745/1 973/744/1 974/746/1
f 973/744/1 972/745/1 975/743/1
f 976/747/1 977/748/1 978/749/1
f 977/748/1 976/747/1 979/750/1
f 980/751/1 981/750/1 982/747/1
f 981/750/1 980/751/1 983/752/1
f 984/753/1 985/754/1 986/755/1
f 987/756/1 988/757/1 989/758/1
f 988/757/1 987/756/1 990/759/1
f 991/760/1 992/751/1 993/747/1
f 992/751/1 991/760/1 994/761/1
f 995/762/1 996/763/1 997/764/1
f 996/763/1 995/762/1 998/765/1
f 999/766/6 1000/767/6 1001/768/6
f 1001/768/6 1000/767/6 1002/769/6
f 1003/770/3 1004/771/3 1005/772/3
f 1004/771/3 1003/770/3 1006/773/3
f 1007/774/1 1008/765/1 1009/762/1
f 1008/765/1 1007/774/1 1010/775/1
f 1011/776/1 1012/775/1 1013/774/1
f 1012/775/1 1011/776/1 1014/777/1
f 1015/778/79 1016/743/79 1017/779/79
f 1018/735/79 1016/743/79 1015/778/79
f 914/692/3 959/734/3 915/693/3
f 955/730/4 911/689/4 956/731/4
f 956/731/4 911/689/4 926/701/4
f 1019/780/6 1020/781/6 1021/782/6
f 1019/780/6 1021/782/6 1022/783/6
f 1023/784/4 1024/785/4 1025/786/4
f 1024/785/4 1023/784/4 1026/787/4
f 1027/788/80 1028/789/80 1029/790/80
f 1027/788/80 1029/790/80 1030/791/80
f 1031/790/81 1032/792/81 1033/791/81
s 1
f 1032/792/82 1031/790/82 1034/793/82
s 0
f 1035/793/83 1036/794/83 1037/792/83
f 1036/794/83 1035/793/83 1038/795/83
f 954/729/5 1039/796/5 1040/797/5
f 1040/797/5 952/727/5 954/729/5
f 1041/798/6 966/741/6 1042/799/6
f 965/740/6 1042/799/6 966/741/6
f 904/682/5 950/725/5 1043/700/5
f 950/725/5 904/682/5 951/726/5
f 920/698/5 1044/800/5 919/697/5
f 1045/801/5 919/697/5 1044/800/5
f 1046/700/5 1047/802/5 1048/803/5
f 1048/803/5 1049/699/5 1046/700/5
f 950/725/5 1050/804/5 1051/805/5
f 1050/804/5 950/725/5 949/724/5
f 1052/748/1 1053/806/1 1054/807/1
f 1055/750/1 1053/806/1 1052/748/1
f 1056/806/1 1057/750/1 1058/752/1
f 1056/806/1 1058/752/1 1059/808/1
f 956/731/4 1060/809/4 957/732/4
f 1060/809/4 956/731/4 1061/810/4
f 1062/811/4 926/701/4 927/702/4
f 926/701/4 1062/811/4 1063/812/4
f 929/704/4 1064/813/4 928/703/4
f 1064/813/4 929/704/4 1065/814/4
f 1066/815/4 930/705/4 931/706/4
f 931/706/4 1067/816/4 1066/815/4
f 1068/817/1 932/707/1 933/708/1
f 1068/817/1 933/708/1 1069/818/1
f 934/709/5 1070/819/5 1071/820/5
f 1071/820/5 935/710/5 934/709/5
f 1045/801/5 1044/800/5 1072/821/5
f 1073/822/5 1044/800/5 1074/803/5
f 1044/800/5 1073/822/5 1072/821/5
f 1073/822/5 1074/803/5 1075/802/5
f 1073/822/5 1075/802/5 1051/805/5
f 1073/822/5 1051/805/5 1050/804/5
f 1076/753/1 1077/806/1 1078/754/1
f 1079/808/1 1078/754/1 1077/806/1
f 1080/823/4 1060/809/4 1081/824/4
f 1061/810/4 1081/824/4 1060/809/4
f 1063/812/4 1082/825/4 1061/810/4
f 1061/810/4 1082/825/4 1081/824/4
f 1063/812/4 1083/826/4 1082/825/4
f 1083/826/4 1063/812/4 1062/811/4
f 1084/827/4 1083/826/4 1064/813/4
f 1062/811/4 1064/813/4 1083/826/4
f 1065/814/4 1084/827/4 1064/813/4
f 1084/827/4 1065/814/4 1085/828/4
f 1066/815/4 1086/829/4 1087/830/4
f 1086/829/4 1066/815/4 1067/816/4
f 845/628/1 1068/817/1 1069/818/1
f 845/628/1 1069/818/1 846/632/1
f 1088/831/5 1071/820/5 1070/819/5
f 1089/832/6 1090/833/6 1091/834/6
f 1090/833/6 1089/832/6 1092/835/6
f 1093/836/20 1094/837/20 1095/838/20
f 1096/839/20 1095/838/20 1094/837/20
f 1097/839/3 1098/840/3 1099/841/3
f 1098/840/3 1097/839/3 1100/837/3
f 1101/842/21 1102/840/21 1103/843/21
f 1102/840/21 1101/842/21 1104/841/21
f 852/638/3 889/667/3 1105/844/3
f 1106/845/4 1085/828/4 1065/814/4
f 1085/828/4 1106/845/4 1107/846/4
f 890/668/4 1108/847/4 1109/848/4
f 890/668/4 1109/848/4 929/704/4
s 1
f 1110/849/4 1111/850/84 1112/851/84
f 1111/850/84 1110/849/4 1113/852/4
s 0
f 1114/853/3 1115/854/3 1116/855/3
f 1115/854/3 1114/853/3 1117/856/3
s 1
f 1118/857/5 1119/858/5 1120/859/85
f 1118/857/5 1120/859/85 1121/860/85
s 0
f 1122/697/5 1123/861/5 1124/862/5
f 1122/697/5 1124/862/5 1125/676/5
f 1126/863/5 1045/801/5 1072/821/5
f 852/638/3 1105/844/3 1127/864/3
f 1128/865/4 1107/846/4 1106/845/4
f 1107/846/4 1128/865/4 1129/866/4
f 1106/845/4 1109/848/4 1128/865/4
f 1130/867/4 1128/865/4 1109/848/4
f 1131/868/4 1130/867/4 1108/847/4
f 1108/847/4 1130/867/4 1109/848/4
s 1
f 1132/869/84 1110/849/4 1112/851/84
f 1110/849/4 1132/869/84 1133/870/4
s 0
f 1115/854/3 1117/856/3 1134/871/3
f 1134/871/3 1117/856/3 1135/872/3
s 1
f 1136/873/5 1137/874/85 1138/858/5
f 1138/858/5 1137/874/85 1120/859/85
s 0
f 1139/875/5 1140/876/5 1141/861/5
f 1141/861/5 1140/876/5 1142/862/5
f 1143/877/5 1144/861/5 1126/863/5
f 1144/861/5 1143/877/5 1145/875/5
f 1143/877/5 1126/863/5 1072/821/5
f 1146/878/3 1147/879/3 1148/880/3
f 1148/880/3 1149/881/3 1146/878/3
s 1
f 1150/879/26 1151/882/26 1152/883/26
s 0
f 1151/882/26 1150/879/26 1153/878/26
f 1154/884/6 1155/885/6 1156/886/6
f 1154/884/6 1156/886/6 1157/887/6
f 1158/880/27 1159/888/27 1160/889/27
f 1158/880/27 1160/889/27 1161/881/27
f 1162/890/3 1163/891/3 1164/892/3
f 1165/893/3 1164/892/3 1163/891/3
f 1166/894/28 1167/895/28 1168/896/28
f 1166/894/28 1168/896/28 1169/897/28
f 1170/898/6 1171/894/6 1172/897/6
f 1170/898/6 1172/897/6 1173/899/6
f 1174/900/29 1175/898/29 1176/899/29
f 1174/900/29 1176/899/29 1177/901/29
f 1073/822/5 1050/804/5 1178/902/5
f 949/724/5 1179/903/5 1180/904/5
f 1179/903/5 949/724/5 948/723/5
f 952/727/5 1181/905/5 953/728/5
f 1182/906/4 955/730/4 957/732/4
f 1183/907/4 1060/809/4 1080/823/4
f 1080/823/4 1184/908/4 1183/907/4
f 914/692/3 1185/909/3 958/733/3
f 1186/910/5 1187/911/5 1188/912/5
f 1189/913/5 1187/911/5 1186/910/5
f 1190/589/77 1191/101/77 1192/658/77
f 1054/807/1 1053/806/1 1193/914/1
f 1194/915/1 1193/914/1 1053/806/1
f 1195/916/31 1196/917/31 1197/918/31
f 1196/917/31 1195/916/31 1198/919/31
f 1199/920/6 1200/919/6 1201/921/6
f 1200/919/6 1199/920/6 1202/917/6
f 1203/922/3 1204/923/3 1205/924/3
f 1206/925/3 1205/924/3 1204/923/3
f 855/641/3 852/638/3 1127/864/3
f 1087/830/4 1129/866/4 1066/815/4
f 1128/865/4 1066/815/4 1129/866/4
f 930/705/4 1130/867/4 867/653/4
f 1131/868/4 867/653/4 1130/867/4
s 1
f 1207/926/84 1133/870/4 1132/869/84
f 1133/870/4 1207/926/84 1208/927/4
s 0
f 1134/871/3 1209/928/3 1210/929/3
f 1209/928/3 1134/871/3 1135/872/3
s 1
f 1211/873/5 1212/930/5 1137/874/85
f 1212/930/5 1213/931/85 1137/874/85
s 0
f 1214/643/5 1215/876/5 1216/709/5
f 1217/875/5 1216/709/5 1215/876/5
f 1218/819/5 1219/877/5 1220/831/5
f 1219/877/5 1221/821/5 1220/831/5
f 1222/932/3 1223/933/3 1224/934/3
f 1223/933/3 1222/932/3 1225/935/3
f 1226/936/32 1227/937/32 1228/938/32
f 1227/937/32 1226/936/32 1229/939/32
f 1230/938/6 1231/940/6 1232/936/6
f 1231/940/6 1230/938/6 1233/941/6
f 1234/942/8 1235/943/8 1236/944/8
f 1235/943/8 1234/942/8 1237/945/8
f 1188/912/5 1187/911/5 1238/946/5
f 1181/905/5 952/727/5 1239/947/5
f 1240/948/86 1241/949/86 1242/950/86
f 1242/950/86 1243/951/86 1240/948/86
f 1244/952/87 1245/953/87 1246/954/87
f 1245/953/87 1244/952/87 1247/955/87
f 1248/956/88 1249/957/88 1250/958/88
f 1249/957/88 1248/956/88 1251/959/88
f 1252/960/89 1253/961/89 1254/962/89
f 1255/963/89 1254/962/89 1253/961/89
f 1256/964/90 1257/965/90 1258/966/90
f 1257/965/90 1259/967/90 1258/966/90
f 1260/968/91 1261/969/91 1262/970/91
f 1261/969/91 1263/971/91 1262/970/91
f 1264/972/6 1265/766/6 1266/768/6
f 1267/973/6 1265/766/6 1264/972/6
f 1268/974/3 1269/771/3 1270/773/3
f 1271/975/3 1269/771/3 1268/974/3
f 1272/976/92 1273/977/92 1274/968/92
f 1273/977/92 1275/969/92 1274/968/92
f 1276/978/93 1277/979/93 1278/976/93
f 1277/979/93 1279/977/93 1278/976/93
f 1280/948/94 1281/951/94 1282/980/94
f 1281/951/94 1283/981/94 1282/980/94
f 1284/312/8 1285/982/8 1286/310/8
f 1287/983/33 1288/984/33 1289/337/33
f 1288/984/33 1287/983/33 1290/985/33
f 1291/986/8 1292/987/8 1293/988/8
f 1292/987/8 1294/989/8 1293/988/8
f 1295/990/3 404/322/3 403/321/3
f 404/322/3 1295/990/3 1296/991/3
f 1297/992/3 1296/991/3 1295/990/3
f 1298/993/5 1299/994/5 1300/995/5
f 1300/995/5 1299/994/5 1301/996/5
f 1302/997/3 1303/998/3 1304/999/3
f 1303/998/3 1302/997/3 1305/1000/3
f 1306/1001/4 1307/1002/4 1308/1003/4
f 1308/1003/4 1309/1004/4 1306/1001/4
f 1310/336/34 1311/1005/34 1312/337/34
f 1312/337/34 1311/1005/34 1313/983/34
f 1314/1006/5 1315/1007/5 1316/1008/5
f 1317/1009/5 1315/1007/5 1318/1010/5
f 1315/1007/5 1317/1009/5 1316/1008/5
f 1319/1011/3 1320/1012/3 1321/1013/3
f 1320/1012/3 1319/1011/3 1322/1014/3
s 1
f 1323/590/77 1324/1015/77 1325/103/77
s 0
f 1326/1015/3 1327/1016/3 1328/1017/3
f 1329/1018/5 1315/1007/5 1330/1019/5
f 1314/1006/5 1330/1019/5 1315/1007/5
f 1318/1010/5 1329/1018/5 1331/1020/5
f 1329/1018/5 1318/1010/5 1315/1007/5
f 1296/991/3 1319/1011/3 1321/1013/3
f 1332/1021/4 1333/1022/4 1334/1023/4
f 1334/1023/4 1335/1024/4 1332/1021/4
f 1336/1025/3 1337/1026/3 1338/1027/3
f 1338/1027/3 1339/1028/3 1336/1025/3
f 1340/1029/5 1341/1030/5 1342/1031/5
f 1341/1030/5 1340/1029/5 1343/1032/5
f 1344/1033/6 22/22/6 1345/1034/6
f 1346/1035/5 1347/1036/5 1348/1037/5
f 1347/1036/5 1346/1035/5 1349/1038/5
f 1350/1039/3 1351/1040/3 1352/1041/3
f 1352/1041/3 1353/1042/3 1350/1039/3
f 1354/1043/4 1355/1044/4 1356/1045/4
f 1355/1044/4 1354/1043/4 1357/1046/4
f 1320/1012/3 1322/1014/3 914/692/3
f 1358/1009/5 1359/1047/5 1360/1008/5
f 1358/1009/5 1361/912/5 1359/1047/5
f 1362/1006/5 1363/1008/5 1364/1047/5
f 1365/1048/5 1342/1031/5 1366/1049/5
f 1342/1031/5 1365/1048/5 1340/1029/5
f 1365/1048/5 1367/1050/5 1368/1037/5
f 1365/1048/5 1368/1037/5 1340/1029/5
f 1369/1051/5 1368/1037/5 1367/1050/5
f 1368/1037/5 1369/1051/5 1370/1035/5
f 1371/1044/4 1372/1052/4 1373/1045/4
f 1373/1045/4 1372/1052/4 1374/1053/4
f 1373/1045/4 1374/1053/4 1335/1024/4
f 1335/1024/4 1374/1053/4 1375/1054/4
f 1335/1024/4 1376/1055/4 1332/1021/4
f 1376/1055/4 1335/1024/4 1375/1054/4
f 1309/1004/4 1377/1056/4 1306/1001/4
f 1306/1001/4 1377/1056/4 1378/1057/4
f 1292/987/8 1379/1058/8 1294/989/8
f 1379/1058/8 1380/1059/8 1294/989/8
f 1381/1060/5 1298/993/5 1382/1061/5
f 1382/1061/5 1298/993/5 1300/995/5
f 1383/1062/8 1384/1063/8 1385/1064/8
f 1384/1063/8 1383/1062/8 1386/1065/8
f 1387/1066/1 1388/1067/1 1389/1068/1
f 1388/1067/1 1390/1069/1 1389/1068/1
f 1391/1070/3 1392/1071/3 1393/1072/3
f 1392/1071/3 1391/1070/3 1394/1073/3
f 1395/1074/5 1396/1075/5 1397/1076/5
f 955/730/4 1398/1077/4 1399/1078/4
f 1400/1079/5 1188/912/5 1401/1080/5
f 1314/1006/5 1400/1079/5 1401/1080/5
f 1402/1081/95 1403/1082/95 1404/1083/95
f 1404/1083/8 1405/1084/8 1402/1081/8
f 1403/1082/8 1406/1085/8 1407/1086/8
f 1403/1082/8 1407/1086/8 1404/1083/8
f 1407/1086/8 1408/1087/8 1409/1088/8
f 1406/1085/8 1408/1087/8 1407/1086/8
f 1182/906/4 1410/1089/4 955/730/4
f 1411/1090/96 1412/1091/96 1413/1092/96
f 1411/1090/96 1413/1092/96 1414/1093/96
f 1415/1094/8 1416/1095/8 1417/1096/8
f 1418/1095/8 1419/1097/8 1420/1096/8
f 1419/1097/8 1418/1095/8 1421/1098/8
f 1422/1099/8 1423/1100/8 1424/1101/8
f 1423/1100/8 1422/1099/8 1425/1102/8
f 1345/1034/6 871/654/6 1426/1103/6
f 1345/1034/6 1426/1103/6 1427/1104/6
f 1428/1105/8 1429/1106/8 1430/1107/8
f 1429/1106/8 1428/1105/8 1431/1108/8
f 1432/1109/5 1433/1110/5 1434/1111/5
f 1432/1109/5 1434/1111/5 1435/1112/5
f 1436/1113/8 1437/1097/8 1438/1114/8
f 1437/1097/8 1436/1113/8 1439/1096/8
f 1440/1093/97 1441/1092/97 1442/1115/97
f 1440/1093/97 1442/1115/97 1443/1116/97
f 1444/1117/98 1445/1118/98 1446/1119/98
f 1444/1117/98 1446/1119/98 1447/1120/98
f 1448/1121/8 1449/1122/8 1450/1123/8
f 1449/1122/8 1448/1121/8 1451/1124/8
f 1452/772/3 1453/1125/3 1454/1126/3
f 1452/772/3 1454/1126/3 1455/770/3
f 1456/1127/6 1457/973/6 1458/972/6
f 1456/1127/6 1458/972/6 1459/1128/6
f 1460/1126/3 1461/975/3 1462/974/3
f 1461/975/3 1460/1126/3 1463/1125/3
f 1464/767/6 1465/1127/6 1466/1128/6
f 1464/767/6 1466/1128/6 1467/769/6
f 1468/1129/8 1469/1123/8 1470/1130/8
f 1469/1123/8 1468/1129/8 1471/1121/8
f 1472/1120/99 1473/1119/99 1474/1131/99
f 1472/1120/99 1474/1131/99 1475/1132/99
f 1476/1133/8 1477/1130/8 1478/1134/8
f 1477/1130/8 1476/1133/8 1479/1129/8
f 1480/1131/100 1481/1135/100 1482/1132/100
f 1481/1135/100 1480/1131/100 1483/1136/100
f 1484/1085/101 1485/1082/101 1486/1137/101
f 1484/1085/101 1486/1137/101 1487/1138/101
f 1488/1006/102 1489/1047/102 1490/1079/102
f 1491/1047/103 1492/912/103 1493/1079/103
f 1371/1044/4 955/730/4 1399/1078/4
f 1371/1044/4 1399/1078/4 1372/1052/4
f 1022/783/6 1494/1139/6 1019/780/6
f 1495/1140/6 1019/780/6 1494/1139/6
f 1496/785/4 1497/1141/4 1498/786/4
f 1497/1141/4 1496/785/4 1499/1142/4
f 1500/1143/104 1501/790/104 1502/789/104
f 1501/790/104 1500/1143/104 1503/1144/104
s 1
f 1504/1145/105 1505/793/106 1506/1144/105
s 0
f 1507/790/107 1506/1144/105 1505/793/107
f 1508/793/108 1509/1145/108 1510/1146/108
f 1508/793/108 1510/1146/108 1511/795/108
f 1512/947/5 1513/1147/5 1514/1148/5
f 1515/727/5 1513/1147/5 1512/947/5
f 1516/1149/6 1517/1150/6 1518/1151/6
f 1517/1150/6 1516/1149/6 1519/1152/6
f 1395/1074/5 1370/1035/5 1369/1051/5
f 1370/1035/5 1395/1074/5 1397/1076/5
f 1520/1153/5 1365/1048/5 1366/1049/5
f 1366/1049/5 1521/1154/5 1520/1153/5
f 1367/1050/5 1522/1155/5 1369/1051/5
f 1523/1156/5 1369/1051/5 1522/1155/5
f 1524/1157/5 1395/1074/5 1525/1158/5
f 1395/1074/5 1524/1157/5 1396/1075/5
f 1526/1095/8 1527/1101/8 1528/1098/8
f 1528/1098/8 1527/1101/8 1529/1159/8
f 1530/980/109 1531/981/109 1532/1091/109
f 1530/980/109 1532/1091/109 1533/1090/109
f 1182/906/4 1183/907/4 1410/1089/4
f 1410/1089/4 1183/907/4 1534/1160/4
f 1535/1161/4 1399/1078/4 1398/1077/4
f 1399/1078/4 1535/1161/4 1536/1162/4
f 1372/1052/4 1537/1163/4 1374/1053/4
f 1537/1163/4 1372/1052/4 1538/1164/4
f 1539/1165/4 1376/1055/4 1375/1054/4
f 1376/1055/4 1539/1165/4 1540/1166/4
f 1377/1056/4 1541/1167/4 1378/1057/4
f 1378/1057/4 1541/1167/4 1542/1168/4
f 1543/1169/8 1380/1059/8 1544/1170/8
f 1379/1058/8 1544/1170/8 1380/1059/8
f 1545/1171/5 1381/1060/5 1546/1172/5
f 1546/1172/5 1381/1060/5 1382/1061/5
f 1521/1154/5 1547/1173/5 1520/1153/5
f 1547/1173/5 1548/1174/5 1522/1155/5
f 1547/1173/5 1522/1155/5 1520/1153/5
f 1548/1174/5 1523/1156/5 1522/1155/5
f 1548/1174/5 1525/1158/5 1523/1156/5
f 1548/1174/5 1524/1157/5 1525/1158/5
f 1549/1159/8 1550/1101/8 1551/1100/8
f 1184/908/4 1534/1160/4 1183/907/4
f 1552/1175/4 1536/1162/4 1535/1161/4
f 1552/1175/4 1538/1164/4 1536/1162/4
f 1537/1163/4 1538/1164/4 1552/1175/4
f 1537/1163/4 1553/1176/4 1539/1165/4
f 1553/1176/4 1537/1163/4 1552/1175/4
f 1553/1176/4 1540/1166/4 1539/1165/4
f 1541/1167/4 1554/1177/4 1542/1168/4
f 1554/1177/4 1541/1167/4 1555/1178/4
f 394/312/8 1543/1169/8 1556/982/8
f 1544/1170/8 1556/982/8 1543/1169/8
f 1557/1179/5 1545/1171/5 1546/1172/5
f 1558/1180/6 1559/1181/6 1560/1182/6
f 1559/1181/6 1558/1180/6 1561/1183/6
f 1562/1184/21 1563/1185/21 1564/1186/21
f 1562/1184/21 1564/1186/21 1565/1187/21
f 1566/1188/3 1567/1189/3 1568/1185/3
f 1568/1185/3 1567/1189/3 1569/1186/3
f 1570/1190/20 1571/1189/20 1572/1188/20
f 1571/1189/20 1570/1190/20 1573/1191/20
f 1553/1176/4 1574/1192/4 1540/1166/4
f 1332/1021/4 1575/1193/4 1576/1194/4
f 1575/1193/4 1332/1021/4 1376/1055/4
s 1
f 1577/1195/4 1578/1196/4 1579/1197/110
f 1580/1198/111 1579/1197/110 1578/1196/4
s 0
f 1581/1199/112 1582/1200/112 1583/1201/112
f 1584/1202/112 1583/1201/112 1582/1200/112
s 1
f 1585/1203/5 1586/1204/113 1587/1205/114
f 1586/1204/113 1585/1203/5 1588/1206/5
s 0
f 1589/1049/5 1590/1207/5 1591/1208/5
f 1590/1207/5 1589/1049/5 1592/1031/5
f 1593/1209/5 1547/1173/5 1521/1154/5
f 1553/1176/4 1594/1210/4 1574/1192/4
f 1575/1193/4 1574/1192/4 1594/1210/4
f 1594/1210/4 1595/1211/4 1575/1193/4
f 1576/1194/4 1595/1211/4 1596/1212/4
f 1595/1211/4 1576/1194/4 1575/1193/4
s 1
f 1597/1213/115 1598/1196/4 1599/1214/4
f 1598/1196/4 1597/1213/115 1580/1198/111
s 0
f 1600/1199/116 1601/1201/116 1602/1215/116
f 1602/1215/116 1603/1216/116 1600/1199/116
s 1
f 1604/1203/5 1605/1217/117 1606/1218/5
f 1605/1217/117 1604/1203/5 1587/1205/114
s 0
f 1607/1208/5 1608/1219/5 1609/1220/5
f 1608/1219/5 1607/1208/5 1610/1207/5
f 1611/1208/5 1612/1221/5 1593/1209/5
f 1612/1221/5 1611/1208/5 1613/1220/5
f 1612/1221/5 1547/1173/5 1593/1209/5
f 1614/1222/3 1615/1223/3 1616/1224/3
f 1616/1224/3 1615/1223/3 1617/1225/3
f 1618/1222/44 1619/1226/44 1620/1223/44
f 1619/1226/44 1618/1222/44 1621/1227/44
f 1622/1228/6 1623/1229/6 1624/1230/6
f 1623/1229/6 1622/1228/6 1625/1231/6
f 1626/1224/45 1627/1232/45 1628/1233/45
f 1627/1232/45 1626/1224/45 1629/1225/45
f 1630/1234/3 1631/1235/3 1632/1236/3
f 1631/1235/3 1630/1234/3 1633/1237/3
f 1634/1238/29 1635/1239/29 1636/1240/29
f 1635/1239/29 1634/1238/29 1637/1241/29
f 1638/1242/6 1639/1241/6 1640/1238/6
f 1639/1241/6 1638/1242/6 1641/1243/6
f 1642/1244/28 1643/1243/28 1644/1242/28
f 1643/1243/28 1642/1244/28 1645/1245/28
f 1646/1246/5 1524/1157/5 1548/1174/5
f 1410/1089/4 1398/1077/4 955/730/4
f 1184/908/4 1535/1161/4 1534/1160/4
f 1535/1161/4 1184/908/4 1552/1175/4
f 914/692/3 1322/1014/3 1185/909/3
f 1647/1080/5 1648/912/5 1649/946/5
f 1314/1006/5 1401/1080/5 1238/946/5
f 1326/1015/3 1328/1017/3 1650/1247/3
s 1
f 1651/103/77 1652/1015/77 1653/1247/77
s 0
f 1654/1248/8 1655/1249/8 1656/1101/8
f 1654/1248/8 1656/1101/8 1657/1095/8
f 1658/1250/46 1659/1251/46 1660/1252/46
f 1659/1251/46 1658/1250/46 1661/1253/46
f 1662/1254/6 1663/1253/6 1664/1250/6
f 1663/1253/6 1662/1254/6 1665/1255/6
f 1666/1256/3 1667/1257/3 1668/1258/3
f 1667/1257/3 1666/1256/3 1669/1259/3
f 22/22/6 1344/1033/6 401/319/6
f 1297/992/3 1319/1011/3 1296/991/3
f 1594/1210/4 1555/1178/4 1541/1167/4
f 1555/1178/4 1594/1210/4 1553/1176/4
f 1309/1004/4 1596/1212/4 1595/1211/4
f 1309/1004/4 1595/1211/4 1377/1056/4
s 1
f 1670/1260/118 1671/1214/4 1672/1261/4
f 1671/1214/4 1670/1260/118 1597/1213/115
s 0
f 1673/1215/119 1674/1262/119 1675/1263/119
f 1673/1215/119 1675/1263/119 1676/1216/119
s 1
f 1677/1218/5 1678/1264/120 1679/1265/5
f 1678/1264/120 1677/1218/5 1605/1217/117
s 0
f 1381/1060/5 1613/1220/5 1680/1219/5
f 1381/1060/5 1680/1219/5 1298/993/5
f 1547/1173/5 1545/1171/5 1557/1179/5
f 1545/1171/5 1547/1173/5 1612/1221/5
f 1681/1266/3 1682/1267/3 1683/1268/3
f 1681/1266/3 1683/1268/3 1684/1269/3
f 1685/1270/47 1686/1271/47 1687/1272/47
f 1686/1271/47 1685/1270/47 1688/1273/47
f 1689/1272/6 1690/1274/6 1691/1275/6
f 1690/1274/6 1689/1272/6 1692/1271/6
f 1693/1276/1 1694/1277/1 1695/1278/1
f 1693/1276/1 1695/1278/1 1696/1279/1
f 1697/1280/4 1698/1281/4 1699/1282/4
f 1700/1283/4 1699/1282/4 1698/1281/4
f 1701/1284/1 1702/1285/1 1703/1286/1
f 1703/1286/1 1702/1285/1 1704/1287/1
f 1705/1288/5 1706/1289/5 1707/1290/5
f 1706/1289/5 1705/1288/5 1708/1291/5
f 1709/1292/8 1710/1293/8 1711/1294/8
f 1710/1293/8 1709/1292/8 1712/1295/8
f 1713/1296/121 1714/1297/121 1715/1298/121
f 1714/1297/121 1713/1296/121 1716/1299/121
s 1
f 1717/1298/122 1718/1300/122 1719/1296/122
f 1718/1300/122 1717/1298/122 1720/1301/122
f 1721/1285/123 1722/1302/124 1723/1303/125
f 1722/1302/124 1721/1285/123 1724/1284/126
s 0
f 1725/1304/127 1726/1305/127 1727/957/127
f 1725/1304/127 1727/957/127 1728/959/127
f 1729/1301/128 1730/1306/128 1731/1307/128
f 1729/1301/128 1731/1307/128 1732/1300/128
s 1
f 1733/1306/129 1734/1297/130 1735/1307/130
f 1735/1307/130 1734/1297/130 1736/1299/131
f 1737/1294/132 1738/1293/132 1739/1308/133
f 1739/1308/133 1738/1293/132 1740/1309/134
s 0
f 1741/1310/135 1742/1311/135 1743/956/135
f 1741/1310/135 1743/956/135 1744/958/135
f 1745/1312/6 964/739/6 967/742/6
f 1745/1312/6 967/742/6 1746/1313/6
s 1
f 1747/1314/136 1748/748/136 1749/807/136
f 1748/748/136 1747/1314/136 1750/749/136
s 0
f 1397/1076/5 1396/1075/5 1751/1315/5
f 1752/1316/137 1753/1095/137 1754/1094/137
f 1755/1317/1 1756/1318/1 1757/1319/1
f 1758/1320/8 1759/1321/8 1760/1322/8
f 1761/1323/8 1762/1324/8 1763/1325/8
f 1763/1325/8 1762/1324/8 1764/1326/8
f 1765/1327/1 1766/1328/1 1767/1329/1
f 1768/103/138 1769/660/138 1770/101/138
f 1771/588/1 1772/626/1 1773/627/1
f 22/22/6 871/654/6 1345/1034/6
f 1774/1329/1 1775/1328/1 1776/1330/1
f 1777/660/138 1778/103/138 1779/1017/138
f 1780/1331/7 1781/25/7 1782/629/7
f 10/10/3 852/638/3 851/637/3
f 854/640/3 851/637/3 852/638/3
f 1783/1332/3 374/295/3 373/294/3
f 375/281/3 374/295/3 1784/559/3
f 1785/1321/8 1786/1320/8 1787/1333/8
f 1788/559/48 1789/344/48 1790/100/48
f 1791/1318/1 1792/1317/1 1793/1334/1
f 22/22/6 400/318/6 115/99/6
f 1794/6/2 1795/5/2 1796/1335/2
s 1
f 1797/1336/6 1798/1337/139 1799/1338/6
f 1798/1337/139 1797/1336/6 1800/1339/139
f 1801/1340/1 1802/1341/1 1803/1342/140
s 0
f 1802/1341/1 1801/1340/1 1804/1343/1
s 1
f 1805/1344/1 1803/1342/140 1802/1341/1
f 1803/1342/140 1805/1344/1 1806/1345/141
f 1807/1346/1 1806/1345/141 1805/1344/1
s 0
f 1807/1346/1 1805/1344/1 1808/1347/1
s 1
f 1809/1348/139 1810/1349/6 1811/1350/6
f 1809/1348/139 1811/1350/6 1812/1351/139
f 1813/1352/139 1814/1353/142 1815/1354/8
f 1815/1354/8 1816/1355/139 1813/1352/139
f 1814/1353/142 1817/1356/42 1818/1357/8
f 1814/1353/142 1818/1357/8 1815/1354/8
f 1819/1358/139 1818/1357/8 1817/1356/42
f 1818/1357/8 1819/1358/139 1820/1359/139
f 1821/495/143 1822/494/144 1823/1360/145
f 1821/495/143 1823/1360/145 1824/1361/40
f 1803/1342/140 1806/1345/141 1825/1362/146
f 1803/1342/140 1825/1362/146 1826/1363/146
f 1827/1364/42 1828/492/147 1829/1365/43
f 1828/492/147 1827/1364/42 1830/493/148
f 1817/1356/42 1814/1353/142 1831/1366/149
f 1817/1356/42 1831/1366/149 1832/1367/148
f 1833/1368/9 1834/1369/150 1835/1370/1
s 0
f 1833/1368/1 1835/1370/1 1836/1371/1
f 1837/1372/6 1838/1373/6 1839/1374/6
f 1837/1372/6 1839/1374/6 1840/1375/6
s 1
f 1835/1370/1 1841/1376/150 1842/1377/1
f 1841/1376/150 1835/1370/1 1834/1369/150
s 0
f 1843/1378/6 1844/1379/6 1845/1380/6
f 1843/1378/6 1845/1380/6 1846/1381/6
s 1
f 1847/1382/1 1842/1377/1 1841/1376/150
s 0
f 1842/1377/1 1847/1382/1 1848/1383/1
f 1849/1384/6 1837/1372/6 1840/1375/6
f 1849/1384/6 1840/1375/6 1850/1385/6
f 1846/1381/6 1851/1386/6 1843/1378/6
f 1851/1386/6 1846/1381/6 1852/1387/6
f 1853/1388/6 1849/1384/6 1850/1385/6
f 1853/1388/6 1850/1385/6 1854/1389/6
s 1
f 1855/1390/8 1856/1391/8 1857/1392/151
s 0
f 1856/1391/8 1855/1390/8 1858/1393/8
s 1
f 1859/1394/151 1857/1392/151 1856/1391/8
f 1859/1394/151 1856/1391/8 1860/1395/8
s 0
f 1861/1396/6 1851/1386/6 1852/1387/6
f 1861/1396/6 1852/1387/6 1862/1397/6
s 1
f 1863/1398/8 1859/1394/151 1860/1395/8
s 0
f 1860/1395/8 1864/1399/8 1863/1398/8
s 1
f 1865/1199/152 1866/1400/153 1867/1200/154
f 1866/1400/153 1865/1199/152 1868/1401/114
f 1841/1376/150 1834/1369/150 1869/1402/155
f 1841/1376/150 1869/1402/155 1870/1403/155
f 1871/1404/110 1872/1405/111 1873/1201/156
f 1871/1404/110 1873/1201/156 1874/1202/157
f 1865/1199/152 1875/1216/158 1876/1406/117
f 1865/1199/152 1876/1406/117 1868/1401/114
f 1877/1407/115 1873/1201/156 1872/1405/111
f 1873/1201/156 1877/1407/115 1878/1215/159
f 1875/1216/158 1879/1263/160 1880/1408/161
f 1875/1216/158 1880/1408/161 1876/1406/117
f 1881/1409/162 1878/1215/159 1877/1407/115
f 1878/1215/159 1881/1409/162 1882/1262/163
f 1857/1392/151 1859/1394/151 1883/1410/164
f 1857/1392/151 1883/1410/164 1884/1411/164
s 0
f 1885/1412/6 1886/1413/6 1887/1414/6
f 1885/1412/6 1887/1414/6 1888/1415/6
f 1889/1416/8 1890/1417/8 1891/1418/8
f 1890/1417/8 1889/1416/8 1892/1419/8
f 1893/1420/8 1891/1418/8 1890/1417/8
f 1893/1420/8 1890/1417/8 1894/1421/8
f 1894/1421/8 1895/1422/8 1896/1423/8
f 1894/1421/8 1896/1423/8 1893/1420/8
f 1897/1424/6 1898/1425/6 1899/1426/6
f 1898/1425/6 1897/1424/6 1900/1427/6
f 1886/1413/6 1901/1428/6 1902/1429/6
f 1886/1413/6 1902/1429/6 1887/1414/6
f 1903/1430/6 1904/1431/6 1899/1426/6
f 1899/1426/6 1904/1431/6 1897/1424/6
f 1905/1432/1 1906/1433/1 1907/1434/1
f 1905/1432/1 1907/1434/1 1908/1435/1
f 1901/1428/6 1909/1436/6 1910/1437/6
f 1901/1428/6 1910/1437/6 1902/1429/6
f 1906/1433/1 1911/1438/1 1907/1434/1
f 1906/1433/1 1912/1439/1 1911/1438/1
f 1911/1438/1 1913/1440/1 1914/1441/1
f 1913/1440/1 1911/1438/1 1912/1439/1
f 1903/1430/6 1915/1442/6 1916/1443/6
f 1903/1430/6 1916/1443/6 1904/1431/6
s 1
f 1917/1444/84 1918/1445/84 1919/855/165
f 1917/1444/84 1919/855/165 1920/854/165
s 0
f 1891/1418/8 1893/1420/8 1921/1446/8
f 1891/1418/8 1921/1446/8 1922/1447/8
s 1
f 1923/856/166 1924/853/166 1925/1448/85
f 1923/856/166 1925/1448/85 1926/1449/85
f 1920/854/165 1927/1450/84 1917/1444/84
f 1927/1450/84 1920/854/165 1928/871/165
f 1929/872/166 1923/856/166 1926/1449/85
f 1929/872/166 1926/1449/85 1930/1451/85
s 0
f 1912/1439/1 1906/1433/1 1931/1452/1
f 1912/1439/1 1931/1452/1 1932/1453/1
s 1
f 1933/1454/84 1927/1450/84 1928/871/165
f 1933/1454/84 1928/871/165 1934/929/165
f 1935/928/166 1929/872/166 1930/1451/85
f 1935/928/166 1930/1451/85 1936/1455/85
s 0
f 1937/1456/8 1938/1457/8 1939/1458/8
s 1
f 1937/1456/8 1939/1458/95 1940/1459/167
f 1941/1460/168 1942/1461/6 1943/1462/168
f 1942/1461/6 1941/1460/168 1944/1463/6
f 1945/1464/36 1937/1456/8 1940/1459/167
f 1937/1456/8 1945/1464/36 1946/1465/8
f 1947/1466/6 1948/1467/168 1949/1468/168
f 1947/1466/6 1949/1468/168 1950/1469/6
f 1951/1470/8 1946/1465/8 1945/1464/36
s 0
f 1946/1465/8 1951/1470/8 1952/1471/8
s 1
f 1953/1472/1 1954/1473/168 1955/1474/168
f 1954/1473/168 1953/1472/1 1956/1475/169
f 1957/1476/170 1953/1472/1 1958/1477/1
f 1957/1476/170 1956/1475/169 1953/1472/1
f 1959/1478/168 1957/1476/170 1958/1477/1
f 1959/1478/168 1958/1477/1 1960/1479/168
f 1961/1480/24 1962/1481/25 1963/237/171
f 1961/1480/24 1963/237/171 1964/239/172
f 1945/1464/36 1940/1459/167 1965/1482/173
f 1945/1464/36 1965/1482/173 1966/1483/173
f 1967/240/174 1968/1484/23 1969/238/175
f 1968/1484/23 1967/240/174 1970/1485/22
f 1956/1475/169 1957/1476/170 1971/1486/176
f 1956/1475/169 1971/1486/176 1972/1487/177
s 0
f 645/505/4 641/501/4 405/323/4
