mtllib little_hermit_crab.mtl
o Body_LP_Checker_0
usemtl Checker
v -0.07180116910186773 -0.15742084097003767 -0.18690900502336288
v -0.1718902996504984 -0.12561214311805843 -0.03820180251191212
v -0.1718902996504984 -0.15742084097003767 -0.18690900502336288
v -0.1359865188005599 0.23650524175935325 -0.5067696843394265
v -0.07180116910186773 0.3050161521120359 -0.3724896129390029
v -0.07180116910186773 0.23375812345228883 -0.5061277418819816
v -0.07180116910186773 -0.15727748840596756 -0.3489862346193165
v -0.1718902996504984 -0.15727748840596756 -0.3489862346193165
v -0.1718902996504984 0.3470824210477576 -0.22760412772584793
v -0.07180116910186773 0.33601352154335556 0.0204358815486519
v -0.07180116910186773 0.3417536767859187 -0.22595337625752798
v -0.15244242208207193 0.3089938081748875 -0.37379504468541486
v -0.42170237552294765 0.10958596841859682 -0.4559148328643705
v -0.42170237552294765 0.1642666503902185 -0.31580482903554474
v -0.07180116910186773 -0.12561214311805843 -0.03820180251191212
v -0.1718902996504984 -0.023581462589698315 0.16452074067361816
v -0.19267999695211646 0.34311457988103683 0.017590578231180834
v -0.07180116910186773 0.3878735690869488 0.29074709598860465
v -0.11600829401593737 0.15595499456045198 0.434814507404817
v -0.1816738058252526 0.17659225820853086 0.3754046485742283
v -0.12357103548412685 0.09952138055582882 0.4062859163055156
v -0.07180116910186773 -0.023581462589698315 0.16452074067361816
v -0.4054057507498765 0.1944747550539816 -0.16645631010219794
v -0.42170237552294765 0.1642666503902185 -0.31580482903554474
v -0.3914676221132063 -0.0429653488390573 -0.3947895607062833
v -0.3914676221132063 0.012972923971890194 -0.255183484540335
v -0.4054057507498765 0.1944747550539816 -0.16645631010219794
v -0.37949966536090507 0.07718066987607951 -0.11945814884694975
v -0.34570508422616664 0.2359872804232816 0.06051505102334869
v -0.3345958515719505 0.15892180444103715 0.09139414318427028
v -0.2948182159330348 0.31709156950281037 0.31910848698678046
v -0.22763418642504085 0.06767017092566821 0.1279574344783638
v -0.28365021310038374 0.25366311350949644 0.3445234106452663
v -0.2574845494892175 -0.024215740346279668 -0.07882997567943031
v -0.2634684980630464 -0.1001213999960662 -0.37188792746512467
v -0.2634684980630464 -0.07222395849907254 -0.22104623733126852
v -0.21846220899085222 0.3973766347939413 0.28693934120096
v -0.34570508422616664 0.2359872804232816 0.06051505102334869
v -0.2948182159330348 0.31709156950281037 0.31910848698678046
v -0.465684761128915 0.0823820491378601 -0.6077505348487559
v -0.1359865188005599 0.21664353427550959 -0.7497067636861751
v -0.5096671467348823 0.09750698897688904 -0.7400647395251478
v -0.1359865188005599 0.2117011326047084 -0.6554062564895895
v -0.07180116910186773 0.21664353427550959 -0.7497067636861751
v -0.4376143119272369 -0.06776935438116279 -0.5476956134662941
v -0.3333122059707594 -0.10790005695568732 -0.7234406133759446
v -0.2983903818192246 -0.11838980151476605 -0.5274127411019159
v -0.19558727304069823 -0.16901024119776947 -0.5071297495282521
v -0.07180116910186773 -0.15523731164541824 -0.7196094576017767
v -0.07180116910186773 -0.16901024119776947 -0.5071297495282521
v -0.465684761128915 0.0823820491378601 -0.6077505348487559
v -0.4837610613459109 -0.06056280226595638 -0.7272717691501126
v -0.21880433964421575 0.3506672142100385 0.44941838818609997
v -0.21760755290968214 0.26850996333454047 0.45866951907073544
v -0.21880433964421575 0.3506672142100385 0.44941838818609997
v -0.1443404076023308 0.39314356730639977 0.4372423447032624
v -0.1443404076023308 0.39314356730639977 0.4372423447032624
v -0.19717607951515725 0.3335419032579004 0.43210151352127996
v -0.13838641036183208 0.3652576815802496 0.4231072868678433
v -0.07180116910186773 0.3669333853627327 0.4761333655411428
v -0.13684741846813064 0.2302839227411271 0.43884215986647973
v -0.07180116910186773 0.2640137218139721 0.4890845772594234
v -0.07180116910186773 0.28492627535850923 0.4655861584306057
v -0.21760755290968214 0.26850996333454047 0.45866951907073544
v -0.21880433964421575 0.3506672142100385 0.44941838818609997
v -0.19717607951515725 0.26613993068744096 0.44018081471188364
v -0.13029570586318429 0.21238870542265473 0.46334330712035454
v -0.18292186745430816 0.3329684204298382 0.4520426643111134
v -0.09454120484274908 0.3400943968694864 0.46982707942819957
v -0.13873153614852862 0.3571108630456047 0.44603749255091546
v -0.13873155104968948 0.2554010544315535 0.45826504409604274
v -0.09454120484274908 0.28919784388523834 0.4763544518284005
v -0.18292186745430816 0.28186572470242793 0.45805558906734156
v -0.07180116910186773 0.33590353309787735 0.4594755416842107
v -0.07180116910186773 0.12088947025060322 0.38408962044314016
v -0.07180116910186773 0.19245157368054394 0.4365870839501245
v -0.13029570586318429 0.21238870542265473 0.46334330712035454
v -0.07180116910186773 0.2640137218139721 0.4890845772594234
v -0.2192842315297372 -0.15523731164541824 -0.7196094576017767
v -0.42170237552294765 0.10958596841859682 -0.4559148328643705
v -0.07180116910186773 0.21032718602098413 -0.6550853448654473
v 0.028287961446762933 -0.12561214311805843 -0.03820180251191212
v 0.028287961446762933 -0.15742084097003767 -0.18690900502336288
v -0.007615819403175572 0.23650524175935325 -0.5067696843394265
v 0.028287961446762933 -0.15727748840596756 -0.3489862346193165
v 0.028287961446762933 0.3470824210477576 -0.22760412772584793
v 0.008840083878336458 0.3089938081748875 -0.37379504468541486
v 0.27810000751689046 0.10958596841859682 -0.4559148328643705
v 0.028287961446762933 -0.023581462589698315 0.16452074067361816
v 0.04907766619896142 0.34311457988103683 0.017590578231180834
v -0.027594044187798095 0.15595499456045198 0.434814507404817
v -0.020031302719608624 0.09952138055582882 0.4062859163055156
v 0.03807146762151714 0.17659225820853086 0.3754046485742283
v 0.27810000751689046 0.1642666503902185 -0.31580482903554474
v 0.24786526900830996 -0.0429653488390573 -0.3947895607062833
v 0.27810000751689046 0.1642666503902185 -0.31580482903554474
v 0.24786526900830996 0.012972923971890194 -0.255183484540335
v 0.26180344234846276 0.1944747550539816 -0.16645631010219794
v 0.20210276092359203 0.2359872804232816 0.06051505102334869
v 0.23589734205833046 0.07718066987607951 -0.11945814884694975
v 0.15121587772929934 0.31709156950281037 0.31910848698678046
v 0.19099352826937588 0.15892180444103715 0.09139414318427028
v 0.08403184822130538 0.06767017092566821 0.1279574344783638
v 0.14004788979780913 0.25366311350949644 0.3445234106452663
v 0.11388219638432118 -0.024215740346279668 -0.07882997567943031
v 0.11986615985931093 -0.1001213999960662 -0.37188792746512467
v 0.11986615985931093 -0.07222395849907254 -0.22104623733126852
v 0.07485987078711676 0.3973766347939413 0.28693934120096
v 0.20210276092359203 0.2359872804232816 0.06051505102334869
v 0.26180344234846276 0.1944747550539816 -0.16645631010219794
v 0.3220823931228578 0.0823820491378601 -0.6077505348487559
v -0.007615819403175572 0.21664353427550959 -0.7497067636861751
v -0.007615819403175572 0.2117011326047084 -0.6554062564895895
v 0.18970988266818478 -0.10790005695568732 -0.7234406133759446
v 0.29401200352582313 -0.06776935438116279 -0.5476956134662941
v 0.15478802871432829 -0.11838980151476605 -0.5274127411019159
v 0.05198492738638233 -0.16901024119776947 -0.5071297495282521
v 0.3401586933398537 -0.06056280226595638 -0.7272717691501126
v 0.3220823931228578 0.0823820491378601 -0.6077505348487559
v 0.07520200144048028 0.3506672142100385 0.44941838818609997
v 0.07400521470594668 0.26850996333454047 0.45866951907073544
v 0.07520200144048028 0.3506672142100385 0.44941838818609997
v 0.0007380693985953313 0.39314356730639977 0.4372423447032624
v -0.07180116910186773 0.3669333853627327 0.4761333655411428
v 0.0007380693985953313 0.39314356730639977 0.4372423447032624
v 0.053573741311421785 0.3335419032579004 0.43210151352127996
v 0.07520200144048028 0.3506672142100385 0.44941838818609997
v -0.005215927841903389 0.3652576815802496 0.4231072868678433
v -0.006754919735604825 0.2302839227411271 0.43884215986647973
v 0.07400521470594668 0.26850996333454047 0.45866951907073544
v -0.013306632340551183 0.21238870542265473 0.46334330712035454
v 0.053573741311421785 0.26613993068744096 0.44018081471188364
v 0.03931952925057269 0.3329684204298382 0.4520426643111134
v -0.0048708020552068465 0.3571108630456047 0.44603749255091546
v -0.049061133360986386 0.3400943968694864 0.46982707942819957
v -0.004870787154045986 0.2554010544315535 0.45826504409604274
v -0.049061133360986386 0.28919784388523834 0.4763544518284005
v 0.03931952925057269 0.28186572470242793 0.45805558906734156
v -0.013306632340551183 0.21238870542265473 0.46334330712035454
v 0.07568189332600173 -0.15523731164541824 -0.7196094576017767
v 0.27810000751689046 0.10958596841859682 -0.4559148328643705
v -0.5096671467348823 0.09750698897688904 -0.7400647395251478
v 0.15121587772929934 0.31709156950281037 0.31910848698678046
v 0.36606477872882515 0.09750698897688904 -0.7400647395251478
v 0.36606477872882515 0.09750698897688904 -0.7400647395251478
vt 0.49054113030433655 0.8991042971611023
vt 0.4749218821525574 0.8748894333839417
vt 0.4740660786628723 0.8988472819328308
vt 0.7271531820297241 0.9428188093006611
vt 0.7151120901107788 0.9155210703611374
vt 0.7151122093200684 0.9429113157093525
vt 0.49054113030433655 0.927001416683197
vt 0.4724695384502411 0.9266318678855896
vt 0.732162356376648 0.8896006792783737
vt 0.7151122093200684 0.8466943949460983
vt 0.7151120901107788 0.889484092593193
vt 0.7289943695068359 0.9153043478727341
vt 0.7853085994720459 0.9387001283466816
vt 0.7837064266204834 0.9114155024290085
vt 0.49054116010665894 0.8747697472572327
vt 0.4738752245903015 0.8390007615089417
vt 0.7367138862609863 0.8471786230802536
vt 0.7151124477386475 0.7986177653074265
vt 0.48211055994033813 0.7882600426673889
vt 0.46645092964172363 0.7924697995185852
vt 0.4816061854362488 0.7982051968574524
vt 0.4905412793159485 0.838762104511261
vt 0.7812978029251099 0.88369981944561
vt 0.39370739459991455 0.9043362736701965
vt 0.4261760115623474 0.9316604733467102
vt 0.42449092864990234 0.9038389325141907
vt 0.3997584581375122 0.8755155205726624
vt 0.423714280128479 0.8766730427742004
vt 0.41507673263549805 0.8328760266304016
vt 0.430256724357605 0.8355355858802795
vt 0.431718647480011 0.7847705483436584
vt 0.4557533860206604 0.8370755314826965
vt 0.44388461112976074 0.788572371006012
vt 0.4522016644477844 0.8756547570228577
vt 0.4525035321712494 0.9292251467704773
vt 0.4524836540222168 0.9016490578651428
vt 0.7398875951766968 0.7995034903287888
vt 0.7713443040847778 0.8420428484678268
vt 0.7589976787567139 0.7944678515195847
vt 0.792426586151123 0.9664232023060322
vt 0.7263197898864746 0.9881762750446796
vt 0.7974909543991089 0.9913825280964375
vt 0.7269027233123779 0.9710852410644293
vt 0.7151122093200684 0.9879404790699482
vt 0.41933321952819824 0.9609008431434631
vt 0.438395231962204 0.9949306836351752
vt 0.4466856122016907 0.9582274556159973
vt 0.4679197371006012 0.9553913474082947
vt 0.49054113030433655 0.9956051697954535
vt 0.49054113030433655 0.9555920958518982
vt 0.3887782096862793 0.9632869362831116
vt 0.40795305371284485 0.9936627736315131
vt 0.44713282585144043 0.7595070004463196
vt 0.459655225276947 0.7695453763008118
vt 0.7443957328796387 0.7707561701536179
vt 0.7286754846572876 0.7729145735502243
vt 0.6151788234710693 0.7733385860919952
vt 0.6067987680435181 0.7862160503864288
vt 0.6167696118354797 0.7792108356952667
vt 0.6323980689048767 0.7758148014545441
vt 0.6174551844596863 0.8041575253009796
vt 0.6323980689048767 0.8042540848255157
vt 0.6323979496955872 0.7972722351551056
vt 0.6030454635620117 0.7994506657123566
vt 0.6011412143707275 0.7833824455738068
vt 0.6079394817352295 0.7984645664691925
vt 0.6179424524307251 0.8094480335712433
vt 0.6112179160118103 0.7876122295856476
vt 0.6263583302497864 0.78571417927742
vt 0.6179471611976624 0.7834010422229767
vt 0.6182050704956055 0.799754410982132
vt 0.6271388530731201 0.7949846088886261
vt 0.6114348769187927 0.7953648865222931
vt 0.6323979496955872 0.7836609184741974
vt 0.4905412793159485 0.7978954911231995
vt 0.4905412793159485 0.7823074460029602
vt 0.47887784242630005 0.7765689492225647
vt 0.4905412793159485 0.765148937702179
vt 0.46205785870552063 0.9950014939531684
vt 0.3944156765937805 0.9329074025154114
vt 0.7151120901107788 0.9709755685180426
vt 0.5061604976654053 0.8748894333839417
vt 0.5070165395736694 0.8988472819328308
vt 0.7030714750289917 0.9428188093006611
vt 0.5086129903793335 0.9266318678855896
vt 0.6980623006820679 0.8896006792783737
vt 0.7012301683425903 0.9153043478727341
vt 0.6449161767959595 0.9387001283466816
vt 0.5072076320648193 0.8390007615089417
vt 0.6935112476348877 0.8471786230802536
vt 0.49897199869155884 0.7882600426673889
vt 0.49947643280029297 0.7982051968574524
vt 0.5146316289901733 0.7924697995185852
vt 0.6465182304382324 0.9114155024290085
vt 0.5549067258834839 0.9316605925559998
vt 0.5873750448226929 0.9043363928794861
vt 0.5565916299819946 0.9038392901420593
vt 0.5813241004943848 0.8755155205726624
vt 0.5660059452056885 0.8328760266304016
vt 0.5573683977127075 0.8766730427742004
vt 0.5493640899658203 0.7847705483436584
vt 0.550825834274292 0.8355355858802795
vt 0.5253289937973022 0.8370755314826965
vt 0.5371980667114258 0.788572371006012
vt 0.5288805961608887 0.8756547570228577
vt 0.5285789966583252 0.9292251467704773
vt 0.5285987854003906 0.9016491770744324
vt 0.6903374195098877 0.7995034903287888
vt 0.6588805913925171 0.8420428484678268
vt 0.6489270925521851 0.88369981944561
vt 0.6377983093261719 0.9664232023060322
vt 0.7039048671722412 0.9881762750446796
vt 0.7033219337463379 0.9710852410644293
vt 0.5426874160766602 0.9949306836351752
vt 0.5617493391036987 0.9609009623527527
vt 0.5343970060348511 0.9582275748252869
vt 0.5131627321243286 0.9553913474082947
vt 0.573129415512085 0.9936627736315131
vt 0.5923047065734863 0.9632870554924011
vt 0.5339497327804565 0.7595070004463196
vt 0.5214275121688843 0.7695453763008118
vt 0.6858292818069458 0.7707561701536179
vt 0.7015492916107178 0.7729145735502243
vt 0.7151124477386475 0.7654408663511276
vt 0.6496176719665527 0.7733385860919952
vt 0.6579973697662354 0.7862162888050079
vt 0.6636549234390259 0.7833824455738068
vt 0.6480263471603394 0.7792108356952667
vt 0.6473405361175537 0.8041575253009796
vt 0.6617506742477417 0.7994506657123566
vt 0.6468536853790283 0.8094480335712433
vt 0.6568564176559448 0.7984645664691925
vt 0.6535779237747192 0.7876122295856476
vt 0.6468487977981567 0.7834010422229767
vt 0.6384378671646118 0.78571417927742
vt 0.6465908288955688 0.799754410982132
vt 0.637657105922699 0.7949846088886261
vt 0.6533609628677368 0.7953648865222931
vt 0.5022047758102417 0.7765689492225647
vt 0.5190248489379883 0.9950014939531684
vt 0.5866669416427612 0.9329075217247009
vt 0.3776807188987732 0.9878044715151191
vt 0.671227216720581 0.7944678515195847
vt 0.6327338218688965 0.9913825280964375
vt 0.6034014225006104 0.9878044715151191
vn 0 -0.9945008639289777 0.10472837077180627
vn -0.4241588039230913 -0.8539223025810789 0.3015062357716023
vn -0.38311478243670577 -0.9162456142179544 0.11711975881480896
vn -0.19746048900951682 0.924407257307372 -0.3263136189581801
vn -2.0555508351032937e-8 0.9325663623209159 -0.36099858707138144
vn -1.8138332449532505e-8 0.9484417563976731 -0.31695147060914003
vn 0 -0.9993308363269171 0.03657703604920305
vn -0.29690438658062546 -0.9518113891650963 0.07683010272537745
vn -0.2505322629473677 0.9590165149448223 -0.13236657163180732
vn 3.38845290946263e-8 0.99637447796114 -0.08507584655861274
vn 5.964344702412488e-10 0.9938474598515796 -0.11075751237077586
vn -0.2133481400863671 0.9039272823409398 -0.37067241516116506
vn -0.8847675815285825 0.46581806953416915 -0.014136929352690675
vn -0.9045575676720636 0.41679788556181874 -0.08975037246940408
vn 0 -0.9432518668838829 0.3320781769705285
vn -0.5021648778381422 -0.745634331888613 0.43801812585191696
vn -0.2809849645568466 0.9543683248981212 -0.10113629479144295
vn 9.827790281949236e-9 0.9968361275778445 -0.07948417927869228
vn -0.11590351268520042 -0.49906487631276186 0.8587785657421588
vn -0.678883625229376 -0.5536071684975945 0.4823236738783367
vn -0.1683931328100901 -0.6603265911846484 0.7318555498162638
vn 0 -0.8891604257311211 0.45759560456111426
vn -0.9101981106276618 0.405783171461477 0.0829422520100582
vn -0.9045575676720636 0.41679788556181874 -0.08975037246940408
vn -0.7549442154024147 -0.6022425668396367 0.25954406623315107
vn -0.8307905082516982 -0.5072146210776317 0.22917342682771774
vn -0.9101981106276618 0.405783171461477 0.0829422520100582
vn -0.8606058140821583 -0.4128685301130566 0.29815635094740117
vn -0.9099751839105747 0.40546044362521255 0.08687343277528395
vn -0.8739543728880844 -0.36770718759761023 0.317797385607325
vn -0.9035482065900089 0.36529406196340425 0.22396626233041225
vn -0.7720750853258708 -0.5274269196470154 0.3545714413918724
vn -0.8476323883725468 -0.32126213431852046 0.42226765828673285
vn -0.7281443038069211 -0.6244525072856213 0.2826038552076658
vn -0.5063332625344719 -0.8411209387914973 0.19011100330519426
vn -0.6416191888855035 -0.7415908660238741 0.1958770121373839
vn -0.3707150505338863 0.9283191331605876 -0.02817691103782282
vn -0.9099751839105747 0.40546044362521255 0.08687343277528395
vn -0.9035482065900089 0.36529406196340425 0.22396626233041225
vn -0.8362621587375112 0.49819963888739155 0.22904742233028988
vn -0.172409361501621 0.9825401500949474 0.06992757337418073
vn -0.7956353210653405 0.5124460634240872 0.32305335156040177
vn -0.1895256453822394 0.9809762582299932 -0.04201916862013359
vn 0 0.9983303389588544 0.05776274157533386
vn -0.7577128964731743 -0.6121083806308489 0.22626200936019386
vn -0.3471283974074158 -0.9375192650335767 0.0236538243052057
vn -0.4094905420261629 -0.9054130367981248 0.11200325346666055
vn -0.246168910064023 -0.9677361107611846 0.05373720914512596
vn 0 -0.9979057825009561 -0.06468422722081826
vn 0 -0.9999891294930804 0.0046627133378723835
vn -0.8362621587375112 0.49819963888739155 0.22904742233028988
vn -0.804471457675965 -0.5578033761454795 0.20415941649949104
vn -0.341278430573308 0.38397364522241634 0.8579587825764298
vn -0.2811644672910956 -0.1247173131729848 0.9515209583229506
vn -0.341278430573308 0.38397364522241634 0.8579587825764298
vn -0.09705220953131642 0.6785391594915425 0.7281246305829795
vn -0.09705220953131642 0.6785391594915425 0.7281246305829795
vn 0.0934617678643665 0.11554569421611958 0.9888953890557799
vn -0.20699764497831688 0.14908749924794698 0.9669151423684625
vn -5.54383853425298e-9 -0.49334042328516897 0.8698363218173923
vn -0.08327224387225517 0.3445869525728812 0.9350537768048502
vn 1.860994240362518e-8 0.3018684520484252 0.9533495883766286
vn 4.351132856754141e-8 0.06856264145711888 0.9976468133545162
vn -0.2811644672910956 -0.1247173131729848 0.9515209583229506
vn -0.341278430573308 0.38397364522241634 0.8579587825764298
vn 0.19895665245422856 0.29242814564911396 0.9353619781006858
vn -0.3052907277947919 -0.18049494530419355 0.9349968696429749
vn -0.4375597585602201 0.4388834075736673 0.7848075001204106
vn 0.08372691336985122 0.562835593168234 0.8223173955599624
vn -0.16821724814552763 0.7382852529303704 0.6531752006405975
vn -0.1166714406608765 -0.40545781769153766 0.9066375973932095
vn 0.04616268220533186 -0.18853717884480892 0.9809804987688848
vn -0.4156954576077103 -0.11080070005988711 0.9027294674433506
vn 6.324934349323636e-8 0.16572736891480275 0.9861716073749907
vn -1.0469454903774995e-8 -0.7063160754570815 0.7078966037147703
vn -4.9590630518525944e-9 -0.5260538511015362 0.850451260062117
vn -0.3052907277947919 -0.18049494530419355 0.9349968696429749
vn 1.860994240362518e-8 0.3018684520484252 0.9533495883766286
vn -0.22292300407860413 -0.97452232779275 -0.024729878405898437
vn -0.8847675815285825 0.46581806953416915 -0.014136929352690675
vn 0 0.9988270170099862 -0.0484209674720838
vn 0.4241589093079737 -0.8539222747496151 0.30150616634011473
vn 0.3831148347891462 -0.9162455852041296 0.1171198145423193
vn 0.19746054588985215 0.9244072343987491 -0.3263136494358426
vn 0.29690444625429746 -0.9518113657168976 0.07683016260924712
vn 0.2505322060955868 0.9590165254825462 -0.1323666028885808
vn 0.21334816853216276 0.9039272765935258 -0.37067241280432967
vn 0.8847675074723743 0.4658182109372288 -0.01413690490741974
vn 0.502164868630764 -0.7456343778217834 0.4380180582160619
vn 0.28098499137101296 0.9543683147488173 -0.10113631606764287
vn 0.1159035074089694 -0.4990647321058454 0.85877865025769
vn 0.16839316104939436 -0.6603265254508738 0.7318556026278472
vn 0.6788835483186283 -0.5536072625953068 0.48232367412769583
vn 0.9045575838918235 0.41679783109285956 -0.08975046194908763
vn 0.7549442089314948 -0.6022424900167487 0.2595442633140365
vn 0.9045575838918235 0.41679783109285956 -0.08975046194908763
vn 0.8307904973204815 -0.5072146740085555 0.22917334930654915
vn 0.9101981697233149 0.40578305525474134 0.08294217202639152
vn 0.909975153595256 0.40546051303629116 0.08687342636063995
vn 0.8606058052557112 -0.41286861528561997 0.2981562584825346
vn 0.9035482148462118 0.36529409510359834 0.22396617496994226
vn 0.873954381165391 -0.36770719108020555 0.3177973588148957
vn 0.7720751173612617 -0.5274269197006441 0.3545713715554095
vn 0.8476324152706971 -0.3212620849085791 0.4222676418843355
vn 0.728144273233021 -0.6244525917868886 0.2826037472656605
vn 0.5063332879193461 -0.8411209213562122 0.19011101283634566
vn 0.6416192239523922 -0.7415908376628568 0.19587700464636482
vn 0.3707150766101539 0.9283191238300701 -0.028176875364362558
vn 0.909975153595256 0.40546051303629116 0.08687342636063995
vn 0.9101981697233149 0.40578305525474134 0.08294217202639152
vn 0.8362620846466392 0.49819978497577244 0.22904737508330292
vn 0.17240937542089044 0.9825401444992767 0.06992761767941624
vn 0.18952567760593636 0.9809762532398397 -0.042019139776257784
vn 0.3471283322631577 -0.9375192887918672 0.02365383866077996
vn 0.7577129543174086 -0.6121083081502653 0.22626201173198407
vn 0.4094904645633731 -0.905413069497991 0.11200327233567277
vn 0.24616885357032506 -0.9677361250416474 0.05373721076915583
vn 0.8044715426181563 -0.5578032514521782 0.20415942247895827
vn 0.8362620846466392 0.49819978497577244 0.22904737508330292
vn 0.3412783409317081 0.38397376043932585 0.8579587666694618
vn 0.2811642192289309 -0.12471735191719832 0.9515210265444203
vn 0.3412783409317081 0.38397376043932585 0.8579587666694618
vn 0.09705219055848317 0.6785391310245104 0.7281246596402998
vn 0 0.9936810630404457 0.1122405673311106
vn 0.09705219055848317 0.6785391310245104 0.7281246596402998
vn -0.09346200328923646 0.11554561031912883 0.988895376608235
vn 0.3412783409317081 0.38397376043932585 0.8579587666694618
vn 0.2069976279229245 0.1490875233299166 0.9669151423065181
vn 0.08327227823365324 0.344586643613151 0.9350538876028484
vn 0.2811642192289309 -0.12471735191719832 0.9515210265444203
vn 0.30529077527528786 -0.18049505734540208 0.9349968325110486
vn -0.19895651949581844 0.29242802813310725 0.9353620431214283
vn 0.4375596808772331 0.43888332983601147 0.7848075869043754
vn 0.16821713316286582 0.7382852118758838 0.6531752766569232
vn -0.08372685925829185 0.5628356491337878 0.8223173627638478
vn 0.11667150821313942 -0.4054577896165295 0.9066376012556226
vn -0.046162725252285125 -0.18853755982305442 0.9809804235219225
vn 0.41569546515743033 -0.11080053815943618 0.9027294838383906
vn 0.30529077527528786 -0.18049505734540208 0.9349968325110486
vn 0.2229229049745699 -0.9745223505427807 -0.024729875257922286
vn 0.8847675074723743 0.4658182109372288 -0.01413690490741974
vn -0.7956353210653405 0.5124460634240872 0.32305335156040177
vn 0.9035482148462118 0.36529409510359834 0.22396617496994226
vn 0.7956351252239408 0.512446052457267 0.32305385128620284
vn 0.7956351252239408 0.512446052457267 0.32305385128620284
f 1/1/1 2/2/2 3/3/3
f 4/4/4 5/5/5 6/6/6
f 7/7/7 3/3/3 8/8/8
f 9/9/9 10/10/10 11/11/11
f 12/12/12 11/11/11 5/5/5
f 12/12/12 13/13/13 14/14/14
f 15/15/15 16/16/16 2/2/2
f 17/17/17 18/18/18 10/10/10
f 19/19/19 20/20/20 21/21/21
f 21/21/21 16/16/16 22/22/22
f 9/9/9 14/14/14 23/23/23
f 24/24/24 25/25/25 26/26/26
f 26/26/26 27/27/27 24/24/24
f 28/28/28 29/29/29 27/27/27
f 30/30/30 31/31/31 29/29/29
f 32/32/32 33/33/33 30/30/30
f 34/34/34 30/30/30 28/28/28
f 35/35/35 26/26/26 25/25/25
f 36/36/36 28/28/28 26/26/26
f 37/37/37 38/38/38 39/39/39
f 17/17/17 23/23/23 38/38/38
f 40/40/40 41/41/41 42/42/42
f 43/43/43 44/44/44 41/41/41
f 45/45/45 46/46/46 47/47/47
f 48/48/48 49/49/49 50/50/50
f 51/51/51 52/52/52 45/45/45
f 53/53/53 33/33/33 54/54/54
f 55/55/55 37/37/37 39/39/39
f 56/56/56 18/18/18 37/37/37
f 57/57/57 58/58/58 59/59/59
f 59/59/59 60/60/60 57/57/57
f 61/61/61 62/62/62 63/63/63
f 64/64/64 58/58/58 65/65/65
f 66/66/66 67/67/67 61/61/61
f 68/68/68 59/59/59 58/58/58
f 69/69/69 59/59/59 70/70/70
f 71/71/71 63/63/63 72/72/72
f 73/73/73 58/58/58 66/66/66
f 71/71/71 66/66/66 61/61/61
f 72/72/72 74/74/74 69/69/69
f 73/73/73 70/70/70 68/68/68
f 70/70/70 72/72/72 69/69/69
f 22/22/22 75/75/75 21/21/21
f 19/19/19 75/75/75 76/76/76
f 77/77/77 76/76/76 78/78/78
f 47/47/47 79/79/79 48/48/48
f 3/3/3 34/34/34 36/36/36
f 8/8/8 36/36/36 35/35/35
f 16/16/16 34/34/34 2/2/2
f 16/16/16 20/20/20 32/32/32
f 54/54/54 33/33/33 20/20/20
f 35/35/35 48/48/48 8/8/8
f 80/80/80 45/45/45 25/25/25
f 8/8/8 50/50/50 7/7/7
f 25/25/25 47/47/47 35/35/35
f 4/4/4 81/81/81 43/43/43
f 13/13/13 43/43/43 40/40/40
f 82/82/82 1/1/1 83/83/83
f 5/5/5 84/84/84 6/6/6
f 83/83/83 7/7/7 85/85/85
f 10/10/10 86/86/86 11/11/11
f 11/11/11 87/87/87 5/5/5
f 87/87/87 88/88/88 84/84/84
f 89/89/89 15/15/15 82/82/82
f 18/18/18 90/90/90 10/10/10
f 91/91/91 92/92/92 93/93/93
f 92/92/92 22/22/22 89/89/89
f 86/86/86 94/94/94 87/87/87
f 95/95/95 96/96/96 97/97/97
f 98/98/98 97/97/97 96/96/96
f 99/99/99 100/100/100 98/98/98
f 101/101/101 102/102/102 99/99/99
f 103/103/103 104/104/104 93/93/93
f 105/105/105 102/102/102 103/103/103
f 106/106/106 97/97/97 107/107/107
f 107/107/107 100/100/100 105/105/105
f 108/108/108 109/109/109 90/90/90
f 90/90/90 110/110/110 86/86/86
f 111/111/111 112/112/112 113/113/113
f 113/113/113 44/44/44 81/81/81
f 114/114/114 115/115/115 116/116/116
f 49/49/49 117/117/117 50/50/50
f 118/118/118 119/119/119 115/115/115
f 104/104/104 120/120/120 121/121/121
f 122/122/122 108/108/108 123/123/123
f 123/123/123 18/18/18 124/124/124
f 125/125/125 126/126/126 127/127/127
f 128/128/128 60/60/60 74/74/74
f 62/62/62 129/129/129 63/63/63
f 126/126/126 130/130/130 127/127/127
f 131/131/131 132/132/132 129/129/129
f 133/133/133 128/128/128 134/134/134
f 128/128/128 135/135/135 134/134/134
f 63/63/63 136/136/136 137/137/137
f 138/138/138 126/126/126 133/133/133
f 136/136/136 132/132/132 138/138/138
f 74/74/74 137/137/137 135/135/135
f 134/134/134 138/138/138 133/133/133
f 137/137/137 134/134/134 135/135/135
f 22/22/22 92/92/92 75/75/75
f 75/75/75 91/91/91 76/76/76
f 76/76/76 139/139/139 78/78/78
f 140/140/140 116/116/116 117/117/117
f 83/83/83 105/105/105 82/82/82
f 85/85/85 107/107/107 83/83/83
f 105/105/105 89/89/89 82/82/82
f 89/89/89 93/93/93 92/92/92
f 93/93/93 104/104/104 121/121/121
f 117/117/117 106/106/106 85/85/85
f 115/115/115 141/141/141 95/95/95
f 50/50/50 85/85/85 7/7/7
f 116/116/116 95/95/95 106/106/106
f 84/84/84 81/81/81 6/6/6
f 88/88/88 113/113/113 84/84/84
f 1/1/1 15/15/15 2/2/2
f 4/4/4 12/12/12 5/5/5
f 7/7/7 1/1/1 3/3/3
f 9/9/9 17/17/17 10/10/10
f 12/12/12 9/9/9 11/11/11
f 12/12/12 4/4/4 13/13/13
f 15/15/15 22/22/22 16/16/16
f 17/17/17 37/37/37 18/18/18
f 9/9/9 12/12/12 14/14/14
f 24/24/24 80/80/80 25/25/25
f 26/26/26 28/28/28 27/27/27
f 28/28/28 30/30/30 29/29/29
f 30/30/30 33/33/33 31/31/31
f 32/32/32 20/20/20 33/33/33
f 34/34/34 32/32/32 30/30/30
f 35/35/35 36/36/36 26/26/26
f 36/36/36 34/34/34 28/28/28
f 37/37/37 17/17/17 38/38/38
f 17/17/17 9/9/9 23/23/23
f 40/40/40 43/43/43 41/41/41
f 43/43/43 81/81/81 44/44/44
f 45/45/45 52/52/52 46/46/46
f 48/48/48 79/79/79 49/49/49
f 51/51/51 142/142/142 52/52/52
f 53/53/53 31/31/31 33/33/33
f 55/55/55 56/56/56 37/37/37
f 56/56/56 124/124/124 18/18/18
f 57/57/57 65/65/65 58/58/58
f 59/59/59 74/74/74 60/60/60
f 61/61/61 67/67/67 62/62/62
f 64/64/64 66/66/66 58/58/58
f 66/66/66 64/64/64 67/67/67
f 68/68/68 70/70/70 59/59/59
f 69/69/69 74/74/74 59/59/59
f 71/71/71 61/61/61 63/63/63
f 73/73/73 68/68/68 58/58/58
f 71/71/71 73/73/73 66/66/66
f 72/72/72 63/63/63 74/74/74
f 73/73/73 71/71/71 70/70/70
f 70/70/70 71/71/71 72/72/72
f 19/19/19 21/21/21 75/75/75
f 77/77/77 19/19/19 76/76/76
f 47/47/47 46/46/46 79/79/79
f 3/3/3 2/2/2 34/34/34
f 8/8/8 3/3/3 36/36/36
f 16/16/16 32/32/32 34/34/34
f 16/16/16 21/21/21 20/20/20
f 19/19/19 77/77/77 20/20/20
f 77/77/77 54/54/54 20/20/20
f 35/35/35 47/47/47 48/48/48
f 80/80/80 51/51/51 45/45/45
f 8/8/8 48/48/48 50/50/50
f 25/25/25 45/45/45 47/47/47
f 4/4/4 6/6/6 81/81/81
f 13/13/13 4/4/4 43/43/43
f 82/82/82 15/15/15 1/1/1
f 5/5/5 87/87/87 84/84/84
f 83/83/83 1/1/1 7/7/7
f 10/10/10 90/90/90 86/86/86
f 11/11/11 86/86/86 87/87/87
f 87/87/87 94/94/94 88/88/88
f 89/89/89 22/22/22 15/15/15
f 18/18/18 108/108/108 90/90/90
f 86/86/86 110/110/110 94/94/94
f 95/95/95 141/141/141 96/96/96
f 98/98/98 100/100/100 97/97/97
f 99/99/99 102/102/102 100/100/100
f 101/101/101 104/104/104 102/102/102
f 103/103/103 102/102/102 104/104/104
f 105/105/105 100/100/100 102/102/102
f 106/106/106 95/95/95 97/97/97
f 107/107/107 97/97/97 100/100/100
f 108/108/108 143/143/143 109/109/109
f 90/90/90 109/109/109 110/110/110
f 111/111/111 144/144/144 112/112/112
f 113/113/113 112/112/112 44/44/44
f 114/114/114 118/118/118 115/115/115
f 49/49/49 140/140/140 117/117/117
f 118/118/118 145/145/145 119/119/119
f 104/104/104 101/101/101 120/120/120
f 122/122/122 143/143/143 108/108/108
f 123/123/123 108/108/108 18/18/18
f 125/125/125 128/128/128 126/126/126
f 128/128/128 125/125/125 60/60/60
f 62/62/62 131/131/131 129/129/129
f 126/126/126 132/132/132 130/130/130
f 131/131/131 130/130/130 132/132/132
f 133/133/133 126/126/126 128/128/128
f 128/128/128 74/74/74 135/135/135
f 63/63/63 129/129/129 136/136/136
f 138/138/138 132/132/132 126/126/126
f 136/136/136 129/129/129 132/132/132
f 74/74/74 63/63/63 137/137/137
f 134/134/134 136/136/136 138/138/138
f 137/137/137 136/136/136 134/134/134
f 75/75/75 92/92/92 91/91/91
f 76/76/76 91/91/91 139/139/139
f 140/140/140 114/114/114 116/116/116
f 83/83/83 107/107/107 105/105/105
f 85/85/85 106/106/106 107/107/107
f 105/105/105 103/103/103 89/89/89
f 89/89/89 103/103/103 93/93/93
f 121/121/121 139/139/139 93/93/93
f 139/139/139 91/91/91 93/93/93
f 117/117/117 116/116/116 106/106/106
f 115/115/115 119/119/119 141/141/141
f 50/50/50 117/117/117 85/85/85
f 116/116/116 115/115/115 95/95/95
f 84/84/84 113/113/113 81/81/81
f 88/88/88 111/111/111 113/113/113
o Eyes_LP_Checker_0
usemtl Checker
v -0.10338929809504821 0.2957084906159908 0.48694327527999587
v -0.13935298906222748 0.3073543531405233 0.5438138816333535
v -0.1385625420832065 0.27759836527257203 0.49006584629120814
v -0.13997703477791612 0.354374059386531 0.4653675172839762
v -0.18229354510545248 0.36876438422192076 0.49956353334782305
v -0.14491185222018088 0.39370058196492436 0.4941138767351959
v -0.2039977117479358 0.39944401946947866 0.6381676595726468
v -0.16404464474220615 0.3997553473635104 0.7169871710810956
v -0.22322773434457766 0.4217538377268019 0.6923830859394864
v -0.10383628076680862 0.33427999451207646 0.4747874384074662
v -0.10038915052140163 0.3278387993275924 0.5386928857499541
v -0.10338929809504821 0.2957084906159908 0.48694327527999587
v -0.21587292367503952 0.4926893380037937 0.5960970181088829
v -0.24439477374267327 0.5389703879316539 0.6651337312088804
v -0.1707798353408313 0.5283190263384462 0.5926449497744181
v -0.14025836869496766 0.5626107880603851 0.7047009586049323
v -0.11746205126951514 0.5006040632000113 0.617011094110734
v -0.1976537660288713 0.5799054882490157 0.678069005050446
v -0.17464974132218036 0.33422792886426195 0.4687000161811026
v -0.18008181050236938 0.32553293177001696 0.5244446345291227
v -0.10340756691826353 0.37153686644582845 0.512063312079551
v -0.11326013252302702 0.4399018781647426 0.7294106795825326
v -0.10326680310219216 0.41131491322387603 0.6575878041466976
v -0.1740333399020133 0.2960599783165636 0.4815307563655915
v -0.20668413773139993 0.43868466332591904 0.737925560724553
v -0.1771895100804527 0.43052037877103416 0.7494409407493215
v -0.15342145815294694 0.449951940414131 0.7546325020274144
v -0.10560522737491362 0.32136348414208915 0.44212165211461985
v -0.10608947784998685 0.2849440643672951 0.44731173237590643
v -0.13735848358217284 0.3384465914271608 0.43746765916674585
v -0.10608947784998685 0.2849440643672951 0.44731173237590643
v -0.13823994685173147 0.26669824889832633 0.4494844438113158
v -0.16946884610946067 0.3204140412535224 0.43891051170844886
v -0.1698092631293252 0.28463310668062897 0.44570467203005437
v -0.14025836869496766 0.5626107880603851 0.7047009586049323
v -0.17510237898448744 0.5537890671474238 0.7337653762779092
v -0.16404464474220615 0.3997553473635104 0.7169871710810956
v -0.11326013252302702 0.4399018781647426 0.7294106795825326
v -0.22706867246921336 0.5406889168890829 0.713486567410688
v -0.1976537660288713 0.5799054882490157 0.678069005050446
v -0.24439477374267327 0.5389703879316539 0.6651337312088804
v -0.22322773434457766 0.4217538377268019 0.6923830859394864
v -0.20329087518250466 0.5614815805648882 0.7198895332403673
v -0.1066574355961955 0.4370711073614043 0.5632136222198191
v -0.09874906915242065 0.3739050030605707 0.6000105591404962
v -0.15088578721391133 0.37641234212021846 0.6621792747267589
v -0.09874906915242065 0.3739050030605707 0.6000105591404962
v -0.10326680310219216 0.41131491322387603 0.6575878041466976
v -0.14243447462243264 0.3468815403403686 0.6068671240970134
v -0.10038915052140163 0.3278387993275924 0.5386928857499541
v -0.15572769591820912 0.4665275990136004 0.5391030623108564
v -0.1972264454388667 0.4357000786731835 0.5467654826664842
v -0.19027354888006554 0.3708041581513705 0.5831861953595712
v -0.004249349141507985 0.3073543531405233 0.5438138816333535
v -0.04021304010868726 0.2957084906159908 0.48694327527999587
v -0.005039796120528961 0.27759836527257203 0.49006584629120814
v -0.003625295975238918 0.354374059386531 0.4653675172839762
v 0.03869120690171701 0.36876438422192076 0.49956353334782305
v 0.031047403118444894 0.33422792886426195 0.4687000161811026
v 0.060395373544200326 0.39944401946947866 0.6381676595726468
v 0.020442306538470678 0.3997553473635104 0.7169871710810956
v 0.0072834490101758576 0.37641234212021846 0.6621792747267589
v -0.04321319140762406 0.3278387993275924 0.5386928857499541
v -0.03976605743692685 0.33427999451207646 0.4747874384074662
v -0.04021304010868726 0.2957084906159908 0.48694327527999587
v 0.07227058547130405 0.4926893380037937 0.5960970181088829
v 0.07962539614084219 0.4217538377268019 0.6923830859394864
v -0.0033439620581873775 0.5626107880603851 0.7047009586049323
v 0.02717749713709583 0.5283190263384462 0.5926449497744181
v -0.026140286934220325 0.5006040632000113 0.617011094110734
v 0.1007924355389378 0.5389703879316539 0.6651337312088804
v 0.03647946484805348 0.32553293177001696 0.5244446345291227
v 0.030430994247697407 0.2960599783165636 0.4815307563655915
v -0.04019477128547194 0.37153686644582845 0.512063312079551
v -0.030342205680708445 0.4399018781647426 0.7294106795825326
v -0.04033553882683352 0.41131491322387603 0.6575878041466976
v 0.06308179952766446 0.43868466332591904 0.737925560724553
v 0.08346633426547789 0.5406889168890829 0.713486567410688
v 0.03150004078075197 0.5537890671474238 0.7337653762779092
v -0.037997110828821845 0.32136348414208915 0.44212165211461985
v -0.03751286035374862 0.2849440643672951 0.44731173237590643
v -0.006243854621562628 0.3384465914271608 0.43746765916674585
v 0.02586650045514477 0.3204140412535224 0.43891051170844886
v -0.03751286035374862 0.2849440643672951 0.44731173237590643
v -0.005362398802584434 0.26669824889832633 0.4494844438113158
v 0.026206924925589736 0.28463310668062897 0.44570467203005437
v -0.0033439620581873775 0.5626107880603851 0.7047009586049323
v 0.009819112498631044 0.449951940414131 0.7546325020274144
v 0.020442306538470678 0.3997553473635104 0.7169871710810956
v 0.033587171876717226 0.43052037877103416 0.7494409407493215
v 0.054051427825135834 0.5799054882490157 0.678069005050446
v 0.05968853697876919 0.5614815805648882 0.7198895332403673
v 0.07962539614084219 0.4217538377268019 0.6923830859394864
v -0.036944902607539964 0.4370711073614043 0.5632136222198191
v -0.044853269051314815 0.3739050030605707 0.6000105591404962
v -0.044853269051314815 0.3739050030605707 0.6000105591404962
v -0.04033553882683352 0.41131491322387603 0.6575878041466976
v -0.04321319140762406 0.3278387993275924 0.5386928857499541
v -0.0011678561307224 0.3468815403403686 0.6068671240970134
v 0.01212535771447365 0.4665275990136004 0.5391030623108564
v 0.053624107235131224 0.4357000786731835 0.5467654826664842
v 0.0013095140164454122 0.39370058196492436 0.4941138767351959
v 0.046671203225749636 0.3708041581513705 0.5831861953595712
v -0.11326013252302702 0.4399018781647426 0.7294106795825326
v 0.054051427825135834 0.5799054882490157 0.678069005050446
v -0.030342205680708445 0.4399018781647426 0.7294106795825326
v 0.1007924355389378 0.5389703879316539 0.6651337312088804
v -0.030342205680708445 0.4399018781647426 0.7294106795825326
vt 0.6379106640815735 0.871734082698822
vt 0.6343206763267517 0.8603898882865906
vt 0.63124018907547 0.8703994154930115
vt 0.609187662601471 0.8660370707511902
vt 0.6163869500160217 0.8570660948753357
vt 0.6076955199241638 0.8561727404594421
vt 0.6300964951515198 0.8333630561828613
vt 0.6440983414649963 0.825298547744751
vt 0.6324316263198853 0.8223068714141846
vt 0.6011972427368164 0.8692240118980408
vt 0.590486466884613 0.8638116717338562
vt 0.5950505137443542 0.8737248778343201
vt 0.6124739646911621 0.828599214553833
vt 0.6123653054237366 0.8133203983306885
vt 0.6032427549362183 0.8279821872711182
vt 0.5894260406494141 0.8132972717285156
vt 0.5936626195907593 0.8315243721008301
vt 0.6010657548904419 0.8110074996948242
vt 0.6174152493476868 0.8662480711936951
vt 0.6256153583526611 0.859149158000946
vt 0.5987411141395569 0.8594674468040466
vt 0.5721336603164673 0.8285624980926514
vt 0.5795570611953735 0.8404181003570557
vt 0.6245983242988586 0.8684567809104919
vt 0.6117230653762817 0.9116438999772072
vt 0.6162709593772888 0.9142479076981544
vt 0.6209779381752014 0.9123856201767921
vt 0.6043938994407654 0.8750702664256096
vt 0.5995610356330872 0.8797373101115227
vt 0.6102265119552612 0.8721100687980652
vt 0.6355581283569336 0.878677062690258
vt 0.6290966272354126 0.8772787377238274
vt 0.6168155670166016 0.8725816607475281
vt 0.6229935884475708 0.8749827742576599
vt 0.6288304328918457 0.891909584403038
vt 0.6205136775970459 0.8961738720536232
vt 0.6151342391967773 0.9232114925980568
vt 0.6288302540779114 0.9173769131302834
vt 0.6115074157714844 0.8946935310959816
vt 0.6160429120063782 0.884021982550621
vt 0.6030501127243042 0.8896424621343613
vt 0.6018017530441284 0.914678730070591
vt 0.6165496706962585 0.8929750099778175
vt 0.5958502888679504 0.8450219631195068
vt 0.5849366784095764 0.8514008522033691
vt 0.6415197253227234 0.836068868637085
vt 0.6474471688270569 0.8496427536010742
vt 0.6520805954933167 0.8383762836456299
vt 0.6383256316184998 0.8474881649017334
vt 0.641913890838623 0.8619031310081482
vt 0.6052876710891724 0.8409478664398193
vt 0.6141161918640137 0.8417654037475586
vt 0.6274527907371521 0.8450958728790283
vt 0.6343206763267517 0.8603898882865906
vt 0.6379106640815735 0.871734082698822
vt 0.63124018907547 0.8703994154930115
vt 0.609187662601471 0.8660370707511902
vt 0.6163869500160217 0.8570660948753357
vt 0.6174152493476868 0.8662480711936951
vt 0.6300964951515198 0.8333630561828613
vt 0.6440983414649963 0.825298547744751
vt 0.6415197253227234 0.836068868637085
vt 0.590486466884613 0.8638116717338562
vt 0.6011972427368164 0.8692240118980408
vt 0.5950505137443542 0.8737248778343201
vt 0.6124739646911621 0.828599214553833
vt 0.6324316263198853 0.8223068714141846
vt 0.5894260406494141 0.8132972717285156
vt 0.6032427549362183 0.8279821872711182
vt 0.5936626195907593 0.8315243721008301
vt 0.6123653054237366 0.8133203983306885
vt 0.6256153583526611 0.859149158000946
vt 0.6245983242988586 0.8684567809104919
vt 0.5987411141395569 0.8594674468040466
vt 0.5721336603164673 0.8285624980926514
vt 0.5795570611953735 0.8404181003570557
vt 0.6117230653762817 0.9116438999772072
vt 0.6115074157714844 0.8946935310959816
vt 0.6205136775970459 0.8961738720536232
vt 0.6043938994407654 0.8750702664256096
vt 0.5995610356330872 0.8797373101115227
vt 0.6102265119552612 0.8721100687980652
vt 0.6168155670166016 0.8725816607475281
vt 0.6355581283569336 0.878677062690258
vt 0.6290966272354126 0.8772787377238274
vt 0.6229935884475708 0.8749827742576599
vt 0.6288304328918457 0.891909584403038
vt 0.6209779381752014 0.9123856201767921
vt 0.6151342391967773 0.9232114925980568
vt 0.6162709593772888 0.9142479076981544
vt 0.6160429120063782 0.884021982550621
vt 0.6165496706962585 0.8929750099778175
vt 0.6018017530441284 0.914678730070591
vt 0.5958502888679504 0.8450219631195068
vt 0.5849366784095764 0.8514008522033691
vt 0.6474471688270569 0.8496427536010742
vt 0.6520805954933167 0.8383762836456299
vt 0.641913890838623 0.8619031310081482
vt 0.6383256316184998 0.8474881649017334
vt 0.6052876710891724 0.8409478664398193
vt 0.6141161918640137 0.8417654037475586
vt 0.6076955199241638 0.8561727404594421
vt 0.6274527907371521 0.8450958728790283
vt 0.6558693647384644 0.8249776363372803
vt 0.6010657548904419 0.8110074996948242
vt 0.6288302540779114 0.9173769131302834
vt 0.6030501127243042 0.8896424621343613
vt 0.6558693647384644 0.8249776363372803
vn 0.8360537162167448 -0.5183276161439129 0.1798629087464654
vn -0.03996888621800932 -0.8552292497222199 0.5167063175093379
vn -0.0190676014159089 -0.930448730682963 0.36592565658437654
vn 0.054019854872142545 0.7456394141138277 -0.6641563967918854
vn -0.8403193709029959 0.21176149152798238 -0.4990194641404655
vn 0.0826861427766616 0.5718513107162478 -0.8161795637142767
vn -0.8112626938120504 -0.5830802013997395 0.04324720065454599
vn 0.011497593137385367 -0.8601870638316902 0.5098490174244362
vn -0.8298798625652138 -0.5275592993603037 0.18160561491101304
vn 0.887596816078221 0.36378616240751127 -0.28254472235138384
vn 0.8648041501629569 -0.4320059903545519 0.2558996017165883
vn 0.8360537162167448 -0.5183276161439129 0.1798629087464654
vn -0.8186255682432985 0.22454965412943104 -0.5286110402258826
vn -0.9166591435272722 0.36993371631334243 -0.15127808870569273
vn 0.046287704227262944 0.7591158280632283 -0.6493077914373496
vn 0.6488321181990123 0.7158553158121926 0.2580078472000588
vn 0.8408145343881785 0.4825681024626516 -0.24527320531844934
vn -0.17858174782173591 0.977601886205068 -0.11136925712793087
vn -0.8665813896869435 0.310212091895964 -0.3909029970335038
vn -0.860451978948386 -0.46939011210904663 0.19823045825014635
vn 0.8698147325632991 0.32577258234679113 -0.3705327996371436
vn 0.7955356352309265 -0.2172304245988541 0.5656270818360166
vn 0.916885471429307 -0.29656200512703096 0.2671554030838461
vn -0.8451722997756845 -0.5164501758469815 0.1377062074109306
vn -0.6320323367379048 -0.29546210509370696 0.716405799649346
vn -0.16129055824192678 -0.43238869292126375 0.887144505735029
vn 0.2110706870318758 -0.09275681428657881 0.9730597815547085
vn 0.8788500992430838 0.4232554944799455 -0.2201755877770252
vn 0.8318040130898497 -0.5454542517061052 0.10286759987164974
vn 0.031154204947440603 0.8815615366564599 -0.4710399904487875
vn 0.8318040130898497 -0.5454542517061052 0.10286759987164974
vn -0.011223353517044114 -0.9657303124660628 0.2593048397543556
vn -0.8658373538011981 0.38892929416778876 -0.314737479339027
vn -0.8409388224719814 -0.5357784010682274 0.07591707191542199
vn 0.6488321181990123 0.7158553158121926 0.2580078472000588
vn 0.07386522668302527 0.5422420620487001 0.8369692195249709
vn 0.011497593137385367 -0.8601870638316902 0.5098490174244362
vn 0.7955356352309265 -0.2172304245988541 0.5656270818360166
vn -0.7605832598363863 0.3088464983254204 0.5710752536476977
vn -0.17858174782173591 0.977601886205068 -0.11136925712793087
vn -0.9166591435272722 0.36993371631334243 -0.15127808870569273
vn -0.8298798625652138 -0.5275592993603037 0.18160561491101304
vn -0.3778583466000661 0.6819316140910333 0.6262526196415168
vn 0.870765330880765 0.357712095673727 -0.3373570736546395
vn 0.9018807425358064 -0.3428774720799988 0.2627663703427283
vn 0.04839713330997382 -0.8943667476624745 0.4447087115888603
vn 0.9018807425358064 -0.3428774720799988 0.2627663703427283
vn 0.916885471429307 -0.29656200512703096 0.2671554030838461
vn -0.006478100977154499 -0.8656073538312059 0.5006814787877293
vn 0.8648041501629569 -0.4320059903545519 0.2558996017165883
vn 0.08451502018841674 0.5994257817798803 -0.7959559934444436
vn -0.8305951444207014 0.17083943375275804 -0.5300241446762507
vn -0.8570382090477741 -0.49991665771319665 0.12477517210186614
vn 0.0399689147417564 -0.8552292223640635 0.5167063605849317
vn -0.8360536915526136 -0.5183276378059513 0.1798629609668149
vn 0.019067872847327822 -0.9304487055643194 0.36592570631039373
vn -0.05402010347587728 0.7456394600435522 -0.6641563250067075
vn 0.8403193782042118 0.2117612548300398 -0.49901955228958084
vn 0.8665813994582987 0.3102119463822287 -0.3909030908481609
vn 0.8112627520315762 -0.5830801240346725 0.0432471516040566
vn -0.011497701505926895 -0.8601870889037698 0.5098489726804779
vn -0.04839699413676637 -0.8943668606313571 0.4447084995397959
vn -0.8648042253997422 -0.4320058193495336 0.2558996361445046
vn -0.8875968874897344 0.3637860778396722 -0.2825446069005101
vn -0.8360536915526136 -0.5183276378059513 0.1798629609668149
vn 0.8186256130430627 0.22454960391652157 -0.5286109921774264
vn 0.8298798760398036 -0.5275593079261908 0.18160552845273958
vn -0.6488321309165007 0.7158552702387456 0.2580079416641386
vn -0.04628770345286995 0.7591159330826 -0.649307668712755
vn -0.8408145760387788 0.4825680325536628 -0.245273200081084
vn 0.9166591451422366 0.3699336573604247 -0.15127822308265002
vn 0.860451978948386 -0.46939011210904663 0.19823045825014635
vn 0.8451723983252977 -0.5164499612260481 0.1377064074713947
vn -0.8698146686054318 0.32577269244712 -0.37053285297605826
vn -0.795535553263023 -0.21723056612928668 0.5656271427660148
vn -0.9168854838333447 -0.2965620284178923 0.26715533465824465
vn 0.6320322197876037 -0.2954624935799412 0.7164057426053181
vn 0.760583278725014 0.3088465357977499 0.5710752082253587
vn -0.0738654215206642 0.5422418318706835 0.836969351453863
vn -0.8788501609326053 0.4232554358793963 -0.2201754541888725
vn -0.8318039878364532 -0.5454543133175659 0.10286747738054179
vn -0.03115476133963165 0.8815617460354855 -0.4710395617915085
vn 0.8658373279860104 0.38892943158337606 -0.3147373805480972
vn -0.8318039878364532 -0.5454543133175659 0.10286747738054179
vn 0.011223399059365315 -0.9657303045083842 0.2593048674199886
vn 0.8409390752247656 -0.535777917017734 0.07591768829629857
vn -0.6488321309165007 0.7158552702387456 0.2580079416641386
vn -0.2110706773520776 -0.09275711370226464 0.9730597551125832
vn -0.011497701505926895 -0.8601870889037698 0.5098489726804779
vn 0.16128994752758308 -0.43239046202860726 0.8871437545140232
vn 0.1785818803224634 0.9776018773930483 -0.11136912201360334
vn 0.37785828782488706 0.6819314905591699 0.6262527896191711
vn 0.8298798760398036 -0.5275593079261908 0.18160552845273958
vn -0.8707653169142281 0.3577121846598288 -0.3373570153489569
vn -0.9018807251994531 -0.3428775406124384 0.26276634041915303
vn -0.9018807251994531 -0.3428775406124384 0.26276634041915303
vn -0.9168854838333447 -0.2965620284178923 0.26715533465824465
vn -0.8648042253997422 -0.4320058193495336 0.2558996361445046
vn 0.006478255209410339 -0.8656074861845613 0.5006812479718874
vn -0.08451500977145365 0.5994258203453479 -0.7959559655072874
vn 0.8305951350962326 0.17083931262557267 -0.5300241983306924
vn -0.08268610351886369 0.5718513645321204 -0.8161795299856641
vn 0.8570381610282632 -0.4999167439468381 0.12477515643301879
vn 0.7955356352309265 -0.2172304245988541 0.5656270818360166
vn 0.1785818803224634 0.9776018773930483 -0.11136912201360334
vn -0.795535553263023 -0.21723056612928668 0.5656271427660148
vn 0.9166591451422366 0.3699336573604247 -0.15127822308265002
vn -0.795535553263023 -0.21723056612928668 0.5656271427660148
f 146/146/146 147/147/147 148/148/148
f 149/149/149 150/150/150 151/151/151
f 152/152/152 153/153/153 154/154/154
f 155/155/155 156/156/156 157/157/157
f 158/158/158 154/154/154 159/159/159
f 160/160/160 161/161/161 162/162/162
f 160/160/160 159/159/159 163/163/163
f 164/164/164 165/165/165 150/150/150
f 149/149/149 166/166/166 155/155/155
f 162/162/162 167/167/167 168/168/168
f 169/169/169 147/147/147 165/165/165
f 170/170/170 171/171/171 172/172/172
f 173/173/173 157/157/157 174/174/174
f 175/175/175 164/164/164 149/149/149
f 175/175/175 155/155/155 173/173/173
f 176/176/176 148/148/148 177/177/177
f 178/178/178 169/169/169 164/164/164
f 179/179/179 148/148/148 169/169/169
f 172/172/172 180/180/180 181/181/181
f 172/172/172 182/182/182 183/183/183
f 184/184/184 185/185/185 186/186/186
f 184/184/184 187/187/187 170/170/170
f 188/188/188 180/180/180 185/185/185
f 170/170/170 182/182/182 171/171/171
f 168/168/168 189/189/189 162/162/162
f 190/190/190 166/166/166 189/189/189
f 191/191/191 192/192/192 193/193/193
f 194/194/194 195/195/195 192/192/192
f 158/158/158 196/196/196 197/197/197
f 197/197/197 151/151/151 150/150/150
f 152/152/152 197/197/197 198/198/198
f 198/198/198 150/150/150 165/165/165
f 162/162/162 196/196/196 160/160/160
f 189/189/189 151/151/151 196/196/196
f 152/152/152 194/194/194 191/191/191
f 198/198/198 147/147/147 194/194/194
f 193/193/193 153/153/153 191/191/191
f 199/199/199 200/200/200 201/201/201
f 202/202/202 203/203/203 204/204/204
f 205/205/205 206/206/206 207/207/207
f 208/208/208 209/209/209 210/210/210
f 211/211/211 212/212/212 205/205/205
f 213/213/213 214/214/214 215/215/215
f 214/214/214 216/216/216 211/211/211
f 204/204/204 217/217/217 218/218/218
f 219/219/219 202/202/202 209/209/209
f 220/220/220 215/215/215 221/221/221
f 218/218/218 199/199/199 201/201/201
f 222/222/222 223/223/223 224/224/224
f 210/210/210 225/225/225 226/226/226
f 227/227/227 204/204/204 228/228/228
f 209/209/209 227/227/227 225/225/225
f 201/201/201 229/229/229 230/230/230
f 228/228/228 218/218/218 231/231/231
f 231/231/231 201/201/201 230/230/230
f 232/232/232 233/233/233 224/224/224
f 233/233/233 234/234/234 235/235/235
f 223/223/223 236/236/236 237/237/237
f 238/238/238 223/223/223 222/222/222
f 237/237/237 232/232/232 224/224/224
f 234/234/234 222/222/222 235/235/235
f 239/239/239 221/221/221 215/215/215
f 219/219/219 240/240/240 239/239/239
f 241/241/241 207/207/207 242/242/242
f 243/243/243 244/244/244 241/241/241
f 211/211/211 245/245/245 214/214/214
f 246/246/246 247/247/247 245/245/245
f 205/205/205 246/246/246 211/211/211
f 248/248/248 203/203/203 246/246/246
f 245/245/245 215/215/215 214/214/214
f 247/247/247 239/239/239 245/245/245
f 244/244/244 205/205/205 207/207/207
f 199/199/199 248/248/248 244/244/244
f 206/206/206 242/242/242 207/207/207
f 146/146/146 195/195/195 147/147/147
f 149/149/149 164/164/164 150/150/150
f 152/152/152 191/191/191 153/153/153
f 155/155/155 166/166/166 156/156/156
f 158/158/158 152/152/152 154/154/154
f 160/160/160 163/163/163 161/161/161
f 160/160/160 158/158/158 159/159/159
f 164/164/164 169/169/169 165/165/165
f 149/149/149 151/151/151 166/166/166
f 162/162/162 161/161/161 167/167/167
f 169/169/169 148/148/148 147/147/147
f 172/172/172 181/181/181 170/170/170
f 181/181/181 188/188/188 184/184/184
f 170/170/170 181/181/181 184/184/184
f 173/173/173 155/155/155 157/157/157
f 175/175/175 178/178/178 164/164/164
f 175/175/175 149/149/149 155/155/155
f 176/176/176 146/146/146 148/148/148
f 178/178/178 179/179/179 169/169/169
f 179/179/179 177/177/177 148/148/148
f 172/172/172 183/183/183 180/180/180
f 172/172/172 171/171/171 182/182/182
f 184/184/184 188/188/188 185/185/185
f 184/184/184 186/186/186 187/187/187
f 188/188/188 181/181/181 180/180/180
f 170/170/170 187/187/187 182/182/182
f 168/168/168 190/190/190 189/189/189
f 190/190/190 156/156/156 166/166/166
f 191/191/191 194/194/194 192/192/192
f 194/194/194 147/147/147 195/195/195
f 158/158/158 160/160/160 196/196/196
f 197/197/197 196/196/196 151/151/151
f 152/152/152 158/158/158 197/197/197
f 198/198/198 197/197/197 150/150/150
f 162/162/162 189/189/189 196/196/196
f 189/189/189 166/166/166 151/151/151
f 152/152/152 198/198/198 194/194/194
f 198/198/198 165/165/165 147/147/147
f 193/193/193 249/249/249 153/153/153
f 199/199/199 243/243/243 200/200/200
f 202/202/202 247/247/247 203/203/203
f 205/205/205 212/212/212 206/206/206
f 208/208/208 219/219/219 209/209/209
f 211/211/211 216/216/216 212/212/212
f 213/213/213 250/250/250 214/214/214
f 214/214/214 250/250/250 216/216/216
f 204/204/204 203/203/203 217/217/217
f 219/219/219 247/247/247 202/202/202
f 220/220/220 213/213/213 215/215/215
f 218/218/218 217/217/217 199/199/199
f 237/237/237 224/224/224 223/223/223
f 224/224/224 233/233/233 222/222/222
f 233/233/233 235/235/235 222/222/222
f 210/210/210 209/209/209 225/225/225
f 227/227/227 202/202/202 204/204/204
f 209/209/209 202/202/202 227/227/227
f 201/201/201 200/200/200 229/229/229
f 228/228/228 204/204/204 218/218/218
f 231/231/231 218/218/218 201/201/201
f 232/232/232 251/251/251 233/233/233
f 233/233/233 251/251/251 234/234/234
f 223/223/223 252/252/252 236/236/236
f 238/238/238 252/252/252 223/223/223
f 237/237/237 236/236/236 232/232/232
f 234/234/234 238/238/238 222/222/222
f 239/239/239 240/240/240 221/221/221
f 219/219/219 208/208/208 240/240/240
f 241/241/241 244/244/244 207/207/207
f 243/243/243 199/199/199 244/244/244
f 211/211/211 246/246/246 245/245/245
f 246/246/246 203/203/203 247/247/247
f 205/205/205 248/248/248 246/246/246
f 248/248/248 217/217/217 203/203/203
f 245/245/245 239/239/239 215/215/215
f 247/247/247 219/219/219 239/239/239
f 244/244/244 248/248/248 205/205/205
f 199/199/199 217/217/217 248/248/248
f 206/206/206 253/253/253 242/242/242
o Claw3L_LP_Checker_0
usemtl Checker
v -0.15885102393811135 -0.1814220911348659 -0.43103598609391036
v -0.15333634272211016 -0.1476558125094861 -0.3715206657102111
v -0.1640981250085355 -0.17720844961620344 -0.3668345736302987
v -0.35172208357478474 -0.1895513596559763 -0.4299198282163684
v -0.28768431497325775 -0.1888850823029937 -0.3277316010481503
v -0.34180577825443925 -0.1670596570351762 -0.2793681286933173
v -0.17299979538470955 -0.11743095009263482 -0.39651847066432994
v -0.23019121072758997 -0.1020503533367182 -0.4514873058648386
v -0.23635059066823283 -0.08892774128010604 -0.35019094500585446
v -0.3968945354917375 -0.09129810668801594 -0.39897212987156844
v -0.36132591155187965 -0.154283832580602 -0.45452156113636205
v -0.4117302802563394 -0.13286304655838685 -0.3952474289310194
v -0.414520373615912 -0.11596596711053773 -0.31914970656291936
v -0.20826510619524619 -0.19764113078846052 -0.3716449034458263
v -0.26470758919326376 -0.15654827765240611 -0.3026711916086837
v -0.3462147933345705 -0.11167426161916497 -0.45757058400903183
v -0.25349363118051804 -0.1780174819035597 -0.48015292485700223
v -0.2381403690992212 -0.13488005228521222 -0.4836035042985474
v -0.14819836285266952 -0.15220750177439005 -0.43578931215655153
v -0.1640981250085355 -0.17720844961620344 -0.3668345736302987
v -0.24873406629113692 -0.11098552737589994 -0.30448982611021286
v -0.26470758919326376 -0.15654827765240611 -0.3026711916086837
v -0.36132591155187965 -0.154283832580602 -0.45452156113636205
v -0.2675280511186706 -0.20565403362565735 -0.4465314311042564
v -0.20603310601339242 -0.2033984393323394 -0.41231955822825517
v -0.1640981250085355 -0.17720844961620344 -0.3668345736302987
v -0.25349363118051804 -0.1780174819035597 -0.48015292485700223
v -0.39096345623664264 -0.16149971466536492 -0.33198812210967504
v -0.4117302802563394 -0.13286304655838685 -0.3952474289310194
v -0.3887033673665663 -0.17325901952028694 -0.38758667594650914
v -0.328620635078386 -0.08120911546073413 -0.23842748633720653
v -0.3441000503875302 -0.12437616116685238 -0.23516448270375176
v -0.3462147933345705 -0.11167426161916497 -0.45757058400903183
v -0.33665030442214805 -0.07363393201383771 -0.42436418769334605
v -0.14819836285266952 -0.15220750177439005 -0.43578931215655153
v -0.17128640030429354 -0.11951294407013595 -0.419732422586028
v -0.15333634272211016 -0.1476558125094861 -0.3715206657102111
v -0.2381403690992212 -0.13488005228521222 -0.4836035042985474
v -0.3155333925291881 -0.05794008119293529 -0.2849826654649212
v -0.35484363835654453 -0.06490295838851054 -0.40289733836118735
v -0.39934968055748143 -0.07320807000378297 -0.3222594367891014
v -0.35967405826581866 -0.05269282968566821 -0.3219659766694661
v -0.3968945354917375 -0.09129810668801594 -0.39897212987156844
v -0.24873406629113692 -0.11098552737589994 -0.30448982611021286
v -0.414520373615912 -0.11596596711053773 -0.31914970656291936
v -0.328620635078386 -0.08120911546073413 -0.23842748633720653
v -0.39934968055748143 -0.07320807000378297 -0.3222594367891014
v -0.8270112687272291 -0.04305931618091421 0.3330972786417609
v -0.8323345594331344 -0.06405162170780575 0.39637673058716427
v -0.8455124308426876 -0.0857727720718893 0.37275297013909775
v -0.8135624346085835 0.02875493762421148 0.38793747281587504
v -0.8595412777466782 0.03496307060434609 0.4575561125785145
v -0.8374727181165054 -0.014794785847252983 0.43046682351913707
v -0.8875939051599668 0.019378965104786552 0.35329710331821806
v -0.9114518557909457 0.028412568691833055 0.43452541586109467
v -0.8985808290858377 0.07336709856600178 0.388697245937601
v -0.8742100997073177 -0.06778860544150113 0.37453907995452174
v -0.8595716165101908 -0.025346552564659865 0.3304591742371928
v -0.8071884332480628 -0.01962314679598129 0.3549649668052941
v -0.8323345594331344 -0.06405162170780575 0.39637673058716427
v -0.8460429717739748 0.07955199328995693 0.41322401926500824
v -0.8929635086738275 0.052396303887790346 0.45825568943837225
v -0.8595412777466782 0.03496307060434609 0.4575561125785145
v -0.8798669976025741 0.09732875015318514 0.4118850576585006
v -0.9031459487271465 -0.021249936419761157 0.4001421277541171
v -0.8822165530424586 -0.1834990065034872 0.5353469431884901
v -0.8484115410951176 -0.06578897527575828 0.5036699766486002
v -0.8978668250620325 -0.05920488868010379 0.5111505371419588
v -0.9076586162822253 -0.2216053188770616 0.4080511005346201
v -0.8625107214783712 -0.3185318743545754 0.48351524408714364
v -0.9229704531363292 -0.20307854434301997 0.48308285319387234
v -0.8088053284107444 -0.22578689388005027 0.33904674589713735
v -0.8274487072054582 -0.3169679273095405 0.36570165927696097
v -0.8527483153473958 -0.2281331986207717 0.35283318109850653
v -0.7843391719980719 -0.21199589256849208 0.3803995512014857
v -0.7532328794919052 -0.292537010781031 0.46551976353155555
v -0.7631876298072715 -0.2994916624861065 0.39364151185761065
v -0.824098032174303 -0.17918866823020976 0.5272470886748304
v -0.829456787643057 -0.30783867506228796 0.5267835643225197
v -0.7834569636704702 -0.2968521695564198 0.5194947491045049
v -0.8638430044686118 -0.32283700964747003 0.4153453544779951
v -0.7843391719980719 -0.21199589256849208 0.3803995512014857
v -0.788813275348843 -0.30810611932951104 0.3547095483033386
v -0.7861830416429849 -0.1922726730270325 0.46156670763863017
v -0.7834569636704702 -0.2968521695564198 0.5194947491045049
v -0.8105898914354315 -0.12736912917274668 0.3879383923213657
v -0.8318210654298719 -0.14679396110404216 0.34829504910883363
v -0.9261613877230568 -0.11574917925922974 0.4021940330005274
v -0.8484115410951176 -0.06578897527575828 0.5036699766486002
v -0.81695364079728 -0.09469935139894585 0.45402354530026073
v -0.8105898914354315 -0.12736912917274668 0.3879383923213657
v -0.8774708909361606 -0.14038663938451418 0.3566630631672154
v -0.9340877324174102 -0.08044694726055929 0.4697893884014597
v -0.824098032174303 -0.17918866823020976 0.5272470886748304
v -0.7897096099769407 -0.3298943244613848 0.3796165442086659
v -0.8179076727202306 -0.3363482247001552 0.38665239658145295
v -0.7699123448898115 -0.32326392915780866 0.40766261403094767
v -0.8174693401723498 -0.330024301881002 0.5042645164117008
v -0.7833816830058016 -0.321631760287562 0.4992338235331391
v -0.8441542198325491 -0.34077353585970077 0.42219464618756236
v -0.7631876298072715 -0.2994916624861065 0.39364151185761065
v -0.7833816830058016 -0.321631760287562 0.4992338235331391
v -0.7615653106220366 -0.31815154095208414 0.4600233255095846
v -0.8424537589597603 -0.33784762517363837 0.4721969214906641
v -0.7355084850897975 -0.44722656492096274 0.4213404097811353
v -0.7025791249592794 -0.4929388660595602 0.3601696617790226
v -0.7267091707875761 -0.44045282786407525 0.4038786323344559
v -0.3866339537508645 -0.12999655888152603 -0.3279342068253717
v -0.4660017386227455 -0.0748932396905366 -0.12340614193754648
v -0.48487751592224404 -0.02899763941992118 -0.15399103540137635
v -0.36918686995237593 -0.06683179652800213 -0.3241730747079914
v -0.48149402853487344 0.027646915341321306 -0.17166349358529295
v -0.46002819105919746 0.06524074932704181 -0.16722050998321203
v -0.34389483160015555 -0.07080441318690646 -0.3056103105463128
v -0.4401728114447112 0.06015911472665344 -0.142792440109796
v -0.32582958804451834 -0.10094076401045715 -0.2886054286876938
v -0.42519297245458554 -0.04633835997856821 -0.0930442713766818
v -0.3255735264962867 -0.13958740064629804 -0.2831196792297479
v -0.3432766420406852 -0.16410554871571748 -0.29236653100274873
v -0.3685686803929056 -0.16013293205681314 -0.3109292951644273
v -0.38688998549677445 -0.0913499669491677 -0.33341995628331034
v -0.34389483160015555 -0.07080441318690646 -0.3056103105463128
v -0.4307572149316097 0.013853479203661541 -0.1122626063685435
v -0.3255735264962867 -0.13958740064629804 -0.2831196792297479
v -0.439032604417966 -0.08271902718559408 -0.09783659799163283
v -0.6548501702804077 0.1577817484082285 0.01209891225035807
v -0.5212275269353195 0.13730381378125248 -0.07576008718550895
v -0.5485973235533237 0.09056772964151913 -0.0834914276745637
v -0.5632770531637132 0.129459043527573 0.14083883722590682
v -0.6253596404486972 0.21023024861604292 0.13521891085260718
v -0.6072031719862703 0.14181056359130256 0.18644920244591878
v -0.569514798309323 0.0330978964507206 0.16291736653075847
v -0.6376300311618288 -0.0062986757683320465 0.18430047917985198
v -0.6001207694384281 -0.027671324826305636 0.14030599731331161
v -0.6359479881238639 -0.02000013010203531 0.08771270643324966
v -0.6925169670764286 0.07571763303119194 0.08698727252582215
v -0.6578573437514001 0.055738252322471774 0.034601589123723145
v -0.6256405571332446 0.22142121251127925 0.03377407086562189
v -0.6862754072336386 0.16432908874499694 0.06533411302148734
v -0.6586260052332427 0.2203073591233583 0.0852495649965467
v -0.5872204768533895 0.20927266237515282 0.0870871779516785
v -0.6253596404486972 0.21023024861604292 0.13521891085260718
v -0.6099637610473385 0.0470531387484579 0.2066711660555245
v -0.569514798309323 0.0330978964507206 0.16291736653075847
v -0.6713599412584315 0.0017020552814772574 0.13709872626874953
v -0.6713599412584315 0.0017020552814772574 0.13709872626874953
v -0.6410801267382471 0.015439605659606325 0.17557024311776553
v -0.6662359088755565 0.024709254335313464 0.13955318213274542
v -0.6925169670764286 0.07571763303119194 0.08698727252582215
v -0.6764088121859246 0.15433449550497108 0.08239445371932137
v -0.6862754072336386 0.16432908874499694 0.06533411302148734
v -0.6072031719862703 0.14181056359130256 0.18644920244591878
v -0.6319846369627569 0.1894464370119769 0.13361697984154247
v -0.6189827184606478 0.1344923629045614 0.17313328787443735
v -0.6099637610473385 0.0470531387484579 0.2066711660555245
v -0.6376300311618288 -0.0062986757683320465 0.18430047917985198
v -0.6813357916175766 0.08427017136904269 0.10024921489156668
v -0.6561397763459431 0.19788680606257736 0.09624415177187189
v -0.6586260052332427 0.2203073591233583 0.0852495649965467
v -0.6253596404486972 0.21023024861604292 0.13521891085260718
v -0.6209382872073732 0.05841393017042919 0.1905289750627064
v -0.5986769065556619 0.13077174043286802 0.10425922891242252
v -0.5916865931819393 0.10450213665522361 0.1219433348554246
v -0.6033515795316191 0.05213018903171664 0.12294586368828948
v -0.6145446759191597 0.05590797325170907 0.10585217520529577
v -0.6210182170342304 0.08106077233871 0.08855457575465121
v -0.6104925734439659 0.13559902829458767 0.08704978804087642
v -0.5936199293966604 0.07253429004239785 0.12938247640249728
v -0.6195841889176323 0.11462362423744114 0.08067674377197782
v -0.8767926496984213 -0.0875655788676106 0.3517054383431906
v -0.9181134495560794 0.01583009387267606 0.3329747815051826
v -0.8624623821125388 -0.06716001342800157 0.2919380708989785
v -0.8011277138934791 0.20429135755822653 0.2960818010907463
v -0.82993982367352 0.12200588232521399 0.4433352649369194
v -0.7499702405191155 0.17792179124535723 0.3254428143284029
v -0.7680418915739229 0.039176097433161416 0.4073250734907975
v -0.6984290920549086 -0.0011271905711772237 0.27617757913556573
v -0.7125229676248956 0.09118064917054684 0.31292937001123583
v -0.7971765220796345 -0.09580078914552868 0.29509873099301165
v -0.786247891495051 -0.024135361403804505 0.2083298556713385
v -0.7320493892122193 -0.04870121030416026 0.23121863880221724
v -0.8343997411191517 0.15583298394665063 0.2524497198691647
v -0.8295330815866642 0.060834166375151204 0.2185111493931391
v -0.7499702405191155 0.17792179124535723 0.3254428143284029
v -0.7602978178792186 -0.05249133985975535 0.3414701232568185
v -0.6984290920549086 -0.0011271905711772237 0.27617757913556573
v -0.7365979983672943 0.17557917966795222 0.14203575055696432
v -0.6652172655191135 0.18975882411290282 0.12848957974541858
v -0.6832356300226827 0.15425075552494596 0.11028540355091386
v -0.6714069097174646 0.03675116552077604 0.13938014789095368
v -0.7365661098830523 0.08584084945495034 0.13906697709657886
v -0.6865653838239894 0.09218586412889636 0.11495278506970365
v -0.6507094953050574 0.027209123359219118 0.2195000555107188
v -0.6476625655368884 0.02413062456081615 0.16811596578353485
v -0.6328335262946738 0.05814652781264889 0.18423061203828034
v -0.6825561370874311 0.19981855107038535 0.20745446539100929
v -0.6369119740222695 0.12463969389128321 0.17865506364821188
v -0.6446876977826421 0.1781907596380033 0.1574886115719744
v -0.7084348639450622 0.0036119255838500818 0.15806603019551013
v -0.6650504321221162 0.11734439065721257 0.2222354767273551
v -0.6328335262946738 0.05814652781264889 0.18423061203828034
v -0.7125198681834366 0.22250735056461235 0.17028536367126335
v -0.6446876977826421 0.1781907596380033 0.1574886115719744
v -0.5893316733241449 0.15994377193266118 0.09861427699544914
v -0.6103409392310466 0.16816050558609386 0.06876063433720689
v -0.5761214365932021 0.1122654788509823 0.12992305424317244
v -0.5792858471135975 0.05518871525631563 0.14352815123358945
v -0.6161527495946117 0.02628012862618889 0.1021910244134339
v -0.5961423383025299 0.02033261824014586 0.13195692866682449
v -0.6264572599577023 0.1312148933421842 0.05752063511448062
v -0.6279897549452684 0.07123191913313068 0.07137857547586517
v -0.5893316733241449 0.15994377193266118 0.09861427699544914
v -0.5792858471135975 0.05518871525631563 0.14352815123358945
v -0.8242579514326609 -0.10923233581389476 0.3537423709581787
v -0.851023237756865 0.062472144049251284 0.4767489820993338
v -0.82993982367352 0.12200588232521399 0.4433352649369194
v -0.9334872752393641 0.048973131226967614 0.43688283576417286
v -0.9315098315884951 0.10536924963443962 0.39343157794783273
v -0.7946061910404367 -0.07432688190549576 0.391384306931064
v -0.7602978178792186 -0.05249133985975535 0.3414701232568185
v -0.9044251835847228 0.08398907718837051 0.4741885419253941
v -0.8951094546517102 0.14911470667469154 0.43849983382100793
v -0.6735280601636751 -0.01654305878652642 0.19142556032142138
v -0.6507094953050574 0.027209123359219118 0.2195000555107188
v -0.6825561370874311 0.19981855107038535 0.20745446539100929
v -0.9219954403788866 -0.022031877114207624 0.38615816327403324
v -0.9162075910819856 0.037502395774151515 0.4329783758596076
v -0.9334872752393641 0.048973131226967614 0.43688283576417286
v -0.8951850333395961 0.06401426247440183 0.46010080888799193
v -0.851023237756865 0.062472144049251284 0.4767489820993338
v -0.9044251835847228 0.08398907718837051 0.4741885419253941
v -0.8735903902294395 -0.07004093216397385 0.36620861614457445
v -0.8767926496984213 -0.0875655788676106 0.3517054383431906
v -0.8350516967091326 -0.08851162887140504 0.3661143842125493
v -0.8242579514326609 -0.10923233581389476 0.3537423709581787
v -0.7946061910404367 -0.07432688190549576 0.391384306931064
v -0.8025517880346222 -0.002875806958332788 0.44429176099606077
v -0.8135562357256654 -0.06240261495923832 0.3938247575094896
v -0.8557286667288388 0.04547929716937635 0.46067683118195535
v -0.9071962034583936 -0.017996321089911175 0.39406531461572253
v -0.8783342045917908 0.045418823691294845 0.38691155497804036
v -0.844510655600339 -0.011297055065921009 0.3613722262003636
v -0.8205225284280804 -0.006879147039626243 0.4341333422662761
v -0.8358654789060616 0.00031139819788539357 0.37314747924915626
v -0.8705608054125125 0.05721623873782719 0.3996802385883138
v -0.8611177609611054 -0.002915003036368499 0.3615794105753623
v -0.8521920252101411 0.048339616845990876 0.39742718451234904
v -0.5535392041458365 0.015517626755164533 -0.061573446948835896
v -0.530291843482289 -0.043868298618551634 -0.023021720138740858
v -0.4961178191873916 -0.05356392724697874 0.010127731717309772
v -0.4772782815111065 -0.007306691828202244 0.018370390718155716
v -0.42519297245458554 -0.04633835997856821 -0.0930442713766818
v -0.48402648082316313 0.06795687021285744 -0.003391843109032115
v -0.4772782815111065 -0.007306691828202244 0.018370390718155716
v -0.4947128185321503 0.12783490633043706 -0.04251786073887666
v -0.4401728114447112 0.06015911472665344 -0.142792440109796
v -0.4947128185321503 0.12783490633043706 -0.04251786073887666
v -0.7615653106220366 -0.31815154095208414 0.4600233255095846
v -0.7600903341153931 -0.3934141150317649 0.4635814965663949
v -0.7467220854746826 -0.3830927705631279 0.4377638627867323
v -0.7318696812122383 -0.43801819069591375 0.37993914215459385
v -0.7063435754252168 -0.48901381339425115 0.34474874778794534
v -0.7416317893199964 -0.4393803675587203 0.3667801060342953
v -0.7699123448898115 -0.32326392915780866 0.40766261403094767
v -0.7709640688233654 -0.38070990550102385 0.3802299438732481
v -0.7897096099769407 -0.3298943244613848 0.3796165442086659
v -0.7551908920290118 -0.3787663437172454 0.40093147068940677
v -0.7542407940125284 -0.4446765972638525 0.36980396966831713
v -0.7155635793008597 -0.49395646866889603 0.34584273221896117
v -0.7649962135032662 -0.4516991839464287 0.3857968503225269
v -0.8179076727202306 -0.3363482247001552 0.38665239658145295
v -0.8064164339061874 -0.4007741349889947 0.4096745813983857
v -0.8441542198325491 -0.34077353585970077 0.42219464618756236
v -0.790542942496919 -0.3894876421475499 0.3849854421757891
v -0.762776357767514 -0.4552844293496201 0.40852100201004166
v -0.7129653532885305 -0.49819063112579487 0.3605842129297906
v -0.7507237624215235 -0.45359240011364854 0.4233762670197048
v -0.8424537589597603 -0.33784762517363837 0.4721969214906641
v -0.7833003226675017 -0.40280688257345937 0.4659935192028839
v -0.8174693401723498 -0.330024301881002 0.5042645164117008
v -0.802116614532844 -0.40584708062650243 0.44383805649788177
v -0.7833816830058016 -0.321631760287562 0.4992338235331391
v -0.7318696812122383 -0.43801819069591375 0.37993914215459385
v -0.7699123448898115 -0.32326392915780866 0.40766261403094767
v -0.7551908920290118 -0.3787663437172454 0.40093147068940677
v -0.7155635793008597 -0.49395646866889603 0.34584273221896117
v -0.7025791249592794 -0.4929388660595602 0.3601696617790226
v -0.7129653532885305 -0.49819063112579487 0.3605842129297906
v -0.15333634272211016 -0.1476558125094861 -0.3715206657102111
v -0.15885102393811135 -0.1814220911348659 -0.43103598609391036
v -0.3441000503875302 -0.12437616116685238 -0.23516448270375176
v -0.8071884332480628 -0.01962314679598129 0.3549649668052941
v -0.8460429717739748 0.07955199328995693 0.41322401926500824
v -0.7699123448898115 -0.32326392915780866 0.40766261403094767
v -0.5872204768533895 0.20927266237515282 0.0870871779516785
v -0.6099637610473385 0.0470531387484579 0.2066711660555245
v -0.9219954403788866 -0.022031877114207624 0.38615816327403324
v -0.7946061910404367 -0.07432688190549576 0.391384306931064
v -0.8025517880346222 -0.002875806958332788 0.44429176099606077
v -0.851023237756865 0.062472144049251284 0.4767489820993338
v -0.873559515024136 0.018071420993870716 0.37141816683546597
v -0.8375924638451826 0.022283758304624146 0.38770108185426855
v -0.7063435754252168 -0.48901381339425115 0.34474874778794534
v -0.7063435754252168 -0.48901381339425115 0.34474874778794534
vt 0.02201046422123909 0.20260393619537354
vt 0.03291872516274452 0.18080437183380127
vt 0.022010479122400284 0.18080437183380127
vt 0.4565258026123047 0.14798986911773682
vt 0.42873644828796387 0.15094399452209473
vt 0.42866575717926025 0.16920793056488037
vt 0.3929983377456665 0.12381517887115479
vt 0.3742551803588867 0.12788617610931396
vt 0.392797589302063 0.14435946941375732
vt 0.03291871026158333 0.2737886905670166
vt 0.02201046422123909 0.254361629486084
vt 0.02201046422123909 0.2737886905670166
vt 0.02201046422123909 0.29558849334716797
vt 0.42578136920928955 0.12874960899353027
vt 0.41628849506378174 0.15241575241088867
vt 0.03291871026158333 0.254361629486084
vt 0.02201046422123909 0.2275092601776123
vt 0.03291871026158333 0.2275092601776123
vt 0.03291871026158333 0.20260393619537354
vt 0.022010456770658493 0.36677324771881104
vt 0.03291871026158333 0.34186816215515137
vt 0.02201046422123909 0.34186816215515137
vt 0.46824443340301514 0.147408127784729
vt 0.4483973979949951 0.12988018989562988
vt 0.43361425399780273 0.12236630916595459
vt 0.41628849506378174 0.11998498439788818
vt 0.45541274547576904 0.12052571773529053
vt 0.44571685791015625 0.17061781883239746
vt 0.46433496475219727 0.16954004764556885
vt 0.4551476240158081 0.16126275062561035
vt 0.03291871026158333 0.31501615047454834
vt 0.02201046422123909 0.31501615047454834
vt 0.3514033555984497 0.1462644338607788
vt 0.3631432056427002 0.15255475044250488
vt 0.39026665687561035 0.10934102535247803
vt 0.38853681087493896 0.12019836902618408
vt 0.4037359952926636 0.1203155517578125
vt 0.3654996156692505 0.11978423595428467
vt 0.3914787769317627 0.17009830474853516
vt 0.36454343795776367 0.1596527099609375
vt 0.37156355381011963 0.1823105812072754
vt 0.3781735897064209 0.1723085641860962
vt 0.3547405004501343 0.16763579845428467
vt 0.4037359952926636 0.15229558944702148
vt 0.44817471504211426 0.18429529666900635
vt 0.40062808990478516 0.18028044700622559
vt 0.03291871026158333 0.29558849334716797
vt 0.22888079285621643 0.22693896293640137
vt 0.24610832333564758 0.23631501197814941
vt 0.24998405575752258 0.22470808029174805
vt 0.1885240375995636 0.25655806064605713
vt 0.18910732865333557 0.2775750160217285
vt 0.2010582983493805 0.2676548957824707
vt 0.21864870190620422 0.20149588584899902
vt 0.22899261116981506 0.17957520484924316
vt 0.21083036065101624 0.18354403972625732
vt 0.24557021260261536 0.21280157566070557
vt 0.22552064061164856 0.21700072288513184
vt 0.19949427247047424 0.24690604209899902
vt 0.21228507161140442 0.2570841312408447
vt 0.20868411660194397 0.16072022914886475
vt 0.22560229897499084 0.16998982429504395
vt 0.2275247871875763 0.1599644422531128
vt 0.2077731192111969 0.17230236530303955
vt 0.2367132008075714 0.19501876831054688
vt 0.28508809208869934 0.16998291015625
vt 0.2584182322025299 0.15485036373138428
vt 0.2565993368625641 0.16780459880828857
vt 0.2863762676715851 0.20016860961914062
vt 0.31075218319892883 0.18759751319885254
vt 0.28414860367774963 0.18458247184753418
vt 0.29127421975135803 0.22523784637451172
vt 0.3083691895008087 0.2157299518585205
vt 0.2893679440021515 0.21575474739074707
vt 0.2500166893005371 0.24690604209899902
vt 0.2727290987968445 0.2643544673919678
vt 0.2726486325263977 0.2472982406616211
vt 0.28994670510292053 0.15644502639770508
vt 0.31318023800849915 0.17557406425476074
vt 0.3197937309741974 0.16627168655395508
vt 0.3091517984867096 0.2025909423828125
vt 0.29047611355781555 0.23781049251556396
vt 0.308440238237381 0.22410380840301514
vt 0.24828888475894928 0.2677273750305176
vt 0.27499526739120483 0.2787637710571289
vt 0.26711323857307434 0.23553335666656494
vt 0.27263811230659485 0.224609375
vt 0.26326313614845276 0.19849801063537598
vt 0.2162504494190216 0.2849006652832031
vt 0.22294393181800842 0.270052433013916
vt 0.22842004895210266 0.25236260890960693
vt 0.26910272240638733 0.21420598030090332
vt 0.2585168182849884 0.18154001235961914
vt 0.24555791914463043 0.2863231897354126
vt 0.31613674759864807 0.2223719358444214
vt 0.31532230973243713 0.2142578363418579
vt 0.2792648673057556 0.2499995231628418
vt 0.3204205334186554 0.17955255508422852
vt 0.3261086046695709 0.17200493812561035
vt 0.3154400885105133 0.20290541648864746
vt 0.3136099874973297 0.23382723331451416
vt 0.2812017798423767 0.27358555793762207
vt 0.2788286805152893 0.26286637783050537
vt 0.31751683354377747 0.19031858444213867
vt 0.5914403796195984 0.11297094821929932
vt 0.586530864238739 0.13244688510894775
vt 0.5946752429008484 0.11653995513916016
vt 0.055247753858566284 0.15148359537124634
vt 0.11270961165428162 0.16428858041763306
vt 0.11317381262779236 0.14869052171707153
vt 0.06004020571708679 0.13434511423110962
vt 0.11449143290519714 0.13303571939468384
vt 0.11583945155143738 0.12198644876480103
vt 0.05840584635734558 0.1264551281929016
vt 0.1153552234172821 0.11395186185836792
vt 0.20134016871452332 0.23004615306854248
vt 0.145331472158432 0.23465871810913086
vt 0.20329555869102478 0.23955106735229492
vt 0.05379137396812439 0.1690499186515808
vt 0.05349418520927429 0.16110295057296753
vt 0.05813512206077576 0.14209014177322388
vt 0.20067688822746277 0.22037839889526367
vt 0.1439051330089569 0.21894192695617676
vt 0.055373162031173706 0.17681056261062622
vt 0.11351880431175232 0.17426437139511108
vt 0.18333205580711365 0.1231657862663269
vt 0.14776954054832458 0.11390835046768188
vt 0.14699169993400574 0.1275351643562317
vt 0.06826910376548767 0.21481764316558838
vt 0.05465778708457947 0.19396471977233887
vt 0.052565425634384155 0.2155451774597168
vt 0.18793293833732605 0.1988338828086853
vt 0.200210303068161 0.18303662538528442
vt 0.18573269248008728 0.18202275037765503
vt 0.18294796347618103 0.16777437925338745
vt 0.19764205813407898 0.14631718397140503
vt 0.1818976104259491 0.14635437726974487
vt 0.18563970923423767 0.10819894075393677
vt 0.19825837016105652 0.12381559610366821
vt 0.19917449355125427 0.1072346568107605
vt 0.1876966655254364 0.09340614080429077
vt 0.20294591784477234 0.09257751703262329
vt 0.05464252829551697 0.23955106735229492
vt 0.06994804739952087 0.23896348476409912
vt 0.19809934496879578 0.16867488622665405
vt 0.043985456228256226 0.10963982343673706
vt 0.028982728719711304 0.1092415452003479
vt 0.0408763587474823 0.11541992425918579
vt 0.05251142382621765 0.13370603322982788
vt 0.04237052798271179 0.15325826406478882
vt 0.04618653655052185 0.1580156683921814
vt 0.006828397046774626 0.13850706815719604
vt 0.018566101789474487 0.15606504678726196
vt 0.011941999197006226 0.13815432786941528
vt 0.01336774230003357 0.1129102110862732
vt 0.028730720281600952 0.1023220419883728
vt 0.04739031195640564 0.13431769609451294
vt 0.030586808919906616 0.16229289770126343
vt 0.03106793761253357 0.16961246728897095
vt 0.01551172137260437 0.16133493185043335
vt 0.017022937536239624 0.11790961027145386
vt 0.026918262243270874 0.1414009928703308
vt 0.025686949491500854 0.13578075170516968
vt 0.029779523611068726 0.12692111730575562
vt 0.03303536772727966 0.12899380922317505
vt 0.03420409560203552 0.13438647985458374
vt 0.030270308256149292 0.14365166425704956
vt 0.026585906744003296 0.12991267442703247
vt 0.03339990973472595 0.14049416780471802
vt 0.15696606040000916 0.32628124952316284
vt 0.14817366003990173 0.2995460629463196
vt 0.14075109362602234 0.32303887605667114
vt 0.11250194162130356 0.2624351382255554
vt 0.14996036887168884 0.24451321363449097
vt 0.1105247363448143 0.24734097719192505
vt 0.23082877695560455 0.12127673625946045
vt 0.2609063386917114 0.14396274089813232
vt 0.26031994819641113 0.11915135383605957
vt 0.13472792506217957 0.3385719656944275
vt 0.1127299889922142 0.3236313462257385
vt 0.10957261174917221 0.33905094861984253
vt 0.11349066346883774 0.27940577268600464
vt 0.11426123231649399 0.3015848994255066
vt 0.261091947555542 0.09557974338531494
vt 0.13359138369560242 0.3576694130897522
vt 0.10490234941244125 0.35828500986099243
vt 0.08176060765981674 0.2836543917655945
vt 0.06466086953878403 0.27689868211746216
vt 0.06647010892629623 0.2888703942298889
vt 0.07357140630483627 0.32560402154922485
vt 0.08476587384939194 0.3045509457588196
vt 0.07014330476522446 0.3059731125831604
vt 0.08346899598836899 0.3533610701560974
vt 0.07316883653402328 0.3396379351615906
vt 0.06918235868215561 0.3525840640068054
vt 0.2945852279663086 0.1021571159362793
vt 0.29923367500305176 0.12482273578643799
vt 0.30723464488983154 0.11270606517791748
vt 0.08927711099386215 0.3269466757774353
vt 0.28641653060913086 0.12187421321868896
vt 0.2924596071243286 0.14012813568115234
vt 0.08084281533956528 0.27136653661727905
vt 0.061799608170986176 0.267159640789032
vt 0.04100855439901352 0.27605849504470825
vt 0.043510399758815765 0.28569096326828003
vt 0.3156667947769165 0.13578033447265625
vt 0.3073134422302246 0.14769220352172852
vt 0.05242272466421127 0.3276800513267517
vt 0.052171073853969574 0.33751362562179565
vt 0.04595430940389633 0.29671722650527954
vt 0.04980083554983139 0.31286996603012085
vt 0.32432568073272705 0.12411928176879883
vt 0.0488104447722435 0.34942251443862915
vt 0.15187963843345642 0.3415566086769104
vt 0.20871688425540924 0.10566878318786621
vt 0.22328080236911774 0.09557974338531494
vt 0.16794666647911072 0.28011804819107056
vt 0.15071985125541687 0.27620869874954224
vt 0.21970833837985992 0.14781415462493896
vt 0.23565734922885895 0.14850592613220215
vt 0.16838940978050232 0.26271122694015503
vt 0.1499234139919281 0.2615521550178528
vt 0.09009452909231186 0.34002381563186646
vt 0.28058481216430664 0.14380884170532227
vt 0.07780870050191879 0.25920790433883667
vt 0.4925369620323181 0.12498188018798828
vt 0.5018369555473328 0.10683012008666992
vt 0.4986669421195984 0.10206460952758789
vt 0.5123993754386902 0.0995098352432251
vt 0.5263038277626038 0.10093867778778076
vt 0.5123199820518494 0.09185469150543213
vt 0.5022022128105164 0.14186859130859375
vt 0.4996606707572937 0.1476348638534546
vt 0.512276828289032 0.14917659759521484
vt 0.5129790902137756 0.1567021608352661
vt 0.5263963341712952 0.14664077758789062
vt 0.5338130593299866 0.12356770038604736
vt 0.5226250290870667 0.14179003238677979
vt 0.5231671929359436 0.10663247108459473
vt 0.4970170855522156 0.12431585788726807
vt 0.5096387267112732 0.11725974082946777
vt 0.5120742917060852 0.1302281618118286
vt 0.5282867550849915 0.12414932250976562
vt 0.514866054058075 0.12775969505310059
vt 0.5120235085487366 0.1148456335067749
vt 0.5093430876731873 0.1277327537536621
vt 0.5145987868309021 0.1174696683883667
vt 0.14608868956565857 0.14765173196792603
vt 0.14538118243217468 0.16694539785385132
vt 0.14558491110801697 0.17923206090927124
vt 0.1456432044506073 0.19187742471694946
vt 0.11458107829093933 0.18426162004470825
vt 0.11103448271751404 0.21638047695159912
vt 0.11330196261405945 0.23567509651184082
vt 0.11320695281028748 0.19851207733154297
vt 0.14556393027305603 0.2050405740737915
vt 0.1465063989162445 0.10306340456008911
vt 0.6117681860923767 0.08683645725250244
vt 0.5965980887413025 0.09722280502319336
vt 0.6024062037467957 0.10173463821411133
vt 0.5679200291633606 0.12038552761077881
vt 0.5778757929801941 0.1338958740234375
vt 0.571658194065094 0.11864125728607178
vt 0.5490700602531433 0.09483778476715088
vt 0.5637655854225159 0.10284161567687988
vt 0.5568642020225525 0.09035766124725342
vt 0.5581057667732239 0.10664165019989014
vt 0.5745424628257751 0.11659157276153564
vt 0.5800883173942566 0.13258206844329834
vt 0.57867830991745 0.11375391483306885
vt 0.5629354119300842 0.08583545684814453
vt 0.5761935114860535 0.09717011451721191
vt 0.5725345015525818 0.07940268516540527
vt 0.5688731074333191 0.10017645359039307
vt 0.5836700797080994 0.11171090602874756
vt 0.5838276743888855 0.13135802745819092
vt 0.5880269408226013 0.11130189895629883
vt 0.5848237872123718 0.07462787628173828
vt 0.5911082625389099 0.09509050846099854
vt 0.5956761240959167 0.07394099235534668
vt 0.5842816233634949 0.09524977207183838
vt 0.6039406657218933 0.07811141014099121
vt 0.598482072353363 0.12120974063873291
vt 0.6197051405906677 0.09795534610748291
vt 0.609172523021698 0.10826945304870605
vt 0.31449025869369507 0.15553879737854004
vt 0.3183348774909973 0.15838837623596191
vt 0.3183348774909973 0.15551018714904785
vt 0.03291870281100273 0.36677324771881104
vt 0.43000245094299316 0.10853588581085205
vt 0.41865086555480957 0.18152940273284912
vt 0.22688904404640198 0.23781049251556396
vt 0.17637506127357483 0.267620325088501
vt 0.32078853249549866 0.2307724952697754
vt 0.06964442133903503 0.1906750202178955
vt 0.20294591784477234 0.19853132963180542
vt 0.16363117098808289 0.3038211464881897
vt 0.151748389005661 0.35828500986099243
vt 0.21556009352207184 0.12618279457092285
vt 0.1706591546535492 0.24612027406692505
vt 0.5087011456489563 0.12284433841705322
vt 0.5158854126930237 0.12285935878753662
vt 0.5894023776054382 0.13538336753845215
vt 0.31430143117904663 0.15813159942626953
vn 0.6731604458556298 -0.6372293959603177 -0.3752248806509214
vn 0.8835323829655385 0.18532805492315815 0.43014420873660025
vn 0.6727620913690706 -0.5492651809860062 0.4956802692998021
vn -0.4219684134646668 -0.8401459678478761 -0.3407307012100135
vn 0.04153773270218735 -0.9145059109636159 0.4024345357627357
vn -0.20619258090374604 -0.8101553553201722 0.5487557925218622
vn 0.6097036123658822 0.7869219492967239 0.09494920106582584
vn 0.29273680673739716 0.815700449164245 -0.4989368088389958
vn 0.46583651974716167 0.8672975531695827 0.1754744743143776
vn -0.7440367114582925 0.5213222856252869 -0.4178904719095136
vn -0.5627179350534937 -0.2420560346887506 -0.7904159674752849
vn -0.9411064472482285 -0.11501737008789785 -0.31794600095909475
vn -0.9429175400710614 -0.05530469859416977 0.32840204466438117
vn 0.20955431523998094 -0.9120410133721167 0.3525169200073449
vn 0.43430646722063554 -0.4688252688243235 0.7691428734910907
vn -0.3621134515004148 0.3895514479060536 -0.8468314576565718
vn 0.04627574485103056 -0.4672290429225942 -0.8829244457416042
vn 0.19660709398115478 0.2642106013832057 -0.9442131161517564
vn 0.8727926014619515 0.10784279257230245 -0.4760283677718023
vn 0.6727620913690706 -0.5492651809860062 0.4956802692998021
vn 0.647788115906877 0.26919875095881907 0.7126728487686549
vn 0.43430646722063554 -0.4688252688243235 0.7691428734910907
vn -0.5627179350534937 -0.2420560346887506 -0.7904159674752849
vn -0.054755302167149446 -0.9331758883236541 -0.35522474341737964
vn 0.22078500511053195 -0.9703922949539115 -0.09794271495329898
vn 0.6727620913690706 -0.5492651809860062 0.4956802692998021
vn 0.04627574485103056 -0.4672290429225942 -0.8829244457416042
vn -0.6456456693440348 -0.711239879093831 0.2779919136303894
vn -0.9411064472482285 -0.11501737008789785 -0.31794600095909475
vn -0.6392341850403467 -0.7656427140812011 -0.07190890800294487
vn 0.055139437698287885 0.47055285741237696 0.8806472907988555
vn -0.2022857344324298 -0.25370316891278344 0.9458938543667277
vn -0.3621134515004148 0.3895514479060536 -0.8468314576565718
vn -0.06465288582754318 0.8637565199257179 -0.4997446134176772
vn 0.8727926014619515 0.10784279257230245 -0.4760283677718023
vn 0.5873360416351509 0.7681003705029896 -0.2550650799884659
vn 0.8835323829655385 0.18532805492315815 0.43014420873660025
vn 0.19660709398115478 0.2642106013832057 -0.9442131161517564
vn 0.2624480957705675 0.9177259466462775 0.2981611709773703
vn -0.18657537111599506 0.9137522602888829 -0.36089671335423135
vn -0.7456593021344281 0.6339748924275694 0.20510495096864326
vn -0.19251208557310318 0.9782691245641398 0.07699751186113626
vn -0.7440367114582925 0.5213222856252869 -0.4178904719095136
vn 0.647788115906877 0.26919875095881907 0.7126728487686549
vn -0.9429175400710614 -0.05530469859416977 0.32840204466438117
vn 0.055139437698287885 0.47055285741237696 0.8806472907988555
vn -0.7456593021344281 0.6339748924275694 0.20510495096864326
vn 0.3651725569859456 -0.7579055547193099 -0.5405813294500297
vn 0.9949445353331287 -0.01268295470560754 -0.09962185639045328
vn 0.43704727561090967 -0.0008345566210336696 -0.8994381481771428
vn 0.8835047260900704 0.030847116090951632 0.4674054496958515
vn 0.5714124200094229 0.3971980024461226 0.7181375864775389
vn 0.9360861388947369 0.10871817699570699 0.33454909738314015
vn -0.9118542093362696 -0.1192617015648011 -0.39280853791076736
vn -0.9699886580567193 0.23121683505980456 0.07523814475551709
vn -0.9647786855648066 0.2625712791026272 -0.016075175590160088
vn -0.5268146423826414 -0.11200944933054548 -0.842567632793901
vn -0.6234339294106633 -0.45400431860484974 -0.6365612416317271
vn 0.9205328334478812 -0.3511693310747628 0.17117068515642206
vn 0.9949445353331287 -0.01268295470560754 -0.09962185639045328
vn 0.5698771474091996 0.4930052335905791 0.6574084548536412
vn -0.38144320196875964 0.590095827443143 0.7115391753839081
vn 0.5714124200094229 0.3971980024461226 0.7181375864775389
vn -0.37641827399225 0.7162020215282743 0.5876767371297835
vn -0.8972408231405347 0.01128111412291831 -0.4413973739775095
vn -0.3720096843491009 -0.03260697233804616 0.9276559599902477
vn 0.5704022977285336 0.3350370102501453 0.7499276101789116
vn -0.36504082674971333 0.29901130470219656 0.8816674171512612
vn -0.8689795119846423 -0.3043184314268878 -0.39021135304448984
vn -0.7301698061437758 -0.5881523901528716 0.3477482137314657
vn -0.9201205439936087 -0.2572999563706494 0.29525398722551977
vn 0.32525953471969604 0.045858560120735706 -0.9445121637848715
vn -0.4015073276380057 -0.5307782443410555 -0.7463687568402192
vn -0.506944573474769 -0.17973356936907928 -0.8430320536411028
vn 0.9066368878418466 0.2508516769787034 -0.3392388388162877
vn 0.9790135937837852 -0.012819047109957547 0.2033913843252722
vn 0.9318455079331932 -0.1212292970561733 -0.3420049807824374
vn 0.5317428743537542 0.20567702542579522 0.8215512624212833
vn -0.20105528270894718 -0.44828724322230085 0.8709852586921176
vn 0.6001049544636279 -0.1666598145377328 0.7823672729904132
vn -0.7736843111167009 -0.5719240665326885 -0.27260860010753346
vn 0.9066368878418466 0.2508516769787034 -0.3392388388162877
vn 0.417711190145645 -0.3658861311034249 -0.8316517905309145
vn 0.9301556755954755 0.3043412242964047 0.2053943483917947
vn 0.6001049544636279 -0.1666598145377328 0.7823672729904132
vn 0.877455552641678 0.3389659644714266 -0.33937269788279
vn 0.31490548096123544 0.2622784863844032 -0.9121647513692246
vn -0.883265374072628 0.023590719620135876 -0.4682795713162645
vn 0.5704022977285336 0.3350370102501453 0.7499276101789116
vn 0.9374513786860704 0.3019156406179952 0.17329702406507513
vn 0.877455552641678 0.3389659644714266 -0.33937269788279
vn -0.4448656731629545 0.07276861230291638 -0.8926361307412888
vn -0.9629939432881354 0.12336386455734857 0.23963309894888019
vn 0.5317428743537542 0.20567702542579522 0.8215512624212833
vn 0.4162006072646902 -0.3786640911186522 -0.8266743981821307
vn -0.42972249556031705 -0.5536949702892268 -0.7132744609796607
vn 0.9405431823960239 -0.07243320137084827 -0.33186134663068245
vn -0.1386306969459737 -0.6569665959946801 0.741064384255131
vn 0.589044028065412 -0.3914945123287018 0.7069364750930495
vn -0.736152722875813 -0.642907495204794 -0.21153988090198067
vn 0.9318455079331932 -0.1212292970561733 -0.3420049807824374
vn 0.589044028065412 -0.3914945123287018 0.7069364750930495
vn 0.9746440969782266 -0.11805247088441354 0.1900855027180712
vn -0.6498908284169825 -0.687852198467534 0.3232665528675499
vn 0.6621104105705143 -0.324216416280771 0.6756430415746164
vn 0.9123409461680485 -0.3890451357245777 0.1275847965638321
vn 0.9521614175653467 0.2448931598865096 0.1828003696406275
vn -0.8778920182540555 -0.37618347759625426 -0.2962964655027284
vn -0.6380357727109731 -0.7664902311731585 -0.07350563418697711
vn -0.8623274210659438 -0.31288830849367244 -0.3981109459506571
vn -0.07945815917187114 0.7568293061632108 -0.6487648281723746
vn -0.7470069341585581 0.1716526402660903 -0.6422740936770778
vn -0.005197211032211146 0.773875043668488 -0.6333169868119618
vn 0.7040315301384483 0.7004471261257623 -0.117104346943551
vn 0.7828596776433987 0.6220079592491347 -0.01538907894582189
vn 0.9021957498737295 0.2884677080598836 0.3206699398391695
vn 0.8760686197263895 -0.07987217218751021 0.4755251934868933
vn 0.7666296494787298 -0.3513366683794123 0.537439788248111
vn 0.06550365847533055 -0.9031122022450384 0.42437910043081073
vn -0.6016126292521664 -0.7972339333705866 0.049802608433276704
vn -0.7874059092970318 0.18063222727796205 -0.5893758838574218
vn 0.7040315301384483 0.7004471261257623 -0.117104346943551
vn 0.9059207456265067 0.28648579388985396 0.3118228544266984
vn 0.7666296494787298 -0.3513366683794123 0.537439788248111
vn 0.26753097491201216 -0.8554960869083905 0.4433436846816019
vn -0.7128944594127509 0.22042001978125594 -0.6657300538643515
vn 0.054599218181640714 0.8018966605189035 -0.5949627477603819
vn -0.6636399002931198 0.1608108277219017 -0.7305627696689277
vn 0.8072195549533272 0.3042707707018451 0.5057824514526552
vn -0.1213627375607426 0.7462410892844638 0.6545191537268404
vn 0.0061260945962861675 0.4092018889886269 0.9124233036333174
vn 0.7410763056443334 -0.2262874751789494 0.6321391364167253
vn -0.32646868793482225 -0.5741939121624808 0.7508125911528527
vn 0.15925145098310942 -0.8921321509210036 0.4227755913635956
vn -0.5645195847229599 -0.7994072779932745 -0.20558609475254042
vn -0.9963162881462019 -0.08518998181348028 0.009824508801634536
vn -0.7783222000882515 -0.32140388634381095 -0.5393645285823666
vn -0.15135836561177632 0.8979706663291223 -0.4132061562607268
vn -0.9668409738599136 0.24964812790102142 -0.05379910316287135
vn -0.5965770401055586 0.7880672760199935 0.15180844405143656
vn 0.5633665129439858 0.801575427332838 0.20023737510642728
vn -0.1213627375607426 0.7462410892844638 0.6545191537268404
vn 0.024816910556693706 -0.06789701034441117 0.9973836357875098
vn 0.7410763056443334 -0.2262874751789494 0.6321391364167253
vn -0.8518960141533655 -0.475372885839261 0.2197585049058669
vn -0.8518960141533655 -0.475372885839261 0.2197585049058669
vn -0.7975693580613689 0.3570824865007794 0.4861843445813499
vn -0.6087636384552145 0.44644998509461736 0.6558118962810793
vn -0.9963162881462019 -0.08518998181348028 0.009824508801634536
vn -0.5299561649454232 0.09647974741302008 0.8425189146692549
vn -0.9668409738599136 0.24964812790102142 -0.05379910316287135
vn 0.0061260945962861675 0.4092018889886269 0.9124233036333174
vn -0.8986816205609085 -0.09197126722392612 0.42885035953260464
vn -0.9770637170662041 -0.001228826819858222 0.21294361407992363
vn 0.024816910556693706 -0.06789701034441117 0.9973836357875098
vn -0.32646868793482225 -0.5741939121624808 0.7508125911528527
vn -0.42845104295343456 0.33457595434889587 0.8393382122622799
vn -0.7558554161849135 -0.01741531622890868 0.6545069110288894
vn -0.5965770401055586 0.7880672760199935 0.15180844405143656
vn -0.1213627375607426 0.7462410892844638 0.6545191537268404
vn -0.9391210847745142 0.22635901184383303 0.2584824672758742
vn -0.8685385395059511 -0.49560265720963365 -0.004337229486664737
vn -0.9084577431473584 -0.21335382261715555 -0.35942269723857967
vn -0.6366211211855157 0.7681689293447317 0.0680444270301819
vn -0.014977971511546388 0.7508538121714472 0.6602985787634291
vn 0.19432802787922498 0.41720890964404106 0.8877912723687935
vn -0.48152215693729544 -0.45987100650477314 0.7460932044689468
vn -0.9099616402431556 0.174452738646229 -0.37621277924176966
vn 0.06684184324089613 0.045015631973410956 0.996747591354097
vn -0.6117525189512671 -0.7771417805703357 0.1476804267624789
vn -0.9023924716976258 -0.095913408981076 -0.42010527847323975
vn -0.6111082077856972 -0.5673997970088207 -0.5519096200749743
vn -0.254578528209169 0.9628096272748453 0.0904842229437099
vn 0.4446939734548555 0.5091895364770394 0.736867210503514
vn 0.5399849328643769 0.6446767632034416 0.5411174948797975
vn 0.7935532592288191 0.008413213357470374 0.6084426370729786
vn 0.7997970786499775 -0.4197085489684359 0.4291495856991729
vn 0.8326894606540696 0.12894074965613148 0.5385188438613356
vn 0.1885880562402175 -0.9425306336031448 -0.27580890080487086
vn -0.4001675244071676 -0.5312253255911978 -0.7467701158056371
vn 0.3466413426560751 -0.9022280495819672 -0.25656251890935405
vn -0.7506326766054344 0.45658075345388954 -0.477582035243831
vn -0.7148046955820153 -0.005776883303978242 -0.6993002751273552
vn 0.5399849328643769 0.6446767632034416 0.5411174948797975
vn 0.7792366697741294 -0.5370914378591876 0.3229907117204375
vn 0.7997970786499775 -0.4197085489684359 0.4291495856991729
vn -0.5720507935688159 0.36364461879049964 -0.7352009798701307
vn 0.07153378539396937 0.895064117477399 -0.44016263261618926
vn -0.5028381390584612 0.28474889658222396 -0.8161322636701905
vn -0.24209203430104964 -0.6768719246671697 -0.6951516701593549
vn -0.5269495350906472 -0.1398952794899074 -0.8383039414461745
vn -0.5327954917002096 -0.24538543736039417 -0.8098857642627014
vn 0.8843122461645381 -0.27672568101735184 0.37605152406141407
vn 0.5252012584658549 -0.850343884215515 -0.03284686717410254
vn 0.7809881836436725 -0.1449800164622876 0.6074851865153191
vn 0.6323904423212282 0.6767702108938427 0.3769143272780496
vn 0.7376707976976266 0.22620786888367453 0.6361381880372013
vn 0.6648079722627632 0.6753230584384345 0.31932605085904253
vn -0.07775437489603619 -0.5892305828952026 -0.8042148825814568
vn 0.8280116112161485 0.1947901469481887 0.52578852245284
vn 0.7809881836436725 -0.1449800164622876 0.6074851865153191
vn -0.053246912841015195 0.9609278815212562 -0.2716291088745316
vn 0.6648079722627632 0.6753230584384345 0.31932605085904253
vn 0.5613013561830278 0.7854545619491681 0.2607717750454104
vn -0.13813956353582701 0.8594723307114944 -0.49216336081374734
vn 0.6607245120129895 0.30445157339370743 0.6861139545901195
vn 0.5934495969367367 -0.14667013912555432 0.7913946210232385
vn -0.3887838685951186 -0.828836856686592 -0.4023388727405086
vn 0.22728402856002647 -0.8932550491395291 0.38786258848754956
vn -0.610434436419821 0.15532004670819677 -0.7766887934838373
vn -0.6121070261353593 -0.3556002861322306 -0.7063097231798543
vn 0.5613013561830278 0.7854545619491681 0.2607717750454104
vn 0.5934495969367367 -0.14667013912555432 0.7913946210232385
vn 0.018341176418787873 -0.9715133239515218 0.23627412603211706
vn 0.14960979661297572 -0.11812128674277145 0.9816640313140009
vn 0.4446939734548555 0.5091895364770394 0.736867210503514
vn -0.8271044447977454 -0.25695682229711814 0.4998714123359931
vn -0.9281208267218088 0.36174885677022844 -0.08791755018572206
vn 0.4023371749464506 -0.6576245278484717 0.6369103375108494
vn 0.7792366697741294 -0.5370914378591876 0.3229907117204375
vn -0.4486017583849487 0.06365463588509954 0.8914620293115504
vn -0.38952519939132324 0.7741719591715185 0.49892674479494725
vn 0.5579613091685605 -0.7969993817865374 -0.23123832490048754
vn 0.8843122461645381 -0.27672568101735184 0.37605152406141407
vn 0.6323904423212282 0.6767702108938427 0.3769143272780496
vn -0.8040614219595863 -0.5184070264422842 0.29110029998541176
vn 0.16825903253800317 -0.672278556904335 0.7209233245609412
vn -0.8271044447977454 -0.25695682229711814 0.4998714123359931
vn -0.1710114742091509 -0.7861047361722305 0.5939649985111922
vn 0.14960979661297572 -0.11812128674277145 0.9816640313140009
vn -0.4486017583849487 0.06365463588509954 0.8914620293115504
vn -0.07513029723760488 -0.36619996085600964 0.9274982625892332
vn -0.6117525189512671 -0.7771417805703357 0.1476804267624789
vn -0.3276211303992991 -0.4370363456929162 0.8376536440912005
vn 0.018341176418787873 -0.9715133239515218 0.23627412603211706
vn 0.4023371749464506 -0.6576245278484717 0.6369103375108494
vn 0.3611618729096508 -0.38401152985036585 0.8497630531497441
vn -0.5539799459455913 -0.4357889728820073 0.7093618192464021
vn -0.4906994313768905 -0.7484494181706968 0.4461362308604198
vn 0.1879170378105368 -0.4500329181751694 0.8730163569253754
vn 0.6992514087533419 -0.4886738669856406 0.5217713283439092
vn -0.4037406398532772 0.0001702814716398342 0.9148734703417117
vn -0.6429352693544117 -0.5597570820753132 0.522787001068983
vn -0.9072354828817502 -0.18055511681748415 0.37989949775084214
vn 0.0869800931492629 -0.9830368655490634 0.16147131128227732
vn 0.4071175166840791 -0.0065148409810405995 0.9133525521155454
vn -0.7048646294024198 -0.7075951260858027 -0.04974928901006288
vn -0.7691612187179262 -0.35125183816612565 -0.5338662433655756
vn -0.5417398474377472 -0.8156009737767936 -0.20325596983230912
vn 0.32081949582399544 -0.8604158079619167 0.39592864067717987
vn 0.8498994446593818 -0.1036739297109593 0.5166455750956951
vn 0.8760686197263895 -0.07987217218751021 0.4755251934868933
vn 0.8934048410083362 0.26696739713741724 0.3613256134410376
vn 0.8498994446593818 -0.1036739297109593 0.5166455750956951
vn 0.7665065477817434 0.6396974973160136 0.057051066031606534
vn 0.7828596776433987 0.6220079592491347 -0.01538907894582189
vn 0.7665065477817434 0.6396974973160136 0.057051066031606534
vn 0.9746440969782266 -0.11805247088441354 0.1900855027180712
vn 0.6191822123507671 -0.23419392677563552 0.7495109022354631
vn 0.965714220887099 0.18717511373923545 0.17989308039257013
vn 0.788483287537888 0.5162435001865651 -0.3343452613520468
vn 0.6151676237251271 -0.06144602945211681 -0.7859982062224762
vn 0.19698855406235202 0.4201436414480144 -0.8858187343464948
vn 0.9405431823960239 -0.07243320137084827 -0.33186134663068245
vn 0.28761595854525435 0.21787198595127838 -0.9326354368818185
vn 0.4162006072646902 -0.3786640911186522 -0.8266743981821307
vn 0.8503657388559409 0.3647581235185174 -0.37924875940105557
vn -0.5520737311465432 -0.09094705519069263 -0.8288203837563815
vn -0.26025549284813876 -0.6114880634148313 -0.7472278278701561
vn -0.7745494263514421 -0.540677602120677 -0.32823911513359744
vn -0.42972249556031705 -0.5536949702892268 -0.7132744609796607
vn -0.8186843231694608 -0.4924252416169284 -0.2954206499469386
vn -0.736152722875813 -0.642907495204794 -0.21153988090198067
vn -0.5235989857151354 -0.1872627594785433 -0.8311298099999559
vn -0.6049112541703996 -0.7662415575356083 0.21669390873626215
vn -0.024303039109344133 -0.9879775656094639 0.15267511959205124
vn -0.05549566254112178 -0.7420013987732225 0.6680974147964526
vn -0.6498908284169825 -0.687852198467534 0.3232665528675499
vn -0.15584879505496696 -0.6002729810968455 0.7844638304249731
vn -0.1386306969459737 -0.6569665959946801 0.741064384255131
vn -0.7001010684516216 -0.6467318553710752 0.3026489735670429
vn 0.589044028065412 -0.3914945123287018 0.7069364750930495
vn 0.788483287537888 0.5162435001865651 -0.3343452613520468
vn 0.9405431823960239 -0.07243320137084827 -0.33186134663068245
vn 0.8503657388559409 0.3647581235185174 -0.37924875940105557
vn -0.26025549284813876 -0.6114880634148313 -0.7472278278701561
vn 0.9123409461680485 -0.3890451357245777 0.1275847965638321
vn -0.024303039109344133 -0.9879775656094639 0.15267511959205124
vn 0.8835323829655385 0.18532805492315815 0.43014420873660025
vn 0.6731604458556298 -0.6372293959603177 -0.3752248806509214
vn -0.2022857344324298 -0.25370316891278344 0.9458938543667277
vn 0.9205328334478812 -0.3511693310747628 0.17117068515642206
vn 0.5698771474091996 0.4930052335905791 0.6574084548536412
vn 0.9405431823960239 -0.07243320137084827 -0.33186134663068245
vn 0.5633665129439858 0.801575427332838 0.20023737510642728
vn 0.024816910556693706 -0.06789701034441117 0.9973836357875098
vn -0.8040614219595863 -0.5184070264422842 0.29110029998541176
vn 0.4023371749464506 -0.6576245278484717 0.6369103375108494
vn 0.3611618729096508 -0.38401152985036585 0.8497630531497441
vn 0.14960979661297572 -0.11812128674277145 0.9816640313140009
vn 0.660696685157134 -0.15497963081517727 0.7344802272728426
vn -0.9220997262063358 -0.3724077595472139 0.10509308045359152
vn 0.6151676237251271 -0.06144602945211681 -0.7859982062224762
vn 0.6151676237251271 -0.06144602945211681 -0.7859982062224762
f 254/254/254 255/255/255 256/256/256
f 257/257/257 258/258/258 259/259/259
f 260/260/260 261/261/261 262/262/262
f 263/263/263 264/264/264 265/265/265
f 266/266/266 263/263/263 265/265/265
f 267/267/267 268/268/268 258/258/258
f 269/269/269 270/270/270 264/264/264
f 254/254/254 271/271/271 272/272/272
f 273/273/273 274/274/274 275/275/275
f 276/276/276 277/277/277 257/257/257
f 278/278/278 279/279/279 267/267/267
f 280/280/280 278/278/278 277/277/277
f 281/281/281 282/282/282 283/283/283
f 283/283/283 276/276/276 257/257/257
f 275/275/275 284/284/284 285/285/285
f 267/267/267 277/277/277 278/278/278
f 261/261/261 286/286/286 287/287/287
f 260/260/260 288/288/288 289/289/289
f 262/262/262 290/290/290 260/260/260
f 289/289/289 291/291/291 261/261/261
f 262/262/262 287/287/287 292/292/292
f 293/293/293 294/294/294 295/295/295
f 296/296/296 287/287/287 286/286/286
f 292/292/292 297/297/297 262/262/262
f 259/259/259 283/283/283 257/257/257
f 293/293/293 292/292/292 287/287/287
f 259/259/259 298/298/298 281/281/281
f 299/299/299 295/295/295 294/294/294
f 285/285/285 300/300/300 266/266/266
f 268/268/268 259/259/259 258/258/258
f 301/301/301 302/302/302 303/303/303
f 304/304/304 305/305/305 306/306/306
f 307/307/307 308/308/308 309/309/309
f 301/301/301 310/310/310 311/311/311
f 312/312/312 306/306/306 313/313/313
f 314/314/314 315/315/315 316/316/316
f 309/309/309 315/315/315 317/317/317
f 311/311/311 318/318/318 307/307/307
f 319/319/319 320/320/320 321/321/321
f 316/316/316 321/321/321 320/320/320
f 322/322/322 323/323/323 324/324/324
f 325/325/325 326/326/326 327/327/327
f 328/328/328 329/329/329 330/330/330
f 331/331/331 332/332/332 333/333/333
f 319/319/319 323/323/323 332/332/332
f 327/327/327 334/334/334 322/322/322
f 335/335/335 336/336/336 325/325/325
f 337/337/337 338/338/338 329/329/329
f 303/303/303 339/339/339 340/340/340
f 310/310/310 341/341/341 318/318/318
f 308/308/308 321/321/321 315/315/315
f 306/306/306 342/342/342 343/343/343
f 313/313/313 343/343/343 344/344/344
f 303/303/303 345/345/345 310/310/310
f 318/318/318 346/346/346 308/308/308
f 347/347/347 343/343/343 342/342/342
f 337/337/337 344/344/344 343/343/343
f 335/335/335 340/340/340 339/339/339
f 340/340/340 327/327/327 345/345/345
f 345/345/345 322/322/322 341/341/341
f 341/341/341 324/324/324 346/346/346
f 346/346/346 319/319/319 321/321/321
f 326/326/326 348/348/348 349/349/349
f 329/329/329 350/350/350 330/330/330
f 333/333/333 351/351/351 352/352/352
f 323/323/323 351/351/351 332/332/332
f 334/334/334 349/349/349 353/353/353
f 354/354/354 348/348/348 336/336/336
f 329/329/329 355/355/355 356/356/356
f 334/334/334 357/357/357 323/323/323
f 358/358/358 359/359/359 360/360/360
f 361/361/361 362/362/362 363/363/363
f 364/364/364 365/365/365 366/366/366
f 367/367/367 366/366/366 368/368/368
f 369/369/369 370/370/370 371/371/371
f 372/372/372 362/362/362 373/373/373
f 374/374/374 363/363/363 365/365/365
f 375/375/375 376/376/376 369/369/369
f 377/377/377 378/378/378 372/372/372
f 379/379/379 380/380/380 381/381/381
f 382/382/382 383/383/383 384/384/384
f 385/385/385 386/386/386 387/387/387
f 388/388/388 389/389/389 390/390/390
f 391/391/391 392/392/392 393/393/393
f 394/394/394 393/393/393 395/395/395
f 382/382/382 396/396/396 397/397/397
f 387/387/387 398/398/398 388/388/388
f 390/390/390 392/392/392 379/379/379
f 399/399/399 400/400/400 401/401/401
f 402/402/402 403/403/403 404/404/404
f 405/405/405 406/406/406 407/407/407
f 408/408/408 400/400/400 409/409/409
f 402/402/402 401/401/401 410/410/410
f 404/404/404 411/411/411 412/412/412
f 413/413/413 411/411/411 406/406/406
f 405/405/405 414/414/414 408/408/408
f 407/407/407 415/415/415 416/416/416
f 414/414/414 417/417/417 400/400/400
f 410/410/410 418/418/418 419/419/419
f 403/403/403 420/420/420 411/411/411
f 406/406/406 420/420/420 415/415/415
f 407/407/407 421/421/421 414/414/414
f 401/401/401 417/417/417 418/418/418
f 410/410/410 422/422/422 403/403/403
f 423/423/423 424/424/424 425/425/425
f 426/426/426 427/427/427 428/428/428
f 429/429/429 430/430/430 431/431/431
f 432/432/432 433/433/433 434/434/434
f 424/424/424 435/435/435 436/436/436
f 437/437/437 429/429/429 431/431/431
f 438/438/438 434/434/434 439/439/439
f 425/425/425 436/436/436 433/433/433
f 440/440/440 441/441/441 442/442/442
f 443/443/443 444/444/444 445/445/445
f 446/446/446 447/447/447 448/448/448
f 449/449/449 450/450/450 451/451/451
f 444/444/444 442/442/442 445/445/445
f 447/447/447 452/452/452 443/443/443
f 453/453/453 454/454/454 450/450/450
f 455/455/455 456/456/456 441/441/441
f 441/441/441 457/457/457 458/458/458
f 459/459/459 454/454/454 460/460/460
f 447/447/447 461/461/461 462/462/462
f 445/445/445 463/463/463 464/464/464
f 451/451/451 459/459/459 465/465/465
f 448/448/448 462/462/462 466/466/466
f 443/443/443 464/464/464 461/461/461
f 442/442/442 458/458/458 463/463/463
f 435/435/435 455/455/455 440/440/440
f 438/438/438 467/467/467 432/432/432
f 468/468/468 429/429/429 469/469/469
f 424/424/424 470/470/470 471/471/471
f 467/467/467 425/425/425 432/432/432
f 429/429/429 472/472/472 473/473/473
f 474/474/474 427/427/427 475/475/475
f 471/471/471 474/474/474 475/475/475
f 471/471/471 426/426/426 435/435/435
f 433/433/433 444/444/444 452/452/452
f 439/439/439 476/476/476 446/446/446
f 437/437/437 453/453/453 449/449/449
f 444/444/444 435/435/435 440/440/440
f 434/434/434 452/452/452 476/476/476
f 431/431/431 477/477/477 453/453/453
f 426/426/426 478/478/478 455/455/455
f 479/479/479 480/480/480 481/481/481
f 482/482/482 483/483/483 484/484/484
f 485/485/485 479/479/479 486/486/486
f 487/487/487 486/486/486 488/488/488
f 489/489/489 487/487/487 488/488/488
f 490/490/490 491/491/491 489/489/489
f 481/481/481 482/482/482 484/484/484
f 492/492/492 490/490/490 483/483/483
f 493/493/493 494/494/494 480/480/480
f 495/495/495 485/485/485 487/487/487
f 496/496/496 497/497/497 491/491/491
f 498/498/498 492/492/492 482/482/482
f 480/480/480 498/498/498 482/482/482
f 499/499/499 493/493/493 485/485/485
f 491/491/491 495/495/495 487/487/487
f 500/500/500 496/496/496 492/492/492
f 390/390/390 381/381/381 501/501/501
f 365/365/365 501/501/501 381/381/381
f 502/502/502 390/390/390 501/501/501
f 363/363/363 502/502/502 501/501/501
f 503/503/503 388/388/388 502/502/502
f 378/378/378 502/502/502 362/362/362
f 504/504/504 387/387/387 503/503/503
f 505/505/505 503/503/503 378/378/378
f 506/506/506 397/397/397 507/507/507
f 376/376/376 507/507/507 370/370/370
f 508/508/508 382/382/382 506/506/506
f 509/509/509 506/506/506 376/376/376
f 391/391/391 510/510/510 380/380/380
f 368/368/368 380/380/380 510/510/510
f 366/366/366 381/381/381 380/380/380
f 511/511/511 512/512/512 513/513/513
f 358/358/358 513/513/513 512/512/512
f 514/514/514 515/515/515 516/516/516
f 517/517/517 518/518/518 519/519/519
f 514/514/514 518/518/518 520/520/520
f 521/521/521 522/522/522 523/523/523
f 524/524/524 525/525/525 526/526/526
f 523/523/523 527/527/527 521/521/521
f 528/528/528 529/529/529 530/530/530
f 531/531/531 532/532/532 533/533/533
f 530/530/530 534/534/534 528/528/528
f 529/529/529 358/358/358 530/530/530
f 535/535/535 532/532/532 512/512/512
f 530/530/530 512/512/512 532/532/532
f 359/359/359 536/536/536 360/360/360
f 537/537/537 513/513/513 538/538/538
f 360/360/360 538/538/538 513/513/513
f 516/516/516 522/522/522 521/521/521
f 519/519/519 527/527/527 524/524/524
f 521/521/521 518/518/518 516/516/516
f 523/523/523 529/529/529 528/528/528
f 526/526/526 534/534/534 531/531/531
f 528/528/528 525/525/525 523/523/523
f 539/539/539 540/540/540 541/541/541
f 254/254/254 272/272/272 255/255/255
f 257/257/257 277/277/277 258/258/258
f 260/260/260 289/289/289 261/261/261
f 263/263/263 269/269/269 264/264/264
f 266/266/266 300/300/300 263/263/263
f 267/267/267 279/279/279 268/268/268
f 269/269/269 271/271/271 270/270/270
f 254/254/254 270/270/270 271/271/271
f 273/273/273 542/542/542 274/274/274
f 276/276/276 280/280/280 277/277/277
f 278/278/278 543/543/543 279/279/279
f 280/280/280 543/543/543 278/278/278
f 281/281/281 298/298/298 282/282/282
f 283/283/283 282/282/282 276/276/276
f 275/275/275 274/274/274 284/284/284
f 267/267/267 258/258/258 277/277/277
f 261/261/261 291/291/291 286/286/286
f 260/260/260 290/290/290 288/288/288
f 262/262/262 297/297/297 290/290/290
f 289/289/289 288/288/288 291/291/291
f 262/262/262 261/261/261 287/287/287
f 293/293/293 296/296/296 294/294/294
f 296/296/296 293/293/293 287/287/287
f 292/292/292 299/299/299 297/297/297
f 259/259/259 281/281/281 283/283/283
f 293/293/293 295/295/295 292/292/292
f 259/259/259 544/544/544 298/298/298
f 299/299/299 292/292/292 295/295/295
f 285/285/285 284/284/284 300/300/300
f 268/268/268 544/544/544 259/259/259
f 301/301/301 545/545/545 302/302/302
f 304/304/304 546/546/546 305/305/305
f 307/307/307 318/318/318 308/308/308
f 301/301/301 303/303/303 310/310/310
f 312/312/312 304/304/304 306/306/306
f 314/314/314 317/317/317 315/315/315
f 309/309/309 308/308/308 315/315/315
f 311/311/311 310/310/310 318/318/318
f 319/319/319 331/331/331 320/320/320
f 316/316/316 315/315/315 321/321/321
f 322/322/322 334/334/334 323/323/323
f 325/325/325 336/336/336 326/326/326
f 328/328/328 337/337/337 329/329/329
f 331/331/331 319/319/319 332/332/332
f 319/319/319 324/324/324 323/323/323
f 327/327/327 326/326/326 334/334/334
f 335/335/335 354/354/354 336/336/336
f 337/337/337 347/347/347 338/338/338
f 303/303/303 302/302/302 339/339/339
f 310/310/310 345/345/345 341/341/341
f 308/308/308 346/346/346 321/321/321
f 306/306/306 305/305/305 342/342/342
f 313/313/313 306/306/306 343/343/343
f 303/303/303 340/340/340 345/345/345
f 318/318/318 341/341/341 346/346/346
f 347/347/347 337/337/337 343/343/343
f 337/337/337 328/328/328 344/344/344
f 335/335/335 325/325/325 340/340/340
f 340/340/340 325/325/325 327/327/327
f 345/345/345 327/327/327 322/322/322
f 341/341/341 322/322/322 324/324/324
f 346/346/346 324/324/324 319/319/319
f 326/326/326 336/336/336 348/348/348
f 329/329/329 356/356/356 350/350/350
f 333/333/333 332/332/332 351/351/351
f 323/323/323 357/357/357 351/351/351
f 334/334/334 326/326/326 349/349/349
f 354/354/354 547/547/547 348/348/348
f 329/329/329 338/338/338 355/355/355
f 334/334/334 353/353/353 357/357/357
f 361/361/361 373/373/373 362/362/362
f 364/364/364 374/374/374 365/365/365
f 367/367/367 364/364/364 366/366/366
f 369/369/369 376/376/376 370/370/370
f 372/372/372 378/378/378 362/362/362
f 374/374/374 361/361/361 363/363/363
f 375/375/375 509/509/509 376/376/376
f 377/377/377 505/505/505 378/378/378
f 379/379/379 391/391/391 380/380/380
f 382/382/382 548/548/548 383/383/383
f 385/385/385 549/549/549 386/386/386
f 388/388/388 398/398/398 389/389/389
f 391/391/391 379/379/379 392/392/392
f 394/394/394 391/391/391 393/393/393
f 382/382/382 384/384/384 396/396/396
f 387/387/387 386/386/386 398/398/398
f 390/390/390 389/389/389 392/392/392
f 399/399/399 409/409/409 400/400/400
f 402/402/402 410/410/410 403/403/403
f 405/405/405 413/413/413 406/406/406
f 408/408/408 414/414/414 400/400/400
f 402/402/402 399/399/399 401/401/401
f 404/404/404 403/403/403 411/411/411
f 413/413/413 412/412/412 411/411/411
f 405/405/405 407/407/407 414/414/414
f 407/407/407 406/406/406 415/415/415
f 414/414/414 421/421/421 417/417/417
f 410/410/410 401/401/401 418/418/418
f 403/403/403 422/422/422 420/420/420
f 406/406/406 411/411/411 420/420/420
f 407/407/407 416/416/416 421/421/421
f 401/401/401 400/400/400 417/417/417
f 410/410/410 419/419/419 422/422/422
f 423/423/423 550/550/550 424/424/424
f 426/426/426 475/475/475 427/427/427
f 429/429/429 473/473/473 430/430/430
f 432/432/432 425/425/425 433/433/433
f 424/424/424 471/471/471 435/435/435
f 437/437/437 469/469/469 429/429/429
f 438/438/438 432/432/432 434/434/434
f 425/425/425 424/424/424 436/436/436
f 440/440/440 455/455/455 441/441/441
f 443/443/443 452/452/452 444/444/444
f 446/446/446 476/476/476 447/447/447
f 449/449/449 453/453/453 450/450/450
f 444/444/444 440/440/440 442/442/442
f 447/447/447 476/476/476 452/452/452
f 453/453/453 477/477/477 454/454/454
f 455/455/455 478/478/478 456/456/456
f 441/441/441 456/456/456 457/457/457
f 459/459/459 450/450/450 454/454/454
f 447/447/447 443/443/443 461/461/461
f 445/445/445 442/442/442 463/463/463
f 451/451/451 450/450/450 459/459/459
f 448/448/448 447/447/447 462/462/462
f 443/443/443 445/445/445 464/464/464
f 442/442/442 441/441/441 458/458/458
f 435/435/435 426/426/426 455/455/455
f 438/438/438 551/551/551 467/467/467
f 468/468/468 552/552/552 429/429/429
f 424/424/424 550/550/550 470/470/470
f 467/467/467 423/423/423 425/425/425
f 429/429/429 552/552/552 472/472/472
f 474/474/474 553/553/553 427/427/427
f 471/471/471 470/470/470 474/474/474
f 471/471/471 475/475/475 426/426/426
f 433/433/433 436/436/436 444/444/444
f 439/439/439 434/434/434 476/476/476
f 437/437/437 431/431/431 453/453/453
f 444/444/444 436/436/436 435/435/435
f 434/434/434 433/433/433 452/452/452
f 431/431/431 430/430/430 477/477/477
f 426/426/426 428/428/428 478/478/478
f 479/479/479 493/493/493 480/480/480
f 482/482/482 492/492/492 483/483/483
f 485/485/485 493/493/493 479/479/479
f 487/487/487 485/485/485 486/486/486
f 489/489/489 491/491/491 487/487/487
f 490/490/490 496/496/496 491/491/491
f 481/481/481 480/480/480 482/482/482
f 492/492/492 496/496/496 490/490/490
f 493/493/493 554/554/554 494/494/494
f 495/495/495 499/499/499 485/485/485
f 496/496/496 555/555/555 497/497/497
f 498/498/498 500/500/500 492/492/492
f 480/480/480 494/494/494 498/498/498
f 499/499/499 554/554/554 493/493/493
f 491/491/491 497/497/497 495/495/495
f 500/500/500 555/555/555 496/496/496
f 390/390/390 379/379/379 381/381/381
f 365/365/365 363/363/363 501/501/501
f 502/502/502 388/388/388 390/390/390
f 363/363/363 362/362/362 502/502/502
f 503/503/503 387/387/387 388/388/388
f 378/378/378 503/503/503 502/502/502
f 504/504/504 385/385/385 387/387/387
f 505/505/505 504/504/504 503/503/503
f 506/506/506 382/382/382 397/397/397
f 376/376/376 506/506/506 507/507/507
f 508/508/508 548/548/548 382/382/382
f 509/509/509 508/508/508 506/506/506
f 391/391/391 394/394/394 510/510/510
f 368/368/368 366/366/366 380/380/380
f 366/366/366 365/365/365 381/381/381
f 511/511/511 535/535/535 512/512/512
f 358/358/358 360/360/360 513/513/513
f 517/517/517 520/520/520 518/518/518
f 514/514/514 516/516/516 518/518/518
f 524/524/524 527/527/527 525/525/525
f 523/523/523 525/525/525 527/527/527
f 531/531/531 534/534/534 532/532/532
f 530/530/530 532/532/532 534/534/534
f 529/529/529 359/359/359 358/358/358
f 535/535/535 533/533/533 532/532/532
f 530/530/530 358/358/358 512/512/512
f 359/359/359 556/556/556 536/536/536
f 537/537/537 511/511/511 513/513/513
f 360/360/360 536/536/536 538/538/538
f 516/516/516 515/515/515 522/522/522
f 519/519/519 518/518/518 527/527/527
f 521/521/521 527/527/527 518/518/518
f 523/523/523 522/522/522 529/529/529
f 526/526/526 525/525/525 534/534/534
f 528/528/528 534/534/534 525/525/525
f 539/539/539 557/557/557 540/540/540
o Claw1L_LP_Checker_0
usemtl Checker
v -0.24813869040894443 -0.042476039087934805 0.11029255835666826
v -0.2551631274410382 -0.011774981519744288 0.21483909795407025
v -0.2782687184601562 -0.05435889369396003 0.21167785341757714
v -0.39392527057397486 -0.06911623095954501 0.3798142103248227
v -0.5146671418547522 0.06073658346116473 0.47655938001129994
v -0.470494110796732 0.0681543608003262 0.35050211443136253
v -0.4075543491343925 0.3081555234111811 0.3268585822063394
v -0.48658176168989153 0.23871500417703043 0.467204879063684
v -0.42232879052321315 0.3132009023800138 0.47856002834145356
v -0.25933578030759574 0.1657437994752375 0.39753725516121935
v -0.3188603151099312 0.31950081978071804 0.5068681798347964
v -0.22891732538676268 0.17068480888257018 0.5380011398617881
v -0.46174987118505206 0.23843901072150678 0.3201616542459053
v -0.33237513156886833 0.31180744462826643 0.3533620843415681
v -0.3188603151099312 0.31950081978071804 0.5068681798347964
v -0.31181850332427374 -0.06371589804855214 0.3994767680379448
v -0.4168412294199786 -0.08492077207228549 0.48739040192051897
v -0.5036892778346846 0.030646768889362932 0.7217690733413837
v -0.46672673970326595 0.13504296033021423 0.7190358258033576
v -0.49612947189518475 0.14912772027860144 0.7429053970451095
v -0.28232207263286235 -0.05076943038747352 0.1028603375076232
v -0.3207885253253162 -0.05985089746052873 0.19868135983278223
v -0.29667218856501143 0.10431659765036418 0.7793658627631439
v -0.3090302577086479 0.0038014657954985437 0.7368939944073053
v -0.29803105522622775 -0.014127323457592742 0.7637324781546283
v -0.4246468151067162 -0.03795498996692413 0.7027311229837214
v -0.4772004676490915 0.03940060193198959 0.7038668172570612
v -0.4175598230013289 0.1740338172815034 0.7350302486817554
v -0.43440051895974885 0.1984651692608977 0.7637466294240545
v -0.3283145652343056 0.07480780143552246 0.06264160704810003
v -0.36119987753331917 0.03173243733442559 0.17094950968968503
v -0.38183029632649634 0.15240817216225122 0.13963946885165668
v -0.3035854927394055 0.09595090971719072 0.06354950153237614
v -0.3120370735517797 0.1870513171716636 0.1541759628597679
v -0.2719098864813918 0.0878170533379497 0.07509659122249902
v -0.2484977487810458 0.03131340453717995 0.09634976853598305
v -0.2551631274410382 -0.011774981519744288 0.21483909795407025
v -0.22720518200385897 -0.014054131035596973 0.11072587948398321
v -0.31748583203213276 0.002083911116612198 0.08330774087092549
v -0.35602929392391514 0.19331981574617396 0.1384191167164494
v -0.2719098864813918 0.0878170533379497 0.07509659122249902
v -0.2745374081759733 0.08494380075911986 0.19209013556150417
v -0.26710378526664247 -0.0053175014841060205 0.4123235261388652
v -0.25472655323013904 -0.015607389420243796 0.5307204630160619
v -0.3553915242390737 0.17791139989203697 0.7505675096656229
v -0.3547222236978509 0.2019689118645329 0.7812282535425865
v -0.3208414542486937 -0.09332667076755286 0.6405951985640469
v -0.25472655323013904 -0.015607389420243796 0.5307204630160619
v -0.2625143469308089 -0.02960496584176793 0.67034756121282
v -0.23622059294088338 0.14146297113716802 0.6862695429313469
v -0.3223852145138706 0.28620149052385396 0.6707382778038309
v -0.4275130832006091 0.28075895606401785 0.642106413352263
v -0.4999979324639303 0.20872289692645052 0.6234651324562331
v -0.5261858584094226 0.03894166106519924 0.6123216547929113
v -0.43202241289565513 -0.09725766104484716 0.6133575460809952
v -0.31051912209721366 -0.07825536011199492 0.508860827867807
v -0.308879219542163 0.09930771673906572 0.7505201963848945
v -0.2767065105578337 -0.00020922145307079388 0.3096602490216106
v -0.26710378526664247 -0.0053175014841060205 0.4123235261388652
v -0.30341252006413355 -0.055926927720159315 0.30455237857467515
v -0.2767065105578337 -0.00020922145307079388 0.3096602490216106
v -0.2897057170486661 0.13817255120044572 0.28850093568190993
v -0.33237513156886833 0.31180744462826643 0.3533620843415681
v -0.339228860902141 0.266082141648349 0.24290938267779066
v -0.3120370735517797 0.1870513171716636 0.1541759628597679
v -0.339228860902141 0.266082141648349 0.24290938267779066
v -0.394213816652883 0.2668276137114333 0.2231914512496312
v -0.4329629741691876 0.2138792591905409 0.22300954650422466
v -0.41490789320525745 0.06743089418559983 0.25686798807155814
v -0.35924967320450363 -0.05835367379253651 0.28847563572663265
v -0.5085184460464465 0.1630975281316746 0.7389059827987486
v -0.4398901066208605 0.21958464385154777 0.7618931003861046
v -0.3223852145138706 0.28620149052385396 0.6707382778038309
v -0.28370466194216903 0.1110395549517898 0.7827777506678065
v -0.2625143469308089 -0.02960496584176793 0.67034756121282
v -0.44162942972117425 -0.08267283510260708 0.7160242770591555
v -0.3494935255610898 0.2234417231598574 0.7816969809602582
v -0.3608930924335174 -0.03540782770822415 0.7182272569803663
v -0.3602085927082166 -0.06181849248175222 0.7410881454386722
v -0.3660456754406016 0.001985321597389142 0.7024382192587393
v -0.4099650589384496 -0.00029600316264677114 0.6917843664521034
v -0.438258429506605 0.11655329903271877 0.7013694297316679
v -0.36174472357903276 0.14682292465265542 0.7228141026273739
v -0.3299338445827249 0.028402891371092996 0.7149485143577612
v -0.44495405752314476 0.05197717983591253 0.6924344061771116
v -0.40381916454838573 0.14363243537297388 0.7122090661718398
v -0.4374234280566103 -0.06567668929641002 0.7217796986609999
v -0.28559085088392666 -0.024321043381927657 0.7656214701753955
v -0.28370466194216903 0.1110395549517898 0.7827777506678065
v -0.3494935255610898 0.2234417231598574 0.7816969809602582
v -0.4398901066208605 0.21958464385154777 0.7618931003861046
v -0.5085184460464465 0.1630975281316746 0.7389059827987486
v -0.5178893688792874 0.02787702981383142 0.7174621018620749
v -0.44162942972117425 -0.08267283510260708 0.7160242770591555
v -0.35456528467166515 -0.07786431599428745 0.7399961313803473
v -0.35456528467166515 -0.07786431599428745 0.7399961313803473
v -0.3298637793243575 0.09275209567503613 0.7237897798451506
v -0.46315844811889995 0.13690476919571218 0.7081281161452952
v -0.42656703829987985 0.17380625089708923 0.7604674839824789
v -0.41451909211607796 0.17603295525618598 0.7241881637137502
v -0.3578074792517538 -0.03681038580659259 0.7106560369801527
v -0.4272332990042871 -0.04615408466885129 0.7078920519766898
v -0.4228936041244802 -0.0359961447952812 0.6914957665848431
v -0.35869338306724896 0.17792272853837354 0.7736712827412705
v -0.3530742745159354 0.18002453174320648 0.7397002715195128
v -0.48467643965758866 0.033504661936559016 0.7181213283016982
v -0.47542454729770367 0.0414091276278763 0.692962505039772
v -0.3530742745159354 0.18002453174320648 0.7397002715195128
v -0.30764510539967316 0.09706738917853908 0.7650686769354181
v -0.3063553205202074 0.10131806033154833 0.7393394974356633
v -0.3043796054039982 -0.008395788143860102 0.7484104479727098
v -0.357524357195399 -0.0523553033186942 0.7309124391683129
v -0.47950973035000843 0.1326900708150537 0.7422664975500756
v -0.30611350448175867 0.004337295109795088 0.727508468349523
v -0.3043796054039982 -0.008395788143860102 0.7484104479727098
v -0.4353689752064127 -0.05909642400523765 0.7344362667869384
v -0.3727576351294448 0.20095122900776743 0.8231221522127524
v -0.508784044337629 0.037744882021117206 0.750987983656495
v -0.35869338306724896 0.17792272853837354 0.7736712827412705
v -0.31046616337151445 0.10813257969178668 0.7999969365856969
v -0.2993301086277489 -0.0243151701946821 0.7786944970161757
v -0.35554071466161186 -0.07026574989232322 0.7537639683127372
v -0.5158816460695492 0.15089035654295643 0.7904650742494335
v -0.2993301086277489 -0.0243151701946821 0.7786944970161757
v -0.45312615216241414 0.19809205232889962 0.8136847706682913
v -0.3667543150464969 0.09296438768368064 0.9685306181130711
v -0.41376425891151425 0.020494905290680612 0.9916920406875512
v -0.35724803006839667 0.03291229434249222 0.9817902172725128
v -0.34836968000896973 -0.07582388134620682 0.7632605386394907
v -0.4090077487601096 -0.09659506908677881 0.7774960382263549
v -0.42148908030638643 -0.07408075931001025 0.7579810570625255
v -0.44521017867601986 0.13488953584065635 0.8888423024406
v -0.37408693788751335 0.14119454512330015 0.8906647133866571
v -0.4775961828769104 -0.038208895238807085 0.8586987127319967
v -0.4888261149340989 0.0012063801048308063 0.8048895415585713
v -0.2958606713445333 -0.03410125265677202 0.7885980485371795
v -0.3401065690791627 -0.08334366122269994 0.7727432810085587
v -0.5010867006833841 0.09355055277937967 0.8655956041631053
v -0.30513056430673813 0.032526398430698905 0.8869579183152175
v -0.2958606713445333 -0.03410125265677202 0.7885980485371795
v -0.31327381029858103 0.06838710756334833 0.841767817581354
v -0.49129470084693927 0.042917569070237235 0.9484973267915685
v -0.3969778031786275 -0.10613660573526891 0.8049708001759764
v -0.3439904076459166 -0.08529853875504731 0.8081039148636122
v -0.39236279445075684 -0.09506456416359903 0.818566140704341
v -0.3969778031786275 -0.10613660573526891 0.8049708001759764
v -0.4517658549897552 -0.06829303869264061 0.8827784571425569
v -0.28980960794218746 -0.04524940539816896 0.7993087067569563
v -0.3382234795788641 -0.09218529114988773 0.795281109437044
v -0.29488768514496777 -0.06057412840490908 0.8198801194498394
v -0.28980960794218746 -0.04524940539816896 0.7993087067569563
v -0.35724803006839667 0.03291229434249222 0.9817902172725128
v -0.30897750759920073 -0.0049761997514142274 0.9036677881912288
v -0.46010889574641944 -0.01178533440550978 0.9675386350981431
v -0.4368234477157118 0.08287123663638252 0.9762039427403916
v -0.37408693788751335 0.14119454512330015 0.8906647133866571
v -0.4517658549897552 -0.06829303869264061 0.8827784571425569
v -0.4467259247587785 -0.014823042097257771 0.9568453837454217
v -0.46010889574641944 -0.01178533440550978 0.9675386350981431
v -0.30897750759920073 -0.0049761997514142274 0.9036677881912288
v -0.36403628370084706 0.021583505537723747 0.9667741405048674
v -0.32300066225974255 -0.011013629266377884 0.8995258625019883
v -0.41376425891151425 0.020494905290680612 0.9916920406875512
v -0.35724803006839667 0.03291229434249222 0.9817902172725128
v -0.3382234795788641 -0.09218529114988773 0.795281109437044
v -0.3093564441198904 -0.05858821946650923 0.8286461144328305
v -0.43820335481606354 -0.06262517324755813 0.8845918082866145
v -0.40989919580744494 0.01174842790787557 0.9757517935026083
v -0.29488768514496777 -0.06057412840490908 0.8198801194498394
v -0.4377285442263956 -0.0008469503522872821 0.9258513245058636
v -0.37397291420460665 0.027294861715264972 0.933256839240928
v -0.3411631209888355 0.0018100234286796005 0.8797636428559651
v -0.40968140044030377 0.019668403978499883 0.9399795290080987
v -0.3579846242520668 -0.05625338988867141 0.8070704848235399
v -0.39523961256653917 -0.06364479646446966 0.8153248946796173
v -0.4306569301190166 -0.03810592664082254 0.8683748113224908
v -0.3309552893574097 -0.03547863586945265 0.822918342851491
v -0.404023250847535 0.013941823054627944 0.9080595148426245
v -0.3536879043201824 -0.021488217398042075 0.833115204949195
v -0.3710277891674385 -0.034683688602220146 0.8237631193334971
v -0.3945473046329473 -0.03933571096956485 0.8289441941180579
v -0.42161943566159654 0.0008634601378918805 0.8991017139242236
v -0.3811406706018594 0.01873427403781477 0.9033442503236931
v -0.35979290992484425 0.0025440678249934005 0.8693975607766068
v -0.41693904063986875 -0.022814862943491 0.8626141392517693
v -0.4353088341211786 -0.05763090024502773 0.8841525212507684
v -0.4450330336757069 0.03615575572610456 0.8915849069851229
v -0.43991812080327874 0.004426810377760925 0.8434902829880284
v -0.36405273458243737 0.012956387519876218 0.9573797944526892
v -0.4217028821624169 0.05679464117030979 0.9087199869150075
v -0.40632774517697645 0.004566797751693954 0.9709754361749731
v -0.32245635265581996 -0.04458977018744675 0.8332080131427566
v -0.37489481922474144 -0.012841572813581876 0.7881562554563376
v -0.35192831564109794 0.008013394481853956 0.8060130879784708
v -0.36405273458243737 0.012956387519876218 0.9573797944526892
v -0.2765706417731051 -0.051305999793438486 0.9658933149592727
v -0.33010806895550915 -0.008411812349000647 0.8978396467150925
v -0.3824261043423538 -0.15583727539630746 0.8456220691711054
v -0.39817162458214983 -0.07942040071024835 0.8241500203626219
v -0.2639650941498928 -0.10082568925733451 0.8579825135379547
v -0.30982454918717095 -0.1401756681850065 0.8174384878045722
v -0.3525029640085331 -0.07110934040201201 0.8084539110181964
v -0.4414365490949923 -0.07892832720198875 1.0523385894961614
v -0.4386110505772145 -0.02145787475897714 0.948365849436224
v -0.2639650941498928 -0.10082568925733451 0.8579825135379547
v -0.2729616998219109 -0.18630095743144368 0.8327870486338006
v -0.13963055298558125 -0.4890785203651502 1.0388217536966515
v -0.13244726957871156 -0.48528337631471596 1.021593269309683
v -0.11472549778091534 -0.4799461940435128 1.0442016673259829
v -0.28902133653265216 -0.08942487340259292 1.1157047644877982
v -0.3881352755099099 -0.03963002557990786 1.0923932611152951
v -0.36020990401037234 -0.10946958197473168 1.1475745361375258
v -0.15215968745589947 -0.4344150516008019 0.9814810645196184
v -0.12289926135020113 -0.4820562325455643 1.0176743826868158
v -0.13244726957871156 -0.48528337631471596 1.021593269309683
v -0.11483540874342446 -0.42023062731477984 1.0383347725429757
v -0.11481034499085663 -0.47948995339249667 1.025221760640058
v -0.1131068740835739 -0.41645670774935356 0.9889928559930393
v -0.34868969733961586 -0.20547071505300296 0.8615161322686756
v -0.18916987949975095 -0.19787302406671506 0.9001599671421957
v -0.19906994255475818 -0.26891818688900243 0.8748919014313653
v -0.23336764648480002 -0.23079683334016732 0.8555005973599701
v -0.4208747948510616 -0.1483200302037448 1.1014027590981466
v -0.4307193361807016 -0.1879213456039149 0.9780367104346921
v -0.4448393781891602 -0.12886606866109016 0.9448742865269851
v -0.16943817952040918 -0.44479683174533546 1.0283675688594722
v -0.13963055298558125 -0.4890785203651502 1.0388217536966515
v -0.24291625075974488 -0.10838428028965459 0.9980157567260903
v -0.2269550213153282 -0.14951731574673907 0.8750811267214262
v -0.21215548637161796 -0.401998522772009 1.0247564741683846
v -0.1759615203150766 -0.38786975994852746 0.9556109131474523
v -0.20626732245980217 -0.3425383162373915 0.9335621348734726
v -0.12818664025843196 -0.4224321954663241 0.9705635780511036
v -0.11628460624177883 -0.3627022340584666 0.9656648414891976
v -0.1131068740835739 -0.41645670774935356 0.9889928559930393
v -0.14013191744390308 -0.37432523347157437 0.937830845801685
v -0.12946203061650619 -0.3065953140249472 0.9428127696799872
v -0.12335723362809636 -0.3642687810817842 1.039430654399979
v -0.11628460624177883 -0.3627022340584666 0.9656648414891976
v -0.14437815224279116 -0.31141015861535565 1.0564074787522606
v -0.15929320098549415 -0.32289981287969094 0.9043355312034096
v -0.2675974011213167 -0.3648472139302801 1.041970527560616
v -0.18444123451915595 -0.25942846763955985 1.0845923604004575
v -0.3320259377652568 -0.31695660646718055 1.0726063528137162
v -0.14437815224279116 -0.31141015861535565 1.0564074787522606
v -0.21215548637161796 -0.401998522772009 1.0247564741683846
v -0.12335723362809636 -0.3642687810817842 1.039430654399979
v -0.16943817952040918 -0.44479683174533546 1.0283675688594722
v -0.32254906767869573 -0.02438340031368353 1.0671788255248469
v -0.1607832574669288 -0.2471637360687856 0.921914716355117
v -0.25787218828784986 -0.29392426579873365 0.9127359069063504
v -0.1607832574669288 -0.2471637360687856 0.921914716355117
v -0.18444123451915595 -0.25942846763955985 1.0845923604004575
v -0.2675974011213167 -0.3648472139302801 1.041970527560616
v -0.3320259377652568 -0.31695660646718055 1.0726063528137162
v -0.11472549778091534 -0.4799461940435128 1.0442016673259829
v -0.13963055298558125 -0.4890785203651502 1.0388217536966515
v -0.11481034499085663 -0.47948995339249667 1.025221760640058
v -0.18444123451915595 -0.25942846763955985 1.0845923604004575
v -0.3079478373837208 -0.31637762201813424 1.1631102817420005
v -0.3320259377652568 -0.31695660646718055 1.0726063528137162
v -0.26008051052509584 -0.3083145348054121 1.221214078949583
v -0.21888997661568266 -0.2799427019657042 1.1767658188281052
v -0.18871667559333116 -0.2773184559803327 1.1923941559113482
v -0.26554256084093675 -0.2970304860540538 1.1946853616167994
v -0.32863103608866684 -0.337251822720003 1.1697576333981905
v -0.2704357444397565 -0.36107420024631237 1.1030536039650012
v -0.3129303981453835 -0.3079893411190692 1.1644485238299611
v -0.32199209208804147 -0.3058767249109971 1.0983174100042001
v -0.22422641014546718 -0.27154598705466965 1.1778273761598288
v -0.18114685607373282 -0.32434429732895254 1.113545207319799
v -0.2121133756910254 -0.26614695023330304 1.107938427448127
v -0.27069708099893286 -0.2883885278198794 1.195855518568921
v -0.2601991833701911 -0.36897708173002597 1.1569660052468493
v -0.22662823885765127 -0.3557771821928429 1.1828183250968989
v -0.190059538407783 -0.3380646512078138 1.169971375782004
v -0.1447664764948231 -0.43140827189385217 1.1255294535826956
v -0.13296577037202328 -0.4936630653792181 1.0740597812285697
v -0.12589636163645168 -0.4862222008576683 1.0718994693193464
v -0.1358772485879678 -0.41854499897257547 1.0937337120701287
v -0.12150037017091275 -0.4708653946649456 1.057384067208988
v -0.1849767524381707 -0.441242567923136 1.0844154834399948
v -0.12150037017091275 -0.4708653946649456 1.057384067208988
v -0.14364444888432804 -0.4817997779557672 1.0521168066493563
v -0.1849767524381707 -0.441242567923136 1.0844154834399948
v -0.13911094950636582 -0.4939516125320274 1.0674682229664918
v -0.18312644549176582 -0.4493352640210636 1.1160644775431792
v -0.16524368155202973 -0.4426712834822175 1.1319493523536452
v -0.12589636163645168 -0.4862222008576683 1.0718994693193464
v -0.14364444888432804 -0.4817997779557672 1.0521168066493563
v -0.12150037017091275 -0.4708653946649456 1.057384067208988
v -0.21883216011154283 -0.4129876924693406 1.1426358640404919
v -0.15553405533282327 -0.37296806696426565 1.1120306612517268
v -0.16321432225672172 -0.3882208882513743 1.1548121349866027
v -0.19172429609914943 -0.40296606225603737 1.164045015867523
v -0.2262972542726116 -0.40505604990187555 1.1000374969630449
v -0.18114685607373282 -0.32434429732895254 1.113545207319799
v -0.2262972542726116 -0.40505604990187555 1.1000374969630449
v -0.2704357444397565 -0.36107420024631237 1.1030536039650012
v -0.15553405533282327 -0.37296806696426565 1.1120306612517268
v -0.2121133756910254 -0.26614695023330304 1.107938427448127
v -0.32199209208804147 -0.3058767249109971 1.0983174100042001
v -0.4098630753935184 -0.017121214225180932 0.7991428224515901
v -0.32254906767869573 -0.02438340031368353 1.0671788255248469
v -0.38797458139118723 0.06104269218977261 0.8981562552654874
v -0.3587741473591144 0.0399407040052876 0.8536271793078094
v -0.32245635265581996 -0.04458977018744675 0.8332080131427566
v -0.35192831564109794 0.008013394481853956 0.8060130879784708
v -0.13911094950636582 -0.4939516125320274 1.0674682229664918
v -0.2269550213153282 -0.14951731574673907 0.8750811267214262
v -0.26008051052509584 -0.3083145348054121 1.221214078949583
v -0.2588782252622046 -0.15010084304408838 1.162739156141998
v -0.3332675918951422 -0.17197687440659137 1.1950821889590242
v -0.31032257578545996 -0.2515284707737736 0.8858546230388541
v -0.21275773168896728 -0.16466773124073103 1.040111306908961
v -0.2588782252622046 -0.15010084304408838 1.162739156141998
v -0.18916987949975095 -0.19787302406671506 0.9001599671421957
v -0.32863103608866684 -0.337251822720003 1.1697576333981905
v -0.3968878001670284 -0.21100424452913663 1.1463899699958333
v -0.28902133653265216 -0.08942487340259292 1.1157047644877982
v -0.40924682298495996 -0.2425644621013264 1.0186895299557772
v -0.3727576351294448 0.20095122900776743 0.8231221522127524
v -0.16403984656840898 -0.16957805745464288 -0.09598776701018183
v -0.16731658203937294 -0.1133276011759148 0.1148083368963908
v -0.3038970462106827 -0.11305530568102942 0.06374861509291069
v -0.2895253533976072 -0.09764519966802675 0.13067801105349156
v -0.2197920630918726 -0.06351554173244293 0.18774706740411784
v -0.32943358281030677 -0.06340274716344635 0.14343888279871322
v -0.13493981655821607 0.0035509646963535176 0.1108713119457503
v -0.10501459006187486 -0.08682065110108841 -0.12780676572089122
v -0.12527885753038093 0.0770704279797635 0.09012012216711619
v -0.3689525342966793 0.016937395537195032 0.12795864973781174
v -0.3735525226544023 0.040425961161694515 0.035698644883304424
v -0.378276488670487 -0.020744076615654028 0.05053115116070298
v -0.22123836976501998 0.03169539244745451 0.16726016108052139
v -0.37447699067420515 0.07970829228957288 0.09754453572927249
v -0.3348604365841945 0.07818660379416426 0.02541969876026131
v -0.2064379109493364 0.12784386680228957 0.07886228686475306
v -0.17172291491054925 0.10852558111874455 0.05731115829165791
v -0.14876788522076856 -0.10172351441500832 -0.15064487847457392
v -0.16267975801200207 -0.13885991954643417 -0.15221056719824955
v -0.33764149984028546 -0.08224486114374963 0.061777365305301146
v -0.09530904676074425 -0.12481881904804766 -0.12250182705447897
v -0.10501459006187486 -0.08682065110108841 -0.12780676572089122
v -0.10212144027378911 -0.1502498223216466 -0.1022170514453919
v -0.12698396756535835 -0.1655343559255398 -0.07567951197361707
v -0.23126726825682953 -0.10070836814448643 0.15251101363183098
v -0.14015027567408356 -0.07824150409087405 0.13037527590818068
v -0.21253969790325233 0.10921280536428753 0.134090641212381
v -0.32943358281030677 -0.06340274716344635 0.14343888279871322
v -0.33764149984028546 -0.08224486114374963 0.061777365305301146
v -0.1606816911545017 -0.15870656348982426 -0.1301701973309963
v -0.10212144027378911 -0.1502498223216466 -0.1022170514453919
v -0.10212144027378911 -0.1502498223216466 -0.1022170514453919
v -0.14015027567408356 -0.07824150409087405 0.13037527590818068
v -0.2197920630918726 -0.06351554173244293 0.18774706740411784
v -0.1376545100438331 -0.06405421027744357 -0.12642131909782323
v -0.14876788522076856 -0.10172351441500832 -0.15064487847457392
v -0.14934953713380827 -0.06821145601929222 -0.13056825188343382
v -0.21253969790325233 0.10921280536428753 0.134090641212381
v -0.12527885753038093 0.0770704279797635 0.09012012216711619
v -0.10501459006187486 -0.08682065110108841 -0.12780676572089122
v -0.37447699067420515 0.07970829228957288 0.09754453572927249
v -0.33346863835747587 0.10848928261774324 0.061772565859289495
v -0.3735525226544023 0.040425961161694515 0.035698644883304424
v -0.22720518200385897 -0.014054131035596973 0.11072587948398321
v -0.5178893688792874 0.02787702981383142 0.7174621018620749
v -0.3494935255610898 0.2234417231598574 0.7816969809602582
v -0.28559085088392666 -0.024321043381927657 0.7656214701753955
v -0.28559085088392666 -0.024321043381927657 0.7656214701753955
v -0.30611350448175867 0.004337295109795088 0.727508468349523
v -0.29488768514496777 -0.06057412840490908 0.8198801194498394
v -0.3667543150464969 0.09296438768368064 0.9685306181130711
v -0.38797458139118723 0.06104269218977261 0.8981562552654874
v -0.11472549778091534 -0.4799461940435128 1.0442016673259829
v -0.12946203061650619 -0.3065953140249472 0.9428127696799872
v -0.11481034499085663 -0.47948995339249667 1.025221760640058
v -0.11483540874342446 -0.42023062731477984 1.0383347725429757
v -0.12289926135020113 -0.4820562325455643 1.0176743826868158
v -0.1358772485879678 -0.41854499897257547 1.0937337120701287
v -0.14364444888432804 -0.4817997779557672 1.0521168066493563
v -0.13296577037202328 -0.4936630653792181 1.0740597812285697
v -0.18871667559333116 -0.2773184559803327 1.1923941559113482
v -0.18871667559333116 -0.2773184559803327 1.1923941559113482
v -0.09530904676074425 -0.12481881904804766 -0.12250182705447897
v -0.1606816911545017 -0.15870656348982426 -0.1301701973309963
vt 0.18453235924243927 0.7288963794708252
vt 0.20985598862171173 0.7441070079803467
vt 0.21282000839710236 0.7314342260360718
vt 0.26534411311149597 0.7170774936676025
vt 0.29069384932518005 0.6768006086349487
vt 0.2604465186595917 0.6789898872375488
vt 0.24525484442710876 0.6228688955307007
vt 0.28193339705467224 0.6373533010482788
vt 0.27904316782951355 0.6144969463348389
vt 0.4665580689907074 0.7072759866714478
vt 0.4409477412700653 0.6655548810958862
vt 0.4322877824306488 0.7072361707687378
vt 0.24921247363090515 0.6423296928405762
vt 0.24245138466358185 0.6031440496444702
vt 0.28072890639305115 0.5874327421188354
vt 0.26500722765922546 0.7391459941864014
vt 0.2925407588481903 0.7172220945358276
vt 0.365416020154953 0.6334284543991089
vt 0.3781587779521942 0.6088835000991821
vt 0.3700788915157318 0.6022403240203857
vt 0.1863926202058792 0.719318151473999
vt 0.2139182835817337 0.7197492122650146
vt 0.4246898591518402 0.6164360046386719
vt 0.414677232503891 0.6415103673934937
vt 0.4215753972530365 0.6472156047821045
vt 0.3856625258922577 0.650614857673645
vt 0.3740369975566864 0.6316769123077393
vt 0.3910057246685028 0.5999622344970703
vt 0.3881569802761078 0.5897568464279175
vt 0.18051524460315704 0.6806799173355103
vt 0.21028216183185577 0.69315505027771
vt 0.20544345676898956 0.6622616052627563
vt 0.17616720497608185 0.6732807159423828
vt 0.19267602264881134 0.6435680389404297
vt 0.16820283234119415 0.6687672138214111
vt 0.5443713068962097 0.7417691946029663
vt 0.514302670955658 0.7520924657583237
vt 0.5413421988487244 0.7545434087514877
vt 0.18427152931690216 0.7012797594070435
vt 0.20177777111530304 0.6511286497116089
vt 0.5495080351829529 0.7263330221176147
vt 0.5199150443077087 0.7270604372024536
vt 0.4638039767742157 0.7502518892288208
vt 0.4335019290447235 0.7527633756399155
vt 0.40653547644615173 0.5997931957244873
vt 0.41027674078941345 0.5904361009597778
vt 0.3265473544597626 0.744518518447876
vt 0.2953755557537079 0.7669532150030136
vt 0.33324429392814636 0.7667791694402695
vt 0.39814576506614685 0.7133351564407349
vt 0.39918968081474304 0.672502875328064
vt 0.31886646151542664 0.6123447418212891
vt 0.3192788064479828 0.6377053260803223
vt 0.32248255610466003 0.6787152290344238
vt 0.3224317729473114 0.7177203893661499
vt 0.29369136691093445 0.7439191341400146
vt 0.41674503684043884 0.6189333200454712
vt 0.23562367260456085 0.7513841390609741
vt 0.26312991976737976 0.7595826238393784
vt 0.23893149197101593 0.7345662117004395
vt 0.4899248778820038 0.7483397722244263
vt 0.49523064494132996 0.7129648923873901
vt 0.4796280562877655 0.6674768924713135
vt 0.5074517130851746 0.678398847579956
vt 0.5294522643089294 0.6995784044265747
vt 0.21662886440753937 0.6225769519805908
vt 0.22384090721607208 0.6355459690093994
vt 0.22787590324878693 0.6491477489471436
vt 0.23504967987537384 0.682708740234375
vt 0.23976822197437286 0.7185174226760864
vt 0.3505718410015106 0.6435457468032837
vt 0.353255957365036 0.6188662052154541
vt 0.3255086839199066 0.5850530862808228
vt 0.37195703387260437 0.7182116508483887
vt 0.3981010615825653 0.75454281270504
vt 0.34905025362968445 0.7158486843109131
vt 0.36836370825767517 0.6854236125946045
vt 0.4014112651348114 0.6506494283676147
vt 0.4033990800380707 0.6593471765518188
vt 0.3994081914424896 0.6412883996963501
vt 0.3893950879573822 0.641533374786377
vt 0.3848038613796234 0.6150103807449341
vt 0.4024829566478729 0.6088036298751831
vt 0.4078962504863739 0.635492205619812
vt 0.38239166140556335 0.6293939352035522
vt 0.39290472865104675 0.6092026233673096
vt 0.38198062777519226 0.6590744256973267
vt 0.42468056082725525 0.6500378847122192
vt 0.4281063973903656 0.6148818731307983
vt 0.41187867522239685 0.5847681760787964
vt 0.3869114816188812 0.5840941667556763
vt 0.3667665421962738 0.5984411239624023
vt 0.36164435744285583 0.6340327262878418
vt 0.38041767477989197 0.6636754274368286
vt 0.40458163619041443 0.6636501550674438
vt 0.35298702120780945 0.7399969100952148
vt 0.4088455140590668 0.621137261390686
vt 0.5112847089767456 0.4683932065963745
vt 0.5137693881988525 0.4481685161590576
vt 0.5035586357116699 0.45151078701019287
vt 0.5401986837387085 0.5295754373073578
vt 0.5389982461929321 0.5118082463741302
vt 0.5342010259628296 0.5130691230297089
vt 0.5067501068115234 0.42941606044769287
vt 0.4973045587539673 0.43357396125793457
vt 0.5296107530593872 0.4889639616012573
vt 0.5230392217636108 0.49151504039764404
vt 0.6730622053146362 0.4449816346168518
vt 0.6548143625259399 0.4607202410697937
vt 0.6605337858200073 0.46368688344955444
vt 0.5456258058547974 0.547267884016037
vt 0.5468158721923828 0.5288549363613129
vt 0.520736813545227 0.4650740623474121
vt 0.6485079526901245 0.48466724157333374
vt 0.6425102949142456 0.4841112494468689
vt 0.5459654331207275 0.5093273818492889
vt 0.5232495069503784 0.4243677854537964
vt 0.5364828109741211 0.482263445854187
vt 0.6662319898605347 0.4400433897972107
vt 0.6493996381759644 0.4535917639732361
vt 0.5545057058334351 0.5481900870800018
vt 0.5544561147689819 0.5283615291118622
vt 0.5324195623397827 0.45871663093566895
vt 0.6341152191162109 0.4828111529350281
vt 0.5289944410324097 0.44429171085357666
vt 0.5765955448150635 0.4220534563064575
vt 0.5926456451416016 0.44433724880218506
vt 0.5951817035675049 0.4264894723892212
vt 0.5575003623962402 0.5297128856182098
vt 0.5610493421554565 0.5139109790325165
vt 0.553307294845581 0.5114253461360931
vt 0.5505697727203369 0.4408935308456421
vt 0.5497046709060669 0.4220534563064575
vt 0.5679537057876587 0.48487401008605957
vt 0.551888108253479 0.48393046855926514
vt 0.5581724643707275 0.5481425225734711
vt 0.5610251426696777 0.5310615003108978
vt 0.5513472557067871 0.4585181474685669
vt 0.6212042570114136 0.45575398206710815
vt 0.6306480169296265 0.4833727478981018
vt 0.6354023218154907 0.4547721743583679
vt 0.5724565982818604 0.45691347122192383
vt 0.49282509088516235 0.5614408552646637
vt 0.5085614323616028 0.5623086988925934
vt 0.4953199028968811 0.5574081242084503
vt 0.5689880847930908 0.5151060521602631
vt 0.5794012546539307 0.48969292640686035
vt 0.5626521110534668 0.54840287566185
vt 0.5671837329864502 0.5312733352184296
vt 0.6200885772705078 0.4839347004890442
vt 0.6265567541122437 0.4841957688331604
vt 0.6017308235168457 0.4377385973930359
vt 0.6121159791946411 0.4600955843925476
vt 0.5882155895233154 0.4623507261276245
vt 0.5743144750595093 0.44116532802581787
vt 0.6368390321731567 0.4282531142234802
vt 0.48473742604255676 0.5357998907566071
vt 0.49471431970596313 0.5134893953800201
vt 0.49220138788223267 0.5095271170139313
vt 0.5309028029441833 0.5349655449390411
vt 0.5209937691688538 0.5134308636188507
vt 0.526905357837677 0.5354310572147369
vt 0.5083838105201721 0.5037491619586945
vt 0.5241993069648743 0.5088864862918854
vt 0.5087340474128723 0.5665089190006256
vt 0.5213828682899475 0.557479053735733
vt 0.48846617341041565 0.5357978641986847
vt 0.507997453212738 0.5088731348514557
vt 0.5242393612861633 0.5611397325992584
vt 0.4996693730354309 0.521464616060257
vt 0.5159725546836853 0.521509200334549
vt 0.5192516446113586 0.536401778459549
vt 0.5078795552253723 0.5181960165500641
vt 0.5082764029502869 0.5544266998767853
vt 0.5004079937934875 0.5509213507175446
vt 0.49631398916244507 0.5365222990512848
vt 0.5159028172492981 0.5510280430316925
vt 0.5077596306800842 0.5257649719715118
vt 0.5126209855079651 0.5459288656711578
vt 0.5080264210700989 0.5477533638477325
vt 0.503319501876831 0.5457299053668976
vt 0.5029474496841431 0.5276392996311188
vt 0.512532651424408 0.5277637541294098
vt 0.5144668221473694 0.5368615686893463
vt 0.5010858178138733 0.5368005335330963
vt 0.5191950798034668 0.6173975467681885
vt 0.5018917322158813 0.5986865758895874
vt 0.499472975730896 0.614441990852356
vt 0.5198496580123901 0.5738999843597412
vt 0.5015223026275635 0.589106559753418
vt 0.5239676237106323 0.5854730606079102
vt 0.5002416372299194 0.6588376760482788
vt 0.4924764633178711 0.6393004655838013
vt 0.48629358410835266 0.6470218896865845
vt 0.755089521408081 0.6201587915420532
vt 0.7295644283294678 0.6279309988021851
vt 0.7512853145599365 0.6378465890884399
vt 0.5325251817703247 0.6433283090591431
vt 0.5139137506484985 0.6361843347549438
vt 0.7279324531555176 0.6570618152618408
vt 0.5260212421417236 0.660791277885437
vt 0.5082821846008301 0.6484361886978149
vt 0.5519775152206421 0.5949386358261108
vt 0.5239366292953491 0.5982977151870728
vt 0.5157673358917236 0.6769735813140869
vt 0.5379420518875122 0.6697597503662109
vt 0.6027023792266846 0.4560440182685852
vt 0.5981330871582031 0.4571458697319031
vt 0.6027023792266846 0.4627225995063782
vt 0.5742939710617065 0.559685230255127
vt 0.5552855730056763 0.5792380571365356
vt 0.5754567384719849 0.5800304412841797
vt 0.6141384840011597 0.6936470866203308
vt 0.6303156614303589 0.7004347443580627
vt 0.6314886808395386 0.6977975964546204
vt 0.6292998790740967 0.644537091255188
vt 0.6162940263748169 0.6520036458969116
vt 0.6338357925415039 0.6559004783630371
vt 0.5441890954971313 0.651329517364502
vt 0.5455502271652222 0.6968348622322083
vt 0.5627449750900269 0.6862791180610657
vt 0.5509216785430908 0.6788683533668518
vt 0.5699228048324585 0.598030686378479
vt 0.5567244291305542 0.6221683025360107
vt 0.5420483350753784 0.6178892850875854
vt 0.6242355108261108 0.6848133206367493
vt 0.6353143453598022 0.6943845152854919
vt 0.7117140293121338 0.6262606382369995
vt 0.7123254537582397 0.6583117246627808
vt 0.613762378692627 0.6723142862319946
vt 0.600014328956604 0.6882227063179016
vt 0.5863891839981079 0.6811601519584656
vt 0.6103489398956299 0.7000904679298401
vt 0.5965149402618408 0.7082030177116394
vt 0.6120387315750122 0.7062856554985046
vt 0.5952070951461792 0.6981045603752136
vt 0.5797237157821655 0.7077842354774475
vt 0.6425402164459229 0.6400169134140015
vt 0.6482574939727783 0.6574170589447021
vt 0.6544638872146606 0.6314734220504761
vt 0.5792974233627319 0.6943965554237366
vt 0.6705186367034912 0.6646771430969238
vt 0.6744762659072876 0.6992090344429016
vt 0.6917092800140381 0.664004921913147
vt 0.6572980880737305 0.6952723860740662
vt 0.6536129713058472 0.6665199995040894
vt 0.6442136764526367 0.6886894106864929
vt 0.6386678218841553 0.6663113832473755
vt 0.7319729328155518 0.600011944770813
vt 0.5610305070877075 0.7033055424690247
vt 0.5714622735977173 0.6695218086242676
vt 0.6809134483337402 0.6574224233627319
vt 0.6670650243759155 0.6191153526306152
vt 0.6072026491165161 0.6550343036651611
vt 0.6003748178482056 0.6331926584243774
vt 0.6225365400314331 0.6698492765426636
vt 0.6254739761352539 0.6638507843017578
vt 0.5981066226959229 0.4618125557899475
vt 0.6221318244934082 0.5210248827934265
vt 0.5901119709014893 0.4991181492805481
vt 0.5826288461685181 0.5210248827934265
vt 0.6025898456573486 0.4851391911506653
vt 0.6138718128204346 0.4974960684776306
vt 0.6215224266052246 0.49376994371414185
vt 0.6020523309707642 0.4924326539039612
vt 0.5831586122512817 0.4963865876197815
vt 0.608870804309845 0.5514190793037415
vt 0.5776425004005432 0.5457174181938171
vt 0.5776425004005432 0.5514190793037415
vt 0.5776425004005432 0.5351132750511169
vt 0.608870804309845 0.5281659960746765
vt 0.5776425004005432 0.5281659960746765
vt 0.5776425004005432 0.5408143401145935
vt 0.608870804309845 0.5457174181938171
vt 0.608870804309845 0.5408143401145935
vt 0.608870804309845 0.5351132750511169
vt 0.6566111445426941 0.5351132750511169
vt 0.6873419880867004 0.5408143401145935
vt 0.6873419880867004 0.5351132750511169
vt 0.6566111445426941 0.5281659960746765
vt 0.6873419880867004 0.5281659960746765
vt 0.6701363325119019 0.4979212284088135
vt 0.6846194267272949 0.5195246934890747
vt 0.6846194267272949 0.4979212284088135
vt 0.6566111445426941 0.5514190793037415
vt 0.6873419880867004 0.5457174181938171
vt 0.6566111445426941 0.5457174181938171
vt 0.6566111445426941 0.5408143401145935
vt 0.5978753566741943 0.4684109091758728
vt 0.6028709411621094 0.47279638051986694
vt 0.6028709411621094 0.46656566858291626
vt 0.633547842502594 0.5457174181938171
vt 0.633547842502594 0.5281659960746765
vt 0.633547842502594 0.5351132750511169
vt 0.633547842502594 0.5408143401145935
vt 0.633547842502594 0.5514190793037415
vt 0.647637128829956 0.5195246934890747
vt 0.6592669486999512 0.4979212284088135
vt 0.647637128829956 0.4979212284088135
vt 0.6592669486999512 0.5195246934890747
vt 0.6329195499420166 0.5195246934890747
vt 0.6329195499420166 0.4979212284088135
vt 0.49637365341186523 0.629952073097229
vt 0.5508333444595337 0.5627647638320923
vt 0.7725236415863037 0.6296752691268921
vt 0.7684849500656128 0.6432868242263794
vt 0.7489616870880127 0.6564798355102539
vt 0.7654742002487183 0.6574053764343262
vt 0.5979326963424683 0.47234266996383667
vt 0.5302668809890747 0.6869217753410339
vt 0.6306113004684448 0.5913454294204712
vt 0.596946120262146 0.562200665473938
vt 0.593819260597229 0.5830917358398438
vt 0.5569926500320435 0.6590007543563843
vt 0.6935410499572754 0.621991753578186
vt 0.6910824775695801 0.5897126197814941
vt 0.6959872245788574 0.6576759815216064
vt 0.6198713779449463 0.6137118339538574
vt 0.5868462324142456 0.6008769273757935
vt 0.7108721733093262 0.5948529243469238
vt 0.5720601081848145 0.6247328519821167
vt 0.6595412492752075 0.4275814890861511
vt 0.44479238986968994 0.6481698155403137
vt 0.4791529178619385 0.6112108826637268
vt 0.4464534521102905 0.5969495177268982
vt 0.4605022668838501 0.5865920186042786
vt 0.48564040660858154 0.584464967250824
vt 0.45581352710723877 0.5730317234992981
vt 0.3339877724647522 0.5205257833003998
vt 0.2775966227054596 0.5641013383865356
vt 0.32213976979255676 0.5027493238449097
vt 0.3916337192058563 0.4849392771720886
vt 0.4073222279548645 0.46599066257476807
vt 0.41194581985473633 0.4820029139518738
vt 0.35761314630508423 0.5038270354270935
vt 0.3864719569683075 0.46744728088378906
vt 0.45706772804260254 0.5526632368564606
vt 0.44542571902275085 0.5223879218101501
vt 0.43461111187934875 0.521299421787262
vt 0.48980408906936646 0.4755783677101135
vt 0.4879356622695923 0.48560041189193726
vt 0.43798816204071045 0.5882930159568787
vt 0.5065914392471313 0.48356789350509644
vt 0.5042849779129028 0.4724283814430237
vt 0.4557856321334839 0.6615750193595886
vt 0.45423436164855957 0.6512334942817688
vt 0.47464191913604736 0.5931585431098938
vt 0.4920302629470825 0.611731231212616
vt 0.34460291266441345 0.48526620864868164
vt 0.3976898193359375 0.5084638297557831
vt 0.4205518364906311 0.5001238286495209
vt 0.48860299587249756 0.49274736642837524
vt 0.5064535737037659 0.4926331043243408
vt 0.28970617055892944 0.5791171491146088
vt 0.34604597091674805 0.540523886680603
vt 0.3701018691062927 0.5273400843143463
vt 0.3879258632659912 0.5631719529628754
vt 0.38273000717163086 0.574177473783493
vt 0.3893241286277771 0.5662291347980499
vt 0.4546705186367035 0.509377121925354
vt 0.424923837184906 0.5069281458854675
vt 0.3775961399078369 0.5609510242938995
vt 0.4791826903820038 0.5474615097045898
vt 0.46308135986328125 0.5428550839424133
vt 0.46539753675460815 0.565080314874649
vt 0.18135161697864532 0.7379021644592285
vt 0.34880849719047546 0.6801165342330933
vt 0.3591324985027313 0.594709038734436
vt 0.3740151822566986 0.7518371343612671
vt 0.3591324985027313 0.7634049504995346
vt 0.5392597913742065 0.5472418963909149
vt 0.5692728757858276 0.5466103255748749
vt 0.6136859655380249 0.4275814890861511
vt 0.4988325834274292 0.5797704458236694
vt 0.614784836769104 0.6475615501403809
vt 0.6635510921478271 0.6583117246627808
vt 0.631125807762146 0.7033397555351257
vt 0.6331058740615845 0.6802171468734741
vt 0.5966947078704834 0.45939260721206665
vt 0.6701363325119019 0.5195246934890747
vt 0.6873419880867004 0.5514190793037415
vt 0.5965257883071899 0.4706191420555115
vt 0.6353143453598022 0.5699528455734253
vt 0.6548241376876831 0.5950196981430054
vt 0.28198206424713135 0.5741007924079895
vt 0.43798816204071045 0.6554064154624939
vn 0.5944873067130491 -0.7966318904965329 0.10937309175928578
vn 0.9684693913583831 -0.1287673526650639 0.21327448719796296
vn 0.5490934577180985 -0.8285425313009414 0.10960679046761325
vn -0.429238099072944 -0.8689649865345526 -0.24628135634117865
vn -0.9569974872453287 -0.1971068402629298 -0.21284901439210552
vn -0.8941624893334977 -0.23479235696503317 -0.38124269406734484
vn -0.3798666327432845 0.89056005658671 -0.2502081672139305
vn -0.907285572762622 0.4127644800004577 -0.08036400628859157
vn -0.44565946619472346 0.8945147601849975 0.03508538160274845
vn 0.9519695198717749 0.20603268964399982 -0.2265051081833729
vn 0.46671651145991944 0.8835831662600929 0.03816393890142802
vn 0.9732486383627068 0.22605055875642754 -0.04108811033673577
vn -0.9117293890821717 0.31106655183585474 -0.2683041583964017
vn 0.5215328418185601 0.8271876610185869 -0.2091986337509317
vn 0.46671651145991944 0.8835831662600929 0.03816393890142802
vn 0.49495459858896484 -0.8635119056618 -0.09678395588093623
vn -0.42316157634486345 -0.8880928633513335 -0.17951419545473332
vn 0.07426927782868759 -0.0802673844463457 0.9940026264376506
vn 0.38272025548354227 -0.41034094021204554 0.8277351743332566
vn -0.0734956938487451 -0.23885640298638924 0.9682695914558586
vn -0.28699241460320346 -0.9311856471828052 -0.22478577455204551
vn -0.4072461317171217 -0.8925473227561502 -0.19367463654869624
vn -0.5336058358847589 -0.21666661886445893 0.8175086471588978
vn -0.7640229923041237 0.19811863360400125 0.6140178126484087
vn -0.49361842466082284 0.03242181217845615 0.8690740342056209
vn 0.09760610789360696 0.42652320466386573 0.8991946416572596
vn 0.46264472209736623 0.03791234139232273 0.8857327562451344
vn 0.05052330180064659 -0.6792660729246673 0.7321509394576102
vn -0.13453539486052435 -0.3254860132678036 0.9359268575571243
vn -0.7873367784866512 0.07012899031309681 -0.6125216093820098
vn -0.8638911367598805 -0.35860253187832136 -0.35368959266308464
vn -0.7800406934751054 0.07946117057451016 -0.6206629027852438
vn -0.0021965074474285112 0.627893774759183 -0.7782959481930365
vn 0.6991109280476254 0.6108285800155566 -0.3716616150755504
vn 0.8073270197095581 0.5376526830728664 -0.24321323079024865
vn 0.9193443717316553 0.37507680361644485 0.1188415649265803
vn 0.9684693913583831 -0.1287673526650639 0.21327448719796296
vn 0.9656466931969693 -0.012133826234463083 0.2595751031564282
vn -0.8484880308001025 -0.40560820179925117 -0.33992653356591984
vn -0.17041796428400274 0.6269383425488894 -0.7602013102404837
vn 0.8073270197095581 0.5376526830728664 -0.24321323079024865
vn 0.9601884335577592 0.27103828383717105 0.06764924801132455
vn 0.927886071724363 -0.3524881882022868 -0.12157102894110798
vn 0.9119549685902385 -0.40637290045513935 -0.05656148017206175
vn -0.4757410230219846 -0.6344086253029735 0.6092587095439725
vn -0.24819228746839495 -0.26378155020009114 0.9321050811015046
vn 0.40786321294297156 -0.9091426155191409 0.08430482889402993
vn 0.9119549685902385 -0.40637290045513935 -0.05656148017206175
vn 0.8714125086614559 -0.4625472123204647 0.16337171151369806
vn 0.942647057445432 0.17929823369828543 0.28154692056945646
vn 0.40422656281545083 0.8454150352337394 0.3491050044258051
vn -0.4389172043474109 0.862131308794816 0.2531428334430791
vn -0.8862251988202134 0.4575708498718391 0.07234510573380937
vn -0.9704570952278369 -0.23649544783365833 -0.0477800112589644
vn -0.43531156039181496 -0.8994831598116463 -0.0378667480053367
vn 0.4654691342743466 -0.8794030380084445 -0.09994389315715291
vn -0.8191037446359651 -0.25421520613144527 0.5142408817809861
vn 0.9783281903945346 -0.2023526553125381 0.043901648799567844
vn 0.927886071724363 -0.3524881882022868 -0.12157102894110798
vn 0.5352905325785156 -0.8425240313438369 0.060144013334150474
vn 0.9783281903945346 -0.2023526553125381 0.043901648799567844
vn 0.9649179008886513 0.22176157690698686 -0.14055336193903445
vn 0.5215328418185601 0.8271876610185869 -0.2091986337509317
vn 0.5917619523376187 0.7218911728429189 -0.3587351757732225
vn 0.6991109280476254 0.6108285800155566 -0.3716616150755504
vn 0.5917619523376187 0.7218911728429189 -0.3587351757732225
vn -0.3053311422201294 0.7815332589139681 -0.5440392070447344
vn -0.8656718921613132 0.19526888946490098 -0.46095795462167216
vn -0.859120015168512 -0.2976231762093514 -0.4163330932317453
vn -0.45259248029767335 -0.8584848811331506 -0.2411716310924653
vn -0.7865670411088374 0.2583292873484486 0.5608727744679103
vn -0.42144819598179545 0.5401256611640504 0.728454314460274
vn 0.40422656281545083 0.8454150352337394 0.3491050044258051
vn 0.5069960948078645 0.028666452205442377 0.8614715284717935
vn 0.8714125086614559 -0.4625472123204647 0.16337171151369806
vn -0.45513078650912187 -0.7353052883865313 0.5021773591495219
vn 0.19721837090860667 0.5258708089162878 0.8273843160864752
vn -0.4048933251487143 0.4787549239195677 0.7790090616114721
vn -0.3383396119045213 0.17428410941472128 0.9247439408948919
vn -0.3798605104428808 0.3186485358886021 0.8684291008379004
vn 0.03449504878584329 0.2654125526639894 0.9635176534436966
vn 0.3095935575872206 -0.3547480448881582 0.8822163304703202
vn -0.4484334571855901 -0.5387030492532767 0.7132366081475355
vn -0.6693926089494259 0.09026192475689751 0.737405126116615
vn 0.3364949332360683 -0.006782281212664147 0.9416608522010491
vn 0.018732251801075978 -0.5938627670987076 0.8043482557924321
vn -0.15768967509212278 0.034139257393902216 0.9868984129452909
vn 0.5167157678315824 -0.4056425804743466 0.7539621424052612
vn 0.5069960948078645 0.028666452205442377 0.8614715284717935
vn 0.19721837090860667 0.5258708089162878 0.8273843160864752
vn -0.42144819598179545 0.5401256611640504 0.728454314460274
vn -0.7865670411088374 0.2583292873484486 0.5608727744679103
vn -0.7963093065887347 -0.27658086526936837 0.5379540065907269
vn -0.45513078650912187 -0.7353052883865313 0.5021773591495219
vn 0.08842695670185056 -0.7225364657101401 0.6856542343248153
vn 0.08842695670185056 -0.7225364657101401 0.6856542343248153
vn -0.736169266628546 -0.23358250855786653 0.6352117934731711
vn -0.7809564432161038 0.5479695281225236 -0.2997272594350256
vn -0.26549603022335405 0.915356713387399 -0.3027109928500435
vn -0.3359157685519374 0.9404703138869941 -0.05173185803216349
vn 0.40005353501571 -0.7337353007053041 -0.5491718106570391
vn -0.3530233160156268 -0.7673285731819492 -0.5353329796751598
vn -0.390582947111775 -0.7365051181467956 -0.5522727336824216
vn 0.514878316081119 0.8543679921204373 -0.07039640381129969
vn 0.4421929989586935 0.8883556275097101 0.12365124643021713
vn -0.8479342592232945 -0.22003469506153753 -0.48227816144277064
vn -0.8999149945783189 -0.17133889808893088 -0.4009937462539476
vn 0.4421929989586935 0.8883556275097101 0.12365124643021713
vn 0.9658073107009416 0.2570572668539845 0.033731293396108544
vn 0.9574093870382159 0.2732970114894087 0.09314509714454106
vn 0.8959061177613847 -0.32367429937329245 -0.3042814093613543
vn 0.38415273118911386 -0.7325717953669336 -0.5619299277959947
vn -0.7139517290692938 0.4903897763882869 -0.4997907519880813
vn 0.9310552628789757 -0.2784800006136607 -0.23576468506452972
vn 0.8959061177613847 -0.32367429937329245 -0.3042814093613543
vn -0.49761059439944677 -0.7876846244596036 -0.36323082018375397
vn 0.3724207270155904 0.9075174488860268 0.19420319785363177
vn -0.9354627992210852 -0.20627499589308534 -0.28698428065446246
vn 0.514878316081119 0.8543679921204373 -0.07039640381129969
vn 0.9231753977619014 0.3567882127640408 0.14300124544841014
vn 0.9252473393929338 -0.17825799063050138 -0.3348752748750994
vn 0.3099790597157459 -0.7327377084312996 -0.6058122095010875
vn -0.8593945656055314 0.4993392686397433 -0.11000579712908777
vn 0.9252473393929338 -0.17825799063050138 -0.3348752748750994
vn -0.35492645903081643 0.9297427487501044 0.09800831508829282
vn 0.4366710421050039 0.5832364398886727 0.6849479222341772
vn 0.006047889250681367 -0.32770053201484184 0.9447622898659753
vn 0.5286538568393473 -0.22182106897531612 0.8193415118297929
vn 0.3629027216797135 -0.5910534693303706 -0.7203869869660259
vn -0.3315216261632988 -0.8439506874417703 -0.4217115703328583
vn -0.4305291019974136 -0.7970095678384722 -0.42358050133030495
vn -0.38789714519268936 0.7252335534397544 0.5688339808032822
vn 0.4199004570839913 0.7315849594996138 0.5370912894235057
vn -0.8748538741460724 -0.4843710131471406 0.00392689628340204
vn -0.9107993395989801 -0.4125745715401038 -0.015059412490588888
vn 0.8909003439972033 -0.05676877567380245 -0.45063719683816855
vn 0.4424024258745095 -0.6776420291804067 -0.5874362721764889
vn -0.9178514741753324 0.22700318716273582 0.3256043985761383
vn 0.9406877734928792 0.23915777471621186 0.2406451154580103
vn 0.8909003439972033 -0.05676877567380245 -0.45063719683816855
vn 0.9336570448504459 0.2976160357255279 0.1992717187163137
vn -0.8631052189559538 0.07850709321230635 0.4988847735964181
vn -0.08809091141649877 -0.9907188832674358 0.10351852811519065
vn 0.13580078946410637 -0.5517139111416266 0.8229033393016064
vn 0.4159849886217375 -0.5061793293581931 0.7554726836702059
vn -0.08809091141649877 -0.9907188832674358 0.10351852811519065
vn -0.38236148540625314 -0.8582577979500867 0.34233499198269485
vn 0.938370813748197 -0.18806193820473668 -0.2899877985437049
vn 0.41737778550596477 -0.9084432321118161 0.022949470503127983
vn 0.7558262343356287 -0.614892982147189 0.22501849700893484
vn 0.938370813748197 -0.18806193820473668 -0.2899877985437049
vn 0.5286538568393473 -0.22182106897531612 0.8193415118297929
vn 0.7368173062427875 -0.42585084105334026 0.5251202894530785
vn -0.41199683358592604 -0.5705901906439933 0.710412164490461
vn -0.32914847643699413 0.5162933644540335 0.7906342025740727
vn 0.4199004570839913 0.7315849594996138 0.5370912894235057
vn -0.38236148540625314 -0.8582577979500867 0.34233499198269485
vn 0.5112761038833353 -0.7680865163250641 0.3855383885393308
vn -0.41199683358592604 -0.5705901906439933 0.710412164490461
vn 0.7368173062427875 -0.42585084105334026 0.5251202894530785
vn 0.1078825606223281 -0.9449497073894979 0.30891973653049765
vn -0.22972359687946473 -0.8820302171216664 0.4113997631514476
vn 0.006047889250681367 -0.32770053201484184 0.9447622898659753
vn 0.5286538568393473 -0.22182106897531612 0.8193415118297929
vn 0.41737778550596477 -0.9084432321118161 0.022949470503127983
vn -0.0820317870425667 -0.7284798759489286 0.6801381155706806
vn 0.6440709861737247 -0.5321475590968221 0.5495375693403504
vn 0.3572666749137057 -0.9001171886218949 0.2492981543123021
vn 0.7558262343356287 -0.614892982147189 0.22501849700893484
vn 0.8006175067932786 -0.5780760918369596 0.15760596391831608
vn -0.14479285650458418 -0.9882289383136726 0.049382124140969826
vn -0.4985611464186306 -0.8204016972911047 0.27996042285225836
vn 0.4042840496994677 -0.9144199885777149 -0.01976086152297571
vn -0.006890166448734448 -0.2518168095731731 0.9677503913833861
vn 0.547686919432877 -0.10854382409877839 0.8296127268383356
vn 0.8553226965153559 -0.22400430524620416 0.4671671607217972
vn -0.4468394552309764 -0.5692451707808537 0.690140881843382
vn 0.37200477347341193 -0.8995214112966832 0.22907134070376162
vn -0.1685861513141111 -0.7427115642854693 0.6480418519368382
vn 0.14715794203935445 -0.5421243972372003 0.827312321928632
vn 0.5259294213541885 -0.4267862490185758 0.7356981319826106
vn 0.6633196398542968 -0.6568926510972108 0.358467711681323
vn -0.02356036779767489 -0.9597807182034058 0.2797604011188731
vn -0.26154568489208696 -0.8746657201616221 0.40810995171458414
vn 0.7174832302955281 -0.4403230542767859 0.5397531121883938
vn -0.9503209030650163 -0.17846478273649952 -0.25503039528751426
vn -0.9536850689167989 0.15965169242220104 0.2549433788743831
vn -0.9459603024639841 -0.22248247178643127 -0.23592510656996177
vn 0.3638813978667339 0.8736813323128279 0.32291060350294104
vn -0.3705522615469068 0.6769483345755026 0.6359496629277558
vn -0.4179487914444047 0.7657770979671222 0.4887783178079955
vn 0.7560474571984592 0.3434014170118807 -0.5571962932916696
vn 0.2348791391666994 -0.24437699408686228 -0.9408037386965361
vn 0.8426025794157239 0.21735352386830206 -0.4927254192996339
vn 0.3638813978667339 0.8736813323128279 0.32291060350294104
vn 0.7657242986635792 0.6431682684939504 0.0009363966379401753
vn 0.768625822479183 0.6388020782344644 -0.03385631198947568
vn -0.5866412516651675 -0.4343886592122225 -0.6834899667094854
vn -0.6051015726733674 -0.3594955691658837 -0.710362599309898
vn 0.7422376779292863 0.42861184495513566 -0.5151457229040108
vn 0.1537795046908734 -0.12476135206860121 -0.9801971582120834
vn 0.16070568992623777 -0.1508833458435472 -0.975401403101507
vn -0.9139651766073823 0.22632136754301257 0.3368178952230668
vn -0.9434983057178065 0.2597884551700591 0.20572045515208948
vn 0.7422376779292863 0.42861184495513566 -0.5151457229040108
vn 0.22860762834883008 -0.21627497165081835 -0.9491910708061686
vn -0.4000494151362611 -0.7966969405997688 0.4530280899548106
vn -0.17983345307803816 -0.8917871605773322 -0.4151813933492788
vn 0.5754863623313461 -0.44089911114090674 0.6887840159046905
vn 0.5182495877786525 0.6705617194244999 0.5308147936990028
vn -0.3654893956874973 0.678569250240729 0.6371509038428205
vn -0.30326582955354003 0.5030085400717808 0.8093282679111479
vn -0.3837699226197 -0.6389321465899249 -0.6666981015020669
vn 0.3552245689426561 -0.7708079304382688 -0.5288389546856181
vn -0.17983345307803816 -0.8917871605773322 -0.4151813933492788
vn 0.6573835985650065 0.060692289096062925 0.7511080151229931
vn 0.8011819980480671 -0.5665153516207618 -0.19278942497375598
vn 0.9548207287408073 -0.11410738248333373 -0.2744027719059625
vn -0.4558001580886835 -0.6135956667967207 -0.6447841294376118
vn 0.8375047259563827 0.37582887863848136 -0.39665915844975214
vn 0.3003116978751833 -0.2603314678498575 -0.9176275992833165
vn 0.270001350741617 -0.2659359283104443 -0.9254065877393377
vn -0.8938550576084979 0.010048550257988391 0.4482434189426788
vn -0.8955916428290027 -0.4162826659440277 -0.15692148141468962
vn -0.9623567318150399 -0.19912515573411585 -0.1849829534960982
vn -0.7084117541647024 -0.5135866978004082 0.48412962148970135
vn -0.4000494151362611 -0.7966969405997688 0.4530280899548106
vn 0.8331317287158082 0.5475672002145017 0.07785681637634874
vn 0.7785024155952152 0.3958964796826935 -0.4870317918650337
vn -0.5532010345068588 -0.7437055088431667 0.37532749904166046
vn -0.41726870868585947 -0.6109420943981798 -0.6727827153279141
vn -0.3950108360041663 -0.6533216317616799 -0.645861660815647
vn 0.40256902999680766 -0.47471482358277967 -0.7826774638113707
vn 0.9620651987209546 0.04549660148873078 -0.26899928004176044
vn 0.9548207287408073 -0.11410738248333373 -0.2744027719059625
vn 0.36408216542421096 -0.4132841445569708 -0.8346498623242145
vn 0.9299218152161499 0.24629956664144115 -0.2730969444306163
vn 0.6953657478881132 0.05742756453089513 0.7163578376035645
vn 0.9620651987209546 0.04549660148873078 -0.26899928004176044
vn 0.6876330391663559 0.08924589116701788 0.7205525479495898
vn 0.3703308513686074 -0.30428872346831726 -0.8776465309534496
vn -0.4295251806502798 -0.8343231385021656 0.34556188989418457
vn 0.8935806976422506 -0.0471527611877723 0.4464192580003218
vn -0.4511397671215499 -0.8923192977962116 0.015465487447526929
vn 0.6876330391663559 0.08924589116701788 0.7205525479495898
vn -0.5532010345068588 -0.7437055088431667 0.37532749904166046
vn 0.6953657478881132 0.05742756453089513 0.7163578376035645
vn -0.7084117541647024 -0.5135866978004082 0.48412962148970135
vn 0.3870027384038803 0.8220302591144236 0.41772614661781887
vn 0.8868371124741097 0.35176928056231643 -0.29963028750654325
vn -0.38277002828053736 -0.7098710840928412 -0.5912445766507896
vn 0.8868371124741097 0.35176928056231643 -0.29963028750654325
vn 0.8935806976422506 -0.0471527611877723 0.4464192580003218
vn -0.4295251806502798 -0.8343231385021656 0.34556188989418457
vn -0.4511397671215499 -0.8923192977962116 0.015465487447526929
vn 0.5754863623313461 -0.44089911114090674 0.6887840159046905
vn -0.4000494151362611 -0.7966969405997688 0.4530280899548106
vn 0.8011819980480671 -0.5665153516207618 -0.19278942497375598
vn 0.8935806976422506 -0.0471527611877723 0.4464192580003218
vn 0.5424842644672373 -0.8132153212160947 -0.21069329401963463
vn -0.4511397671215499 -0.8923192977962116 0.015465487447526929
vn 0.3885621675058692 -0.8258712252005885 -0.4086026937855642
vn 0.2763130124763729 -0.9430543255983197 -0.18520166874661334
vn 0.8078423637066251 -0.34425202726223125 0.4784153604627853
vn 0.4138695999518951 -0.874636888595016 -0.25243269864359485
vn -0.2556638007684133 -0.9181292346734203 0.30277835030703365
vn -0.5018907702907698 -0.5010364525860295 -0.7050305864832711
vn -0.6392443340701534 -0.6205037265577933 0.45424861770521396
vn -0.5442378303005682 -0.5617964461768005 -0.6230489042866918
vn 0.6657223903299233 0.2658400918060373 0.6972393739613182
vn 0.7437383716812579 0.37483856910193464 -0.5534882849731557
vn 0.6836068937644348 0.3145483992793049 -0.6585900996132327
vn -0.07786306692563315 -0.24868464984169006 0.96544978519965
vn -0.6125978033116246 -0.6452968956218454 0.4564163098297226
vn -0.03156751425022385 -0.2937577627107277 0.9553585028099396
vn 0.6839018820591619 0.21600967811577376 0.6968629956284492
vn 0.785485646093398 -0.15336039894080236 0.5995772575890073
vn 0.3494119384963261 -0.9079197786600767 0.2315015610186609
vn 0.8642814389349 -0.5002328800593238 0.052769877962462484
vn 0.7770098022064632 0.47315632880943176 -0.415185327031982
vn 0.7709199806088609 0.10303486355731237 -0.6285429184946401
vn -0.6023686879165179 -0.17855861810663376 -0.7779902208367286
vn 0.7709199806088609 0.10303486355731237 -0.6285429184946401
vn -0.24370797311200293 -0.3207022694522199 -0.9152903791747375
vn -0.6023686879165179 -0.17855861810663376 -0.7779902208367286
vn -0.13579323020049122 -0.9480771881120332 -0.2875931918757757
vn -0.5266296367807163 -0.7989495075629579 0.29041506508636616
vn 0.12848318886970536 -0.6372404536419002 0.7598793814942848
vn 0.8642814389349 -0.5002328800593238 0.052769877962462484
vn -0.24370797311200293 -0.3207022694522199 -0.9152903791747375
vn 0.7709199806088609 0.10303486355731237 -0.6285429184946401
vn -0.5553041502057025 -0.7260850349035187 0.4055093375663239
vn 0.7741294332612917 0.43635058530941084 -0.45860853378310146
vn 0.73903836198215 0.03245168509887955 0.6728812582120145
vn 0.05716816904405996 -0.4609276855297747 0.8855944157233122
vn -0.5424253149405094 -0.40126322360384026 -0.7380803500261635
vn 0.7437383716812579 0.37483856910193464 -0.5534882849731557
vn -0.5424253149405094 -0.40126322360384026 -0.7380803500261635
vn -0.5018907702907698 -0.5010364525860295 -0.7050305864832711
vn 0.7741294332612917 0.43635058530941084 -0.45860853378310146
vn 0.6836068937644348 0.3145483992793049 -0.6585900996132327
vn -0.5442378303005682 -0.5617964461768005 -0.6230489042866918
vn -0.5953846343920243 -0.3930192387571081 -0.7007517499775927
vn 0.3870027384038803 0.8220302591144236 0.41772614661781887
vn 0.4820492617284007 0.7661205953540852 0.4250738084631965
vn 0.8469287799950088 0.5311982325083436 0.023239608348194055
vn 0.7560474571984592 0.3434014170118807 -0.5571962932916696
vn 0.8426025794157239 0.21735352386830206 -0.4927254192996339
vn -0.13579323020049122 -0.9480771881120332 -0.2875931918757757
vn 0.7785024155952152 0.3958964796826935 -0.4870317918650337
vn -0.1461065582872084 0.12635987985188468 0.98116566103247
vn 0.552283854023748 0.5562169674712837 0.6209711987537946
vn -0.2333454273521488 0.29543480712455245 0.9264276476191335
vn -0.3844418832592626 -0.7115486091200555 -0.5881352015101512
vn 0.8653351719390093 0.47100198114376635 0.1713247616777335
vn 0.552283854023748 0.5562169674712837 0.6209711987537946
vn 0.8375047259563827 0.37582887863848136 -0.39665915844975214
vn -0.2556638007684133 -0.9181292346734203 0.30277835030703365
vn -0.8295012541533052 -0.18595606066083736 0.5266384080767342
vn 0.5182495877786525 0.6705617194244999 0.5308147936990028
vn -0.8038175968999219 -0.5870153224580319 -0.09638610954659084
vn 0.3724207270155904 0.9075174488860268 0.19420319785363177
vn -0.19859479485081025 -0.9697303333113119 -0.1420675477162064
vn 0.3097877957435316 -0.8349599313111832 0.45483341424436735
vn -0.4829443813090119 -0.8733902149058616 0.06288288375026208
vn -0.3556111600352925 -0.8164260487865533 0.45496066832324084
vn 0.10860521414260149 -0.2282609718660875 0.9675235584644899
vn -0.6080873190354089 -0.4134454828794264 0.6777113287491413
vn 0.8478972405370218 0.06325112730137761 0.5263739776858357
vn 0.7460611003860946 0.354031180934579 -0.5639634362410005
vn 0.8400485358906504 0.4768961404375041 0.258628166648157
vn -0.7539781174800257 0.046194938639772684 0.6552732452995043
vn -0.8519019997300348 0.20930955728988757 -0.4800546761391654
vn -0.9358120872986196 -0.26718896583132484 -0.22992562667912345
vn 0.12437329161054181 0.2709569176610372 0.9545227252955212
vn -0.7811679345654282 0.5346383043222488 0.3223950085814196
vn -0.40359983220067197 0.6023989000649482 -0.6886383235401078
vn 0.18982298374642145 0.9776210908573769 -0.09068758212918594
vn 0.4014936593935211 0.8524518465001054 -0.3348562241699561
vn -0.02697417357005344 0.21655712264998686 -0.9758972315719371
vn -0.21689354190615479 -0.3664972566243007 -0.9047855836419281
vn -0.7561266536085829 -0.6506676885920908 -0.0700288706528379
vn 0.8691890089255461 -0.1966070060054331 -0.4537137334846792
vn 0.7460611003860946 0.354031180934579 -0.5639634362410005
vn 0.7665815057979396 -0.6235135803601879 -0.1535695610301172
vn 0.37853827485592567 -0.9172879113773859 0.12365946025279678
vn -0.038633596198095234 -0.8244790120901829 0.5645722308682907
vn 0.7605674425771801 -0.28545177762761087 0.5831418763395788
vn 0.14816581398878081 0.7106332917796518 0.6877842802648648
vn -0.6080873190354089 -0.4134454828794264 0.6777113287491413
vn -0.7561266536085829 -0.6506676885920908 -0.0700288706528379
vn -0.15674382587923516 -0.8323720441766495 -0.5315902116498442
vn 0.7665815057979396 -0.6235135803601879 -0.1535695610301172
vn 0.7665815057979396 -0.6235135803601879 -0.1535695610301172
vn 0.7605674425771801 -0.28545177762761087 0.5831418763395788
vn 0.10860521414260149 -0.2282609718660875 0.9675235584644899
vn 0.2566473776315811 0.6621193915976836 -0.7040809859846705
vn -0.02697417357005344 0.21655712264998686 -0.9758972315719371
vn -0.11252081817653173 0.5734374229281679 -0.811485420363413
vn 0.14816581398878081 0.7106332917796518 0.6877842802648648
vn 0.8400485358906504 0.4768961404375041 0.258628166648157
vn 0.7460611003860946 0.354031180934579 -0.5639634362410005
vn -0.7811679345654282 0.5346383043222488 0.3223950085814196
vn -0.3871898844952654 0.899764292343079 -0.20126651874790663
vn -0.8519019997300348 0.20930955728988757 -0.4800546761391654
vn 0.9656466931969693 -0.012133826234463083 0.2595751031564282
vn -0.7963093065887347 -0.27658086526936837 0.5379540065907269
vn 0.19721837090860667 0.5258708089162878 0.8273843160864752
vn 0.5167157678315824 -0.4056425804743466 0.7539621424052612
vn 0.5167157678315824 -0.4056425804743466 0.7539621424052612
vn 0.9310552628789757 -0.2784800006136607 -0.23576468506452972
vn 0.7558262343356287 -0.614892982147189 0.22501849700893484
vn 0.4366710421050039 0.5832364398886727 0.6849479222341772
vn 0.4820492617284007 0.7661205953540852 0.4250738084631965
vn 0.5754863623313461 -0.44089911114090674 0.6887840159046905
vn 0.9299218152161499 0.24629956664144115 -0.2730969444306163
vn 0.8011819980480671 -0.5665153516207618 -0.19278942497375598
vn 0.6573835985650065 0.060692289096062925 0.7511080151229931
vn 0.3552245689426561 -0.7708079304382688 -0.5288389546856181
vn 0.7770098022064632 0.47315632880943176 -0.415185327031982
vn -0.24370797311200293 -0.3207022694522199 -0.9152903791747375
vn 0.3494119384963261 -0.9079197786600767 0.2315015610186609
vn 0.8078423637066251 -0.34425202726223125 0.4784153604627853
vn 0.8078423637066251 -0.34425202726223125 0.4784153604627853
vn 0.8691890089255461 -0.1966070060054331 -0.4537137334846792
vn -0.15674382587923516 -0.8323720441766495 -0.5315902116498442
f 558/558/558 559/559/559 560/560/560
f 561/561/561 562/562/562 563/563/563
f 564/564/564 565/565/565 566/566/566
f 567/567/567 568/568/568 569/569/569
f 563/563/563 565/565/565 570/570/570
f 571/571/571 566/566/566 572/572/572
f 573/573/573 574/574/574 561/561/561
f 575/575/575 576/576/576 577/577/577
f 578/578/578 560/560/560 579/579/579
f 580/580/580 581/581/581 582/582/582
f 575/575/575 583/583/583 584/584/584
f 577/577/577 585/585/585 586/586/586
f 587/587/587 588/588/588 589/589/589
f 590/590/590 591/591/591 592/592/592
f 593/593/593 594/594/594 595/595/595
f 596/596/596 579/579/579 588/588/588
f 590/590/590 589/589/589 597/597/597
f 598/598/598 599/599/599 593/593/593
f 600/600/600 569/569/569 601/601/601
f 586/586/586 602/602/602 603/603/603
f 604/604/604 605/605/605 606/606/606
f 607/607/607 601/601/601 569/569/569
f 608/608/608 569/569/569 568/568/568
f 609/609/609 572/572/572 566/566/566
f 609/609/609 565/565/565 610/610/610
f 610/610/610 562/562/562 611/611/611
f 611/611/611 574/574/574 612/612/612
f 612/612/612 613/613/613 604/604/604
f 580/580/580 602/602/602 614/614/614
f 573/573/573 615/615/615 616/616/616
f 617/617/617 559/559/559 615/615/615
f 567/567/567 618/618/618 619/619/619
f 618/618/618 599/599/599 619/619/619
f 620/620/620 619/619/619 621/621/621
f 619/619/619 622/622/622 621/621/621
f 564/564/564 623/623/623 624/624/624
f 623/623/623 597/597/597 624/624/624
f 570/570/570 624/624/624 625/625/625
f 625/625/625 597/597/597 589/589/589
f 570/570/570 626/626/626 563/563/563
f 626/626/626 589/589/589 588/588/588
f 563/563/563 627/627/627 561/561/561
f 627/627/627 588/588/588 579/579/579
f 561/561/561 617/617/617 573/573/573
f 617/617/617 579/579/579 560/560/560
f 616/616/616 613/613/613 573/573/573
f 611/611/611 628/628/628 610/610/610
f 629/629/629 630/630/630 609/609/609
f 631/631/631 632/632/632 607/607/607
f 633/633/633 611/611/611 612/612/612
f 610/610/610 629/629/629 609/609/609
f 634/634/634 607/607/607 608/608/608
f 604/604/604 633/633/633 612/612/612
f 582/582/582 635/635/635 636/636/636
f 581/581/581 637/637/637 635/635/635
f 635/635/635 638/638/638 583/583/583
f 584/584/584 639/639/639 576/576/576
f 585/585/585 640/640/640 602/602/602
f 614/614/614 641/641/641 581/581/581
f 584/584/584 638/638/638 642/642/642
f 576/576/576 643/643/643 585/585/585
f 636/636/636 583/583/583 644/644/644
f 636/636/636 645/645/645 582/582/582
f 582/582/582 646/646/646 580/580/580
f 603/603/603 646/646/646 647/647/647
f 603/603/603 648/648/648 586/586/586
f 586/586/586 649/649/649 577/577/577
f 577/577/577 650/650/650 575/575/575
f 644/644/644 650/650/650 651/651/651
f 644/644/644 652/652/652 636/636/636
f 606/606/606 653/653/653 604/604/604
f 614/614/614 640/640/640 654/654/654
f 655/655/655 656/656/656 657/657/657
f 658/658/658 659/659/659 660/660/660
f 657/657/657 661/661/661 662/662/662
f 660/660/660 663/663/663 664/664/664
f 665/665/665 666/666/666 667/667/667
f 658/658/658 668/668/668 669/669/669
f 664/664/664 670/670/670 655/655/655
f 671/671/671 666/666/666 672/672/672
f 669/669/669 673/673/673 659/659/659
f 656/656/656 674/674/674 661/661/661
f 663/663/663 673/673/673 675/675/675
f 676/676/676 677/677/677 666/666/666
f 669/669/669 678/678/678 679/679/679
f 670/670/670 675/675/675 680/680/680
f 666/666/666 681/681/681 672/672/672
f 656/656/656 680/680/680 682/682/682
f 683/683/683 684/684/684 685/685/685
f 686/686/686 687/687/687 688/688/688
f 689/689/689 683/683/683 690/690/690
f 688/688/688 691/691/691 692/692/692
f 693/693/693 694/694/694 686/686/686
f 691/691/691 695/695/695 692/692/692
f 696/696/696 697/697/697 698/698/698
f 699/699/699 689/689/689 695/695/695
f 700/700/700 701/701/701 702/702/702
f 691/691/691 703/703/703 704/704/704
f 705/705/705 706/706/706 694/694/694
f 696/696/696 707/707/707 708/708/708
f 694/694/694 703/703/703 687/687/687
f 696/696/696 709/709/709 710/710/710
f 691/691/691 711/711/711 699/699/699
f 699/699/699 684/684/684 712/712/712
f 713/713/713 696/696/696 698/698/698
f 714/714/714 715/715/715 716/716/716
f 717/717/717 718/718/718 719/719/719
f 720/720/720 718/718/718 721/721/721
f 722/722/722 723/723/723 701/701/701
f 714/714/714 702/702/702 724/724/724
f 716/716/716 725/725/725 720/720/720
f 717/717/717 723/723/723 726/726/726
f 724/724/724 727/727/727 715/715/715
f 719/719/719 728/728/728 729/729/729
f 718/718/718 730/730/730 728/728/728
f 723/723/723 731/731/731 701/701/701
f 724/724/724 732/732/732 733/733/733
f 715/715/715 730/730/730 725/725/725
f 719/719/719 734/734/734 723/723/723
f 702/702/702 731/731/731 732/732/732
f 727/727/727 735/735/735 730/730/730
f 729/729/729 736/736/736 734/734/734
f 732/732/732 737/737/737 738/738/738
f 733/733/733 739/739/739 727/727/727
f 729/729/729 740/740/740 741/741/741
f 728/728/728 735/735/735 740/740/740
f 734/734/734 737/737/737 731/731/731
f 733/733/733 738/738/738 742/742/742
f 743/743/743 744/744/744 745/745/745
f 746/746/746 747/747/747 748/748/748
f 749/749/749 750/750/750 751/751/751
f 752/752/752 753/753/753 754/754/754
f 755/755/755 743/743/743 756/756/756
f 757/757/757 754/754/754 753/753/753
f 749/749/749 758/758/758 759/759/759
f 760/760/760 748/748/748 761/761/761
f 762/762/762 763/763/763 758/758/758
f 764/764/764 765/765/765 766/766/766
f 767/767/767 768/768/768 769/769/769
f 770/770/770 771/771/771 772/772/772
f 773/773/773 774/774/774 775/775/775
f 758/758/758 776/776/776 755/755/755
f 777/777/777 778/778/778 779/779/779
f 780/780/780 768/768/768 760/760/760
f 755/755/755 781/781/781 782/782/782
f 781/781/781 760/760/760 782/782/782
f 783/783/783 772/772/772 784/784/784
f 757/757/757 785/785/785 786/786/786
f 761/761/761 782/782/782 760/760/760
f 770/770/770 787/787/787 788/788/788
f 787/787/787 789/789/789 788/788/788
f 790/790/790 791/791/791 792/792/792
f 793/793/793 794/794/794 791/791/791
f 775/775/775 795/795/795 773/773/773
f 796/796/796 797/797/797 795/795/795
f 790/790/790 788/788/788 793/793/793
f 793/793/793 789/789/789 798/798/798
f 792/792/792 771/771/771 790/790/790
f 799/799/799 800/800/800 801/801/801
f 802/802/802 803/803/803 804/804/804
f 805/805/805 804/804/804 803/803/803
f 806/806/806 785/785/785 753/753/753
f 807/807/807 798/798/798 778/778/778
f 778/778/778 789/789/789 808/808/808
f 797/797/797 809/809/809 810/810/810
f 808/808/808 811/811/811 812/812/812
f 813/813/813 805/805/805 814/814/814
f 765/765/765 815/815/815 766/766/766
f 816/816/816 817/817/817 818/818/818
f 819/819/819 820/820/820 821/821/821
f 819/819/819 817/817/817 822/822/822
f 823/823/823 818/818/818 817/817/817
f 817/817/817 820/820/820 822/822/822
f 820/820/820 816/816/816 821/821/821
f 824/824/824 825/825/825 826/826/826
f 827/827/827 828/828/828 829/829/829
f 830/830/830 831/831/831 832/832/832
f 827/827/827 832/832/832 833/833/833
f 834/834/834 835/835/835 836/836/836
f 837/837/837 836/836/836 838/838/838
f 839/839/839 840/840/840 841/841/841
f 842/842/842 843/843/843 844/844/844
f 844/844/844 835/835/835 845/845/845
f 846/846/846 847/847/847 848/848/848
f 845/845/845 849/849/849 844/844/844
f 849/849/849 832/832/832 831/831/831
f 834/834/834 850/850/850 851/851/851
f 850/850/850 833/833/833 851/851/851
f 845/845/845 851/851/851 852/852/852
f 852/852/852 833/833/833 832/832/832
f 831/831/831 853/853/853 849/849/849
f 853/853/853 844/844/844 849/849/849
f 854/854/854 855/855/855 856/856/856
f 857/857/857 839/839/839 855/855/855
f 858/858/858 856/856/856 859/859/859
f 761/761/761 747/747/747 744/744/744
f 756/756/756 745/745/745 860/860/860
f 748/748/748 861/861/861 746/746/746
f 862/862/862 754/754/754 863/863/863
f 759/759/759 755/755/755 756/756/756
f 750/750/750 756/756/756 860/860/860
f 863/863/863 864/864/864 865/865/865
f 846/846/846 866/866/866 847/847/847
f 808/808/808 779/779/779 778/778/778
f 779/779/779 867/867/867 777/777/777
f 868/868/868 869/869/869 870/870/870
f 871/871/871 763/763/763 779/779/779
f 809/809/809 872/872/872 810/810/810
f 869/869/869 769/769/769 870/870/870
f 873/873/873 810/810/810 872/872/872
f 874/874/874 785/785/785 872/872/872
f 875/875/875 870/870/870 876/876/876
f 872/872/872 877/877/877 873/873/873
f 812/812/812 876/876/876 878/878/878
f 876/876/876 769/769/769 780/780/780
f 808/808/808 878/878/878 871/871/871
f 878/878/878 780/780/780 781/781/781
f 871/871/871 781/781/781 776/776/776
f 713/713/713 677/677/677 879/879/879
f 680/680/680 689/689/689 682/682/682
f 698/698/698 681/681/681 677/677/677
f 675/675/675 695/695/695 680/680/680
f 678/678/678 686/686/686 679/679/679
f 673/673/673 692/692/692 675/675/675
f 689/689/689 674/674/674 682/682/682
f 679/679/679 688/688/688 673/673/673
f 880/880/880 881/881/881 882/882/882
f 883/883/883 884/884/884 885/885/885
f 886/886/886 887/887/887 888/888/888
f 889/889/889 890/890/890 891/891/891
f 892/892/892 893/893/893 889/889/889
f 894/894/894 895/895/895 896/896/896
f 891/891/891 897/897/897 898/898/898
f 899/899/899 880/880/880 882/882/882
f 900/900/900 897/897/897 901/901/901
f 880/880/880 902/902/902 903/903/903
f 904/904/904 905/905/905 884/884/884
f 904/904/904 882/882/882 881/881/881
f 903/903/903 905/905/905 881/881/881
f 883/883/883 899/899/899 882/882/882
f 892/892/892 888/888/888 906/906/906
f 907/907/907 891/891/891 908/908/908
f 909/909/909 900/900/900 910/910/910
f 911/911/911 886/886/886 912/912/912
f 913/913/913 886/886/886 892/892/892
f 907/907/907 892/892/892 889/889/889
f 908/908/908 898/898/898 909/909/909
f 914/914/914 915/915/915 916/916/916
f 896/896/896 917/917/917 918/918/918
f 914/914/914 918/918/918 919/919/919
f 894/894/894 920/920/920 921/921/921
f 916/916/916 922/922/922 894/894/894
f 917/917/917 921/921/921 920/920/920
f 916/916/916 896/896/896 914/914/914
f 558/558/558 923/923/923 559/559/559
f 561/561/561 574/574/574 562/562/562
f 564/564/564 570/570/570 565/565/565
f 567/567/567 620/620/620 568/568/568
f 563/563/563 562/562/562 565/565/565
f 571/571/571 564/564/564 566/566/566
f 573/573/573 613/613/613 574/574/574
f 575/575/575 584/584/584 576/576/576
f 578/578/578 558/558/558 560/560/560
f 580/580/580 614/614/614 581/581/581
f 575/575/575 644/644/644 583/583/583
f 577/577/577 576/576/576 585/585/585
f 587/587/587 596/596/596 588/588/588
f 590/590/590 597/597/597 591/591/591
f 593/593/593 599/599/599 594/594/594
f 596/596/596 578/578/578 579/579/579
f 590/590/590 587/587/587 589/589/589
f 598/598/598 622/622/622 599/599/599
f 600/600/600 567/567/567 569/569/569
f 586/586/586 585/585/585 602/602/602
f 604/604/604 613/613/613 605/605/605
f 607/607/607 632/632/632 601/601/601
f 608/608/608 607/607/607 569/569/569
f 609/609/609 630/630/630 572/572/572
f 609/609/609 566/566/566 565/565/565
f 610/610/610 565/565/565 562/562/562
f 611/611/611 562/562/562 574/574/574
f 612/612/612 574/574/574 613/613/613
f 580/580/580 603/603/603 602/602/602
f 573/573/573 617/617/617 615/615/615
f 617/617/617 560/560/560 559/559/559
f 567/567/567 600/600/600 618/618/618
f 618/618/618 594/594/594 599/599/599
f 620/620/620 567/567/567 619/619/619
f 619/619/619 599/599/599 622/622/622
f 564/564/564 571/571/571 623/623/623
f 623/623/623 591/591/591 597/597/597
f 570/570/570 564/564/564 624/624/624
f 625/625/625 624/624/624 597/597/597
f 570/570/570 625/625/625 626/626/626
f 626/626/626 625/625/625 589/589/589
f 563/563/563 626/626/626 627/627/627
f 627/627/627 626/626/626 588/588/588
f 561/561/561 627/627/627 617/617/617
f 617/617/617 627/627/627 579/579/579
f 616/616/616 605/605/605 613/613/613
f 611/611/611 924/924/924 628/628/628
f 629/629/629 925/925/925 630/630/630
f 631/631/631 926/926/926 632/632/632
f 633/633/633 924/924/924 611/611/611
f 610/610/610 628/628/628 629/629/629
f 634/634/634 631/631/631 607/607/607
f 604/604/604 653/653/653 633/633/633
f 582/582/582 581/581/581 635/635/635
f 581/581/581 641/641/641 637/637/637
f 635/635/635 637/637/637 638/638/638
f 584/584/584 642/642/642 639/639/639
f 585/585/585 643/643/643 640/640/640
f 614/614/614 654/654/654 641/641/641
f 584/584/584 583/583/583 638/638/638
f 576/576/576 639/639/639 643/643/643
f 636/636/636 635/635/635 583/583/583
f 636/636/636 652/652/652 645/645/645
f 582/582/582 645/645/645 646/646/646
f 603/603/603 580/580/580 646/646/646
f 603/603/603 647/647/647 648/648/648
f 586/586/586 648/648/648 649/649/649
f 577/577/577 649/649/649 650/650/650
f 644/644/644 575/575/575 650/650/650
f 644/644/644 651/651/651 652/652/652
f 606/606/606 927/927/927 653/653/653
f 614/614/614 602/602/602 640/640/640
f 655/655/655 670/670/670 656/656/656
f 658/658/658 669/669/669 659/659/659
f 657/657/657 656/656/656 661/661/661
f 660/660/660 659/659/659 663/663/663
f 665/665/665 676/676/676 666/666/666
f 658/658/658 928/928/928 668/668/668
f 664/664/664 663/663/663 670/670/670
f 671/671/671 667/667/667 666/666/666
f 669/669/669 679/679/679 673/673/673
f 656/656/656 682/682/682 674/674/674
f 663/663/663 659/659/659 673/673/673
f 676/676/676 879/879/879 677/677/677
f 669/669/669 668/668/668 678/678/678
f 670/670/670 663/663/663 675/675/675
f 666/666/666 677/677/677 681/681/681
f 656/656/656 670/670/670 680/680/680
f 683/683/683 712/712/712 684/684/684
f 686/686/686 694/694/694 687/687/687
f 689/689/689 712/712/712 683/683/683
f 688/688/688 687/687/687 691/691/691
f 693/693/693 705/705/705 694/694/694
f 691/691/691 699/699/699 695/695/695
f 696/696/696 708/708/708 697/697/697
f 699/699/699 712/712/712 689/689/689
f 700/700/700 722/722/722 701/701/701
f 691/691/691 687/687/687 703/703/703
f 705/705/705 929/929/929 706/706/706
f 696/696/696 710/710/710 707/707/707
f 694/694/694 706/706/706 703/703/703
f 696/696/696 930/930/930 709/709/709
f 691/691/691 704/704/704 711/711/711
f 699/699/699 711/711/711 684/684/684
f 713/713/713 930/930/930 696/696/696
f 714/714/714 724/724/724 715/715/715
f 717/717/717 721/721/721 718/718/718
f 720/720/720 725/725/725 718/718/718
f 722/722/722 726/726/726 723/723/723
f 714/714/714 700/700/700 702/702/702
f 716/716/716 715/715/715 725/725/725
f 717/717/717 719/719/719 723/723/723
f 724/724/724 733/733/733 727/727/727
f 719/719/719 718/718/718 728/728/728
f 718/718/718 725/725/725 730/730/730
f 723/723/723 734/734/734 731/731/731
f 724/724/724 702/702/702 732/732/732
f 715/715/715 727/727/727 730/730/730
f 719/719/719 729/729/729 734/734/734
f 702/702/702 701/701/701 731/731/731
f 727/727/727 739/739/739 735/735/735
f 729/729/729 741/741/741 736/736/736
f 732/732/732 731/731/731 737/737/737
f 733/733/733 742/742/742 739/739/739
f 729/729/729 728/728/728 740/740/740
f 728/728/728 730/730/730 735/735/735
f 734/734/734 736/736/736 737/737/737
f 733/733/733 732/732/732 738/738/738
f 743/743/743 761/761/761 744/744/744
f 746/746/746 931/931/931 747/747/747
f 749/749/749 759/759/759 750/750/750
f 752/752/752 806/806/806 753/753/753
f 755/755/755 782/782/782 743/743/743
f 757/757/757 864/864/864 754/754/754
f 749/749/749 762/762/762 758/758/758
f 760/760/760 768/768/768 748/748/748
f 762/762/762 867/867/867 763/763/763
f 767/767/767 861/861/861 768/768/768
f 770/770/770 790/790/790 771/771/771
f 773/773/773 932/932/932 774/774/774
f 758/758/758 763/763/763 776/776/776
f 777/777/777 807/807/807 778/778/778
f 780/780/780 769/769/769 768/768/768
f 755/755/755 776/776/776 781/781/781
f 781/781/781 780/780/780 760/760/760
f 783/783/783 770/770/770 772/772/772
f 757/757/757 753/753/753 785/785/785
f 761/761/761 743/743/743 782/782/782
f 770/770/770 783/783/783 787/787/787
f 787/787/787 811/811/811 789/789/789
f 790/790/790 793/793/793 791/791/791
f 793/793/793 798/798/798 794/794/794
f 775/775/775 796/796/796 795/795/795
f 796/796/796 933/933/933 797/797/797
f 790/790/790 770/770/770 788/788/788
f 793/793/793 788/788/788 789/789/789
f 792/792/792 934/934/934 771/771/771
f 799/799/799 802/802/802 800/800/800
f 802/802/802 799/799/799 803/803/803
f 805/805/805 935/935/935 804/804/804
f 806/806/806 877/877/877 785/785/785
f 807/807/807 794/794/794 798/798/798
f 778/778/778 798/798/798 789/789/789
f 797/797/797 933/933/933 809/809/809
f 808/808/808 789/789/789 811/811/811
f 813/813/813 935/935/935 805/805/805
f 765/765/765 936/936/936 815/815/815
f 819/819/819 822/822/822 820/820/820
f 819/819/819 823/823/823 817/817/817
f 817/817/817 816/816/816 820/820/820
f 824/824/824 831/831/831 825/825/825
f 827/827/827 833/833/833 828/828/828
f 830/830/830 825/825/825 831/831/831
f 827/827/827 830/830/830 832/832/832
f 834/834/834 845/845/845 835/835/835
f 837/837/837 834/834/834 836/836/836
f 839/839/839 937/937/937 840/840/840
f 842/842/842 938/938/938 843/843/843
f 844/844/844 843/843/843 835/835/835
f 845/845/845 852/852/852 849/849/849
f 849/849/849 852/852/852 832/832/832
f 834/834/834 837/837/837 850/850/850
f 850/850/850 828/828/828 833/833/833
f 845/845/845 834/834/834 851/851/851
f 852/852/852 851/851/851 833/833/833
f 831/831/831 824/824/824 853/853/853
f 853/853/853 842/842/842 844/844/844
f 854/854/854 857/857/857 855/855/855
f 857/857/857 937/937/937 839/839/839
f 858/858/858 854/854/854 856/856/856
f 761/761/761 748/748/748 747/747/747
f 756/756/756 743/743/743 745/745/745
f 748/748/748 768/768/768 861/861/861
f 862/862/862 752/752/752 754/754/754
f 759/759/759 758/758/758 755/755/755
f 750/750/750 759/759/759 756/756/756
f 863/863/863 754/754/754 864/864/864
f 846/846/846 939/939/939 866/866/866
f 808/808/808 871/871/871 779/779/779
f 779/779/779 763/763/763 867/867/867
f 868/868/868 940/940/940 869/869/869
f 871/871/871 776/776/776 763/763/763
f 809/809/809 874/874/874 872/872/872
f 869/869/869 767/767/767 769/769/769
f 873/873/873 941/941/941 810/810/810
f 874/874/874 786/786/786 785/785/785
f 875/875/875 868/868/868 870/870/870
f 872/872/872 785/785/785 877/877/877
f 812/812/812 875/875/875 876/876/876
f 876/876/876 870/870/870 769/769/769
f 808/808/808 812/812/812 878/878/878
f 878/878/878 876/876/876 780/780/780
f 871/871/871 878/878/878 781/781/781
f 713/713/713 698/698/698 677/677/677
f 680/680/680 695/695/695 689/689/689
f 698/698/698 697/697/697 681/681/681
f 675/675/675 692/692/692 695/695/695
f 678/678/678 693/693/693 686/686/686
f 673/673/673 688/688/688 692/692/692
f 689/689/689 690/690/690 674/674/674
f 679/679/679 686/686/686 688/688/688
f 880/880/880 903/903/903 881/881/881
f 883/883/883 904/904/904 884/884/884
f 886/886/886 942/942/942 887/887/887
f 889/889/889 893/893/893 890/890/890
f 892/892/892 906/906/906 893/893/893
f 894/894/894 921/921/921 895/895/895
f 891/891/891 890/890/890 897/897/897
f 899/899/899 943/943/943 880/880/880
f 900/900/900 898/898/898 897/897/897
f 880/880/880 943/943/943 902/902/902
f 904/904/904 881/881/881 905/905/905
f 904/904/904 883/883/883 882/882/882
f 903/903/903 902/902/902 905/905/905
f 883/883/883 885/885/885 899/899/899
f 892/892/892 886/886/886 888/888/888
f 907/907/907 889/889/889 891/891/891
f 909/909/909 898/898/898 900/900/900
f 911/911/911 942/942/942 886/886/886
f 913/913/913 912/912/912 886/886/886
f 907/907/907 913/913/913 892/892/892
f 908/908/908 891/891/891 898/898/898
f 914/914/914 919/919/919 915/915/915
f 896/896/896 895/895/895 917/917/917
f 914/914/914 896/896/896 918/918/918
f 894/894/894 922/922/922 920/920/920
f 916/916/916 915/915/915 922/922/922
f 917/917/917 895/895/895 921/921/921
f 916/916/916 894/894/894 896/896/896
o Claw2L_LP_Checker_0
usemtl Checker
v -0.3625571348691625 0.01707063288149701 -0.1092023852890275
v -0.3945318074256521 0.0663459678622732 0.05796323996285691
v -0.33360629528150776 0.00042888497801271046 -0.09289823271843659
v -0.33382897822941127 -0.0856721476879552 -0.058196514487498095
v -0.3818142030727667 0.005389778094235359 0.08169454065754325
v -0.3952449173798056 -0.05225618740994705 0.0958129231277055
v -0.3628364124260153 -0.10625680523536031 -0.05954214556420368
v -0.4589866595196723 -0.06324585593082091 0.0787407841292399
v -0.39182128626507606 -0.09131265707892974 -0.07521501017835351
v -0.4037143795852127 -0.052017852064375626 -0.09491877688301789
v -0.45864542293596045 0.05850142781477894 0.04122953561745492
v -0.39160992819942675 -0.003856706625094122 -0.11032011795569832
v -0.33360629528150776 0.00042888497801271046 -0.09289823271843659
v -0.3216718661411433 -0.044482457740312106 -0.07075589012385526
v -0.3952449173798056 -0.05225618740994705 0.0958129231277055
v -0.4272558295595086 -0.08149997648866182 0.0950817875333284
v -0.47222100632888786 -0.0068539882147248855 0.05732509477361965
v -0.42635693193174284 0.08698392396353084 0.04151771942811481
v -0.5915472375255693 0.10119918588751191 0.23363540385803128
v -0.5764934887775741 0.14824693979162704 0.36066135522964493
v -0.5284671665325646 0.14321450099343372 0.24556061723582026
v -0.47544785271328993 0.12272047072148494 0.14302427237792353
v -0.42171954166025927 0.023513752235633345 0.20452713126128472
v -0.44636996582813615 -0.05133906734077693 0.2227054272182842
v -0.525082934087151 -0.061533455478943816 0.1932161209426405
v -0.5209915521519282 0.0876950232390034 0.13898353029367524
v -0.4337589643800488 0.09758874353934303 0.17053175981675978
v -0.44636996582813615 -0.05133906734077693 0.2227054272182842
v -0.48748617274717576 -0.08669371127943885 0.21860058039364577
v -0.5412777541292213 0.01013971473876318 0.16029858065680394
v -0.4337589643800488 0.09758874353934303 0.17053175981675978
v -0.497800458271791 0.028110125470945196 0.423418925069751
v -0.5408344147912914 0.11787049724970908 0.48899134960451
v -0.5269600035184618 0.036637344733299354 0.515848023081673
v -0.5427439091486352 -0.06645876372983406 0.4356877814693809
v -0.6114333731360722 -0.08334882784371549 0.5234091896738792
v -0.5928133593615881 -0.10641344078393648 0.4312500434605531
v -0.6405277109028162 -0.07364814650766442 0.4062491088487647
v -0.6793685999653798 0.028314189649902708 0.4705715028132821
v -0.6645368189095668 0.014622688964098475 0.3719732058370781
v -0.6466685388981874 0.10555007556053424 0.3497813093856696
v -0.5990012750252793 0.14816038043580748 0.46125497949448185
v -0.5085072403734792 0.11706602761181599 0.39343771532046035
v -0.5408344147912914 0.11787049724970908 0.48899134960451
v -0.5427439091486352 -0.06645876372983406 0.4356877814693809
v -0.5571156615663542 -0.04689961890173221 0.5289398389959934
v -0.6601124854360707 -0.052274993956304854 0.4995300743319076
v -0.658079132629652 0.11107016783860722 0.4531557873769059
v -0.6793685999653798 0.028314189649902708 0.4705715028132821
v -0.6450081919504358 0.0978272691576979 0.46171602961181907
v -0.658079132629652 0.11107016783860722 0.4531557873769059
v -0.5269600035184618 0.036637344733299354 0.515848023081673
v -0.5553803915817945 0.10307230341770138 0.4890356978701635
v -0.5446822521534056 0.0352264126243116 0.5109884567316252
v -0.5571156615663542 -0.04689961890173221 0.5289398389959934
v -0.6115020376853186 -0.06535953633874798 0.5182915916616685
v -0.6114333731360722 -0.08334882784371549 0.5234091896738792
v -0.6487319324449015 -0.03907688679378369 0.4993859481538176
v -0.6625767798145832 0.02841691914773953 0.47606413029447264
v -0.6001907452898303 0.12848998480864193 0.46724805078347187
v -0.5990012750252793 0.14816038043580748 0.46125497949448185
v -0.5408344147912914 0.11787049724970908 0.48899134960451
v -0.5690389744407165 -0.034760404218509046 0.5221214830408749
v -0.6601124854360707 -0.052274993956304854 0.4995300743319076
v -0.5946994886987023 0.07830388467199918 0.4449275505018181
v -0.5709982982799788 0.0650614483724443 0.45622144049888796
v -0.5813071597820407 -0.0094171286834813 0.47357397366465454
v -0.603978381962067 -0.026241761575925636 0.4712082085028342
v -0.622201309601933 -0.011911003815916395 0.4616073286208128
v -0.6193748574098601 0.06144463626474302 0.4418366948581517
v -0.5662125222486436 0.028726951354464687 0.46780155575594584
v -0.6299824573848589 0.023958234109990078 0.4491278985792853
v -0.5674007408156823 0.08821781606281537 0.5078797083148102
v -0.5537706489763261 0.02906368787129424 0.4683152881229208
v -0.56047033010862 0.0789013032571091 0.45256242839240285
v -0.5755464902025498 -0.024014350158271427 0.47607772869531567
v -0.6099891526254453 -0.04222508396801118 0.5048066929646589
v -0.6056209667260726 -0.04731453588545789 0.4733255476850549
v -0.6408510064888517 -0.021732577191885573 0.49392234529150036
v -0.6410188531647876 0.022595864647361647 0.44281433654917407
v -0.630698070734037 -0.027525215267598803 0.46012567893798156
v -0.6403168296743145 0.08432941411051269 0.48559693022960354
v -0.5947263107882517 0.09681878430438255 0.43662050793333335
v -0.6271630385407123 0.07433488395526863 0.4325555345182481
v -0.6043022735945369 0.10779463127851434 0.4950043868859061
v -0.56047033010862 0.0789013032571091 0.45256242839240285
v -0.5746843686397884 -0.018123632136537525 0.5129755054219141
v -0.5755464902025498 -0.024014350158271427 0.47607772869531567
v -0.6543999764084818 0.030646730409232024 0.4855797132336677
v -0.5212111356583726 -0.015548365812420178 0.6228561883526011
v -0.5304690480872454 -0.10598792216932325 0.620712760504217
v -0.5409610150539645 -0.06536648426597588 0.5852867340557241
v -0.5965181455794388 -0.08805870679835757 0.5569496173763133
v -0.6659020036629881 -0.1105250639619419 0.5806232741100005
v -0.6538082215083785 -0.06969776511953497 0.553801237513627
v -0.6724876015077319 0.028739521860417182 0.6134460980536052
v -0.7149995405599574 -0.07497204716787417 0.6375269869478208
v -0.709645970695183 -0.03751930844293227 0.7112183473018933
v -0.6510815474894294 0.10324233038275085 0.5180045678347592
v -0.6011849507424616 0.13400297808015224 0.5334633847280484
v -0.5529112692271632 0.032521486555715406 0.6463783781954922
v -0.5243459822756202 -0.06850889775865358 0.6946371750098693
v -0.5409610150539645 -0.06536648426597588 0.5852867340557241
v -0.5920258628124175 -0.1234627298499184 0.5733099056766293
v -0.6861988152668141 -0.021207625583570075 0.5768676901842784
v -0.6162599187435225 0.05089132407382034 0.6422862780117216
v -0.5774990191124596 -0.03294917543231289 0.7516015653736223
v -0.5529112692271632 0.032521486555715406 0.6463783781954922
v -0.6704714148386248 0.032090061180615456 0.5121595692769723
v -0.5552030677675512 0.03629396223562492 0.5149469797426874
v -0.5488958236076869 0.10689580208975073 0.5492292941722218
v -0.5243214847671651 0.03793233650416419 0.5550465993985583
v -0.6491480920654213 -0.03779392346548208 0.5189077799745752
v -0.5674007408156823 0.08821781606281537 0.5078797083148102
v -0.5488958236076869 0.10689580208975073 0.5492292941722218
v -0.5746843686397884 -0.018123632136537525 0.5129755054219141
v -0.6006250247219569 -0.06478028110543803 0.5330666886071945
v -0.5471829053644184 -0.03291316281234917 0.5472803047140464
v -0.5421374915062449 -0.14387221166915193 0.6491935938481355
v -0.6579511018555362 -0.14791436600871133 0.6133490308700077
v -0.7008699022039044 -0.11866060740616396 0.6637840911997991
v -0.5808243621701514 -0.08369033800613865 0.7649111713119696
v -0.5774990191124596 -0.03294917543231289 0.7516015653736223
v -0.5304690480872454 -0.10598792216932325 0.620712760504217
v -0.592442499270085 -0.158357130326917 0.6073053005401475
v -0.6960575425015936 -0.08773249234569806 0.729066608333842
v -0.653139099781086 -0.020112956720016464 0.7584696871370011
v -0.6463330839648895 -0.07324745447865581 0.7709548420371669
v -0.6960575425015936 -0.08773249234569806 0.729066608333842
v -0.6392319059543627 -0.08446231007427557 0.7493908375408718
v -0.6463330839648895 -0.07324745447865581 0.7709548420371669
v -0.5808243621701514 -0.08369033800613865 0.7649111713119696
v -0.5384985088147554 -0.11294415621334888 0.714475991772901
v -0.5622113817435936 -0.13647464785439523 0.6597184017681758
v -0.5421374915062449 -0.14387221166915193 0.6491935938481355
v -0.5995304450497674 -0.14714224492894637 0.6288694838503683
v -0.6579511018555362 -0.14791436600871133 0.6133490308700077
v -0.592442499270085 -0.158357130326917 0.6073053005401475
v -0.7008699022039044 -0.11866060740616396 0.6637840911997991
v -0.6758520452115224 -0.09512996675349927 0.7185417408091436
v -0.5909873115050646 -0.0921531277452098 0.7449399216493932
v -0.6477882717299099 -0.13945154646730876 0.6333203401372228
v -0.5992884501973883 -0.07118177738655909 0.7020047862120543
v -0.5596499317962689 -0.11369738118079338 0.7077963379235199
v -0.6030002697631653 -0.0993186060347167 0.6426138896043888
v -0.6291644432582455 -0.09538344749891725 0.6448913227845884
v -0.6793962565199374 -0.11790738243872918 0.6704636854445369
v -0.6250792602059407 -0.0672465592461065 0.7042822789968876
v -0.5829053986913246 -0.09386018903043619 0.6583988076242119
v -0.6442651604652738 -0.07270497625037729 0.6884974205817079
v -0.6385736322721769 -0.09132647043881913 0.7480486612981331
v -0.5867458450776519 -0.10949575016497605 0.7709715372429279
v -0.5926515923592834 -0.09809886996660097 0.7435649627031315
v -0.5650547616544044 -0.13763744478728088 0.6612757520815015
v -0.5498427029734243 -0.13413914882113803 0.7228732166035577
v -0.5504258748048718 -0.1603405257005392 0.6609608048443493
v -0.600404845169078 -0.1472422610637203 0.6316740611545922
v -0.6574169250409989 -0.1641013159142883 0.6276109345670501
v -0.6463758800988817 -0.1404698913382602 0.6361577597495988
v -0.6733598558598786 -0.10093137612222373 0.7184469703712386
v -0.6976232372755575 -0.13945776824651773 0.6757092552063959
v -0.6934205138663829 -0.1132565403787446 0.7376215477563418
v -0.5926515923592834 -0.09809886996660097 0.7435649627031315
v -0.563060867121945 -0.11728146802398852 0.7076225313671616
v -0.5504258748048718 -0.1603405257005392 0.6609608048443493
v -0.5963536367635358 -0.17275111296371476 0.6215019368605081
v -0.6765916196273647 -0.12128732308318464 0.672100250690217
v -0.6472704265876761 -0.10084589351090614 0.7770805349494602
v -0.6284344055853541 -0.05854210413274524 0.7141102488175147
v -0.6344790316862081 -0.0974731884088663 0.631935121384462
v -0.6575337501421474 -0.08222038566980155 0.6582319127262065
v -0.598392711615725 -0.10291804329844649 0.6287840631912773
v -0.5650547616544044 -0.13763744478728088 0.6612757520815015
v -0.5931784974073206 -0.06398698882464715 0.710959190624335
v -0.5682558886351607 -0.07923982136603362 0.6846623992825953
v -0.654920563364314 -0.0660945822593532 0.6922698569928968
v -0.57035468734008 -0.09536562477650139 0.6506243358066182
v -0.5931784974073206 -0.06398698882464715 0.710959190624335
v -0.5867458450776519 -0.10949575016497605 0.7709715372429279
v -0.5582539910468309 -0.1850320625772119 0.7499315872510801
v -0.6020054682640996 -0.21375940047584535 0.6534190380125302
v -0.6666772216556094 -0.20780021657238185 0.6599190426184155
v -0.7094286521651894 -0.1899476348212902 0.7063419970462508
v -0.656676992997296 -0.16124014529758968 0.8026785933805903
v -0.5944640503571019 -0.16719047789862532 0.7962576245304686
v -0.5561514968540182 -0.2043244263730437 0.6907413780369414
v -0.7054332337059099 -0.17066623829565142 0.7654352295072943
v -0.7091700872219331 -0.23227249213876205 0.7834427560026899
v -0.663456186723943 -0.22569225202829482 0.8244666044546577
v -0.6052256687307578 -0.22853470935063183 0.8165885399845881
v -0.5718638769120599 -0.23913275127579894 0.764443896232159
v -0.5684329144261868 -0.25127547956964535 0.6986022248774484
v -0.611460791272056 -0.25785214339624274 0.657610682141644
v -0.6724082081226657 -0.25501332196245785 0.6654562024769859
v -0.5944640503571019 -0.16719047789862532 0.7962576245304686
v -0.5684329144261868 -0.25127547956964535 0.6986022248774484
v -0.7129101593887022 -0.24441888612350174 0.7175684213039695
v -0.6052256687307578 -0.22853470935063183 0.8165885399845881
v -0.5883310901746652 -0.29150228394555794 0.7713737790295102
v -0.6232079128204004 -0.3011496074477837 0.6858245471694989
v -0.6717088072365041 -0.3004236218418478 0.6922620273570086
v -0.7041492304768582 -0.29570164575931546 0.7341351826761471
v -0.665376052289246 -0.28605435205941143 0.8196844145361634
v -0.6173831086445647 -0.2867803078630353 0.8132468747440053
v -0.58834813710269 -0.2974542930294792 0.7185936298117558
v -0.7015262685375001 -0.28974969628003766 0.7869153318939114
v -0.6014386281049555 -0.3104373749178493 0.7280854329767119
v -0.6282541611435821 -0.3132201111243176 0.7034086342074765
v -0.6647776216690771 -0.3126734463471778 0.7082563989789296
v -0.6872315253191097 -0.3046355101476042 0.779534610530843
v -0.6236088136521989 -0.30239937911363224 0.7993636445286157
v -0.6005385979889644 -0.3059553674764082 0.7678312390058178
v -0.58834813710269 -0.2974542930294792 0.7185936298117558
v -0.6892068232028148 -0.3091176367983322 0.7397888045017567
v -0.6600088925657666 -0.30185274413881424 0.8042114093000737
v -0.6236088136521989 -0.30239937911363224 0.7993636445286157
v -0.6500555131571994 -0.4308723446312336 0.7112570351961881
v -0.6387964344293673 -0.42636966321471176 0.6967666688044372
v -0.6220494369704399 -0.49169915757365107 0.673890298085205
v -0.6184993844069675 -0.43385868173415026 0.739155227464852
v -0.6209857325035539 -0.4955356975081622 0.6883001980997794
v -0.6074863536472686 -0.49345755207817565 0.6866676265772994
v -0.6220494369704399 -0.49169915757365107 0.673890298085205
v -0.6074863536472686 -0.49345755207817565 0.6866676265772994
v -0.6209857325035539 -0.4955356975081622 0.6883001980997794
v -0.6647776216690771 -0.3126734463471778 0.7082563989789296
v -0.6741186229709095 -0.3612954532730921 0.7335795588765579
v -0.6892068232028148 -0.3091176367983322 0.7397888045017567
v -0.6872315253191097 -0.3046355101476042 0.779534610530843
v -0.6501556489581839 -0.36941681677274946 0.7801546285861529
v -0.6600088925657666 -0.30185274413881424 0.8042114093000737
v -0.6236088136521989 -0.30239937911363224 0.7993636445286157
v -0.6231092075308586 -0.36588786471035833 0.77734772614219
v -0.6014386281049555 -0.3104373749178493 0.7280854329767119
v -0.6045991047188837 -0.35885687477509776 0.7552043615390022
v -0.6058062179578938 -0.35219865353866747 0.7253349239041614
v -0.6282541611435821 -0.3132201111243176 0.7034086342074765
v -0.6566284748175333 -0.353981430999635 0.7095261038234799
v -0.6216492513943628 -0.424054410588076 0.6946739493959466
v -0.6086006028517943 -0.4253104275658127 0.706159406764207
v -0.6085500581141545 -0.4896209227366993 0.6722577265627103
v -0.6072736842794635 -0.4293716167505053 0.7245648444839478
v -0.6058062179578938 -0.35219865353866747 0.7253349239041614
v -0.6276616909877575 -0.35005107163900373 0.7056571657772499
v -0.6488137100157054 -0.43492205991176985 0.7297256538361091
v -0.6005385979889644 -0.3059553674764082 0.7678312390058178
v -0.6086006028517943 -0.4253104275658127 0.706159406764207
v -0.6085500581141545 -0.4896209227366993 0.6722577265627103
v -0.6357298947335055 -0.43616469563161336 0.7413058825852641
v -0.6710096447689162 -0.3675680922342113 0.7624477576480219
v -0.6083659989752022 0.012195867405512286 0.2584161084746345
v -0.5868248808348575 -0.073696920740138 0.2980115467122564
v -0.546705472170439 -0.10642502100565089 0.3273903827742392
v -0.5006021149321915 -0.06649242710503017 0.3340802226345198
v -0.5006021149321915 -0.06649242710503017 0.3340802226345198
v -0.4631045059165839 0.024593493988941548 0.3183156140690417
v -0.5085072403734792 0.11706602761181599 0.39343771532046035
v -0.4703670933015547 0.11213017887735516 0.2828731290954946
v -0.4703670933015547 0.11213017887735516 0.2828731290954946
v -0.5471829053644184 -0.03291316281234917 0.5472803047140464
v -0.36904122600612266 -0.118861230017913 -0.027295807890539356
v -0.2895626957067243 -0.11482714140018527 -0.017192642670236
v -0.38041605695152136 -0.08030137909637237 0.004642380341966342
v -0.3520003776550207 0.0041425842278443635 -0.1712392686074058
v -0.1765107324009224 -0.045525414143387975 -0.17328338686118286
v -0.21935924397351036 -0.07446767352088983 -0.2822914237138124
v -0.12458456774239457 -0.16961872306848738 -0.1895732858945007
v -0.17458864656265116 -0.08709174863931733 -0.13221804573330598
v -0.19323855206582197 -0.1548803599766636 -0.1139867623991911
v -0.25031941569627625 -0.18565876127673867 -0.25970067948942827
v -0.16558432208930718 -0.1854929307868882 -0.1960390758196872
v -0.22063579662213173 -0.17595652055729846 -0.13462643137952068
v -0.41228254708016165 -0.005516246002805031 -0.09247490467095787
v -0.4013749569347136 -0.1057281523348878 -0.16962716861946722
v -0.4323712192690843 -0.08331300571015465 -0.07267655402554553
v -0.15926105918151745 -0.17238563167952045 -0.28998362541586103
v -0.1082821762200703 -0.12591603401382484 -0.20038804892785803
v -0.12458456774239457 -0.16961872306848738 -0.1895732858945007
v -0.3810151432227682 -0.13382591954358086 -0.14954731334006657
v -0.3171877492102737 -0.13674754269428452 -0.0411697394121713
v -0.24241811985332984 -0.12713778220453864 -0.30419868459777855
v -0.2544412258019768 -0.16687926565998096 -0.29212393965203937
v -0.26834707852422257 -0.03131872974742239 -0.038620167965425466
v -0.2895626957067243 -0.11482714140018527 -0.017192642670236
v -0.1327628761657429 -0.07844531894261746 -0.21567123858358792
v -0.1557618195765803 -0.09013502833868489 -0.2738044351906968
v -0.38492020104258784 -0.044727198412025326 -0.18680559442595296
v -0.40211038882783656 -0.11916826129043402 -0.07489041365306917
v -0.4013749569347136 -0.1057281523348878 -0.16962716861946722
v -0.18661205053451535 -0.18562298326534019 -0.25771092748551716
v -0.12458456774239457 -0.16961872306848738 -0.1895732858945007
v -0.19323855206582197 -0.1548803599766636 -0.1139867623991911
v -0.2544412258019768 -0.16687926565998096 -0.29212393965203937
v -0.15926105918151745 -0.17238563167952045 -0.28998362541586103
v -0.38041605695152136 -0.08030137909637237 0.004642380341966342
v -0.36776297462516316 0.033820611766834076 -0.10187220896731007
v -0.2737667499385754 0.015396880379354444 -0.0755026497704786
v -0.24241811985332984 -0.12713778220453864 -0.30419868459777855
v -0.1082821762200703 -0.12591603401382484 -0.20038804892785803
v -0.14723211197781305 -0.14164041059007254 -0.2985025048797149
v -0.35890205892394333 0.006780249178047308 -0.01553529576701514
v -0.3363920673044307 0.040244748001281014 -0.05664289526713663
v -0.38492020104258784 -0.044727198412025326 -0.18680559442595296
v -0.17458864656265116 -0.08709174863931733 -0.13221804573330598
v -0.41228254708016165 -0.005516246002805031 -0.09247490467095787
v -0.26834707852422257 -0.03131872974742239 -0.038620167965425466
v -0.4323712192690843 -0.08331300571015465 -0.07267655402554553
v -0.3945318074256521 0.0663459678622732 0.05796323996285691
v -0.33382897822941127 -0.0856721476879552 -0.058196514487498095
v -0.5571156615663542 -0.04689961890173221 0.5289398389959934
v -0.5384985088147554 -0.11294415621334888 0.714475991772901
v -0.5421374915062449 -0.14387221166915193 0.6491935938481355
v -0.5808243621701514 -0.08369033800613865 0.7649111713119696
v -0.5814127792102219 -0.08220554007847258 0.6829992513997787
v -0.6460482929785183 -0.08435965500465292 0.6638970364107893
v -0.57035468734008 -0.09536562477650139 0.6506243358066182
v -0.5561514968540182 -0.2043244263730437 0.6907413780369414
v -0.6173831086445647 -0.2867803078630353 0.8132468747440053
v -0.6014386281049555 -0.3104373749178493 0.7280854329767119
v -0.6085500581141545 -0.4896209227366993 0.6722577265627103
v -0.6014386281049555 -0.3104373749178493 0.7280854329767119
v -0.1082821762200703 -0.12591603401382484 -0.20038804892785803
v -0.14723211197781305 -0.14164041059007254 -0.2985025048797149
v -0.35890205892394333 0.006780249178047308 -0.01553529576701514
vt 0.7092912197113037 0.526144951581955
vt 0.7553909420967102 0.5186530947685242
vt 0.7091760039329529 0.5163505673408508
vt 0.8764403462409973 0.5260542333126068
vt 0.8438392877578735 0.4977935552597046
vt 0.83714359998703 0.5113516449928284
vt 0.7026405930519104 0.5700702369213104
vt 0.7495158910751343 0.5759586691856384
vt 0.7056568264961243 0.5610808730125427
vt 0.707643449306488 0.5492874383926392
vt 0.7556862831115723 0.5407339930534363
vt 0.7089583873748779 0.5357216000556946
vt 0.8882054090499878 0.505350649356842
vt 0.8820593357086182 0.5165098905563354
vt 0.7387035489082336 0.5959682762622833
vt 0.7455529570579529 0.5863446891307831
vt 0.7531278729438782 0.5591562986373901
vt 0.7559016346931458 0.5293811559677124
vt 0.8123979568481445 0.5541610717773438
vt 0.8413774967193604 0.5431225895881653
vt 0.8129324316978455 0.5368109941482544
vt 0.7854614853858948 0.5322382748126984
vt 0.8129317164421082 0.4882686734199524
vt 0.8036679625511169 0.5060012936592102
vt 0.7837147116661072 0.5873788297176361
vt 0.7858356237411499 0.5463478565216064
vt 0.8229882121086121 0.4705536961555481
vt 0.7716543674468994 0.611423134803772
vt 0.780622124671936 0.6004827618598938
vt 0.7853044867515564 0.5669797360897064
vt 0.7873480916023254 0.5180251002311707
vt 0.7563281655311584 0.47768348455429077
vt 0.741651177406311 0.4520084857940674
vt 0.7329517006874084 0.47163504362106323
vt 0.8279348611831665 0.6315362453460693
vt 0.8554609417915344 0.6261652112007141
vt 0.8344520926475525 0.6176182329654694
vt 0.8374125361442566 0.6041143834590912
vt 0.862810492515564 0.5883468389511108
vt 0.839273989200592 0.5830003917217255
vt 0.8393986821174622 0.5621161460876465
vt 0.866905689239502 0.5476005375385284
vt 0.847680389881134 0.5239329934120178
vt 0.8731539845466614 0.5301746129989624
vt 0.7457638382911682 0.501628041267395
vt 0.7239097952842712 0.49197375774383545
vt 0.8594132661819458 0.610683411359787
vt 0.86417156457901 0.5657677352428436
vt 0.6771144866943359 0.4618695378303528
vt 0.6861326694488525 0.4436126947402954
vt 0.6824264526367188 0.4397658109664917
vt 0.7217311859130859 0.46081483364105225
vt 0.7123363018035889 0.44274574518203735
vt 0.7169966697692871 0.46108680963516235
vt 0.7140176296234131 0.4830796718597412
vt 0.6985599994659424 0.4875037670135498
vt 0.698828935623169 0.4926036596298218
vt 0.6870977878570557 0.48004209995269775
vt 0.6815845966339111 0.4619758129119873
vt 0.698803186416626 0.43572938442230225
vt 0.6987612247467041 0.43017351627349854
vt 0.7159616947174072 0.4386863708496094
vt 0.7106819152832031 0.47957777976989746
vt 0.6842668056488037 0.4836544990539551
vt 0.6984822750091553 0.4490997791290283
vt 0.7039563655853271 0.45221006870269775
vt 0.7026576995849609 0.4686819314956665
vt 0.697676420211792 0.4723193049430847
vt 0.6934957504272461 0.4688951373100281
vt 0.6933267116546631 0.4528564214706421
vt 0.7053546905517578 0.46021533012390137
vt 0.6916863918304443 0.4610021114349365
vt 0.9543954730033875 0.7155758142471313
vt 0.9563989043235779 0.7340739965438843
vt 0.9658932089805603 0.724433183670044
vt 0.81194007396698 0.7404077053070068
vt 0.8208867311477661 0.7298953533172607
vt 0.8114525079727173 0.7314347624778748
vt 0.8158107995986938 0.7184233665466309
vt 0.7975894212722778 0.713442325592041
vt 0.8069411516189575 0.7237433791160583
vt 0.7984431982040405 0.6946491003036499
vt 0.7808164358139038 0.6955928206443787
vt 0.7875186204910278 0.7036584615707397
vt 0.7925683259963989 0.6851528882980347
vt 0.7747787237167358 0.6862672567367554
vt 0.9404799342155457 0.7410701513290405
vt 0.9483487010002136 0.7464320659637451
vt 0.8066879510879517 0.705907940864563
vt 0.9149684309959412 0.7236030697822571
vt 0.903437077999115 0.7430359721183777
vt 0.9168819785118103 0.739701509475708
vt 0.8419352769851685 0.7336444854736328
vt 0.8515399694442749 0.715826153755188
vt 0.838502049446106 0.7165361642837524
vt 0.830304741859436 0.6842247247695923
vt 0.8544539213180542 0.6966282725334167
vt 0.8570777177810669 0.679321825504303
vt 0.8039282560348511 0.6881299018859863
vt 0.799336314201355 0.6780365705490112
vt 0.9158901572227478 0.7079436779022217
vt 0.8937453627586365 0.7252614498138428
vt 0.8420044183731079 0.7519065141677856
vt 0.8525065183639526 0.7344449758529663
vt 0.8339802026748657 0.6999013423919678
vt 0.8266948461532593 0.6678133010864258
vt 0.8557394742965698 0.646310567855835
vt 0.8233624696731567 0.6516894102096558
vt 0.8127785921096802 0.7014822959899902
vt 0.9462313055992126 0.7270652055740356
vt 0.9461225867271423 0.7066848278045654
vt 0.9351982474327087 0.7206754088401794
vt 0.8245404958724976 0.7171428203582764
vt 0.7857457399368286 0.6756253242492676
vt 0.7950857877731323 0.6652722358703613
vt 0.8201631307601929 0.7424814701080322
vt 0.8323503732681274 0.7323896884918213
vt 0.9294673800468445 0.7378307580947876
vt 0.8915793299674988 0.7470767498016357
vt 0.8641880750656128 0.7175978422164917
vt 0.8671480417251587 0.6990967988967896
vt 0.8737823367118835 0.7152441740036011
vt 0.8842207789421082 0.7066848278045654
vt 0.8565081357955933 0.7546530961990356
vt 0.8649157285690308 0.7348287105560303
vt 0.8709996938705444 0.6801083087921143
vt 0.8583000898361206 0.6641690731048584
vt 0.8709996938705444 0.6617841720581055
vt 0.9290611147880554 0.5495773553848267
vt 0.9453014731407166 0.5489710569381714
vt 0.945283830165863 0.5421693623065948
vt 0.96157306432724 0.5494899749755859
vt 0.9684361815452576 0.5676823556423187
vt 0.9576560854911804 0.581385463476181
vt 0.9618703722953796 0.5861396491527557
vt 0.9453884959220886 0.5867386758327484
vt 0.9290823340415955 0.5861694514751434
vt 0.9454016089439392 0.5935686528682709
vt 0.9221741557121277 0.5678559243679047
vt 0.9332823157310486 0.5543244779109955
vt 0.9573799967765808 0.5542692840099335
vt 0.9333061575889587 0.5813985764980316
vt 0.9501661658287048 0.5628221929073334
vt 0.9626190066337585 0.5677329003810883
vt 0.9458667635917664 0.5753526389598846
vt 0.9410387873649597 0.5730176866054535
vt 0.9280852675437927 0.567852109670639
vt 0.9454540610313416 0.5605013072490692
vt 0.9505764842033386 0.5730962455272675
vt 0.9408463835716248 0.5627120435237885
vt 0.7073229551315308 0.691954106092453
vt 0.7059167623519897 0.6749985814094543
vt 0.6996327638626099 0.6811351776123047
vt 0.6722351908683777 0.7475485801696777
vt 0.6644651293754578 0.7342343926429749
vt 0.6658162474632263 0.7505149245262146
vt 0.7151869535446167 0.7404550015926361
vt 0.7219628095626831 0.7285137474536896
vt 0.7161504030227661 0.7284621894359589
vt 0.7120624780654907 0.7034307420253754
vt 0.721025824546814 0.7148142755031586
vt 0.7186833620071411 0.7009812295436859
vt 0.672341525554657 0.7221152782440186
vt 0.6706942915916443 0.7348096966743469
vt 0.7192672491073608 0.7569002658128738
vt 0.721938967704773 0.7411497533321381
vt 0.7147339582443237 0.7159598767757416
vt 0.7145417928695679 0.688344269990921
vt 0.6954866647720337 0.6987051665782928
vt 0.7038637399673462 0.728622168302536
vt 0.7028247117996216 0.7181380093097687
vt 0.7031682729721069 0.7388646304607391
vt 0.7121995687484741 0.7534148246049881
vt 0.6833855509757996 0.7258533835411072
vt 0.682062566280365 0.7354663014411926
vt 0.6998540163040161 0.70786914229393
vt 0.6826688647270203 0.7447282671928406
vt 0.6890493631362915 0.6902712285518646
vt 0.6653704047203064 0.7182955145835876
vt 0.6508826613426208 0.7328189015388489
vt 0.7348567247390747 0.7419606149196625
vt 0.7336946725845337 0.7255865037441254
vt 0.7329062223434448 0.7109868228435516
vt 0.7290421724319458 0.6845875680446625
vt 0.7243038415908813 0.6677297353744507
vt 0.6520141959190369 0.7483764290809631
vt 0.731535792350769 0.698202520608902
vt 0.7447270154953003 0.6970281302928925
vt 0.7448657751083374 0.6834908425807953
vt 0.7449835538864136 0.6671392321586609
vt 0.6369654536247253 0.7340667843818665
vt 0.6396424174308777 0.7505149245262146
vt 0.7454625368118286 0.738470047712326
vt 0.7446922063827515 0.7248615324497223
vt 0.6492125391960144 0.7177733778953552
vt 0.750008225440979 0.7544400244951248
vt 0.7445346117019653 0.7109534442424774
vt 0.6325737833976746 0.7189982533454895
vt 0.6238591074943542 0.7364062070846558
vt 0.7580612897872925 0.7345344722270966
vt 0.7562597990036011 0.7222910821437836
vt 0.7564965486526489 0.7099625170230865
vt 0.7586890459060669 0.6866384446620941
vt 0.7634376287460327 0.6731494069099426
vt 0.6259638667106628 0.7493525743484497
vt 0.7573708295822144 0.6980688273906708
vt 0.6207579970359802 0.7480657696723938
vt 0.763985276222229 0.7324608266353607
vt 0.7618585824966431 0.7216048538684845
vt 0.7629202604293823 0.6991896331310272
vt 0.615090548992157 0.7293233275413513
vt 0.6195206046104431 0.7380484938621521
vt 0.7647775411605835 0.746290534734726
vt 0.7615329027175903 0.7103464305400848
vt 0.765130877494812 0.6882153451442719
vt 0.7695108652114868 0.6769616007804871
vt 0.7847588062286377 0.7821567058563232
vt 0.780548095703125 0.7841784954071045
vt 0.7866389751434326 0.8010423183441162
vt 0.7970726490020752 0.7817336320877075
vt 0.7901482582092285 0.7997950315475464
vt 0.7934458255767822 0.8007875680923462
vt 0.9442481994628906 0.5699525773525238
vt 0.947648286819458 0.5665284097194672
vt 0.9442481994628906 0.5662444531917572
vt 0.7701091766357422 0.7556783556938171
vt 0.7817578315734863 0.7635287046432495
vt 0.7786684036254883 0.7499966621398926
vt 0.7882578372955322 0.7458120584487915
vt 0.7954449653625488 0.7626434564590454
vt 0.7978591918945312 0.7450804710388184
vt 0.8068788051605225 0.7483619451522827
vt 0.8017585277557373 0.7641919851303101
vt 0.8216133117675781 0.7627416849136353
vt 0.8083086013793945 0.7670742273330688
vt 0.8147521018981934 0.7711268067359924
vt 0.7624578475952148 0.7607158422470093
vt 0.7742784023284912 0.7657306790351868
vt 0.7766034603118896 0.7862123250961304
vt 0.7727036476135254 0.7881900072097778
vt 0.7836627960205078 0.8025996685028076
vt 0.800891637802124 0.7840602397918701
vt 0.7609925270080566 0.7732399702072144
vt 0.7672574520111084 0.7689173221588135
vt 0.789069652557373 0.7807718515396118
vt 0.8147873878479004 0.7549209594726562
vt 0.804495096206665 0.7869534492492676
vt 0.7963225841522217 0.8031677007675171
vt 0.7931582927703857 0.7805646061897278
vt 0.7889235019683838 0.7624818086624146
vt 0.8124085068702698 0.5751012861728668
vt 0.8118883967399597 0.5968770980834961
vt 0.8101013898849487 0.6104183197021484
vt 0.8018022775650024 0.6225931644439697
vt 0.7727500796318054 0.5055111646652222
vt 0.7833443880081177 0.4831140637397766
vt 0.766242265701294 0.45644325017929077
vt 0.7946293354034424 0.4624548554420471
vt 0.8181241750717163 0.5189206600189209
vt 0.8293415307998657 0.7497460842132568
vt 0.9782838225364685 0.6185813546180725
vt 0.9946007132530212 0.6302706599235535
vt 0.9836856722831726 0.6067586541175842
vt 0.920101523399353 0.6084273755550385
vt 0.8940998315811157 0.6439647674560547
vt 0.921502947807312 0.6534913778305054
vt 0.9903002381324768 0.3617272973060608
vt 0.9741738438606262 0.3846333622932434
vt 0.9903002381324768 0.3846333622932434
vt 0.9521552920341492 0.6782301068305969
vt 0.9764451384544373 0.6858367323875427
vt 0.9805631041526794 0.6657271981239319
vt 0.9741738438606262 0.47908979654312134
vt 0.9903002381324768 0.5024451613426208
vt 0.9903002381324768 0.47908979654312134
vt 0.9903002381324768 0.5707905888557434
vt 0.9741738438606262 0.5964522957801819
vt 0.9903002381324768 0.5964522957801819
vt 0.953298032283783 0.6353372931480408
vt 0.9836401343345642 0.631186306476593
vt 0.9741738438606262 0.5478844046592712
vt 0.9903002381324768 0.5478844046592712
vt 0.9741738438606262 0.4300723671913147
vt 0.9903002381324768 0.4300723671913147
vt 0.8969153165817261 0.6605566740036011
vt 0.9111357927322388 0.6653364896774292
vt 0.9741738438606262 0.5024451613426208
vt 0.9645056128501892 0.6197484135627747
vt 0.9433788657188416 0.6315240263938904
vt 0.9611155390739441 0.6907106041908264
vt 0.9846629500389099 0.6939015984535217
vt 0.9910046458244324 0.6673416495323181
vt 0.9433788657188416 0.6820481419563293
vt 0.958204448223114 0.7016646265983582
vt 0.9903002381324768 0.4534279704093933
vt 0.9091898202896118 0.5947056710720062
vt 0.8918029069900513 0.6074205338954926
vt 0.9361110925674438 0.6608142852783203
vt 0.8879877328872681 0.6724936962127686
vt 0.9165178537368774 0.679286003112793
vt 0.8924084901809692 0.5798538625240326
vt 0.8975585699081421 0.5937398374080658
vt 0.9361110925674438 0.6070543229579926
vt 0.8778160810470581 0.6448830366134644
vt 0.9191862344741821 0.5827930867671967
vt 0.8759759664535522 0.6041248738765717
vt 0.9591977000236511 0.6088312268257141
vt 0.8509398698806763 0.4828396439552307
vt 0.6976409554481506 0.5780624449253082
vt 0.8497589230537415 0.6414756178855896
vt 0.8829140067100525 0.7309901714324951
vt 0.8689903020858765 0.7519048452377319
vt 0.8694978952407837 0.6442103385925293
vt 0.9519709944725037 0.5680552423000336
vt 0.9392814040184021 0.5678139626979828
vt 0.6999908685684204 0.7490969598293304
vt 0.7355610132217407 0.7592030316591263
vt 0.618663489818573 0.7250550985336304
vt 0.7695108652114868 0.7421146333217621
vt 0.947648286819458 0.5702373087406158
vt 0.7543094158172607 0.7650076150894165
vt 0.9741738438606262 0.3617272973060608
vt 0.9741738438606262 0.5707905888557434
vt 0.9741738438606262 0.4534279704093933
vn 0.06705270680871385 0.917850682627629 -0.3912212403610265
vn 0.7935494254413069 0.6032148330140431 0.08006981087533649
vn 0.7862225331672051 0.614831065713351 0.061942626469404835
vn 0.7888846906263924 -0.4505107608482966 0.4179724862418461
vn 0.9465821789914145 0.09354086744396677 0.3085972853634586
vn 0.8252371260985879 -0.43256564459757096 0.363139985160587
vn 0.08183301849513538 -0.9735176650039287 0.21346361050369592
vn -0.6878982556479275 -0.6642850895750906 -0.29244026679777274
vn -0.7180332687571473 -0.6735542839333468 -0.17536490969678822
vn -0.9170307108067635 -0.15060078482098543 -0.36928861212951786
vn -0.7488080341893387 0.3955992214656789 -0.5317779460538458
vn -0.7418657274041925 0.4271908598584015 -0.5168589863362036
vn 0.7862225331672051 0.614831065713351 0.061942626469404835
vn 0.9362669861633144 0.12137572178181011 0.3296544627069506
vn 0.8252371260985879 -0.43256564459757096 0.363139985160587
vn 0.1339034587421201 -0.9847981155499959 0.11064599109807023
vn -0.8768106283908632 -0.14351632023347122 -0.45891849795738626
vn 0.014217895197005566 0.9301399417615142 -0.3669298845774951
vn -0.7434374796868914 0.4706830490596361 -0.47514016997590003
vn -0.08552763625230353 0.9945358878646414 -0.059861433213572485
vn -0.03927658491099404 0.9863865097309226 -0.15968407340301047
vn 0.00037069783053382625 0.9611826286160603 -0.2759126982033252
vn 0.9463070634702994 0.03715626913282501 0.32112669351884787
vn 0.8051098771030999 -0.5008771838892759 0.3176792918183053
vn -0.6230629839460164 -0.6693973176929807 -0.4045982564244795
vn -0.701490258126855 0.43854255696879124 -0.5617756166659363
vn 0.765614924444224 0.6269092179427864 0.14428658955921383
vn 0.8051098771030999 -0.5008771838892759 0.3176792918183053
vn 0.14520846719835812 -0.988797298873355 -0.03456013302433835
vn -0.8199589445986561 -0.17350113747891294 -0.545494898661923
vn 0.765614924444224 0.6269092179427864 0.14428658955921383
vn 0.9431214291014469 -0.0747323500986036 0.32393987994438755
vn 0.4087503597903373 0.5883512078002975 0.6976861756199567
vn 0.5481843193899244 0.10538682143362224 0.8296912497086631
vn 0.7418517014563866 -0.6011491160525902 0.29711242538045013
vn -0.1599608288055013 -0.6268133182120353 0.7625730111667178
vn -0.010768226016796308 -0.9920954791625717 0.12502242012390521
vn -0.7627438277594728 -0.621335842351559 -0.17934219867088252
vn -0.8849542889672188 0.11577597323530937 0.4510563495395457
vn -0.9512018067969411 -0.11824912882659659 -0.2850127475710261
vn -0.8148420424936503 0.5113577380232859 -0.27303060185349987
vn -0.1808971379920282 0.8682281125011065 0.4620131709476027
vn 0.7357702678375453 0.6382838110346519 0.2263534615095326
vn 0.4087503597903373 0.5883512078002975 0.6976861756199567
vn 0.7418517014563866 -0.6011491160525902 0.29711242538045013
vn 0.44149675957394624 -0.3030841464224188 0.8445238963304111
vn -0.7833760623684197 -0.29121552579855314 0.5491042364087371
vn -0.7475007060447648 0.5402968475591298 0.38642206326793077
vn -0.8849542889672188 0.11577597323530937 0.4510563495395457
vn -0.05687172523632038 0.0808298937375222 0.9951040825697708
vn -0.7475007060447648 0.5402968475591298 0.38642206326793077
vn 0.5481843193899244 0.10538682143362224 0.8296912497086631
vn -0.48612220941935735 0.0884971544582019 0.8693983270987147
vn -0.5854389667715436 0.24800301708417452 0.771852135905974
vn 0.44149675957394624 -0.3030841464224188 0.8445238963304111
vn -0.26840347564777395 0.43700362280754174 0.8584797073392467
vn -0.1599608288055013 -0.6268133182120353 0.7625730111667178
vn -0.033670943236301196 0.440357741930385 0.8971907972686468
vn 0.12600254511630246 0.2627718710581075 0.9565951611861915
vn -0.297573888991323 0.05879775365048931 0.9528864595303242
vn -0.1808971379920282 0.8682281125011065 0.4620131709476027
vn 0.4087503597903373 0.5883512078002975 0.6976861756199567
vn -0.4678463521305747 0.4036875951504427 0.7862290482548752
vn -0.7833760623684197 -0.29121552579855314 0.5491042364087371
vn -0.20933570691755315 -0.4187892870581744 0.8836255399515307
vn -0.7821464121812339 -0.184282494086627 0.5952200872662446
vn -0.7359030397341778 0.5130369892068758 0.44185943897979724
vn -0.16720638301349658 0.7627623107004218 0.6246884686421681
vn 0.47936697730241123 0.5200945851822284 0.7069009290813496
vn 0.4446063005392671 -0.1774737999129273 0.8779682726985374
vn -0.8874624389694514 0.20840664987282337 0.41106822755739597
vn 0.641595221051496 0.16559737599024538 0.7489546591009548
vn 0.7922081213832497 0.5239322382742408 -0.31289183771930923
vn 0.9959584784812032 -0.06874440216507231 0.05780066013786963
vn 0.791167561783145 0.6115915344594154 -0.0031119382531130516
vn 0.7651205206300261 -0.6351502484571914 0.10571069385642037
vn 0.04891033141362867 -0.9396567263738967 -0.33860451275979847
vn -0.0534927828331596 -0.9908092702863182 0.1242397363948365
vn -0.7601519646063313 -0.5441683982516256 -0.3550348504716056
vn -0.9560054951904009 -0.03516746891379121 -0.29123314079265405
vn -0.8208762244159385 -0.5504356761362049 -0.1522589590963789
vn -0.7257721386321705 0.5474994667561578 -0.4165322756846201
vn -0.05378116996156559 0.9765518484867179 -0.20845640545384936
vn -0.7728248037120842 0.5538118428445923 -0.3098939584639481
vn 0.03894941784831808 0.9119868303191703 -0.408366213310639
vn 0.791167561783145 0.6115915344594154 -0.0031119382531130516
vn 0.7614311612737539 -0.5390004532428532 -0.36014038657904146
vn 0.7651205206300261 -0.6351502484571914 0.10571069385642037
vn -0.9145217582784455 -0.026022662516621654 -0.40369886632345997
vn 0.9900580424115005 0.13224097082629804 0.04793118286904278
vn 0.873263155457438 -0.34837075270658585 -0.3406600651370296
vn 0.7987987955429207 -0.30833894015862795 -0.5165729205262636
vn 0.20520198455868668 -0.5437930985370546 -0.8137451760327958
vn -0.5412593435088414 -0.48689185381768 -0.6855469683036758
vn -0.5141798023369171 -0.4811262829711031 -0.7100257958012363
vn -0.7895412718368219 0.5853636767720606 0.18432022673105705
vn -0.9718769104160436 -0.10193745432287166 -0.21228289240147885
vn -0.8740128645773321 0.327839998071035 0.35863971924218074
vn -0.7279097344089743 0.6726349884796433 -0.1330773866051118
vn -0.005845998791410389 0.9999808917207881 0.002010097367808053
vn 0.5874156689211263 0.6425316252006094 0.49203246084278796
vn 0.942614750387874 0.07107268791290627 0.32623014174665205
vn 0.7987987955429207 -0.30833894015862795 -0.5165729205262636
vn 0.230380299841537 -0.5531032272962045 -0.800625841076496
vn -0.9479788984463566 0.026681039709227198 -0.3172130675436731
vn -0.1582751148937779 0.8339241348891852 0.5286960613194366
vn 0.4665910348359585 0.4693358315076096 0.7496777197394691
vn 0.5874156689211263 0.6425316252006094 0.49203246084278796
vn -0.9429359986485435 0.04400387595751128 -0.33005357345950687
vn 0.9425680962572631 -0.02227258319142917 -0.3332706347038988
vn 0.7143921308889832 0.6990460260048377 0.03128157366153287
vn 0.9680607446846782 0.11840721517161414 -0.22099349763250817
vn -0.609149167694783 -0.5564574467883795 -0.5650596441177789
vn 0.7922081213832497 0.5239322382742408 -0.31289183771930923
vn 0.7143921308889832 0.6990460260048377 0.03128157366153287
vn 0.7614311612737539 -0.5390004532428532 -0.36014038657904146
vn 0.17723606932930336 -0.7013388972011001 -0.6904427036340114
vn 0.7532279468205733 -0.38412916300196615 -0.5339404894366716
vn 0.5671805736375358 -0.820731807062118 0.06859663085564743
vn -0.40051965684727514 -0.8965663944677049 -0.18908385650319443
vn -0.6843646572557581 -0.7142038501595787 0.14682600694850664
vn 0.31332191126136455 -0.38466435568496604 0.8682526783079885
vn 0.4665910348359585 0.4693358315076096 0.7496777197394691
vn 0.873263155457438 -0.34837075270658585 -0.3406600651370296
vn 0.14178140685740065 -0.9551982450102808 -0.25979673862236125
vn -0.6525168445745556 -0.49897637818000784 0.5703019740144927
vn -0.2846338248952393 0.5621297026174664 0.7765267433647762
vn -0.23746325119943132 -0.33860331904642454 0.9104718538541107
vn -0.6525168445745556 -0.49897637818000784 0.5703019740144927
vn -0.01523380248860428 -0.9864919430854794 0.16309990033465155
vn -0.23746325119943132 -0.33860331904642454 0.9104718538541107
vn 0.31332191126136455 -0.38466435568496604 0.8682526783079885
vn 0.6015264544267603 -0.6054816738577362 0.5211121445976905
vn -0.3888287397681261 -0.7527794899975879 0.5311640524068835
vn 0.5671805736375358 -0.820731807062118 0.06859663085564743
vn -0.17791002899119412 -0.7212894028005432 0.6693949648690141
vn -0.40051965684727514 -0.8965663944677049 -0.18908385650319443
vn 0.14178140685740065 -0.9551982450102808 -0.25979673862236125
vn -0.6843646572557581 -0.7142038501595787 0.14682600694850664
vn 0.18116769109335643 -0.9385446979319935 0.2937892402516566
vn -0.2574777546418363 -0.954442872700781 0.15081116873520742
vn 0.06052740549850701 -0.7477628563391495 0.661201288461491
vn -0.46835418910641763 -0.8215013493347031 -0.3252381997670817
vn -0.43973884550512443 -0.850361195760583 0.28899063046827633
vn -0.2802808966804493 -0.2776423177706855 0.9188892002515457
vn 0.31691097968871396 -0.35999977511131886 0.877477972870282
vn 0.22209791798300252 -0.8327548295706722 0.5071409159733972
vn 0.128495618764397 -0.9379531674452842 -0.32207566135570287
vn -0.7664263142421112 -0.35373034789524826 0.5361581350825141
vn 0.5986931270229588 -0.8003216656427767 0.03243102154176876
vn -0.16812999121341163 0.8831398194540238 0.43794561916896974
vn 0.517899663546547 0.6031394661103969 0.6066322798190338
vn 0.4898692597989409 0.7609992016233615 0.42533319107805817
vn 0.8151165549761211 0.2690746447646928 -0.5130144611496001
vn 0.9329559318227858 0.32090739405963276 0.16313084844545112
vn 0.8776382511931764 0.029087630347436638 -0.47844018414359174
vn 0.27903623485228873 0.19751066336232426 -0.9397490715598675
vn -0.4365649804800019 -0.04057439517085169 -0.8987573289131027
vn -0.36978079625940496 0.2734563004185195 -0.8879661111096397
vn -0.6746947284201166 0.7359575791932222 0.05615572161549697
vn -0.8442850541210275 0.29462359417883777 -0.44763789511277663
vn -0.7711116479179431 0.6063505576314318 0.19423137672715549
vn 0.4898692597989409 0.7609992016233615 0.42533319107805817
vn 0.8839018392157728 0.46181760419195655 0.07377017750673646
vn 0.8776382511931764 0.029087630347436638 -0.47844018414359174
vn 0.2920702274976778 -0.1617026157635434 -0.9426278408071145
vn -0.7396373938799439 0.4737534676256504 -0.4780106457885186
vn -0.22223082407850445 0.7218574829680383 0.6553893767161907
vn -0.2198563540975032 0.732564562541252 0.6442145180541162
vn -0.4428548696013368 0.030816929763406595 -0.8960635475848462
vn -0.8623724228182987 0.2682729448620428 -0.42935233948069323
vn 0.30825322490135915 -0.08548434509189654 -0.9474557383234964
vn 0.8151165549761211 0.2690746447646928 -0.5130144611496001
vn 0.522019559842912 0.5825510981293874 0.6230006398148054
vn 0.9443332552249833 0.254667316019308 0.20827688596603466
vn -0.8015153271660351 0.5677685350667625 0.1876487967082812
vn 0.8917030201380531 -0.008293479002101822 -0.4525449613935798
vn 0.522019559842912 0.5825510981293874 0.6230006398148054
vn 0.517899663546547 0.6031394661103969 0.6066322798190338
vn 0.9271653078604345 -0.04800691250701078 0.3715640298139879
vn 0.320704412125273 -0.4077631800292943 -0.8549139541823964
vn -0.5260910300212857 -0.23457902168165778 -0.8174355697656048
vn -0.953801987631121 0.018065390246827243 -0.2998923307891564
vn -0.2768284085377283 0.37172293238210297 0.8861083984297403
vn 0.5162662318382504 0.2221778957475534 0.827107103406036
vn 0.9143254154685304 -0.2973311691393991 -0.27496037984862004
vn -0.871156658205822 0.27057094160437184 0.4097284984266876
vn -0.8941606026898014 0.053954165517483395 0.44448370568640966
vn -0.288403739638717 0.1381063616808152 0.9474966574219094
vn 0.5141185844268753 0.029458463444818117 0.8572130890731758
vn 0.9191358563119328 -0.18323125281958524 0.34873426219959414
vn 0.870195838777124 -0.3734788706915618 -0.3213607557277855
vn 0.2837127460185922 -0.36507251571677213 -0.8866956276055595
vn -0.4936578091242946 -0.2510274866773599 -0.8326386781930379
vn 0.5162662318382504 0.2221778957475534 0.827107103406036
vn 0.870195838777124 -0.3734788706915618 -0.3213607557277855
vn -0.9494543868127006 -0.11548404194771653 -0.29189005364612286
vn 0.5141185844268753 0.029458463444818117 0.8572130890731758
vn 0.8311858182417207 -0.45195034859233485 0.3238379501557967
vn 0.23184227670077495 -0.6912034591527403 -0.6844610557142657
vn -0.44604755139443925 -0.6195803422957508 -0.6458806246789769
vn -0.84878863584705 -0.4944883044557864 -0.18718752205567862
vn -0.27515183452023584 -0.3800584230093461 0.8830894988956656
vn 0.43464038854210996 -0.41077619837040763 0.8014678081497216
vn 0.7640421178800402 -0.6001441102139817 -0.23678405579947887
vn -0.8031488862741916 -0.40764438987003293 0.4344858086106083
vn 0.8299911891792667 -0.48243295852701695 -0.27995190017511234
vn 0.2717374168599353 -0.5431495218029545 -0.7944478417388467
vn -0.4668040341116845 -0.5515745293753952 -0.691273847531764
vn -0.7051969484787997 -0.5806600748652923 0.406855184695516
vn 0.4057394515423008 -0.5360503714395463 0.7402874419721555
vn 0.829067235945128 -0.4495033383881373 0.3325571635978171
vn 0.7640421178800402 -0.6001441102139817 -0.23678405579947887
vn -0.8130909980657179 -0.5568300885565391 -0.1697742069414886
vn -0.2219029530404473 -0.5844353003433559 0.7805091025378889
vn 0.4057394515423008 -0.5360503714395463 0.7402874419721555
vn -0.9195892627029961 -0.231548043484605 -0.3173973715704202
vn -0.5125891976647753 0.09152948026635484 -0.8537415701953096
vn -0.47440713034532944 -0.5146226788327584 -0.7142138147001257
vn 0.5063309932833717 -0.45856314887288346 0.7303073077386393
vn -0.3540328012422344 -0.9000934207579903 0.2539539516383943
vn 0.6912136990838819 -0.6979634174845362 0.18727170115125147
vn -0.47440713034532944 -0.5146226788327584 -0.7142138147001257
vn 0.6912136990838819 -0.6979634174845362 0.18727170115125147
vn -0.3540328012422344 -0.9000934207579903 0.2539539516383943
vn -0.4668040341116845 -0.5515745293753952 -0.691273847531764
vn -0.9298201643975086 -0.23394547169798752 -0.2840844560193259
vn -0.8130909980657179 -0.5568300885565391 -0.1697742069414886
vn -0.7051969484787997 -0.5806600748652923 0.406855184695516
vn -0.2520625446140491 -0.4428987634384405 0.860409878457582
vn -0.2219029530404473 -0.5844353003433559 0.7805091025378889
vn 0.4057394515423008 -0.5360503714395463 0.7402874419721555
vn 0.4853782805859338 -0.34094683981950863 0.8050858197437916
vn 0.8299911891792667 -0.48243295852701695 -0.27995190017511234
vn 0.9401553343226021 -0.1582423762443343 0.30177358682512717
vn 0.9109762239734083 -0.0017120030367654675 -0.4124553168535383
vn 0.2717374168599353 -0.5431495218029545 -0.7944478417388467
vn -0.5125779447863054 -0.05515666147358975 -0.8568673136569833
vn 0.27111029603010783 0.26222517877633267 -0.9261410060040467
vn 0.9047252240299115 0.13424356707111787 -0.40429065497986566
vn 0.5415474849892026 -0.32406861770163475 -0.7756970107734211
vn 0.953493581384415 -0.15746680464067173 0.25701010815720615
vn 0.9109762239734083 -0.0017120030367654675 -0.4124553168535383
vn 0.29501447099797 0.05078647994650542 -0.9541421253442439
vn -0.8060930398818628 -0.4988929425800911 0.3183077801402212
vn 0.829067235945128 -0.4495033383881373 0.3325571635978171
vn 0.9047252240299115 0.13424356707111787 -0.40429065497986566
vn 0.5415474849892026 -0.32406861770163475 -0.7756970107734211
vn -0.21437590048186864 -0.6004425465621506 0.7703971193939835
vn -0.8305446179024599 -0.3910106812713514 0.39661856336405915
vn -0.8529123305011429 -0.1891073403684884 -0.48659939405826014
vn -0.649676332711499 -0.6512618205704793 -0.3921462785514636
vn 0.08284220093705841 -0.9954852827173392 -0.04632733142631305
vn 0.7701095325447194 -0.5651477676700393 0.2958704253238652
vn 0.7701095325447194 -0.5651477676700393 0.2958704253238652
vn 0.9392755753823309 -0.04271964183183689 0.3404943842296826
vn 0.7357702678375453 0.6382838110346519 0.2263534615095326
vn 0.7452580854639342 0.6315012263959171 0.21400137175047235
vn 0.7452580854639342 0.6315012263959171 0.21400137175047235
vn 0.7532279468205733 -0.38412916300196615 -0.5339404894366716
vn -0.34717154131052924 -0.7797423264819714 0.5210315011556922
vn 0.35061426308716875 -0.37419973965529624 0.8585127799641366
vn -0.3975175831143553 -0.12973646640726053 0.9083766952091402
vn -0.23001818310930727 0.8083095319155378 -0.5419661761157958
vn 0.5987195422537213 0.7992370677256571 0.05248827770834343
vn 0.05644237966874376 0.6723658398450987 -0.738063977705676
vn 0.7481771161971129 -0.6064228613829886 0.2692253999737769
vn 0.7663916282982317 0.23873331221096367 0.596364215656144
vn 0.5518646725724186 -0.4951519071720624 0.6710215883191885
vn -0.2570103295893816 -0.9375424362054972 -0.2344352166339756
vn 0.21088224691702648 -0.9693398200685924 0.12613084937720606
vn 0.036110550507885676 -0.9457051317494565 0.3230136714208243
vn -0.8626586408002997 0.5056867389090103 0.0100494549180613
vn -0.8419540933580946 -0.30493448620383046 -0.4451160116207402
vn -0.9703641166303077 -0.15966791825006513 0.18138257093219545
vn 0.3997283937942706 -0.6824523804550318 -0.6119444089179287
vn 0.9872619191402328 0.06065839128427582 0.14708658192489235
vn 0.7481771161971129 -0.6064228613829886 0.2692253999737769
vn -0.5398088797582408 -0.8366535886624225 -0.09282858348829391
vn -0.08160387878524393 -0.8929685774284709 0.44266005771085354
vn -0.24355407726234632 0.10780728272179824 -0.9638770674941017
vn -0.37617568367656523 -0.5395869390394384 -0.7532182885648212
vn 0.5794555127610327 0.30749533722294503 0.7547701148806807
vn 0.35061426308716875 -0.37419973965529624 0.8585127799641366
vn 0.7361711979012578 0.6694411635814058 -0.09950123558730699
vn 0.5003538766856251 0.6273532182690386 -0.5967193122508657
vn -0.7039228909129391 0.31091302539217164 -0.6386122879261384
vn -0.5833686042753888 -0.7924549141961713 0.17803449247863068
vn -0.8419540933580946 -0.30493448620383046 -0.4451160116207402
vn 0.11033595921348291 -0.9750625585998841 -0.19255903749522654
vn 0.7481771161971129 -0.6064228613829886 0.2692253999737769
vn 0.5518646725724186 -0.4951519071720624 0.6710215883191885
vn -0.37617568367656523 -0.5395869390394384 -0.7532182885648212
vn 0.3997283937942706 -0.6824523804550318 -0.6119444089179287
vn -0.3975175831143553 -0.12973646640726053 0.9083766952091402
vn -0.3226637532089085 0.9308812905890276 -0.1713129452097734
vn 0.5218805092587444 0.8256896515464562 0.21418994697446747
vn -0.24355407726234632 0.10780728272179824 -0.9638770674941017
vn 0.9872619191402328 0.06065839128427582 0.14708658192489235
vn 0.5968436462071343 -0.023425763216106017 -0.8020155207973947
vn -0.2283927443424526 0.5566911900890703 0.7987062496368345
vn 0.04840294524300161 0.9531506550272426 0.2985983652214819
vn -0.7039228909129391 0.31091302539217164 -0.6386122879261384
vn 0.7663916282982317 0.23873331221096367 0.596364215656144
vn -0.8626586408002997 0.5056867389090103 0.0100494549180613
vn 0.5794555127610327 0.30749533722294503 0.7547701148806807
vn -0.9703641166303077 -0.15966791825006513 0.18138257093219545
vn 0.7935494254413069 0.6032148330140431 0.08006981087533649
vn 0.7888846906263924 -0.4505107608482966 0.4179724862418461
vn 0.44149675957394624 -0.3030841464224188 0.8445238963304111
vn 0.6015264544267603 -0.6054816738577362 0.5211121445976905
vn 0.5671805736375358 -0.820731807062118 0.06859663085564743
vn 0.31332191126136455 -0.38466435568496604 0.8682526783079885
vn -0.8216730632172055 -0.5699527046010123 -0.0027003150270445285
vn 0.6564632592961936 -0.5518884961577504 0.5142714040299686
vn 0.8917030201380531 -0.008293479002101822 -0.4525449613935798
vn 0.9143254154685304 -0.2973311691393991 -0.27496037984862004
vn 0.43464038854210996 -0.41077619837040763 0.8014678081497216
vn 0.8299911891792667 -0.48243295852701695 -0.27995190017511234
vn 0.5415474849892026 -0.32406861770163475 -0.7756970107734211
vn 0.8299911891792667 -0.48243295852701695 -0.27995190017511234
vn 0.9872619191402328 0.06065839128427582 0.14708658192489235
vn 0.5968436462071343 -0.023425763216106017 -0.8020155207973947
vn -0.2283927443424526 0.5566911900890703 0.7987062496368345
f 944/944/944 945/945/945 946/946/946
f 947/947/947 948/948/948 949/949/949
f 950/950/950 951/951/951 952/952/952
f 953/953/953 954/954/954 955/955/955
f 956/956/956 948/948/948 957/957/957
f 950/950/950 958/958/958 959/959/959
f 952/952/952 960/960/960 953/953/953
f 955/955/955 961/961/961 944/944/944
f 962/962/962 963/963/963 964/964/964
f 954/954/954 965/965/965 961/961/961
f 949/949/949 966/966/966 967/967/967
f 959/959/959 968/968/968 951/951/951
f 960/960/960 969/969/969 954/954/954
f 948/948/948 970/970/970 966/966/966
f 959/959/959 971/971/971 972/972/972
f 951/951/951 973/973/973 960/960/960
f 961/961/961 974/974/974 945/945/945
f 975/975/975 976/976/976 977/977/977
f 978/978/978 979/979/979 980/980/980
f 981/981/981 982/982/982 983/983/983
f 984/984/984 985/985/985 963/963/963
f 986/986/986 985/985/985 987/987/987
f 988/988/988 977/977/977 989/989/989
f 980/980/980 990/990/990 981/981/981
f 983/983/983 991/991/991 984/984/984
f 992/992/992 993/993/993 994/994/994
f 995/995/995 996/996/996 997/997/997
f 998/998/998 999/999/999 1000/1000/1000
f 992/992/992 1001/1001/1001 1002/1002/1002
f 994/994/994 1003/1003/1003 1004/1004/1004
f 1005/1005/1005 1003/1003/1003 996/996/996
f 995/995/995 1006/1006/1006 998/998/998
f 1007/1007/1007 999/999/999 1001/1001/1001
f 993/993/993 1008/1008/1008 1003/1003/1003
f 996/996/996 1008/1008/1008 1009/1009/1009
f 997/997/997 1010/1010/1010 1006/1006/1006
f 1001/1001/1001 1011/1011/1011 1012/1012/1012
f 1002/1002/1002 1013/1013/1013 993/993/993
f 997/997/997 1009/1009/1009 1014/1014/1014
f 1006/1006/1006 1011/1011/1011 999/999/999
f 1002/1002/1002 1012/1012/1012 1015/1015/1015
f 1016/1016/1016 1017/1017/1017 1018/1018/1018
f 1019/1019/1019 1020/1020/1020 1021/1021/1021
f 1022/1022/1022 1023/1023/1023 1024/1024/1024
f 1025/1025/1025 1026/1026/1026 1027/1027/1027
f 1028/1028/1028 1029/1029/1029 1026/1026/1026
f 1017/1017/1017 1030/1030/1030 1031/1031/1031
f 1021/1021/1021 1022/1022/1022 1024/1024/1024
f 1032/1032/1032 1027/1027/1027 1023/1023/1023
f 1033/1033/1033 1034/1034/1034 1035/1035/1035
f 1036/1036/1036 1037/1037/1037 1038/1038/1038
f 1039/1039/1039 1040/1040/1040 1041/1041/1041
f 1028/1028/1028 1042/1042/1042 1043/1043/1043
f 1044/1044/1044 1045/1045/1045 1033/1033/1033
f 1046/1046/1046 1047/1047/1047 1036/1036/1036
f 1048/1048/1048 1037/1037/1037 1040/1040/1040
f 1049/1049/1049 1050/1050/1050 1051/1051/1051
f 1022/1022/1022 1052/1052/1052 1032/1032/1032
f 1053/1053/1053 1054/1054/1054 1055/1055/1055
f 1020/1020/1020 1056/1056/1056 1022/1022/1022
f 1057/1057/1057 1043/1043/1043 1058/1058/1058
f 1059/1059/1059 1060/1060/1060 1020/1020/1020
f 1025/1025/1025 1052/1052/1052 1042/1042/1042
f 1053/1053/1053 1061/1061/1061 1030/1030/1030
f 1045/1045/1045 1062/1062/1062 1034/1034/1034
f 1047/1047/1047 1063/1063/1063 1037/1037/1037
f 1064/1064/1064 1041/1041/1041 1040/1040/1040
f 1065/1065/1065 1045/1045/1045 1066/1066/1066
f 1067/1067/1067 1068/1068/1068 1047/1047/1047
f 1037/1037/1037 1064/1064/1064 1040/1040/1040
f 1069/1069/1069 1070/1070/1070 1041/1041/1041
f 1071/1071/1071 1050/1050/1050 1070/1070/1070
f 1072/1072/1072 1073/1073/1073 1074/1074/1074
f 1073/1073/1073 1075/1075/1075 1074/1074/1074
f 1076/1076/1076 1077/1077/1077 1078/1078/1078
f 1079/1079/1079 1080/1080/1080 1081/1081/1081
f 1082/1082/1082 1083/1083/1083 1072/1072/1072
f 1084/1084/1084 1076/1076/1076 1075/1075/1075
f 1078/1078/1078 1079/1079/1079 1081/1081/1081
f 1085/1085/1085 1082/1082/1082 1080/1080/1080
f 1086/1086/1086 1087/1087/1087 1084/1084/1084
f 1077/1077/1077 1088/1088/1088 1079/1079/1079
f 1089/1089/1089 1090/1090/1090 1085/1085/1085
f 1083/1083/1083 1091/1091/1091 1073/1073/1073
f 1091/1091/1091 1084/1084/1084 1073/1073/1073
f 1087/1087/1087 1092/1092/1092 1077/1077/1077
f 1088/1088/1088 1085/1085/1085 1079/1079/1079
f 1090/1090/1090 1093/1093/1093 1083/1083/1083
f 1049/1049/1049 1041/1041/1041 1070/1070/1070
f 1094/1094/1094 1095/1095/1095 1096/1096/1096
f 1097/1097/1097 1098/1098/1098 1099/1099/1099
f 1100/1100/1100 1101/1101/1101 1102/1102/1102
f 1103/1103/1103 1104/1104/1104 1105/1105/1105
f 1106/1106/1106 1098/1098/1098 1107/1107/1107
f 1100/1100/1100 1108/1108/1108 1109/1109/1109
f 1102/1102/1102 1104/1104/1104 1110/1110/1110
f 1094/1094/1094 1105/1105/1105 1111/1111/1111
f 1112/1112/1112 1103/1103/1103 1094/1094/1094
f 1113/1113/1113 1110/1110/1110 1114/1114/1114
f 1115/1115/1115 1116/1116/1116 1100/1100/1100
f 1117/1117/1117 1107/1107/1107 1118/1118/1118
f 1119/1119/1119 1110/1110/1110 1103/1103/1103
f 1113/1113/1113 1100/1100/1100 1102/1102/1102
f 1120/1120/1120 1107/1107/1107 1097/1097/1097
f 1112/1112/1112 1096/1096/1096 1121/1121/1121
f 1122/1122/1122 1123/1123/1123 1098/1098/1098
f 1108/1108/1108 1124/1124/1124 1109/1109/1109
f 1104/1104/1104 1125/1125/1125 1126/1126/1126
f 1105/1105/1105 1127/1127/1127 1111/1111/1111
f 1111/1111/1111 1128/1128/1128 1095/1095/1095
f 1098/1098/1098 1129/1129/1129 1099/1099/1099
f 1101/1101/1101 1124/1124/1124 1125/1125/1125
f 1105/1105/1105 1126/1126/1126 1130/1130/1130
f 1127/1127/1127 1131/1131/1131 1132/1132/1132
f 1127/1127/1127 1133/1133/1133 1128/1128/1128
f 1129/1129/1129 1134/1134/1134 1135/1135/1135
f 1125/1125/1125 1136/1136/1136 1137/1137/1137
f 1126/1126/1126 1131/1131/1131 1130/1130/1130
f 1138/1138/1138 1134/1134/1134 1123/1123/1123
f 1124/1124/1124 1139/1139/1139 1136/1136/1136
f 1125/1125/1125 1140/1140/1140 1126/1126/1126
f 1141/1141/1141 1142/1142/1142 1134/1134/1134
f 1139/1139/1139 1143/1143/1143 1136/1136/1136
f 1140/1140/1140 1144/1144/1144 1145/1145/1145
f 1131/1131/1131 1146/1146/1146 1132/1132/1132
f 1132/1132/1132 1147/1147/1147 1133/1133/1133
f 1134/1134/1134 1148/1148/1148 1135/1135/1135
f 1137/1137/1137 1143/1143/1143 1144/1144/1144
f 1131/1131/1131 1145/1145/1145 1149/1149/1149
f 1142/1142/1142 1150/1150/1150 1148/1148/1148
f 1144/1144/1144 1151/1151/1151 1152/1152/1152
f 1145/1145/1145 1153/1153/1153 1149/1149/1149
f 1142/1142/1142 1154/1154/1154 1155/1155/1155
f 1156/1156/1156 1151/1151/1151 1143/1143/1143
f 1145/1145/1145 1152/1152/1152 1157/1157/1157
f 1149/1149/1149 1158/1158/1158 1146/1146/1146
f 1147/1147/1147 1158/1158/1158 1159/1159/1159
f 1160/1160/1160 1161/1161/1161 1162/1162/1162
f 1163/1163/1163 1164/1164/1164 1165/1165/1165
f 1166/1166/1166 1167/1167/1167 1168/1168/1168
f 1169/1169/1169 1170/1170/1170 1171/1171/1171
f 1172/1172/1172 1173/1173/1173 1174/1174/1174
f 1175/1175/1175 1173/1173/1173 1176/1176/1176
f 1177/1177/1177 1178/1178/1178 1179/1179/1179
f 1180/1180/1180 1181/1181/1181 1169/1169/1169
f 1182/1182/1182 1183/1183/1183 1184/1184/1184
f 1185/1185/1185 1163/1163/1163 1165/1165/1165
f 1180/1180/1180 1186/1186/1186 1187/1187/1187
f 1160/1160/1160 1164/1164/1164 1188/1188/1188
f 1189/1189/1189 1176/1176/1176 1178/1178/1178
f 1182/1182/1182 1162/1162/1162 1161/1161/1161
f 1190/1190/1190 1165/1165/1165 1191/1191/1191
f 1192/1192/1192 1188/1188/1188 1164/1164/1164
f 1161/1161/1161 1187/1187/1187 1182/1182/1182
f 1185/1185/1185 1179/1179/1179 1178/1178/1178
f 1192/1192/1192 1176/1176/1176 1173/1173/1173
f 1192/1192/1192 1193/1193/1193 1188/1188/1188
f 1160/1160/1160 1181/1181/1181 1161/1161/1161
f 1183/1183/1183 1187/1187/1187 1186/1186/1186
f 1163/1163/1163 1178/1178/1178 1176/1176/1176
f 1188/1188/1188 1170/1170/1170 1160/1160/1160
f 1171/1171/1171 1193/1193/1193 1172/1172/1172
f 1194/1194/1194 984/984/984 962/962/962
f 964/964/964 969/969/969 962/962/962
f 1195/1195/1195 983/983/983 1194/1194/1194
f 962/962/962 973/973/973 1194/1194/1194
f 1196/1196/1196 981/981/981 1195/1195/1195
f 1194/1194/1194 968/968/968 1195/1195/1195
f 978/978/978 1196/1196/1196 1197/1197/1197
f 1195/1195/1195 972/972/972 1196/1196/1196
f 975/975/975 1198/1198/1198 1199/1199/1199
f 1197/1197/1197 972/972/972 971/971/971
f 1200/1200/1200 1199/1199/1199 1201/1201/1201
f 1199/1199/1199 967/967/967 966/966/966
f 963/963/963 1202/1202/1202 964/964/964
f 1201/1201/1201 966/966/966 970/970/970
f 964/964/964 974/974/974 965/965/965
f 1042/1042/1042 1049/1049/1049 1043/1043/1043
f 1058/1058/1058 1049/1049/1049 1051/1051/1051
f 1056/1056/1056 1048/1048/1048 1052/1052/1052
f 1203/1203/1203 1036/1036/1036 1060/1060/1060
f 1055/1055/1055 1044/1044/1044 1033/1033/1033
f 1052/1052/1052 1039/1039/1039 1042/1042/1042
f 1060/1060/1060 1038/1038/1038 1056/1056/1056
f 1061/1061/1061 1033/1033/1033 1035/1035/1035
f 1204/1204/1204 1205/1205/1205 1206/1206/1206
f 1207/1207/1207 1208/1208/1208 1209/1209/1209
f 1210/1210/1210 1211/1211/1211 1212/1212/1212
f 1213/1213/1213 1214/1214/1214 1215/1215/1215
f 1216/1216/1216 1217/1217/1217 1218/1218/1218
f 1219/1219/1219 1220/1220/1220 1221/1221/1221
f 1222/1222/1222 1215/1215/1215 1223/1223/1223
f 1224/1224/1224 1219/1219/1219 1225/1225/1225
f 1212/1212/1212 1226/1226/1226 1227/1227/1227
f 1209/1209/1209 1228/1228/1228 1229/1229/1229
f 1230/1230/1230 1225/1225/1225 1217/1217/1217
f 1231/1231/1231 1223/1223/1223 1204/1204/1204
f 1231/1231/1231 1232/1232/1232 1222/1222/1222
f 1233/1233/1233 1234/1234/1234 1214/1214/1214
f 1214/1214/1214 1235/1235/1235 1215/1215/1215
f 1233/1233/1233 1236/1236/1236 1237/1237/1237
f 1223/1223/1223 1235/1235/1235 1205/1205/1205
f 1213/1213/1213 1232/1232/1232 1236/1236/1236
f 1238/1238/1238 1216/1216/1216 1218/1218/1218
f 1239/1239/1239 1240/1240/1240 1207/1207/1207
f 1229/1229/1229 1241/1241/1241 1209/1209/1209
f 1229/1229/1229 1242/1242/1242 1243/1243/1243
f 1239/1239/1239 1244/1244/1244 1245/1245/1245
f 1209/1209/1209 1246/1246/1246 1207/1207/1207
f 1228/1228/1228 1247/1247/1247 1242/1242/1242
f 1240/1240/1240 1247/1247/1247 1208/1208/1208
f 1207/1207/1207 1248/1248/1248 1239/1239/1239
f 1245/1245/1245 1249/1249/1249 1240/1240/1240
f 1226/1226/1226 1238/1238/1238 1227/1227/1227
f 1204/1204/1204 1250/1250/1250 1231/1231/1231
f 944/944/944 961/961/961 945/945/945
f 947/947/947 957/957/957 948/948/948
f 950/950/950 959/959/959 951/951/951
f 953/953/953 960/960/960 954/954/954
f 956/956/956 1251/1251/1251 948/948/948
f 950/950/950 1252/1252/1252 958/958/958
f 952/952/952 951/951/951 960/960/960
f 955/955/955 954/954/954 961/961/961
f 962/962/962 984/984/984 963/963/963
f 954/954/954 969/969/969 965/965/965
f 949/949/949 948/948/948 966/966/966
f 959/959/959 972/972/972 968/968/968
f 960/960/960 973/973/973 969/969/969
f 948/948/948 1251/1251/1251 970/970/970
f 959/959/959 958/958/958 971/971/971
f 951/951/951 968/968/968 973/973/973
f 961/961/961 965/965/965 974/974/974
f 975/975/975 1200/1200/1200 976/976/976
f 978/978/978 1253/1253/1253 979/979/979
f 981/981/981 990/990/990 982/982/982
f 984/984/984 991/991/991 985/985/985
f 986/986/986 963/963/963 985/985/985
f 988/988/988 975/975/975 977/977/977
f 980/980/980 979/979/979 990/990/990
f 983/983/983 982/982/982 991/991/991
f 992/992/992 1002/1002/1002 993/993/993
f 995/995/995 1005/1005/1005 996/996/996
f 998/998/998 1006/1006/1006 999/999/999
f 992/992/992 1007/1007/1007 1001/1001/1001
f 994/994/994 993/993/993 1003/1003/1003
f 1005/1005/1005 1004/1004/1004 1003/1003/1003
f 995/995/995 997/997/997 1006/1006/1006
f 1007/1007/1007 1000/1000/1000 999/999/999
f 993/993/993 1013/1013/1013 1008/1008/1008
f 996/996/996 1003/1003/1003 1008/1008/1008
f 997/997/997 1014/1014/1014 1010/1010/1010
f 1001/1001/1001 999/999/999 1011/1011/1011
f 1002/1002/1002 1015/1015/1015 1013/1013/1013
f 997/997/997 996/996/996 1009/1009/1009
f 1006/1006/1006 1010/1010/1010 1011/1011/1011
f 1002/1002/1002 1001/1001/1001 1012/1012/1012
f 1016/1016/1016 1053/1053/1053 1017/1017/1017
f 1019/1019/1019 1059/1059/1059 1020/1020/1020
f 1022/1022/1022 1032/1032/1032 1023/1023/1023
f 1025/1025/1025 1028/1028/1028 1026/1026/1026
f 1028/1028/1028 1057/1057/1057 1029/1029/1029
f 1017/1017/1017 1053/1053/1053 1030/1030/1030
f 1021/1021/1021 1020/1020/1020 1022/1022/1022
f 1032/1032/1032 1025/1025/1025 1027/1027/1027
f 1033/1033/1033 1045/1045/1045 1034/1034/1034
f 1036/1036/1036 1047/1047/1047 1037/1037/1037
f 1039/1039/1039 1048/1048/1048 1040/1040/1040
f 1028/1028/1028 1025/1025/1025 1042/1042/1042
f 1044/1044/1044 1066/1066/1066 1045/1045/1045
f 1046/1046/1046 1067/1067/1067 1047/1047/1047
f 1048/1048/1048 1038/1038/1038 1037/1037/1037
f 1049/1049/1049 1070/1070/1070 1050/1050/1050
f 1022/1022/1022 1056/1056/1056 1052/1052/1052
f 1053/1053/1053 1016/1016/1016 1054/1054/1054
f 1020/1020/1020 1060/1060/1060 1056/1056/1056
f 1057/1057/1057 1028/1028/1028 1043/1043/1043
f 1059/1059/1059 1203/1203/1203 1060/1060/1060
f 1025/1025/1025 1032/1032/1032 1052/1052/1052
f 1053/1053/1053 1055/1055/1055 1061/1061/1061
f 1045/1045/1045 1254/1254/1254 1062/1062/1062
f 1047/1047/1047 1068/1068/1068 1063/1063/1063
f 1064/1064/1064 1069/1069/1069 1041/1041/1041
f 1065/1065/1065 1254/1254/1254 1045/1045/1045
f 1067/1067/1067 1255/1255/1255 1068/1068/1068
f 1037/1037/1037 1063/1063/1063 1064/1064/1064
f 1069/1069/1069 1071/1071/1071 1070/1070/1070
f 1071/1071/1071 1256/1256/1256 1050/1050/1050
f 1072/1072/1072 1083/1083/1083 1073/1073/1073
f 1073/1073/1073 1084/1084/1084 1075/1075/1075
f 1076/1076/1076 1087/1087/1087 1077/1077/1077
f 1079/1079/1079 1085/1085/1085 1080/1080/1080
f 1082/1082/1082 1090/1090/1090 1083/1083/1083
f 1084/1084/1084 1087/1087/1087 1076/1076/1076
f 1078/1078/1078 1077/1077/1077 1079/1079/1079
f 1085/1085/1085 1090/1090/1090 1082/1082/1082
f 1086/1086/1086 1257/1257/1257 1087/1087/1087
f 1077/1077/1077 1092/1092/1092 1088/1088/1088
f 1089/1089/1089 1258/1258/1258 1090/1090/1090
f 1083/1083/1083 1093/1093/1093 1091/1091/1091
f 1091/1091/1091 1086/1086/1086 1084/1084/1084
f 1087/1087/1087 1257/1257/1257 1092/1092/1092
f 1088/1088/1088 1089/1089/1089 1085/1085/1085
f 1090/1090/1090 1258/1258/1258 1093/1093/1093
f 1049/1049/1049 1039/1039/1039 1041/1041/1041
f 1094/1094/1094 1111/1111/1111 1095/1095/1095
f 1097/1097/1097 1107/1107/1107 1098/1098/1098
f 1100/1100/1100 1109/1109/1109 1101/1101/1101
f 1103/1103/1103 1110/1110/1110 1104/1104/1104
f 1106/1106/1106 1122/1122/1122 1098/1098/1098
f 1100/1100/1100 1116/1116/1116 1108/1108/1108
f 1102/1102/1102 1101/1101/1101 1104/1104/1104
f 1094/1094/1094 1103/1103/1103 1105/1105/1105
f 1112/1112/1112 1119/1119/1119 1103/1103/1103
f 1113/1113/1113 1102/1102/1102 1110/1110/1110
f 1115/1115/1115 1259/1259/1259 1116/1116/1116
f 1117/1117/1117 1106/1106/1106 1107/1107/1107
f 1119/1119/1119 1114/1114/1114 1110/1110/1110
f 1113/1113/1113 1115/1115/1115 1100/1100/1100
f 1120/1120/1120 1118/1118/1118 1107/1107/1107
f 1112/1112/1112 1094/1094/1094 1096/1096/1096
f 1122/1122/1122 1138/1138/1138 1123/1123/1123
f 1108/1108/1108 1260/1260/1260 1124/1124/1124
f 1104/1104/1104 1101/1101/1101 1125/1125/1125
f 1105/1105/1105 1130/1130/1130 1127/1127/1127
f 1111/1111/1111 1127/1127/1127 1128/1128/1128
f 1098/1098/1098 1123/1123/1123 1129/1129/1129
f 1101/1101/1101 1109/1109/1109 1124/1124/1124
f 1105/1105/1105 1104/1104/1104 1126/1126/1126
f 1127/1127/1127 1130/1130/1130 1131/1131/1131
f 1127/1127/1127 1132/1132/1132 1133/1133/1133
f 1129/1129/1129 1123/1123/1123 1134/1134/1134
f 1125/1125/1125 1124/1124/1124 1136/1136/1136
f 1126/1126/1126 1140/1140/1140 1131/1131/1131
f 1138/1138/1138 1141/1141/1141 1134/1134/1134
f 1124/1124/1124 1260/1260/1260 1139/1139/1139
f 1125/1125/1125 1137/1137/1137 1140/1140/1140
f 1141/1141/1141 1261/1261/1261 1142/1142/1142
f 1139/1139/1139 1156/1156/1156 1143/1143/1143
f 1140/1140/1140 1137/1137/1137 1144/1144/1144
f 1131/1131/1131 1149/1149/1149 1146/1146/1146
f 1132/1132/1132 1146/1146/1146 1147/1147/1147
f 1134/1134/1134 1142/1142/1142 1148/1148/1148
f 1137/1137/1137 1136/1136/1136 1143/1143/1143
f 1131/1131/1131 1140/1140/1140 1145/1145/1145
f 1142/1142/1142 1155/1155/1155 1150/1150/1150
f 1144/1144/1144 1143/1143/1143 1151/1151/1151
f 1145/1145/1145 1157/1157/1157 1153/1153/1153
f 1142/1142/1142 1261/1261/1261 1154/1154/1154
f 1156/1156/1156 1262/1262/1262 1151/1151/1151
f 1145/1145/1145 1144/1144/1144 1152/1152/1152
f 1149/1149/1149 1153/1153/1153 1158/1158/1158
f 1147/1147/1147 1146/1146/1146 1158/1158/1158
f 1163/1163/1163 1192/1192/1192 1164/1164/1164
f 1166/1166/1166 1263/1263/1263 1167/1167/1167
f 1169/1169/1169 1181/1181/1181 1170/1170/1170
f 1172/1172/1172 1193/1193/1193 1173/1173/1173
f 1175/1175/1175 1174/1174/1174 1173/1173/1173
f 1177/1177/1177 1189/1189/1189 1178/1178/1178
f 1180/1180/1180 1187/1187/1187 1181/1181/1181
f 1180/1180/1180 1264/1264/1264 1186/1186/1186
f 1160/1160/1160 1162/1162/1162 1164/1164/1164
f 1189/1189/1189 1175/1175/1175 1176/1176/1176
f 1182/1182/1182 1184/1184/1184 1162/1162/1162
f 1190/1190/1190 1185/1185/1185 1165/1165/1165
f 1161/1161/1161 1181/1181/1181 1187/1187/1187
f 1185/1185/1185 1190/1190/1190 1179/1179/1179
f 1192/1192/1192 1163/1163/1163 1176/1176/1176
f 1192/1192/1192 1173/1173/1173 1193/1193/1193
f 1160/1160/1160 1170/1170/1170 1181/1181/1181
f 1183/1183/1183 1182/1182/1182 1187/1187/1187
f 1163/1163/1163 1185/1185/1185 1178/1178/1178
f 1188/1188/1188 1193/1193/1193 1170/1170/1170
f 1171/1171/1171 1170/1170/1170 1193/1193/1193
f 1194/1194/1194 983/983/983 984/984/984
f 964/964/964 965/965/965 969/969/969
f 1195/1195/1195 981/981/981 983/983/983
f 962/962/962 969/969/969 973/973/973
f 1196/1196/1196 980/980/980 981/981/981
f 1194/1194/1194 973/973/973 968/968/968
f 978/978/978 980/980/980 1196/1196/1196
f 1195/1195/1195 968/968/968 972/972/972
f 975/975/975 988/988/988 1198/1198/1198
f 1197/1197/1197 1196/1196/1196 972/972/972
f 1200/1200/1200 975/975/975 1199/1199/1199
f 1199/1199/1199 1198/1198/1198 967/967/967
f 963/963/963 986/986/986 1202/1202/1202
f 1201/1201/1201 1199/1199/1199 966/966/966
f 964/964/964 1202/1202/1202 974/974/974
f 1042/1042/1042 1039/1039/1039 1049/1049/1049
f 1058/1058/1058 1043/1043/1043 1049/1049/1049
f 1056/1056/1056 1038/1038/1038 1048/1048/1048
f 1203/1203/1203 1046/1046/1046 1036/1036/1036
f 1055/1055/1055 1054/1054/1054 1044/1044/1044
f 1052/1052/1052 1048/1048/1048 1039/1039/1039
f 1060/1060/1060 1036/1036/1036 1038/1038/1038
f 1061/1061/1061 1055/1055/1055 1033/1033/1033
f 1204/1204/1204 1223/1223/1223 1205/1205/1205
f 1207/1207/1207 1240/1240/1240 1208/1208/1208
f 1210/1210/1210 1265/1265/1265 1211/1211/1211
f 1213/1213/1213 1233/1233/1233 1214/1214/1214
f 1216/1216/1216 1230/1230/1230 1217/1217/1217
f 1219/1219/1219 1266/1266/1266 1220/1220/1220
f 1222/1222/1222 1213/1213/1213 1215/1215/1215
f 1224/1224/1224 1266/1266/1266 1219/1219/1219
f 1212/1212/1212 1211/1211/1211 1226/1226/1226
f 1209/1209/1209 1208/1208/1208 1228/1228/1228
f 1230/1230/1230 1224/1224/1224 1225/1225/1225
f 1231/1231/1231 1222/1222/1222 1223/1223/1223
f 1231/1231/1231 1250/1250/1250 1232/1232/1232
f 1233/1233/1233 1237/1237/1237 1234/1234/1234
f 1214/1214/1214 1234/1234/1234 1235/1235/1235
f 1233/1233/1233 1213/1213/1213 1236/1236/1236
f 1223/1223/1223 1215/1215/1215 1235/1235/1235
f 1213/1213/1213 1222/1222/1222 1232/1232/1232
f 1238/1238/1238 1267/1267/1267 1216/1216/1216
f 1239/1239/1239 1245/1245/1245 1240/1240/1240
f 1229/1229/1229 1243/1243/1243 1241/1241/1241
f 1229/1229/1229 1228/1228/1228 1242/1242/1242
f 1239/1239/1239 1248/1248/1248 1244/1244/1244
f 1209/1209/1209 1241/1241/1241 1246/1246/1246
f 1228/1228/1228 1208/1208/1208 1247/1247/1247
f 1240/1240/1240 1249/1249/1249 1247/1247/1247
f 1207/1207/1207 1246/1246/1246 1248/1248/1248
f 1245/1245/1245 1244/1244/1244 1249/1249/1249
f 1226/1226/1226 1267/1267/1267 1238/1238/1238
f 1204/1204/1204 1206/1206/1206 1250/1250/1250
o Horns_LP_Checker_0
usemtl Checker
v -0.10549308868885582 0.2826441092892091 0.5043852352076065
v -0.1022536284717851 0.2716667164522659 0.4696810890023698
v -0.10214287559368734 0.25831396651880484 0.4788877436133207
v -0.08769123805259377 0.251597269014917 0.4835164327011506
v -0.10069604737990984 0.24403553692007274 0.45954407218904486
v -0.08623541698823678 0.23713549552653498 0.4641333626374293
v -0.07333279982210394 0.25830365491686813 0.47889620747436956
v -0.07180116910186773 0.2577976068517063 0.45040179052632584
v -0.07337011232889934 0.2716448415498217 0.46969151981853624
v -0.08787052882007068 0.2784511247928202 0.4648174085967339
v -0.10077853275585469 0.2578024944317888 0.45039761820048857
v -0.07180116910186773 0.2440359690546408 0.4595496154208147
v -0.07337011232889934 0.2716448415498217 0.46969151981853624
v -0.08642496720496634 0.264699644994094 0.4457713430713186
v -0.07903160723228136 0.28255264595140606 0.504308881674257
v -0.07768516068864251 0.2943177963504456 0.49477082550441526
v -0.09063293582276394 0.30076189180880236 0.48886087504554454
v -0.07768516068864251 0.2943177963504456 0.49477082550441526
v -0.10488274459057867 0.2943620229991238 0.4947907334481198
v -0.09949678705267334 0.24046583709098074 0.6876788785959453
v -0.08905551383520255 0.26051805256991456 0.6356871753650306
v -0.09876703995241876 0.2665562115962525 0.6358670015905576
v -0.1166499380026026 0.1846261958111049 0.7813165904496563
v -0.11082336803920484 0.19544702425654178 0.7374824994336382
v -0.11629114785139671 0.17240994082400934 0.7801419637316032
v -0.09043995088845597 0.2343464964991674 0.68724674592795
v -0.08892389188131927 0.2491993540884627 0.6344042468636109
v -0.08905551383520255 0.26051805256991456 0.6356871753650306
v -0.11218973743491456 0.3063442296445497 0.5216954926858318
v -0.11151697982437203 0.29296167679033525 0.5272253156615624
v -0.08633608923101221 0.30628221100802666 0.5216646770952759
v -0.09951923565151011 0.31366150364682843 0.517748472004893
v -0.08690455361669014 0.29293086117038947 0.5271069408447048
v -0.0924767682147748 0.27691306399292887 0.5091447265248892
v -0.08633608923101221 0.30628221100802666 0.5216646770952759
v -0.09848853725593076 0.28633566739707367 0.5296788822837689
v -0.10896427685847254 0.2605564975602353 0.6356583267113407
v -0.10845450814542523 0.24915222171283397 0.6343807626417731
v -0.10859708245254118 0.2343043411283281 0.6873279870638309
v -0.09844785708678083 0.18462889292188103 0.781320643564971
v -0.09287223012285906 0.19545559242493013 0.7374879830594391
v -0.0931507700722492 0.20738270533793685 0.7389772031326921
v -0.10788359996936614 0.190758977296481 0.7820339313343373
v -0.0931507700722492 0.20738270533793685 0.7389772031326921
v -0.10231159398753353 0.2135429794437664 0.7395635926112495
v -0.11105540146554849 0.207342934149184 0.73903603292225
v -0.11023989818454011 0.20293194096046435 0.853490300491821
v -0.11428960902341578 0.17158330734449773 0.83181889170825
v -0.10405212408187703 0.178044285869951 0.8262271406356498
v -0.12222159380715497 0.21895754059520087 0.8361530356379745
v -0.12524082976786421 0.19010544800950932 0.8177940352977301
v -0.1345578103983891 0.2136043441286352 0.8414880693307846
v -0.13492029603748845 0.2028834227688059 0.8534172848115078
v -0.12501035351283052 0.17801803001806632 0.8261875631566812
v -0.10465861623007167 0.1901915022345528 0.8179233773599817
v -0.11025194577309605 0.21369163515034087 0.8416193187414248
v -0.11025194577309605 0.21369163515034087 0.8416193187414248
v -0.11511698107904977 0.19609426867807578 0.8142041658567349
v -0.09842166084598758 0.24350885393432806 0.6335379539029087
v -0.10826560612919311 0.2226303095272052 0.6858131369526651
v -0.10638812691595861 0.1661031585037323 0.7795502694636486
v -0.1192929643550597 0.16804886632004257 0.8018806123708279
v -0.12019301682279215 0.18138161999907967 0.7994468930022204
v -0.11117335905492243 0.18797881076519604 0.7983311526067898
v -0.10120241117770046 0.18139769835558134 0.7994710328801954
v -0.09844785708678083 0.18462889292188103 0.781320643564971
v -0.10465861623007167 0.1901915022345528 0.8179233773599817
v -0.09791894783260785 0.17241913484252305 0.7801558516120275
v -0.10120241117770046 0.18139769835558134 0.7994710328801954
v -0.10013431086836055 0.16806664340930963 0.8019073748528376
v -0.10894265527406355 0.16106488616436537 0.8032596861440062
v -0.1225232976111032 0.1973213273768509 0.8615065299025717
v -0.14406691169589203 0.2352385112585128 0.8791819827149193
v -0.11565208176556041 0.23523848145619108 0.8791819827149242
v -0.1155026529244485 0.24671545772643297 0.8660905957731702
v -0.12953976997271688 0.2524640116470322 0.8598598830389284
v -0.1437317696869722 0.24671545772643297 0.8660905957731702
v -0.13174175921659703 0.2974482432751741 0.9284526609658399
v -0.13823726464277653 0.2896626861824179 0.9372531686293585
v -0.13154118959141092 0.28710976016762396 0.9401289142774832
v -0.1155026529244485 0.24671545772643297 0.8660905957731702
v -0.13276953698464766 0.25479003160323443 0.9111147500217219
v -0.14815136459131462 0.2616207823331152 0.9048948851562745
v -0.14809959795848426 0.27459152562110106 0.8927073427843264
v -0.13301440776107287 0.2811092924029977 0.8867006837794666
v -0.11788795624923798 0.27459152562110106 0.8927073427843264
v -0.11781086509352473 0.2616207823331152 0.9048948851562745
v -0.12964118727353535 0.22918086281008698 0.8869588995550772
v -0.11970007152035667 0.29077553174965826 0.9192802226827872
v -0.11980624229148973 0.2792382798219749 0.9295373492339973
v -0.13291780353521243 0.29658641739115427 0.9140623716444192
v -0.14587589772322995 0.2792382798219749 0.9295373492339973
v -0.13269473315712654 0.2734294803029422 0.9345093311178226
v -0.11970007152035667 0.29077553174965826 0.9192802226827872
v -0.1461062398678159 0.29077553174965826 0.9192802226827872
v -0.13823726464277653 0.2896626861824179 0.9372531686293585
v -0.13830792594757835 0.29485284896192904 0.93138979940363
v -0.13174175921659703 0.2974482432751741 0.9284526609658399
v -0.12515134829689523 0.29485284896192904 0.93138979940363
v -0.12515134829689523 0.29485284896192904 0.93138979940363
v -0.125081908887284 0.2896626861824179 0.9372531686293585
v -0.13154118959141092 0.28710976016762396 0.9401289142774832
v -0.12515134829689523 0.29485284896192904 0.93138979940363
v -0.11253060894018535 0.2865284633947563 0.5590088967792771
v -0.10144929361084187 0.189575966674972 0.7362400415975829
v -0.09031238950090725 0.2226760560856777 0.6857801755773879
v -0.09947759435748466 0.2645493164029507 0.5938307675246158
v -0.11006789408472412 0.2699470236056044 0.594440939380145
v -0.11052446565349844 0.28086650507214084 0.5956361299114572
v -0.09978446141367114 0.28667608026255753 0.595642149033945
v -0.08938228139171861 0.28080606596264074 0.5956296926198121
v -0.08942804285672207 0.270012320492409 0.5944404029277157
v -0.11365464820739662 0.3004446267487491 0.5530454499355618
v -0.10212527732271076 0.3076700202534256 0.5494683356868002
v -0.09012403882762698 0.3003837107860786 0.5529406649823133
v -0.08938228139171861 0.28080606596264074 0.5956296926198121
v -0.09016914464155257 0.2867127609013103 0.5586960319758183
v -0.09012403882762698 0.3003837107860786 0.5529406649823133
v -0.1008691467150491 0.2799529093110872 0.5613330617123486
v -0.09907851146731123 0.21684305610029292 0.6847301215241668
v -0.09043995088845597 0.2343464964991674 0.68724674592795
v -0.038109253240169866 0.2826441092892091 0.5043852352076065
v -0.04134870973195037 0.2716667164522659 0.4696810890023698
v -0.0387195936131568 0.2943620229991238 0.4947907334481198
v -0.0559111001511417 0.2515972988172339 0.48351640289882397
v -0.04290629082382563 0.2440355518212336 0.4595440721890424
v -0.041459462610048126 0.25831399632112656 0.4788877436133158
v -0.07180116910186773 0.2577976068517063 0.45040179052632584
v -0.07026953838163152 0.258303684719185 0.478896177672043
v -0.07023222587483613 0.2716448415498217 0.46969151981853624
v -0.042823809173170996 0.25780252423411054 0.4503976182004837
v -0.05573180565837457 0.2784511545951419 0.46481740859672904
v -0.05736692121549869 0.23713549552653013 0.4641333328351076
v -0.05717737472405934 0.264699644994094 0.4457713430713186
v -0.07023222587483613 0.2716448415498217 0.46969151981853624
v -0.0645707309714541 0.28255264595139634 0.5043088220696136
v -0.05112556998896067 0.2769130937952506 0.5091447265248843
v -0.06591717751509296 0.2943177963504456 0.49477082550441526
v -0.05296940238097153 0.30076189180880236 0.48886087504554454
v -0.06591717751509296 0.2943177963504456 0.49477082550441526
v -0.05454682436853292 0.26051805256990485 0.6356871157603872
v -0.04410554742577191 0.2404658519921416 0.6876788785959429
v -0.0448352945260265 0.2665562115962525 0.6358670015905576
v -0.03277897016453063 0.19544702425654178 0.7374824994336382
v -0.026952400201132876 0.18462621071226576 0.7813165904496538
v -0.027311190352338754 0.17240994082400934 0.7801419637316032
v -0.054678446322416197 0.24919936898962355 0.6344042468636084
v -0.0531623873152795 0.2343464964991674 0.68724674592795
v -0.05454682436853292 0.26051805256990485 0.6356871157603872
v -0.03141260076882091 0.3063442296445497 0.5216954926858318
v -0.03208535465407322 0.29296170659265697 0.5272253156615575
v -0.057266248972723255 0.30628224081033867 0.5216646174906275
v -0.04408310255222536 0.31366153344915015 0.5177484720048882
v -0.056697780861755115 0.2929308909727112 0.5271069408446999
v -0.04511379722251449 0.28633566739707367 0.5296788822837689
v -0.057266248972723255 0.30628224081033867 0.5216646174906275
v -0.03463806134526293 0.2605564975602353 0.6356583267113407
v -0.03500525202590407 0.23430435602948896 0.6873279870638285
v -0.03514782633302002 0.2491522515151557 0.6343807626417682
v -0.035336732074542354 0.2226303095272052 0.6858131369526651
v -0.04515447739166442 0.1846289078230419 0.7813206435649686
v -0.05073010808087641 0.19545559242493013 0.7374879830594391
v -0.04568339037112762 0.1724191497436839 0.780155851612025
v -0.03571873823436933 0.19075899219764186 0.782033931334335
v -0.050451571856776484 0.20738270533793685 0.7389772031326921
v -0.04515447739166442 0.1846289078230419 0.7813206435649686
v -0.03254693673818698 0.20734294905034487 0.7390360329222475
v -0.03336244001919536 0.2029319558616252 0.8534903004918185
v -0.029312729180319685 0.17158333714681945 0.8318188917082451
v -0.02107904059263227 0.19732135717917262 0.8615065299025668
v -0.018361508435871254 0.19010546291067018 0.8177940352977278
v -0.021380744396580498 0.21895755549636173 0.8361530356379722
v -0.00904452780534637 0.21360435902979605 0.8414880693307821
v -0.008682042166247017 0.20288343766996675 0.8534172848115054
v -0.03894372569895402 0.19019151713571367 0.8179233773599793
v -0.03335039243063942 0.21369165005150173 0.8416193187414224
v -0.028485357124685695 0.19609428357923664 0.8142041658567325
v -0.03335039243063942 0.21369165005150173 0.8416193187414224
v -0.045180673632457674 0.24350885393432806 0.6335379539029087
v -0.04452383046171446 0.21684307100145378 0.6847301215241643
v -0.024309373848675764 0.1680488812211937 0.8018805527661821
v -0.03721421501306707 0.1661031585037323 0.7795502694636486
v -0.03465968292967192 0.1610649159666871 0.8032596861440015
v -0.023409321380943315 0.18138163490024053 0.7994468930022179
v -0.01859197724032452 0.17801803001806632 0.8261875631566812
v -0.03242897914881304 0.1879788256663569 0.7983311526067873
v -0.04239992702603501 0.1813977132567422 0.7994710328801929
v -0.03894372569895402 0.19019151713571367 0.8179233773599793
v -0.04239992702603501 0.1813977132567422 0.7994710328801929
v -0.039550210396568225 0.178044285869951 0.8262271406356498
v -0.04346803106066513 0.1680666583104705 0.8019073748528351
v 0.0004645734921565614 0.23523852615967367 0.879181982714917
v 0.00012943148323674158 0.24671547262759383 0.8660905957731677
v -0.02795025643817506 0.23523849635735194 0.8791819827149218
v -0.028099685279286968 0.24671547262759383 0.8660905957731677
v -0.01406256823101859 0.2524640116470322 0.8598598830389284
v -0.011860571536558007 0.29744827307748617 0.9284526013611916
v -0.005365081011539374 0.2896626861824179 0.9372531686293585
v -0.005294404805576691 0.29485287876425076 0.9313897994036252
v -0.013961150930200117 0.22918087771124784 0.8869588995550748
v -0.028099685279286968 0.24671547262759383 0.8660905957731677
v -0.010832801219087806 0.25479003160323443 0.9111147500217219
v 0.004497252304168364 0.27459152562110106 0.8927073427843264
v -0.010587937893243027 0.2811092924029977 0.8867006837794666
v -0.02571438195449749 0.27459152562110106 0.8927073427843264
v -0.02579147311021074 0.2616207823331152 0.9048948851562745
v -0.023902266683378803 0.29077556155198 0.9192802226827823
v -0.02571438195449749 0.27459152562110106 0.8927073427843264
v -0.010684534668523038 0.29658641739114455 0.9140623120397757
v 0.0022735595194944835 0.27923830962429663 0.9295373492339926
v 0.004549026387579147 0.2616207823331152 0.9048948851562745
v -0.02379609591224574 0.27923830962429663 0.9295373492339926
v 0.002503894213500002 0.29077556155198 0.9192802226827823
v -0.005365081011539374 0.2896626861824179 0.9372531686293585
v -0.010907605046608926 0.2734295101052639 0.9345093311178178
v -0.005294404805576691 0.29485287876425076 0.9313897994036252
v -0.011860571536558007 0.29744827307748617 0.9284526013611916
v -0.023902266683378803 0.29077556155198 0.9192802226827823
v -0.018450989906840243 0.29485287876425076 0.9313897994036252
v -0.012061156062904976 0.28710976016762396 0.9401289142774832
v -0.012061156062904976 0.28710976016762396 0.9401289142774832
v -0.018450989906840243 0.29485287876425076 0.9313897994036252
v -0.01852042931645148 0.2896626861824179 0.9372531686293585
v -0.03107172926355012 0.2865284633947563 0.5590088967792771
v -0.042153044592893596 0.18957598157613287 0.7362400415975805
v -0.05328995242811843 0.2226760560856777 0.6857801755773879
v -0.044124743846250813 0.26454934620527243 0.593830767524611
v -0.03353444411901135 0.2699470534079164 0.5944408797754966
v -0.03307787255023703 0.28086653487446256 0.5956361299114523
v -0.043817876790064325 0.28667611006487925 0.5956421490339401
v -0.05422005681201686 0.28080609576495275 0.5956296330151638
v -0.0541742953470134 0.2700123502947307 0.5944404029277109
v -0.05422005681201686 0.28080609576495275 0.5956296330151638
v -0.029947689996338844 0.30044465655107083 0.553045449935557
v -0.04147706088102471 0.3076700202534256 0.5494683356868002
v -0.0534783031013987 0.3003837107860786 0.5529406649823133
v -0.0534331935621829 0.2867127609013103 0.5586960319758183
v -0.0534783031013987 0.3003837107860786 0.5529406649823133
v -0.04273319148868637 0.2799529093110872 0.5613330617123486
v -0.04129074049091172 0.21354299434492727 0.739563592611247
v -0.0531623873152795 0.2343464964991674 0.68724674592795
v -0.050451571856776484 0.20738270533793685 0.7389772031326921
v -0.07180116910186773 0.2577976068517063 0.45040179052632584
v -0.13830792594757835 0.29485284896192904 0.93138979940363
v -0.11788795624923798 0.27459152562110106 0.8927073427843264
v -0.125081908887284 0.2896626861824179 0.9372531686293585
v -0.07180116910186773 0.2440359690546408 0.4595496154208147
v -0.07180116910186773 0.2577976068517063 0.45040179052632584
v -0.018450989906840243 0.29485287876425076 0.9313897994036252
v -0.01852042931645148 0.2896626861824179 0.9372531686293585
vt 0.840602457523346 0.022628188133239746
vt 0.8467158675193787 0.025319814682006836
vt 0.8467158675193787 0.022628188133239746
vt 0.8467158675193787 0.020014047622680664
vt 0.8509284853935242 0.022628188133239746
vt 0.8509284853935242 0.020014047622680664
vt 0.8467158675193787 0.017438292503356934
vt 0.8509284853935242 0.014746665954589844
vt 0.8467158675193787 0.014746665954589844
vt 0.8467158675193787 0.027933955192565918
vt 0.8509284853935242 0.025319814682006836
vt 0.8509284853935242 0.017438292503356934
vt 0.8467158675193787 0.03050971031188965
vt 0.8509284853935242 0.027933955192565918
vt 0.840602457523346 0.017438292503356934
vt 0.840602457523346 0.03050971031188965
vt 0.840602457523346 0.027933955192565918
vt 0.840602457523346 0.014746665954589844
vt 0.840602457523346 0.025319814682006836
vt 0.8042247891426086 0.027933955192565918
vt 0.8144171833992004 0.03050971031188965
vt 0.8144171833992004 0.027933955192565918
vt 0.7853569388389587 0.025319814682006836
vt 0.793935239315033 0.022628188133239746
vt 0.7853569388389587 0.022628188133239746
vt 0.8042247891426086 0.014746665954589844
vt 0.8144171833992004 0.017438292503356934
vt 0.8144171833992004 0.014746665954589844
vt 0.8356330990791321 0.025319814682006836
vt 0.8356330990791321 0.022628188133239746
vt 0.8356330990791321 0.03050971031188965
vt 0.8356330990791321 0.027933955192565918
vt 0.8356330990791321 0.017438292503356934
vt 0.840602457523346 0.020014047622680664
vt 0.8356330990791321 0.014746665954589844
vt 0.8356330990791321 0.020014047622680664
vt 0.8144171833992004 0.025319814682006836
vt 0.8144171833992004 0.022628188133239746
vt 0.8042247891426086 0.025319814682006836
vt 0.7853569388389587 0.014746665954589844
vt 0.793935239315033 0.017438292503356934
vt 0.793935239315033 0.014746665954589844
vt 0.7853569388389587 0.027933955192565918
vt 0.793935239315033 0.03050971031188965
vt 0.793935239315033 0.027933955192565918
vt 0.793935239315033 0.025319814682006836
vt 0.7711411714553833 0.017438292503356934
vt 0.7775025963783264 0.020014047622680664
vt 0.7775025963783264 0.017438292503356934
vt 0.7711411714553833 0.027933955192565918
vt 0.7775025963783264 0.025319814682006836
vt 0.7711411714553833 0.025319814682006836
vt 0.7711411714553833 0.022628188133239746
vt 0.7775025963783264 0.022628188133239746
vt 0.7775025963783264 0.014746665954589844
vt 0.7711411714553833 0.014746665954589844
vt 0.7711411714553833 0.03050971031188965
vt 0.7775025963783264 0.027933955192565918
vt 0.8144171833992004 0.020014047622680664
vt 0.8042247891426086 0.022628188133239746
vt 0.7853569388389587 0.020014047622680664
vt 0.7817378640174866 0.022628188133239746
vt 0.7817378640174866 0.025319814682006836
vt 0.7817378640174866 0.027933955192565918
vt 0.7817378640174866 0.03050971031188965
vt 0.7853569388389587 0.03050971031188965
vt 0.7775025963783264 0.03050971031188965
vt 0.7853569388389587 0.017438292503356934
vt 0.7817378640174866 0.014746665954589844
vt 0.7817378640174866 0.017438292503356934
vt 0.7817378640174866 0.020014047622680664
vt 0.7711411714553833 0.020014047622680664
vt 0.7637802958488464 0.022628188133239746
vt 0.7637802958488464 0.017438292503356934
vt 0.7637802958488464 0.014746665954589844
vt 0.7637802958488464 0.027933955192565918
vt 0.7637802958488464 0.025319814682006836
vt 0.7415515184402466 0.021964430809020996
vt 0.7434054613113403 0.023011088371276855
vt 0.7440253496170044 0.02195441722869873
vt 0.7637802958488464 0.03050971031188965
vt 0.7571427822113037 0.020014047622680664
vt 0.7571427822113037 0.022628188133239746
vt 0.7571427822113037 0.025319814682006836
vt 0.7571427822113037 0.027933955192565918
vt 0.7571427822113037 0.03050971031188965
vt 0.7571427822113037 0.017438292503356934
vt 0.7637802958488464 0.020014047622680664
vt 0.7517293095588684 0.014746665954589844
vt 0.7517293095588684 0.017438292503356934
vt 0.7517293095588684 0.027933955192565918
vt 0.7517293095588684 0.022628188133239746
vt 0.7517293095588684 0.020014047622680664
vt 0.7517293095588684 0.03050971031188965
vt 0.7517293095588684 0.025319814682006836
vt 0.7491692900657654 0.022628188133239746
vt 0.7491692900657654 0.025319814682006836
vt 0.7491692900657654 0.027933955192565918
vt 0.7491692900657654 0.03050971031188965
vt 0.7491692900657654 0.014746665954589844
vt 0.7491692900657654 0.017438292503356934
vt 0.7491692900657654 0.020014047622680664
vt 0.7421828508377075 0.020924687385559082
vt 0.829951822757721 0.022628188133239746
vt 0.793935239315033 0.020014047622680664
vt 0.8042247891426086 0.017438292503356934
vt 0.8223385214805603 0.020014047622680664
vt 0.8223385214805603 0.022628188133239746
vt 0.8223385214805603 0.025319814682006836
vt 0.8223385214805603 0.027933955192565918
vt 0.8223385214805603 0.03050971031188965
vt 0.8223385214805603 0.017438292503356934
vt 0.829951822757721 0.025319814682006836
vt 0.829951822757721 0.027933955192565918
vt 0.829951822757721 0.03050971031188965
vt 0.8223385214805603 0.014746665954589844
vt 0.829951822757721 0.017438292503356934
vt 0.829951822757721 0.014746665954589844
vt 0.829951822757721 0.020014047622680664
vt 0.8042247891426086 0.020014047622680664
vt 0.8042247891426086 0.03050971031188965
vt 0.840602457523346 0.022628188133239746
vt 0.8467158675193787 0.025319814682006836
vt 0.840602457523346 0.025319814682006836
vt 0.8467158675193787 0.020014047622680664
vt 0.8509284853935242 0.022628188133239746
vt 0.8467158675193787 0.022628188133239746
vt 0.8509284853935242 0.014746665954589844
vt 0.8467158675193787 0.017438292503356934
vt 0.8467158675193787 0.014746665954589844
vt 0.8509284853935242 0.025319814682006836
vt 0.8467158675193787 0.027933955192565918
vt 0.8509284853935242 0.020014047622680664
vt 0.8509284853935242 0.027933955192565918
vt 0.8467158675193787 0.03050971031188965
vt 0.840602457523346 0.017438292503356934
vt 0.840602457523346 0.020014047622680664
vt 0.840602457523346 0.03050971031188965
vt 0.840602457523346 0.027933955192565918
vt 0.840602457523346 0.014746665954589844
vt 0.8144171833992004 0.03050971031188965
vt 0.8042247891426086 0.027933955192565918
vt 0.8144171833992004 0.027933955192565918
vt 0.793935239315033 0.022628188133239746
vt 0.7853569388389587 0.025319814682006836
vt 0.7853569388389587 0.022628188133239746
vt 0.8144171833992004 0.017438292503356934
vt 0.8042247891426086 0.014746665954589844
vt 0.8144171833992004 0.014746665954589844
vt 0.8356330990791321 0.025319814682006836
vt 0.8356330990791321 0.022628188133239746
vt 0.8356330990791321 0.03050971031188965
vt 0.8356330990791321 0.027933955192565918
vt 0.8356330990791321 0.017438292503356934
vt 0.8356330990791321 0.020014047622680664
vt 0.8356330990791321 0.014746665954589844
vt 0.8144171833992004 0.025319814682006836
vt 0.8042247891426086 0.025319814682006836
vt 0.8144171833992004 0.022628188133239746
vt 0.8042247891426086 0.022628188133239746
vt 0.7853569388389587 0.014746665954589844
vt 0.793935239315033 0.017438292503356934
vt 0.7853569388389587 0.017438292503356934
vt 0.7853569388389587 0.027933955192565918
vt 0.793935239315033 0.03050971031188965
vt 0.7853569388389587 0.03050971031188965
vt 0.793935239315033 0.025319814682006836
vt 0.7711411714553833 0.017438292503356934
vt 0.7775025963783264 0.020014047622680664
vt 0.7711411714553833 0.020014047622680664
vt 0.7775025963783264 0.025319814682006836
vt 0.7711411714553833 0.027933955192565918
vt 0.7711411714553833 0.025319814682006836
vt 0.7711411714553833 0.022628188133239746
vt 0.7775025963783264 0.014746665954589844
vt 0.7711411714553833 0.014746665954589844
vt 0.7775025963783264 0.027933955192565918
vt 0.7711411714553833 0.03050971031188965
vt 0.8144171833992004 0.020014047622680664
vt 0.8042247891426086 0.020014047622680664
vt 0.7817378640174866 0.022628188133239746
vt 0.7853569388389587 0.020014047622680664
vt 0.7817378640174866 0.020014047622680664
vt 0.7817378640174866 0.025319814682006836
vt 0.7775025963783264 0.022628188133239746
vt 0.7817378640174866 0.027933955192565918
vt 0.7817378640174866 0.03050971031188965
vt 0.7775025963783264 0.03050971031188965
vt 0.7817378640174866 0.014746665954589844
vt 0.7775025963783264 0.017438292503356934
vt 0.7817378640174866 0.017438292503356934
vt 0.7637802958488464 0.022628188133239746
vt 0.7637802958488464 0.025319814682006836
vt 0.7637802958488464 0.017438292503356934
vt 0.7637802958488464 0.014746665954589844
vt 0.7637802958488464 0.027933955192565918
vt 0.7415515184402466 0.021964430809020996
vt 0.7434054613113403 0.023011088371276855
vt 0.7421637773513794 0.023011088371276855
vt 0.7637802958488464 0.020014047622680664
vt 0.7637802958488464 0.03050971031188965
vt 0.7571427822113037 0.020014047622680664
vt 0.7571427822113037 0.025319814682006836
vt 0.7571427822113037 0.027933955192565918
vt 0.7571427822113037 0.03050971031188965
vt 0.7571427822113037 0.017438292503356934
vt 0.7517293095588684 0.014746665954589844
vt 0.7571427822113037 0.014746665954589844
vt 0.7517293095588684 0.027933955192565918
vt 0.7517293095588684 0.022628188133239746
vt 0.7571427822113037 0.022628188133239746
vt 0.7517293095588684 0.017438292503356934
vt 0.7517293095588684 0.025319814682006836
vt 0.7491692900657654 0.022628188133239746
vt 0.7517293095588684 0.020014047622680664
vt 0.7491692900657654 0.025319814682006836
vt 0.7491692900657654 0.027933955192565918
vt 0.7517293095588684 0.03050971031188965
vt 0.7491692900657654 0.014746665954589844
vt 0.7491692900657654 0.020014047622680664
vt 0.7440253496170044 0.02195441722869873
vt 0.7421828508377075 0.020924687385559082
vt 0.7434250116348267 0.020924687385559082
vt 0.829951822757721 0.022628188133239746
vt 0.793935239315033 0.020014047622680664
vt 0.8042247891426086 0.017438292503356934
vt 0.8223385214805603 0.020014047622680664
vt 0.8223385214805603 0.022628188133239746
vt 0.8223385214805603 0.025319814682006836
vt 0.8223385214805603 0.027933955192565918
vt 0.8223385214805603 0.03050971031188965
vt 0.8223385214805603 0.017438292503356934
vt 0.8223385214805603 0.014746665954589844
vt 0.829951822757721 0.025319814682006836
vt 0.829951822757721 0.027933955192565918
vt 0.829951822757721 0.03050971031188965
vt 0.829951822757721 0.017438292503356934
vt 0.829951822757721 0.014746665954589844
vt 0.829951822757721 0.020014047622680664
vt 0.793935239315033 0.027933955192565918
vt 0.8042247891426086 0.03050971031188965
vt 0.793935239315033 0.014746665954589844
vt 0.8509284853935242 0.03050971031188965
vt 0.7421637773513794 0.023011088371276855
vt 0.7571427822113037 0.014746665954589844
vt 0.7434250116348267 0.020924687385559082
vt 0.8509284853935242 0.017438292503356934
vt 0.8509284853935242 0.03050971031188965
vt 0.7491692900657654 0.03050971031188965
vt 0.7491692900657654 0.017438292503356934
vn -0.8744265665153833 -0.4678159226948346 0.12855521088349042
vn -0.8707969456777063 0.3355194282792881 -0.3593596981375594
vn -0.8516329458830488 -0.4398647633456488 0.2850268679500874
vn 0.008572232047978887 -0.7591885521892994 0.6508143045926628
vn -0.8510241653822601 -0.4500383370700744 0.27059816167636724
vn 0.017947157904664352 -0.8014003643509475 0.5978589762990211
vn 0.8518036848559675 -0.3341891928713521 0.4034204578771261
vn 0.8731052577965734 0.42648834717461376 -0.23620943785599455
vn 0.8752578748039316 0.4286730053646549 -0.22397121927903935
vn 0.00917126416123874 0.7781342170752442 -0.6280310725835
vn -0.865768608931945 0.37271628195799505 -0.33395701662257843
vn 0.861049631819352 -0.3743124253289929 0.34421467108199444
vn 0.8752578748039316 0.4286730053646549 -0.22397121927903935
vn 0.0171844085405853 0.8122438821371606 -0.5830648094627773
vn 0.8531651781456105 -0.2841596084977969 0.43744999222556524
vn 0.8640079614064128 0.4887936540968217 -0.12071042349777134
vn 0.0452889708437206 0.8380331889098771 -0.5437364098581766
vn 0.8640079614064128 0.4887936540968217 -0.12071042349777134
vn -0.8319418594893914 0.3805482699011956 -0.40380163038866085
vn 0.004604074678075067 0.8876897923369028 0.4604189777552886
vn 0.8620848539434564 0.45100224194693994 0.2310988584137169
vn 0.01700890965205273 0.8909839971886538 0.45371600560943115
vn -0.9092740223014031 0.4159047515035124 -0.015620180684901029
vn -0.8529377522420538 -0.42259223997828105 -0.3064522630205423
vn -0.8238903582958377 -0.4842310502644325 -0.29449103121650616
vn 0.8671200545663608 0.4285657360360808 0.25383896640327613
vn 0.8694055896673473 -0.4404233868575405 -0.22396687470272367
vn 0.8620848539434564 0.45100224194693994 0.2310988584137169
vn -0.8578095750088651 0.49148886745592335 -0.15033770714629124
vn -0.8741945923612394 -0.48117309238064465 -0.06524009392401298
vn 0.7908743417270567 0.6026448172311304 0.10647534861296355
vn -0.05199382892304306 0.9860971326853943 -0.15782612794960482
vn 0.8906862711008043 -0.37862800327271445 0.251632274579915
vn 0.02141866486627246 -0.8167376756552344 0.5766114896189908
vn 0.7908743417270567 0.6026448172311304 0.10647534861296355
vn 0.002323831969411671 -0.9956716651464156 0.09291143648411528
vn -0.8667029392665933 0.43738805429876915 0.2398284908499925
vn -0.8453927298451097 -0.47984858273127556 -0.2346411514969606
vn -0.8809379627277045 0.42784478079163246 0.20223043632085078
vn 0.871706713215292 0.4140437918385536 0.262097585977714
vn 0.8971939666276927 -0.417773239517489 -0.1432079138523054
vn 0.8590785369846416 0.4188928545805022 0.2941306574869844
vn -0.014592780279568762 0.9430064808498722 0.33245424924168415
vn 0.8590785369846416 0.4188928545805022 0.2941306574869844
vn -0.007820992203155708 0.8838880823978168 0.4676330718373848
vn -0.8879631605559712 0.4338047983808739 0.1527573971929995
vn 0.8847611133437805 -0.21036660364351742 0.41586495931511847
vn 0.029081621183761446 -0.8517899573464842 0.5230756425919665
vn 0.8877373583786622 -0.30467743864004104 0.3451000448024007
vn 0.002989595204238964 0.631049250063636 -0.7757370084729989
vn -0.8780215965680853 0.2031065570741272 -0.43338874285510054
vn -0.8524047724965256 0.1487929644074311 -0.5012651569458978
vn -0.8700597485836875 -0.4562070439157895 0.18673823115823754
vn -0.8496605715220007 -0.520039541806808 0.08738299696321138
vn 0.8814651429240609 0.45504258214046817 -0.1263148853017733
vn 0.877509130825366 0.4040722787313356 -0.2582698566983312
vn 0.877509130825366 0.4040722787313356 -0.2582698566983312
vn -0.0018088913755026329 0.7982074109639299 -0.6023799938529264
vn 0.018508819757252423 -0.8878611726947553 -0.4597390146727678
vn -0.8599944077481276 -0.4419315555909502 -0.25515900692491755
vn 0.04632303767005246 -0.9430495840261311 -0.32941107790898566
vn -0.8164355869813132 -0.57068767401117 -0.08802562719003575
vn -0.921765633227964 0.3003549201541185 -0.24522446725207378
vn -0.022658852657127648 0.9880836865429792 -0.1522406147645837
vn 0.8920573188289683 0.44437968047458354 0.08222189188397173
vn 0.871706713215292 0.4140437918385536 0.262097585977714
vn 0.8814651429240609 0.45504258214046817 -0.1263148853017733
vn 0.8896768072989022 -0.45095382244987153 -0.07152502060315717
vn 0.8920573188289683 0.44437968047458354 0.08222189188397173
vn 0.8852680626052732 -0.44433914863026946 0.13734328642359472
vn 0.05416700134457607 -0.9941945231902664 0.09296873680875503
vn 0.0014352324315041053 -0.6968872407412927 0.71717927591353
vn -0.8849223454051353 -0.4004645376084765 0.23778266698963468
vn 0.8878675414374773 -0.22968465256531195 0.39866801882985503
vn 0.8597168845616879 0.38704076593937636 -0.333296150443725
vn -0.010500760655703744 0.6293068436241009 -0.7770859866150741
vn -0.8496190855229366 0.2233129089477659 -0.47778525951776224
vn 0.01929067274621673 0.9776809274833996 0.2092077292553925
vn -0.5067097769962025 0.34856857224585 0.7885081815294933
vn 0.02079672914533792 0.09773472335494734 0.9949951858715635
vn 0.8597168845616879 0.38704076593937636 -0.333296150443725
vn -0.013380875171113468 -0.7430122837357932 0.6691440042303121
vn -0.8878957778626572 -0.3595675773716986 0.28697080854455287
vn -0.8569852751228848 0.38866359630636826 -0.3384033793104815
vn -0.01583288304036578 0.7824182096774512 -0.6225520580479692
vn 0.8462226391125789 0.44524858595479266 -0.29267890555795045
vn 0.8866853968541234 -0.30713277201787803 0.3456276426419909
vn -0.014191957167195285 -0.6695309252456965 0.742648590176677
vn 0.8278255305235129 0.5573313816916229 -0.06392669235280919
vn 0.8419025264842548 -0.2328090825667357 0.4868265265716975
vn -0.006994307388868906 0.9509202173562581 -0.30935710738122224
vn -0.8274229841338179 -0.19093476863316552 0.5281241515534837
vn -0.005312904791087755 -0.6107829798161716 0.7917802249422242
vn 0.8278255305235129 0.5573313816916229 -0.06392669235280919
vn -0.8185898601183947 0.5741729250831453 -0.015365318506676592
vn -0.5067097769962025 0.34856857224585 0.7885081815294933
vn -0.4752416598152566 0.7814351362340525 0.40435688770553646
vn 0.01929067274621673 0.9776809274833996 0.2092077292553925
vn 0.5314959334425452 0.762441616463968 0.36904587007287976
vn 0.5314959334425452 0.762441616463968 0.36904587007287976
vn 0.5647989221088803 0.32608910148007825 0.7580686482638377
vn 0.02079672914533792 0.09773472335494734 0.9949951858715635
vn 0.5314959334425452 0.762441616463968 0.36904587007287976
vn -0.8489289847276256 -0.5112459262204204 -0.13396709227398762
vn 0.03876066986926845 -0.8822194927826884 -0.46924021249839803
vn 0.8848634663839701 -0.42575173253756476 -0.18908227865193167
vn 0.012793128102062712 -0.8953566486826222 -0.4451660449014364
vn -0.8400257527649411 -0.5017694748960229 -0.20635922260529943
vn -0.8494597340035204 0.4554547050295754 0.2664191659267228
vn 0.01433614805602147 0.9003489598498795 0.43493243769136813
vn 0.854069624884101 0.4739974615031886 0.21422297341523414
vn 0.8534250921899976 -0.46116791270650986 -0.2428780935169224
vn -0.858575304081388 0.48211334117340565 0.17439946526342165
vn -0.029267346192387973 0.9594452130903958 0.28037172739914445
vn 0.8065271919123639 0.5432376803421501 0.233252462714624
vn 0.854069624884101 0.4739974615031886 0.21422297341523414
vn 0.8729935273857179 -0.47291563577266765 -0.11930256738383917
vn 0.8065271919123639 0.5432376803421501 0.233252462714624
vn 0.0036642336208942143 -0.9424350546935601 -0.3343691688489204
vn 0.01960201778755905 -0.8859344774256459 -0.46339601056461843
vn 0.8671200545663608 0.4285657360360808 0.25383896640327613
vn 0.874426065252892 -0.467816660943377 0.12855593393591166
vn 0.8707974631506147 0.3355188708557412 -0.35935896464418743
vn 0.8319420556066969 0.38054792526404146 -0.40380155112398597
vn -0.008572636312019974 -0.7591882971005959 0.6508145968339673
vn 0.8510241057078857 -0.45003806709441685 0.270598798352865
vn 0.8516329065546595 -0.43986489302754367 0.2850267853292566
vn -0.8731049602302282 0.42648882423484263 -0.23620967639822257
vn -0.8518040041841164 -0.33418836676499486 0.4034204679671706
vn -0.8752580124973135 0.42867259718502215 -0.22397146242747232
vn 0.8657679097217071 0.37271679964719284 -0.3339582515178511
vn -0.00917161403424295 0.7781337934402713 -0.6280315923600184
vn -0.017945933604494115 -0.8013994696324773 0.5978602123739686
vn -0.017186690162559637 0.8122432805088943 -0.5830655803161476
vn -0.8752580124973135 0.42867259718502215 -0.22397146242747232
vn -0.8531654098624023 -0.28415960626574127 0.43744954175449535
vn -0.021420465503842138 -0.8167380241035749 0.576610929172338
vn -0.8640084569587626 0.48879291570896294 -0.12070986644209566
vn -0.04528845422388982 0.8380331011511619 -0.543736588146298
vn -0.8640084569587626 0.48879291570896294 -0.12070986644209566
vn -0.862084886775136 0.4510021981382594 0.23109882143437974
vn -0.004604185037461634 0.8876897918858502 0.4604189775213406
vn -0.017008648003874863 0.8909838319933758 0.453716339819804
vn 0.8529376066805913 -0.42259234613129276 -0.3064525217733325
vn 0.909273942806693 0.4159049212196292 -0.015620289307973203
vn 0.8238895765762293 -0.4842319157299689 -0.2944917951276843
vn -0.8694056163910503 -0.44042301257298383 -0.2239675069822296
vn -0.8671203557655245 0.4285651717049973 0.25383889027991097
vn -0.862084886775136 0.4510021981382594 0.23109882143437974
vn 0.8578101425929524 0.491487863322989 -0.15033775131636617
vn 0.8741951223352625 -0.48117210534410065 -0.06524027225541913
vn -0.7908740426333172 0.6026453386710485 0.10647461888587044
vn 0.051995950217524775 0.9860970439039046 -0.15782598380798213
vn -0.8906867080352373 -0.3786279818458613 0.25163076022752545
vn -0.0023233684962013774 -0.9956717048166901 0.09291102295345274
vn -0.7908740426333172 0.6026453386710485 0.10647461888587044
vn 0.8667028239699637 0.43738808607569946 0.23982884956052872
vn 0.8809383974254227 0.4278440740181624 0.20223003799898093
vn 0.8453935714394322 -0.4798474204578518 -0.23464049618262237
vn 0.8599942247923774 -0.4419317918811754 -0.2551592143122626
vn -0.8717059864771064 0.41404492036410356 0.2620982202546559
vn -0.8971933478458838 -0.4177743634668766 -0.14320851165674875
vn -0.8896777677033129 -0.45095200669060853 -0.07152452248119938
vn 0.01459251149018692 0.9430063845080486 0.3324545343132906
vn -0.8590789135335742 0.4188923564283065 0.29413026714011314
vn -0.8717059864771064 0.41404492036410356 0.2620982202546559
vn 0.887963349806515 0.4338044749708731 0.1527572155272467
vn -0.8847609620999893 -0.2103669819986422 0.41586508969698815
vn -0.029081756368039485 -0.8517898150332178 0.5230758668226115
vn -0.0014350185254025365 -0.6968873916403315 0.7171791297120732
vn 0.8780218037455636 0.20310671264695673 -0.43338825021582383
vn -0.0029900462010475004 0.6310493209496678 -0.7757369490701593
vn 0.8524046257013244 0.14879325761528725 -0.5012653195376836
vn 0.8700597899981538 -0.45620685846552195 0.18673849125819747
vn -0.8814652249617256 0.4550423851048935 -0.12631502262686106
vn -0.8775090323805128 0.4040725267114696 -0.2582698032051456
vn 0.0018092302625773594 0.798207769519849 -0.6023795177162024
vn -0.8775090323805128 0.4040725267114696 -0.2582698032051456
vn -0.018507477644988755 -0.88786082621939 -0.4597397378259162
vn -0.019601861243282847 -0.8859346771093619 -0.4633956354249893
vn 0.8164353655484305 -0.5706880018484063 -0.08802555553970721
vn -0.04632571998944409 -0.9430494508340914 -0.3294110820069329
vn -0.05416617304608493 -0.9941944487873263 0.09297001504789482
vn 0.9217657111326105 0.30035467865685644 -0.24522447020868274
vn 0.8496593211486724 -0.520041509570496 0.08738344413455397
vn 0.022657538573058775 0.9880836464548631 -0.1522410705239272
vn -0.8920571693889676 0.4443799337462077 0.08222214437400066
vn -0.8814652249617256 0.4550423851048935 -0.12631502262686106
vn -0.8920571693889676 0.4443799337462077 0.08222214437400066
vn -0.887736788025008 -0.30467844028011687 0.3451006276660729
vn -0.8852682285354115 -0.44433866555591844 0.13734377975634787
vn 0.8849221575464442 -0.40046491811681695 0.23778272527885017
vn 0.8496188668011423 0.2233128247178125 -0.47778568782676445
vn -0.8878676008960636 -0.2296845780217453 0.39866792935730455
vn -0.8597163161399046 0.3870415830385258 -0.33329666779291933
vn 0.010500969272839571 0.629306545654771 -0.7770862251001431
vn -0.01929280719971292 0.9776810993214493 0.20920672938497337
vn 0.506710070147745 0.34856600589525155 0.7885091276231991
vn 0.4752375545299681 0.7814355762934684 0.40436086218533884
vn 0.01419142709427775 -0.669531275779208 0.7426482842843534
vn -0.8597163161399046 0.3870415830385258 -0.33329666779291933
vn 0.013380730856886435 -0.7430119204818116 0.6691444104703149
vn 0.8569851586612228 0.38866335913381106 -0.33840394663954654
vn 0.015832607303103298 0.782418027611717 -0.6225522938791378
vn -0.8462225834797444 0.4452482869027802 -0.2926795213522916
vn -0.8866856045245662 -0.3071323945831284 0.3456274452738641
vn -0.8278254622856627 0.5573314950886301 -0.06392658737803333
vn -0.8462225834797444 0.4452482869027802 -0.2926795213522916
vn 0.006993472176235559 0.9509193482645695 -0.30935979771619737
vn 0.8274233776286369 -0.1909337647778332 0.5281238979835898
vn 0.8878962381448505 -0.35956682560958375 0.28697032635669817
vn -0.8419023415542661 -0.2328094996891133 0.4868266469082692
vn 0.8185897875571372 0.5741729755994683 -0.015367296392442987
vn 0.506710070147745 0.34856600589525155 0.7885091276231991
vn 0.005313181758760108 -0.6107846967637781 0.7917788986192913
vn 0.4752375545299681 0.7814355762934684 0.40436086218533884
vn -0.01929280719971292 0.9776810993214493 0.20920672938497337
vn -0.8278254622856627 0.5573314950886301 -0.06392658737803333
vn -0.5314972735855105 0.7624396571782339 0.3690479878458978
vn -0.020792854039661225 0.097732604915038 0.994995474943181
vn -0.020792854039661225 0.097732604915038 0.994995474943181
vn -0.5314972735855105 0.7624396571782339 0.3690479878458978
vn -0.5647936871603858 0.326089822660071 0.7580722383132755
vn 0.8489294914986366 -0.5112451693868544 -0.1339667691723319
vn -0.03875985194879589 -0.882219470581979 -0.469240321799992
vn -0.8848634167534714 -0.42575203423621555 -0.1890818315838331
vn -0.012795945223417522 -0.8953567588394206 -0.44516574237738343
vn 0.8400245562216161 -0.5017713679838551 -0.2063594902501149
vn 0.8494611018567366 0.45545246821797225 0.2664186285275416
vn -0.01433444280725721 0.9003489589134279 0.43493249583459753
vn -0.8540697262794051 0.4739973952894527 0.2142227156765506
vn -0.8534255421750998 -0.4611672723476369 -0.2428777282473171
vn -0.8540697262794051 0.4739973952894527 0.2142227156765506
vn 0.8585740862082315 0.4821152973179295 0.174400053279076
vn 0.02926557813810656 0.9594452594448588 0.28037175332944997
vn -0.8065272406002288 0.5432378323451393 0.23325194035363275
vn -0.8729931016872162 -0.4729163166399063 -0.11930298345924825
vn -0.8065272406002288 0.5432378323451393 0.23325194035363275
vn -0.003662478840264129 -0.9424351304288827 -0.3343689746107429
vn 0.007820444123706473 0.8838881354631359 0.4676329807030388
vn -0.8671203557655245 0.4285651717049973 0.25383889027991097
vn -0.8590789135335742 0.4188923564283065 0.29413026714011314
vn 0.8731052577965734 0.42648834717461376 -0.23620943785599455
vn -0.4752416598152566 0.7814351362340525 0.40435688770553646
vn 0.8462226391125789 0.44524858595479266 -0.29267890555795045
vn 0.5647989221088803 0.32608910148007825 0.7580686482638377
vn -0.8610487303862449 -0.37431329028619365 0.3442159854152037
vn -0.8731049602302282 0.42648882423484263 -0.23620967639822257
vn -0.5314972735855105 0.7624396571782339 0.3690479878458978
vn -0.5647936871603858 0.326089822660071 0.7580722383132755
f 1268/1268/1268 1269/1269/1269 1270/1270/1270
f 1271/1271/1271 1272/1272/1272 1273/1273/1273
f 1274/1274/1274 1275/1275/1275 1276/1276/1276
f 1277/1277/1277 1278/1278/1278 1269/1269/1269
f 1274/1274/1274 1273/1273/1273 1279/1279/1279
f 1280/1280/1280 1281/1281/1281 1277/1277/1277
f 1270/1270/1270 1278/1278/1278 1272/1272/1272
f 1282/1282/1282 1271/1271/1271 1274/1274/1274
f 1283/1283/1283 1277/1277/1277 1284/1284/1284
f 1282/1282/1282 1276/1276/1276 1285/1285/1285
f 1284/1284/1284 1269/1269/1269 1286/1286/1286
f 1287/1287/1287 1288/1288/1288 1289/1289/1289
f 1290/1290/1290 1291/1291/1291 1292/1292/1292
f 1293/1293/1293 1294/1294/1294 1295/1295/1295
f 1296/1296/1296 1268/1268/1268 1297/1297/1297
f 1298/1298/1298 1284/1284/1284 1299/1299/1299
f 1300/1300/1300 1301/1301/1301 1282/1282/1282
f 1302/1302/1302 1282/1282/1282 1285/1285/1285
f 1303/1303/1303 1268/1268/1268 1301/1301/1301
f 1304/1304/1304 1287/1287/1287 1289/1289/1289
f 1305/1305/1305 1306/1306/1306 1304/1304/1304
f 1307/1307/1307 1308/1308/1308 1309/1309/1309
f 1310/1310/1310 1311/1311/1311 1312/1312/1312
f 1310/1310/1310 1313/1313/1313 1290/1290/1290
f 1314/1314/1314 1315/1315/1315 1316/1316/1316
f 1317/1317/1317 1318/1318/1318 1319/1319/1319
f 1320/1320/1320 1318/1318/1318 1321/1321/1321
f 1314/1314/1314 1322/1322/1322 1323/1323/1323
f 1324/1324/1324 1325/1325/1325 1317/1317/1317
f 1326/1326/1326 1327/1327/1327 1305/1305/1305
f 1270/1270/1270 1301/1301/1301 1268/1268/1268
f 1299/1299/1299 1286/1286/1286 1296/1296/1296
f 1328/1328/1328 1329/1329/1329 1292/1292/1292
f 1329/1329/1329 1315/1315/1315 1321/1321/1321
f 1292/1292/1292 1330/1330/1330 1290/1290/1290
f 1330/1330/1330 1321/1321/1321 1318/1318/1318
f 1290/1290/1290 1331/1331/1331 1310/1310/1310
f 1330/1330/1330 1325/1325/1325 1331/1331/1331
f 1310/1310/1310 1332/1332/1332 1333/1333/1333
f 1331/1331/1331 1334/1334/1334 1332/1332/1332
f 1335/1335/1335 1336/1336/1336 1337/1337/1337
f 1336/1336/1336 1316/1316/1316 1337/1337/1337
f 1328/1328/1328 1337/1337/1337 1338/1338/1338
f 1338/1338/1338 1316/1316/1316 1315/1315/1315
f 1339/1339/1339 1321/1321/1321 1315/1315/1315
f 1340/1340/1340 1319/1319/1319 1320/1320/1320
f 1341/1341/1341 1323/1323/1323 1342/1342/1342
f 1343/1343/1343 1319/1319/1319 1344/1344/1344
f 1345/1345/1345 1346/1346/1346 1347/1347/1347
f 1341/1341/1341 1339/1339/1339 1314/1314/1314
f 1348/1348/1348 1317/1317/1317 1343/1343/1343
f 1340/1340/1340 1349/1349/1349 1350/1350/1350
f 1340/1340/1340 1351/1351/1351 1344/1344/1344
f 1344/1344/1344 1352/1352/1352 1343/1343/1343
f 1343/1343/1343 1353/1353/1353 1348/1348/1348
f 1342/1342/1342 1354/1354/1354 1341/1341/1341
f 1355/1355/1355 1354/1354/1354 1349/1349/1349
f 1355/1355/1355 1320/1320/1320 1339/1339/1339
f 1354/1354/1354 1356/1356/1356 1357/1357/1357
f 1351/1351/1351 1358/1358/1358 1352/1352/1352
f 1349/1349/1349 1359/1359/1359 1350/1350/1350
f 1349/1349/1349 1357/1357/1357 1360/1360/1360
f 1353/1353/1353 1358/1358/1358 1361/1361/1361
f 1350/1350/1350 1362/1362/1362 1351/1351/1351
f 1360/1360/1360 1363/1363/1363 1359/1359/1359
f 1359/1359/1359 1364/1364/1364 1362/1362/1362
f 1362/1362/1362 1365/1365/1365 1358/1358/1358
f 1361/1361/1361 1365/1365/1365 1366/1366/1366
f 1357/1357/1357 1367/1367/1367 1368/1368/1368
f 1357/1357/1357 1369/1369/1369 1360/1360/1360
f 1347/1347/1347 1370/1370/1370 1345/1345/1345
f 1303/1303/1303 1371/1371/1371 1297/1297/1297
f 1372/1372/1372 1335/1335/1335 1328/1328/1328
f 1373/1373/1373 1326/1326/1326 1294/1294/1294
f 1374/1374/1374 1305/1305/1305 1375/1375/1375
f 1375/1375/1375 1304/1304/1304 1376/1376/1376
f 1376/1376/1376 1289/1289/1289 1377/1377/1377
f 1378/1378/1378 1289/1289/1289 1288/1288/1288
f 1379/1379/1379 1295/1295/1295 1294/1294/1294
f 1374/1374/1374 1294/1294/1294 1326/1326/1326
f 1371/1371/1371 1376/1376/1376 1380/1380/1380
f 1297/1297/1297 1380/1380/1380 1296/1296/1296
f 1380/1380/1380 1377/1377/1377 1381/1381/1381
f 1296/1296/1296 1381/1381/1381 1299/1299/1299
f 1377/1377/1377 1382/1382/1382 1381/1381/1381
f 1298/1298/1298 1381/1381/1381 1382/1382/1382
f 1383/1383/1383 1384/1384/1384 1385/1385/1385
f 1300/1300/1300 1385/1385/1385 1384/1384/1384
f 1379/1379/1379 1386/1386/1386 1384/1384/1384
f 1303/1303/1303 1384/1384/1384 1386/1386/1386
f 1386/1386/1386 1375/1375/1375 1371/1371/1371
f 1291/1291/1291 1387/1387/1387 1372/1372/1372
f 1313/1313/1313 1327/1327/1327 1291/1291/1291
f 1312/1312/1312 1306/1306/1306 1313/1313/1313
f 1312/1312/1312 1388/1388/1388 1287/1287/1287
f 1309/1309/1309 1373/1373/1373 1293/1293/1293
f 1308/1308/1308 1387/1387/1387 1373/1373/1373
f 1292/1292/1292 1372/1372/1372 1328/1328/1328
f 1389/1389/1389 1390/1390/1390 1391/1391/1391
f 1392/1392/1392 1393/1393/1393 1394/1394/1394
f 1395/1395/1395 1396/1396/1396 1397/1397/1397
f 1398/1398/1398 1399/1399/1399 1390/1390/1390
f 1396/1396/1396 1400/1400/1400 1392/1392/1392
f 1401/1401/1401 1402/1402/1402 1399/1399/1399
f 1394/1394/1394 1398/1398/1398 1390/1390/1390
f 1403/1403/1403 1392/1392/1392 1404/1404/1404
f 1399/1399/1399 1405/1405/1405 1406/1406/1406
f 1397/1397/1397 1403/1403/1403 1407/1407/1407
f 1390/1390/1390 1406/1406/1406 1391/1391/1391
f 1408/1408/1408 1409/1409/1409 1410/1410/1410
f 1411/1411/1411 1412/1412/1412 1413/1413/1413
f 1414/1414/1414 1415/1415/1415 1416/1416/1416
f 1389/1389/1389 1417/1417/1417 1418/1418/1418
f 1406/1406/1406 1419/1419/1419 1420/1420/1420
f 1421/1421/1421 1404/1404/1404 1422/1422/1422
f 1423/1423/1423 1403/1403/1403 1421/1421/1421
f 1422/1422/1422 1389/1389/1389 1418/1418/1418
f 1424/1424/1424 1409/1409/1409 1425/1425/1425
f 1426/1426/1426 1425/1425/1425 1427/1427/1427
f 1428/1428/1428 1429/1429/1429 1430/1430/1430
f 1431/1431/1431 1432/1432/1432 1433/1433/1433
f 1434/1434/1434 1431/1431/1431 1412/1412/1412
f 1435/1435/1435 1436/1436/1436 1437/1437/1437
f 1438/1438/1438 1439/1439/1439 1440/1440/1440
f 1441/1441/1441 1438/1438/1438 1440/1440/1440
f 1442/1442/1442 1435/1435/1435 1443/1443/1443
f 1444/1444/1444 1445/1445/1445 1439/1439/1439
f 1446/1446/1446 1427/1427/1427 1447/1447/1447
f 1394/1394/1394 1404/1404/1404 1392/1392/1392
f 1391/1391/1391 1420/1420/1420 1417/1417/1417
f 1448/1448/1448 1449/1449/1449 1413/1413/1413
f 1448/1448/1448 1436/1436/1436 1450/1450/1450
f 1451/1451/1451 1413/1413/1413 1412/1412/1412
f 1451/1451/1451 1452/1452/1452 1448/1448/1448
f 1453/1453/1453 1412/1412/1412 1431/1431/1431
f 1444/1444/1444 1451/1451/1451 1453/1453/1453
f 1454/1454/1454 1431/1431/1431 1433/1433/1433
f 1455/1455/1455 1453/1453/1453 1454/1454/1454
f 1430/1430/1430 1456/1456/1456 1428/1428/1428
f 1457/1457/1457 1456/1456/1456 1458/1458/1458
f 1449/1449/1449 1458/1458/1458 1430/1430/1430
f 1450/1450/1450 1457/1457/1457 1458/1458/1458
f 1452/1452/1452 1437/1437/1437 1436/1436/1436
f 1459/1459/1459 1440/1440/1440 1460/1460/1460
f 1443/1443/1443 1461/1461/1461 1462/1462/1462
f 1440/1440/1440 1463/1463/1463 1460/1460/1460
f 1464/1464/1464 1465/1465/1465 1466/1466/1466
f 1461/1461/1461 1437/1437/1437 1467/1467/1467
f 1439/1439/1439 1468/1468/1468 1463/1463/1463
f 1459/1459/1459 1469/1469/1469 1467/1467/1467
f 1470/1470/1470 1459/1459/1459 1460/1460/1460
f 1471/1471/1471 1460/1460/1460 1463/1463/1463
f 1472/1472/1472 1463/1463/1463 1468/1468/1468
f 1473/1473/1473 1462/1462/1462 1461/1461/1461
f 1467/1467/1467 1473/1473/1473 1461/1461/1461
f 1467/1467/1467 1441/1441/1441 1459/1459/1459
f 1473/1473/1473 1474/1474/1474 1475/1475/1475
f 1476/1476/1476 1470/1470/1470 1471/1471/1471
f 1477/1477/1477 1469/1469/1469 1478/1478/1478
f 1469/1469/1469 1479/1479/1479 1473/1473/1473
f 1472/1472/1472 1476/1476/1476 1471/1471/1471
f 1480/1480/1480 1478/1478/1478 1470/1470/1470
f 1481/1481/1481 1482/1482/1482 1477/1477/1477
f 1483/1483/1483 1477/1477/1477 1480/1480/1480
f 1484/1484/1484 1480/1480/1480 1476/1476/1476
f 1485/1485/1485 1484/1484/1484 1476/1476/1476
f 1479/1479/1479 1486/1486/1486 1474/1474/1474
f 1487/1487/1487 1479/1479/1479 1482/1482/1482
f 1488/1488/1488 1489/1489/1489 1490/1490/1490
f 1491/1491/1491 1422/1422/1422 1418/1418/1418
f 1430/1430/1430 1492/1492/1492 1449/1449/1449
f 1446/1446/1446 1493/1493/1493 1414/1414/1414
f 1426/1426/1426 1494/1494/1494 1495/1495/1495
f 1424/1424/1424 1495/1495/1495 1496/1496/1496
f 1410/1410/1410 1496/1496/1496 1497/1497/1497
f 1498/1498/1498 1410/1410/1410 1497/1497/1497
f 1499/1499/1499 1416/1416/1416 1500/1500/1500
f 1494/1494/1494 1414/1414/1414 1499/1499/1499
f 1491/1491/1491 1496/1496/1496 1495/1495/1495
f 1501/1501/1501 1418/1418/1418 1417/1417/1417
f 1501/1501/1501 1497/1497/1497 1496/1496/1496
f 1502/1502/1502 1417/1417/1417 1420/1420/1420
f 1503/1503/1503 1497/1497/1497 1502/1502/1502
f 1419/1419/1419 1502/1502/1502 1420/1420/1420
f 1504/1504/1504 1500/1500/1500 1505/1505/1505
f 1421/1421/1421 1505/1505/1505 1423/1423/1423
f 1506/1506/1506 1499/1499/1499 1504/1504/1504
f 1422/1422/1422 1504/1504/1504 1421/1421/1421
f 1506/1506/1506 1495/1495/1495 1494/1494/1494
f 1447/1447/1447 1411/1411/1411 1492/1492/1492
f 1427/1427/1427 1434/1434/1434 1411/1411/1411
f 1425/1425/1425 1507/1507/1507 1434/1434/1434
f 1507/1507/1507 1508/1508/1508 1432/1432/1432
f 1509/1509/1509 1493/1493/1493 1429/1429/1429
f 1429/1429/1429 1447/1447/1447 1492/1492/1492
f 1492/1492/1492 1413/1413/1413 1449/1449/1449
f 1268/1268/1268 1286/1286/1286 1269/1269/1269
f 1271/1271/1271 1270/1270/1270 1272/1272/1272
f 1274/1274/1274 1279/1279/1279 1275/1275/1275
f 1277/1277/1277 1281/1281/1281 1278/1278/1278
f 1274/1274/1274 1271/1271/1271 1273/1273/1273
f 1280/1280/1280 1510/1510/1510 1281/1281/1281
f 1270/1270/1270 1269/1269/1269 1278/1278/1278
f 1282/1282/1282 1301/1301/1301 1271/1271/1271
f 1283/1283/1283 1280/1280/1280 1277/1277/1277
f 1282/1282/1282 1274/1274/1274 1276/1276/1276
f 1284/1284/1284 1277/1277/1277 1269/1269/1269
f 1287/1287/1287 1388/1388/1388 1288/1288/1288
f 1290/1290/1290 1313/1313/1313 1291/1291/1291
f 1293/1293/1293 1373/1373/1373 1294/1294/1294
f 1296/1296/1296 1286/1286/1286 1268/1268/1268
f 1298/1298/1298 1283/1283/1283 1284/1284/1284
f 1300/1300/1300 1303/1303/1303 1301/1301/1301
f 1302/1302/1302 1300/1300/1300 1282/1282/1282
f 1303/1303/1303 1297/1297/1297 1268/1268/1268
f 1304/1304/1304 1306/1306/1306 1287/1287/1287
f 1305/1305/1305 1327/1327/1327 1306/1306/1306
f 1307/1307/1307 1335/1335/1335 1308/1308/1308
f 1310/1310/1310 1333/1333/1333 1311/1311/1311
f 1310/1310/1310 1312/1312/1312 1313/1313/1313
f 1314/1314/1314 1339/1339/1339 1315/1315/1315
f 1317/1317/1317 1325/1325/1325 1318/1318/1318
f 1320/1320/1320 1319/1319/1319 1318/1318/1318
f 1314/1314/1314 1316/1316/1316 1322/1322/1322
f 1324/1324/1324 1334/1334/1334 1325/1325/1325
f 1326/1326/1326 1387/1387/1387 1327/1327/1327
f 1270/1270/1270 1271/1271/1271 1301/1301/1301
f 1299/1299/1299 1284/1284/1284 1286/1286/1286
f 1328/1328/1328 1338/1338/1338 1329/1329/1329
f 1329/1329/1329 1338/1338/1338 1315/1315/1315
f 1292/1292/1292 1329/1329/1329 1330/1330/1330
f 1330/1330/1330 1329/1329/1329 1321/1321/1321
f 1290/1290/1290 1330/1330/1330 1331/1331/1331
f 1330/1330/1330 1318/1318/1318 1325/1325/1325
f 1310/1310/1310 1331/1331/1331 1332/1332/1332
f 1331/1331/1331 1325/1325/1325 1334/1334/1334
f 1335/1335/1335 1307/1307/1307 1336/1336/1336
f 1336/1336/1336 1322/1322/1322 1316/1316/1316
f 1328/1328/1328 1335/1335/1335 1337/1337/1337
f 1338/1338/1338 1337/1337/1337 1316/1316/1316
f 1339/1339/1339 1320/1320/1320 1321/1321/1321
f 1340/1340/1340 1344/1344/1344 1319/1319/1319
f 1341/1341/1341 1314/1314/1314 1323/1323/1323
f 1343/1343/1343 1317/1317/1317 1319/1319/1319
f 1345/1345/1345 1511/1511/1511 1346/1346/1346
f 1341/1341/1341 1355/1355/1355 1339/1339/1339
f 1348/1348/1348 1324/1324/1324 1317/1317/1317
f 1340/1340/1340 1355/1355/1355 1349/1349/1349
f 1340/1340/1340 1350/1350/1350 1351/1351/1351
f 1344/1344/1344 1351/1351/1351 1352/1352/1352
f 1343/1343/1343 1352/1352/1352 1353/1353/1353
f 1342/1342/1342 1512/1512/1512 1354/1354/1354
f 1355/1355/1355 1341/1341/1341 1354/1354/1354
f 1355/1355/1355 1340/1340/1340 1320/1320/1320
f 1354/1354/1354 1512/1512/1512 1356/1356/1356
f 1351/1351/1351 1362/1362/1362 1358/1358/1358
f 1349/1349/1349 1360/1360/1360 1359/1359/1359
f 1349/1349/1349 1354/1354/1354 1357/1357/1357
f 1353/1353/1353 1352/1352/1352 1358/1358/1358
f 1350/1350/1350 1359/1359/1359 1362/1362/1362
f 1360/1360/1360 1369/1369/1369 1363/1363/1363
f 1359/1359/1359 1363/1363/1363 1364/1364/1364
f 1362/1362/1362 1364/1364/1364 1365/1365/1365
f 1361/1361/1361 1358/1358/1358 1365/1365/1365
f 1357/1357/1357 1356/1356/1356 1367/1367/1367
f 1357/1357/1357 1368/1368/1368 1369/1369/1369
f 1347/1347/1347 1513/1513/1513 1370/1370/1370
f 1303/1303/1303 1386/1386/1386 1371/1371/1371
f 1372/1372/1372 1308/1308/1308 1335/1335/1335
f 1373/1373/1373 1387/1387/1387 1326/1326/1326
f 1374/1374/1374 1326/1326/1326 1305/1305/1305
f 1375/1375/1375 1305/1305/1305 1304/1304/1304
f 1376/1376/1376 1304/1304/1304 1289/1289/1289
f 1378/1378/1378 1377/1377/1377 1289/1289/1289
f 1379/1379/1379 1383/1383/1383 1295/1295/1295
f 1374/1374/1374 1379/1379/1379 1294/1294/1294
f 1371/1371/1371 1375/1375/1375 1376/1376/1376
f 1297/1297/1297 1371/1371/1371 1380/1380/1380
f 1380/1380/1380 1376/1376/1376 1377/1377/1377
f 1296/1296/1296 1380/1380/1380 1381/1381/1381
f 1377/1377/1377 1378/1378/1378 1382/1382/1382
f 1298/1298/1298 1299/1299/1299 1381/1381/1381
f 1383/1383/1383 1379/1379/1379 1384/1384/1384
f 1300/1300/1300 1302/1302/1302 1385/1385/1385
f 1379/1379/1379 1374/1374/1374 1386/1386/1386
f 1303/1303/1303 1300/1300/1300 1384/1384/1384
f 1386/1386/1386 1374/1374/1374 1375/1375/1375
f 1291/1291/1291 1327/1327/1327 1387/1387/1387
f 1313/1313/1313 1306/1306/1306 1327/1327/1327
f 1312/1312/1312 1287/1287/1287 1306/1306/1306
f 1312/1312/1312 1311/1311/1311 1388/1388/1388
f 1309/1309/1309 1308/1308/1308 1373/1373/1373
f 1308/1308/1308 1372/1372/1372 1387/1387/1387
f 1292/1292/1292 1291/1291/1291 1372/1372/1372
f 1389/1389/1389 1394/1394/1394 1390/1390/1390
f 1392/1392/1392 1400/1400/1400 1393/1393/1393
f 1395/1395/1395 1514/1514/1514 1396/1396/1396
f 1398/1398/1398 1401/1401/1401 1399/1399/1399
f 1396/1396/1396 1514/1514/1514 1400/1400/1400
f 1401/1401/1401 1515/1515/1515 1402/1402/1402
f 1394/1394/1394 1393/1393/1393 1398/1398/1398
f 1403/1403/1403 1396/1396/1396 1392/1392/1392
f 1399/1399/1399 1402/1402/1402 1405/1405/1405
f 1397/1397/1397 1396/1396/1396 1403/1403/1403
f 1390/1390/1390 1399/1399/1399 1406/1406/1406
f 1408/1408/1408 1508/1508/1508 1409/1409/1409
f 1411/1411/1411 1434/1434/1434 1412/1412/1412
f 1414/1414/1414 1493/1493/1493 1415/1415/1415
f 1389/1389/1389 1391/1391/1391 1417/1417/1417
f 1406/1406/1406 1405/1405/1405 1419/1419/1419
f 1421/1421/1421 1403/1403/1403 1404/1404/1404
f 1423/1423/1423 1407/1407/1407 1403/1403/1403
f 1422/1422/1422 1404/1404/1404 1389/1389/1389
f 1424/1424/1424 1410/1410/1410 1409/1409/1409
f 1426/1426/1426 1424/1424/1424 1425/1425/1425
f 1428/1428/1428 1509/1509/1509 1429/1429/1429
f 1431/1431/1431 1507/1507/1507 1432/1432/1432
f 1434/1434/1434 1507/1507/1507 1431/1431/1431
f 1435/1435/1435 1457/1457/1457 1436/1436/1436
f 1438/1438/1438 1444/1444/1444 1439/1439/1439
f 1441/1441/1441 1452/1452/1452 1438/1438/1438
f 1442/1442/1442 1457/1457/1457 1435/1435/1435
f 1444/1444/1444 1455/1455/1455 1445/1445/1445
f 1446/1446/1446 1426/1426/1426 1427/1427/1427
f 1394/1394/1394 1389/1389/1389 1404/1404/1404
f 1391/1391/1391 1406/1406/1406 1420/1420/1420
f 1448/1448/1448 1450/1450/1450 1449/1449/1449
f 1448/1448/1448 1452/1452/1452 1436/1436/1436
f 1451/1451/1451 1448/1448/1448 1413/1413/1413
f 1451/1451/1451 1438/1438/1438 1452/1452/1452
f 1453/1453/1453 1451/1451/1451 1412/1412/1412
f 1444/1444/1444 1438/1438/1438 1451/1451/1451
f 1454/1454/1454 1453/1453/1453 1431/1431/1431
f 1455/1455/1455 1444/1444/1444 1453/1453/1453
f 1430/1430/1430 1458/1458/1458 1456/1456/1456
f 1457/1457/1457 1442/1442/1442 1456/1456/1456
f 1449/1449/1449 1450/1450/1450 1458/1458/1458
f 1450/1450/1450 1436/1436/1436 1457/1457/1457
f 1452/1452/1452 1441/1441/1441 1437/1437/1437
f 1459/1459/1459 1441/1441/1441 1440/1440/1440
f 1443/1443/1443 1435/1435/1435 1461/1461/1461
f 1440/1440/1440 1439/1439/1439 1463/1463/1463
f 1464/1464/1464 1488/1488/1488 1465/1465/1465
f 1461/1461/1461 1435/1435/1435 1437/1437/1437
f 1439/1439/1439 1445/1445/1445 1468/1468/1468
f 1459/1459/1459 1478/1478/1478 1469/1469/1469
f 1470/1470/1470 1478/1478/1478 1459/1459/1459
f 1471/1471/1471 1470/1470/1470 1460/1460/1460
f 1472/1472/1472 1471/1471/1471 1463/1463/1463
f 1473/1473/1473 1475/1475/1475 1462/1462/1462
f 1467/1467/1467 1469/1469/1469 1473/1473/1473
f 1467/1467/1467 1437/1437/1437 1441/1441/1441
f 1473/1473/1473 1479/1479/1479 1474/1474/1474
f 1476/1476/1476 1480/1480/1480 1470/1470/1470
f 1477/1477/1477 1482/1482/1482 1469/1469/1469
f 1469/1469/1469 1482/1482/1482 1479/1479/1479
f 1472/1472/1472 1485/1485/1485 1476/1476/1476
f 1480/1480/1480 1477/1477/1477 1478/1478/1478
f 1481/1481/1481 1487/1487/1487 1482/1482/1482
f 1483/1483/1483 1481/1481/1481 1477/1477/1477
f 1484/1484/1484 1483/1483/1483 1480/1480/1480
f 1485/1485/1485 1516/1516/1516 1484/1484/1484
f 1479/1479/1479 1517/1517/1517 1486/1486/1486
f 1487/1487/1487 1517/1517/1517 1479/1479/1479
f 1488/1488/1488 1464/1464/1464 1489/1489/1489
f 1491/1491/1491 1506/1506/1506 1422/1422/1422
f 1430/1430/1430 1429/1429/1429 1492/1492/1492
f 1446/1446/1446 1447/1447/1447 1493/1493/1493
f 1426/1426/1426 1446/1446/1446 1494/1494/1494
f 1424/1424/1424 1426/1426/1426 1495/1495/1495
f 1410/1410/1410 1424/1424/1424 1496/1496/1496
f 1498/1498/1498 1408/1408/1408 1410/1410/1410
f 1499/1499/1499 1414/1414/1414 1416/1416/1416
f 1494/1494/1494 1446/1446/1446 1414/1414/1414
f 1491/1491/1491 1501/1501/1501 1496/1496/1496
f 1501/1501/1501 1491/1491/1491 1418/1418/1418
f 1501/1501/1501 1502/1502/1502 1497/1497/1497
f 1502/1502/1502 1501/1501/1501 1417/1417/1417
f 1503/1503/1503 1498/1498/1498 1497/1497/1497
f 1419/1419/1419 1503/1503/1503 1502/1502/1502
f 1504/1504/1504 1499/1499/1499 1500/1500/1500
f 1421/1421/1421 1504/1504/1504 1505/1505/1505
f 1506/1506/1506 1494/1494/1494 1499/1499/1499
f 1422/1422/1422 1506/1506/1506 1504/1504/1504
f 1506/1506/1506 1491/1491/1491 1495/1495/1495
f 1447/1447/1447 1427/1427/1427 1411/1411/1411
f 1427/1427/1427 1425/1425/1425 1434/1434/1434
f 1425/1425/1425 1409/1409/1409 1507/1507/1507
f 1507/1507/1507 1409/1409/1409 1508/1508/1508
f 1509/1509/1509 1415/1415/1415 1493/1493/1493
f 1429/1429/1429 1493/1493/1493 1447/1447/1447
f 1492/1492/1492 1411/1411/1411 1413/1413/1413
o AntennaR_LP_Checker_0
usemtl Checker
v 0.05915541814665304 0.18171493752673507 0.484918851939679
v 0.07742050117059418 0.20035444605868874 0.5097104466687898
v 0.05942417548393808 0.1872632103146523 0.511651712433922
v 0.03618819930728823 0.21158487928346897 0.47612430114250176
v 0.038970879339332576 0.19621925491522982 0.5109668536216356
v 0.0365139163319636 0.2182665650621946 0.5083409078581426
v 0.05416545150804253 0.22428278367919324 0.4723034030104726
v 0.07496352326206435 0.22240178600797525 0.507084500905292
v 0.07463769447868251 0.21569673519637642 0.47479028894769487
v 0.07742050117059418 0.20035444605868874 0.5097104466687898
v 0.0771326852485682 0.1944128121201376 0.48109795380765463
v 0.03868317517601305 0.1903009860095616 0.48243202560710013
v 0.05451023456803927 0.2313578604108842 0.5063997016976441
v 0.07859751406466553 0.20043241437950474 0.5431450753490731
v 0.06059655411698173 0.18720450495926608 0.5436820557369522
v 0.037846765566317 0.2185211128174443 0.5459385036216554
v 0.05585530275429851 0.2317594232486241 0.545405576347836
v 0.07623304256275942 0.2227107526925871 0.5440062992125808
v 0.07859751406466553 0.20043241437950474 0.5431450753490731
v 0.04022335171200292 0.19624483086442474 0.5450764452928046
v 0.08090840099211627 0.19343411929622917 0.5757540020566083
v 0.06293621518605463 0.18033614777165732 0.5748974258596176
v 0.04053844420898456 0.21089336356185215 0.5826277259032843
v 0.05852655935600637 0.22402364080527737 0.5834972363026389
v 0.07871833267692474 0.2152807119345354 0.5800525065685344
v 0.08090840099211627 0.19343411929622917 0.5757540020566083
v 0.04275752508437203 0.18905362545725055 0.5783274332509383
v 0.08502085316879626 0.17791852963956165 0.6105626395180554
v 0.06721803395707826 0.16510141504280282 0.6087725353497011
v 0.04536005753218997 0.1939647570358812 0.6211834691096365
v 0.06318962432765307 0.20684651287295022 0.6230011702173736
v 0.08303476684462796 0.19879657708250256 0.617673946916502
v 0.08502085316879626 0.17791852963956165 0.6105626395180554
v 0.04740135265734746 0.17310077628815193 0.614068227802431
v 0.09014199472646423 0.17229856462154947 0.6584425736743778
v 0.055450989556662944 0.14690126387310384 0.6547849388672359
v 0.0708027615218737 0.17944167557593155 0.6650543367938326
v 0.11869309577286768 0.17886246764106947 0.8491323705125353
v 0.1416642634198606 0.21632071225021576 0.8765109229104034
v 0.13580748135281762 0.17511378257132573 0.8489359738231286
v 0.09207401963902961 0.15248344657266652 0.650027176108866
v 0.05344171702619527 0.16669629515854484 0.6632089195046761
v 0.10003821328196938 0.14344017882775964 0.7013584580968457
v 0.09207401963902961 0.15248344657266652 0.650027176108866
v 0.07474587690653178 0.13982628103250874 0.6482120379642065
v 0.06802044656827044 0.11665715298813392 0.7033016334412437
v 0.08099518535296946 0.15031858540225632 0.7069982483387993
v 0.10299272605047982 0.12320123512614871 0.6967182399021409
v 0.06496317539446406 0.1368755926950612 0.7079581833115923
v 0.08701017304487135 0.10985475724133506 0.6976995729262058
v 0.11557484904881898 0.10596693303405856 0.7460088986516907
v 0.10108729971005093 0.09277670918471323 0.7498301544917897
v 0.07857851508456803 0.11848243443401511 0.7551656599616067
v 0.09308807343792747 0.1316999199592431 0.7513572191154065
v 0.1115931694598532 0.1254313882680468 0.7467706428237316
v 0.10299272605047982 0.12320123512614871 0.6967182399021409
v 0.11557484904881898 0.10596693303405856 0.7460088986516907
v 0.08259537631432612 0.09902350007953345 0.7544002799054162
v 0.12572650330379964 0.11053273000868762 0.7876308800288048
v 0.1126099799735103 0.09809503014281894 0.794268514753633
v 0.08939447799188316 0.12203861758741484 0.7932996373735596
v 0.10252369711122589 0.13448092936493936 0.7866765461809802
v 0.12067632107415072 0.1287226137065708 0.7838390084633754
v 0.12572650330379964 0.11053273000868762 0.7876308800288048
v 0.09443236676382194 0.10384145467379127 0.7970997343809699
v 0.12289795004804538 0.11936893243772838 0.8352226829835144
v 0.10515673223532584 0.12422916978185285 0.8365237323487579
v 0.09931365923627478 0.13993634061414267 0.8287283364970259
v 0.1288521410036353 0.14592526448566515 0.8183549817950388
v 0.13474525210085686 0.13023824746923474 0.8261245688328764
v 0.11116510381180555 0.15075866483938039 0.8196578789086013
v 0.13474525210085686 0.13023824746923474 0.8261245688328764
v 0.13138924245411354 0.15339188697987596 0.8700042518659852
v 0.11421039445227987 0.1571702551610445 0.8701944496676379
v 0.10788872596870225 0.16992040194593136 0.8597395547118776
v 0.14218556563141416 0.16238935518411238 0.8593542119189811
v 0.1481353011399067 0.20593341290022088 0.887944942959047
v 0.1381142853621925 0.19832139509638527 0.8990136456958772
v 0.11518732945947352 0.21155311736485272 0.8871278815911627
v 0.12522349971778313 0.21912061050775644 0.876106564553124
v 0.14718033044382184 0.2741371621460018 0.9094140475783117
v 0.14218556563141416 0.16238935518411238 0.8593542119189811
v 0.12160967018582658 0.20113932375740218 0.898602134778447
v 0.1535375530972133 0.26532199488801966 0.920949693287893
v 0.14414988135956486 0.25832202730319165 0.9316366877883977
v 0.1220636191502894 0.26898854444226356 0.9192013692890626
v 0.13146295849689182 0.2759661900926183 0.9085419717421088
v 0.149444934365639 0.3186081318779017 0.9392667875829858
v 0.1481353011399067 0.20593341290022088 0.887944942959047
v 0.12839425813270522 0.26015889325982855 0.9307609760676678
v 0.1556155050780883 0.3083347069367503 0.9490898729147398
v 0.14641660124622424 0.29942742024492736 0.9578180207238713
v 0.12488922197619323 0.31109809705242863 0.9468579169861551
v 0.1535375530972133 0.26532199488801966 0.920949693287893
v 0.1310366660869866 0.30081129087204833 0.9567007910617122
v 0.1556155050780883 0.3083347069367503 0.9490898729147398
v 0.14628509850162785 0.3286046131467154 0.9865476925284627
v 0.13115979437917924 0.329632554590164 0.9850907164566661
v 0.12502619344682553 0.34148606921714325 0.9776643335803309
v 0.13400317428998998 0.35230007910194344 0.9717078013806598
v 0.14910715485124681 0.3512737469836737 0.9731635853593255
v 0.15525479267713138 0.33943173605080085 0.9805772128400896
v 0.1340983033009252 0.31998732354093956 0.9381521805259005
v 0.15525479267713138 0.33943173605080085 0.9805772128400896
v 0.14350409485018034 0.34813524255034506 1.021466175638022
v 0.12863357077612936 0.34893370604986307 1.0195999541217313
v 0.12233887339370975 0.36171264281099613 1.0148746151168944
v 0.14578531356635727 0.37289489099170586 1.013881957563173
v 0.15207998114645516 0.3601158648235882 1.0186071773587377
v 0.13091477459114542 0.3736933246889215 1.0120158552561742
v 0.15207998114645516 0.3601158648235882 1.0186071773587377
v 0.13846145260792697 0.3536346408185182 1.0561039827675849
v 0.1172001335650652 0.3674524270705084 1.05236247783817
v 0.12504762131614333 0.37991626488802377 1.0537993053423929
v 0.13960201726253285 0.3792392459672552 1.0563881735360021
v 0.1463089403590051 0.36609838922902954 1.0575405718532487
v 0.12390707156269831 0.35431168954156966 1.0535148761553972
v 0.13752190461333302 0.3595709123513209 1.0970670345881564
v 0.13071514373909354 0.34800886230404865 1.0914396428751014
v 0.10924310738049947 0.36115767627994483 1.0903963210540593
v 0.13018925196999487 0.37192632946170534 1.0993588311155915
v 0.13752190461333302 0.3595709123513209 1.0970670345881564
v 0.11657578982615935 0.3488023485765061 1.0881044053173226
v 0.11604985335357809 0.37271972632719763 1.0960235935578273
v 0.12696714415474653 0.3414329271175111 1.1326005841504012
v 0.12117773023595513 0.33163791584832963 1.1240182323461227
v 0.09950123504919028 0.3433852760131933 1.1252332114841794
v 0.1190236035207598 0.35220414263691363 1.1374996072494248
v 0.12696714415474653 0.3414329271175111 1.1326005841504012
v 0.10744480548549873 0.3326141797031359 1.1203345460129972
v 0.10529064896798168 0.353180346887057 1.1338158017070221
v 0.11256783949059601 0.3034014162735055 1.174125357294042
v 0.10743339119627937 0.2949395819106493 1.1646004174411517
v 0.08574177133124083 0.3039638447329454 1.1682569224275745
v 0.10427921777339533 0.312153018133581 1.180723232269518
v 0.11256783949059601 0.3034014162735055 1.174125357294042
v 0.09402788965341691 0.29522419360580293 1.1616708491695529
v 0.09085948562191082 0.3124310137118364 1.177784604093194
v 0.09540051008610773 0.26139204121999726 1.2198379533340729
v 0.09893479722138943 0.24696035357953844 1.202935509316266
v 0.08257853800255344 0.2602205712760162 1.2181085844000707
v 0.10357953376517737 0.2547535430166692 1.2122420578645166
v 0.07795680885113454 0.2524201696757275 1.2087940488307733
v 0.09788863142083659 0.2101413517072167 1.2537435862693433
v 0.10357953376517737 0.2547535430166692 1.2122420578645166
v 0.10145340633123945 0.19739447883647365 1.2375521061640349
v 0.08613486395474823 0.24579839057791505 1.2012167500072477
v 0.0861425529537524 0.20745207951501915 1.253209529102231
v 0.10010158791911028 0.1606807681735833 1.2859466718776593
v 0.10554045202865181 0.20510213545487085 1.2459048612218437
v 0.08207657749779718 0.199732293348904 1.2448397271183733
v 0.11056697121485382 0.16436838819723631 1.2855975072755799
v 0.10554045202865181 0.20510213545487085 1.2459048612218437
v 0.104028580247717 0.14813476329261804 1.2718505333752248
v 0.08973575927907762 0.19471367050413058 1.2370210292277157
v 0.11895344885542725 0.12426699324146075 1.3203122118244968
v 0.11773965989635149 0.15992599333924187 1.2783698489354245
v 0.09684027514963722 0.15255549186015727 1.2790624560930408
v 0.12826794099208838 0.12834409227076374 1.319433042669467
v 0.11773965989635149 0.15992599333924187 1.2783698489354245
v 0.11446299893119183 0.1518178831665845 1.2715068524010753
v 0.12364566049771764 0.1112224556214077 1.3092768910533747
v 0.13729837229926045 0.09972648615814948 1.3578891288163621
v 0.13525034184939388 0.12385169677445813 1.3134756784985175
v 0.11664595939265276 0.11569778183652953 1.3152255529491623
v 0.14571156772125726 0.10380183426148944 1.3567671303442301
v 0.13525034184939388 0.12385169677445813 1.3134756784985175
v 0.1329360574572669 0.11529935348639861 1.3084060665484596
v 0.1427359400078071 0.08643953698305552 1.3501059566402775
v 0.1524623747364645 0.08533107713141795 1.3973834063256594
v 0.1526238586167128 0.09919347072631339 1.3523168099969904
v 0.13581070000356354 0.09103904922833068 1.3545541312217955
v 0.16019455730480192 0.08924588011768053 1.396200253515511
v 0.1526238586167128 0.09919347072631339 1.3523168099969904
v 0.15113627572798105 0.09051846136607025 1.3489905146783419
v 0.15834435466652308 0.07226675176047942 1.3924291897004024
v 0.16359878710809073 0.07885787029160524 1.4369715002530457
v 0.1660726927353584 0.07618665094426136 1.391249136330883
v 0.15153552253092395 0.07683816019139066 1.3954964439072086
v 0.1774595340164109 0.07816147893064339 1.4338454752364842
v 0.16699589415648808 0.08467301137312148 1.3931337145646638
v 0.1696402690640031 0.06628438951149662 1.434178309500494
v 0.1630034559293808 0.07070788884151005 1.4361518185242164
v 0.1709158531371685 0.07789004619243255 1.4756328602872375
v 0.1708262971603952 0.08258229605150766 1.4358177921677746
v 0.16699589415648808 0.08467301137312148 1.3931337145646638
v 0.17686886690105041 0.07001322601514978 1.4330254358795125
v 0.18520025494992154 0.07717735307151269 1.4731821558835427
v 0.1773852964330025 0.06496978583146316 1.474280194613917
v 0.17045951998696796 0.06952727628509646 1.4755488191024508
v 0.17804921765515458 0.07864023658534025 1.514612151209655
v 0.1782747020212999 0.08170825985424804 1.4744512572135553
v 0.1774595340164109 0.07816147893064339 1.4338454752364842
v 0.18476719741298553 0.06880135093282727 1.4730950152594529
v 0.1898654209852496 0.0780684490082937 1.5131850969294958
v 0.18355534560482167 0.06807310817592178 1.5146899965955956
v 0.1777812351782343 0.07178600069857809 1.5151398918393972
v 0.18523467663150994 0.0788649519260472 1.5504266740694272
v 0.18409131055866224 0.08178146074019804 1.5136347537547044
v 0.18520025494992154 0.07717735307151269 1.4731821558835427
v 0.18959743850832933 0.07121415351686869 1.5137127183499608
v 0.18922595256807007 0.08094002787766894 1.5497809170242915
v 0.18887190098601792 0.07188441372222013 1.5504780544093493
v 0.19304023251592584 0.07848717754229881 1.5494838478809911
v 0.1898654209852496 0.0780684490082937 1.5131850969294958
v 0.18505765084048387 0.07433714484830338 1.5507751235526692
v 0.18523467663150994 0.0788649519260472 1.5504266740694272
v 0.18887190098601792 0.07188441372222013 1.5504780544093493
v 0.18922595256807007 0.08094002787766894 1.5497809170242915
v 0.19304023251592584 0.07848717754229881 1.5494838478809911
v 0.0621454850849773 0.1806499583526149 0.3436861859164953
v 0.07768262749129617 0.2158860866936122 0.39834214809705976
v 0.07886572005899872 0.17548376471014662 0.3990851861645955
v 0.00601524101163653 0.17581260368651278 0.40005799349665605
v 0.022852435197254217 0.15840440200909656 0.3392383718377437
v 0.04235985780448037 0.15448142800987755 0.4001091973606633
v 0.0621454850849773 0.22514110084197342 0.3525818140739937
v 0.042358188874463965 0.23513901242812976 0.3986713414060964
v 0.0519758004253551 0.23825330206065906 0.439287852289449
v 0.02038831963267207 0.22506628883084417 0.4852765323421496
v 0.05605655783288421 0.2441819139676869 0.4776171537314472
v 0.09074331617184017 0.17626286566245603 0.4522267787829628
v 0.09172479603309636 0.2250662888308539 0.48527659194679307
v 0.09172479603309636 0.18683497895251525 0.500595289563564
v 0.02038833453383293 0.18683497895251525 0.500595289563564
v 0.052106826332803946 0.1540378894712668 0.4579015616921605
v 0.05605655783288421 0.1677193538156725 0.5082546681742663
v 0.089245183261219 0.21832830481128254 0.4429009698118783
v 0.007203280764744857 0.21606123510707606 0.39937765953906185
v -0.01644064449279059 0.1806499583526149 0.3436861859164953
v 0.08111715135461495 0.1969223808208104 0.5093047184200269
v 0.03099597921231434 0.1969223808208104 0.5093047184200269
v 0.02038831963267207 0.22506628883084417 0.4852765323421496
v 0.05605655783288421 0.1834916673905236 0.5146861854460737
v 0.05605655783288421 0.23721449130932973 0.4931601981326044
v 0.05605655783288421 0.21432818278280497 0.47480381942472194
v 0.08111715135461495 0.22378377787905263 0.49854172476329467
v 0.05605655783288421 0.23721449130932973 0.4931601981326044
v 0.06863173689026225 0.1941099314188749 0.4829049282276219
v 0.05605655783288421 0.1834916673905236 0.5146861854460737
v 0.08111715135461495 0.1969223808208104 0.5093047184200269
v 0.03099597921231434 0.1969223808208104 0.5093047184200269
v 0.043481378775506174 0.2075887755956054 0.47750420889390144
v 0.03099596431115348 0.22378380768137435 0.4985417247632898
v 0.06863173689026225 0.2075887755956054 0.47750420889390144
v 0.05605655783288421 0.18737052423167533 0.4856053176968014
v 0.013355120717992164 0.17624802434959208 0.4537204711500654
v 0.0519758004253551 0.23825330206065906 0.439287852289449
v 0.09643329464420758 0.22408405443788354 0.42712761326586346
v 0.04886589835138844 0.24946481387958358 0.42453564160604523
v 0.00601524101163653 0.17581260368651278 0.40005799349665605
v -0.001459181276131094 0.22355491202185648 0.41366179191004465
v 0.007203280764744857 0.21606123510707606 0.39937765953906185
v 0.07886572005899872 0.17548376471014662 0.3990851861645955
v 0.04588071899382651 0.14058128614726495 0.42291185004410253
v 0.04235985780448037 0.15448142800987755 0.4001091973606633
v 0.09278893263364729 0.22340822474308494 0.41211958138949567
v 0.07768262749129617 0.2158860866936122 0.39834214809705976
v 0.022852435197254217 0.2473866571855015 0.3570296877573888
v 0.007203280764744857 0.21606123510707606 0.39937765953906185
v 0.04544733363135156 0.24845630095830054 0.41008550924650605
v 0.042358188874463965 0.23513901242812976 0.3986713414060964
v -0.0036752372158638247 0.16961247234058102 0.42012705676801576
v 0.089245183261219 0.21832830481128254 0.4429009698118783
v 0.0986713894008534 0.1697212829475232 0.434430561851265
v 0.052106826332803946 0.1540378894712668 0.4579015616921605
v 0.04864404986849313 0.14067862319429 0.43926509921258666
v 0.013355120717992164 0.17624802434959208 0.4537204711500654
v -0.0012467801292215253 0.16986382773203784 0.4361474735824207
v 0.014751895932438308 0.2184271593657302 0.4444556973153433
v 0.0011271685109920382 0.22431022452157273 0.4287489191353121
v 0.014751895932438308 0.2184271593657302 0.4444556973153433
v 0.0011271685109920382 0.22431022452157273 0.4287489191353121
v 0.0952901073852902 0.16938961030933966 0.41847344518128204
v -0.001459181276131094 0.22355491202185648 0.41366179191004465
v 0.007203280764744857 0.21606123510707606 0.39937765953906185
v 0.0771326852485682 0.1944128121201376 0.48109795380765463
v 0.1463089403590051 0.36609838922902954 1.0575405718532487
v 0.19304023251592584 0.07848717754229881 1.5494838478809911
v 0.19286320672489976 0.07395943006921783 1.5498324165735102
v 0.18505765084048387 0.07433714484830338 1.5507751235526692
v 0.19286320672489976 0.07395943006921783 1.5498324165735102
v 0.014751895932438308 0.2184271593657302 0.4444556973153433
v -0.01644064449279059 0.22514110084197342 0.3525818140739937
v 0.03099596431115348 0.22378380768137435 0.4985417247632898
v 0.08111715135461495 0.22378377787905263 0.49854172476329467
v 0.03099596431115348 0.22378380768137435 0.4985417247632898
v 0.043481378775506174 0.1941099314188749 0.4829049282276219
v 0.014751895932438308 0.2184271593657302 0.4444556973153433
v -0.01644064449279059 0.22514110084197342 0.3525818140739937
v 0.09074331617184017 0.17626286566245603 0.4522267787829628
vt 0.48198726773262024 0.07582581043243408
vt 0.47699621319770813 0.07188177108764648
vt 0.47707322239875793 0.07588529586791992
vt 0.48278215527534485 0.08353149890899658
vt 0.4772014915943146 0.07987964153289795
vt 0.47727563977241516 0.08363068103790283
vt 0.4828391373157501 0.08747196197509766
vt 0.4769015610218048 0.09051847457885742
vt 0.4822445213794708 0.09128105640411377
vt 0.47639134526252747 0.09418535232543945
vt 0.48131993412971497 0.09498417377471924
vt 0.4822745621204376 0.07967579364776611
vt 0.4772172272205353 0.08707630634307861
vt 0.47121337056159973 0.07212555408477783
vt 0.4712083637714386 0.07603752613067627
vt 0.47150567173957825 0.08349120616912842
vt 0.4715457260608673 0.08677256107330322
vt 0.4712362587451935 0.09004509449005127
vt 0.47071507573127747 0.09357821941375732
vt 0.47132328152656555 0.07992637157440186
vt 0.4656253159046173 0.07237601280212402
vt 0.4654887020587921 0.07613956928253174
vt 0.46597960591316223 0.08331596851348877
vt 0.4661004841327667 0.08652305603027344
vt 0.4657767117023468 0.08972561359405518
vt 0.4651804268360138 0.0931473970413208
vt 0.4656579792499542 0.07987821102142334
vt 0.45937755703926086 0.0725938081741333
vt 0.45909789204597473 0.07617199420928955
vt 0.4597926437854767 0.08308053016662598
vt 0.4600072205066681 0.08630359172821045
vt 0.4596727192401886 0.08953273296356201
vt 0.45901134610176086 0.09287738800048828
vt 0.4593193829059601 0.07973587512969971
vt 0.45212534070014954 0.08949458599090576
vt 0.45163777470588684 0.07949221134185791
vt 0.4524276554584503 0.08612406253814697
vt 0.4114404022693634 0.08496284484863281
vt 0.4027903378009796 0.08739054203033447
vt 0.41128042340278625 0.08805882930755615
vt 0.45176032185554504 0.07271850109100342
vt 0.4521508514881134 0.08279168605804443
vt 0.44335630536079407 0.08959376811981201
vt 0.4515092670917511 0.09284341335296631
vt 0.45142224431037903 0.07610428333282471
vt 0.44254782795906067 0.0791863203048706
vt 0.44374850392341614 0.08598291873931885
vt 0.44277456402778625 0.07268977165222168
vt 0.4433002769947052 0.08246397972106934
vt 0.44226959347724915 0.07591474056243896
vt 0.4340842068195343 0.07253515720367432
vt 0.4337933361530304 0.07566487789154053
vt 0.43419817090034485 0.0820380449295044
vt 0.43427398800849915 0.08581340312957764
vt 0.4340856373310089 0.08973968029022217
vt 0.4425099194049835 0.09295785427093506
vt 0.4336576759815216 0.09322190284729004
vt 0.4339142143726349 0.078757643699646
vt 0.426822692155838 0.07235109806060791
vt 0.42693403363227844 0.07558929920196533
vt 0.4269593060016632 0.08198857307434082
vt 0.42680624127388 0.08564376831054688
vt 0.4265952408313751 0.08934271335601807
vt 0.42637899518013 0.09287965297698975
vt 0.4269922077655792 0.0786367654800415
vt 0.4196965992450714 0.07585561275482178
vt 0.41973260045051575 0.07881546020507812
vt 0.4195387661457062 0.08193433284759521
vt 0.4190385639667511 0.08875763416290283
vt 0.418935090303421 0.09197640419006348
vt 0.4192645847797394 0.08531391620635986
vt 0.41932323575019836 0.0728839635848999
vt 0.4120977222919464 0.07620108127593994
vt 0.4121110737323761 0.07901358604431152
vt 0.41180184483528137 0.08191406726837158
vt 0.41132739186286926 0.09100401401519775
vt 0.4029417335987091 0.09009134769439697
vt 0.40363815426826477 0.0764470100402832
vt 0.40325191617012024 0.08187389373779297
vt 0.4028778374195099 0.084617018699646
vt 0.3920038044452667 0.0868297815322876
vt 0.4116850197315216 0.07342696189880371
vt 0.4036155045032501 0.07916152477264404
vt 0.3920579254627228 0.08934915065765381
vt 0.3925204575061798 0.07651007175445557
vt 0.3923037350177765 0.08172261714935303
vt 0.3920805752277374 0.08427584171295166
vt 0.3836539089679718 0.08654069900512695
vt 0.4032776653766632 0.07379543781280518
vt 0.39251020550727844 0.0791327953338623
vt 0.38384106755256653 0.08898317813873291
vt 0.38427498936653137 0.07639563083648682
vt 0.3839626610279083 0.08163857460021973
vt 0.3923514187335968 0.07396137714385986
vt 0.38423922657966614 0.0790473222732544
vt 0.38407519459724426 0.07384872436523438
vt 0.37702158093452454 0.07624924182891846
vt 0.37694957852363586 0.07896530628204346
vt 0.3767149746417999 0.0815964937210083
vt 0.37648847699165344 0.0840691328048706
vt 0.3764646351337433 0.08648407459259033
vt 0.37664344906806946 0.0889202356338501
vt 0.3836961090564728 0.08411014080047607
vt 0.37686946988105774 0.07365286350250244
vt 0.36960676312446594 0.07615196704864502
vt 0.3695569336414337 0.07885360717773438
vt 0.36949780583381653 0.08153295516967773
vt 0.3694052994251251 0.0863417387008667
vt 0.3693738281726837 0.0888437032699585
vt 0.36944034695625305 0.08402025699615479
vt 0.3695540726184845 0.07347333431243896
vt 0.363019734621048 0.07627177238464355
vt 0.3630068600177765 0.08148133754730225
vt 0.36294177174568176 0.08385860919952393
vt 0.36285045742988586 0.0861579179763794
vt 0.362721711397171 0.08849227428436279
vt 0.36306384205818176 0.0789252519607544
vt 0.35633137822151184 0.07413685321807861
vt 0.3565082848072052 0.07648313045501709
vt 0.356535941362381 0.0813605785369873
vt 0.3563409149646759 0.0857696533203125
vt 0.35619691014289856 0.08797061443328857
vt 0.35660675168037415 0.07895493507385254
vt 0.3564322292804718 0.08360183238983154
vt 0.35005930066108704 0.07455623149871826
vt 0.35020068287849426 0.07673823833465576
vt 0.35024216771125793 0.08120810985565186
vt 0.3500538170337677 0.08538031578063965
vt 0.34991028904914856 0.08746016025543213
vt 0.35028699040412903 0.07899308204650879
vt 0.35015323758125305 0.08331501483917236
vt 0.3414471447467804 0.07502174377441406
vt 0.3414295017719269 0.0770406723022461
vt 0.34146884083747864 0.08102643489837646
vt 0.3414967358112335 0.08491671085357666
vt 0.3413391411304474 0.08687865734100342
vt 0.3414292633533478 0.07904577255249023
vt 0.3415224850177765 0.0829700231552124
vt 0.33242443203926086 0.08450758457183838
vt 0.33227112889289856 0.07727134227752686
vt 0.33242109417915344 0.08269798755645752
vt 0.332351952791214 0.0754019021987915
vt 0.33231547474861145 0.08090651035308838
vt 0.32372263073921204 0.0841834545135498
vt 0.3322642147541046 0.08634412288665771
vt 0.323546439409256 0.07743632793426514
vt 0.332243949174881 0.07910287380218506
vt 0.32374075055122375 0.08247017860412598
vt 0.31551435589790344 0.0822746753692627
vt 0.3236248791217804 0.07571637630462646
vt 0.323637992143631 0.08080947399139404
vt 0.3154647648334503 0.08385252952575684
vt 0.3235471546649933 0.08589017391204834
vt 0.315311461687088 0.07917463779449463
vt 0.32354119420051575 0.07915306091308594
vt 0.3077538311481476 0.08209466934204102
vt 0.3153424561023712 0.07604682445526123
vt 0.3154301941394806 0.08071434497833252
vt 0.3076775372028351 0.08358347415924072
vt 0.31527283787727356 0.0854417085647583
vt 0.3152776062488556 0.07762372493743896
vt 0.30759957432746887 0.07917296886444092
vt 0.30047038197517395 0.08194434642791748
vt 0.3075874149799347 0.07626855373382568
vt 0.3077075779438019 0.08061957359313965
vt 0.3003852665424347 0.08333957195281982
vt 0.30750301480293274 0.08507072925567627
vt 0.3075430691242218 0.07773017883300781
vt 0.30039408802986145 0.07916057109832764
vt 0.2936446964740753 0.08174514770507812
vt 0.30033472180366516 0.07640278339385986
vt 0.3004646599292755 0.0805288553237915
vt 0.2935660183429718 0.08304858207702637
vt 0.3002510368824005 0.08473289012908936
vt 0.30033329129219055 0.07780158519744873
vt 0.29364851117134094 0.07914900779724121
vt 0.2873082458972931 0.08156943321228027
vt 0.2935962975025177 0.07787668704986572
vt 0.2936718761920929 0.08045172691345215
vt 0.2872045338153839 0.08399200439453125
vt 0.29346922039985657 0.08436691761016846
vt 0.2873745262622833 0.0791555643081665
vt 0.2873583137989044 0.08035755157470703
vt 0.2815454304218292 0.08144652843475342
vt 0.2872510254383087 0.08278977870941162
vt 0.29356077313423157 0.07659947872161865
vt 0.28734782338142395 0.0779578685760498
vt 0.28140929341316223 0.08382105827331543
vt 0.28162458539009094 0.0791090726852417
vt 0.2816040813922882 0.0802762508392334
vt 0.2759752571582794 0.08116757869720459
vt 0.28147462010383606 0.08263194561004639
vt 0.2873068153858185 0.07676553726196289
vt 0.2815854847431183 0.07793056964874268
vt 0.2757141888141632 0.0830923318862915
vt 0.27593615651130676 0.07924115657806396
vt 0.27598193287849426 0.08020544052124023
vt 0.27082163095474243 0.08078193664550781
vt 0.2758839428424835 0.08213019371032715
vt 0.2815103828907013 0.07674276828765869
vt 0.27587059140205383 0.07826972007751465
vt 0.27075105905532837 0.08142721652984619
vt 0.2707982659339905 0.07948625087738037
vt 0.27067118883132935 0.07819259166717529
vt 0.2757931053638458 0.07729876041412354
vt 0.2708311676979065 0.08013415336608887
vt 0.2644597887992859 0.07930028438568115
vt 0.2633756995201111 0.07992613315582275
vt 0.26482123136520386 0.07992637157440186
vt 0.2644597887992859 0.08055198192596436
vt 0.4174686074256897 0.7848462611436844
vt 0.40718144178390503 0.7768029123544693
vt 0.40718144178390503 0.7848462611436844
vt 0.40718144178390503 0.8014083653688431
vt 0.4174686074256897 0.7931283861398697
vt 0.40718144178390503 0.7931283861398697
vt 0.4174686074256897 0.7768029123544693
vt 0.40718144178390503 0.7688262015581131
vt 0.3724606931209564 0.7930182963609695
vt 0.38078030943870544 0.7992274314165115
vt 0.38078030943870544 0.7930182963609695
vt 0.3724606931209564 0.7805337458848953
vt 0.38078030943870544 0.786801889538765
vt 0.38078030943870544 0.7805337458848953
vt 0.38078030943870544 0.7676269561052322
vt 0.3724606931209564 0.7740794569253922
vt 0.38078030943870544 0.7740794569253922
vt 0.3724606931209564 0.786801889538765
vt 0.40718144178390503 0.8094509989023209
vt 0.4174686074256897 0.8014083653688431
vt 0.38388189673423767 0.7805337458848953
vt 0.38388189673423767 0.7676269561052322
vt 0.38078030943870544 0.7613594681024551
vt 0.38388189673423767 0.7740794569253922
vt 0.38388189673423767 0.7930182963609695
vt 0.36283355951309204 0.7785343080759048
vt 0.3613545298576355 0.7843237072229385
vt 0.3674061894416809 0.7808690220117569
vt 0.35963255167007446 0.7780022174119949
vt 0.35535532236099243 0.7738732844591141
vt 0.3553341031074524 0.7808266431093216
vt 0.3614268898963928 0.7704622894525528
vt 0.3631526827812195 0.7767374664545059
vt 0.3674061894416809 0.7739102393388748
vt 0.3610849976539612 0.7791714817285538
vt 0.35991400480270386 0.7761956602334976
vt 0.3724606931209564 0.7676269561052322
vt 0.3897688388824463 0.7693148255348206
vt 0.39333438873291016 0.7777440547943115
vt 0.39333438873291016 0.7693148255348206
vt 0.3998044729232788 0.8037444353103638
vt 0.39601337909698486 0.8122429847717285
vt 0.3998044729232788 0.8122429847717285
vt 0.3998044729232788 0.7862434983253479
vt 0.39601337909698486 0.794995129108429
vt 0.3998044729232788 0.794995129108429
vt 0.39601337909698486 0.7777440547943115
vt 0.3998044729232788 0.7777440547943115
vt 0.4174686074256897 0.7688262015581131
vt 0.40718144178390503 0.7608585506677628
vt 0.39601337909698486 0.7693148255348206
vt 0.3998044729232788 0.7693148255348206
vt 0.39601337909698486 0.8037444353103638
vt 0.3897688388824463 0.7777440547943115
vt 0.39333438873291016 0.7862434983253479
vt 0.3897688388824463 0.794995129108429
vt 0.39333438873291016 0.794995129108429
vt 0.3897688388824463 0.8037444353103638
vt 0.39333438873291016 0.8037444353103638
vt 0.3897688388824463 0.7608955502510071
vt 0.39333438873291016 0.7608955502510071
vt 0.3897688388824463 0.8122429847717285
vt 0.39333438873291016 0.8122429847717285
vt 0.39601337909698486 0.7862434983253479
vt 0.39601337909698486 0.7608955502510071
vt 0.3998044729232788 0.7608955502510071
vt 0.4821608364582062 0.07188177108764648
vt 0.36287739872932434 0.07375824451446533
vt 0.2706213593482971 0.0820622444152832
vt 0.2707443833351135 0.07883846759796143
vt 0.26373738050460815 0.07930028438568115
vt 0.26373738050460815 0.08055198192596436
vt 0.3724606931209564 0.7992274314165115
vt 0.4174686074256897 0.8094509989023209
vt 0.38388189673423767 0.7613594681024551
vt 0.38388189673423767 0.786801889538765
vt 0.38388189673423767 0.7992274314165115
vt 0.3616696000099182 0.7756185084581375
vt 0.3724606931209564 0.7613594681024551
vt 0.4174686074256897 0.7608585506677628
vt 0.3897688388824463 0.7862434983253479
vn 0.11186129310334372 -0.9732063973460008 0.200888922716176
vn 0.9264875188659633 -0.37588424300594514 0.01821848636519425
vn 0.10917306912047585 -0.9891121943674623 0.09868286544481313
vn -0.9060421568907314 0.416090624085169 -0.0771764373705185
vn -0.8226924421562315 -0.5631676893808998 0.07758414307314426
vn -0.9046463965666391 0.42543413825913184 -0.02491367461265455
vn -0.11037623311343343 0.9733741644702496 -0.20089754380164135
vn 0.7897096137708829 0.6078724619639725 -0.08276349378622111
vn 0.790629103251927 0.5978752268119432 -0.13210160580258476
vn 0.9264875188659633 -0.37588424300594514 0.01821848636519425
vn 0.9249822986250739 -0.37381797054155036 0.06832182762830094
vn -0.8177318821535063 -0.5619021808024711 0.12482190560599027
vn -0.11018301073806008 0.9883966447531305 -0.10455513753733323
vn 0.9230824078069118 -0.3745689576307899 -0.08727522200932951
vn 0.10002337310373827 -0.9883647663007747 -0.1145880166865859
vn -0.9004971286873318 0.4251753508802777 0.0912734475611814
vn -0.10461582620832409 0.9896078518715329 0.09865003000992886
vn 0.7919894719956734 0.6102356226035236 0.019109190294317145
vn 0.9230824078069118 -0.3745689576307899 -0.08727522200932951
vn -0.8269801042476953 -0.5620817497024032 -0.012962014887971012
vn 0.9140757934449563 -0.35314545365667016 -0.19938338044982165
vn 0.08304035529242049 -0.9428735152437628 -0.3226357600216972
vn -0.8917281629377217 0.3978500420412809 0.21572257061204064
vn -0.09127394250872137 0.9480497287828812 0.30474707410181967
vn 0.7983413286872508 0.5908503087660835 0.11639173312954289
vn 0.9140757934449563 -0.35314545365667016 -0.19938338044982165
vn -0.831569040712421 -0.5475349944654292 -0.09326500074715105
vn 0.8980500874558435 -0.318848674203449 -0.30305373018534965
vn 0.06142808873626988 -0.8720535375170176 -0.48554012977123195
vn -0.8804477405598322 0.34437501242369944 0.3259104585024284
vn -0.07258137991806529 0.8749806981888595 0.4786864538360425
vn 0.8086504743003761 0.5577174185732602 0.18717823440174847
vn 0.8980500874558435 -0.318848674203449 -0.30305373018534965
vn -0.8325012361102273 -0.5328246243176687 -0.1517880482636202
vn 0.8190148839867369 0.5397878062420074 0.19453468595762846
vn -0.8181339473941361 -0.551332677271467 -0.16336806020139133
vn -0.06018836586521092 0.8223058707706253 0.565853705042778
vn -0.3844265119381571 0.6383413408787433 -0.6668857394218218
vn 0.5962225601539328 0.36971064514506163 -0.712623812140678
vn 0.6222169080871334 0.43238424330984676 -0.6526024712088203
vn 0.8776812877499999 -0.30136831771512773 -0.37262943282979677
vn -0.8762623200624609 0.2863117740452479 0.3875434356066634
vn 0.8120581829398278 0.5740642103280181 0.10493707610246264
vn 0.8776812877499999 -0.30136831771512773 -0.37262943282979677
vn 0.051238550571523954 -0.8410398454296283 -0.5385411677253992
vn -0.777662464880523 -0.6226560089689499 -0.0868365430611338
vn -0.08071333357304004 0.8618802251886656 0.5006474160647015
vn 0.8686569338799218 -0.32520622913601205 -0.3737325778594479
vn -0.889494641105241 0.26022281921672397 0.3756106598646515
vn 0.08009964830224602 -0.8992022816727506 -0.43013870202107574
vn 0.8880199588400144 -0.3727093991078456 -0.2692735718900908
vn 0.16281670131844397 -0.9776279427059906 -0.13317029478165507
vn -0.923402496874288 0.24730088360324476 0.2935474437554942
vn -0.16768538908765776 0.9637074784171794 0.20772459250007586
vn 0.7796863646003187 0.6169424862915434 -0.10710341481366441
vn 0.8686569338799218 -0.32520622913601205 -0.3737325778594479
vn 0.8880199588400144 -0.3727093991078456 -0.2692735718900908
vn -0.705056379477409 -0.6989679242304392 0.1197469943472438
vn 0.9315658728869353 -0.34264888069546184 -0.12155973441296107
vn 0.258753221600077 -0.9397857831664412 0.22326990856320056
vn -0.9474236558067052 0.2553244139615121 0.19286746758608178
vn -0.2713666700874031 0.9439968216370135 -0.18769691288055657
vn 0.7121828647139203 0.6109806205660548 -0.34568518698462125
vn 0.9315658728869353 -0.34264888069546184 -0.12155973441296107
vn -0.6443856495543275 -0.6648706300733611 0.3777753034732409
vn 0.32861655035065596 -0.8024937667656796 0.4980109608611701
vn -0.6008263010914872 -0.5617629350031299 0.5687092058103074
vn -0.9666101124144904 0.2336823613227764 0.10515438452417267
vn 0.6595863971687964 0.5341414281135441 -0.5288087739842355
vn 0.9605232223386906 -0.2775198649783076 -0.019438721421950973
vn -0.34272500998256633 0.8082579219911075 -0.47880966894066207
vn 0.9605232223386906 -0.2775198649783076 -0.019438721421950973
vn 0.37452501560443185 -0.6303842236486368 0.6799608395057803
vn -0.5761891956648608 -0.43826030518941483 0.689879638556148
vn -0.9803373573299861 0.19394784103689483 0.036371703017410745
vn 0.9781059094687757 -0.20440278696984446 0.03909386833276606
vn 0.9882821295029692 -0.14304884189828754 0.053249050100778364
vn 0.4004505331282727 -0.5043827309814123 0.765008124927451
vn -0.9872429701316264 0.1579486652491772 -0.02008823216929808
vn -0.3969681852858915 0.5204356861109154 -0.7560178281582298
vn 0.5860833824169025 0.3947601157250065 -0.7075808928225398
vn 0.9781059094687757 -0.20440278696984446 0.03909386833276606
vn -0.5749711745944185 -0.35606674746206274 0.736630585665096
vn 0.9937361490297887 -0.10002317969296341 0.04983803402578194
vn 0.4132624905259508 -0.48558387008818327 0.7703391584454673
vn -0.9897804907095343 0.12912987678218882 -0.060498389507575356
vn -0.3915528633628145 0.5087987099685262 -0.7666878295152106
vn 0.5822766042557204 0.515064580186451 -0.6290170382221628
vn 0.9882821295029692 -0.14304884189828754 0.053249050100778364
vn -0.5868548689948622 -0.3710383157875186 0.7196748786463127
vn 0.9967640145076371 -0.06390887133306322 0.04875608215959148
vn 0.4187997848995932 -0.5715351704178774 0.7056587625357331
vn -0.9889889538578512 0.11316196079751613 -0.09536886166676342
vn 0.9937361490297887 -0.10002317969296341 0.04983803402578194
vn -0.6039397000840728 -0.4813902439891095 0.6352324548182862
vn 0.9967640145076371 -0.06390887133306322 0.04875608215959148
vn 0.4266451680296159 -0.7086008605554994 0.562013096837597
vn -0.6090816279426947 -0.6405351613163274 0.4676903651136542
vn -0.9872293873486192 0.1056652077522747 -0.11921828981300904
vn -0.37649045890300237 0.742651700671835 -0.5538261332261578
vn 0.5783525737626808 0.6744117026669649 -0.45899581232068787
vn 0.997021256316808 -0.031150897596817197 0.07055661578736844
vn -0.37961242276035545 0.6021189967504557 -0.7023867326752677
vn 0.997021256316808 -0.031150897596817197 0.07055661578736844
vn 0.44954088088845273 -0.8265571046119656 0.3386980206991441
vn -0.5938408657389916 -0.7779027074275613 0.20547604229017813
vn -0.9843524566013435 0.10586652706840878 -0.1408634786925758
vn 0.5556384689956594 0.8064517309918027 -0.20224118609344882
vn 0.9932406542516975 0.0009831135309693977 0.11606910109691075
vn -0.39038992103380693 0.8608380062942502 -0.32642554507047755
vn 0.9932406542516975 0.0009831135309693977 0.11606910109691075
vn 0.4821976181052555 -0.871584780212015 0.08846144921032983
vn -0.980872640986873 0.09618849043239484 -0.1692236285858868
vn -0.42715463911186796 0.9016918548130449 -0.06701278422077643
vn 0.5156381627751875 0.8507831099335582 0.10141688686610423
vn 0.9833315661008297 0.003310228995727963 0.1817912910281608
vn -0.5462393724812922 -0.8321921329952882 -0.09528274624504011
vn 0.9693070142958258 -0.010619099657296889 0.2456239946735262
vn 0.5275978912099781 -0.8386465324952245 -0.13532353352067097
vn -0.9739864315041912 0.09695946067426305 -0.20481526855068147
vn 0.4546254562325845 0.803718448334887 0.3838650157952346
vn 0.9693070142958258 -0.010619099657296889 0.2456239946735262
vn -0.48707722601860776 -0.7898325766594483 -0.37272010509431164
vn -0.4801739865082423 0.8608217120185305 0.16857912918943652
vn 0.9587557758110985 -0.035050598954801684 0.2820617270417382
vn 0.5759665544062319 -0.7474750868026989 -0.33097359836505197
vn -0.9700519415268931 0.0947828910664443 -0.22364130723323827
vn 0.3887871868978757 0.6917769893412746 0.6085138620622854
vn 0.9587557758110985 -0.035050598954801684 0.2820617270417382
vn -0.4256978300040447 -0.6818945728102898 -0.5948118602564343
vn -0.5435733327350446 0.7559657636558437 0.36475169104413135
vn 0.9657158053179561 -0.02679193413466163 0.25821536674724777
vn 0.607980436823126 -0.6237535153587949 -0.49121414934619567
vn -0.9780029749929339 0.04708246602226431 -0.20320783030738068
vn 0.3398845493770556 0.5836481461315489 0.737450564181737
vn 0.9657158053179561 -0.02679193413466163 0.25821536674724777
vn -0.38965861058434803 -0.5765853812416986 -0.7181333200289767
vn -0.6080275149421082 0.6125408609097611 0.50507052456984
vn 0.32480636562507903 0.5367818112267874 0.7786951341735205
vn 0.6188255521457084 -0.49277985906588107 -0.6117376451638147
vn -0.643344655366199 0.46529980536225146 0.6079504466168255
vn 0.9827136149780041 0.058056296018803494 0.1757936785821383
vn -0.9888545280227994 -0.0662142141551631 -0.13335066648735108
vn 0.32615728016775214 0.5648473767819606 0.7580032120882553
vn 0.9827136149780041 0.058056296018803494 0.1757936785821383
vn 0.6103400665680156 -0.39292254828928663 -0.6878203793052394
vn -0.38248833520654846 -0.5438298710067697 -0.7469616756110605
vn -0.6448726129031468 0.34955426587882693 0.6796698671659519
vn -0.6422999296907651 0.3123324362314633 0.6999280317268034
vn 0.9791502047175191 0.19271819730945647 0.06422283883038789
vn -0.9746255200593499 -0.21936736060789583 -0.04453152533842898
vn 0.31011108842940144 0.6636632829798578 0.6807217931413166
vn 0.9791502047175191 0.19271819730945647 0.06422283883038789
vn -0.3164494955808003 -0.6939682874957638 -0.6467362156991473
vn -0.3681534501316816 -0.5895737940932996 -0.7189337789216548
vn -0.6698208449238012 0.36044244602776176 0.6491696841405099
vn 0.9482159955128311 0.3145539604037894 -0.04407075955666953
vn -0.9330443717672036 -0.3582258529067189 0.033202991172460374
vn 0.2566248667385925 0.7970549426040756 0.546669092085709
vn 0.9482159955128311 0.3145539604037894 -0.04407075955666953
vn 0.6105047718201831 -0.3700209597400579 -0.7002631026534474
vn -0.23321391646467274 -0.8195105525787529 -0.5234632015521969
vn -0.7221515677595528 0.4398322618052548 0.5338957713427726
vn 0.9151045846770857 0.3847559611493869 -0.12060866247077817
vn -0.8900708050028534 -0.44552217794229115 0.09635326171505394
vn 0.18440465841665737 0.9062207333234187 0.3804719496217839
vn 0.9151045846770857 0.3847559611493869 -0.12060866247077817
vn 0.6477466937363692 -0.4211017615490859 -0.6348996197619424
vn -0.14995816058031167 -0.9194497283234131 -0.3634896795802751
vn -0.7749273223576225 0.49950014445245694 0.38728187506726897
vn 0.8963210426740118 0.4153020950626534 -0.15534721850211194
vn -0.8656605719795174 -0.47962917856922566 0.14348388475750343
vn 0.12333473915697464 0.9683337864179373 0.21706731720501254
vn 0.8963210426740118 0.4153020950626534 -0.15534721850211194
vn 0.7093756372132867 -0.4875833148346771 -0.508968286264549
vn -0.08791921812455093 -0.9752825584384838 -0.20271690183616456
vn -0.8132129527331181 0.5301254146400122 0.2401077638474833
vn 0.7662800425054755 -0.5318617128883558 -0.36046915932055956
vn -0.859010404725473 -0.48448822162984334 0.16544572425823287
vn 0.8856381469408781 0.4358378540477174 -0.16028236853193992
vn 0.8898948979169317 0.4266135108468074 -0.1615177483262278
vn -0.054325783724339494 -0.9957243685398732 -0.0747107162233575
vn -0.86438318730715 -0.47643132519434095 0.16079458285121578
vn -0.8278095737855798 0.5389977957264013 0.1556042600670594
vn 0.07981392143505543 0.9939889285564457 0.07493829363128
vn 0.8898948979169317 0.4266135108468074 -0.1615177483262278
vn 0.8042721029070105 -0.5475046927213508 -0.231051933412457
vn 0.8842603826275923 0.4462521279444091 -0.13763216927880942
vn -0.03928047671149122 -0.9988246208760622 0.028397550618120188
vn -0.8686800393513536 -0.46573768959184736 0.1687702394564249
vn -0.8254908870978805 0.543827376331791 0.15105158082732764
vn 0.05708966717621035 0.9983689031066273 0.00055064632871438
vn 0.8856381469408781 0.4358378540477174 -0.16028236853193992
vn 0.8282445367255187 -0.546731273029723 -0.12286538355301461
vn 0.8833405326026477 0.4583586257700193 -0.09806565985853802
vn -0.03542694076775659 -0.994700907515343 0.0965144365159484
vn -0.869304251943501 -0.45287782093206114 0.1980196880635307
vn -0.5627567285099349 0.4547980153569507 0.69026344952067
vn 0.050012654754007305 0.9987438165944557 0.0030859648081026305
vn 0.8842603826275923 0.4462521279444091 -0.13763216927880942
vn 0.8409814538472579 -0.5386088002974978 -0.051485478797839476
vn 0.11464466227487495 0.8072243206869094 0.5790038838414105
vn 0.051688982785044954 -0.7351726206478739 0.6759064039557434
vn 0.7624881070104015 0.3906290070876777 0.5157721061567688
vn 0.8833405326026477 0.4583586257700193 -0.09806565985853802
vn -0.5956787395226996 -0.31540110213096906 0.7387076445084471
vn -0.5627567285099349 0.4547980153569507 0.69026344952067
vn 0.051688982785044954 -0.7351726206478739 0.6759064039557434
vn 0.11464466227487495 0.8072243206869094 0.5790038838414105
vn 0.7624881070104015 0.3906290070876777 0.5157721061567688
vn 0.801454639367958 -0.5215212428030755 -0.29272180366469475
vn 0.7181848529255775 0.39793855609121326 -0.570837474772204
vn 0.7183972519457689 -0.4583898013233177 -0.5232438995722135
vn -0.8364856052098913 -0.5251008629458244 -0.15671922667685906
vn -0.09575724907068306 -0.9950807871076677 -0.025392447294415428
vn 0.014410034545604335 -0.9388995584715174 -0.34388947353239
vn 0.8037576982760605 0.5754837537138062 -0.15097023439551524
vn 0.028045717320770394 0.9307230611381067 -0.36464780433409366
vn 0.030876824683815397 0.9539385364591443 0.29840893142738
vn -0.7815204318089044 0.5649296516612518 0.26472684665352797
vn 0.018078830163874144 0.9953157666014083 0.09497199931851863
vn 0.8482762038328624 -0.4316694266877647 0.3067392835519518
vn 0.818688174416635 0.5410052985028281 0.19251737600077423
vn 0.8128600758706696 -0.3488585207109487 0.46642923319931157
vn -0.7845966937489591 -0.3267227597099914 0.5269347838638945
vn 0.022434530137686082 -0.8974028298061335 0.4406414108018504
vn 0.016047238943606955 -0.7765665046085146 0.6298308900350958
vn 0.8275702880328099 0.5150379337572786 0.2233010191564864
vn -0.8637015909199007 0.4906279605727522 -0.11534195310750596
vn -0.8128837693804624 -0.49149545389302146 0.31249351398117714
vn 0.10148345377848035 0.3149877144395792 0.943654517480482
vn -0.10148333008095041 0.3149878793227234 0.9436544757459979
vn -0.7815204318089044 0.5649296516612518 0.26472684665352797
vn -6.908062986839866e-7 0.2606021316596771 0.9654462848724187
vn 3.473769364242091e-7 0.4781538246745176 0.8782761068986278
vn -2.750727481704985e-7 -0.6256782284012508 0.780081248655931
vn 0.10148260792890369 0.4237655087467714 0.9000689272964257
vn 3.473769364242091e-7 0.4781538246745176 0.8782761068986278
vn -0.7542507662410112 0.5869964851318707 0.29417836097795685
vn -6.908062986839866e-7 0.2606021316596771 0.9654462848724187
vn 0.10148345377848035 0.3149877144395792 0.943654517480482
vn -0.10148333008095041 0.3149878793227234 0.9436544757459979
vn 0.7542508673820845 -0.22145296244234955 0.6181134317250196
vn -0.10148512334686612 0.4237652000142137 0.9000687890356962
vn -0.7542507156389409 -0.22145361373962053 0.6181133835469094
vn 6.41836443215996e-7 0.991221610548731 0.1322108875273428
vn -0.7810036924690051 -0.3878990701436256 0.4894563757185005
vn 0.030876824683815397 0.9539385364591443 0.29840893142738
vn 0.8377734601097896 0.530538054848545 0.12909299707262634
vn 0.03547940462881263 0.970232678614202 0.23956160209076804
vn -0.8364856052098913 -0.5251008629458244 -0.15671922667685906
vn -0.830329225444349 0.49985707306645827 -0.24636615814356658
vn -0.8637015909199007 0.4906279605727522 -0.11534195310750596
vn 0.7183972519457689 -0.4583898013233177 -0.5232438995722135
vn -0.021619180690130635 -0.9710995317855315 -0.23769373233682176
vn 0.014410034545604335 -0.9388995584715174 -0.34388947353239
vn 0.7450117924201418 0.4584370869581616 -0.4845542967059958
vn 0.7181848529255775 0.39793855609121326 -0.570837474772204
vn -0.11138876809256956 0.9457320042294771 0.3052597558128423
vn -0.8637015909199007 0.4906279605727522 -0.11534195310750596
vn -0.03296997433695534 0.9120092420283962 -0.40884241860038273
vn 0.028045717320770394 0.9307230611381067 -0.36464780433409366
vn -0.8669948421835151 -0.4716319943260099 -0.160882583132086
vn 0.8275702880328099 0.5150379337572786 0.2233010191564864
vn 0.8781358748520929 -0.4516729821595619 0.15769877134853494
vn 0.022434530137686082 -0.8974028298061335 0.4406414108018504
vn 0.010270260249548763 -0.9555707992436315 0.2945827038155734
vn -0.7810036924690051 -0.3878990701436256 0.4894563757185005
vn -0.8171490268999444 -0.4129173614645151 0.4022023376829839
vn -0.7371327348921501 0.5248430688724074 0.42564666591788614
vn -0.7564331621702117 0.5343516298557 0.37719650958052514
vn -0.7371327348921501 0.5248430688724074 0.42564666591788614
vn -0.7564331621702117 0.5343516298557 0.37719650958052514
vn 0.7810150694191126 -0.48138512914970616 -0.3978489899117243
vn -0.830329225444349 0.49985707306645827 -0.24636615814356658
vn -0.8637015909199007 0.4906279605727522 -0.11534195310750596
vn 0.9249822986250739 -0.37381797054155036 0.06832182762830094
vn 0.9833315661008297 0.003310228995727963 0.1817912910281608
vn 0.7624881070104015 0.3906290070876777 0.5157721061567688
vn 0.7321086816305977 -0.3816159183013624 0.5642571835432102
vn -0.5956787395226996 -0.31540110213096906 0.7387076445084471
vn 0.7321086816305977 -0.3816159183013624 0.5642571835432102
vn -0.7371327348921501 0.5248430688724074 0.42564666591788614
vn -0.818860041461305 0.320798201471765 0.4759797752325942
vn -0.10148512334686612 0.4237652000142137 0.9000687890356962
vn 0.10148260792890369 0.4237655087467714 0.9000689272964257
vn -0.10148512334686612 0.4237652000142137 0.9000687890356962
vn 0.7542513533438564 0.586996001334266 0.29417782104799045
vn -0.7371327348921501 0.5248430688724074 0.42564666591788614
vn -0.818860041461305 0.320798201471765 0.4759797752325942
vn 0.8482762038328624 -0.4316694266877647 0.3067392835519518
f 1518/1518/1518 1519/1519/1519 1520/1520/1520
f 1521/1521/1521 1522/1522/1522 1523/1523/1523
f 1524/1524/1524 1525/1525/1525 1526/1526/1526
f 1526/1526/1526 1527/1527/1527 1528/1528/1528
f 1529/1529/1529 1520/1520/1520 1522/1522/1522
f 1521/1521/1521 1530/1530/1530 1524/1524/1524
f 1520/1520/1520 1531/1531/1531 1532/1532/1532
f 1522/1522/1522 1533/1533/1533 1523/1523/1523
f 1525/1525/1525 1534/1534/1534 1535/1535/1535
f 1527/1527/1527 1535/1535/1535 1536/1536/1536
f 1520/1520/1520 1537/1537/1537 1522/1522/1522
f 1523/1523/1523 1534/1534/1534 1530/1530/1530
f 1532/1532/1532 1538/1538/1538 1539/1539/1539
f 1537/1537/1537 1540/1540/1540 1533/1533/1533
f 1535/1535/1535 1541/1541/1541 1542/1542/1542
f 1536/1536/1536 1542/1542/1542 1543/1543/1543
f 1532/1532/1532 1544/1544/1544 1537/1537/1537
f 1533/1533/1533 1541/1541/1541 1534/1534/1534
f 1539/1539/1539 1545/1545/1545 1546/1546/1546
f 1544/1544/1544 1547/1547/1547 1540/1540/1540
f 1542/1542/1542 1548/1548/1548 1549/1549/1549
f 1543/1543/1543 1549/1549/1549 1550/1550/1550
f 1539/1539/1539 1551/1551/1551 1544/1544/1544
f 1540/1540/1540 1548/1548/1548 1541/1541/1541
f 1552/1552/1552 1550/1550/1550 1549/1549/1549
f 1546/1546/1546 1553/1553/1553 1551/1551/1551
f 1547/1547/1547 1554/1554/1554 1548/1548/1548
f 1555/1555/1555 1556/1556/1556 1557/1557/1557
f 1558/1558/1558 1546/1546/1546 1545/1545/1545
f 1551/1551/1551 1559/1559/1559 1547/1547/1547
f 1560/1560/1560 1561/1561/1561 1552/1552/1552
f 1562/1562/1562 1563/1563/1563 1553/1553/1553
f 1559/1559/1559 1564/1564/1564 1554/1554/1554
f 1554/1554/1554 1549/1549/1549 1548/1548/1548
f 1565/1565/1565 1562/1562/1562 1558/1558/1558
f 1553/1553/1553 1566/1566/1566 1559/1559/1559
f 1567/1567/1567 1568/1568/1568 1569/1569/1569
f 1563/1563/1563 1570/1570/1570 1566/1566/1566
f 1560/1560/1560 1571/1571/1571 1572/1572/1572
f 1573/1573/1573 1572/1572/1572 1574/1574/1574
f 1567/1567/1567 1575/1575/1575 1563/1563/1563
f 1566/1566/1566 1571/1571/1571 1564/1564/1564
f 1569/1569/1569 1576/1576/1576 1577/1577/1577
f 1575/1575/1575 1578/1578/1578 1570/1570/1570
f 1572/1572/1572 1579/1579/1579 1580/1580/1580
f 1574/1574/1574 1580/1580/1580 1581/1581/1581
f 1569/1569/1569 1582/1582/1582 1575/1575/1575
f 1570/1570/1570 1579/1579/1579 1571/1571/1571
f 1576/1576/1576 1583/1583/1583 1577/1577/1577
f 1578/1578/1578 1584/1584/1584 1585/1585/1585
f 1579/1579/1579 1586/1586/1586 1580/1580/1580
f 1580/1580/1580 1587/1587/1587 1581/1581/1581
f 1582/1582/1582 1583/1583/1583 1584/1584/1584
f 1579/1579/1579 1585/1585/1585 1588/1588/1588
f 1589/1589/1589 1590/1590/1590 1583/1583/1583
f 1585/1585/1585 1591/1591/1591 1592/1592/1592
f 1588/1588/1588 1557/1557/1557 1586/1586/1586
f 1586/1586/1586 1593/1593/1593 1587/1587/1587
f 1584/1584/1584 1590/1590/1590 1591/1591/1591
f 1588/1588/1588 1592/1592/1592 1555/1555/1555
f 1557/1557/1557 1594/1594/1594 1593/1593/1593
f 1595/1595/1595 1591/1591/1591 1590/1590/1590
f 1596/1596/1596 1555/1555/1555 1592/1592/1592
f 1597/1597/1597 1598/1598/1598 1556/1556/1556
f 1599/1599/1599 1595/1595/1595 1590/1590/1590
f 1600/1600/1600 1592/1592/1592 1591/1591/1591
f 1556/1556/1556 1601/1601/1601 1594/1594/1594
f 1602/1602/1602 1600/1600/1600 1595/1595/1595
f 1603/1603/1603 1597/1597/1597 1596/1596/1596
f 1604/1604/1604 1605/1605/1605 1598/1598/1598
f 1606/1606/1606 1602/1602/1602 1595/1595/1595
f 1607/1607/1607 1596/1596/1596 1600/1600/1600
f 1598/1598/1598 1608/1608/1608 1601/1601/1601
f 1609/1609/1609 1607/1607/1607 1602/1602/1602
f 1610/1610/1610 1604/1604/1604 1603/1603/1603
f 1611/1611/1611 1609/1609/1609 1602/1602/1602
f 1612/1612/1612 1603/1603/1603 1607/1607/1607
f 1613/1613/1613 1614/1614/1614 1609/1609/1609
f 1610/1610/1610 1615/1615/1615 1616/1616/1616
f 1605/1605/1605 1617/1617/1617 1618/1618/1618
f 1605/1605/1605 1619/1619/1619 1608/1608/1608
f 1609/1609/1609 1615/1615/1615 1612/1612/1612
f 1620/1620/1620 1616/1616/1616 1617/1617/1617
f 1621/1621/1621 1622/1622/1622 1614/1614/1614
f 1616/1616/1616 1623/1623/1623 1624/1624/1624
f 1617/1617/1617 1625/1625/1625 1618/1618/1618
f 1618/1618/1618 1626/1626/1626 1619/1619/1619
f 1614/1614/1614 1623/1623/1623 1615/1615/1615
f 1617/1617/1617 1624/1624/1624 1627/1627/1627
f 1628/1628/1628 1629/1629/1629 1622/1622/1622
f 1623/1623/1623 1630/1630/1630 1624/1624/1624
f 1625/1625/1625 1631/1631/1631 1632/1632/1632
f 1626/1626/1626 1632/1632/1632 1633/1633/1633
f 1622/1622/1622 1634/1634/1634 1623/1623/1623
f 1627/1627/1627 1630/1630/1630 1631/1631/1631
f 1629/1629/1629 1635/1635/1635 1636/1636/1636
f 1634/1634/1634 1637/1637/1637 1630/1630/1630
f 1631/1631/1631 1638/1638/1638 1632/1632/1632
f 1633/1633/1633 1638/1638/1638 1639/1639/1639
f 1634/1634/1634 1636/1636/1636 1640/1640/1640
f 1630/1630/1630 1641/1641/1641 1631/1631/1631
f 1636/1636/1636 1642/1642/1642 1643/1643/1643
f 1640/1640/1640 1644/1644/1644 1637/1637/1637
f 1641/1641/1641 1645/1645/1645 1638/1638/1638
f 1639/1639/1639 1645/1645/1645 1646/1646/1646
f 1640/1640/1640 1643/1643/1643 1647/1647/1647
f 1637/1637/1637 1648/1648/1648 1641/1641/1641
f 1643/1643/1643 1649/1649/1649 1650/1650/1650
f 1647/1647/1647 1651/1651/1651 1644/1644/1644
f 1648/1648/1648 1652/1652/1652 1645/1645/1645
f 1646/1646/1646 1652/1652/1652 1653/1653/1653
f 1647/1647/1647 1650/1650/1650 1654/1654/1654
f 1644/1644/1644 1655/1655/1655 1648/1648/1648
f 1656/1656/1656 1653/1653/1653 1652/1652/1652
f 1657/1657/1657 1654/1654/1654 1650/1650/1650
f 1651/1651/1651 1658/1658/1658 1655/1655/1655
f 1659/1659/1659 1650/1650/1650 1649/1649/1649
f 1654/1654/1654 1660/1660/1660 1651/1651/1651
f 1661/1661/1661 1662/1662/1662 1656/1656/1656
f 1663/1663/1663 1664/1664/1664 1657/1657/1657
f 1660/1660/1660 1665/1665/1665 1658/1658/1658
f 1666/1666/1666 1661/1661/1661 1665/1665/1665
f 1667/1667/1667 1657/1657/1657 1659/1659/1659
f 1664/1664/1664 1668/1668/1668 1660/1660/1660
f 1669/1669/1669 1670/1670/1670 1661/1661/1661
f 1663/1663/1663 1671/1671/1671 1672/1672/1672
f 1668/1668/1668 1666/1666/1666 1665/1665/1665
f 1673/1673/1673 1669/1669/1669 1666/1666/1666
f 1674/1674/1674 1663/1663/1663 1667/1667/1667
f 1672/1672/1672 1675/1675/1675 1668/1668/1668
f 1676/1676/1676 1677/1677/1677 1669/1669/1669
f 1678/1678/1678 1679/1679/1679 1671/1671/1671
f 1675/1675/1675 1673/1673/1673 1666/1666/1666
f 1680/1680/1680 1676/1676/1676 1673/1673/1673
f 1681/1681/1681 1678/1678/1678 1674/1674/1674
f 1671/1671/1671 1682/1682/1682 1675/1675/1675
f 1683/1683/1683 1684/1684/1684 1676/1676/1676
f 1685/1685/1685 1686/1686/1686 1679/1679/1679
f 1682/1682/1682 1680/1680/1680 1673/1673/1673
f 1687/1687/1687 1683/1683/1683 1680/1680/1680
f 1688/1688/1688 1685/1685/1685 1681/1681/1681
f 1679/1679/1679 1689/1689/1689 1682/1682/1682
f 1690/1690/1690 1691/1691/1691 1683/1683/1683
f 1692/1692/1692 1693/1693/1693 1686/1686/1686
f 1689/1689/1689 1687/1687/1687 1680/1680/1680
f 1694/1694/1694 1690/1690/1690 1687/1687/1687
f 1688/1688/1688 1695/1695/1695 1692/1692/1692
f 1686/1686/1686 1696/1696/1696 1689/1689/1689
f 1690/1690/1690 1697/1697/1697 1698/1698/1698
f 1695/1695/1695 1699/1699/1699 1693/1693/1693
f 1700/1700/1700 1687/1687/1687 1696/1696/1696
f 1701/1701/1701 1702/1702/1702 1694/1694/1694
f 1703/1703/1703 1704/1704/1704 1695/1695/1695
f 1693/1693/1693 1700/1700/1700 1696/1696/1696
f 1702/1702/1702 1705/1705/1705 1697/1697/1697
f 1704/1704/1704 1706/1706/1706 1699/1699/1699
f 1707/1707/1707 1694/1694/1694 1700/1700/1700
f 1708/1708/1708 1709/1709/1709 1701/1701/1701
f 1710/1710/1710 1711/1711/1711 1704/1704/1704
f 1706/1706/1706 1700/1700/1700 1699/1699/1699
f 1709/1709/1709 1712/1712/1712 1705/1705/1705
f 1711/1711/1711 1713/1713/1713 1706/1706/1706
f 1714/1714/1714 1701/1701/1701 1707/1707/1707
f 1715/1715/1715 1716/1716/1716 1708/1708/1708
f 1717/1717/1717 1718/1718/1718 1711/1711/1711
f 1713/1713/1713 1707/1707/1707 1706/1706/1706
f 1719/1719/1719 1712/1712/1712 1716/1716/1716
f 1718/1718/1718 1720/1720/1720 1713/1713/1713
f 1714/1714/1714 1715/1715/1715 1708/1708/1708
f 1655/1655/1655 1656/1656/1656 1652/1652/1652
f 1721/1721/1721 1718/1718/1718 1722/1722/1722
f 1713/1713/1713 1723/1723/1723 1714/1714/1714
f 1564/1564/1564 1552/1552/1552 1554/1554/1554
f 1658/1658/1658 1661/1661/1661 1656/1656/1656
f 1724/1724/1724 1725/1725/1725 1726/1726/1726
f 1725/1725/1725 1727/1727/1727 1726/1726/1726
f 1728/1728/1728 1729/1729/1729 1730/1730/1730
f 1731/1731/1731 1732/1732/1732 1733/1733/1733
f 1733/1733/1733 1728/1728/1728 1730/1730/1730
f 1734/1734/1734 1735/1735/1735 1729/1729/1729
f 1736/1736/1736 1737/1737/1737 1738/1738/1738
f 1739/1739/1739 1740/1740/1740 1741/1741/1741
f 1742/1742/1742 1743/1743/1743 1744/1744/1744
f 1745/1745/1745 1738/1738/1738 1740/1740/1740
f 1746/1746/1746 1747/1747/1747 1731/1731/1731
f 1744/1744/1744 1739/1739/1739 1741/1741/1741
f 1748/1748/1748 1744/1744/1744 1741/1741/1741
f 1749/1749/1749 1750/1750/1750 1742/1742/1742
f 1740/1740/1740 1748/1748/1748 1741/1741/1741
f 1751/1751/1751 1742/1742/1742 1744/1744/1744
f 1737/1737/1737 1752/1752/1752 1738/1738/1738
f 1752/1752/1752 1740/1740/1740 1738/1738/1738
f 1753/1753/1753 1754/1754/1754 1755/1755/1755
f 1756/1756/1756 1757/1757/1757 1758/1758/1758
f 1759/1759/1759 1760/1760/1760 1761/1761/1761
f 1762/1762/1762 1758/1758/1758 1754/1754/1754
f 1763/1763/1763 1759/1759/1759 1757/1757/1757
f 1760/1760/1760 1755/1755/1755 1761/1761/1761
f 1750/1750/1750 1764/1764/1764 1742/1742/1742
f 1765/1765/1765 1766/1766/1766 1767/1767/1767
f 1768/1768/1768 1769/1769/1769 1770/1770/1770
f 1771/1771/1771 1772/1772/1772 1773/1773/1773
f 1774/1774/1774 1771/1771/1771 1775/1775/1775
f 1776/1776/1776 1777/1777/1777 1735/1735/1735
f 1778/1778/1778 1775/1775/1775 1779/1779/1779
f 1773/1773/1773 1780/1780/1780 1768/1768/1768
f 1781/1781/1781 1782/1782/1782 1766/1766/1766
f 1782/1782/1782 1783/1783/1783 1784/1784/1784
f 1784/1784/1784 1785/1785/1785 1786/1786/1786
f 1787/1787/1787 1767/1767/1767 1788/1788/1788
f 1786/1786/1786 1789/1789/1789 1790/1790/1790
f 1774/1774/1774 1767/1767/1767 1766/1766/1766
f 1791/1791/1791 1766/1766/1766 1782/1782/1782
f 1784/1784/1784 1791/1791/1791 1782/1782/1782
f 1786/1786/1786 1772/1772/1772 1784/1784/1784
f 1790/1790/1790 1780/1780/1780 1786/1786/1786
f 1778/1778/1778 1788/1788/1788 1767/1767/1767
f 1792/1792/1792 1779/1779/1779 1793/1793/1793
f 1518/1518/1518 1794/1794/1794 1519/1519/1519
f 1521/1521/1521 1529/1529/1529 1522/1522/1522
f 1524/1524/1524 1530/1530/1530 1525/1525/1525
f 1526/1526/1526 1525/1525/1525 1527/1527/1527
f 1529/1529/1529 1518/1518/1518 1520/1520/1520
f 1521/1521/1521 1523/1523/1523 1530/1530/1530
f 1520/1520/1520 1519/1519/1519 1531/1531/1531
f 1522/1522/1522 1537/1537/1537 1533/1533/1533
f 1525/1525/1525 1530/1530/1530 1534/1534/1534
f 1527/1527/1527 1525/1525/1525 1535/1535/1535
f 1520/1520/1520 1532/1532/1532 1537/1537/1537
f 1523/1523/1523 1533/1533/1533 1534/1534/1534
f 1532/1532/1532 1531/1531/1531 1538/1538/1538
f 1537/1537/1537 1544/1544/1544 1540/1540/1540
f 1535/1535/1535 1534/1534/1534 1541/1541/1541
f 1536/1536/1536 1535/1535/1535 1542/1542/1542
f 1532/1532/1532 1539/1539/1539 1544/1544/1544
f 1533/1533/1533 1540/1540/1540 1541/1541/1541
f 1539/1539/1539 1538/1538/1538 1545/1545/1545
f 1544/1544/1544 1551/1551/1551 1547/1547/1547
f 1542/1542/1542 1541/1541/1541 1548/1548/1548
f 1543/1543/1543 1542/1542/1542 1549/1549/1549
f 1539/1539/1539 1546/1546/1546 1551/1551/1551
f 1540/1540/1540 1547/1547/1547 1548/1548/1548
f 1552/1552/1552 1561/1561/1561 1550/1550/1550
f 1546/1546/1546 1562/1562/1562 1553/1553/1553
f 1547/1547/1547 1559/1559/1559 1554/1554/1554
f 1555/1555/1555 1597/1597/1597 1556/1556/1556
f 1558/1558/1558 1562/1562/1562 1546/1546/1546
f 1551/1551/1551 1553/1553/1553 1559/1559/1559
f 1560/1560/1560 1573/1573/1573 1561/1561/1561
f 1562/1562/1562 1567/1567/1567 1563/1563/1563
f 1559/1559/1559 1566/1566/1566 1564/1564/1564
f 1554/1554/1554 1552/1552/1552 1549/1549/1549
f 1565/1565/1565 1567/1567/1567 1562/1562/1562
f 1553/1553/1553 1563/1563/1563 1566/1566/1566
f 1567/1567/1567 1565/1565/1565 1568/1568/1568
f 1563/1563/1563 1575/1575/1575 1570/1570/1570
f 1560/1560/1560 1564/1564/1564 1571/1571/1571
f 1573/1573/1573 1560/1560/1560 1572/1572/1572
f 1567/1567/1567 1569/1569/1569 1575/1575/1575
f 1566/1566/1566 1570/1570/1570 1571/1571/1571
f 1569/1569/1569 1568/1568/1568 1576/1576/1576
f 1575/1575/1575 1582/1582/1582 1578/1578/1578
f 1572/1572/1572 1571/1571/1571 1579/1579/1579
f 1574/1574/1574 1572/1572/1572 1580/1580/1580
f 1569/1569/1569 1577/1577/1577 1582/1582/1582
f 1570/1570/1570 1578/1578/1578 1579/1579/1579
f 1576/1576/1576 1589/1589/1589 1583/1583/1583
f 1578/1578/1578 1582/1582/1582 1584/1584/1584
f 1579/1579/1579 1588/1588/1588 1586/1586/1586
f 1580/1580/1580 1586/1586/1586 1587/1587/1587
f 1582/1582/1582 1577/1577/1577 1583/1583/1583
f 1579/1579/1579 1578/1578/1578 1585/1585/1585
f 1589/1589/1589 1599/1599/1599 1590/1590/1590
f 1585/1585/1585 1584/1584/1584 1591/1591/1591
f 1588/1588/1588 1555/1555/1555 1557/1557/1557
f 1586/1586/1586 1557/1557/1557 1593/1593/1593
f 1584/1584/1584 1583/1583/1583 1590/1590/1590
f 1588/1588/1588 1585/1585/1585 1592/1592/1592
f 1557/1557/1557 1556/1556/1556 1594/1594/1594
f 1595/1595/1595 1600/1600/1600 1591/1591/1591
f 1596/1596/1596 1597/1597/1597 1555/1555/1555
f 1597/1597/1597 1604/1604/1604 1598/1598/1598
f 1599/1599/1599 1606/1606/1606 1595/1595/1595
f 1600/1600/1600 1596/1596/1596 1592/1592/1592
f 1556/1556/1556 1598/1598/1598 1601/1601/1601
f 1602/1602/1602 1607/1607/1607 1600/1600/1600
f 1603/1603/1603 1604/1604/1604 1597/1597/1597
f 1604/1604/1604 1620/1620/1620 1605/1605/1605
f 1606/1606/1606 1611/1611/1611 1602/1602/1602
f 1607/1607/1607 1603/1603/1603 1596/1596/1596
f 1598/1598/1598 1605/1605/1605 1608/1608/1608
f 1609/1609/1609 1612/1612/1612 1607/1607/1607
f 1610/1610/1610 1620/1620/1620 1604/1604/1604
f 1611/1611/1611 1613/1613/1613 1609/1609/1609
f 1612/1612/1612 1610/1610/1610 1603/1603/1603
f 1613/1613/1613 1621/1621/1621 1614/1614/1614
f 1610/1610/1610 1612/1612/1612 1615/1615/1615
f 1605/1605/1605 1620/1620/1620 1617/1617/1617
f 1605/1605/1605 1618/1618/1618 1619/1619/1619
f 1609/1609/1609 1614/1614/1614 1615/1615/1615
f 1620/1620/1620 1610/1610/1610 1616/1616/1616
f 1621/1621/1621 1628/1628/1628 1622/1622/1622
f 1616/1616/1616 1615/1615/1615 1623/1623/1623
f 1617/1617/1617 1627/1627/1627 1625/1625/1625
f 1618/1618/1618 1625/1625/1625 1626/1626/1626
f 1614/1614/1614 1622/1622/1622 1623/1623/1623
f 1617/1617/1617 1616/1616/1616 1624/1624/1624
f 1628/1628/1628 1795/1795/1795 1629/1629/1629
f 1623/1623/1623 1634/1634/1634 1630/1630/1630
f 1625/1625/1625 1627/1627/1627 1631/1631/1631
f 1626/1626/1626 1625/1625/1625 1632/1632/1632
f 1622/1622/1622 1629/1629/1629 1634/1634/1634
f 1627/1627/1627 1624/1624/1624 1630/1630/1630
f 1629/1629/1629 1795/1795/1795 1635/1635/1635
f 1634/1634/1634 1640/1640/1640 1637/1637/1637
f 1631/1631/1631 1641/1641/1641 1638/1638/1638
f 1633/1633/1633 1632/1632/1632 1638/1638/1638
f 1634/1634/1634 1629/1629/1629 1636/1636/1636
f 1630/1630/1630 1637/1637/1637 1641/1641/1641
f 1636/1636/1636 1635/1635/1635 1642/1642/1642
f 1640/1640/1640 1647/1647/1647 1644/1644/1644
f 1641/1641/1641 1648/1648/1648 1645/1645/1645
f 1639/1639/1639 1638/1638/1638 1645/1645/1645
f 1640/1640/1640 1636/1636/1636 1643/1643/1643
f 1637/1637/1637 1644/1644/1644 1648/1648/1648
f 1643/1643/1643 1642/1642/1642 1649/1649/1649
f 1647/1647/1647 1654/1654/1654 1651/1651/1651
f 1648/1648/1648 1655/1655/1655 1652/1652/1652
f 1646/1646/1646 1645/1645/1645 1652/1652/1652
f 1647/1647/1647 1643/1643/1643 1650/1650/1650
f 1644/1644/1644 1651/1651/1651 1655/1655/1655
f 1656/1656/1656 1662/1662/1662 1653/1653/1653
f 1657/1657/1657 1664/1664/1664 1654/1654/1654
f 1651/1651/1651 1660/1660/1660 1658/1658/1658
f 1659/1659/1659 1657/1657/1657 1650/1650/1650
f 1654/1654/1654 1664/1664/1664 1660/1660/1660
f 1661/1661/1661 1670/1670/1670 1662/1662/1662
f 1663/1663/1663 1672/1672/1672 1664/1664/1664
f 1660/1660/1660 1668/1668/1668 1665/1665/1665
f 1666/1666/1666 1669/1669/1669 1661/1661/1661
f 1667/1667/1667 1663/1663/1663 1657/1657/1657
f 1664/1664/1664 1672/1672/1672 1668/1668/1668
f 1669/1669/1669 1677/1677/1677 1670/1670/1670
f 1663/1663/1663 1678/1678/1678 1671/1671/1671
f 1668/1668/1668 1675/1675/1675 1666/1666/1666
f 1673/1673/1673 1676/1676/1676 1669/1669/1669
f 1674/1674/1674 1678/1678/1678 1663/1663/1663
f 1672/1672/1672 1671/1671/1671 1675/1675/1675
f 1676/1676/1676 1684/1684/1684 1677/1677/1677
f 1678/1678/1678 1685/1685/1685 1679/1679/1679
f 1675/1675/1675 1682/1682/1682 1673/1673/1673
f 1680/1680/1680 1683/1683/1683 1676/1676/1676
f 1681/1681/1681 1685/1685/1685 1678/1678/1678
f 1671/1671/1671 1679/1679/1679 1682/1682/1682
f 1683/1683/1683 1691/1691/1691 1684/1684/1684
f 1685/1685/1685 1692/1692/1692 1686/1686/1686
f 1682/1682/1682 1689/1689/1689 1680/1680/1680
f 1687/1687/1687 1690/1690/1690 1683/1683/1683
f 1688/1688/1688 1692/1692/1692 1685/1685/1685
f 1679/1679/1679 1686/1686/1686 1689/1689/1689
f 1690/1690/1690 1698/1698/1698 1691/1691/1691
f 1692/1692/1692 1695/1695/1695 1693/1693/1693
f 1689/1689/1689 1696/1696/1696 1687/1687/1687
f 1694/1694/1694 1702/1702/1702 1690/1690/1690
f 1688/1688/1688 1703/1703/1703 1695/1695/1695
f 1686/1686/1686 1693/1693/1693 1696/1696/1696
f 1690/1690/1690 1702/1702/1702 1697/1697/1697
f 1695/1695/1695 1704/1704/1704 1699/1699/1699
f 1700/1700/1700 1694/1694/1694 1687/1687/1687
f 1701/1701/1701 1709/1709/1709 1702/1702/1702
f 1703/1703/1703 1710/1710/1710 1704/1704/1704
f 1693/1693/1693 1699/1699/1699 1700/1700/1700
f 1702/1702/1702 1709/1709/1709 1705/1705/1705
f 1704/1704/1704 1711/1711/1711 1706/1706/1706
f 1707/1707/1707 1701/1701/1701 1694/1694/1694
f 1708/1708/1708 1716/1716/1716 1709/1709/1709
f 1710/1710/1710 1717/1717/1717 1711/1711/1711
f 1706/1706/1706 1707/1707/1707 1700/1700/1700
f 1709/1709/1709 1716/1716/1716 1712/1712/1712
f 1711/1711/1711 1718/1718/1718 1713/1713/1713
f 1714/1714/1714 1708/1708/1708 1701/1701/1701
f 1715/1715/1715 1719/1719/1719 1716/1716/1716
f 1717/1717/1717 1722/1722/1722 1718/1718/1718
f 1713/1713/1713 1714/1714/1714 1707/1707/1707
f 1719/1719/1719 1796/1796/1796 1712/1712/1712
f 1718/1718/1718 1797/1797/1797 1720/1720/1720
f 1714/1714/1714 1723/1723/1723 1715/1715/1715
f 1655/1655/1655 1658/1658/1658 1656/1656/1656
f 1721/1721/1721 1797/1797/1797 1718/1718/1718
f 1713/1713/1713 1720/1720/1720 1723/1723/1723
f 1564/1564/1564 1560/1560/1560 1552/1552/1552
f 1658/1658/1658 1665/1665/1665 1661/1661/1661
f 1724/1724/1724 1798/1798/1798 1725/1725/1725
f 1725/1725/1725 1799/1799/1799 1727/1727/1727
f 1728/1728/1728 1734/1734/1734 1729/1729/1729
f 1731/1731/1731 1747/1747/1747 1732/1732/1732
f 1733/1733/1733 1732/1732/1732 1728/1728/1728
f 1734/1734/1734 1776/1776/1776 1735/1735/1735
f 1736/1736/1736 1800/1800/1800 1737/1737/1737
f 1739/1739/1739 1745/1745/1745 1740/1740/1740
f 1742/1742/1742 1764/1764/1764 1743/1743/1743
f 1745/1745/1745 1736/1736/1736 1738/1738/1738
f 1746/1746/1746 1801/1801/1801 1747/1747/1747
f 1744/1744/1744 1743/1743/1743 1739/1739/1739
f 1748/1748/1748 1751/1751/1751 1744/1744/1744
f 1749/1749/1749 1802/1802/1802 1750/1750/1750
f 1740/1740/1740 1803/1803/1803 1748/1748/1748
f 1751/1751/1751 1749/1749/1749 1742/1742/1742
f 1737/1737/1737 1804/1804/1804 1752/1752/1752
f 1752/1752/1752 1803/1803/1803 1740/1740/1740
f 1753/1753/1753 1762/1762/1762 1754/1754/1754
f 1756/1756/1756 1763/1763/1763 1757/1757/1757
f 1759/1759/1759 1805/1805/1805 1760/1760/1760
f 1762/1762/1762 1756/1756/1756 1758/1758/1758
f 1763/1763/1763 1805/1805/1805 1759/1759/1759
f 1760/1760/1760 1753/1753/1753 1755/1755/1755
f 1750/1750/1750 1806/1806/1806 1764/1764/1764
f 1765/1765/1765 1781/1781/1781 1766/1766/1766
f 1768/1768/1768 1780/1780/1780 1769/1769/1769
f 1771/1771/1771 1791/1791/1791 1772/1772/1772
f 1774/1774/1774 1791/1791/1791 1771/1771/1771
f 1776/1776/1776 1807/1807/1807 1777/1777/1777
f 1778/1778/1778 1774/1774/1774 1775/1775/1775
f 1773/1773/1773 1772/1772/1772 1780/1780/1780
f 1781/1781/1781 1808/1808/1808 1782/1782/1782
f 1782/1782/1782 1808/1808/1808 1783/1783/1783
f 1784/1784/1784 1783/1783/1783 1785/1785/1785
f 1787/1787/1787 1765/1765/1765 1767/1767/1767
f 1786/1786/1786 1785/1785/1785 1789/1789/1789
f 1774/1774/1774 1778/1778/1778 1767/1767/1767
f 1791/1791/1791 1774/1774/1774 1766/1766/1766
f 1784/1784/1784 1772/1772/1772 1791/1791/1791
f 1786/1786/1786 1780/1780/1780 1772/1772/1772
f 1790/1790/1790 1769/1769/1769 1780/1780/1780
f 1778/1778/1778 1792/1792/1792 1788/1788/1788
f 1792/1792/1792 1778/1778/1778 1779/1779/1779
o AntennaL_LP_Checker_0
usemtl Checker
v -0.22068370385429914 0.18829877796107475 0.5820688168428433
v -0.2243346521779599 0.18414870909208372 0.6357075725952335
v -0.2224883834461483 0.20977665643415372 0.5873439434976562
v -0.19837884161519603 0.2257840000050451 0.4653977875905034
v -0.21936645613536698 0.22234194187926262 0.5005371692513885
v -0.20066782383618142 0.23394710008773129 0.5006577475543537
v -0.17891183095622432 0.19434361041305276 0.47670288622536344
v -0.1809699196896719 0.22349152229518343 0.5039682507592581
v -0.18007243767218795 0.20143075649181608 0.5071579968472717
v -0.19811896536978402 0.18337136456278122 0.47935541385547503
v -0.21844328451655903 0.2002811760758953 0.5037269153394022
v -0.2175301413790104 0.19360545133480248 0.4750291283530984
v -0.2175301413790104 0.19360545133480248 0.4750291283530984
v -0.2176400970450021 0.21481175415476383 0.4680502556159716
v -0.17901473837312887 0.21554991323302383 0.46972407309288
v -0.1987413570566171 0.18982559828333773 0.5070373589396631
v -0.21973321840763338 0.1987135506185481 0.5434243233836425
v -0.2068306161426614 0.1960299866052697 0.6407014861057664
v -0.2046115501684348 0.22129260229912273 0.5930290325130756
v -0.18697496830727967 0.18656642315980287 0.6401149779560962
v -0.18254583665998636 0.18974125601478098 0.5880772626901178
v -0.18466862623389146 0.21126254157507002 0.5933869004264124
v -0.21844328451655903 0.2002811760758953 0.5037269153394022
v -0.2213762800087865 0.22097896966766847 0.5445464367736056
v -0.1847770470803145 0.16530368760636868 0.6345890349266236
v -0.20066959707432386 0.17829428763098182 0.5824384864714159
v -0.2031709506398971 0.23284033889732914 0.5474987720401681
v -0.19974180609564907 0.18829565761787143 0.5452374983344727
v -0.20280435228040017 0.1535893180109681 0.6296870913537306
v -0.2235048512331056 0.13453337857265688 0.6775456892366983
v -0.22234053412808763 0.16297204265291926 0.6302377175212183
v -0.1831853795829702 0.22240948188577134 0.5493062249473396
v -0.22234053412808763 0.16297204265291926 0.6302377175212183
v -0.22552693876191354 0.15465575805449713 0.6828676057574528
v -0.20847773085956867 0.16636550814746617 0.6868944935607099
v -0.1867764699434532 0.13758033856915192 0.6801604848434919
v -0.192551712858266 0.11441257594227255 0.7472883109472275
v -0.2066254122564476 0.10858594863611203 0.7154402992073322
v -0.18962034159257235 0.12109088361623965 0.7154098988018638
v -0.18903983706891891 0.15779427078924438 0.6855187601818309
v -0.20429996689483587 0.1260312677026592 0.6761883140767377
v -0.2256771424633902 0.11681170247230686 0.7161563880535126
v -0.19447370928957208 0.1349084963169959 0.7439705939446871
v -0.2108010453551773 0.15033843535993782 0.7168890428685174
v -0.21330584108890938 0.14277316509497107 0.7438995439283858
v -0.2235048512331056 0.13453337857265688 0.6775456892366983
v -0.22781837967444096 0.13764102207202697 0.7168399903156348
v -0.230191955785633 0.13003274758107455 0.7470683672680735
v -0.19165263641656993 0.1420169415591432 0.7161357011357832
v -0.22153186302933392 0.17081182083045338 0.86980278533308
v -0.2365790999700329 0.1440431026610911 0.8417022401476404
v -0.21925065921431786 0.1392889175746034 0.8446719230724623
v -0.23904226186031996 0.17387779362130285 0.8657462120101175
v -0.23898280622848544 0.15812976401023432 0.8290642653033865
v -0.2365790999700329 0.1440431026610911 0.8417022401476404
v -0.2236126015272899 0.1674908654086231 0.8194310805142787
v -0.2105087143814105 0.18921169557940862 0.844169865027288
v -0.20573889749335716 0.16269768398292947 0.8223931936557365
v -0.20681461229589693 0.17847542649788795 0.8590084427616138
v -0.2030249788681049 0.14859609166816634 0.8350162077369189
v -0.22821749236693611 0.19229207779383978 0.8401196097941828
v -0.2462885622764699 0.2335657509535767 0.8749456425593701
v -0.23322762027619126 0.2403598142404046 0.8639073979286012
v -0.2108963680812037 0.23142010458501003 0.884681048136436
v -0.23904226186031996 0.17387779362130285 0.8657462120101175
v -0.2239737758642335 0.2246179201705044 0.8957499295552579
v -0.2416782623154312 0.2256923228766591 0.8908749848022891
v -0.2425603067302634 0.18461719194482715 0.8508967266255316
v -0.2416782623154312 0.2256923228766591 0.8908749848022891
v -0.2155502390365993 0.23928655892084913 0.8687652361487147
v -0.24879784325962107 0.2853033771690515 0.9114377426132853
v -0.22426920627945934 0.3018528415259529 0.8910986686210078
v -0.23160545010256495 0.2854419588037713 0.9165857360402466
v -0.2536817136329028 0.2934485876192315 0.896124175897498
v -0.21933520840104193 0.2937384466732381 0.9063926254040816
v -0.23358196988146063 0.3542066462451364 0.9312794019340124
v -0.2532671335354342 0.36935248851387625 0.9579587954994444
v -0.24499730218207894 0.34471889979346626 0.9403778138827816
v -0.26958482854996246 0.3678965846059921 0.9525135539302513
v -0.26672213673467615 0.3516090741093283 0.9203872498144142
v -0.2615746201222846 0.34342219988755834 0.9349285191718967
v -0.29814096618873687 0.35073632171930125 1.156108773217941
v -0.3032168678220315 0.33324832524306086 1.1923839236480083
v -0.30697637110256304 0.35958171179149256 1.1645827639351527
v -0.2705711065850158 0.4030121322393874 1.0040151191901638
v -0.293460362550757 0.4082484634778318 1.0267705022736253
v -0.2866065438105192 0.4016887891950065 0.9994076208629669
v -0.2852097089914296 0.3818272299066223 1.1173117481075991
v -0.3010177843045192 0.3956895370146377 1.0901685064808655
v -0.28528659898147124 0.3971135517817113 1.0915837589027775
v -0.2971323066100706 0.3429243657512539 1.2016250259910033
v -0.30083774847899925 0.3703978102066047 1.1731596319458786
v -0.2825580772185754 0.34482867452079646 1.2017243270167284
v -0.2770266470977667 0.3635095386168813 1.1647777896885745
v -0.28585802869816046 0.37236243887503984 1.1732572640317598
v -0.3010177843045192 0.3956895370146377 1.0901685064808655
v -0.30966007017358965 0.38870131560179116 1.125758559428567
v -0.31011440656823486 0.40743820887506216 1.0937981889338761
v -0.27406840903904106 0.3370570023868088 1.1925826449087356
v -0.2831712301856748 0.3526995198762354 1.1562060476761946
v -0.3034619025112262 0.42059194122955773 1.098865296739248
v -0.2878154153865109 0.4017556280277583 1.1346111581552094
v -0.28770517659846284 0.4220139294384629 1.100278761022187
v -0.2787852224979126 0.3928149897178654 1.1260298790953176
v -0.27862497541401576 0.41027157566729133 1.09663095875654
v -0.28015297025100194 0.32738096187861576 1.1833415425657408
v -0.2892395193299757 0.2808506632277884 1.224149154024102
v -0.29472719964249716 0.32547659350442976 1.1832422415400254
v -0.303242825644251 0.39969479746123243 1.1344915915762144
v -0.29472719964249716 0.32547659350442976 1.1832422415400254
v -0.29730551770391633 0.2877390541688682 1.2334030122149595
v -0.2913972670272602 0.2963051370456873 1.2428824141032748
v -0.2752653000817007 0.2825283551635277 1.2243746977215602
v -0.2851168449569452 0.2343345347893517 1.2600980333652447
v -0.2774230477789852 0.2979827693767832 1.2431079578007427
v -0.2851168449569452 0.2343345347893517 1.2600980333652447
v -0.2892395193299757 0.2808506632277884 1.224149154024102
v -0.2870286638953834 0.24716959325600732 1.2795177009450658
v -0.2693570792073663 0.29109431883104053 1.2338539804006081
v -0.27168744195206207 0.23537809298976634 1.2607303192528723
v -0.2927874857309276 0.24023032962597418 1.2694918434206213
v -0.26592862011651786 0.2423174460268035 1.2707564151958761
v -0.2854844565953807 0.18433792600745466 1.2880672820278385
v -0.28737472845521417 0.19307167853322718 1.308514891956667
v -0.27359926089050024 0.2482131514564414 1.28015010604198
v -0.272683077916136 0.18388090762844658 1.2894458182958488
v -0.29443525609891275 0.1277634661198853 1.3045918441745858
v -0.2854844565953807 0.18433792600745466 1.2880672820278385
v -0.2928302818649198 0.18893329655867439 1.2976017592536064
v -0.26722749470410867 0.18801925980067766 1.300358950998914
v -0.3015505008052921 0.1308714325619273 1.313915321204894
v -0.2969602280044503 0.1314097537268784 1.3251336302689074
v -0.27457331997364776 0.19261468995654085 1.3098934282246724
v -0.27813952539549325 0.1257322612170518 1.317705104481572
v -0.3015832833591858 0.06679140347066903 1.309020121488159
v -0.28272979819633504 0.12519391024977897 1.3064867954175634
v -0.2852547701018726 0.12884013825212864 1.3270285815118947
v -0.29443525609891275 0.1277634661198853 1.3045918441745858
v -0.31891321423098695 0.0727471005655144 1.3159069602305582
v -0.30501364979862444 0.06669648621598241 1.328293282960957
v -0.29809355069487786 0.06474288300181577 1.3195732431527973
v -0.3240100072918084 0.013639468080768245 1.301415412109374
v -0.3119931151272404 0.07079352715370833 1.3071871588409674
v -0.315423481566679 0.07069860989898287 1.3264600818951915
v -0.33333801478137026 0.018149304157519232 1.299833265719074
v -0.3119931151272404 0.07079352715370833 1.3071871588409674
v -0.32811187964427724 0.011304667646051944 1.3189448997078101
v -0.3213969397232619 0.010217120022693458 1.3109711098944599
v -0.34631919086756113 -0.03346244802174535 1.287465906659682
v -0.33333801478137026 0.018149304157519232 1.299833265719074
v -0.3374398871338391 0.01581444411815949 1.31736275331752
v -0.354814581092866 -0.028911693321107528 1.286105727954898
v -0.3400529547023856 0.019236762373893136 1.3078069363231521
v -0.3508754294169969 -0.03725070797144658 1.303248382395599
v -0.3443496150296266 -0.03763200005038775 1.2960372934846833
v -0.36659609452047714 -0.07463140792300553 1.2698329524878909
v -0.354814581092866 -0.028911693321107528 1.286105727954898
v -0.3593708792469452 -0.03269992346848704 1.30188820369081
v -0.37445693371168653 -0.07022358513166889 1.2686303684836568
v -0.36134039548023633 -0.028530401242166364 1.2933168168658136
v -0.3714836156781698 -0.0794840878592738 1.2839952549791527
v -0.3840241942400291 -0.11025698739960668 1.2495781083571922
v -0.37445693371168653 -0.07022358513166889 1.2686303684836568
v -0.380831173490781 -0.07044590939600867 1.2751102277271538
v -0.36510943550371877 -0.07926173379263171 1.277515276526364
v -0.3977091223513529 -0.10682122597680131 1.254262198307057
v -0.3793445144740226 -0.07507614585863084 1.2827927901841862
v -0.3891932281287036 -0.11599792577268198 1.2622802164381
v -0.38290857412870416 -0.11522950365357772 1.2564849760402201
v -0.39862155023318024 -0.14133053070706314 1.227770800941753
v -0.39142446835135347 -0.10605286346235993 1.2484668386998998
v -0.396593502240028 -0.11179383163775693 1.2611689467808125
v -0.40572177456941194 -0.13731839332092802 1.2266927907067804
v -0.39142446835135347 -0.10605286346235993 1.2484668386998998
v -0.40406840136494315 -0.14790453359012098 1.2391784155120866
v -0.4112582710849133 -0.16897844632505038 1.2048536545072972
v -0.40572177456941194 -0.13731839332092802 1.2266927907067804
v -0.4119952825010875 -0.13859926646475565 1.2318575332698078
v -0.39779483382862413 -0.1466235412370259 1.2340135537397527
v -0.417445709911457 -0.16554584487136179 1.2038723230984079
v -0.41116862570117485 -0.14389230679702072 1.2381004052770996
v -0.4163818266306407 -0.17561193501797645 1.2139551654325078
v -0.42263494977425875 -0.1943992645213806 1.1802284770474951
v -0.417445709911457 -0.16554584487136179 1.2038723230984079
v -0.4231012368999143 -0.16714625868864907 1.2079324724612073
v -0.4107263592468269 -0.1740114615960457 1.2098950160696988
v -0.42661469221231263 -0.1922554048174987 1.179544215391489
v -0.42256926545718443 -0.1721793037619661 1.2129738340236136
v -0.4261401796458619 -0.19925164789717378 1.185412532096871
v -0.43035714856481944 -0.19360962194996204 1.18179417169281
v -0.4223977232933551 -0.19789743076471045 1.18316257579555
v -0.2256771424633902 0.11681170247230686 0.7161563880535126
v -0.22823929276527544 0.1096210932754859 0.7504135023928691
v -0.21657137088690603 0.11774393559953449 0.8174558503400206
v -0.19975965768636028 0.12849756562944153 0.809344371871144
v -0.20173330154120983 0.14533752978125491 0.7992184342762305
v -0.2198492090437737 0.15140324069929753 0.7972209624769349
v -0.23604142138269335 0.1405458687836808 0.8053091355471268
v -0.23436995816893957 0.12374017730442058 0.815450868366969
v -0.20941392609296894 0.10186362345415209 0.7505177521781033
v -0.238747487096172 0.3623601418688311 0.9167519608592468
v -0.24260116571334367 0.38050201262787176 0.9501071932114805
v -0.25531136418928124 0.36106064054545817 0.9113074345202938
v -0.2482597176374557 0.39017977800197345 0.9368296612613822
v -0.27523332219049346 0.37759115848812697 0.9392273196994717
v -0.2615746201222846 0.34342219988755834 0.9349285191718967
v -0.24879784325962107 0.2853033771690515 0.9114377426132853
v -0.2825069662368229 0.4081035698217191 1.0588848881379522
v -0.2752359745971267 0.4222287380862097 1.0604604749814457
v -0.2839151557404884 0.4352072317901266 1.0593966491908078
v -0.29989301488042575 0.4340476826271907 1.0567610512559544
v -0.24142443594132867 0.30169900110731845 0.8859801794950368
v -0.3071558406839703 0.41995380679808 1.055170563246502
v -0.2984471552421042 0.4069610079823198 1.0562502438746264
v -0.2785574731553164 0.38819018119461207 0.9748283370362414
v -0.26958482854996246 0.3678965846059921 0.9525135539302513
v -0.26253142366115534 0.38984582025939185 0.9802534322034098
v -0.25264012248873424 0.4022409028665809 0.9739925584367288
v -0.26161282669873165 0.4165135369982144 0.9999926976277466
v -0.25878154653053986 0.41300442668445553 0.9623036092667842
v -0.2686937987351312 0.42868832045451316 0.9913458500199286
v -0.2748179970349818 0.4113599932900211 0.9568624208440604
v -0.28475015719048313 0.4273522220148136 0.9867283977193548
v -0.26457183961782205 0.38872345686176 0.9313854925758389
v -0.2847090895911508 0.39895048636164365 0.9631387918203865
v -0.2785574731553164 0.38819018119461207 0.9748283370362414
v -0.2937073045885419 0.4138722153240024 0.9907570777658473
v -0.2984471552421042 0.4069610079823198 1.0562502438746264
v -0.27745949601845066 0.4094007410548308 1.030514388949845
v -0.26936572188066554 0.4234789403490907 1.0289522681608578
v -0.2772743043912729 0.4363786360188474 1.0236193194010876
v -0.2933093839889156 0.4351943507477368 1.0198718564514762
v -0.3014011911734671 0.4211724182355665 1.0214258709997879
v -0.2866065438105192 0.4016887891950065 0.9994076208629669
v -0.293460362550757 0.4082484634778318 1.0267705022736253
v -0.300657742455801 0.37975602813037 1.117181333485187
v -0.300657742455801 0.37975602813037 1.117181333485187
v -0.29814096618873687 0.35073632171930125 1.156108773217941
v -0.23165967542693733 0.11168872437906699 0.7849529028152133
v -0.2131992232829505 0.10464183143003125 0.7857660305091491
v -0.22823929276527544 0.1096210932754859 0.7504135023928691
v -0.19628831305455452 0.11646344285886147 0.7794890039775252
v -0.1980283514105896 0.13549021246574425 0.772395869494009
v -0.2165007542855868 0.142629656528926 0.7716075373166671
v -0.2332364566645817 0.13064073485877462 0.7778405160440447
v -0.23165967542693733 0.11168872437906699 0.7849529028152133
v -0.23436995816893957 0.12374017730442058 0.815450868366969
v -0.22068370385429914 0.18829877796107475 0.5820688168428433
v -0.18144756149990338 0.20012913187110873 0.5481696276314525
v -0.21973321840763338 0.1987135506185481 0.5434243233836425
v -0.42263494977425875 -0.1943992645213806 1.1802284770474951
v -0.43035714856481944 -0.19360962194996204 1.18179417169281
v -0.42661469221231263 -0.1922554048174987 1.179544215391489
v -0.4223977232933551 -0.19789743076471045 1.18316257579555
v -0.4301199220839158 -0.19710781799559418 1.1847283896501566
v -0.22128496569503164 0.21588607179245134 0.3983421480970622
v -0.20574782328871277 0.1806499583526149 0.3436861859164953
v -0.2224680582627342 0.17548374980898576 0.39908518616459787
v -0.14961759411653286 0.17581258878535191 0.4000579934966585
v -0.1664547734009897 0.15840440200909656 0.3392383718377437
v -0.12716169371094488 0.18064994345145405 0.34368618591649774
v -0.18596218110705498 0.15448142800987755 0.4001091973606633
v -0.18596051217703857 0.23513901242812976 0.3986713414060964
v -0.20574782328871277 0.22514108594081256 0.35258181407399614
v -0.16399065783640754 0.2250662888308539 0.48527659194679307
v -0.19557813862909057 0.23825330206065906 0.439287852289449
v -0.19965891093778054 0.24418192886885748 0.4776172133360882
v -0.23532713423683183 0.22506627392969303 0.48527659194679545
v -0.23434565437557564 0.1762628805636266 0.4522268383876038
v -0.23532713423683183 0.18683497895252496 0.5005953491682075
v -0.16399065783640754 0.18683497895252496 0.5005953491682075
v -0.19570914963537855 0.1540378745701156 0.4579016212968064
v -0.15695745892172763 0.17624803925076266 0.4537205307547065
v -0.23284752146495447 0.21832830481129226 0.44290102941652176
v -0.1508056338696412 0.21606123510708578 0.3993777191437053
v -0.12716169371094488 0.22514110084197342 0.3525818140739937
v -0.19965891093778054 0.16771933891452134 0.5082547277789122
v -0.22471950445951128 0.1969223808208104 0.5093047184200269
v -0.1745983174160498 0.2237837927802232 0.49854178436793567
v -0.1745983174160498 0.19692236591964954 0.5093047184200293
v -0.22471950445951128 0.2237837927802232 0.49854178436793567
v -0.19965891093778054 0.18349168229169416 0.5146862450507147
v -0.19965891093778054 0.23721449130933944 0.49316025773724786
v -0.1745983174160498 0.2237837927802232 0.49854178436793567
v -0.19965891093778054 0.23721449130933944 0.49316025773724786
v -0.21223406019283686 0.20758876069444454 0.4775042088939038
v -0.19965891093778054 0.2143281678816441 0.4748038194247243
v -0.22471950445951128 0.1969223808208104 0.5093047184200269
v -0.19965891093778054 0.1873705391328362 0.48560531769679893
v -0.21223406019283686 0.1941099314188749 0.4829049282276219
v -0.1745983174160498 0.19692236591964954 0.5093047184200293
v -0.18708370207808078 0.2075887755956054 0.47750420889390144
v -0.18708370207808078 0.1941099314188749 0.4829049282276219
v -0.22471950445951128 0.2237837927802232 0.49854178436793567
v -0.19965891093778054 0.18349168229169416 0.5146862450507147
v -0.1745983174160498 0.2237837927802232 0.49854178436793567
v -0.16399065783640754 0.2250662888308539 0.48527659194679307
v -0.15835423413617378 0.2184271593657302 0.4444556973153433
v -0.24003563284794305 0.22408403953672268 0.4271276132658659
v -0.19557813862909057 0.23825330206065906 0.439287852289449
v -0.1924682365551239 0.24946481387958358 0.42453564160604523
v -0.14961759411653286 0.17581258878535191 0.4000579934966585
v -0.14214317182876524 0.22355491202185648 0.41366179191004465
v -0.13992710098787164 0.16961245743942988 0.4201271163726616
v -0.2224680582627342 0.17548374980898576 0.39908518616459787
v -0.18948305719756198 0.14058125634494323 0.42291185004410736
v -0.23889244558902567 0.16938961030933966 0.41847344518128204
v -0.23639128573854362 0.22340820984192408 0.4121195813894981
v -0.22128496569503164 0.21588607179245134 0.3983421480970622
v -0.1508056338696412 0.21606123510708578 0.3993777191437053
v -0.1664547734009897 0.24738664228433094 0.35702962815274775
v -0.18904967183508703 0.24845628605713968 0.4100855092465085
v -0.18596051217703857 0.23513901242812976 0.3986713414060964
v -0.18596218110705498 0.15448142800987755 0.4001091973606633
v -0.24227372760458887 0.16972129784868406 0.4344305618512626
v -0.23284752146495447 0.21832830481129226 0.44290102941652176
v -0.19570914963537855 0.1540378745701156 0.4579016212968064
v -0.23434565437557564 0.1762628805636266 0.4522268383876038
v -0.1922463880722286 0.14067862319429 0.43926509921258666
v -0.15695745892172763 0.17624803925076266 0.4537205307547065
v -0.15835423413617378 0.2184271593657302 0.4444556973153433
v -0.1447295067147275 0.22431020962041187 0.42874891913531454
v -0.14235554317335308 0.16986382773203784 0.4361474735824207
v -0.15835423413617378 0.2184271593657302 0.4444556973153433
v -0.1447295067147275 0.22431020962041187 0.42874891913531454
v -0.14214317182876524 0.22355491202185648 0.41366179191004465
v -0.1508056338696412 0.21606123510708578 0.3993777191437053
v -0.42661469221231263 -0.1922554048174987 1.179544215391489
v -0.4301199220839158 -0.19710781799559418 1.1847283896501566
v -0.4261401796458619 -0.19925164789717378 1.185412532096871
v -0.15835423413617378 0.2184271593657302 0.4444556973153433
v -0.1508056338696412 0.21606123510708578 0.3993777191437053
v -0.12716169371094488 0.22514110084197342 0.3525818140739937
vt 0.5951025485992432 0.062067627906799316
vt 0.6031389236450195 0.05873382091522217
vt 0.5946662425994873 0.058655381202697754
vt 0.5749614238739014 0.056294798851013184
vt 0.5811445713043213 0.0592883825302124
vt 0.5807340145111084 0.055887818336486816
vt 0.5755143165588379 0.048468947410583496
vt 0.580725908279419 0.05251586437225342
vt 0.5809264183044434 0.04892432689666748
vt 0.5761234760284424 0.044640421867370605
vt 0.5813932418823242 0.041103482246398926
vt 0.5762805938720703 0.040770888328552246
vt 0.5766806602478027 0.06393086910247803
vt 0.5756340026855469 0.06015479564666748
vt 0.5749354362487793 0.052387356758117676
vt 0.5811727046966553 0.045035719871520996
vt 0.5881767272949219 0.0414813756942749
vt 0.602407693862915 0.055420517921447754
vt 0.5942749977111816 0.05544745922088623
vt 0.6024389266967773 0.051995158195495605
vt 0.5945303440093994 0.04887402057647705
vt 0.5942587852478027 0.05223977565765381
vt 0.5817372798919678 0.06290924549102783
vt 0.5879647731781006 0.05888378620147705
vt 0.6031854152679443 0.04855906963348389
vt 0.5948116779327393 0.04529011249542236
vt 0.5875732898712158 0.05561649799346924
vt 0.5880765914916992 0.04523599147796631
vt 0.6038296222686768 0.045105576515197754
vt 0.6124684810638428 0.04142153263092041
vt 0.6036639213562012 0.04164707660675049
vt 0.5875492095947266 0.05236923694610596
vt 0.6039266586303711 0.06211268901824951
vt 0.6122198104858398 0.05897939205169678
vt 0.6115696430206299 0.05549061298370361
vt 0.6122219562530518 0.0481797456741333
vt 0.6245279312133789 0.04752051830291748
vt 0.6194798946380615 0.04442489147186279
vt 0.618920087814331 0.047789692878723145
vt 0.6115779876708984 0.051747679710388184
vt 0.6126928329467773 0.044771552085876465
vt 0.6191139221191406 0.04117143154144287
vt 0.6237168312072754 0.05134618282318115
vt 0.6179122924804688 0.05554306507110596
vt 0.6236002445220947 0.055539727210998535
vt 0.6128301620483398 0.06232774257659912
vt 0.6187417507171631 0.059302687644958496
vt 0.6243371963500977 0.05950963497161865
vt 0.618009090423584 0.05149877071380615
vt 0.6479320526123047 0.04471099376678467
vt 0.641516923904419 0.041071295738220215
vt 0.641411304473877 0.04432570934295654
vt 0.648421049118042 0.06186830997467041
vt 0.6416101455688477 0.05897867679595947
vt 0.6418800354003906 0.06258642673492432
vt 0.6414296627044678 0.055112481117248535
vt 0.6480073928833008 0.0512317419052124
vt 0.6413431167602539 0.0512160062789917
vt 0.6479494571685791 0.047876954078674316
vt 0.6413943767547607 0.04760849475860596
vt 0.6480767726898193 0.05489766597747803
vt 0.6581761837005615 0.05764877796173096
vt 0.6581571102142334 0.054422974586486816
vt 0.6577892303466797 0.04815042018890381
vt 0.6481039524078369 0.041475653648376465
vt 0.6576752662658691 0.04510915279388428
vt 0.6578519344329834 0.042067646980285645
vt 0.6481964588165283 0.058493733406066895
vt 0.6582143306732178 0.06081068515777588
vt 0.6580190658569336 0.051223158836364746
vt 0.6688520908355713 0.05990397930145264
vt 0.6690900325775146 0.05110514163970947
vt 0.6682898998260498 0.04534471035003662
vt 0.669137716293335 0.05692136287689209
vt 0.6686067581176758 0.048253417015075684
vt 0.6793270111083984 0.04832780361175537
vt 0.684675931930542 0.04541480541229248
vt 0.6792211532592773 0.045456767082214355
vt 0.6850216388702393 0.05910646915435791
vt 0.6795923709869385 0.05634438991546631
vt 0.6795439720153809 0.059217095375061035
vt 0.7226979732513428 0.05662739276885986
vt 0.7282788753509521 0.05414426326751709
vt 0.7226316928863525 0.054367899894714355
vt 0.6951117515563965 0.045671820640563965
vt 0.699962854385376 0.04309689998626709
vt 0.6951816082000732 0.04284203052520752
vt 0.71494460105896 0.045717597007751465
vt 0.710242748260498 0.04340779781341553
vt 0.7102797031402588 0.04582011699676514
vt 0.728208065032959 0.05198967456817627
vt 0.722553014755249 0.05218088626861572
vt 0.7281434535980225 0.04985344409942627
vt 0.7223961353302002 0.04781019687652588
vt 0.722465991973877 0.05002796649932861
vt 0.7105824947357178 0.056894659996032715
vt 0.7156012058258057 0.05457198619842529
vt 0.7103312015533447 0.054657816886901855
vt 0.7280831336975098 0.04770767688751221
vt 0.7223734855651855 0.045537590980529785
vt 0.7101233005523682 0.052500128746032715
vt 0.7155795097351074 0.050173401832580566
vt 0.7100672721862793 0.05032169818878174
vt 0.715217113494873 0.047971129417419434
vt 0.7101740837097168 0.04819023609161377
vt 0.7280468940734863 0.045529961585998535
vt 0.7371623516082764 0.043451905250549316
vt 0.7280676364898682 0.04332554340362549
vt 0.715747594833374 0.052388787269592285
vt 0.7283675670623779 0.05633246898651123
vt 0.7373290061950684 0.05370962619781494
vt 0.7372255325317383 0.05167806148529053
vt 0.7371323108673096 0.04554307460784912
vt 0.7459735870361328 0.04355037212371826
vt 0.7371554374694824 0.0496288537979126
vt 0.7462449073791504 0.05530083179473877
vt 0.7374429702758789 0.05579268932342529
vt 0.7460122108459473 0.05135548114776611
vt 0.7371234893798828 0.047585368156433105
vt 0.7459337711334229 0.04555213451385498
vt 0.7461307048797607 0.053295254707336426
vt 0.7459063529968262 0.04749405384063721
vt 0.7549214363098145 0.054825663566589355
vt 0.7547037601470947 0.051051974296569824
vt 0.7459394931793213 0.04942810535430908
vt 0.7546226978302002 0.04553067684173584
vt 0.7636466026306152 0.04387176036834717
vt 0.7546625137329102 0.04363071918487549
vt 0.7548086643218994 0.052930474281311035
vt 0.754605770111084 0.0474015474319458
vt 0.763782262802124 0.05239903926849365
vt 0.7637324333190918 0.05069291591644287
vt 0.7546327114105225 0.049221158027648926
vt 0.7636613845825195 0.047324299812316895
vt 0.7724077701568604 0.04565989971160889
vt 0.7636349201202393 0.045632004737854004
vt 0.7636840343475342 0.04900801181793213
vt 0.7638835906982422 0.05417048931121826
vt 0.7725415229797363 0.051946282386779785
vt 0.7724628448486328 0.048802971839904785
vt 0.7724387645721436 0.04723036289215088
vt 0.7806558609008789 0.04569089412689209
vt 0.772406816482544 0.04404342174530029
vt 0.772498607635498 0.05037128925323486
vt 0.780876636505127 0.052998900413513184
vt 0.7726335525512695 0.05356919765472412
vt 0.7806973457336426 0.04860579967498779
vt 0.7806744575500488 0.04714834690093994
vt 0.7882730960845947 0.04572021961212158
vt 0.7806618213653564 0.04420578479766846
vt 0.7807371616363525 0.05005800724029541
vt 0.7884824275970459 0.05248129367828369
vt 0.780789852142334 0.05151355266571045
vt 0.7883098125457764 0.048415541648864746
vt 0.7882862091064453 0.047073960304260254
vt 0.7952053546905518 0.04573404788970947
vt 0.7882816791534424 0.0443495512008667
vt 0.7883498668670654 0.04976499080657959
vt 0.7953994274139404 0.05204164981842041
vt 0.7884032726287842 0.05111515522003174
vt 0.7952373027801514 0.04826247692108154
vt 0.8014767169952393 0.04573953151702881
vt 0.7952113151550293 0.04445850849151611
vt 0.7953281402587891 0.05076944828033447
vt 0.7952156066894531 0.04699599742889404
vt 0.801591157913208 0.050469279289245605
vt 0.7952759265899658 0.04951441287994385
vt 0.8015077114105225 0.048103928565979004
vt 0.8014867305755615 0.04692399501800537
vt 0.8071913719177246 0.04570877552032471
vt 0.8014774322509766 0.04453408718109131
vt 0.8015446662902832 0.04929149150848389
vt 0.8073787689208984 0.05137336254119873
vt 0.8016519546508789 0.05166423320770264
vt 0.8072090148925781 0.047973036766052246
vt 0.8125441074371338 0.04588186740875244
vt 0.8072166442871094 0.04455268383026123
vt 0.8073024749755859 0.05022728443145752
vt 0.8071882724761963 0.04684650897979736
vt 0.8127727508544922 0.05080139636993408
vt 0.8072495460510254 0.049097418785095215
vt 0.8125059604644775 0.047856688499450684
vt 0.817798376083374 0.046413540840148926
vt 0.8126349449157715 0.044875502586364746
vt 0.8126378059387207 0.049800753593444824
vt 0.8125021457672119 0.04687821865081787
vt 0.8179919719696045 0.049671292304992676
vt 0.8125514984130859 0.048821330070495605
vt 0.8178246021270752 0.047710299491882324
vt 0.8179135322570801 0.049021124839782715
vt 0.8177871704101562 0.04705989360809326
vt 0.6195764541625977 0.06269466876983643
vt 0.6251020431518555 0.06299817562103271
vt 0.635840892791748 0.044017910957336426
vt 0.6357192993164062 0.0473865270614624
vt 0.6354928016662598 0.05125534534454346
vt 0.6355109214782715 0.055301547050476074
vt 0.6358151435852051 0.05943739414215088
vt 0.6361732482910156 0.06305181980133057
vt 0.6249878406524658 0.04416024684906006
vt 0.679506778717041 0.05102431774139404
vt 0.6846745014190674 0.04830467700958252
vt 0.6796224117279053 0.05365931987762451
vt 0.6847038269042969 0.05099833011627197
vt 0.6848671436309814 0.056168437004089355
vt 0.6792516708374023 0.042467474937438965
vt 0.6684701442718506 0.04239356517791748
vt 0.7047207355499268 0.04586827754974365
vt 0.7044727802276611 0.04831802845001221
vt 0.7042431831359863 0.05052459239959717
vt 0.7042605876922607 0.05271947383880615
vt 0.6693172454833984 0.053995728492736816
vt 0.7046005725860596 0.05488121509552002
vt 0.7050602436065674 0.05716383457183838
vt 0.6902058124542236 0.042588114738464355
vt 0.684694766998291 0.042429327964782715
vt 0.690192699432373 0.045520663261413574
vt 0.6900386810302734 0.048323988914489746
vt 0.6948873996734619 0.048366665840148926
vt 0.6898481845855713 0.05088984966278076
vt 0.6946725845336914 0.05079209804534912
vt 0.6898157596588135 0.05333364009857178
vt 0.6946725845336914 0.053128600120544434
vt 0.6847662925720215 0.053504109382629395
vt 0.6900882720947266 0.05585682392120361
vt 0.6905422210693359 0.058614373207092285
vt 0.6950109004974365 0.05549752712249756
vt 0.7047317028045654 0.04329884052276611
vt 0.699915885925293 0.04580271244049072
vt 0.699622631072998 0.04836905002593994
vt 0.699350118637085 0.050670504570007324
vt 0.6993565559387207 0.05292785167694092
vt 0.6997389793395996 0.055168986320495605
vt 0.6955051422119141 0.05807292461395264
vt 0.700282096862793 0.057573914527893066
vt 0.7149899005889893 0.043349623680114746
vt 0.715350866317749 0.05680692195892334
vt 0.7223916053771973 0.04323852062225342
vt 0.6302409172058105 0.040770888328552246
vt 0.6304514408111572 0.04400002956390381
vt 0.6246278285980225 0.04093897342681885
vt 0.6301007270812988 0.047344088554382324
vt 0.6295721530914307 0.05122673511505127
vt 0.6295726299285889 0.055487990379333496
vt 0.6301181316375732 0.05962240695953369
vt 0.6306953430175781 0.06319987773895264
vt 0.6357862949371338 0.040773987770080566
vt 0.5948114395141602 0.041669487953186035
vt 0.5877857208251953 0.04893171787261963
vt 0.588463306427002 0.06238067150115967
vt 0.8242747783660889 0.04784572124481201
vt 0.8242747783660889 0.04659402370452881
vt 0.8239138126373291 0.04721963405609131
vt 0.8249976634979248 0.04784572124481201
vt 0.8249976634979248 0.04659402370452881
vt 0.40718144178390503 0.7768029123544693
vt 0.4174686074256897 0.7848462611436844
vt 0.40718144178390503 0.7848462611436844
vt 0.40718144178390503 0.8014083653688431
vt 0.4174686074256897 0.7931283861398697
vt 0.4174686074256897 0.8014083653688431
vt 0.40718144178390503 0.7931283861398697
vt 0.40718144178390503 0.7688262015581131
vt 0.4174686074256897 0.7768029123544693
vt 0.38078030943870544 0.7992274314165115
vt 0.3724606931209564 0.7930182963609695
vt 0.38078030943870544 0.7930182963609695
vt 0.38078030943870544 0.786801889538765
vt 0.3724606931209564 0.7805337458848953
vt 0.38078030943870544 0.7805337458848953
vt 0.38078030943870544 0.7676269561052322
vt 0.3724606931209564 0.7740794569253922
vt 0.3724606931209564 0.7676269561052322
vt 0.3724606931209564 0.786801889538765
vt 0.40718144178390503 0.8094509989023209
vt 0.4174686074256897 0.8094509989023209
vt 0.38078030943870544 0.7740794569253922
vt 0.38388189673423767 0.7805337458848953
vt 0.38388189673423767 0.7613594681024551
vt 0.38388189673423767 0.7676269561052322
vt 0.38388189673423767 0.786801889538765
vt 0.38388189673423767 0.7740794569253922
vt 0.38388189673423767 0.7930182963609695
vt 0.38388189673423767 0.7992274314165115
vt 0.3674061894416809 0.7808690220117569
vt 0.3610849976539612 0.7791714817285538
vt 0.36283355951309204 0.7785343080759048
vt 0.3553341031074524 0.7808266431093216
vt 0.35991400480270386 0.7761956602334976
vt 0.35963255167007446 0.7780022174119949
vt 0.3614268898963928 0.7704622894525528
vt 0.3631526827812195 0.7767374664545059
vt 0.3616696000099182 0.7756185084581375
vt 0.3613545298576355 0.7843237072229385
vt 0.35535532236099243 0.7738732844591141
vt 0.3674061894416809 0.7739102393388748
vt 0.38078030943870544 0.7613594681024551
vt 0.3724606931209564 0.7613594681024551
vt 0.39333438873291016 0.7777440547943115
vt 0.3897688388824463 0.7693148255348206
vt 0.39333438873291016 0.7693148255348206
vt 0.3998044729232788 0.8037444353103638
vt 0.39601337909698486 0.8122429847717285
vt 0.39601337909698486 0.8037444353103638
vt 0.3998044729232788 0.7862434983253479
vt 0.39601337909698486 0.794995129108429
vt 0.39601337909698486 0.7862434983253479
vt 0.39601337909698486 0.7777440547943115
vt 0.3998044729232788 0.7777440547943115
vt 0.40718144178390503 0.7608585506677628
vt 0.4174686074256897 0.7688262015581131
vt 0.39601337909698486 0.7693148255348206
vt 0.3998044729232788 0.7693148255348206
vt 0.3998044729232788 0.794995129108429
vt 0.39333438873291016 0.7862434983253479
vt 0.3897688388824463 0.7777440547943115
vt 0.3897688388824463 0.794995129108429
vt 0.3897688388824463 0.7862434983253479
vt 0.39333438873291016 0.794995129108429
vt 0.3897688388824463 0.8037444353103638
vt 0.3897688388824463 0.7608955502510071
vt 0.39333438873291016 0.7608955502510071
vt 0.39333438873291016 0.8037444353103638
vt 0.3897688388824463 0.8122429847717285
vt 0.39333438873291016 0.8122429847717285
vt 0.39601337909698486 0.7608955502510071
vt 0.3998044729232788 0.7608955502510071
vt 0.81789231300354 0.045774102210998535
vt 0.8178701400756836 0.04836738109588623
vt 0.8253591060638428 0.04721963405609131
vt 0.3724606931209564 0.7992274314165115
vt 0.3998044729232788 0.8122429847717285
vt 0.4174686074256897 0.7608585506677628
vn -0.8335099697989271 -0.5071151179222141 -0.2193066059664655
vn -0.908928764555426 0.3717331703739416 0.1888463687961318
vn -0.8927956860255161 0.42968490138696974 0.1352285048882007
vn -0.005335940474597506 0.9745916629433642 -0.2239254747913676
vn -0.8635618209740942 0.4960604827108246 -0.09047087292941554
vn -0.028480022293015564 0.994222290921548 -0.10349359673379856
vn 0.8838401657715916 -0.44561974964851325 0.1423010895673028
vn 0.8304005471846649 0.5570149139267301 -0.013012182699545452
vn 0.9015010014403317 -0.4261685526728308 0.07534128426582395
vn 0.003262552653589424 -0.9742372228931913 0.22550208265012728
vn -0.8659083175867189 -0.4998108923207861 0.019795389656112293
vn -0.8706110791402347 -0.48586951849342475 0.07724739398351048
vn -0.8706110791402347 -0.48586951849342475 0.07724739398351048
vn -0.8559616646985039 0.49182658866543777 -0.1594874140748553
vn 0.846529451497887 0.5274020114329964 -0.0723533418932127
vn 0.02942528784103429 -0.9951590187952245 0.09376928999410397
vn -0.8465712368043162 -0.5228222814890487 -0.099869930380451
vn -0.11485052445033683 0.8608766140846558 0.49568216868838555
vn -0.08863000624105297 0.932320299790199 0.3506045929431388
vn 0.7934040853162968 0.5082727129465486 0.33491611886764394
vn 0.9227738010464154 -0.3699343470883058 -0.10787534911507697
vn 0.7960579228262182 0.5513272576527368 0.24965984553932438
vn -0.8659083175867189 -0.4998108923207861 0.019795389656112293
vn -0.8833336584296395 0.46747820829411446 0.03443504981023614
vn 0.915292357474929 -0.367916368194545 -0.1639434242735067
vn 0.09647044422751494 -0.9272660494226206 -0.36176114630887646
vn -0.06321742969930366 0.9892819486692337 0.13162364004774085
vn 0.0617431188020522 -0.9866977132107301 -0.15038420803166677
vn 0.10176900057391247 -0.8688016751383206 -0.48458922790239023
vn -0.7901250227827813 -0.5258670038678173 -0.3149068792763895
vn -0.8107788960908727 -0.4998565094394241 -0.30459982210221415
vn 0.8125205838303051 0.5718321111517068 0.11321809708629627
vn -0.8107788960908727 -0.4998565094394241 -0.30459982210221415
vn -0.9162544293040358 0.36491440790626495 0.16527339677986805
vn -0.11079681760973409 0.8588653500127789 0.500074370224052
vn 0.9066394644012783 -0.3931019330551122 -0.15321798790774266
vn 0.9010309557355154 -0.43046604624642154 0.053312285969721596
vn 0.10938378109987014 -0.9527895042964714 -0.28324432727731746
vn 0.9003623561203093 -0.4289867025141799 -0.07292487056893542
vn 0.8022038273494129 0.49437405739212714 0.33475858579519513
vn 0.10535560707201905 -0.8859017138404375 -0.4517503176236423
vn -0.776010304515795 -0.5830471682339275 -0.240549385573319
vn 0.8152680862819324 0.5569750835827575 0.15848250300325195
vn -0.11459122163554389 0.9242782835433027 0.36411331545869086
vn -0.12853647465649523 0.983167050259545 0.1298496282891301
vn -0.7901250227827813 -0.5258670038678173 -0.3149068792763895
vn -0.9256472780870235 0.3722571679158437 0.06783596026710353
vn -0.9297227150155087 0.36510729200907954 -0.048086780990080916
vn 0.8110468174190922 0.5188425486975835 0.27019524350986907
vn 0.2118764427196967 -0.5149975629153168 0.8305936932169251
vn -0.7506539238465887 -0.5040311321892668 0.4271666002834556
vn 0.18360594961691512 -0.687891352290241 0.702206766351318
vn -0.7257679322137113 -0.4047373011801734 0.5562810670907502
vn -0.9451697822494399 0.1627900590835542 -0.2831138982567252
vn -0.7506539238465887 -0.5040311321892668 0.4271666002834556
vn -0.21325771262795687 0.6920619595118707 -0.689616844487779
vn 0.747684089675188 0.4285264498558462 -0.5072805770188034
vn 0.7750165579618533 0.5246111851922086 -0.3523243381547568
vn 0.9309538613838705 -0.12704503121167104 0.3423221699202181
vn 0.9123694894919223 -0.21881759486219154 0.34597799759952247
vn -0.24466923029923568 0.5073234603105606 -0.8262928502433617
vn -0.9617593055611887 0.017012716956803835 -0.27336716267358796
vn -0.24642814878759917 0.353537363937477 -0.9023771383325581
vn 0.9521431398408139 -0.019715199993146398 0.30501598670119956
vn -0.7257679322137113 -0.4047373011801734 0.5562810670907502
vn 0.24991202386225406 -0.34789374694430586 0.9036115986230608
vn -0.7002965636523198 -0.3268019635128198 0.6346536059780311
vn -0.9578365826102745 0.08606564386019795 -0.2741200210863858
vn -0.7002965636523198 -0.3268019635128198 0.6346536059780311
vn 0.7220375861172638 0.34181336398182366 -0.6015192003896336
vn -0.7013449117816517 -0.3494560921871655 0.621285565864251
vn 0.7016801612469764 0.3705057287328762 -0.608580690039158
vn 0.2594107521414729 -0.2955286901864676 0.9194394242961665
vn -0.9475435120962966 -0.04367258115349591 -0.3166291179591771
vn 0.9525141613358212 0.06149645086883638 0.2982196488919764
vn 0.9513967171295419 0.11013262454535584 0.2876023150913117
vn 0.33972713101386304 -0.5449154994143033 0.7665850083005472
vn 0.2896768665301261 -0.39398522646905954 0.8722745865387868
vn -0.6352793883587824 -0.6339739152414895 0.44101833694288467
vn -0.9362918202144739 -0.06465003680807486 -0.34522166812090743
vn -0.6849172576326282 -0.4838994354598996 0.5447290028615975
vn -0.4177921634855627 -0.7167887272087875 -0.5582684199168525
vn -0.9918632839829317 -0.12704987354476677 0.008096636267792237
vn -0.9935407481256199 -0.11343856673914193 0.0029109088190501305
vn 0.4664511363911905 -0.7702839439115485 0.4348401811142081
vn -0.4755651598372344 -0.8795321554250487 -0.016154452090785903
vn -0.5285361021279692 -0.8319811531581925 0.16869187750729706
vn 0.5921024576721984 -0.6639475854521011 -0.456714662990874
vn -0.41760928136398834 -0.8213625148189464 -0.38854357203401196
vn 0.59285668397863 -0.7408502947225617 -0.3156925610009784
vn -0.5711454349129601 0.5281902013354094 0.6283374916327571
vn -0.5809119200071172 0.5904004744634119 0.5603290291846592
vn 0.41007041825565915 0.6543310706866888 0.635368477346524
vn 0.9909372652621131 0.12952026947918605 0.035606686294623616
vn 0.3950196458258023 0.7131010557868775 0.5791773162402841
vn -0.41760928136398834 -0.8213625148189464 -0.38854357203401196
vn -0.9957386033534595 -0.08943658489323461 -0.022488465361982506
vn -0.997338182411146 -0.04857988910904581 -0.054374114052408086
vn 0.9912977841315082 0.12943241425953841 0.023999027374224928
vn 0.5899716721558542 -0.5962242286061666 -0.5444723090080952
vn -0.5764178398865242 0.7545503581573605 0.31368173498811225
vn 0.3850328010255327 0.7702394324068771 0.5084102269820745
vn 0.369792897883653 0.8398905723351232 0.39728709918318433
vn 0.9921341986445564 0.11391435554736523 0.05189654593662686
vn 0.9893919496355437 0.10506670828893046 0.10032226475566863
vn 0.5849576656838644 -0.5361947275627644 -0.6085390238033853
vn -0.42200570948123073 -0.6095504611367661 -0.671088233016493
vn -0.41731370780457866 -0.6667000790600066 -0.6175437424666983
vn -0.583400123210706 0.663605758260453 0.4682645553971628
vn -0.41731370780457866 -0.6667000790600066 -0.6175437424666983
vn -0.9934670743336934 -0.11407027239222285 -0.003338438439692605
vn -0.5637021257974869 0.48439641284584595 0.6690291687164851
vn 0.582129755625887 -0.49125128840006527 -0.6479175250448325
vn -0.4263818931495268 -0.5097324958901492 -0.7472424397930196
vn 0.4187361470457757 0.5954255801346042 0.685659111861447
vn -0.4263818931495268 -0.5097324958901492 -0.7472424397930196
vn -0.42200570948123073 -0.6095504611367661 -0.671088233016493
vn -0.5492290892156418 0.43269443535727475 0.7149286210316426
vn 0.992706821182745 0.11498758623559584 0.03620804039106659
vn 0.5885009021310057 -0.43462253688147273 -0.6817403747950574
vn -0.9975720687777316 -0.06348373855930942 -0.028631844737112395
vn 0.9944735810844222 0.0708041799729187 0.07751815673432644
vn -0.4178252585200186 -0.32085308585795197 -0.8499855002516862
vn -0.5393245894982039 0.349398674489519 0.7661915905487092
vn 0.4287338570892329 0.49296010138458973 0.7570849478283691
vn 0.6019721572336338 -0.35832827661672245 -0.713603789292332
vn -0.3766870428992371 -0.06855555104049706 -0.9238003074979799
vn -0.4178252585200186 -0.32085308585795197 -0.8499855002516862
vn -0.996089393118985 0.04799488526102873 -0.07417824414632965
vn 0.9885629351703366 -0.04215780494536221 0.1447965562076579
vn -0.9726542907531475 0.1995958683906478 -0.11876497800645949
vn -0.556619467836281 0.24425634376491198 0.7940488691234644
vn 0.4263319643494511 0.29885505444604543 0.8537720495577199
vn 0.9590243711230936 -0.21128661866493983 0.18875968946014654
vn 0.6267616670341981 -0.1962981943335407 -0.754080122823765
vn 0.6147796255993234 -0.27482112222602856 -0.7392694790983745
vn 0.38372713789567736 0.04028148009445941 0.9225675509163497
vn -0.3766870428992371 -0.06855555104049706 -0.9238003074979799
vn -0.9335319334297854 0.3306140054578988 -0.1386091940021699
vn 0.3116763309371118 -0.18172436850095752 0.9326489793199304
vn 0.9158606964994601 -0.35580848974564855 0.18600941705312785
vn 0.6467480868215708 -0.1252919956600698 -0.7523422279894669
vn -0.31550792456657634 0.15382461223746438 -0.9363721152435528
vn -0.5958473818444112 0.15495069105975273 0.7880077289527467
vn -0.25914246435628524 0.3070209635611115 -0.9157419456928672
vn -0.31550792456657634 0.15382461223746438 -0.9363721152435528
vn 0.24610466502116676 -0.33123194218799656 0.9108885191554381
vn 0.8827200548706977 -0.4388190540438046 0.1680569621800087
vn 0.6720539514753439 -0.05830048145076957 -0.7382035899187868
vn -0.25914246435628524 0.3070209635611115 -0.9157419456928672
vn -0.6334524346852685 0.08514391008120482 0.7690829133242979
vn -0.21325822009364293 0.414049002051731 -0.8849205362417899
vn -0.9021473916283699 0.4093651455846931 -0.13619934419281018
vn 0.19549560776219685 -0.4346177388749866 0.879140994608307
vn 0.8642499620990061 -0.47969941126540294 0.1515271521658491
vn 0.7023611387169107 0.008775271582283589 -0.7117666931157579
vn -0.21325822009364293 0.414049002051731 -0.8849205362417899
vn -0.6676508205479549 0.02296826824185164 0.7441201787853982
vn -0.17483617310406355 0.49960913897834375 -0.8484238450348058
vn -0.8836490186640339 0.44979380824834764 -0.12980732597021893
vn 0.15384593533465393 -0.5159628186130003 0.842682501295674
vn 0.7327686337825217 0.07674675374671476 -0.6761361291440043
vn -0.17483617310406355 0.49960913897834375 -0.8484238450348058
vn -0.8749170845964608 0.4683512816066215 -0.12315507337769047
vn 0.8553293644699393 -0.4980380079630918 0.1427228814857833
vn -0.8710229406475976 0.4758098527748695 -0.12216390984234578
vn -0.6998645654756313 -0.0399329133254505 0.7131584343082173
vn 0.1200954486455883 -0.5848587731005341 0.8021952996259407
vn 0.8534098147915217 -0.5028407875613026 0.1372691894863143
vn 0.7589617998655772 0.13449925724365963 -0.637092564817474
vn -0.14063424378086964 0.5725487542210381 -0.8077189693922759
vn -0.7314445448547084 -0.101719017255906 0.6742715471757509
vn -0.11603146336169992 0.6283965399174974 -0.7691908008614374
vn -0.14063424378086964 0.5725487542210381 -0.8077189693922759
vn 0.08791430352333199 -0.652370815681869 0.7527837631634866
vn 0.7801346061518406 0.1829801539792882 -0.5982543435145528
vn -0.11603146336169992 0.6283965399174974 -0.7691908008614374
vn -0.8747377702822652 0.467024021613514 -0.1293151053726953
vn 0.8509593925228394 -0.5081856109311319 0.13272338573029444
vn -0.0994336935255229 0.6695514625098195 -0.7360800089955128
vn -0.7635171624353481 -0.1707101853586391 0.6228158437945307
vn 0.05198704839958868 -0.7329155912387423 0.6783303641426228
vn 0.4785815943723413 -0.19883746144274075 -0.8552329048013962
vn -0.0994336935255229 0.6695514625098195 -0.7360800089955128
vn -0.8856899570995428 0.437391068684536 -0.15569955981957598
vn 0.844246701980665 -0.522663368452192 0.11861917835231528
vn -0.18999247564079608 0.16488579808771028 -0.9678406546476855
vn -0.7995589804502665 -0.2589945452265985 0.5418738435505056
vn -0.1017713337186179 -0.9935568029983693 0.04987459121429857
vn -0.8180174214608172 -0.04722544194824183 -0.5732514769447948
vn 0.5251530743444708 -0.7767206014210074 -0.34773460546045626
vn -0.776010304515795 -0.5830471682339275 -0.240549385573319
vn -0.7703675975511426 -0.6283156249906859 -0.10841236108417117
vn 0.15893200852556047 -0.8455962736889654 0.5096151082820911
vn 0.9028867127903932 -0.3204270690859276 0.28656949813886357
vn 0.8044969675483831 0.5640793065338412 -0.18600850826173693
vn -0.18695523335541545 0.8597074794370246 -0.4753428136840401
vn -0.9368518943212475 0.2556720218750022 -0.23862176207764144
vn -0.7653824267278836 -0.5815725154625758 0.2756141326468365
vn 0.12372219659106676 -0.9915228628120264 -0.03968917474230373
vn 0.6549232813470789 0.505063114510746 -0.562126983794836
vn 0.9489332601865853 0.11514945842483401 0.29371120158435515
vn -0.2595224873146633 0.4210961367484407 -0.8690950018229014
vn 0.6063256856804324 0.6511517612295202 -0.4564762280030003
vn -0.9414482917884341 -0.05989260168024526 -0.3317951026652004
vn -0.6849172576326282 -0.4838994354598996 0.5447290028615975
vn -0.7013449117816517 -0.3494560921871655 0.621285565864251
vn 0.5745077811243909 -0.8145368942597366 -0.08043915288733205
vn 0.982147387416975 0.09902200390791333 0.1599410895676007
vn 0.3804801555309165 0.9005696658343341 0.21025966856771522
vn -0.5514649244026172 0.8314362113816017 0.06782524277158182
vn -0.2327286465876674 0.31841544377170855 -0.9189390525084558
vn -0.9924318382478869 -0.013699393479768777 -0.12203021367762402
vn -0.4383628021832057 -0.872402574360339 -0.21622164996026869
vn -0.5847998630879933 -0.7451247357840012 0.3206216590548535
vn -0.6352793883587824 -0.6339739152414895 0.44101833694288467
vn 0.39881827226276706 -0.6685905424736749 0.6276389664640801
vn 0.9520791868356633 0.11268766583176495 0.2843355622565184
vn 0.9610210262882474 0.10504323905972722 0.2557430447924732
vn 0.5463739690204358 0.7678391822502801 -0.3345122960043123
vn 0.4816351969806275 0.8573157803907264 -0.18176135376496225
vn -0.3765835390451631 0.6877819942428242 -0.6205971048237205
vn -0.44290770099292454 0.7862841625453577 -0.43080156003838693
vn -0.31504276990629587 0.5667357563665625 -0.7612874855042536
vn -0.9505302468342469 -0.04253931317954542 -0.3077054706816859
vn -0.5847998630879933 -0.7451247357840012 0.3206216590548535
vn -0.9641953469542356 -0.02055186996694496 -0.2643954491905316
vn -0.4383628021832057 -0.872402574360339 -0.21622164996026869
vn 0.5290918105254502 -0.8269409440386529 0.1903431929630333
vn 0.9718222937511986 0.0979854129769965 0.21438350732247705
vn 0.4229534904543803 0.9061449815217071 0.0034084271272503213
vn -0.504447947513169 0.8404976578412654 -0.19772697189078212
vn -0.9796730415249882 -0.008314762437008382 -0.2004285319878258
vn -0.5285361021279692 -0.8319811531581925 0.16869187750729706
vn -0.4755651598372344 -0.8795321554250487 -0.016154452090785903
vn -0.40849376677462923 -0.7671131284344287 -0.4946415780035263
vn -0.40849376677462923 -0.7671131284344287 -0.4946415780035263
vn -0.4177921634855627 -0.7167887272087875 -0.5582684199168525
vn -0.7685062671842973 -0.6351951758318891 0.07697535903360958
vn 0.13857852438378707 -0.9598305345197549 0.24396995221365678
vn -0.7703675975511426 -0.6283156249906859 -0.10841236108417117
vn 0.8984979611360254 -0.39773036319809385 0.1857739810218795
vn 0.8177304573457297 0.5755555437111599 0.00726052563489207
vn -0.15760267203872255 0.9716170080952562 -0.17641368242366468
vn -0.9329054128660661 0.3205875800316309 -0.1640460123704855
vn -0.7685062671842973 -0.6351951758318891 0.07697535903360958
vn -0.7653824267278836 -0.5815725154625758 0.2756141326468365
vn -0.8335099697989271 -0.5071151179222141 -0.2193066059664655
vn 0.913650422273556 -0.40529512837896386 -0.031285216822521736
vn -0.8465712368043162 -0.5228222814890487 -0.099869930380451
vn 0.4785815943723413 -0.19883746144274075 -0.8552329048013962
vn -0.8180174214608172 -0.04722544194824183 -0.5732514769447948
vn -0.18999247564079608 0.16488579808771028 -0.9678406546476855
vn 0.5251530743444708 -0.7767206014210074 -0.34773460546045626
vn -0.7756923261879565 -0.627945896062418 -0.06312976090152689
vn -0.7181849602637729 0.39793882095850464 -0.5708371550845986
vn -0.801454629666254 -0.5215211380995679 -0.29272201676993626
vn -0.7183972314338793 -0.45839000508124117 -0.5232437492314235
vn 0.8364856997610464 -0.5251008626952447 -0.15671872285078842
vn 0.09575708637104294 -0.9950807997141471 -0.025392566825392357
vn 0.8128836463358867 -0.4914956539537603 0.3124935193955849
vn -0.014409544624006624 -0.9388995554767103 -0.3438895022378042
vn -0.02804530620894388 0.9307232576320805 -0.3646473344237889
vn -0.8037574507174153 0.5754840451927636 -0.1509704412950251
vn 0.7815200714062097 0.5649300668879867 0.26472702452746993
vn -0.03087703851722929 0.9539384653998222 0.2984091364603931
vn -0.01807883133874898 0.9953157716785652 0.09497194588575683
vn -0.8186888615912641 0.5410047435042635 0.1925160133918373
vn -0.8482766054681548 -0.4316698061811321 0.30673763878430094
vn -0.8128599906121504 -0.3488578284690538 0.4664298995324708
vn 0.7845963226724254 -0.32672286335554235 0.526935272125204
vn -0.022433471069703167 -0.8974028161897244 0.44064149245221634
vn 0.7810043473563787 -0.38789921877611755 0.4894552129493717
vn -0.8275704230008514 0.5150384574965172 0.2232993109568411
vn 0.8637015235484 0.4906274454646274 -0.11534464867095892
vn 0.8188599063963827 0.32079927459503454 0.4759792843347355
vn -0.01604782745260692 -0.7765677521033424 0.6298293369058106
vn -0.10148345758912691 0.3149876070579001 0.9436545529141973
vn 0.10148336519667568 0.4237646047478347 0.9000692675295993
vn 0.10148229564482412 0.31498692935610767 0.9436549040859519
vn -0.10148499252445192 0.4237659289995566 0.9000684605692251
vn 1.5789938749882074e-8 0.26059724608833756 0.9654476036177075
vn 1.1842410714663753e-7 0.47815380168595656 0.8782761194141926
vn 0.10148336519667568 0.4237646047478347 0.9000692675295993
vn 1.1842410714663753e-7 0.47815380168595656 0.8782761194141926
vn 0.7542503644553988 -0.2214536305328186 0.6181138060606088
vn 8.618949409172089e-7 -0.6256786568490593 0.7800809050110212
vn -0.10148345758912691 0.3149876070579001 0.9436545529141973
vn 0.0000014670541250232598 0.9912215938835761 0.13221101246397995
vn 0.7542504194205208 0.586996327946247 0.29417956384084587
vn 0.10148229564482412 0.31498692935610767 0.9436549040859519
vn -0.7542508237928084 -0.22145490429547185 0.6181127891989887
vn -0.7542509612349051 0.586996093708772 0.2941786420644166
vn -0.10148499252445192 0.4237659289995566 0.9000684605692251
vn 1.5789938749882074e-8 0.26059724608833756 0.9654476036177075
vn 0.10148336519667568 0.4237646047478347 0.9000692675295993
vn 0.7815200714062097 0.5649300668879867 0.26472702452746993
vn 0.7371325157152112 0.5248434402004043 0.4256465876216661
vn -0.8377733996564981 0.5305384934021041 0.12909158704818502
vn -0.03087703851722929 0.9539384653998222 0.2984091364603931
vn -0.03547993520851402 0.9702327816585133 0.2395611061770738
vn 0.8364856997610464 -0.5251008626952447 -0.15671872285078842
vn 0.8303288545743933 0.4998571843038268 -0.24636718239454336
vn 0.8669952298273041 -0.4716314093643553 -0.16088220895329575
vn -0.7183972314338793 -0.45839000508124117 -0.5232437492314235
vn 0.021618982167413002 -0.9710997456495131 -0.23769287664862052
vn -0.7810154992135964 -0.48138501768298275 -0.3978482810550919
vn -0.7450117810816648 0.4584370501787887 -0.48455434893610916
vn -0.7181849602637729 0.39793882095850464 -0.5708371550845986
vn 0.8637015235484 0.4906274454646274 -0.11534464867095892
vn 0.11138877108581904 0.9457323313198774 0.3052587413527423
vn 0.032969266418209006 0.9120091954405671 -0.4088425796118778
vn -0.02804530620894388 0.9307232576320805 -0.3646473344237889
vn -0.014409544624006624 -0.9388995554767103 -0.3438895022378042
vn -0.8781361166012617 -0.4516727445986502 0.1576981055915945
vn -0.8275704230008514 0.5150384574965172 0.2232993109568411
vn -0.022433471069703167 -0.8974028161897244 0.44064149245221634
vn -0.8482766054681548 -0.4316698061811321 0.30673763878430094
vn -0.010270266597717095 -0.9555705719542831 0.2945834408770727
vn 0.7810043473563787 -0.38789921877611755 0.4894552129493717
vn 0.7371325157152112 0.5248434402004043 0.4256465876216661
vn 0.7564332046867968 0.5343516598897986 0.37719638176986775
vn 0.8171496401964656 -0.41291692282979675 0.40220154197561014
vn 0.7371325157152112 0.5248434402004043 0.4256465876216661
vn 0.7564332046867968 0.5343516598897986 0.37719638176986775
vn 0.8303288545743933 0.4998571843038268 -0.24636718239454336
vn 0.8637015235484 0.4906274454646274 -0.11534464867095892
vn -0.18999247564079608 0.16488579808771028 -0.9678406546476855
vn -0.7756923261879565 -0.627945896062418 -0.06312976090152689
vn -0.1017713337186179 -0.9935568029983693 0.04987459121429857
vn 0.7371325157152112 0.5248434402004043 0.4256465876216661
vn 0.8637015235484 0.4906274454646274 -0.11534464867095892
vn 0.8188599063963827 0.32079927459503454 0.4759792843347355
f 1809/1809/1809 1810/1810/1810 1811/1811/1811
f 1812/1812/1812 1813/1813/1813 1814/1814/1814
f 1815/1815/1815 1816/1816/1816 1817/1817/1817
f 1818/1818/1818 1819/1819/1819 1820/1820/1820
f 1821/1821/1821 1813/1813/1813 1822/1822/1822
f 1823/1823/1823 1814/1814/1814 1816/1816/1816
f 1815/1815/1815 1824/1824/1824 1818/1818/1818
f 1824/1824/1824 1825/1825/1825 1819/1819/1819
f 1811/1811/1811 1826/1826/1826 1827/1827/1827
f 1828/1828/1828 1829/1829/1829 1830/1830/1830
f 1831/1831/1831 1832/1832/1832 1813/1813/1813
f 1826/1826/1826 1830/1830/1830 1827/1827/1827
f 1833/1833/1833 1834/1834/1834 1829/1829/1829
f 1835/1835/1835 1816/1816/1816 1814/1814/1814
f 1817/1817/1817 1836/1836/1836 1824/1824/1824
f 1837/1837/1837 1838/1838/1838 1839/1839/1839
f 1832/1832/1832 1814/1814/1814 1813/1813/1813
f 1840/1840/1840 1817/1817/1817 1816/1816/1816
f 1841/1841/1841 1842/1842/1842 1810/1810/1810
f 1843/1843/1843 1828/1828/1828 1826/1826/1826
f 1844/1844/1844 1837/1837/1837 1833/1833/1833
f 1845/1845/1845 1846/1846/1846 1847/1847/1847
f 1810/1810/1810 1843/1843/1843 1826/1826/1826
f 1848/1848/1848 1833/1833/1833 1828/1828/1828
f 1849/1849/1849 1850/1850/1850 1838/1838/1838
f 1851/1851/1851 1852/1852/1852 1853/1853/1853
f 1854/1854/1854 1855/1855/1855 1842/1842/1842
f 1853/1853/1853 1855/1855/1855 1856/1856/1856
f 1851/1851/1851 1847/1847/1847 1857/1857/1857
f 1852/1852/1852 1848/1848/1848 1843/1843/1843
f 1847/1847/1847 1849/1849/1849 1844/1844/1844
f 1858/1858/1858 1859/1859/1859 1860/1860/1860
f 1842/1842/1842 1852/1852/1852 1843/1843/1843
f 1857/1857/1857 1844/1844/1844 1848/1848/1848
f 1861/1861/1861 1862/1862/1862 1863/1863/1863
f 1864/1864/1864 1865/1865/1865 1866/1866/1866
f 1867/1867/1867 1860/1860/1860 1868/1868/1868
f 1862/1862/1862 1869/1869/1869 1864/1864/1864
f 1866/1866/1866 1867/1867/1867 1868/1868/1868
f 1869/1869/1869 1870/1870/1870 1871/1871/1871
f 1865/1865/1865 1872/1872/1872 1867/1867/1867
f 1873/1873/1873 1874/1874/1874 1875/1875/1875
f 1876/1876/1876 1877/1877/1877 1870/1870/1870
f 1869/1869/1869 1878/1878/1878 1865/1865/1865
f 1867/1867/1867 1874/1874/1874 1858/1858/1858
f 1879/1879/1879 1870/1870/1870 1877/1877/1877
f 1871/1871/1871 1880/1880/1880 1878/1878/1878
f 1872/1872/1872 1881/1881/1881 1874/1874/1874
f 1882/1882/1882 1871/1871/1871 1870/1870/1870
f 1878/1878/1878 1883/1883/1883 1872/1872/1872
f 1884/1884/1884 1885/1885/1885 1886/1886/1886
f 1887/1887/1887 1888/1888/1888 1889/1889/1889
f 1890/1890/1890 1891/1891/1891 1892/1892/1892
f 1893/1893/1893 1894/1894/1894 1895/1895/1895
f 1896/1896/1896 1897/1897/1897 1898/1898/1898
f 1892/1892/1892 1899/1899/1899 1900/1900/1900
f 1901/1901/1901 1902/1902/1902 1903/1903/1903
f 1904/1904/1904 1905/1905/1905 1906/1906/1906
f 1899/1899/1899 1903/1903/1903 1900/1900/1900
f 1907/1907/1907 1908/1908/1908 1902/1902/1902
f 1909/1909/1909 1910/1910/1910 1911/1911/1911
f 1912/1912/1912 1898/1898/1898 1913/1913/1913
f 1914/1914/1914 1915/1915/1915 1916/1916/1916
f 1906/1906/1906 1917/1917/1917 1909/1909/1909
f 1911/1911/1911 1912/1912/1912 1913/1913/1913
f 1918/1918/1918 1919/1919/1919 1891/1891/1891
f 1920/1920/1920 1901/1901/1901 1899/1899/1899
f 1907/1907/1907 1921/1921/1921 1914/1914/1914
f 1921/1921/1921 1922/1922/1922 1915/1915/1915
f 1919/1919/1919 1899/1899/1899 1891/1891/1891
f 1923/1923/1923 1907/1907/1907 1901/1901/1901
f 1924/1924/1924 1919/1919/1919 1925/1925/1925
f 1926/1926/1926 1923/1923/1923 1920/1920/1920
f 1927/1927/1927 1928/1928/1928 1921/1921/1921
f 1929/1929/1929 1920/1920/1920 1919/1919/1919
f 1923/1923/1923 1930/1930/1930 1927/1927/1927
f 1931/1931/1931 1929/1929/1929 1924/1924/1924
f 1932/1932/1932 1933/1933/1933 1926/1926/1926
f 1930/1930/1930 1934/1934/1934 1928/1928/1928
f 1934/1934/1934 1935/1935/1935 1936/1936/1936
f 1937/1937/1937 1926/1926/1926 1929/1929/1929
f 1933/1933/1933 1938/1938/1938 1930/1930/1930
f 1931/1931/1931 1939/1939/1939 1937/1937/1937
f 1940/1940/1940 1941/1941/1941 1932/1932/1932
f 1942/1942/1942 1934/1934/1934 1938/1938/1938
f 1943/1943/1943 1935/1935/1935 1944/1944/1944
f 1937/1937/1937 1940/1940/1940 1932/1932/1932
f 1945/1945/1945 1938/1938/1938 1941/1941/1941
f 1946/1946/1946 1947/1947/1947 1939/1939/1939
f 1940/1940/1940 1948/1948/1948 1945/1945/1945
f 1949/1949/1949 1944/1944/1944 1942/1942/1942
f 1950/1950/1950 1951/1951/1951 1943/1943/1943
f 1939/1939/1939 1952/1952/1952 1940/1940/1940
f 1948/1948/1948 1942/1942/1942 1945/1945/1945
f 1953/1953/1953 1947/1947/1947 1954/1954/1954
f 1952/1952/1952 1955/1955/1955 1948/1948/1948
f 1956/1956/1956 1943/1943/1943 1949/1949/1949
f 1957/1957/1957 1958/1958/1958 1950/1950/1950
f 1947/1947/1947 1959/1959/1959 1952/1952/1952
f 1948/1948/1948 1956/1956/1956 1949/1949/1949
f 1960/1960/1960 1961/1961/1961 1953/1953/1953
f 1959/1959/1959 1962/1962/1962 1955/1955/1955
f 1963/1963/1963 1950/1950/1950 1956/1956/1956
f 1964/1964/1964 1965/1965/1965 1957/1957/1957
f 1961/1961/1961 1966/1966/1966 1959/1959/1959
f 1955/1955/1955 1963/1963/1963 1956/1956/1956
f 1967/1967/1967 1968/1968/1968 1960/1960/1960
f 1966/1966/1966 1969/1969/1969 1962/1962/1962
f 1963/1963/1963 1964/1964/1964 1957/1957/1957
f 1970/1970/1970 1971/1971/1971 1964/1964/1964
f 1972/1972/1972 1966/1966/1966 1968/1968/1968
f 1962/1962/1962 1973/1973/1973 1963/1963/1963
f 1967/1967/1967 1974/1974/1974 1972/1972/1972
f 1975/1975/1975 1976/1976/1976 1969/1969/1969
f 1977/1977/1977 1964/1964/1964 1973/1973/1973
f 1978/1978/1978 1979/1979/1979 1970/1970/1970
f 1972/1972/1972 1980/1980/1980 1975/1975/1975
f 1976/1976/1976 1973/1973/1973 1969/1969/1969
f 1981/1981/1981 1974/1974/1974 1982/1982/1982
f 1980/1980/1980 1983/1983/1983 1976/1976/1976
f 1977/1977/1977 1978/1978/1978 1970/1970/1970
f 1984/1984/1984 1985/1985/1985 1978/1978/1978
f 1986/1986/1986 1980/1980/1980 1974/1974/1974
f 1976/1976/1976 1987/1987/1987 1977/1977/1977
f 1988/1988/1988 1986/1986/1986 1981/1981/1981
f 1989/1989/1989 1990/1990/1990 1983/1983/1983
f 1987/1987/1987 1984/1984/1984 1978/1978/1978
f 1991/1991/1991 1992/1992/1992 1984/1984/1984
f 1993/1993/1993 1989/1989/1989 1986/1986/1986
f 1983/1983/1983 1994/1994/1994 1987/1987/1987
f 1995/1995/1995 1993/1993/1993 1988/1988/1988
f 1996/1996/1996 1997/1997/1997 1990/1990/1990
f 1994/1994/1994 1991/1991/1991 1984/1984/1984
f 1998/1998/1998 1996/1996/1996 1993/1993/1993
f 1990/1990/1990 1999/1999/1999 1994/1994/1994
f 1856/1856/1856 2000/2000/2000 2001/2001/2001
f 1868/1868/1868 2002/2002/2002 2003/2003/2003
f 2004/2004/2004 1868/1868/1868 2003/2003/2003
f 2005/2005/2005 1866/1866/1866 2004/2004/2004
f 2006/2006/2006 1864/1864/1864 2005/2005/2005
f 1863/1863/1863 2006/2006/2006 2007/2007/2007
f 2008/2008/2008 1850/1850/1850 1846/1846/1846
f 1881/1881/1881 1875/1875/1875 1874/1874/1874
f 2009/2009/2009 2010/2010/2010 1884/1884/1884
f 2011/2011/2011 2012/2012/2012 2009/2009/2009
f 2013/2013/2013 2011/2011/2011 1888/1888/1888
f 1885/1885/1885 2014/2014/2014 1886/1886/1886
f 1886/1886/1886 2015/2015/2015 1881/1881/1881
f 1913/1913/1913 2016/2016/2016 2017/2017/2017
f 1883/1883/1883 1886/1886/1886 1881/1881/1881
f 1911/1911/1911 2017/2017/2017 2018/2018/2018
f 1880/1880/1880 1884/1884/1884 1883/1883/1883
f 1909/1909/1909 2018/2018/2018 2019/2019/2019
f 2020/2020/2020 2009/2009/2009 1880/1880/1880
f 2021/2021/2021 1909/1909/1909 2019/2019/2019
f 1888/1888/1888 2020/2020/2020 1882/1882/1882
f 2022/2022/2022 1906/1906/1906 2021/2021/2021
f 1889/1889/1889 1882/1882/1882 1879/1879/1879
f 1928/1928/1928 1936/1936/1936 1922/1922/1922
f 1885/1885/1885 2023/2023/2023 2024/2024/2024
f 2025/2025/2025 1895/1895/1895 2023/2023/2023
f 1885/1885/1885 2026/2026/2026 2025/2025/2025
f 2025/2025/2025 2027/2027/2027 1893/1893/1893
f 2010/2010/2010 2028/2028/2028 2026/2026/2026
f 2026/2026/2026 2029/2029/2029 2027/2027/2027
f 2012/2012/2012 2030/2030/2030 2028/2028/2028
f 2028/2028/2028 2031/2031/2031 2029/2029/2029
f 2013/2013/2013 2030/2030/2030 2032/2032/2032
f 2033/2033/2033 2031/2031/2031 2030/2030/2030
f 1887/1887/1887 2033/2033/2033 2013/2013/2013
f 2034/2034/2034 2035/2035/2035 2033/2033/2033
f 2016/2016/2016 1897/1897/1897 2036/2036/2036
f 2036/2036/2036 2037/2037/2037 2016/2016/2016
f 2038/2038/2038 1893/1893/1893 2027/2027/2027
f 2017/2017/2017 2037/2037/2037 2038/2038/2038
f 2039/2039/2039 2027/2027/2027 2029/2029/2029
f 2018/2018/2018 2038/2038/2038 2039/2039/2039
f 2040/2040/2040 2029/2029/2029 2031/2031/2031
f 2019/2019/2019 2039/2039/2039 2040/2040/2040
f 2035/2035/2035 2040/2040/2040 2031/2031/2031
f 2019/2019/2019 2041/2041/2041 2021/2021/2021
f 2042/2042/2042 2041/2041/2041 2035/2035/2035
f 2021/2021/2021 2043/2043/2043 2022/2022/2022
f 1908/1908/1908 2044/2044/2044 1896/1896/1896
f 1908/1908/1908 1912/1912/1912 1902/1902/1902
f 1902/1902/1902 1910/1910/1910 1903/1903/1903
f 1903/1903/1903 1917/1917/1917 1900/1900/1900
f 1892/1892/1892 1917/1917/1917 1905/1905/1905
f 1890/1890/1890 1905/1905/1905 2045/2045/2045
f 1908/1908/1908 1916/1916/1916 2046/2046/2046
f 2002/2002/2002 2047/2047/2047 2048/2048/2048
f 2048/2048/2048 2049/2049/2049 2008/2008/2008
f 2003/2003/2003 2048/2048/2048 2050/2050/2050
f 2050/2050/2050 2008/2008/2008 1845/1845/1845
f 2004/2004/2004 2050/2050/2050 2051/2051/2051
f 2051/2051/2051 1845/1845/1845 1851/1851/1851
f 2004/2004/2004 2052/2052/2052 2005/2005/2005
f 2051/2051/2051 1853/1853/1853 2052/2052/2052
f 2005/2005/2005 2053/2053/2053 2006/2006/2006
f 2052/2052/2052 1856/1856/1856 2053/2053/2053
f 2006/2006/2006 2054/2054/2054 2007/2007/2007
f 2053/2053/2053 2001/2001/2001 2054/2054/2054
f 1860/1860/1860 2055/2055/2055 2002/2002/2002
f 2056/2056/2056 1836/1836/1836 1834/1834/1834
f 1834/1834/1834 2057/2057/2057 1829/1829/1829
f 1830/1830/1830 2057/2057/2057 1840/1840/1840
f 1827/1827/1827 1840/1840/1840 1835/1835/1835
f 1811/1811/1811 1835/1835/1835 1832/1832/1832
f 1811/1811/1811 2058/2058/2058 1809/1809/1809
f 1834/1834/1834 1839/1839/1839 2056/2056/2056
f 2059/2059/2059 2060/2060/2060 2061/2061/2061
f 2062/2062/2062 2063/2063/2063 2060/2060/2060
f 2064/2064/2064 2065/2065/2065 2066/2066/2066
f 2067/2067/2067 2068/2068/2068 2069/2069/2069
f 2070/2070/2070 2065/2065/2065 2068/2068/2068
f 2071/2071/2071 2072/2072/2072 2064/2064/2064
f 2073/2073/2073 2074/2074/2074 2075/2075/2075
f 2076/2076/2076 2077/2077/2077 2078/2078/2078
f 2079/2079/2079 2080/2080/2080 2081/2081/2081
f 2075/2075/2075 2082/2082/2082 2076/2076/2076
f 2083/2083/2083 2069/2069/2069 2084/2084/2084
f 2085/2085/2085 2077/2077/2077 2080/2080/2080
f 2085/2085/2085 2086/2086/2086 2078/2078/2078
f 2079/2079/2079 2087/2087/2087 2088/2088/2088
f 2076/2076/2076 2086/2086/2086 2089/2089/2089
f 2085/2085/2085 2088/2088/2088 2090/2090/2090
f 2073/2073/2073 2091/2091/2091 2092/2092/2092
f 2076/2076/2076 2091/2091/2091 2075/2075/2075
f 2093/2093/2093 2094/2094/2094 2095/2095/2095
f 2096/2096/2096 2097/2097/2097 2098/2098/2098
f 2099/2099/2099 2100/2100/2100 2101/2101/2101
f 2096/2096/2096 2094/2094/2094 2102/2102/2102
f 2103/2103/2103 2101/2101/2101 2097/2097/2097
f 2093/2093/2093 2100/2100/2100 2104/2104/2104
f 2105/2105/2105 2081/2081/2081 2106/2106/2106
f 2107/2107/2107 2108/2108/2108 2109/2109/2109
f 2110/2110/2110 2111/2111/2111 2112/2112/2112
f 2113/2113/2113 2114/2114/2114 2115/2115/2115
f 2113/2113/2113 2116/2116/2116 2117/2117/2117
f 2118/2118/2118 2119/2119/2119 2071/2071/2071
f 2117/2117/2117 2120/2120/2120 2121/2121/2121
f 2122/2122/2122 2112/2112/2112 2114/2114/2114
f 2123/2123/2123 2124/2124/2124 2107/2107/2107
f 2123/2123/2123 2125/2125/2125 2126/2126/2126
f 2127/2127/2127 2128/2128/2128 2125/2125/2125
f 2109/2109/2109 2129/2129/2129 2130/2130/2130
f 2131/2131/2131 2132/2132/2132 2128/2128/2128
f 2109/2109/2109 2116/2116/2116 2107/2107/2107
f 2107/2107/2107 2115/2115/2115 2123/2123/2123
f 2127/2127/2127 2115/2115/2115 2114/2114/2114
f 2131/2131/2131 2114/2114/2114 2112/2112/2112
f 2133/2133/2133 2112/2112/2112 2111/2111/2111
f 2130/2130/2130 2120/2120/2120 2109/2109/2109
f 2121/2121/2121 2134/2134/2134 2135/2135/2135
f 1809/1809/1809 1841/1841/1841 1810/1810/1810
f 1812/1812/1812 1822/1822/1822 1813/1813/1813
f 1815/1815/1815 1823/1823/1823 1816/1816/1816
f 1818/1818/1818 1824/1824/1824 1819/1819/1819
f 1821/1821/1821 1831/1831/1831 1813/1813/1813
f 1823/1823/1823 1812/1812/1812 1814/1814/1814
f 1815/1815/1815 1817/1817/1817 1824/1824/1824
f 1824/1824/1824 1836/1836/1836 1825/1825/1825
f 1811/1811/1811 1810/1810/1810 1826/1826/1826
f 1828/1828/1828 1833/1833/1833 1829/1829/1829
f 1831/1831/1831 2058/2058/2058 1832/1832/1832
f 1826/1826/1826 1828/1828/1828 1830/1830/1830
f 1833/1833/1833 1837/1837/1837 1834/1834/1834
f 1835/1835/1835 1840/1840/1840 1816/1816/1816
f 1817/1817/1817 2057/2057/2057 1836/1836/1836
f 1837/1837/1837 1849/1849/1849 1838/1838/1838
f 1832/1832/1832 1835/1835/1835 1814/1814/1814
f 1840/1840/1840 2057/2057/2057 1817/1817/1817
f 1841/1841/1841 1854/1854/1854 1842/1842/1842
f 1843/1843/1843 1848/1848/1848 1828/1828/1828
f 1844/1844/1844 1849/1849/1849 1837/1837/1837
f 1845/1845/1845 2008/2008/2008 1846/1846/1846
f 1810/1810/1810 1842/1842/1842 1843/1843/1843
f 1848/1848/1848 1844/1844/1844 1833/1833/1833
f 1849/1849/1849 1846/1846/1846 1850/1850/1850
f 1851/1851/1851 1857/1857/1857 1852/1852/1852
f 1854/1854/1854 2000/2000/2000 1855/1855/1855
f 1853/1853/1853 1852/1852/1852 1855/1855/1855
f 1851/1851/1851 1845/1845/1845 1847/1847/1847
f 1852/1852/1852 1857/1857/1857 1848/1848/1848
f 1847/1847/1847 1846/1846/1846 1849/1849/1849
f 1858/1858/1858 1873/1873/1873 1859/1859/1859
f 1842/1842/1842 1855/1855/1855 1852/1852/1852
f 1857/1857/1857 1847/1847/1847 1844/1844/1844
f 1861/1861/1861 1876/1876/1876 1862/1862/1862
f 1864/1864/1864 1869/1869/1869 1865/1865/1865
f 1867/1867/1867 1858/1858/1858 1860/1860/1860
f 1862/1862/1862 1876/1876/1876 1869/1869/1869
f 1866/1866/1866 1865/1865/1865 1867/1867/1867
f 1869/1869/1869 1876/1876/1876 1870/1870/1870
f 1865/1865/1865 1878/1878/1878 1872/1872/1872
f 1873/1873/1873 1858/1858/1858 1874/1874/1874
f 1876/1876/1876 1861/1861/1861 1877/1877/1877
f 1869/1869/1869 1871/1871/1871 1878/1878/1878
f 1867/1867/1867 1872/1872/1872 1874/1874/1874
f 1879/1879/1879 1882/1882/1882 1870/1870/1870
f 1871/1871/1871 2020/2020/2020 1880/1880/1880
f 1872/1872/1872 1883/1883/1883 1881/1881/1881
f 1882/1882/1882 2020/2020/2020 1871/1871/1871
f 1878/1878/1878 1880/1880/1880 1883/1883/1883
f 1884/1884/1884 2010/2010/2010 1885/1885/1885
f 1887/1887/1887 2013/2013/2013 1888/1888/1888
f 1890/1890/1890 1918/1918/1918 1891/1891/1891
f 1893/1893/1893 2037/2037/2037 1894/1894/1894
f 1896/1896/1896 2044/2044/2044 1897/1897/1897
f 1892/1892/1892 1891/1891/1891 1899/1899/1899
f 1901/1901/1901 1907/1907/1907 1902/1902/1902
f 1904/1904/1904 2045/2045/2045 1905/1905/1905
f 1899/1899/1899 1901/1901/1901 1903/1903/1903
f 1907/1907/1907 1914/1914/1914 1908/1908/1908
f 1909/1909/1909 1917/1917/1917 1910/1910/1910
f 1912/1912/1912 1896/1896/1896 1898/1898/1898
f 1914/1914/1914 1921/1921/1921 1915/1915/1915
f 1906/1906/1906 1905/1905/1905 1917/1917/1917
f 1911/1911/1911 1910/1910/1910 1912/1912/1912
f 1918/1918/1918 1925/1925/1925 1919/1919/1919
f 1920/1920/1920 1923/1923/1923 1901/1901/1901
f 1907/1907/1907 1927/1927/1927 1921/1921/1921
f 1921/1921/1921 1928/1928/1928 1922/1922/1922
f 1919/1919/1919 1920/1920/1920 1899/1899/1899
f 1923/1923/1923 1927/1927/1927 1907/1907/1907
f 1924/1924/1924 1929/1929/1929 1919/1919/1919
f 1926/1926/1926 1933/1933/1933 1923/1923/1923
f 1927/1927/1927 1930/1930/1930 1928/1928/1928
f 1929/1929/1929 1926/1926/1926 1920/1920/1920
f 1923/1923/1923 1933/1933/1933 1930/1930/1930
f 1931/1931/1931 1937/1937/1937 1929/1929/1929
f 1932/1932/1932 1941/1941/1941 1933/1933/1933
f 1930/1930/1930 1938/1938/1938 1934/1934/1934
f 1934/1934/1934 1944/1944/1944 1935/1935/1935
f 1937/1937/1937 1932/1932/1932 1926/1926/1926
f 1933/1933/1933 1941/1941/1941 1938/1938/1938
f 1931/1931/1931 1946/1946/1946 1939/1939/1939
f 1940/1940/1940 1945/1945/1945 1941/1941/1941
f 1942/1942/1942 1944/1944/1944 1934/1934/1934
f 1943/1943/1943 1951/1951/1951 1935/1935/1935
f 1937/1937/1937 1939/1939/1939 1940/1940/1940
f 1945/1945/1945 1942/1942/1942 1938/1938/1938
f 1946/1946/1946 1954/1954/1954 1947/1947/1947
f 1940/1940/1940 1952/1952/1952 1948/1948/1948
f 1949/1949/1949 1943/1943/1943 1944/1944/1944
f 1950/1950/1950 1958/1958/1958 1951/1951/1951
f 1939/1939/1939 1947/1947/1947 1952/1952/1952
f 1948/1948/1948 1949/1949/1949 1942/1942/1942
f 1953/1953/1953 1961/1961/1961 1947/1947/1947
f 1952/1952/1952 1959/1959/1959 1955/1955/1955
f 1956/1956/1956 1950/1950/1950 1943/1943/1943
f 1957/1957/1957 1965/1965/1965 1958/1958/1958
f 1947/1947/1947 1961/1961/1961 1959/1959/1959
f 1948/1948/1948 1955/1955/1955 1956/1956/1956
f 1960/1960/1960 1968/1968/1968 1961/1961/1961
f 1959/1959/1959 1966/1966/1966 1962/1962/1962
f 1963/1963/1963 1957/1957/1957 1950/1950/1950
f 1964/1964/1964 1971/1971/1971 1965/1965/1965
f 1961/1961/1961 1968/1968/1968 1966/1966/1966
f 1955/1955/1955 1962/1962/1962 1963/1963/1963
f 1967/1967/1967 1972/1972/1972 1968/1968/1968
f 1966/1966/1966 1975/1975/1975 1969/1969/1969
f 1963/1963/1963 1973/1973/1973 1964/1964/1964
f 1970/1970/1970 1979/1979/1979 1971/1971/1971
f 1972/1972/1972 1975/1975/1975 1966/1966/1966
f 1962/1962/1962 1969/1969/1969 1973/1973/1973
f 1967/1967/1967 1982/1982/1982 1974/1974/1974
f 1975/1975/1975 1980/1980/1980 1976/1976/1976
f 1977/1977/1977 1970/1970/1970 1964/1964/1964
f 1978/1978/1978 1985/1985/1985 1979/1979/1979
f 1972/1972/1972 1974/1974/1974 1980/1980/1980
f 1976/1976/1976 1977/1977/1977 1973/1973/1973
f 1981/1981/1981 1986/1986/1986 1974/1974/1974
f 1980/1980/1980 1989/1989/1989 1983/1983/1983
f 1977/1977/1977 1987/1987/1987 1978/1978/1978
f 1984/1984/1984 1992/1992/1992 1985/1985/1985
f 1986/1986/1986 1989/1989/1989 1980/1980/1980
f 1976/1976/1976 1983/1983/1983 1987/1987/1987
f 1988/1988/1988 1993/1993/1993 1986/1986/1986
f 1989/1989/1989 1996/1996/1996 1990/1990/1990
f 1987/1987/1987 1994/1994/1994 1984/1984/1984
f 1991/1991/1991 2136/2136/2136 1992/1992/1992
f 1993/1993/1993 1996/1996/1996 1989/1989/1989
f 1983/1983/1983 1990/1990/1990 1994/1994/1994
f 1995/1995/1995 1998/1998/1998 1993/1993/1993
f 1996/1996/1996 2137/2137/2137 1997/1997/1997
f 1994/1994/1994 1999/1999/1999 1991/1991/1991
f 1998/1998/1998 2137/2137/2137 1996/1996/1996
f 1990/1990/1990 1997/1997/1997 1999/1999/1999
f 1856/1856/1856 1855/1855/1855 2000/2000/2000
f 1868/1868/1868 1860/1860/1860 2002/2002/2002
f 2004/2004/2004 1866/1866/1866 1868/1868/1868
f 2005/2005/2005 1864/1864/1864 1866/1866/1866
f 2006/2006/2006 1862/1862/1862 1864/1864/1864
f 1863/1863/1863 1862/1862/1862 2006/2006/2006
f 2008/2008/2008 2049/2049/2049 1850/1850/1850
f 1881/1881/1881 2015/2015/2015 1875/1875/1875
f 2009/2009/2009 2012/2012/2012 2010/2010/2010
f 2011/2011/2011 2032/2032/2032 2012/2012/2012
f 2013/2013/2013 2032/2032/2032 2011/2011/2011
f 1885/1885/1885 2024/2024/2024 2014/2014/2014
f 1886/1886/1886 2014/2014/2014 2015/2015/2015
f 1913/1913/1913 1898/1898/1898 2016/2016/2016
f 1883/1883/1883 1884/1884/1884 1886/1886/1886
f 1911/1911/1911 1913/1913/1913 2017/2017/2017
f 1880/1880/1880 2009/2009/2009 1884/1884/1884
f 1909/1909/1909 1911/1911/1911 2018/2018/2018
f 2020/2020/2020 2011/2011/2011 2009/2009/2009
f 2021/2021/2021 1906/1906/1906 1909/1909/1909
f 1888/1888/1888 2011/2011/2011 2020/2020/2020
f 2022/2022/2022 1904/1904/1904 1906/1906/1906
f 1889/1889/1889 1888/1888/1888 1882/1882/1882
f 1928/1928/1928 1934/1934/1934 1936/1936/1936
f 1885/1885/1885 2025/2025/2025 2023/2023/2023
f 2025/2025/2025 1893/1893/1893 1895/1895/1895
f 1885/1885/1885 2010/2010/2010 2026/2026/2026
f 2025/2025/2025 2026/2026/2026 2027/2027/2027
f 2010/2010/2010 2012/2012/2012 2028/2028/2028
f 2026/2026/2026 2028/2028/2028 2029/2029/2029
f 2012/2012/2012 2032/2032/2032 2030/2030/2030
f 2028/2028/2028 2030/2030/2030 2031/2031/2031
f 2013/2013/2013 2033/2033/2033 2030/2030/2030
f 2033/2033/2033 2035/2035/2035 2031/2031/2031
f 1887/1887/1887 2034/2034/2034 2033/2033/2033
f 2034/2034/2034 2042/2042/2042 2035/2035/2035
f 2016/2016/2016 1898/1898/1898 1897/1897/1897
f 2036/2036/2036 1894/1894/1894 2037/2037/2037
f 2038/2038/2038 2037/2037/2037 1893/1893/1893
f 2017/2017/2017 2016/2016/2016 2037/2037/2037
f 2039/2039/2039 2038/2038/2038 2027/2027/2027
f 2018/2018/2018 2017/2017/2017 2038/2038/2038
f 2040/2040/2040 2039/2039/2039 2029/2029/2029
f 2019/2019/2019 2018/2018/2018 2039/2039/2039
f 2035/2035/2035 2041/2041/2041 2040/2040/2040
f 2019/2019/2019 2040/2040/2040 2041/2041/2041
f 2042/2042/2042 2043/2043/2043 2041/2041/2041
f 2021/2021/2021 2041/2041/2041 2043/2043/2043
f 1908/1908/1908 2046/2046/2046 2044/2044/2044
f 1908/1908/1908 1896/1896/1896 1912/1912/1912
f 1902/1902/1902 1912/1912/1912 1910/1910/1910
f 1903/1903/1903 1910/1910/1910 1917/1917/1917
f 1892/1892/1892 1900/1900/1900 1917/1917/1917
f 1890/1890/1890 1892/1892/1892 1905/1905/1905
f 1908/1908/1908 1914/1914/1914 1916/1916/1916
f 2002/2002/2002 2055/2055/2055 2047/2047/2047
f 2048/2048/2048 2047/2047/2047 2049/2049/2049
f 2003/2003/2003 2002/2002/2002 2048/2048/2048
f 2050/2050/2050 2048/2048/2048 2008/2008/2008
f 2004/2004/2004 2003/2003/2003 2050/2050/2050
f 2051/2051/2051 2050/2050/2050 1845/1845/1845
f 2004/2004/2004 2051/2051/2051 2052/2052/2052
f 2051/2051/2051 1851/1851/1851 1853/1853/1853
f 2005/2005/2005 2052/2052/2052 2053/2053/2053
f 2052/2052/2052 1853/1853/1853 1856/1856/1856
f 2006/2006/2006 2053/2053/2053 2054/2054/2054
f 2053/2053/2053 1856/1856/1856 2001/2001/2001
f 1860/1860/1860 1859/1859/1859 2055/2055/2055
f 2056/2056/2056 1825/1825/1825 1836/1836/1836
f 1834/1834/1834 1836/1836/1836 2057/2057/2057
f 1830/1830/1830 1829/1829/1829 2057/2057/2057
f 1827/1827/1827 1830/1830/1830 1840/1840/1840
f 1811/1811/1811 1827/1827/1827 1835/1835/1835
f 1811/1811/1811 1832/1832/1832 2058/2058/2058
f 1834/1834/1834 1837/1837/1837 1839/1839/1839
f 2059/2059/2059 2062/2062/2062 2060/2060/2060
f 2062/2062/2062 2138/2138/2138 2063/2063/2063
f 2064/2064/2064 2072/2072/2072 2065/2065/2065
f 2067/2067/2067 2070/2070/2070 2068/2068/2068
f 2070/2070/2070 2066/2066/2066 2065/2065/2065
f 2071/2071/2071 2119/2119/2119 2072/2072/2072
f 2073/2073/2073 2139/2139/2139 2074/2074/2074
f 2076/2076/2076 2082/2082/2082 2077/2077/2077
f 2079/2079/2079 2085/2085/2085 2080/2080/2080
f 2075/2075/2075 2074/2074/2074 2082/2082/2082
f 2083/2083/2083 2067/2067/2067 2069/2069/2069
f 2085/2085/2085 2078/2078/2078 2077/2077/2077
f 2085/2085/2085 2090/2090/2090 2086/2086/2086
f 2079/2079/2079 2105/2105/2105 2087/2087/2087
f 2076/2076/2076 2078/2078/2078 2086/2086/2086
f 2085/2085/2085 2079/2079/2079 2088/2088/2088
f 2073/2073/2073 2075/2075/2075 2091/2091/2091
f 2076/2076/2076 2089/2089/2089 2091/2091/2091
f 2093/2093/2093 2102/2102/2102 2094/2094/2094
f 2096/2096/2096 2103/2103/2103 2097/2097/2097
f 2099/2099/2099 2104/2104/2104 2100/2100/2100
f 2096/2096/2096 2098/2098/2098 2094/2094/2094
f 2103/2103/2103 2099/2099/2099 2101/2101/2101
f 2093/2093/2093 2095/2095/2095 2100/2100/2100
f 2105/2105/2105 2079/2079/2079 2081/2081/2081
f 2107/2107/2107 2124/2124/2124 2108/2108/2108
f 2110/2110/2110 2140/2140/2140 2111/2111/2111
f 2113/2113/2113 2122/2122/2122 2114/2114/2114
f 2113/2113/2113 2115/2115/2115 2116/2116/2116
f 2118/2118/2118 2141/2141/2141 2119/2119/2119
f 2117/2117/2117 2116/2116/2116 2120/2120/2120
f 2122/2122/2122 2110/2110/2110 2112/2112/2112
f 2123/2123/2123 2126/2126/2126 2124/2124/2124
f 2123/2123/2123 2127/2127/2127 2125/2125/2125
f 2127/2127/2127 2131/2131/2131 2128/2128/2128
f 2109/2109/2109 2108/2108/2108 2129/2129/2129
f 2131/2131/2131 2133/2133/2133 2132/2132/2132
f 2109/2109/2109 2120/2120/2120 2116/2116/2116
f 2107/2107/2107 2116/2116/2116 2115/2115/2115
f 2127/2127/2127 2123/2123/2123 2115/2115/2115
f 2131/2131/2131 2127/2127/2127 2114/2114/2114
f 2133/2133/2133 2131/2131/2131 2112/2112/2112
f 2130/2130/2130 2134/2134/2134 2120/2120/2120
f 2121/2121/2121 2120/2120/2120 2134/2134/2134
o Abs_LP_Checker_0
usemtl Checker
v -0.12139894541951385 -0.18060331213829633 -0.12650598340673624
v -0.07180116910186773 -0.18059301540971354 -0.12634376937128333
v -0.07180116910186773 -0.1789509330678322 -0.10045789022396795
v -0.09742272427478299 -0.1842338402946311 -0.18373760149013169
v -0.07180116910186773 -0.1821589973275926 -0.1510297623550044
v -0.12770518375102013 -0.18215524222541285 -0.15097057494467717
v -0.02557973133966926 -0.16676573113870222 -0.184845714262299
v 0.004909157643262496 -0.13592954693063994 -0.15388083879655276
v 0.004909157643262496 -0.16472326838059476 -0.15205427960946732
v -0.07180116910186773 -0.1320123941831005 -0.0919718059702987
v -0.14239157418031445 -0.16319845842079658 -0.1276790056253075
v -0.07180116910186773 -0.1608243695549204 -0.09014408448969216
v -0.15301409021733492 -0.1443751890555727 -0.28754651531823894
v -0.1313092828249346 -0.1743579073505989 -0.3066974525693881
v -0.15301409021733492 -0.17310811376984672 -0.2857238304428823
v -0.12324055008797602 -0.1909150462454723 -0.28905986963295477
v -0.07180116910186773 -0.1711302938433824 -0.26272752485974477
v -0.07180116910186773 -0.1842338402946311 -0.18373760149013169
v -0.04617961392895248 -0.1842338402946311 -0.18373760149013169
v -0.02036178811575945 -0.1909150462454723 -0.28905986963295477
v -0.012264605337427431 -0.19041964097916259 -0.2812503501204615
v -0.04643802986060014 -0.1789317565421855 -0.2911685050563678
v -0.09350597649426806 -0.16335091167480137 -0.307395663155948
v -0.07180116910186773 -0.14044840538380451 -0.2877956335652638
v -0.07180116910186773 -0.16203677488212237 -0.2864261537603227
v -0.02220339278422162 -0.18060331213829633 -0.12650598340673624
v -0.118022603138776 -0.13799623897605456 -0.18667072372470747
v -0.118022603138776 -0.16676573113870222 -0.184845714262299
v -0.02557973133966926 -0.13799623897605456 -0.18667072372470747
v 0.00941175201359945 -0.17310811376984672 -0.2857238304428823
v 0.00941175201359945 -0.1443751890555727 -0.28754651531823894
v -0.0012107640234210182 -0.16319845842079658 -0.1276790056253075
v -0.0012107640234210182 -0.13439095339718635 -0.12950642908196852
v -0.14851149584699797 -0.16472326838059476 -0.15205427960946732
v -0.14239157418031445 -0.13439095339718635 -0.12950642908196852
v -0.14851149584699797 -0.13592954693063994 -0.15388083879655276
v -0.015897154452715334 -0.18215524222541285 -0.15097057494467717
v -0.1313092828249346 -0.14567685357674715 -0.3085168591809045
v -0.09350597649426806 -0.14177286868085318 -0.3087644873081288
v -0.012293055378800877 -0.14567685357674715 -0.3085168591809045
v -0.05009636170946741 -0.16335091167480137 -0.307395663155948
v -0.05009636170946741 -0.14177286868085318 -0.3087644873081288
v -0.012293055378800877 -0.17435792225175975 -0.30669745256938563
v -0.07180116910186773 -0.14044840538380451 -0.2877956335652638
v -0.07180116910186773 -0.16203677488212237 -0.2864261537603227
v -0.13133772914101782 -0.19041964097916259 -0.2812503501204615
v -0.118022603138776 -0.16676573113870222 -0.184845714262299
v -0.15301409021733492 -0.17310811376984672 -0.2857238304428823
v -0.02557973133966926 -0.16676573113870222 -0.184845714262299
v -0.14239157418031445 -0.16319845842079658 -0.1276790056253075
v -0.0012107640234210182 -0.16319845842079658 -0.1276790056253075
v -0.14851149584699797 -0.16472326838059476 -0.15205427960946732
v -0.07180116910186773 -0.1608243695549204 -0.09014408448969216
v 0.004909157643262496 -0.16472326838059476 -0.15205427960946732
v -0.0971643008925549 -0.17893174164102463 -0.2911685050563702
v -0.1313092828249346 -0.1743579073505989 -0.3066974525693881
v -0.09350597649426806 -0.16335091167480137 -0.307395663155948
v -0.012293055378800877 -0.17435792225175975 -0.30669745256938563
v -0.07180116910186773 -0.16203677488212237 -0.2864261537603227
v -0.05009636170946741 -0.16335091167480137 -0.307395663155948
v 0.00941175201359945 -0.17310811376984672 -0.2857238304428823
v -0.23024981699325542 -0.16557841057308237 -0.483366749653394
v -0.20586071448339405 -0.16050473455307107 -0.5161453704672515
v -0.20586071448339405 -0.17975144625096987 -0.5149244854199186
v -0.09713065407133126 -0.1950682488625435 -0.3545309802210385
v -0.07180116910186773 -0.19828970930031595 -0.40531398689812886
v -0.07180116910186773 -0.19348928800019558 -0.32964023038804396
v -0.14328038372217744 -0.20352290612680773 -0.4878100312215621
v -0.1335395246698068 -0.20130790248073716 -0.452892677779155
v -0.19953849465686457 -0.19199393787028649 -0.4896319086313519
v -0.14379653013207316 -0.15735534601592863 -0.4345838670088676
v -0.14382853782560212 -0.1766030262917839 -0.4333783301570635
v -0.07180116910186773 -0.20152122804749537 -0.4562555121228174
v -0.07180116910186773 -0.1999939594449351 -0.43217964716423385
v -0.12244791263830851 -0.1519460319169317 -0.34931167684112047
v -0.12431383600129547 -0.17491933980197472 -0.40683688934561707
v -0.12244791263830851 -0.17119274361482079 -0.3480907321891442
v -0.07180116910186773 -0.1487888552522308 -0.29954215770834214
v -0.07180116910186773 -0.16803556695012467 -0.2983212428586876
v -0.0986588128210869 -0.19829100570465621 -0.4053345206975838
v -0.14302499272618452 -0.1624458191571218 -0.514829895670219
v -0.14302499272618452 -0.18169253085502057 -0.5136090106228861
v -0.07180116910186773 -0.17970071736957244 -0.4822102384558512
v -0.14302499272618452 -0.18169253085502057 -0.5136090106228861
v -0.23024981699325542 -0.16557841057308237 -0.483366749653394
v -0.20586071448339405 -0.17975144625096987 -0.5149244854199186
v -0.12244791263830851 -0.17119274361482079 -0.3480907321891442
v -0.07180116910186773 -0.16803556695012467 -0.2983212428586876
v -0.12431383600129547 -0.17491933980197472 -0.40683688934561707
v -0.14382853782560212 -0.1766030262917839 -0.4333783301570635
v -0.07180116910186773 -0.17970071736957244 -0.4822102384558512
v 0.08664747878951995 -0.16557841057308237 -0.483366749653394
v 0.06225837627965858 -0.16050473455307107 -0.5161453704672515
v 0.08664747878951995 -0.14376436299585854 -0.484750534609529
v -0.04647168785769443 -0.1950682488625435 -0.3545309802210385
v -0.00032196193213845925 -0.20352290612680773 -0.4878100312215621
v 0.055936156453129104 -0.19199393787028649 -0.4896319086313519
v -0.010062820984509113 -0.20130790248073716 -0.452892677779155
v 0.0001941993789181251 -0.15735534601592863 -0.4345838670088676
v 0.00022620707244708216 -0.1766030262917839 -0.4333783301570635
v -0.019288502202439994 -0.17491933980197472 -0.40683688934561707
v -0.02115442556542696 -0.1519460319169317 -0.34931167684112047
v -0.02115442556542696 -0.17119274361482079 -0.3480907321891442
v -0.07180116910186773 -0.1487888552522308 -0.29954215770834214
v -0.07180116910186773 -0.16803556695012467 -0.2983212428586876
v -0.04494352910793878 -0.19829100570465621 -0.4053345206975838
v 0.06225837627965858 -0.17975144625096987 -0.5149244854199186
v -0.0005773454775509501 -0.1624458191571218 -0.514829895670219
v -0.0005773454775509501 -0.18169253085502057 -0.5136090106228861
v 0.06225837627965858 -0.17975144625096987 -0.5149244854199186
v 0.08664747878951995 -0.16557841057308237 -0.483366749653394
v -0.02115442556542696 -0.17119274361482079 -0.3480907321891442
v -0.019288502202439994 -0.17491933980197472 -0.40683688934561707
v 0.00022620707244708216 -0.1766030262917839 -0.4333783301570635
v -0.0005773454775509501 -0.18169253085502057 -0.5136090106228861
v -0.23024981699325542 -0.14376436299585854 -0.484750534609529
v -0.12431383600129547 -0.15567264300525135 -0.40805786379991266
v -0.07180116910186773 -0.1604540056716785 -0.4834311533055058
v -0.019288502202439994 -0.15567264300525135 -0.40805786379991266
vt 0.06463895738124847 0.4464825391769409
vt 0.07552807033061981 0.44715261459350586
vt 0.07552807033061981 0.44154471158981323
vt 0.06850247085094452 0.46117162704467773
vt 0.07552801072597504 0.4530453085899353
vt 0.06245587393641472 0.45176035165786743
vt 0.03774188086390495 0.4359450340270996
vt 0.03128425404429436 0.4466414451599121
vt 0.03774116560816765 0.4466414451599121
vt 0.0312829427421093 0.4707791209220886
vt 0.0377381257712841 0.48866790533065796
vt 0.037739504128694534 0.4707791209220886
vt 0.031280141323804855 0.524568110704422
vt 0.037735920399427414 0.5329651534557343
vt 0.03773621842265129 0.524568110704422
vt 0.06207720562815666 0.4868244528770447
vt 0.07552801072597504 0.48282742500305176
vt 0.07552801072597504 0.4613185524940491
vt 0.08255372941493988 0.46117162704467773
vt 0.08897928893566132 0.4868244528770447
vt 0.0908915251493454 0.4851926565170288
vt 0.0830790251493454 0.48864465951919556
vt 0.03773544356226921 0.543342262506485
vt 0.03127865120768547 0.5622968375682831
vt 0.037734728306531906 0.5622968375682831
vt 0.08641724288463593 0.4464825391769409
vt 0.031281035393476486 0.5056132078170776
vt 0.03773729130625725 0.5056132078170776
vt 0.031284917145967484 0.4359450340270996
vt 0.03774271532893181 0.41699016094207764
vt 0.03128580376505852 0.41699016094207764
vt 0.03774086758494377 0.4528905749320984
vt 0.031284015625715256 0.4528905749320984
vt 0.037737827748060226 0.49491673707962036
vt 0.03128204867243767 0.48866790533065796
vt 0.03128175064921379 0.49491673707962036
vt 0.08860044181346893 0.45176029205322266
vt 0.03127966448664665 0.5329651534557343
vt 0.031279366463422775 0.543342262506485
vt 0.031286101788282394 0.4085930585861206
vt 0.037743549793958664 0.39821624755859375
vt 0.0312865786254406 0.39821624755859375
vt 0.03774319216609001 0.4085930585861206
vt 0.03128742054104805 0.3792613744735718
vt 0.037744272500276566 0.3792613744735718
vt 0.060164790600538254 0.4851926565170288
vt 0.06123266741633415 0.4610024690628052
vt 0.05345640704035759 0.48682117462158203
vt 0.08982346951961517 0.4610024690628052
vt 0.05822525545954704 0.4446391463279724
vt 0.09283106029033661 0.4446391463279724
vt 0.05583880469202995 0.4509066939353943
vt 0.07552807033061981 0.4362614154815674
vt 0.09521721303462982 0.4509066939353943
vt 0.06797729432582855 0.48864465951919556
vt 0.059511881321668625 0.49235987663269043
vt 0.06937430799007416 0.4940621852874756
vt 0.09154443442821503 0.49235987663269043
vt 0.07552807033061981 0.48932552337646484
vt 0.08168183267116547 0.4940621852874756
vt 0.09759972989559174 0.48682117462158203
vt 0.016333650797605515 0.45191407203674316
vt 0.020732656121253967 0.46397221088409424
vt 0.016333654522895813 0.46397221088409424
vt 0.11781716346740723 0.38465946912765503
vt 0.11185778677463531 0.3971039056777954
vt 0.11209365725517273 0.3792707324028015
vt 0.12992128729820251 0.4178009033203125
vt 0.1277955025434494 0.4094216227531433
vt 0.1426790952682495 0.41854262351989746
vt 0.02073265239596367 0.42581987380981445
vt 0.016333650797605515 0.42581987380981445
vt 0.11168023943901062 0.4104904532432556
vt 0.11176489293575287 0.4041150212287903
vt 0.020732659846544266 0.39799851179122925
vt 0.016333650797605515 0.4146571755409241
vt 0.01633365824818611 0.39799851179122925
vt 0.020732473582029343 0.3802357316017151
vt 0.01633365824818611 0.3802357316017151
vt 0.11891210079193115 0.3970235586166382
vt 0.02073265239596367 0.48120546340942383
vt 0.016333650797605515 0.48120546340942383
vt 0.11155980825424194 0.4195932149887085
vt 0.1301824450492859 0.42606109380722046
vt 0.15213468670845032 0.4165534973144531
vt 0.1454891413450241 0.4247245192527771
vt 0.12555772066116333 0.38095617294311523
vt 0.11221963167190552 0.36976319551467896
vt 0.1279062032699585 0.39586830139160156
vt 0.1326720118522644 0.4027332067489624
vt 0.016333650797605515 0.49896758794784546
vt 0.016333650797605515 0.5460211634635925
vt 0.02073264867067337 0.5339633226394653
vt 0.02073265239596367 0.5460211634635925
vt 0.10622955858707428 0.3845064640045166
vt 0.09325255453586578 0.4173160195350647
vt 0.0804797112941742 0.41771918535232544
vt 0.09559930860996246 0.40899497270584106
vt 0.02073264867067337 0.572115957736969
vt 0.016333647072315216 0.572115957736969
vt 0.016333650797605515 0.5832783579826355
vt 0.020732644945383072 0.5999376177787781
vt 0.016333643347024918 0.5999376177787781
vt 0.020732644945383072 0.6176998019218445
vt 0.016333643347024918 0.6176998019218445
vt 0.10480765998363495 0.3968368172645569
vt 0.016333647072315216 0.5339633226394653
vt 0.02073265239596367 0.5167303681373596
vt 0.09277234971523285 0.42556625604629517
vt 0.07750661671161652 0.42382538318634033
vt 0.07107986509799957 0.4154813885688782
vt 0.09858925640583038 0.38059908151626587
vt 0.09584733843803406 0.3954443335533142
vt 0.0909011960029602 0.40218019485473633
vt 0.016333650797605515 0.5167303681373596
vt 0.02073265239596367 0.45191407203674316
vt 0.02073265239596367 0.4146571755409241
vt 0.02073265239596367 0.49896758794784546
vt 0.02073265239596367 0.5832783579826355
vn -0.3464139035915362 -0.8305095634244198 0.436178028400163
vn 0 -0.997994004263802 0.06330851011911659
vn -1.2188295321177352e-8 -0.7820229460090553 0.6232496385200058
vn -0.23234537776434916 -0.9723792262783154 0.02223208793448602
vn -5.654319958439777e-16 -0.9979940009686281 0.06330856206414662
vn -0.42038748837862533 -0.9027926636928355 -0.09077315680919046
vn 0.8551147725270544 -0.48490262862789557 -0.18343436579812727
vn 0.9685721073791513 -0.015747138168498993 -0.24823396312070556
vn 0.9008939070694049 -0.38893570810600214 -0.19266339342310143
vn -2.149717683812917e-8 0.06330904075604468 0.9979939706023023
vn -0.7578808824605804 -0.3192742799237545 0.5689292593811115
vn 0 -0.202353251067938 0.9793125965605857
vn -0.9726499229453214 -0.014705266250423468 -0.231810013888453
vn -0.2974340596674878 -0.44582791655607384 -0.8442573357507698
vn -0.8992634018683695 -0.39619053326989917 -0.1853601775124327
vn -0.003024424775724304 -0.917243499328958 -0.3983154727016564
vn 2.086136489494649e-8 -0.977491184062305 -0.21097626662843497
vn 0 -0.999537461173045 0.03041157200381794
vn 0.23234536492838684 -0.9723792294060877 0.022232085280464536
vn 0.0030239482041244637 -0.9172436284486863 -0.39831517898210567
vn 0.4143219519254416 -0.9082842350826666 -0.05794021447135919
vn -0.4040485713414138 -0.8131318358499942 -0.4190004409594106
vn 0.3843849544357526 -0.36221484916790037 -0.8491458118872749
vn -3.960413976474918e-8 -0.06330867337492346 -0.9979939939075313
vn -3.396342910314955e-8 -0.6636920192326571 -0.7480059515851978
vn 0.3464139261069016 -0.8305096174038777 0.436177907738192
vn -0.9785897235387477 -0.013029818631044594 -0.20540783045151811
vn -0.8551147454747852 -0.48490267289224265 -0.18343437489617934
vn 0.9785897243991806 -0.01303022097382849 -0.20540780082973817
vn 0.8992634474203633 -0.39619022905553497 -0.18536060674956364
vn 0.972649909519582 -0.014705265116130017 -0.23181007029336273
vn 0.7578811459386824 -0.3192744441848499 0.5689288162161632
vn 0.7879360423450651 0.03898257178044193 0.614521889171556
vn -0.9008938194674582 -0.3889358707632138 -0.19266347468836845
vn -0.7879358718547419 0.03898257063947991 0.6145221078454752
vn -0.9685719371902085 -0.015747241647895364 -0.24823462060737936
vn 0.4203874150564798 -0.9027926982353772 -0.09077315283176189
vn -0.36309903428051815 -0.05898850105355691 -0.9298814161214374
vn 0.3878367237410636 -0.05835483297054018 -0.919879007906354
vn 0.3630993596136458 -0.058988478296888885 -0.9298812905292685
vn -0.3843850713371572 -0.3622148767954477 -0.8491457471843024
vn -0.38783692570715145 -0.05835485356284495 -0.9198789214476459
vn 0.2974342152560726 -0.4458277774027695 -0.8442573544193208
vn -3.960413976474918e-8 -0.06330867337492346 -0.9979939939075313
vn -3.396342910314955e-8 -0.6636920192326571 -0.7480059515851978
vn -0.4143220439235478 -0.9082841868869395 -0.05794031213364882
vn -0.8551147454747852 -0.48490267289224265 -0.18343437489617934
vn -0.8992634018683695 -0.39619053326989917 -0.1853601775124327
vn 0.8551147725270544 -0.48490262862789557 -0.18343436579812727
vn -0.7578808824605804 -0.3192742799237545 0.5689292593811115
vn 0.7578811459386824 -0.3192744441848499 0.5689288162161632
vn -0.9008938194674582 -0.3889358707632138 -0.19266347468836845
vn 0 -0.202353251067938 0.9793125965605857
vn 0.9008939070694049 -0.38893570810600214 -0.19266339342310143
vn 0.4040486093091081 -0.8131316738399506 -0.41900071875071493
vn -0.2974340596674878 -0.44582791655607384 -0.8442573357507698
vn 0.3843849544357526 -0.36221484916790037 -0.8491458118872749
vn 0.2974342152560726 -0.4458277774027695 -0.8442573544193208
vn -3.396342910314955e-8 -0.6636920192326571 -0.7480059515851978
vn -0.3843850713371572 -0.3622148767954477 -0.8491457471843024
vn 0.8992634474203633 -0.39619022905553497 -0.18536060674956364
vn -0.9242340588317168 -0.3086088218928124 0.22483771824447343
vn -0.487619139756297 -0.05527162005666859 -0.8713051259803538
vn -0.4233361788074243 -0.5167506366513374 -0.7441473370463447
vn -0.3859460061664277 -0.8913580997437835 0.23775285139264812
vn -1.261643078433672e-8 -0.9979940019101066 0.06330854722270951
vn -7.510506223010526e-8 -0.8761186262007252 0.48209558473828396
vn -0.004526834744047643 -0.9444192785201001 -0.3287122360466269
vn -0.26699259570514194 -0.9140676849727334 0.3052789234900088
vn -0.4086880747369895 -0.9110263569928925 0.05481819435216226
vn -0.657241008928246 0.04805127962755379 0.7521471469793234
vn -0.6388305568190725 -0.35754291487662576 0.6812184551931633
vn 0 -0.9754564427950962 -0.2201924799114103
vn 9.046911086470741e-15 -0.9979940009686281 0.06330856206414662
vn -0.9161579392968828 0.02537667896713373 0.40001331781315513
vn -0.8524948320461423 -0.39352113416186557 0.34408382452910896
vn -0.8502991524380659 -0.3538465398335296 0.38959463242060344
vn -6.6566096130264784e-9 0.06330928940569103 0.9979939548288589
vn 0 -0.3315105383447286 0.9434515159595581
vn -0.2943070212774405 -0.9440653017340404 0.14874166628290725
vn 0.21374723834691853 -0.06184204996900601 -0.974929576407802
vn 0.1634860104963466 -0.4510818728733823 -0.8773810280243302
vn 3.516384062426837e-8 -0.4914062757192544 -0.8709304634606203
vn 0.1634860104963466 -0.4510818728733823 -0.8773810280243302
vn -0.9242340588317168 -0.3086088218928124 0.22483771824447343
vn -0.4233361788074243 -0.5167506366513374 -0.7441473370463447
vn -0.8502991524380659 -0.3538465398335296 0.38959463242060344
vn 0 -0.3315105383447286 0.9434515159595581
vn -0.8524948320461423 -0.39352113416186557 0.34408382452910896
vn -0.6388305568190725 -0.35754291487662576 0.6812184551931633
vn 3.516384062426837e-8 -0.4914062757192544 -0.8709304634606203
vn 0.9242340337505264 -0.3086085651994993 0.22483817367773087
vn 0.4876190943239961 -0.05527162166310297 -0.8713051513042815
vn 0.9603919738203125 0.017638748665977855 0.2780937452856913
vn 0.385945846539841 -0.8913581348326772 0.23775297896400016
vn 0.004526856762719303 -0.9444193061822198 -0.3287121562676749
vn 0.4086881466234189 -0.9110263179370154 0.05481830748608442
vn 0.2669924549148629 -0.9140677727237174 0.3052787838786663
vn 0.6572411196512924 0.04805164844327803 0.7521470266652651
vn 0.6388303884260902 -0.35754330813923463 0.6812184067009809
vn 0.8524947682311215 -0.3935214302415362 0.3440836440158442
vn 0.9161579612271241 0.0253766758492802 0.40001326778370727
vn 0.8502991345044916 -0.35384659197522506 0.38959462420371177
vn -6.6566096130264784e-9 0.06330928940569103 0.9979939548288589
vn 0 -0.3315105383447286 0.9434515159595581
vn 0.294306998622651 -0.944065324661605 0.14874156558711366
vn 0.4233360939476632 -0.5167505229926714 -0.7441474642488112
vn -0.2137471672451266 -0.06184205095386585 -0.9749295919339526
vn -0.1634859480892216 -0.45108192474555814 -0.877381012984217
vn 0.4233360939476632 -0.5167505229926714 -0.7441474642488112
vn 0.9242340337505264 -0.3086085651994993 0.22483817367773087
vn 0.8502991345044916 -0.35384659197522506 0.38959462420371177
vn 0.8524947682311215 -0.3935214302415362 0.3440836440158442
vn 0.6388303884260902 -0.35754330813923463 0.6812184067009809
vn -0.1634859480892216 -0.45108192474555814 -0.877381012984217
vn -0.9603920421565694 0.017638746963660426 0.27809350939546634
vn -0.9453560172926021 0.02064195057582946 0.3253857870975534
vn 8.29654859512147e-8 -0.06330608708773641 -0.9979941579676873
vn 0.9453560295093055 0.020641940968175548 0.3253857522133806
f 2142/2142/2142 2143/2143/2143 2144/2144/2144
f 2145/2145/2145 2146/2146/2146 2147/2147/2147
f 2148/2148/2148 2149/2149/2149 2150/2150/2150
f 2151/2151/2151 2152/2152/2152 2153/2153/2153
f 2154/2154/2154 2155/2155/2155 2156/2156/2156
f 2157/2157/2157 2158/2158/2158 2159/2159/2159
f 2160/2160/2160 2146/2146/2146 2159/2159/2159
f 2160/2160/2160 2161/2161/2161 2162/2162/2162
f 2161/2161/2161 2158/2158/2158 2163/2163/2163
f 2164/2164/2164 2165/2165/2165 2166/2166/2166
f 2143/2143/2143 2167/2167/2167 2144/2144/2144
f 2168/2168/2168 2156/2156/2156 2169/2169/2169
f 2170/2170/2170 2171/2171/2171 2172/2172/2172
f 2151/2151/2151 2173/2173/2173 2174/2174/2174
f 2175/2175/2175 2176/2176/2176 2177/2177/2177
f 2167/2167/2167 2146/2146/2146 2178/2178/2178
f 2174/2174/2174 2150/2150/2150 2149/2149/2149
f 2164/2164/2164 2179/2179/2179 2180/2180/2180
f 2145/2145/2145 2157/2157/2157 2159/2159/2159
f 2181/2181/2181 2182/2182/2182 2183/2183/2183
f 2184/2184/2184 2172/2172/2172 2171/2171/2171
f 2142/2142/2142 2146/2146/2146 2143/2143/2143
f 2185/2185/2185 2182/2182/2182 2186/2186/2186
f 2187/2187/2187 2188/2188/2188 2189/2189/2189
f 2162/2162/2162 2190/2190/2190 2160/2160/2160
f 2191/2191/2191 2147/2147/2147 2142/2142/2142
f 2178/2178/2178 2192/2192/2192 2167/2167/2167
f 2188/2188/2188 2147/2147/2147 2193/2193/2193
f 2194/2194/2194 2142/2142/2142 2144/2144/2144
f 2178/2178/2178 2190/2190/2190 2195/2195/2195
f 2194/2194/2194 2167/2167/2167 2192/2192/2192
f 2196/2196/2196 2197/2197/2197 2198/2198/2198
f 2163/2163/2163 2199/2199/2199 2161/2161/2161
f 2187/2187/2187 2197/2197/2197 2157/2157/2157
f 2200/2200/2200 2196/2196/2196 2198/2198/2198
f 2163/2163/2163 2200/2200/2200 2201/2201/2201
f 2162/2162/2162 2199/2199/2199 2202/2202/2202
f 2177/2177/2177 2169/2169/2169 2175/2175/2175
f 2203/2203/2203 2204/2204/2204 2205/2205/2205
f 2206/2206/2206 2207/2207/2207 2208/2208/2208
f 2209/2209/2209 2210/2210/2210 2211/2211/2211
f 2212/2212/2212 2203/2203/2203 2213/2213/2213
f 2210/2210/2210 2214/2214/2214 2215/2215/2215
f 2216/2216/2216 2217/2217/2217 2218/2218/2218
f 2217/2217/2217 2212/2212/2212 2213/2213/2213
f 2219/2219/2219 2218/2218/2218 2220/2220/2220
f 2221/2221/2221 2215/2215/2215 2207/2207/2207
f 2205/2205/2205 2222/2222/2222 2223/2223/2223
f 2224/2224/2224 2209/2209/2209 2225/2225/2225
f 2211/2211/2211 2225/2225/2225 2209/2209/2209
f 2211/2211/2211 2226/2226/2226 2227/2227/2227
f 2228/2228/2228 2208/2208/2208 2229/2229/2229
f 2210/2210/2210 2230/2230/2230 2231/2231/2231
f 2206/2206/2206 2230/2230/2230 2221/2221/2221
f 2222/2222/2222 2232/2232/2232 2223/2223/2223
f 2211/2211/2211 2231/2231/2231 2226/2226/2226
f 2233/2233/2233 2234/2234/2234 2235/2235/2235
f 2207/2207/2207 2236/2236/2236 2208/2208/2208
f 2237/2237/2237 2238/2238/2238 2239/2239/2239
f 2233/2233/2233 2240/2240/2240 2241/2241/2241
f 2214/2214/2214 2239/2239/2239 2215/2215/2215
f 2242/2242/2242 2243/2243/2243 2244/2244/2244
f 2240/2240/2240 2242/2242/2242 2241/2241/2241
f 2244/2244/2244 2245/2245/2245 2246/2246/2246
f 2247/2247/2247 2215/2215/2215 2239/2239/2239
f 2248/2248/2248 2249/2249/2249 2234/2234/2234
f 2224/2224/2224 2237/2237/2237 2214/2214/2214
f 2238/2238/2238 2250/2250/2250 2251/2251/2251
f 2238/2238/2238 2251/2251/2251 2252/2252/2252
f 2253/2253/2253 2208/2208/2208 2236/2236/2236
f 2254/2254/2254 2239/2239/2239 2255/2255/2255
f 2236/2236/2236 2254/2254/2254 2253/2253/2253
f 2232/2232/2232 2249/2249/2249 2256/2256/2256
f 2255/2255/2255 2238/2238/2238 2252/2252/2252
f 2145/2145/2145 2159/2159/2159 2146/2146/2146
f 2148/2148/2148 2170/2170/2170 2149/2149/2149
f 2151/2151/2151 2176/2176/2176 2152/2152/2152
f 2154/2154/2154 2179/2179/2179 2155/2155/2155
f 2157/2157/2157 2196/2196/2196 2158/2158/2158
f 2160/2160/2160 2178/2178/2178 2146/2146/2146
f 2160/2160/2160 2159/2159/2159 2161/2161/2161
f 2161/2161/2161 2159/2159/2159 2158/2158/2158
f 2164/2164/2164 2180/2180/2180 2165/2165/2165
f 2168/2168/2168 2154/2154/2154 2156/2156/2156
f 2170/2170/2170 2148/2148/2148 2171/2171/2171
f 2151/2151/2151 2153/2153/2153 2173/2173/2173
f 2175/2175/2175 2152/2152/2152 2176/2176/2176
f 2167/2167/2167 2143/2143/2143 2146/2146/2146
f 2174/2174/2174 2173/2173/2173 2150/2150/2150
f 2164/2164/2164 2155/2155/2155 2179/2179/2179
f 2145/2145/2145 2187/2187/2187 2157/2157/2157
f 2181/2181/2181 2184/2184/2184 2182/2182/2182
f 2184/2184/2184 2181/2181/2181 2172/2172/2172
f 2142/2142/2142 2147/2147/2147 2146/2146/2146
f 2185/2185/2185 2183/2183/2183 2182/2182/2182
f 2187/2187/2187 2145/2145/2145 2188/2188/2188
f 2162/2162/2162 2202/2202/2202 2190/2190/2190
f 2191/2191/2191 2193/2193/2193 2147/2147/2147
f 2178/2178/2178 2195/2195/2195 2192/2192/2192
f 2188/2188/2188 2145/2145/2145 2147/2147/2147
f 2194/2194/2194 2191/2191/2191 2142/2142/2142
f 2178/2178/2178 2160/2160/2160 2190/2190/2190
f 2194/2194/2194 2144/2144/2144 2167/2167/2167
f 2196/2196/2196 2157/2157/2157 2197/2197/2197
f 2163/2163/2163 2201/2201/2201 2199/2199/2199
f 2187/2187/2187 2189/2189/2189 2197/2197/2197
f 2200/2200/2200 2158/2158/2158 2196/2196/2196
f 2163/2163/2163 2158/2158/2158 2200/2200/2200
f 2162/2162/2162 2161/2161/2161 2199/2199/2199
f 2177/2177/2177 2168/2168/2168 2169/2169/2169
f 2203/2203/2203 2257/2257/2257 2204/2204/2204
f 2206/2206/2206 2221/2221/2221 2207/2207/2207
f 2212/2212/2212 2257/2257/2257 2203/2203/2203
f 2210/2210/2210 2209/2209/2209 2214/2214/2214
f 2216/2216/2216 2258/2258/2258 2217/2217/2217
f 2217/2217/2217 2258/2258/2258 2212/2212/2212
f 2219/2219/2219 2216/2216/2216 2218/2218/2218
f 2221/2221/2221 2210/2210/2210 2215/2215/2215
f 2205/2205/2205 2204/2204/2204 2222/2222/2222
f 2224/2224/2224 2214/2214/2214 2209/2209/2209
f 2211/2211/2211 2227/2227/2227 2225/2225/2225
f 2228/2228/2228 2206/2206/2206 2208/2208/2208
f 2210/2210/2210 2221/2221/2221 2230/2230/2230
f 2206/2206/2206 2228/2228/2228 2230/2230/2230
f 2222/2222/2222 2259/2259/2259 2232/2232/2232
f 2211/2211/2211 2210/2210/2210 2231/2231/2231
f 2233/2233/2233 2248/2248/2248 2234/2234/2234
f 2207/2207/2207 2247/2247/2247 2236/2236/2236
f 2233/2233/2233 2235/2235/2235 2240/2240/2240
f 2214/2214/2214 2237/2237/2237 2239/2239/2239
f 2242/2242/2242 2260/2260/2260 2243/2243/2243
f 2240/2240/2240 2260/2260/2260 2242/2242/2242
f 2244/2244/2244 2243/2243/2243 2245/2245/2245
f 2247/2247/2247 2207/2207/2207 2215/2215/2215
f 2248/2248/2248 2256/2256/2256 2249/2249/2249
f 2224/2224/2224 2250/2250/2250 2237/2237/2237
f 2238/2238/2238 2237/2237/2237 2250/2250/2250
f 2253/2253/2253 2229/2229/2229 2208/2208/2208
f 2254/2254/2254 2247/2247/2247 2239/2239/2239
f 2236/2236/2236 2247/2247/2247 2254/2254/2254
f 2232/2232/2232 2259/2259/2259 2249/2249/2249
f 2255/2255/2255 2239/2239/2239 2238/2238/2238
o Claw1R_LP_Checker_0
usemtl Checker
v 0.10453669493190876 -0.042476024186773945 0.11029255835666583
v 0.1115611021616808 -0.011778215071660788 0.2148390383499536
v 0.08360314182334072 -0.014054131035606683 0.11072581987933977
v 0.3710650718719122 0.06096782066092522 0.48260847642273885
v 0.2503232303934566 -0.06518508124098782 0.37960595106016687
v 0.32689213022085717 0.06832116468586051 0.35228739268459514
v 0.2639524281631611 0.30815546380653763 0.3268585822063491
v 0.34297981091633845 0.23751221305919812 0.4720202787987701
v 0.31814789060917725 0.2382738760568476 0.3201616542728092
v 0.11573368052243405 0.16506916468563185 0.39979114525828957
v 0.17525827492941293 0.31824435475729707 0.5121490322392744
v 0.18877306158602836 0.3117186337095459 0.35336214396068066
v 0.18877306158602836 0.3117186337095459 0.35336214396068066
v 0.2787267503426949 0.3126685738123665 0.48164707212138713
v 0.27323918923946033 -0.08160276081379056 0.4847630286969734
v 0.1682164631437555 -0.059863575453643784 0.39937472426074716
v 0.32312461011578253 0.11007440002930938 0.7414476526430144
v 0.3600871482472012 0.002269178593248266 0.7317937445268052
v 0.3525274317146665 0.11915529104850718 0.768340193401505
v 0.13872006225466582 -0.05076943038747352 0.1028603375076232
v 0.13466669318079882 -0.054372766674740836 0.21167773421055047
v 0.16782664877563747 -0.02758398410288225 0.7427579043425786
v 0.15323774174069438 0.06533868095965603 0.8005242062336059
v 0.15849117580448435 -0.05054951525710366 0.7664133817413413
v 0.2819733854687201 -0.06331171432039591 0.7023508494896891
v 0.29569029147125114 -0.09430681950369987 0.7165362828417485
v 0.2739577232161672 0.14720186756032236 0.7620170898371174
v 0.2907984489769089 0.1657391853162066 0.7953104525050306
v 0.1847126144607525 0.07480777163318132 0.062641487838818
v 0.2175979565620878 0.03173240753208444 0.170949390480403
v 0.17388385145625795 0.0020839409189339197 0.08330774087092063
v 0.1684351525805483 0.18705122776466931 0.1541757840458521
v 0.15998345255888724 0.09595085011254728 0.06354950153238584
v 0.128307905905517 0.08781702353561827 0.07509653161786044
v 0.1115611021616808 -0.011778215071660788 0.2148390383499536
v 0.10489576820517099 0.03131331513020508 0.09634970893135418
v 0.08360314182334072 -0.014054131035606683 0.11072581987933977
v 0.17718648514479796 -0.059851001768645044 0.19868141943744266
v 0.2382282859482998 0.15240811255759806 0.13963940924702295
v 0.1309354126989376 0.08494368154983298 0.1920901355615236
v 0.128307905905517 0.08781702353561827 0.07509653161786044
v 0.12350174508612421 -0.0028909663228633953 0.41431438043917623
v 0.08531532990972701 0.16855099425457018 0.5490797956815606
v 0.2117895138608772 0.14768875087936384 0.7791363182150239
v 0.2111201239126892 0.1654882528543642 0.8142586494871948
v 0.11112451304962079 -0.0167578330731173 0.5336137918055092
v 0.17860094803718585 -0.10695776964947014 0.6331424745872803
v 0.12032420664301047 -0.04825992262364733 0.671666138174347
v 0.09261850805688254 0.12261035366087886 0.7072566389823692
v 0.11112451304962079 -0.0167578330731173 0.5336137918055092
v 0.12032420664301047 -0.04825992262364733 0.671666138174347
v 0.17878315943219147 0.2743777513391564 0.6961051815145477
v 0.2839110132177691 0.27235023461795377 0.6643729213732653
v 0.17525827492941293 0.31824435475729707 0.5121490322392744
v 0.17878315943219147 0.2743777513391564 0.6961051815145477
v 0.35639586248109034 0.2005356361491526 0.6433749920487007
v 0.3825837884265826 0.029664766078795264 0.6216599753971869
v 0.28842034291281515 -0.10668731054894644 0.6060146727775915
v 0.166917126620178 -0.07655641954043418 0.5065110933371995
v 0.13310447037731543 -0.00019749415059985278 0.3102057507164914
v 0.12350174508612421 -0.0028909663228633953 0.41431438043917623
v 0.15981046498245444 -0.05527014411508028 0.3047916315064523
v 0.13310447037731543 -0.00019749415059985278 0.3102057507164914
v 0.14610372157163043 0.1377709053105848 0.2885008165380595
v 0.1684351525805483 0.18705122776466931 0.1541757840458521
v 0.19562679091930102 0.26608214164833927 0.24290932307314722
v 0.19562679091930102 0.26608214164833927 0.24290932307314722
v 0.21242722394107516 0.19331975614153052 0.13841911671645912
v 0.25061189568165165 0.2668275541067899 0.2231914512496409
v 0.2893608743840259 0.21387928899286263 0.2230095465042198
v 0.2713058828270609 0.06693212252932607 0.256868345780679
v 0.2156476181228245 -0.05804442996988502 0.288667801046711
v 0.36491628665664133 0.13429621113598417 0.7655685750146307
v 0.3742872988964474 0.0004702500706343564 0.7270131543925322
v 0.29628797703337706 0.188013559750444 0.7951278798532081
v 0.1402303098090668 0.07170553045798692 0.8047902287368256
v 0.29998024627610476 -0.10999017347252464 0.7081141492783778
v 0.20589148538057156 0.18780390391469182 0.8165957439209187
v 0.21581017488665477 -0.10958455246638403 0.7324016109039241
v 0.21979701027727838 -0.06341070017517166 0.7180445137058166
v 0.22082244856307387 -0.09388890579890577 0.7361646879059169
v 0.22337328888386576 -0.022864210951359265 0.7081498978698227
v 0.2666302859791303 -0.023482387381613422 0.6972737790768262
v 0.2946563297214433 0.09389695138127373 0.7208270116470026
v 0.33359842746857327 0.014469054286745041 0.7150589640321715
v 0.21814266849735364 0.12059822658651334 0.7470243805782909
v 0.18721182225916178 0.0014968502362380383 0.724492056621564
v 0.16531601178684796 0.06613666304093323 0.7705394345684569
v 0.2602171839725109 0.12055295479296545 0.7343381282752323
v 0.14666451185946505 -0.06099804531182979 0.7665857600724605
v 0.1402303098090668 0.07170553045798692 0.8047902287368256
v 0.29628797703337706 0.188013559750444 0.7951278798532081
v 0.36491628665664133 0.13429621113598417 0.7655685750146307
v 0.3742872988964474 0.0004702500706343564 0.7270131543925322
v 0.21581017488665477 -0.10958455246638403 0.7324016109039241
v 0.14666451185946505 -0.06099804531182979 0.7665857600724605
v 0.282797449466643 0.1401372614294245 0.7892136169076032
v 0.31926166297655545 0.11348280036601065 0.730450714581746
v 0.270913058424449 0.15143197744290407 0.750598925626763
v 0.2844192322100869 -0.07131171452138248 0.7080683666106927
v 0.21725859752464438 -0.06221470426363498 0.7115292491454832
v 0.27973403901456195 -0.058020507309281884 0.6931717931420444
v 0.20960479506243468 0.15151697646772752 0.7678052960588586
v 0.3396548254865073 0.006167351755069259 0.7298192804730154
v 0.3308405504187817 0.01864853035405487 0.7056622317077965
v 0.16384976736046886 0.07001117171911368 0.7597251250587594
v 0.21576642507836752 0.1409749474207599 0.8035296984518701
v 0.20960479506243468 0.15151697646772752 0.7678052960588586
v 0.16623788700466102 -0.04096349633518978 0.7531065839262598
v 0.16589483247932413 -0.024676307065274364 0.7342733020840161
v 0.3351631089635987 0.10188508364372217 0.765972699777618
v 0.16589483247932413 -0.024676307065274364 0.7342733020840161
v 0.16627081857016335 0.05999938391417768 0.7852234567130641
v 0.2931702369487976 -0.09622454426083425 0.7318295233595353
v 0.2186266582021118 -0.08174185311932534 0.729258832332947
v 0.23018487773422414 0.1421596579131532 0.8563119346088366
v 0.21576642507836752 0.1409749474207599 0.8035296984518701
v 0.16978896774823282 0.05454166079059692 0.8211649383891567
v 0.16364034644573144 -0.07025246870402198 0.7798746764404852
v 0.3624622740791228 -0.004952127500229468 0.7629494504588868
v 0.16623788700466102 -0.04096349633518978 0.7531065839262598
v 0.3083383670075601 0.14147909046480364 0.8463100371313851
v 0.2176985692002198 -0.03889493832837215 0.9891770920379456
v 0.29382448731755106 0.016000744855131584 0.990941618958794
v 0.22435959672124084 0.025935273348423268 0.9851302838138362
v 0.21213800730992827 -0.11513362161183038 0.7566454429006121
v 0.27099078287949885 -0.13232155769424425 0.7666352435465933
v 0.2047419502271275 -0.11957511995112156 0.7644499564273798
v 0.30159532349716134 0.07505106759293217 0.9146930844693805
v 0.2813277777732659 -0.10748081833532001 0.7516864545286313
v 0.33726289114513475 -0.08840287485046905 0.856259520086011
v 0.16092005012363075 -0.07882207287552286 0.7877648425124345
v 0.15547842929932998 -0.08636535949586227 0.796249624340164
v 0.3574086645824759 0.0381991955157128 0.8848165013660205
v 0.3452287239157692 -0.04204958807012582 0.8094329125523152
v 0.17249720903119714 0.01749317850348243 0.8563977260014987
v 0.15547842929932998 -0.08636535949586227 0.796249624340164
v 0.16523694622732066 -0.023712667424106732 0.8955283599491243
v 0.3489403646676159 -0.01978027076525644 0.9575831708295958
v 0.2607744277840607 -0.1465814876714405 0.7919814648429413
v 0.2088266564422847 -0.12650030973960805 0.798284056568978
v 0.20349931262062526 -0.13031064308733042 0.784734550828339
v 0.2607744277840607 -0.1465814876714405 0.7919814648429413
v 0.20349931262062526 -0.13031064308733042 0.784734550828339
v 0.16066030798866648 -0.10374209949699661 0.8138502823335143
v 0.2176985692002198 -0.03889493832837215 0.9891770920379456
v 0.22435959672124084 0.025935273348423268 0.9851302838138362
v 0.32094239471236463 -0.08040656592184746 0.967879406024525
v 0.27366867049778976 -0.05230270358519012 0.9969262343117449
v 0.2305443235365079 0.0808878825431763 0.9173861405184899
v 0.30791699198073896 -0.08167403811159304 0.9568392553585567
v 0.31404649509385596 -0.12308016790253384 0.8749787216368329
v 0.32094239471236463 -0.08040656592184746 0.967879406024525
v 0.1711579522976736 -0.0642312615908182 0.9059383771324261
v 0.22473409269599398 -0.04739530825507616 0.9725206950219376
v 0.2176985692002198 -0.03889493832837215 0.9891770920379456
v 0.27366867049778976 -0.05230270358519012 0.9969262343117449
v 0.1744334956757687 -0.10389305425202613 0.8227814421316256
v 0.16066030798866648 -0.10374209949699661 0.8138502823335143
v 0.2563110532691093 -0.13873064470644644 0.8070361659861671
v 0.26989721648624787 -0.057994502790871 0.9797909731327406
v 0.29793431688991956 -0.0602448546511054 0.9285429606716151
v 0.30052276774072406 -0.11782772432500158 0.8776851888259231
v 0.18499663058675897 -0.06941676208867419 0.9008657844016678
v 0.2336931474426429 -0.03386394187556722 0.9401789152619421
v 0.2691044449261326 -0.04136666058367723 0.9456056808512128
v 0.22054807348814431 -0.09847232820082705 0.8022464494894523
v 0.25758650323182697 -0.10700243698257364 0.8092950575941935
v 0.19353049560940638 -0.08065426200547424 0.8212500162415616
v 0.2633213043960636 -0.04116406968936458 0.9131435614876386
v 0.21493517872090973 -0.06747032379836433 0.8336799068326111
v 0.20191749479060994 -0.051855836259082716 0.8834470397500982
v 0.23255712764209957 -0.07891939416955832 0.8223714177206547
v 0.2813658949427478 -0.05380572458729462 0.9023287778316184
v 0.2914036447241086 -0.08934553561817016 0.8658931207360848
v 0.24038120566946541 -0.03719970587717272 0.9092898226199466
v 0.25598877096201234 -0.0843081226084239 0.82675981047209
v 0.29038899487877634 -0.09753666509868306 0.8744356595688577
v 0.2950382166719834 -0.01985451889918921 0.8928245138800416
v 0.29286976994120084 -0.07531445768145757 0.9319360170594083
v 0.2753069339251457 -0.005145043846154237 0.9095539255726758
v 0.23038054487748705 -0.04844821405989914 0.9437977539600274
v 0.2651600182393188 -0.056419558622213845 0.953850734026485
v 0.19772958313533096 -0.08050292367614637 0.8343829457253028
v 0.23836680713966163 -0.047173726028166565 0.8016558783246147
v 0.22288014986633908 -0.09898678943187665 0.8105183819903055
v 0.23038054487748705 -0.04844821405989914 0.9437977539600274
v 0.17156421754738194 -0.09840245761012098 0.9335936259550742
v 0.20602225796828577 -0.09021889909541415 1.00929497886389
v 0.251711094713708 -0.1621731768278069 0.83126355001648
v 0.2607173861402856 -0.10786486935636475 0.8222666970779416
v 0.2026981070034628 -0.05904677743531769 0.8922078506242084
v 0.16204490895468937 -0.12228256538675975 0.8475356707820907
v 0.1967481330763965 -0.14679540544362155 0.8121945915622252
v 0.293879293787197 -0.1282719367856179 0.9920800315489174
v 0.17370012014284453 -0.17732096872660286 0.819450388991089
v 0.16204490895468937 -0.12228256538675975 0.8475356707820907
v 0.06810005602016916 -0.4139416093107463 0.9343746174013189
v 0.05005690343550806 -0.4081147479920481 0.9391785718995881
v 0.06313740320941646 -0.4092292383272948 0.9225315316092881
v 0.2541402819572325 -0.10415362768595884 1.0251398027099181
v 0.18570515098336737 -0.138820983248731 1.0341303343563342
v 0.23733597463363454 -0.15646583190309252 1.0546990652182588
v 0.07968573094116749 -0.37102540789959243 0.8967168735191641
v 0.05628329389654185 -0.4064614672967174 0.9201375702591115
v 0.06268953391858484 -0.3611429590545579 0.8903466852457684
v 0.0503462541771027 -0.4056548069584675 0.9256384826710556
v 0.05185651663266455 -0.36777110668781887 0.9390016587450355
v 0.05155321840450422 -0.3591022130148273 0.9042032743977289
v 0.22908420348724257 -0.19491534749649495 0.8378870021441869
v 0.11453515035207973 -0.18938315251771878 0.86795539809277
v 0.12112614986763554 -0.236514530062079 0.8426701623485777
v 0.09322067141784712 -0.22645948910221347 0.8784661465626759
v 0.2814093467278178 -0.17932477014941617 1.0169940059653406
v 0.28893881390380516 -0.1948530764160284 0.9240049234688923
v 0.09123770688687916 -0.3839495072581024 0.929135006728474
v 0.06313740320941646 -0.4092292383272948 0.9225315316092881
v 0.15207242625789874 -0.13973008733980757 0.9477736965726057
v 0.2981704406849195 -0.15331987795193064 0.908411626721833
v 0.12427743991589302 -0.35415171525850003 0.9305525195041618
v 0.12372696123137406 -0.29955205323319356 0.8734067971262267
v 0.0994032971694328 -0.3356411731890442 0.8828155151826745
v 0.05624490850616448 -0.31886294122699127 0.8930656633774242
v 0.05155321840450422 -0.3591022130148273 0.9042032743977289
v 0.06830847110654847 -0.2748509335309658 0.8843636762874791
v 0.07375199927943943 -0.3237924871318456 0.8717452620348741
v 0.06021359428285966 -0.3289503331118259 0.9456342783287492
v 0.07786399697071317 -0.2918631585111033 0.9650293848443002
v 0.05624490850616448 -0.31886294122699127 0.8930656633774242
v 0.16615682468957838 -0.3279445340617249 0.9486683929347125
v 0.10901903862463591 -0.25286526613002197 0.9938022088107494
v 0.07786399697071317 -0.2918631585111033 0.9650293848443002
v 0.12427743991589302 -0.35415171525850003 0.9305525195041618
v 0.09123770688687916 -0.3839495072581024 0.929135006728474
v 0.06021359428285966 -0.3289503331118259 0.9456342783287492
v 0.05185651663266455 -0.36777110668781887 0.9390016587450355
v 0.18570515098336737 -0.138820983248731 1.0341303343563342
v 0.09007476068866038 -0.2818769548772783 0.8549557000316211
v 0.09322067141784712 -0.22645948910221347 0.8784661465626759
v 0.10901903862463591 -0.25286526613002197 0.9938022088107494
v 0.16337418191043618 -0.2587423642492105 0.8669241894566103
v 0.16615682468957838 -0.3279445340617249 0.9486683929347125
v 0.06810005602016916 -0.4139416093107463 0.9343746174013189
v 0.05005690343550806 -0.4081147479920481 0.9391785718995881
v 0.0503462541771027 -0.4056548069584675 0.9256384826710556
v 0.10901903862463591 -0.25286526613002197 0.9938022088107494
v 0.21568010265350102 -0.2904233462443976 0.9803723946923498
v 0.19749709522358105 -0.30273503266464197 1.0436595938271485
v 0.13297797442276826 -0.2788724306784784 1.0571201065681979
v 0.1620437168618205 -0.30528935308124727 1.0852493302521742
v 0.11062390109992243 -0.2795120760959356 1.0682522275097077
v 0.21224435689499166 -0.31845477349561585 1.0461180495116744
v 0.20433653434358823 -0.2894795558213633 1.0448132991460422
v 0.16757455093619478 -0.3414142205999232 1.0051722858111287
v 0.20269959711954888 -0.2931516270156607 0.9961657183006808
v 0.12270964407824769 -0.27200192995672057 1.0121985890807934
v 0.11620075740961522 -0.3255025731634063 1.0607542092759394
v 0.13990620956034483 -0.2685782311850506 1.0616232357031878
v 0.1763631662049181 -0.27543359816130975 1.070736309965375
v 0.16678765043345867 -0.3441969760542268 1.0452784626980716
v 0.14484043095617516 -0.33505132546071753 1.0668261358591797
v 0.08118635979623284 -0.39859509528787285 1.0391409814253119
v 0.07007629267700849 -0.44273376876632375 1.0115362900986005
v 0.09723616919138645 -0.404946446402966 1.0420928428219554
v 0.0707038625172407 -0.39201790536085707 1.0166576320098577
v 0.06433997159436405 -0.43832895606430833 1.0099971782779769
v 0.07468266618216035 -0.43553975944712797 0.993592012994778
v 0.0707038625172407 -0.39201790536085707 1.0166576320098577
v 0.10604915530869757 -0.40579859010001984 1.0058048207768924
v 0.10604915530869757 -0.40579859010001984 1.0058048207768924
v 0.07378267331907135 -0.4429711749241979 1.0062389870559147
v 0.07468266618216035 -0.43553975944712797 0.993592012994778
v 0.1085967695281631 -0.409680487723919 1.0290796002088651
v 0.06433997159436405 -0.43832895606430833 1.0099971782779769
v 0.058757244227292116 -0.42910656983900275 0.9987274288164509
v 0.07468266618216035 -0.43553975944712797 0.993592012994778
v 0.13622446053718484 -0.3811099834350963 1.0409318596935175
v 0.11867398503406373 -0.3741899708278435 1.0587962046710166
v 0.0852804909956345 -0.35801709093336703 1.0241854545187148
v 0.09640347742132516 -0.36586677908838655 1.0546779992902244
v 0.13631654971130447 -0.37760806678666603 1.0092264803455688
v 0.13631654971130447 -0.37760806678666603 1.0092264803455688
v 0.10258900889927869 -0.32003450932136523 1.0205948646095528
v 0.16757455093619478 -0.3414142205999232 1.0051722858111287
v 0.0852804909956345 -0.35801709093336703 1.0241854545187148
v 0.12270964407824769 -0.27200192995672057 1.0121985890807934
v 0.20269959711954888 -0.2931516270156607 0.9961657183006808
v 0.2913741404256043 -0.04107152897213703 0.8493525262925669
v 0.2672744929654636 -0.05219732320304667 0.8101495408337077
v 0.20602225796828577 -0.09021889909541415 1.00929497886389
v 0.24736006005048605 -0.00030727898589917276 0.9014436997651284
v 0.22387299931333204 -0.013629236074270797 0.8624403306149607
v 0.19772958313533096 -0.08050292367614637 0.8343829457253028
v 0.07378267331907135 -0.4429711749241979 1.0062389870559147
v 0.14659969180972066 -0.20818457886722652 0.8320931349401303
v 0.14020642324820698 -0.1555136803447053 0.8544751468089922
v 0.16510712731390154 -0.18000051542422704 1.0628387983704253
v 0.1620437168618205 -0.30528935308124727 1.0852493302521742
v 0.219075108638217 -0.19826075212189304 1.0840085825570898
v 0.20242896223599538 -0.22633997127003777 0.8515874921871707
v 0.13164764348460034 -0.17956049884707723 0.9725920037079382
v 0.16510712731390154 -0.18000051542422704 1.0628387983704253
v 0.11062390109992243 -0.2795120760959356 1.0682522275097077
v 0.11453515035207973 -0.18938315251771878 0.86795539809277
v 0.21224435689499166 -0.31845477349561585 1.0461180495116744
v 0.2652302921139382 -0.222176778996342 1.0446053871846985
v 0.21568010265350102 -0.2904233462443976 0.9803723946923498
v 0.2741965590224438 -0.23377030015626335 0.948369043072411
v 0.23018487773422414 0.1421596579131532 0.8563119346088366
v 0.36936425337126266 0.09928045847811717 0.8171994341720105
v 0.16364034644573144 -0.07025246870402198 0.7798746764404852
v 0.21842193115304553 -0.11026559249979069 0.7484988582556337
v 0.02371457166117641 -0.11332763097823652 0.11480833689639566
v 0.020437642475121254 -0.16957811705932518 -0.0959880054287459
v 0.16029497622784272 -0.11305532058220971 0.06374849588362623
v 0.1459232536124455 -0.0976452592726896 0.13067789184421438
v 0.07619003781251521 -0.06351558643595465 0.18774688859019478
v 0.08766522062573084 -0.10070839794679844 0.15251107323647928
v -0.008662223622302179 0.0035509646963535176 0.1108713119457503
v -0.03858750972328684 -0.08682077031041414 -0.12780700413944557
v -0.04829312753022175 -0.12481890845503225 -0.1225019462637513
v 0.22535052391848276 0.01693736573485389 0.1279585305285297
v 0.22995058678201008 0.04042593135935338 0.035698525674022395
v 0.23087501009833034 0.07970823268492944 0.0975445357292822
v 0.07763635938682345 0.031695377546293646 0.16726016108052383
v 0.06283591547230072 0.12784392640692332 0.0788622272600999
v 0.19125839640367626 0.07818663359646656 0.02541957955096957
v 0.02812090453235272 0.10852558111874455 0.05731115829165791
v 0.00516574073212428 -0.10172348461272544 -0.15064511689315255
v 0.2346744782922905 -0.020744151121458332 0.05053115116071512
v 0.019077613523357795 -0.13885988974413185 -0.1522106864075413
v 0.19403948946208893 -0.08224489094609076 0.06177724609601912
v -0.04829312753022175 -0.12481890845503225 -0.1225019462637513
v -0.04148067441253345 -0.15024991172867005 -0.10221740907323798
v -0.016618266330251097 -0.16553447513486552 -0.07567975039217141
v -0.003451764506434696 -0.07824147428856204 0.13037521630353238
v 0.18583155753094938 -0.06340280676808979 0.1434388827987229
v -0.01832309324317216 0.07707036837511035 0.09012006256248246
v 0.18583155753094938 -0.06340280676808979 0.1434388827987229
v 0.017079487061213983 -0.15870653368754137 -0.13017043574957493
v -0.04148067441253345 -0.15024991172867005 -0.10221740907323798
v -0.04148067441253345 -0.15024991172867005 -0.10221740907323798
v -0.003451764506434696 -0.07824147428856204 0.13037521630353238
v 0.07619003781251521 -0.06351558643595465 0.18774688859019478
v 0.19403948946208893 -0.08224489094609076 0.06177724609601912
v 0.00516574073212428 -0.10172348461272544 -0.15064511689315255
v -0.005947649345972028 -0.06405415067283897 -0.1264215575164067
v 0.005747362842842274 -0.06821157522859853 -0.13056837109270128
v 0.06893764282157322 0.10921289477125269 0.13409064121236644
v -0.01832309324317216 0.07707036837511035 0.09012006256248246
v 0.23087501009833034 0.07970823268492944 0.0975445357292822
v 0.18986662797927933 0.10848916340845635 0.06177256585930892
v 0.22995058678201008 0.04042593135935338 0.035698525674022395
v 0.20589148538057156 0.18780390391469182 0.8165957439209187
v 0.14666451185946505 -0.06099804531182979 0.7665857600724605
v 0.3013520173426265 0.0295758197207771 0.7049662861106731
v 0.18626173914383926 0.0651281776588438 0.7421983208452062
v 0.20589148538057156 0.18780390391469182 0.8165957439209187
v 0.29998024627610476 -0.10999017347252464 0.7081141492783778
v 0.2305443235365079 0.0808878825431763 0.9173861405184899
v 0.16092005012363075 -0.07882207287552286 0.7877648425124345
v 0.31404649509385596 -0.12308016790253384 0.8749787216368329
v 0.16066030798866648 -0.10374209949699661 0.8138502823335143
v 0.1711579522976736 -0.0642312615908182 0.9059383771324261
v 0.21984353170148574 -0.048539346141686056 0.8733148458708767
v 0.2773287830353799 -0.07203952163247895 0.862683407867165
v 0.24736006005048605 -0.00030727898589917276 0.9014436997651284
v 0.2191534887443447 -0.03246679896133305 0.8190746177190839
v 0.05005690343550806 -0.4081147479920481 0.9391785718995881
v 0.06810005602016916 -0.4139416093107463 0.9343746174013189
v 0.14020642324820698 -0.1555136803447053 0.8544751468089922
v 0.06830847110654847 -0.2748509335309658 0.8843636762874791
v 0.0503462541771027 -0.4056548069584675 0.9256384826710556
v 0.21568010265350102 -0.2904233462443976 0.9803723946923498
v 0.05628329389654185 -0.4064614672967174 0.9201375702591115
v 0.16660213098074195 -0.2930681091948683 1.0680738926250841
v 0.10258900889927869 -0.32003450932136523 1.0205948646095528
v 0.058757244227292116 -0.42910656983900275 0.9987274288164509
v 0.058757244227292116 -0.42910656983900275 0.9987274288164509
v 0.2191534887443447 -0.03246679896133305 0.8190746177190839
v 0.07007629267700849 -0.44273376876632375 1.0115362900986005
v 0.11062390109992243 -0.2795120760959356 1.0682522275097077
v 0.06893764282157322 0.10921289477125269 0.13409064121236644
v 0.017079487061213983 -0.15870653368754137 -0.13017043574957493
v -0.03858750972328684 -0.08682077031041414 -0.12780700413944557
v -0.03858750972328684 -0.08682077031041414 -0.12780700413944557
vt 0.18453235924243927 0.7288963794708252
vt 0.20985598862171173 0.7441070079803467
vt 0.18135161697864532 0.7379021644592285
vt 0.29069384932518005 0.6768006086349487
vt 0.26534411311149597 0.7170774936676025
vt 0.2604465186595917 0.6789898872375488
vt 0.24525484442710876 0.6228688955307007
vt 0.28193339705467224 0.6373533010482788
vt 0.24921247363090515 0.6423296928405762
vt 0.4665580689907074 0.7072759866714478
vt 0.4409477412700653 0.6655548810958862
vt 0.4796280562877655 0.6674768924713135
vt 0.24245138466358185 0.6031440496444702
vt 0.27904316782951355 0.6144969463348389
vt 0.2925407588481903 0.7172220945358276
vt 0.26500722765922546 0.7391459941864014
vt 0.3781587779521942 0.6088835000991821
vt 0.365416020154953 0.6334284543991089
vt 0.3700788915157318 0.6022403240203857
vt 0.1863926202058792 0.719318151473999
vt 0.21282000839710236 0.7314342260360718
vt 0.414677232503891 0.6415103673934937
vt 0.4246898591518402 0.6164360046386719
vt 0.4215753972530365 0.6472156047821045
vt 0.3856625258922577 0.650614857673645
vt 0.38198062777519226 0.6590744256973267
vt 0.3910057246685028 0.5999622344970703
vt 0.3881569802761078 0.5897568464279175
vt 0.18051524460315704 0.6806799173355103
vt 0.21028216183185577 0.69315505027771
vt 0.18427152931690216 0.7012797594070435
vt 0.19267602264881134 0.6435680389404297
vt 0.17616720497608185 0.6732807159423828
vt 0.16820283234119415 0.6687672138214111
vt 0.514302670955658 0.7520924657583237
vt 0.5443713068962097 0.7417691946029663
vt 0.5413421988487244 0.7545434087514877
vt 0.2139182835817337 0.7197492122650146
vt 0.20544345676898956 0.6622616052627563
vt 0.5199150443077087 0.7270604372024536
vt 0.5495080351829529 0.7263330221176147
vt 0.4638039767742157 0.7502518892288208
vt 0.4322877824306488 0.7072361707687378
vt 0.40653547644615173 0.5997931957244873
vt 0.41027674078941345 0.5904361009597778
vt 0.2953755557537079 0.7669532150030136
vt 0.3265473544597626 0.744518518447876
vt 0.33324429392814636 0.7667791694402695
vt 0.39814576506614685 0.7133351564407349
vt 0.4335019290447235 0.7527633756399155
vt 0.3981010615825653 0.75454281270504
vt 0.39918968081474304 0.672502875328064
vt 0.31886646151542664 0.6123447418212891
vt 0.28072890639305115 0.5874327421188354
vt 0.3255086839199066 0.5850530862808228
vt 0.3192788064479828 0.6377053260803223
vt 0.32248255610466003 0.6787152290344238
vt 0.3224317729473114 0.7177203893661499
vt 0.29369136691093445 0.7439191341400146
vt 0.23562367260456085 0.7513841390609741
vt 0.26312991976737976 0.7595826238393784
vt 0.23893149197101593 0.7345662117004395
vt 0.4899248778820038 0.7483397722244263
vt 0.49523064494132996 0.7129648923873901
vt 0.5294522643089294 0.6995784044265747
vt 0.5074517130851746 0.678398847579956
vt 0.21662886440753937 0.6225769519805908
vt 0.20177777111530304 0.6511286497116089
vt 0.22384090721607208 0.6355459690093994
vt 0.22787590324878693 0.6491477489471436
vt 0.23504967987537384 0.682708740234375
vt 0.23976822197437286 0.7185174226760864
vt 0.3505718410015106 0.6435457468032837
vt 0.34880849719047546 0.6801165342330933
vt 0.353255957365036 0.6188662052154541
vt 0.37195703387260437 0.7182116508483887
vt 0.34905025362968445 0.7158486843109131
vt 0.36836370825767517 0.6854236125946045
vt 0.35298702120780945 0.7399969100952148
vt 0.4014112651348114 0.6506494283676147
vt 0.4033990800380707 0.6593471765518188
vt 0.3994081914424896 0.6412883996963501
vt 0.3893950879573822 0.641533374786377
vt 0.3848038613796234 0.6150103807449341
vt 0.3740369975566864 0.6316769123077393
vt 0.4024829566478729 0.6088036298751831
vt 0.4078962504863739 0.635492205619812
vt 0.41674503684043884 0.6189333200454712
vt 0.39290472865104675 0.6092026233673096
vt 0.42468056082725525 0.6500378847122192
vt 0.4281063973903656 0.6148818731307983
vt 0.3869114816188812 0.5840941667556763
vt 0.3667665421962738 0.5984411239624023
vt 0.36164435744285583 0.6340327262878418
vt 0.40458163619041443 0.6636501550674438
vt 0.3591324985027313 0.7634049504995346
vt 0.5137693881988525 0.4481685161590576
vt 0.5112847089767456 0.4683932065963745
vt 0.5035586357116699 0.45151078701019287
vt 0.5389982461929321 0.5118082463741302
vt 0.5401986837387085 0.5295754373073578
vt 0.5342010259628296 0.5130691230297089
vt 0.4973045587539673 0.43357396125793457
vt 0.5296107530593872 0.4889639616012573
vt 0.5230392217636108 0.49151504039764404
vt 0.6605337858200073 0.46368688344955444
vt 0.6662319898605347 0.4400433897972107
vt 0.6730622053146362 0.4449816346168518
vt 0.5456258058547974 0.547267884016037
vt 0.5392597913742065 0.5472418963909149
vt 0.520736813545227 0.4650740623474121
vt 0.6485079526901245 0.48466724157333374
vt 0.6548143625259399 0.4607202410697937
vt 0.5459654331207275 0.5093273818492889
vt 0.5468158721923828 0.5288549363613129
vt 0.5232495069503784 0.4243677854537964
vt 0.5067501068115234 0.42941606044769287
vt 0.6493996381759644 0.4535917639732361
vt 0.5545057058334351 0.5481900870800018
vt 0.5364828109741211 0.482263445854187
vt 0.6425102949142456 0.4841112494468689
vt 0.5289944410324097 0.44429171085357666
vt 0.5951817035675049 0.4264894723892212
vt 0.5743144750595093 0.44116532802581787
vt 0.5765955448150635 0.4220534563064575
vt 0.5575003623962402 0.5297128856182098
vt 0.5610493421554565 0.5139109790325165
vt 0.5610251426696777 0.5310615003108978
vt 0.5505697727203369 0.4408935308456421
vt 0.553307294845581 0.5114253461360931
vt 0.5679537057876587 0.48487401008605957
vt 0.5581724643707275 0.5481425225734711
vt 0.5626521110534668 0.54840287566185
vt 0.5513472557067871 0.4585181474685669
vt 0.551888108253479 0.48393046855926514
vt 0.6354023218154907 0.4547721743583679
vt 0.6265567541122437 0.4841957688331604
vt 0.6212042570114136 0.45575398206710815
vt 0.5724565982818604 0.45691347122192383
vt 0.49282509088516235 0.5614408552646637
vt 0.5085614323616028 0.5623086988925934
vt 0.5087340474128723 0.5665089190006256
vt 0.5689880847930908 0.5151060521602631
vt 0.5671837329864502 0.5312733352184296
vt 0.6200885772705078 0.4839347004890442
vt 0.6017308235168457 0.4377385973930359
vt 0.6136859655380249 0.4275814890861511
vt 0.5882155895233154 0.4623507261276245
vt 0.5926456451416016 0.44433724880218506
vt 0.6368390321731567 0.4282531142234802
vt 0.49471431970596313 0.5134893953800201
vt 0.48473742604255676 0.5357998907566071
vt 0.49220138788223267 0.5095271170139313
vt 0.5309028029441833 0.5349655449390411
vt 0.5209937691688538 0.5134308636188507
vt 0.5241993069648743 0.5088864862918854
vt 0.5083838105201721 0.5037491619586945
vt 0.5213828682899475 0.557479053735733
vt 0.5242393612861633 0.5611397325992584
vt 0.4953199028968811 0.5574081242084503
vt 0.507997453212738 0.5088731348514557
vt 0.4996693730354309 0.521464616060257
vt 0.48846617341041565 0.5357978641986847
vt 0.526905357837677 0.5354310572147369
vt 0.5159725546836853 0.521509200334549
vt 0.5078795552253723 0.5181960165500641
vt 0.5082764029502869 0.5544266998767853
vt 0.5004079937934875 0.5509213507175446
vt 0.5159028172492981 0.5510280430316925
vt 0.5077596306800842 0.5257649719715118
vt 0.5126209855079651 0.5459288656711578
vt 0.5192516446113586 0.536401778459549
vt 0.5080264210700989 0.5477533638477325
vt 0.5029474496841431 0.5276392996311188
vt 0.49631398916244507 0.5365222990512848
vt 0.512532651424408 0.5277637541294098
vt 0.503319501876831 0.5457299053668976
vt 0.5191950798034668 0.6173975467681885
vt 0.5018917322158813 0.5986865758895874
vt 0.5239366292953491 0.5982977151870728
vt 0.5015223026275635 0.589106559753418
vt 0.5198496580123901 0.5738999843597412
vt 0.5239676237106323 0.5854730606079102
vt 0.5002416372299194 0.6588376760482788
vt 0.4924764633178711 0.6393004655838013
vt 0.5082821846008301 0.6484361886978149
vt 0.755089521408081 0.6201587915420532
vt 0.7295644283294678 0.6279309988021851
vt 0.7319729328155518 0.600011944770813
vt 0.5325251817703247 0.6433283090591431
vt 0.5139137506484985 0.6361843347549438
vt 0.7512853145599365 0.6378465890884399
vt 0.7279324531555176 0.6570618152618408
vt 0.5260212421417236 0.660791277885437
vt 0.5519775152206421 0.5949386358261108
vt 0.5379420518875122 0.6697597503662109
vt 0.5157673358917236 0.6769735813140869
vt 0.6027023792266846 0.4560440182685852
vt 0.6027023792266846 0.4627225995063782
vt 0.5981330871582031 0.4571458697319031
vt 0.5552855730056763 0.5792380571365356
vt 0.5742939710617065 0.559685230255127
vt 0.5754567384719849 0.5800304412841797
vt 0.6141384840011597 0.6936470866203308
vt 0.6303156614303589 0.7004347443580627
vt 0.6103489398956299 0.7000904679298401
vt 0.6162940263748169 0.6520036458969116
vt 0.6292998790740967 0.644537091255188
vt 0.6338357925415039 0.6559004783630371
vt 0.5441890954971313 0.651329517364502
vt 0.5455502271652222 0.6968348622322083
vt 0.5627449750900269 0.6862791180610657
vt 0.5610305070877075 0.7033055424690247
vt 0.5699228048324585 0.598030686378479
vt 0.5567244291305542 0.6221683025360107
vt 0.6242355108261108 0.6848133206367493
vt 0.6314886808395386 0.6977975964546204
vt 0.7117140293121338 0.6262606382369995
vt 0.5420483350753784 0.6178892850875854
vt 0.613762378692627 0.6723142862319946
vt 0.5863891839981079 0.6811601519584656
vt 0.600014328956604 0.6882227063179016
vt 0.5965149402618408 0.7082030177116394
vt 0.6120387315750122 0.7062856554985046
vt 0.5797237157821655 0.7077842354774475
vt 0.5952070951461792 0.6981045603752136
vt 0.6425402164459229 0.6400169134140015
vt 0.6544638872146606 0.6314734220504761
vt 0.6482574939727783 0.6574170589447021
vt 0.6705186367034912 0.6646771430969238
vt 0.6744762659072876 0.6992090344429016
vt 0.6572980880737305 0.6952723860740662
vt 0.6536129713058472 0.6665199995040894
vt 0.6386678218841553 0.6663113832473755
vt 0.6442136764526367 0.6886894106864929
vt 0.6331058740615845 0.6802171468734741
vt 0.7108721733093262 0.5948529243469238
vt 0.5792974233627319 0.6943965554237366
vt 0.6809134483337402 0.6574224233627319
vt 0.6670650243759155 0.6191153526306152
vt 0.5714622735977173 0.6695218086242676
vt 0.6072026491165161 0.6550343036651611
vt 0.6254739761352539 0.6638507843017578
vt 0.6225365400314331 0.6698492765426636
vt 0.5981066226959229 0.4618125557899475
vt 0.6221318244934082 0.5210248827934265
vt 0.5826288461685181 0.5210248827934265
vt 0.5901119709014893 0.4991181492805481
vt 0.6138718128204346 0.4974960684776306
vt 0.6025898456573486 0.4851391911506653
vt 0.6215224266052246 0.49376994371414185
vt 0.5831586122512817 0.4963865876197815
vt 0.5776425004005432 0.5457174181938171
vt 0.608870804309845 0.5514190793037415
vt 0.5776425004005432 0.5514190793037415
vt 0.5776425004005432 0.5281659960746765
vt 0.608870804309845 0.5351132750511169
vt 0.5776425004005432 0.5351132750511169
vt 0.5776425004005432 0.5408143401145935
vt 0.608870804309845 0.5457174181938171
vt 0.608870804309845 0.5408143401145935
vt 0.6566111445426941 0.5351132750511169
vt 0.6873419880867004 0.5408143401145935
vt 0.6566111445426941 0.5408143401145935
vt 0.6566111445426941 0.5281659960746765
vt 0.6873419880867004 0.5351132750511169
vt 0.6846194267272949 0.4979212284088135
vt 0.6701363325119019 0.5195246934890747
vt 0.6701363325119019 0.4979212284088135
vt 0.6566111445426941 0.5514190793037415
vt 0.6873419880867004 0.5457174181938171
vt 0.6873419880867004 0.5514190793037415
vt 0.6566111445426941 0.5457174181938171
vt 0.5978753566741943 0.4684109091758728
vt 0.6028709411621094 0.46656566858291626
vt 0.6028709411621094 0.47279638051986694
vt 0.633547842502594 0.5457174181938171
vt 0.633547842502594 0.5408143401145935
vt 0.633547842502594 0.5281659960746765
vt 0.633547842502594 0.5351132750511169
vt 0.633547842502594 0.5514190793037415
vt 0.6592669486999512 0.4979212284088135
vt 0.647637128829956 0.5195246934890747
vt 0.647637128829956 0.4979212284088135
vt 0.6592669486999512 0.5195246934890747
vt 0.6329195499420166 0.5195246934890747
vt 0.6329195499420166 0.4979212284088135
vt 0.499472975730896 0.614441990852356
vt 0.49637365341186523 0.629952073097229
vt 0.5508333444595337 0.5627647638320923
vt 0.7725236415863037 0.6296752691268921
vt 0.7684849500656128 0.6432868242263794
vt 0.7489616870880127 0.6564798355102539
vt 0.5979326963424683 0.47234266996383667
vt 0.5509216785430908 0.6788683533668518
vt 0.5302668809890747 0.6869217753410339
vt 0.596946120262146 0.562200665473938
vt 0.6306113004684448 0.5913454294204712
vt 0.593819260597229 0.5830917358398438
vt 0.5569926500320435 0.6590007543563843
vt 0.6935410499572754 0.621991753578186
vt 0.6910824775695801 0.5897126197814941
vt 0.6548241376876831 0.5950196981430054
vt 0.6959872245788574 0.6576759815216064
vt 0.6198713779449463 0.6137118339538574
vt 0.5868462324142456 0.6008769273757935
vt 0.6003748178482056 0.6331926584243774
vt 0.5720601081848145 0.6247328519821167
vt 0.6595412492752075 0.4275814890861511
vt 0.5324195623397827 0.45871663093566895
vt 0.6341152191162109 0.4828111529350281
vt 0.5544561147689819 0.5283615291118622
vt 0.4791529178619385 0.6112108826637268
vt 0.44479238986968994 0.6481698155403137
vt 0.4464534521102905 0.5969495177268982
vt 0.4605022668838501 0.5865920186042786
vt 0.48564040660858154 0.584464967250824
vt 0.47464191913604736 0.5931585431098938
vt 0.3339877724647522 0.5205257833003998
vt 0.2775966227054596 0.5641013383865356
vt 0.28198206424713135 0.5741007924079895
vt 0.3916337192058563 0.4849392771720886
vt 0.4073222279548645 0.46599066257476807
vt 0.3864719569683075 0.46744728088378906
vt 0.35761314630508423 0.5038270354270935
vt 0.44542571902275085 0.5223879218101501
vt 0.45706772804260254 0.5526632368564606
vt 0.43461111187934875 0.521299421787262
vt 0.48980408906936646 0.4755783677101135
vt 0.41194581985473633 0.4820029139518738
vt 0.4879356622695923 0.48560041189193726
vt 0.43798816204071045 0.5882930159568787
vt 0.5065914392471313 0.48356789350509644
vt 0.4557856321334839 0.6615750193595886
vt 0.45423436164855957 0.6512334942817688
vt 0.4920302629470825 0.611731231212616
vt 0.45581352710723877 0.5730317234992981
vt 0.32213976979255676 0.5027493238449097
vt 0.3976898193359375 0.5084638297557831
vt 0.48860299587249756 0.49274736642837524
vt 0.5064535737037659 0.4926331043243408
vt 0.28970617055892944 0.5791171491146088
vt 0.34604597091674805 0.540523886680603
vt 0.3701018691062927 0.5273400843143463
vt 0.4205518364906311 0.5001238286495209
vt 0.38273000717163086 0.574177473783493
vt 0.3879258632659912 0.5631719529628754
vt 0.3893241286277771 0.5662291347980499
vt 0.4546705186367035 0.509377121925354
vt 0.424923837184906 0.5069281458854675
vt 0.4791826903820038 0.5474615097045898
vt 0.46308135986328125 0.5428550839424133
vt 0.46539753675460815 0.565080314874649
vt 0.3591324985027313 0.594709038734436
vt 0.3740151822566986 0.7518371343612671
vt 0.38239166140556335 0.6293939352035522
vt 0.4088455140590668 0.621137261390686
vt 0.41187867522239685 0.5847681760787964
vt 0.38041767477989197 0.6636754274368286
vt 0.5497046709060669 0.4220534563064575
vt 0.6306480169296265 0.4833727478981018
vt 0.5794012546539307 0.48969292640686035
vt 0.5692728757858276 0.5466103255748749
vt 0.6121159791946411 0.4600955843925476
vt 0.5144668221473694 0.5368615686893463
vt 0.5010858178138733 0.5368005335330963
vt 0.4988325834274292 0.5797704458236694
vt 0.48629358410835266 0.6470218896865845
vt 0.614784836769104 0.6475615501403809
vt 0.6353143453598022 0.6943845152854919
vt 0.7123254537582397 0.6583117246627808
vt 0.6635510921478271 0.6583117246627808
vt 0.631125807762146 0.7033397555351257
vt 0.6917092800140381 0.664004921913147
vt 0.5966947078704834 0.45939260721206665
vt 0.6020523309707642 0.4924326539039612
vt 0.608870804309845 0.5281659960746765
vt 0.6873419880867004 0.5281659960746765
vt 0.6846194267272949 0.5195246934890747
vt 0.7654742002487183 0.6574053764343262
vt 0.5965257883071899 0.4706191420555115
vt 0.6353143453598022 0.5699528455734253
vt 0.34460291266441345 0.48526620864868164
vt 0.43798816204071045 0.6554064154624939
vt 0.5042849779129028 0.4724283814430237
vt 0.3775961399078369 0.5609510242938995
vn -0.5945283366332181 -0.7966104622201327 0.10930612252552675
vn -0.9683803379704975 -0.12930927754802163 0.21335095915452068
vn -0.9656470860383214 -0.012122804839995546 0.2595741567038412
vn 0.9585577697152229 -0.1904884774004141 -0.2118516983558306
vn 0.4335351485520319 -0.8696621242753318 -0.23608274941402452
vn 0.8975045472757124 -0.23893698574041244 -0.3706679166918883
vn 0.3812473512712127 0.8907360652098684 -0.24746660235903656
vn 0.9087475490402926 0.4116014406093504 -0.06900830530862397
vn 0.913001435122731 0.3105297609497289 -0.26457446405187707
vn -0.9545205800614699 0.20503857329026945 -0.21644778978360035
vn -0.4664425366647251 0.8828344680277769 0.05508776680796588
vn -0.523145344411393 0.8272442554526047 -0.20490458862931946
vn -0.523145344411393 0.8272442554526047 -0.20490458862931946
vn 0.4466395731499648 0.8935358113645222 0.045900386769198456
vn 0.42792250445141455 -0.8739283786333518 -0.23050275313607418
vn -0.49197810471407094 -0.8656529265913013 -0.09274996046288048
vn -0.41404049034589396 -0.515687048569664 0.7500915546062634
vn -0.07095576392087291 -0.21528964451349827 0.973969018260672
vn 0.0751543589670812 -0.35896391523491566 0.9303207672020802
vn 0.28701159177763713 -0.9311635802081055 -0.22485269195473281
vn -0.5478083536168807 -0.8290600661912242 0.11209555903141441
vn 0.774564403049026 0.12416129515305488 0.6201886473608029
vn 0.5430894514218495 -0.3144750185281509 0.778562335639243
vn 0.5007555745722658 -0.08496690094902183 0.8614084282603225
vn -0.09220556926440981 0.27412376537000055 0.9572639626853187
vn 0.16931635754618624 -0.12977018754542222 0.9769808951518542
vn -0.055835478700703246 -0.7952205911387561 0.6037438287446015
vn 0.14434135893797817 -0.4409498151207348 0.885849215524249
vn 0.7873359693559594 0.07013038266039104 -0.6125224900248307
vn 0.8636410916695171 -0.35902533592776903 -0.35387126605848823
vn 0.8484875183397979 -0.4056089311372396 -0.33992694244981114
vn -0.6992524648227793 0.6108366054985209 -0.3713820564086427
vn 0.0021955577289666105 0.6278943701475064 -0.7782954705401576
vn -0.8073270347997858 0.5376527527271302 -0.24321302672004358
vn -0.9683803379704975 -0.12930927754802163 0.21335095915452068
vn -0.9193445742121235 0.3750747812302701 0.11884638131552173
vn -0.9656470860383214 -0.012122804839995546 0.2595741567038412
vn 0.4076461681049158 -0.8929079243416203 -0.19115449321770606
vn 0.779900059173524 0.07957899735424792 -0.6208245169782087
vn -0.9600875071352586 0.2713685487094427 0.06775757827826687
vn -0.8073270347997858 0.5376527527271302 -0.24321302672004358
vn -0.9281765021024094 -0.3515724662194661 -0.12200484392555037
vn -0.9726332511457734 0.23093648041314999 -0.025551923215085967
vn 0.49961701944780035 -0.7176795110084426 0.48509684946078446
vn 0.2600391519016708 -0.3694950991779353 0.8921059416693443
vn -0.912926244244895 -0.39928544401154503 -0.08447962339767957
vn -0.40926466975984893 -0.911414122290306 -0.042740236032958276
vn -0.8702334491881024 -0.4819253995339585 0.10218440780379826
vn -0.9432927768055688 0.15473112453621962 0.2936954482558357
vn -0.912926244244895 -0.39928544401154503 -0.08447962339767957
vn -0.8702334491881024 -0.4819253995339585 0.10218440780379826
vn -0.3997263284839068 0.8217250101293885 0.406185758052436
vn 0.43642587792442256 0.8459992008773961 0.3062969232504696
vn -0.4664425366647251 0.8828344680277769 0.05508776680796588
vn -0.3997263284839068 0.8217250101293885 0.406185758052436
vn 0.8840191766178679 0.45337904358398184 0.11383118294536283
vn 0.9726409148282344 -0.21966778594700898 -0.07560234532892844
vn 0.4372608685487639 -0.8835406618813147 -0.1678059344549793
vn -0.4661160139580296 -0.8700905795593552 -0.16024432874190414
vn -0.9770740967595618 -0.2073243500966016 0.048402719949482864
vn -0.9281765021024094 -0.3515724662194661 -0.12200484392555037
vn -0.5292939187216722 -0.8449243208379401 0.07714168562328384
vn -0.9770740967595618 -0.2073243500966016 0.048402719949482864
vn -0.9654756886062211 0.221449967312411 -0.13717363699951715
vn -0.6992524648227793 0.6108366054985209 -0.3713820564086427
vn -0.5921024199069387 0.7217449101995579 -0.358467584226774
vn -0.5921024199069387 0.7217449101995579 -0.358467584226774
vn 0.17041787709537057 0.6269383459239364 -0.7602013270025685
vn 0.3055289183999181 0.7815503429236812 -0.5439036141608663
vn 0.8655913603568435 0.19574428127689927 -0.4609075538792778
vn 0.860104987820215 -0.2998455575088873 -0.41268880717675405
vn 0.4518170346224562 -0.8637725484412718 -0.2230658014672818
vn 0.7908822675774771 0.1924544721082148 0.5809186819143072
vn 0.8004152221091401 -0.34422387236722785 0.490760020690853
vn 0.42326893575948926 0.4690432197446312 0.7751399009421581
vn -0.5142952237375218 -0.09492493007506045 0.8523436399076474
vn 0.46500590229005595 -0.8062664908864237 0.36565537943411075
vn -0.2053340621552221 0.4370134000963218 0.8757038375244722
vn -0.08080175629573207 -0.826931635668901 0.55646666217257
vn 0.4114610411910724 0.35579479675658 0.8391125515584321
vn 0.3415438737710188 0.027185346512462197 0.9394725856694721
vn 0.3888921630268259 0.1908135044484451 0.9013063253169922
vn -0.032578196611214964 0.11691031469572563 0.9926079988713106
vn -0.3346597247944756 -0.44933060111612716 0.8283144810403268
vn -0.46948164891102023 -0.07794789083663221 0.8794948025144377
vn 0.48094755125557553 -0.623906508335725 0.6159789946074374
vn 0.6881350797141377 -0.0024810661943892474 0.7255783599152861
vn 0.8403488686195721 -0.30209027081218204 0.450061381691906
vn -0.012227468493014914 -0.7121871986992178 0.7018830978326898
vn -0.4956996061093692 -0.5354872335687959 0.6837655469441657
vn -0.5142952237375218 -0.09492493007506045 0.8523436399076474
vn 0.42326893575948926 0.4690432197446312 0.7751399009421581
vn 0.7908822675774771 0.1924544721082148 0.5809186819143072
vn 0.8004152221091401 -0.34422387236722785 0.490760020690853
vn -0.08080175629573207 -0.826931635668901 0.55646666217257
vn -0.4956996061093692 -0.5354872335687959 0.6837655469441657
vn 0.31191414786948185 0.9501102312996165 -0.00033576575814137105
vn 0.8057960600392985 0.5694503155512426 -0.1625393729031012
vn 0.35824412340824846 0.9200157245831749 0.15884651259360807
vn 0.3408290735808706 -0.6069526039623283 -0.7179443426515417
vn -0.41269837647299773 -0.6414639630577292 -0.6466869676704672
vn 0.39597773901220235 -0.6265302381836169 -0.6713132583588415
vn -0.4262585889581568 0.8459327646986687 0.3204705492688339
vn 0.8536673935154575 -0.11589025178580788 -0.507761194647195
vn 0.9085932247864948 -0.10982815628758365 -0.4029840294087947
vn -0.9522948268405049 0.2406332948478601 0.18769704361943426
vn -0.5066305776978974 0.8344908350594018 0.2166806496744853
vn -0.4262585889581568 0.8459327646986687 0.3204705492688339
vn -0.9155050547840015 -0.2723176793936451 -0.2961310118082916
vn -0.9378209893598486 -0.2748376530265766 -0.21202843298708327
vn 0.7677786482794228 0.5549436546926684 -0.32023973420324814
vn -0.9378209893598486 -0.2748376530265766 -0.21202843298708327
vn -0.9661902012327088 0.2118103872265815 0.14701311133644895
vn 0.47166997712804354 -0.7287835175526453 -0.4963889777378463
vn -0.4008544144559269 -0.5797267767526835 -0.709388893856635
vn -0.3785320980449635 0.8360829637673123 0.3970878094927433
vn -0.5066305776978974 0.8344908350594018 0.2166806496744853
vn -0.9379703997942106 0.2677760780875106 0.22024418519897485
vn -0.9069033655812458 -0.1672810202247757 -0.3867083471687254
vn 0.9336342996182719 -0.19253643949970217 -0.3020872622953114
vn -0.9155050547840015 -0.2723176793936451 -0.2961310118082916
vn 0.3741370108203942 0.8807906797321238 0.2902228034310945
vn -0.5131181079349658 -0.36247658135424554 0.7780234799021042
vn 0.3184484565843026 0.40841634568787505 0.8554453045484776
vn -0.44624529697901094 0.46410496934109996 0.7651612329156586
vn -0.3711596947186584 -0.6043758817465855 -0.7049611865765303
vn 0.3549572065334007 -0.7494572965159231 -0.5588552068550928
vn -0.4788046946261274 -0.6270408660705576 -0.6144638448936323
vn 0.3895741436834577 0.670532037207188 0.6313626324483252
vn 0.46606041644640106 -0.7686509983403949 -0.4381362013941797
vn 0.8937079011390019 -0.43983641236819504 -0.08848795283424184
vn -0.8643418644366982 -0.05497652300575996 -0.49989071135628166
vn -0.9322715013293829 -0.17973618446162756 -0.3139502377833695
vn 0.920354598684703 0.20852116533545417 0.330856972553192
vn 0.9179903304631709 -0.38898982029241513 -0.07733481030553302
vn -0.9416648002345344 0.25954008207327056 0.21425767150012306
vn -0.9322715013293829 -0.17973618446162756 -0.3139502377833695
vn -0.9492941059410216 0.16202935762963505 0.2694200951892128
vn 0.863468534031263 0.036916541694460334 0.5030499574467954
vn 0.1097481682168969 -0.9907640207388615 -0.07963664220948004
vn -0.16078423183831528 -0.6936971092423128 0.7020916973024406
vn -0.4266460698759107 -0.8969070812548103 -0.11632204715537181
vn 0.1097481682168969 -0.9907640207388615 -0.07963664220948004
vn -0.4266460698759107 -0.8969070812548103 -0.11632204715537181
vn -0.7505087229875318 -0.6526594047509066 0.103789971142767
vn -0.5131181079349658 -0.36247658135424554 0.7780234799021042
vn -0.44624529697901094 0.46410496934109996 0.7651612329156586
vn 0.43289083741003287 -0.6627356822704343 0.6110539569726902
vn -0.004534889855669779 -0.4695569833207029 0.8828905221989634
vn -0.4296905645231 0.6755984129085991 0.5991100092931194
vn -0.5220187141160637 -0.8148329781436758 0.2520787175509248
vn 0.41054161869567274 -0.891759711066548 0.19031604513872113
vn 0.43289083741003287 -0.6627356822704343 0.6110539569726902
vn -0.7276225775406531 -0.5323408362551025 0.4326414435861578
vn -0.08201263141304684 -0.9888757608744512 0.12409132864017049
vn -0.5131181079349658 -0.36247658135424554 0.7780234799021042
vn -0.004534889855669779 -0.4695569833207029 0.8828905221989634
vn 0.07565035794494482 -0.8354222023984555 0.5443774123551743
vn -0.7505087229875318 -0.6526594047509066 0.103789971142767
vn -0.4179028064782311 -0.653175324828052 0.6314421900486117
vn -0.36091811384027417 -0.9303951992065884 0.06405379298145902
vn -0.7994021757662942 -0.5987943915339844 0.04900446966920797
vn -0.631659388214693 -0.6310466983098706 0.4503182006453335
vn 0.261639761446001 -0.9302488301499845 0.2572581373544191
vn 0.2009685392632126 -0.9693911571101718 -0.14104052872494713
vn -0.39365641138849994 -0.896234267108078 -0.2044474705981329
vn 0.013872630394663493 -0.4046004593682428 0.9143883301994508
vn -0.5470967465075672 -0.25965231430745045 0.7957800108293871
vn 0.47240052224383333 -0.6521687816238059 0.5928858463980012
vn -0.3599931362041902 -0.9298891463079403 0.07557193569415514
vn 0.2043372556639132 -0.8233153013308623 0.5295263926776567
vn 0.5566259416915004 -0.8188056414458998 0.1404453009980009
vn -0.13690070011362016 -0.6622885668269647 0.7366356307963156
vn -0.6726823239524227 -0.6952585544838501 0.2532074909219609
vn -0.8505801761804112 -0.31539463856160627 0.420760722805129
vn 0.0823140207083827 -0.9889055743679259 0.12365341474808693
vn -0.5276302740988648 -0.5392481854140977 0.6563670378545525
vn 0.9545159260761358 -0.10267311443592524 -0.2799242369625116
vn 0.9487599971915828 0.1641098387381473 0.27004153117320157
vn 0.9372740638133702 0.23983828944597063 0.2529721807203334
vn 0.35414690897704515 0.5829057982432002 0.7313007570326057
vn -0.4060358944320737 0.7720086100507477 0.4890169306274154
vn 0.3999848366303429 0.6639724909272456 0.6317852971996631
vn -0.791087734050129 0.3649844563569171 -0.4908834318382299
vn -0.25575264614307847 -0.09404606898621325 -0.962156910747438
vn -0.17509949812384193 -0.028669050525109995 -0.9841332487517974
vn -0.4060358944320737 0.7720086100507477 0.4890169306274154
vn -0.8078771116533606 0.5748376378772457 0.12998562438335995
vn -0.41400164399704037 0.7078023385656397 0.5723796714496066
vn 0.5843034149796145 -0.347809896924387 -0.7332242459470418
vn 0.6103175559868381 -0.2333916792090245 -0.7569945871208358
vn -0.8121813034388807 0.5779864984724302 0.07932930056353808
vn -0.7836979995519795 0.44867969195764695 -0.42953926423904104
vn -0.17932961421218255 -0.02375699325915848 -0.9835021579731251
vn 0.9090191754714874 0.16708957373352532 0.3817921070094115
vn -0.25240685340075436 -0.11597803435358436 -0.960645551649415
vn -0.7836979995519795 0.44867969195764695 -0.42953926423904104
vn 0.3730225543599892 -0.852126236089839 0.3670627353819959
vn -0.5805255851678056 -0.51460876439185 0.6310054394192418
vn 0.1420411201267469 -0.8367642334930805 -0.5288193810176368
vn 0.3571140413478607 0.5531706759475579 0.7526431855427382
vn -0.5067034923355862 0.6070350766217614 0.6121764342129911
vn 0.3292341802716304 0.41519375227952604 0.8480678054312139
vn 0.3389940430460834 -0.5778789317081369 -0.7423873510958634
vn -0.36290523297934324 -0.6872527411263587 -0.6292721682154033
vn -0.4122851278438929 -0.3539316051324642 -0.8394959155630849
vn -0.8041591935760378 -0.5214676141752139 -0.28530600896852326
vn -0.6653363521084652 -0.000936345521674374 0.7465431412986554
vn -0.9512566842750526 -0.04005770117518102 -0.30578767339216417
vn 0.43049433395215725 -0.5523904477408613 -0.7138203006918052
vn -0.8325023848073013 0.44100270861132035 -0.3353451808027585
vn -0.2977735380830696 -0.09119192287186363 -0.9502709893606258
vn -0.8784117930346153 0.41351294859415005 -0.23958247682725878
vn 0.9018145336423053 -0.043843151526636794 0.4298933879181252
vn 0.8903383870287696 -0.4027417793062371 -0.21235963784169373
vn 0.6752065630968372 -0.6250651080113694 0.39164998135796186
vn 0.1420411201267469 -0.8367642334930805 -0.5288193810176368
vn -0.8401720349108106 0.5169885547181544 0.16381021349189892
vn 0.9655939314883769 -0.15958070597595908 -0.20533474560588683
vn 0.543002670270461 -0.8038516322416969 0.24283873954027282
vn 0.4208054414870955 -0.5179104073116108 -0.7447762015620343
vn 0.4088185216934987 -0.5096217394674357 -0.757068754461923
vn -0.9519014316940848 0.13441160895343093 -0.275349203226197
vn -0.9512566842750526 -0.04005770117518102 -0.30578767339216417
vn -0.9174322676480448 0.31688335255964317 -0.24063037037898496
vn -0.357088511004695 -0.24973965684362354 -0.9000654971212255
vn -0.694013535778966 -0.019336188298801963 0.7197022467504539
vn -0.6845221023185101 -0.031176613796131077 0.7283251404349941
vn -0.9519014316940848 0.13441160895343093 -0.275349203226197
vn 0.45853630330768685 -0.8610955308518757 0.21967918721591936
vn -0.9015084775633649 -0.10358238390961341 0.4201822873765449
vn -0.6845221023185101 -0.031176613796131077 0.7283251404349941
vn 0.543002670270461 -0.8038516322416969 0.24283873954027282
vn 0.6752065630968372 -0.6250651080113694 0.39164998135796186
vn -0.694013535778966 -0.019336188298801963 0.7197022467504539
vn -0.6653363521084652 -0.000936345521674374 0.7465431412986554
vn -0.5067034923355862 0.6070350766217614 0.6121764342129911
vn -0.3449629803438674 -0.11679900310831011 -0.9313208550575799
vn -0.8784117930346153 0.41351294859415005 -0.23958247682725878
vn -0.9015084775633649 -0.10358238390961341 0.4201822873765449
vn 0.39795745533808796 -0.6073888183588855 -0.6875381349957472
vn 0.45853630330768685 -0.8610955308518757 0.21967918721591936
vn 0.3730225543599892 -0.852126236089839 0.3670627353819959
vn -0.5805255851678056 -0.51460876439185 0.6310054394192418
vn -0.8041591935760378 -0.5214676141752139 -0.28530600896852326
vn -0.9015084775633649 -0.10358238390961341 0.4201822873765449
vn 0.4528691470124669 -0.8839794585607059 -0.11614582440588185
vn -0.5330797330559361 -0.7602857808750314 -0.37120281465023325
vn -0.2595246954747606 -0.8947211239802254 -0.36348458391284605
vn -0.3731333333114627 -0.7231216238438744 -0.5812629634694397
vn -0.8122862887634821 -0.42623377800530216 0.39814036667257924
vn 0.25275666327020635 -0.958194926397939 0.13407666537380755
vn 0.745120233657142 -0.5184172348344073 0.4195705042318554
vn 0.4585893512112131 -0.4801645651852679 -0.7477551720290013
vn 0.5558948545385808 -0.524866092628469 -0.6445901763961763
vn -0.8093774055811958 0.23753281846364968 -0.5371092770445949
vn -0.5972047674669836 0.2183403004965709 0.7717991830092679
vn -0.5888345191563242 0.22245508220500415 0.7770377374691045
vn 0.21928243119241797 -0.19046842368234326 0.9568892281504198
vn 0.7275715203738327 -0.5630159725235114 0.39198558318427257
vn 0.1927081216360989 -0.23547051459031554 0.9525844931627108
vn -0.6644842052777709 -0.11687055913330506 0.7381070473476311
vn -0.23261756588048046 -0.8972319115016306 0.37531848479254293
vn 0.045478293720843416 -0.5713789688261772 0.8194252856626864
vn -0.8534443332236656 0.4108670416344867 -0.32065720666614955
vn -0.7993699607802114 -0.5503469701982041 0.24109309031139844
vn 0.10795393615951122 -0.4159914854546972 -0.9029379999185232
vn -0.8534443332236656 0.4108670416344867 -0.32065720666614955
vn 0.45109333059615664 -0.25738174852726187 -0.8545580393494149
vn 0.45109333059615664 -0.25738174852726187 -0.8545580393494149
vn 0.1610784030837316 -0.9654423015948598 -0.20487779369959633
vn 0.10795393615951122 -0.4159914854546972 -0.9029379999185232
vn 0.6048562085026397 -0.7555979273478739 0.2514373465167984
vn -0.7993699607802114 -0.5503469701982041 0.24109309031139844
vn -0.8670152614202196 -0.03313779724286155 -0.4971784617803947
vn 0.10795393615951122 -0.4159914854546972 -0.9029379999185232
vn 0.6602191877339705 -0.6638866042772535 0.3512338264021755
vn 0.11977798468075868 -0.3947444854365923 0.9109500675685884
vn -0.8518336308001335 0.37101253720193356 -0.3697690666846616
vn -0.622468008589258 0.054806122453671426 0.7807239379092438
vn 0.4448277650033379 -0.4274940888316983 -0.7870051229160401
vn 0.4448277650033379 -0.4274940888316983 -0.7870051229160401
vn -0.8290695940910086 0.3140254454350997 -0.4626355236825827
vn 0.4585893512112131 -0.4801645651852679 -0.7477551720290013
vn -0.8518336308001335 0.37101253720193356 -0.3697690666846616
vn -0.8093774055811958 0.23753281846364968 -0.5371092770445949
vn 0.5558948545385808 -0.524866092628469 -0.6445901763961763
vn 0.9529354074787578 -0.13257455934580092 -0.2726501336650333
vn 0.5955090667332273 -0.2368792025393008 -0.7676308975300992
vn -0.41400164399704037 0.7078023385656397 0.5723796714496066
vn -0.5095417902953463 0.6663134733122772 0.5444203515897829
vn -0.8733841615259347 0.47596443232765767 0.10323742322748296
vn -0.791087734050129 0.3649844563569171 -0.4908834318382299
vn 0.1610784030837316 -0.9654423015948598 -0.20487779369959633
vn -0.28602499862228 -0.14901895357891673 -0.9465638127656103
vn -0.7938156545326566 0.44099704556531444 -0.41878193898681215
vn -0.5359929871727348 0.49070781396819824 0.6869624145557024
vn 0.13187599311531842 -0.04023189309860147 0.9904494521264329
vn 0.2363961987037319 0.18815538144467855 0.953265120347867
vn 0.36243800280820015 -0.6514223878973073 -0.6665489979488181
vn -0.8545612406297302 0.46506496227006916 0.23117021192644083
vn -0.5359929871727348 0.49070781396819824 0.6869624145557024
vn -0.8122862887634821 -0.42623377800530216 0.39814036667257924
vn -0.8325023848073013 0.44100270861132035 -0.3353451808027585
vn 0.25275666327020635 -0.958194926397939 0.13407666537380755
vn 0.827407508390617 -0.2511328920826909 0.5023236860561272
vn 0.4528691470124669 -0.8839794585607059 -0.11614582440588185
vn 0.7910488128123027 -0.5901476914038419 -0.16114427721443467
vn -0.3785320980449635 0.8360829637673123 0.3970878094927433
vn 0.8772827681511725 0.47997189595996576 -0.0013870088722746686
vn -0.9069033655812458 -0.1672810202247757 -0.3867083471687254
vn -0.27539627771045583 -0.6766273060716363 -0.6828853336406233
vn -0.30978811147883956 -0.8349596214219924 0.4548337680749059
vn 0.19859568902517513 -0.9697299165905993 -0.14206914221535039
vn 0.4829438415632345 -0.8733905069538781 0.06288297272706925
vn 0.3556105859413347 -0.8164266864156773 0.4549599728270367
vn -0.10860543208509928 -0.22826082603856776 0.9675235684043049
vn 0.03863432743308079 -0.8244777833993113 0.5645739751571551
vn -0.8478971180046516 0.06325160689485507 0.5263741174341923
vn -0.7460614670986875 0.35403011236201354 -0.5639636219221005
vn -0.8691897376484912 -0.19660638462165383 -0.4537126067154732
vn 0.7539783309890725 0.04619440804896015 0.6552730370341351
vn 0.8519020045242206 0.20930933520687603 -0.48005476446221274
vn 0.7811678659241705 0.534638119323664 0.3223954816890782
vn -0.12437338757758191 0.27095627630162 0.9545228948512637
vn -0.18982275959217465 0.9776210279726602 -0.090688729214222
vn 0.40359931901232154 0.602399948051288 -0.6886377075651579
vn -0.40149422893845665 0.8524515518136011 -0.3348562914739657
vn 0.026974209244904023 0.21655623091780787 -0.9758974284658636
vn 0.9358119931689748 -0.2671898798457197 -0.22992494764409632
vn 0.21689420889744374 -0.36649734001414963 -0.9047853899733929
vn 0.7561262786036256 -0.6506680908711887 -0.07002918196776858
vn -0.8691897376484912 -0.19660638462165383 -0.4537126067154732
vn -0.766580779366961 -0.623513858170166 -0.15357205922594347
vn -0.37853905263045384 -0.9172876204158816 0.12365923768731632
vn -0.7605675765871249 -0.28545106049486807 0.5831420525967431
vn 0.6080867743798056 -0.4134459946577986 0.6777115052334489
vn -0.8400486250690843 0.476895978412627 0.25862817575315367
vn 0.6080867743798056 -0.4134459946577986 0.6777115052334489
vn 0.1567438103938421 -0.8323707102459765 -0.5315923048989963
vn -0.766580779366961 -0.623513858170166 -0.15357205922594347
vn -0.766580779366961 -0.623513858170166 -0.15357205922594347
vn -0.7605675765871249 -0.28545106049486807 0.5831420525967431
vn -0.10860543208509928 -0.22826082603856776 0.9675235684043049
vn 0.7561262786036256 -0.6506680908711887 -0.07002918196776858
vn 0.026974209244904023 0.21655623091780787 -0.9758974284658636
vn -0.256641622818408 0.6621209336688945 -0.7040816335018018
vn 0.11252802150482583 0.5734391444157731 -0.8114832050190044
vn -0.14816636497257987 0.7106334092664169 0.6877840401791839
vn -0.8400486250690843 0.476895978412627 0.25862817575315367
vn 0.7811678659241705 0.534638119323664 0.3223954816890782
vn 0.3871903102245874 0.8997643813440358 -0.20126530185993896
vn 0.8519020045242206 0.20930933520687603 -0.48005476446221274
vn -0.2053340621552221 0.4370134000963218 0.8757038375244722
vn -0.4956996061093692 -0.5354872335687959 0.6837655469441657
vn -0.3471297594330747 -0.119535387725594 0.9301678457123893
vn 0.7605272962539824 -0.30550375110073974 0.5729447527606693
vn -0.2053340621552221 0.4370134000963218 0.8757038375244722
vn 0.46500590229005595 -0.8062664908864237 0.36565537943411075
vn -0.4296905645231 0.6755984129085991 0.5991100092931194
vn -0.8643418644366982 -0.05497652300575996 -0.49989071135628166
vn 0.41054161869567274 -0.891759711066548 0.19031604513872113
vn -0.7505087229875318 -0.6526594047509066 0.103789971142767
vn -0.7276225775406531 -0.5323408362551025 0.4326414435861578
vn 0.31908650024209745 -0.9093741319603038 0.2668754269030661
vn -0.730150427323194 -0.5093549523493335 0.4554534948784183
vn -0.5095417902953463 0.6663134733122772 0.5444203515897829
vn -0.8656814625920339 0.2474030698450775 -0.4351865420204864
vn -0.5805255851678056 -0.51460876439185 0.6310054394192418
vn 0.3730225543599892 -0.852126236089839 0.3670627353819959
vn -0.7938156545326566 0.44099704556531444 -0.41878193898681215
vn -0.9174322676480448 0.31688335255964317 -0.24063037037898496
vn -0.8041591935760378 -0.5214676141752139 -0.28530600896852326
vn 0.4528691470124669 -0.8839794585607059 -0.11614582440588185
vn -0.36290523297934324 -0.6872527411263587 -0.6292721682154033
vn -0.4065065132312751 -0.8071021039655121 -0.4281806259921098
vn -0.8290695940910086 0.3140254454350997 -0.4626355236825827
vn -0.8670152614202196 -0.03313779724286155 -0.4971784617803947
vn -0.8670152614202196 -0.03313779724286155 -0.4971784617803947
vn -0.8656814625920339 0.2474030698450775 -0.4351865420204864
vn -0.23261756588048046 -0.8972319115016306 0.37531848479254293
vn -0.8122862887634821 -0.42623377800530216 0.39814036667257924
vn -0.14816636497257987 0.7106334092664169 0.6877840401791839
vn 0.1567438103938421 -0.8323707102459765 -0.5315923048989963
vn -0.7460614670986875 0.35403011236201354 -0.5639636219221005
vn -0.7460614670986875 0.35403011236201354 -0.5639636219221005
f 2261/2261/2261 2262/2262/2262 2263/2263/2263
f 2264/2264/2264 2265/2265/2265 2266/2266/2266
f 2267/2267/2267 2268/2268/2268 2269/2269/2269
f 2270/2270/2270 2271/2271/2271 2272/2272/2272
f 2268/2268/2268 2266/2266/2266 2269/2269/2269
f 2273/2273/2273 2274/2274/2274 2267/2267/2267
f 2275/2275/2275 2276/2276/2276 2265/2265/2265
f 2277/2277/2277 2278/2278/2278 2279/2279/2279
f 2280/2280/2280 2281/2281/2281 2261/2261/2261
f 2282/2282/2282 2283/2283/2283 2284/2284/2284
f 2278/2278/2278 2285/2285/2285 2286/2286/2286
f 2287/2287/2287 2279/2279/2279 2288/2288/2288
f 2289/2289/2289 2290/2290/2290 2291/2291/2291
f 2292/2292/2292 2293/2293/2293 2294/2294/2294
f 2295/2295/2295 2296/2296/2296 2297/2297/2297
f 2291/2291/2291 2298/2298/2298 2280/2280/2280
f 2293/2293/2293 2299/2299/2299 2289/2289/2289
f 2300/2300/2300 2301/2301/2301 2296/2296/2296
f 2302/2302/2302 2303/2303/2303 2270/2270/2270
f 2304/2304/2304 2288/2288/2288 2305/2305/2305
f 2306/2306/2306 2307/2307/2307 2308/2308/2308
f 2309/2309/2309 2310/2310/2310 2311/2311/2311
f 2312/2312/2312 2303/2303/2303 2309/2309/2309
f 2313/2313/2313 2314/2314/2314 2315/2315/2315
f 2268/2268/2268 2313/2313/2313 2316/2316/2316
f 2264/2264/2264 2316/2316/2316 2317/2317/2317
f 2275/2275/2275 2317/2317/2317 2318/2318/2318
f 2319/2319/2319 2318/2318/2318 2307/2307/2307
f 2283/2283/2283 2304/2304/2304 2305/2305/2305
f 2320/2320/2320 2276/2276/2276 2321/2321/2321
f 2262/2262/2262 2322/2322/2322 2320/2320/2320
f 2270/2270/2270 2323/2323/2323 2302/2302/2302
f 2300/2300/2300 2323/2323/2323 2324/2324/2324
f 2272/2272/2272 2324/2324/2324 2270/2270/2270
f 2325/2325/2325 2324/2324/2324 2326/2326/2326
f 2267/2267/2267 2327/2327/2327 2273/2273/2273
f 2328/2328/2328 2327/2327/2327 2329/2329/2329
f 2269/2269/2269 2329/2329/2329 2267/2267/2267
f 2330/2330/2330 2328/2328/2328 2329/2329/2329
f 2331/2331/2331 2269/2269/2269 2266/2266/2266
f 2331/2331/2331 2299/2299/2299 2330/2330/2330
f 2332/2332/2332 2266/2266/2266 2265/2265/2265
f 2332/2332/2332 2290/2290/2290 2331/2331/2331
f 2322/2322/2322 2265/2265/2265 2276/2276/2276
f 2322/2322/2322 2298/2298/2298 2332/2332/2332
f 2319/2319/2319 2321/2321/2321 2276/2276/2276
f 2317/2317/2317 2333/2333/2333 2334/2334/2334
f 2315/2315/2315 2335/2335/2335 2313/2313/2313
f 2311/2311/2311 2336/2336/2336 2309/2309/2309
f 2317/2317/2317 2337/2337/2337 2318/2318/2318
f 2316/2316/2316 2335/2335/2335 2333/2333/2333
f 2309/2309/2309 2338/2338/2338 2312/2312/2312
f 2307/2307/2307 2337/2337/2337 2339/2339/2339
f 2340/2340/2340 2284/2284/2284 2341/2341/2341
f 2342/2342/2342 2282/2282/2282 2340/2340/2340
f 2343/2343/2343 2340/2340/2340 2285/2285/2285
f 2344/2344/2344 2345/2345/2345 2277/2277/2277
f 2346/2346/2346 2287/2287/2287 2304/2304/2304
f 2347/2347/2347 2348/2348/2348 2282/2282/2282
f 2345/2345/2345 2343/2343/2343 2285/2285/2285
f 2349/2349/2349 2277/2277/2277 2287/2287/2287
f 2285/2285/2285 2341/2341/2341 2286/2286/2286
f 2350/2350/2350 2341/2341/2341 2284/2284/2284
f 2351/2351/2351 2284/2284/2284 2283/2283/2283
f 2305/2305/2305 2351/2351/2351 2283/2283/2283
f 2352/2352/2352 2305/2305/2305 2288/2288/2288
f 2353/2353/2353 2288/2288/2288 2279/2279/2279
f 2354/2354/2354 2279/2279/2279 2278/2278/2278
f 2286/2286/2286 2354/2354/2354 2278/2278/2278
f 2355/2355/2355 2286/2286/2286 2341/2341/2341
f 2308/2308/2308 2339/2339/2339 2356/2356/2356
f 2348/2348/2348 2346/2346/2346 2304/2304/2304
f 2357/2357/2357 2358/2358/2358 2359/2359/2359
f 2360/2360/2360 2361/2361/2361 2362/2362/2362
f 2363/2363/2363 2357/2357/2357 2359/2359/2359
f 2364/2364/2364 2362/2362/2362 2365/2365/2365
f 2366/2366/2366 2367/2367/2367 2368/2368/2368
f 2361/2361/2361 2369/2369/2369 2370/2370/2370
f 2371/2371/2371 2365/2365/2365 2358/2358/2358
f 2372/2372/2372 2373/2373/2373 2366/2366/2366
f 2374/2374/2374 2375/2375/2375 2360/2360/2360
f 2376/2376/2376 2357/2357/2357 2377/2377/2377
f 2364/2364/2364 2374/2374/2374 2360/2360/2360
f 2378/2378/2378 2367/2367/2367 2373/2373/2373
f 2375/2375/2375 2379/2379/2379 2369/2369/2369
f 2371/2371/2371 2380/2380/2380 2364/2364/2364
f 2381/2381/2381 2378/2378/2378 2373/2373/2373
f 2382/2382/2382 2371/2371/2371 2357/2357/2357
f 2383/2383/2383 2384/2384/2384 2385/2385/2385
f 2386/2386/2386 2387/2387/2387 2388/2388/2388
f 2389/2389/2389 2385/2385/2385 2384/2384/2384
f 2390/2390/2390 2391/2391/2391 2387/2387/2387
f 2392/2392/2392 2388/2388/2388 2393/2393/2393
f 2394/2394/2394 2391/2391/2391 2395/2395/2395
f 2396/2396/2396 2397/2397/2397 2398/2398/2398
f 2389/2389/2389 2399/2399/2399 2394/2394/2394
f 2400/2400/2400 2401/2401/2401 2402/2402/2402
f 2391/2391/2391 2403/2403/2403 2387/2387/2387
f 2404/2404/2404 2393/2393/2393 2388/2388/2388
f 2405/2405/2405 2398/2398/2398 2397/2397/2397
f 2403/2403/2403 2388/2388/2388 2387/2387/2387
f 2398/2398/2398 2406/2406/2406 2407/2407/2407
f 2408/2408/2408 2391/2391/2391 2399/2399/2399
f 2409/2409/2409 2399/2399/2399 2384/2384/2384
f 2410/2410/2410 2398/2398/2398 2407/2407/2407
f 2411/2411/2411 2412/2412/2412 2413/2413/2413
f 2414/2414/2414 2415/2415/2415 2416/2416/2416
f 2415/2415/2415 2417/2417/2417 2416/2416/2416
f 2402/2402/2402 2418/2418/2418 2419/2419/2419
f 2412/2412/2412 2420/2420/2420 2400/2400/2400
f 2421/2421/2421 2413/2413/2413 2417/2417/2417
f 2418/2418/2418 2414/2414/2414 2419/2419/2419
f 2422/2422/2422 2423/2423/2423 2411/2411/2411
f 2424/2424/2424 2425/2425/2425 2415/2415/2415
f 2415/2415/2415 2426/2426/2426 2421/2421/2421
f 2427/2427/2427 2418/2418/2418 2401/2401/2401
f 2423/2423/2423 2428/2428/2428 2420/2420/2420
f 2426/2426/2426 2411/2411/2411 2421/2421/2421
f 2429/2429/2429 2424/2424/2424 2418/2418/2418
f 2428/2428/2428 2401/2401/2401 2420/2420/2420
f 2430/2430/2430 2422/2422/2422 2426/2426/2426
f 2431/2431/2431 2432/2432/2432 2429/2429/2429
f 2428/2428/2428 2433/2433/2433 2427/2427/2427
f 2434/2434/2434 2435/2435/2435 2422/2422/2422
f 2432/2432/2432 2436/2436/2436 2425/2425/2425
f 2425/2425/2425 2430/2430/2430 2426/2426/2426
f 2433/2433/2433 2429/2429/2429 2427/2427/2427
f 2435/2435/2435 2437/2437/2437 2428/2428/2428
f 2438/2438/2438 2439/2439/2439 2440/2440/2440
f 2441/2441/2441 2442/2442/2442 2443/2443/2443
f 2444/2444/2444 2445/2445/2445 2446/2446/2446
f 2447/2447/2447 2448/2448/2448 2449/2449/2449
f 2438/2438/2438 2450/2450/2450 2451/2451/2451
f 2452/2452/2452 2453/2453/2453 2448/2448/2448
f 2454/2454/2454 2444/2444/2444 2446/2446/2446
f 2443/2443/2443 2455/2455/2455 2440/2440/2440
f 2456/2456/2456 2457/2457/2457 2454/2454/2454
f 2458/2458/2458 2459/2459/2459 2460/2460/2460
f 2461/2461/2461 2462/2462/2462 2463/2463/2463
f 2464/2464/2464 2465/2465/2465 2466/2466/2466
f 2467/2467/2467 2468/2468/2468 2469/2469/2469
f 2454/2454/2454 2470/2470/2470 2456/2456/2456
f 2471/2471/2471 2472/2472/2472 2473/2473/2473
f 2461/2461/2461 2474/2474/2474 2455/2455/2455
f 2450/2450/2450 2475/2475/2475 2470/2470/2470
f 2475/2475/2475 2455/2455/2455 2474/2474/2474
f 2476/2476/2476 2477/2477/2477 2464/2464/2464
f 2453/2453/2453 2478/2478/2478 2448/2448/2448
f 2440/2440/2440 2479/2479/2479 2438/2438/2438
f 2464/2464/2464 2480/2480/2480 2476/2476/2476
f 2481/2481/2481 2480/2480/2480 2482/2482/2482
f 2483/2483/2483 2466/2466/2466 2484/2484/2484
f 2485/2485/2485 2486/2486/2486 2483/2483/2483
f 2487/2487/2487 2469/2469/2469 2468/2468/2468
f 2488/2488/2488 2489/2489/2489 2487/2487/2487
f 2466/2466/2466 2482/2482/2482 2464/2464/2464
f 2486/2486/2486 2481/2481/2481 2482/2482/2482
f 2465/2465/2465 2484/2484/2484 2466/2466/2466
f 2490/2490/2490 2491/2491/2491 2492/2492/2492
f 2492/2492/2492 2493/2493/2493 2490/2490/2490
f 2494/2494/2494 2495/2495/2495 2496/2496/2496
f 2449/2449/2449 2478/2478/2478 2497/2497/2497
f 2473/2473/2473 2498/2498/2498 2485/2485/2485
f 2472/2472/2472 2481/2481/2481 2498/2498/2498
f 2499/2499/2499 2488/2488/2488 2500/2500/2500
f 2501/2501/2501 2502/2502/2502 2481/2481/2481
f 2503/2503/2503 2496/2496/2496 2504/2504/2504
f 2505/2505/2505 2460/2460/2460 2459/2459/2459
f 2506/2506/2506 2507/2507/2507 2508/2508/2508
f 2509/2509/2509 2510/2510/2510 2511/2511/2511
f 2510/2510/2510 2508/2508/2508 2512/2512/2512
f 2512/2512/2512 2508/2508/2508 2507/2507/2507
f 2508/2508/2508 2509/2509/2509 2506/2506/2506
f 2509/2509/2509 2511/2511/2511 2506/2506/2506
f 2513/2513/2513 2514/2514/2514 2515/2515/2515
f 2516/2516/2516 2517/2517/2517 2518/2518/2518
f 2519/2519/2519 2520/2520/2520 2513/2513/2513
f 2518/2518/2518 2521/2521/2521 2519/2519/2519
f 2522/2522/2522 2523/2523/2523 2524/2524/2524
f 2525/2525/2525 2526/2526/2526 2522/2522/2522
f 2527/2527/2527 2528/2528/2528 2529/2529/2529
f 2530/2530/2530 2531/2531/2531 2532/2532/2532
f 2523/2523/2523 2533/2533/2533 2524/2524/2524
f 2534/2534/2534 2535/2535/2535 2536/2536/2536
f 2537/2537/2537 2524/2524/2524 2533/2533/2533
f 2537/2537/2537 2521/2521/2521 2538/2538/2538
f 2522/2522/2522 2539/2539/2539 2525/2525/2525
f 2517/2517/2517 2539/2539/2539 2540/2540/2540
f 2524/2524/2524 2540/2540/2540 2522/2522/2522
f 2538/2538/2538 2517/2517/2517 2540/2540/2540
f 2520/2520/2520 2541/2541/2541 2514/2514/2514
f 2533/2533/2533 2541/2541/2541 2537/2537/2537
f 2542/2542/2542 2543/2543/2543 2544/2544/2544
f 2529/2529/2529 2545/2545/2545 2542/2542/2542
f 2544/2544/2544 2546/2546/2546 2547/2547/2547
f 2441/2441/2441 2440/2440/2440 2439/2439/2439
f 2548/2548/2548 2451/2451/2451 2549/2549/2549
f 2550/2550/2550 2443/2443/2443 2442/2442/2442
f 2551/2551/2551 2452/2452/2452 2447/2447/2447
f 2446/2446/2446 2450/2450/2450 2454/2454/2454
f 2549/2549/2549 2446/2446/2446 2445/2445/2445
f 2552/2552/2552 2553/2553/2553 2452/2452/2452
f 2554/2554/2554 2534/2534/2534 2536/2536/2536
f 2555/2555/2555 2501/2501/2501 2472/2472/2472
f 2556/2556/2556 2555/2555/2555 2471/2471/2471
f 2557/2557/2557 2558/2558/2558 2559/2559/2559
f 2456/2456/2456 2560/2560/2560 2555/2555/2555
f 2561/2561/2561 2499/2499/2499 2500/2500/2500
f 2463/2463/2463 2557/2557/2557 2559/2559/2559
f 2562/2562/2562 2500/2500/2500 2563/2563/2563
f 2478/2478/2478 2564/2564/2564 2561/2561/2561
f 2565/2565/2565 2559/2559/2559 2558/2558/2558
f 2497/2497/2497 2561/2561/2561 2562/2562/2562
f 2566/2566/2566 2567/2567/2567 2568/2568/2568
f 2566/2566/2566 2463/2463/2463 2559/2559/2559
f 2568/2568/2568 2501/2501/2501 2560/2560/2560
f 2568/2568/2568 2474/2474/2474 2566/2566/2566
f 2560/2560/2560 2475/2475/2475 2568/2568/2568
f 2378/2378/2378 2410/2410/2410 2569/2569/2569
f 2382/2382/2382 2394/2394/2394 2570/2570/2570
f 2571/2571/2571 2396/2396/2396 2378/2378/2378
f 2380/2380/2380 2394/2394/2394 2395/2395/2395
f 2379/2379/2379 2386/2386/2386 2392/2392/2392
f 2374/2374/2374 2395/2395/2395 2390/2390/2390
f 2376/2376/2376 2389/2389/2389 2382/2382/2382
f 2572/2572/2572 2390/2390/2390 2386/2386/2386
f 2573/2573/2573 2574/2574/2574 2575/2575/2575
f 2576/2576/2576 2577/2577/2577 2578/2578/2578
f 2579/2579/2579 2580/2580/2580 2581/2581/2581
f 2582/2582/2582 2583/2583/2583 2584/2584/2584
f 2584/2584/2584 2585/2585/2585 2582/2582/2582
f 2586/2586/2586 2587/2587/2587 2588/2588/2588
f 2589/2589/2589 2590/2590/2590 2591/2591/2591
f 2574/2574/2574 2592/2592/2592 2575/2575/2575
f 2593/2593/2593 2589/2589/2589 2591/2591/2591
f 2594/2594/2594 2574/2574/2574 2595/2595/2595
f 2578/2578/2578 2596/2596/2596 2573/2573/2573
f 2575/2575/2575 2578/2578/2578 2573/2573/2573
f 2596/2596/2596 2595/2595/2595 2573/2573/2573
f 2576/2576/2576 2592/2592/2592 2597/2597/2597
f 2585/2585/2585 2598/2598/2598 2579/2579/2579
f 2599/2599/2599 2590/2590/2590 2582/2582/2582
f 2593/2593/2593 2600/2600/2600 2601/2601/2601
f 2579/2579/2579 2602/2602/2602 2603/2603/2603
f 2604/2604/2604 2579/2579/2579 2603/2603/2603
f 2599/2599/2599 2585/2585/2585 2604/2604/2604
f 2591/2591/2591 2605/2605/2605 2600/2600/2600
f 2606/2606/2606 2607/2607/2607 2608/2608/2608
f 2588/2588/2588 2609/2609/2609 2586/2586/2586
f 2607/2607/2607 2610/2610/2610 2588/2588/2588
f 2611/2611/2611 2587/2587/2587 2612/2612/2612
f 2613/2613/2613 2608/2608/2608 2587/2587/2587
f 2612/2612/2612 2609/2609/2609 2611/2611/2611
f 2608/2608/2608 2588/2588/2588 2587/2587/2587
f 2261/2261/2261 2281/2281/2281 2262/2262/2262
f 2264/2264/2264 2275/2275/2275 2265/2265/2265
f 2267/2267/2267 2274/2274/2274 2268/2268/2268
f 2270/2270/2270 2303/2303/2303 2271/2271/2271
f 2268/2268/2268 2264/2264/2264 2266/2266/2266
f 2273/2273/2273 2314/2314/2314 2274/2274/2274
f 2275/2275/2275 2319/2319/2319 2276/2276/2276
f 2277/2277/2277 2345/2345/2345 2278/2278/2278
f 2280/2280/2280 2298/2298/2298 2281/2281/2281
f 2282/2282/2282 2348/2348/2348 2283/2283/2283
f 2278/2278/2278 2345/2345/2345 2285/2285/2285
f 2287/2287/2287 2277/2277/2277 2279/2279/2279
f 2289/2289/2289 2299/2299/2299 2290/2290/2290
f 2292/2292/2292 2328/2328/2328 2293/2293/2293
f 2295/2295/2295 2300/2300/2300 2296/2296/2296
f 2291/2291/2291 2290/2290/2290 2298/2298/2298
f 2293/2293/2293 2328/2328/2328 2299/2299/2299
f 2300/2300/2300 2325/2325/2325 2301/2301/2301
f 2302/2302/2302 2310/2310/2310 2303/2303/2303
f 2304/2304/2304 2287/2287/2287 2288/2288/2288
f 2306/2306/2306 2319/2319/2319 2307/2307/2307
f 2309/2309/2309 2303/2303/2303 2310/2310/2310
f 2312/2312/2312 2271/2271/2271 2303/2303/2303
f 2313/2313/2313 2274/2274/2274 2314/2314/2314
f 2268/2268/2268 2274/2274/2274 2313/2313/2313
f 2264/2264/2264 2268/2268/2268 2316/2316/2316
f 2275/2275/2275 2264/2264/2264 2317/2317/2317
f 2319/2319/2319 2275/2275/2275 2318/2318/2318
f 2283/2283/2283 2348/2348/2348 2304/2304/2304
f 2320/2320/2320 2322/2322/2322 2276/2276/2276
f 2262/2262/2262 2281/2281/2281 2322/2322/2322
f 2270/2270/2270 2324/2324/2324 2323/2323/2323
f 2300/2300/2300 2295/2295/2295 2323/2323/2323
f 2272/2272/2272 2326/2326/2326 2324/2324/2324
f 2325/2325/2325 2300/2300/2300 2324/2324/2324
f 2267/2267/2267 2329/2329/2329 2327/2327/2327
f 2328/2328/2328 2292/2292/2292 2327/2327/2327
f 2269/2269/2269 2330/2330/2330 2329/2329/2329
f 2330/2330/2330 2299/2299/2299 2328/2328/2328
f 2331/2331/2331 2330/2330/2330 2269/2269/2269
f 2331/2331/2331 2290/2290/2290 2299/2299/2299
f 2332/2332/2332 2331/2331/2331 2266/2266/2266
f 2332/2332/2332 2298/2298/2298 2290/2290/2290
f 2322/2322/2322 2332/2332/2332 2265/2265/2265
f 2322/2322/2322 2281/2281/2281 2298/2298/2298
f 2319/2319/2319 2306/2306/2306 2321/2321/2321
f 2317/2317/2317 2316/2316/2316 2333/2333/2333
f 2315/2315/2315 2614/2614/2614 2335/2335/2335
f 2311/2311/2311 2615/2615/2615 2336/2336/2336
f 2317/2317/2317 2334/2334/2334 2337/2337/2337
f 2316/2316/2316 2313/2313/2313 2335/2335/2335
f 2309/2309/2309 2336/2336/2336 2338/2338/2338
f 2307/2307/2307 2318/2318/2318 2337/2337/2337
f 2340/2340/2340 2282/2282/2282 2284/2284/2284
f 2342/2342/2342 2347/2347/2347 2282/2282/2282
f 2343/2343/2343 2342/2342/2342 2340/2340/2340
f 2344/2344/2344 2616/2616/2616 2345/2345/2345
f 2346/2346/2346 2349/2349/2349 2287/2287/2287
f 2347/2347/2347 2617/2617/2617 2348/2348/2348
f 2345/2345/2345 2616/2616/2616 2343/2343/2343
f 2349/2349/2349 2344/2344/2344 2277/2277/2277
f 2285/2285/2285 2340/2340/2340 2341/2341/2341
f 2350/2350/2350 2355/2355/2355 2341/2341/2341
f 2351/2351/2351 2350/2350/2350 2284/2284/2284
f 2305/2305/2305 2618/2618/2618 2351/2351/2351
f 2352/2352/2352 2618/2618/2618 2305/2305/2305
f 2353/2353/2353 2352/2352/2352 2288/2288/2288
f 2354/2354/2354 2353/2353/2353 2279/2279/2279
f 2286/2286/2286 2619/2619/2619 2354/2354/2354
f 2355/2355/2355 2619/2619/2619 2286/2286/2286
f 2308/2308/2308 2307/2307/2307 2339/2339/2339
f 2348/2348/2348 2617/2617/2617 2346/2346/2346
f 2357/2357/2357 2371/2371/2371 2358/2358/2358
f 2360/2360/2360 2375/2375/2375 2361/2361/2361
f 2363/2363/2363 2377/2377/2377 2357/2357/2357
f 2364/2364/2364 2360/2360/2360 2362/2362/2362
f 2366/2366/2366 2373/2373/2373 2367/2367/2367
f 2361/2361/2361 2375/2375/2375 2369/2369/2369
f 2371/2371/2371 2364/2364/2364 2365/2365/2365
f 2372/2372/2372 2381/2381/2381 2373/2373/2373
f 2374/2374/2374 2572/2572/2572 2375/2375/2375
f 2376/2376/2376 2382/2382/2382 2357/2357/2357
f 2364/2364/2364 2380/2380/2380 2374/2374/2374
f 2378/2378/2378 2569/2569/2569 2367/2367/2367
f 2375/2375/2375 2572/2572/2572 2379/2379/2379
f 2371/2371/2371 2570/2570/2570 2380/2380/2380
f 2381/2381/2381 2571/2571/2571 2378/2378/2378
f 2382/2382/2382 2570/2570/2570 2371/2371/2371
f 2383/2383/2383 2409/2409/2409 2384/2384/2384
f 2386/2386/2386 2390/2390/2390 2387/2387/2387
f 2389/2389/2389 2620/2620/2620 2385/2385/2385
f 2390/2390/2390 2395/2395/2395 2391/2391/2391
f 2392/2392/2392 2386/2386/2386 2388/2388/2388
f 2394/2394/2394 2399/2399/2399 2391/2391/2391
f 2396/2396/2396 2621/2621/2621 2397/2397/2397
f 2389/2389/2389 2384/2384/2384 2399/2399/2399
f 2400/2400/2400 2420/2420/2420 2401/2401/2401
f 2391/2391/2391 2622/2622/2622 2403/2403/2403
f 2404/2404/2404 2623/2623/2623 2393/2393/2393
f 2405/2405/2405 2624/2624/2624 2398/2398/2398
f 2403/2403/2403 2404/2404/2404 2388/2388/2388
f 2398/2398/2398 2624/2624/2624 2406/2406/2406
f 2408/2408/2408 2622/2622/2622 2391/2391/2391
f 2409/2409/2409 2408/2408/2408 2399/2399/2399
f 2410/2410/2410 2396/2396/2396 2398/2398/2398
f 2411/2411/2411 2423/2423/2423 2412/2412/2412
f 2414/2414/2414 2424/2424/2424 2415/2415/2415
f 2415/2415/2415 2421/2421/2421 2417/2417/2417
f 2402/2402/2402 2401/2401/2401 2418/2418/2418
f 2412/2412/2412 2423/2423/2423 2420/2420/2420
f 2421/2421/2421 2411/2411/2411 2413/2413/2413
f 2418/2418/2418 2424/2424/2424 2414/2414/2414
f 2422/2422/2422 2435/2435/2435 2423/2423/2423
f 2424/2424/2424 2432/2432/2432 2425/2425/2425
f 2415/2415/2415 2425/2425/2425 2426/2426/2426
f 2427/2427/2427 2429/2429/2429 2418/2418/2418
f 2423/2423/2423 2435/2435/2435 2428/2428/2428
f 2426/2426/2426 2422/2422/2422 2411/2411/2411
f 2429/2429/2429 2432/2432/2432 2424/2424/2424
f 2428/2428/2428 2427/2427/2427 2401/2401/2401
f 2430/2430/2430 2434/2434/2434 2422/2422/2422
f 2431/2431/2431 2625/2625/2625 2432/2432/2432
f 2428/2428/2428 2437/2437/2437 2433/2433/2433
f 2434/2434/2434 2626/2626/2626 2435/2435/2435
f 2432/2432/2432 2625/2625/2625 2436/2436/2436
f 2425/2425/2425 2436/2436/2436 2430/2430/2430
f 2433/2433/2433 2431/2431/2431 2429/2429/2429
f 2435/2435/2435 2626/2626/2626 2437/2437/2437
f 2438/2438/2438 2548/2548/2548 2439/2439/2439
f 2441/2441/2441 2627/2627/2627 2442/2442/2442
f 2444/2444/2444 2628/2628/2628 2445/2445/2445
f 2447/2447/2447 2452/2452/2452 2448/2448/2448
f 2438/2438/2438 2479/2479/2479 2450/2450/2450
f 2452/2452/2452 2553/2553/2553 2453/2453/2453
f 2454/2454/2454 2457/2457/2457 2444/2444/2444
f 2443/2443/2443 2461/2461/2461 2455/2455/2455
f 2456/2456/2456 2556/2556/2556 2457/2457/2457
f 2461/2461/2461 2550/2550/2550 2462/2462/2462
f 2464/2464/2464 2477/2477/2477 2465/2465/2465
f 2467/2467/2467 2629/2629/2629 2468/2468/2468
f 2454/2454/2454 2450/2450/2450 2470/2470/2470
f 2471/2471/2471 2555/2555/2555 2472/2472/2472
f 2461/2461/2461 2463/2463/2463 2474/2474/2474
f 2450/2450/2450 2479/2479/2479 2475/2475/2475
f 2475/2475/2475 2479/2479/2479 2455/2455/2455
f 2476/2476/2476 2630/2630/2630 2477/2477/2477
f 2453/2453/2453 2631/2631/2631 2478/2478/2478
f 2440/2440/2440 2455/2455/2455 2479/2479/2479
f 2464/2464/2464 2482/2482/2482 2480/2480/2480
f 2481/2481/2481 2502/2502/2502 2480/2480/2480
f 2483/2483/2483 2486/2486/2486 2466/2466/2466
f 2485/2485/2485 2498/2498/2498 2486/2486/2486
f 2487/2487/2487 2489/2489/2489 2469/2469/2469
f 2488/2488/2488 2632/2632/2632 2489/2489/2489
f 2466/2466/2466 2486/2486/2486 2482/2482/2482
f 2486/2486/2486 2498/2498/2498 2481/2481/2481
f 2465/2465/2465 2633/2633/2633 2484/2484/2484
f 2490/2490/2490 2634/2634/2634 2491/2491/2491
f 2492/2492/2492 2495/2495/2495 2493/2493/2493
f 2494/2494/2494 2493/2493/2493 2495/2495/2495
f 2449/2449/2449 2448/2448/2448 2478/2478/2478
f 2473/2473/2473 2472/2472/2472 2498/2498/2498
f 2472/2472/2472 2501/2501/2501 2481/2481/2481
f 2499/2499/2499 2632/2632/2632 2488/2488/2488
f 2501/2501/2501 2567/2567/2567 2502/2502/2502
f 2503/2503/2503 2494/2494/2494 2496/2496/2496
f 2505/2505/2505 2635/2635/2635 2460/2460/2460
f 2509/2509/2509 2636/2636/2636 2510/2510/2510
f 2510/2510/2510 2636/2636/2636 2508/2508/2508
f 2508/2508/2508 2636/2636/2636 2509/2509/2509
f 2513/2513/2513 2520/2520/2520 2514/2514/2514
f 2516/2516/2516 2637/2637/2637 2517/2517/2517
f 2519/2519/2519 2521/2521/2521 2520/2520/2520
f 2518/2518/2518 2517/2517/2517 2521/2521/2521
f 2522/2522/2522 2526/2526/2526 2523/2523/2523
f 2525/2525/2525 2638/2638/2638 2526/2526/2526
f 2527/2527/2527 2639/2639/2639 2528/2528/2528
f 2530/2530/2530 2533/2533/2533 2531/2531/2531
f 2523/2523/2523 2531/2531/2531 2533/2533/2533
f 2537/2537/2537 2538/2538/2538 2524/2524/2524
f 2537/2537/2537 2520/2520/2520 2521/2521/2521
f 2522/2522/2522 2540/2540/2540 2539/2539/2539
f 2517/2517/2517 2637/2637/2637 2539/2539/2539
f 2524/2524/2524 2538/2538/2538 2540/2540/2540
f 2538/2538/2538 2521/2521/2521 2517/2517/2517
f 2520/2520/2520 2537/2537/2537 2541/2541/2541
f 2533/2533/2533 2530/2530/2530 2541/2541/2541
f 2542/2542/2542 2545/2545/2545 2543/2543/2543
f 2529/2529/2529 2528/2528/2528 2545/2545/2545
f 2544/2544/2544 2543/2543/2543 2546/2546/2546
f 2441/2441/2441 2443/2443/2443 2440/2440/2440
f 2548/2548/2548 2438/2438/2438 2451/2451/2451
f 2550/2550/2550 2461/2461/2461 2443/2443/2443
f 2551/2551/2551 2552/2552/2552 2452/2452/2452
f 2446/2446/2446 2451/2451/2451 2450/2450/2450
f 2549/2549/2549 2451/2451/2451 2446/2446/2446
f 2552/2552/2552 2640/2640/2640 2553/2553/2553
f 2554/2554/2554 2641/2641/2641 2534/2534/2534
f 2555/2555/2555 2560/2560/2560 2501/2501/2501
f 2556/2556/2556 2456/2456/2456 2555/2555/2555
f 2557/2557/2557 2642/2642/2642 2558/2558/2558
f 2456/2456/2456 2470/2470/2470 2560/2560/2560
f 2561/2561/2561 2564/2564/2564 2499/2499/2499
f 2463/2463/2463 2462/2462/2462 2557/2557/2557
f 2562/2562/2562 2561/2561/2561 2500/2500/2500
f 2478/2478/2478 2631/2631/2631 2564/2564/2564
f 2565/2565/2565 2566/2566/2566 2559/2559/2559
f 2497/2497/2497 2478/2478/2478 2561/2561/2561
f 2566/2566/2566 2565/2565/2565 2567/2567/2567
f 2566/2566/2566 2474/2474/2474 2463/2463/2463
f 2568/2568/2568 2567/2567/2567 2501/2501/2501
f 2568/2568/2568 2475/2475/2475 2474/2474/2474
f 2560/2560/2560 2470/2470/2470 2475/2475/2475
f 2378/2378/2378 2396/2396/2396 2410/2410/2410
f 2382/2382/2382 2389/2389/2389 2394/2394/2394
f 2571/2571/2571 2621/2621/2621 2396/2396/2396
f 2380/2380/2380 2570/2570/2570 2394/2394/2394
f 2379/2379/2379 2572/2572/2572 2386/2386/2386
f 2374/2374/2374 2380/2380/2380 2395/2395/2395
f 2376/2376/2376 2620/2620/2620 2389/2389/2389
f 2572/2572/2572 2374/2374/2374 2390/2390/2390
f 2573/2573/2573 2595/2595/2595 2574/2574/2574
f 2576/2576/2576 2597/2597/2597 2577/2577/2577
f 2579/2579/2579 2598/2598/2598 2580/2580/2580
f 2582/2582/2582 2590/2590/2590 2583/2583/2583
f 2584/2584/2584 2643/2643/2643 2585/2585/2585
f 2586/2586/2586 2612/2612/2612 2587/2587/2587
f 2589/2589/2589 2583/2583/2583 2590/2590/2590
f 2574/2574/2574 2644/2644/2644 2592/2592/2592
f 2593/2593/2593 2645/2645/2645 2589/2589/2589
f 2594/2594/2594 2644/2644/2644 2574/2574/2574
f 2578/2578/2578 2577/2577/2577 2596/2596/2596
f 2575/2575/2575 2576/2576/2576 2578/2578/2578
f 2596/2596/2596 2594/2594/2594 2595/2595/2595
f 2576/2576/2576 2575/2575/2575 2592/2592/2592
f 2585/2585/2585 2643/2643/2643 2598/2598/2598
f 2599/2599/2599 2605/2605/2605 2590/2590/2590
f 2593/2593/2593 2591/2591/2591 2600/2600/2600
f 2579/2579/2579 2581/2581/2581 2602/2602/2602
f 2604/2604/2604 2585/2585/2585 2579/2579/2579
f 2599/2599/2599 2582/2582/2582 2585/2585/2585
f 2591/2591/2591 2590/2590/2590 2605/2605/2605
f 2606/2606/2606 2646/2646/2646 2607/2607/2607
f 2588/2588/2588 2610/2610/2610 2609/2609/2609
f 2607/2607/2607 2646/2646/2646 2610/2610/2610
f 2611/2611/2611 2613/2613/2613 2587/2587/2587
f 2613/2613/2613 2606/2606/2606 2608/2608/2608
f 2612/2612/2612 2586/2586/2586 2609/2609/2609
f 2608/2608/2608 2607/2607/2607 2588/2588/2588
o Claw2R_LP_Checker_0
usemtl Checker
v 0.25092949902423833 0.06634599766460464 0.0579632995674955
v 0.21895482646774878 0.017070677584979592 -0.10920238528903478
v 0.19000401668241573 0.00042889987917114355 -0.09289824761959987
v 0.1902266400256758 -0.08567211788563105 -0.05819649958634209
v 0.23821192447367467 0.005389822797717941 0.08169454065753598
v 0.17806955773972954 -0.044482435388573244 -0.07075590502501977
v 0.3153843809205803 -0.06324581867791876 0.07874078412923383
v 0.21923410402460153 -0.10625679033419945 -0.05954214556420611
v 0.24821897786366232 -0.0913126272766056 -0.07521499527719751
v 0.315043084732225 0.05850145761710066 0.04122953561745006
v 0.260112071183799 -0.052017822262051476 -0.09491876198186189
v 0.248007619798013 -0.0038566768227699727 -0.11032010305454232
v 0.19000401668241573 0.00042889987917114355 -0.09289824761959987
v 0.25164260897839186 -0.05225616505820576 0.09581292312770186
v 0.1902266400256758 -0.08567211788563105 -0.05819649958634209
v 0.32861872772979583 -0.00685397331356888 0.0573250649712955
v 0.2827546235303291 0.08698395376585256 0.04151771942810995
v 0.4479450781357641 0.10119924549215535 0.23363540385802156
v 0.43289126978312553 0.1482469993962802 0.36066141483427866
v 0.5030661708921302 0.10555010536286567 0.34978136899030815
v 0.3318456039165196 0.12272053032613324 0.14302430218023554
v 0.25164260897839186 -0.05225616505820576 0.09581292312770186
v 0.2781172034565238 0.023513796939115927 0.20452713126127742
v 0.38148062568573726 -0.061533425676622094 0.19321612094263566
v 0.2836535807627383 -0.08149996158750096 0.09508178753332597
v 0.3773892139481927 0.08769505304133483 0.13898358989831383
v 0.29015668578095677 0.09758874353934789 0.1705317896190815
v 0.25092949902423833 0.06634599766460464 0.0579632995674955
v 0.30276771703136585 -0.051339044989025924 0.22270548682292401
v 0.397675505332451 0.01013972963991433 0.16029852105215806
v 0.29015668578095677 0.09758874353934789 0.1705317896190815
v 0.35419817967269895 0.02811018507559835 0.4234189846743847
v 0.39723219579684277 0.1178705270520308 0.48899134960450513
v 0.364905080983674 0.11706605741415713 0.3934378345297424
v 0.4678311541416236 -0.0833487831402329 0.523409189673872
v 0.3991417199565084 -0.06645871902634176 0.43568784107401703
v 0.4492111403671395 -0.10641339608044419 0.4312501030651893
v 0.5357662319593226 0.02831421945224385 0.47057162202256414
v 0.4969255515130111 -0.07364812415591342 0.4062491684534045
v 0.5209345701127965 0.014622718766429907 0.3719732654417167
v 0.45539905603083075 0.1481604102381292 0.46125497949447697
v 0.364905080983674 0.11706605741415713 0.3934378345297424
v 0.3991417199565084 -0.06645871902634176 0.43568784107401703
v 0.3833577249193698 0.03663741923912308 0.5158481422909478
v 0.5165102366393004 -0.052274919450490835 0.49953013393653894
v 0.5144768838328817 0.11107025724559182 0.4531559065861782
v 0.5014059431536655 0.09782732876235106 0.4617160892164528
v 0.5357662319593226 0.02831421945224385 0.47057162202256414
v 0.5144768838328817 0.11107025724559182 0.4531559065861782
v 0.3833577249193698 0.03663741923912308 0.5158481422909478
v 0.4117781129827025 0.10307239282467626 0.48903575747479233
v 0.39723219579684277 0.1178705270520308 0.48899134960450513
v 0.46789981869087005 -0.0653594990858264 0.5182917108709493
v 0.41351338296726214 -0.046899589099410485 0.5289398389959885
v 0.4678311541416236 -0.0833487831402329 0.523409189673872
v 0.5051296836481312 -0.03907682718913054 0.4993860077584513
v 0.5165102366393004 -0.052274919450490835 0.49953013393653894
v 0.45658846669073827 0.1284900444133048 0.46724816999274904
v 0.45539905603083075 0.1481604102381292 0.46125497949447697
v 0.42543669584162447 -0.034760359515026464 0.5221214830408677
v 0.45109709089032335 0.07830394427665234 0.4449276101064518
v 0.43770482157830526 -0.009417069078828146 0.47357403326928826
v 0.40107991394967013 0.03522645732779418 0.510988456731618
v 0.4603760437583315 -0.026241701971282193 0.47120820850282447
v 0.47577257881076807 0.061444695869386466 0.441836694858142
v 0.5189745310178129 0.028416978752382974 0.47606413029446293
v 0.4273960196808868 0.06506152287826802 0.4562215597081627
v 0.4785990906074844 -0.011910959112433813 0.46160732862080545
v 0.4101683703772341 0.029063732574786533 0.46831534772755695
v 0.4237984324142685 0.08821787566747823 0.5078798275240873
v 0.416868051509528 0.07890136286177196 0.45256254760168
v 0.4319441519988143 -0.024014335257100856 0.4760777882999567
v 0.4663868144217098 -0.042225031813938455 0.5048067525692937
v 0.4310820900406964 -0.01812357253188437 0.5129755650265478
v 0.49741645535640866 0.02259589444968337 0.44281433654916924
v 0.4972487278897597 -0.02173253248838357 0.49392246450078
v 0.48709585173958847 -0.0275251705640968 0.4601257981472612
v 0.45112403218915964 0.09681881410671397 0.43662056753797196
v 0.49671455107522244 0.08432945881400498 0.4855969898342397
v 0.48356081954626373 0.07433495846109237 0.43255565372752286
v 0.416868051509528 0.07890136286177196 0.45256254760168
v 0.4607001142047318 0.1077946908831675 0.4950044464905398
v 0.4310820900406964 -0.01812357253188437 0.5129755650265478
v 0.41160081897078094 0.03629402184027808 0.5149470393473211
v 0.4620186285223371 -0.047314453929063444 0.47332560728968504
v 0.5107976084024246 0.030646745310392885 0.48557971323366533
v 0.3868667098835099 -0.10598784766350923 0.6207128201088482
v 0.3776088570592806 -0.015548306207776735 0.6228561883525914
v 0.3973587364548725 -0.06536645446364445 0.5852867936603626
v 0.5222998740755047 -0.11052498945612788 0.5806233337146317
v 0.45291580737570336 -0.08805863229255327 0.5569496173763011
v 0.5102058535023213 -0.06969773531720354 0.5538012971182656
v 0.5288852335016747 0.02873952186042689 0.6134461576582486
v 0.5713971725539002 -0.07497198756323073 0.6375269869478112
v 0.5425965664700438 -0.021207610682399503 0.5768677497889194
v 0.5074791794833722 0.10324241978973543 0.5180046870440316
v 0.3807436738742065 -0.06850883815400044 0.694637234614503
v 0.4093089310234277 0.03252153125921741 0.6463784974047717
v 0.4484235842133255 -0.12346265534410439 0.5733099652812607
v 0.3973587364548725 -0.06536645446364445 0.5852867936603626
v 0.4338967405133676 -0.032949086025347726 0.7516015653736078
v 0.47265752093514357 0.050891383678483205 0.6422863972209988
v 0.4093089310234277 0.03252153125921741 0.6463784974047717
v 0.5268691660418545 0.03209012078527832 0.5121596884862494
v 0.4052934854039514 0.10689583189208217 0.5492293537768603
v 0.5055457240593642 -0.03779387876198007 0.5189078991838547
v 0.4237984324142685 0.08821787566747823 0.5078798275240873
v 0.4575826125387261 0.13400300788248368 0.533463444332687
v 0.4570226865182214 -0.0647802289513653 0.5330667482118295
v 0.40358059696300463 -0.0329131479111786 0.5472803643186875
v 0.3985352427094746 -0.14387215206449877 0.6491936534527691
v 0.3948961706110199 -0.11294409660870544 0.7144759917728913
v 0.5143488530587659 -0.14791424679941473 0.6133490904746317
v 0.4488401610663495 -0.15835707072226385 0.6073053601447813
v 0.5660436026891258 -0.03751920413478682 0.711218466511163
v 0.5572676534071341 -0.11866051799918909 0.663784150804428
v 0.4372220835710594 -0.08369027840147578 0.7649112905212468
v 0.4338967405133676 -0.032949086025347726 0.7516015653736078
v 0.3868667098835099 -0.10598784766350923 0.6207128201088482
v 0.3985352427094746 -0.14387215206449877 0.6491936534527691
v 0.5095368509843157 -0.0201128673130513 0.7584696871369866
v 0.5524552937048233 -0.08773240293871347 0.7290667275431143
v 0.5027308351681192 -0.07324736507167122 0.7709549612464393
v 0.5524552937048233 -0.08773240293871347 0.7290667275431143
v 0.4956295677506273 -0.08446223556845185 0.7493909567501464
v 0.5322497964147521 -0.09512990714883642 0.7185418600184208
v 0.4372220835710594 -0.08369027840147578 0.7649112905212468
v 0.5027308351681192 -0.07324736507167122 0.7709549612464393
v 0.3948961706110199 -0.11294409660870544 0.7144759917728913
v 0.41860904353985817 -0.13647457334857152 0.6597185209774505
v 0.41604765319717685 -0.11369729177380879 0.7077964571327922
v 0.5143488530587659 -0.14791424679941473 0.6133490904746317
v 0.45592816645067535 -0.14714218532431264 0.6288694242457151
v 0.4488401610663495 -0.15835707072226385 0.6073053601447813
v 0.5572676534071341 -0.11866051799918909 0.663784150804428
v 0.5357938885138802 -0.11790729303176402 0.6704636854445224
v 0.447385092510616 -0.09215306814056635 0.7449399216493835
v 0.3985352427094746 -0.14387215206449877 0.6491936534527691
v 0.5041859037238527 -0.13945147196150445 0.6333203401372107
v 0.45568611199365283 -0.07118171778189623 0.7020049054213315
v 0.4593979911640733 -0.09931851662773211 0.6426140088136612
v 0.43930306048758916 -0.09386008472230045 0.6583988672288383
v 0.48556210505451003 -0.09538337299309353 0.6448914419938632
v 0.4814769816068487 -0.06724646983914133 0.704282278996873
v 0.5006629116685035 -0.07270488684339271 0.6884975397909802
v 0.4378105006111299 -0.08220545067150742 0.6829992513997641
v 0.502446044181748 -0.08435959540000948 0.6638970364107797
v 0.4431435664785599 -0.10949566075799146 0.7709716564522002
v 0.4949712940684414 -0.09132638103185396 0.7480486612981185
v 0.44904937336483486 -0.0980988103619381 0.7435650819124088
v 0.4214523936483472 -0.13763734047913542 0.6612758712907714
v 0.406240454176654 -0.13413904451299258 0.7228733358128276
v 0.41945864812749645 -0.11728137861700394 0.7076226505764339
v 0.5138144378256548 -0.1641012414084743 0.6276109941716814
v 0.45680256656998597 -0.1472422163602377 0.6316740611545849
v 0.5027736313021114 -0.14046983173360705 0.6361578193542324
v 0.5297574878538214 -0.10093128671523915 0.718447089580511
v 0.5540209884787872 -0.13945770864185486 0.6757093744156731
v 0.5329892516213075 -0.12128723367620976 0.6721003102948458
v 0.44904937336483486 -0.0980988103619381 0.7435650819124088
v 0.4068235962057798 -0.16034043629356431 0.6609608644489782
v 0.4214523936483472 -0.13763734047913542 0.6612758712907714
v 0.5498182650696126 -0.11325645097176 0.7376216669656142
v 0.4848321269862621 -0.05854201472578008 0.7141102488175002
v 0.5113183145675437 -0.06609450775353919 0.6922699165975281
v 0.49087681269175953 -0.09747309900188172 0.6319352405937343
v 0.5139315013453771 -0.08222031116398754 0.6582319723308377
v 0.454790433016633 -0.10291796879263247 0.6287841227959087
v 0.42675240874098797 -0.09536553536952651 0.650624395411247
v 0.4495762188082286 -0.06398695902232543 0.7109591906243301
v 0.4246535504314253 -0.07923976176138046 0.6846624588872291
v 0.42675240874098797 -0.09536553536952651 0.650624395411247
v 0.4495762188082286 -0.06398695902232543 0.7109591906243301
v 0.41465162304077374 -0.18503203277487074 0.7499317064603621
v 0.4431435664785599 -0.10949566075799146 0.7709716564522002
v 0.4584031896650076 -0.21375932597004105 0.6534190380125181
v 0.4527513581644438 -0.1727510235567399 0.621501996465137
v 0.5230749728588391 -0.20780017186890898 0.6599189830137647
v 0.5130747442005257 -0.1612400856929268 0.8026787125898676
v 0.5036681777909058 -0.10084580410392156 0.7770806541587324
v 0.45086171215336646 -0.16719038849166015 0.796257624530454
v 0.4125492182549262 -0.20432433696606883 0.6907414376415703
v 0.4068235962057798 -0.16034043629356431 0.6609608644489782
v 0.5658262841591322 -0.18994757521664676 0.706341997046241
v 0.5655677192158759 -0.2322724027317969 0.7834427560026752
v 0.5618308656998527 -0.17066614888866685 0.7654353487165666
v 0.4616233305270223 -0.22853467954829068 0.8165886591938702
v 0.4282616579176113 -0.23913266186881435 0.7644440154414314
v 0.4678585722776074 -0.2578520837915993 0.6576106821416343
v 0.45086171215336646 -0.16719038849166015 0.796257624530454
v 0.4248306358270948 -0.25127539016266076 0.6986023440867206
v 0.4125492182549262 -0.20432433696606883 0.6907414376415703
v 0.569307791382645 -0.24441881161767803 0.7175685405132443
v 0.44472887118021664 -0.29150222434089507 0.7713738982387873
v 0.4616233305270223 -0.22853467954829068 0.8165886591938702
v 0.4796056342213084 -0.30114954784314024 0.6858245471694893
v 0.5281064392304469 -0.30042359203951635 0.6922620869616471
v 0.5288059593258954 -0.25501323255547326 0.6654563216862582
v 0.5217736842831888 -0.2860543222570897 0.8196844145361585
v 0.5198539379271727 -0.22569216262132966 0.824466604454643
v 0.4737807704408292 -0.2867803078630159 0.8132469939532921
v 0.44474585850359794 -0.29745423342483573 0.718593629811746
v 0.4248306358270948 -0.25127539016266076 0.6986023440867206
v 0.5605469816800879 -0.2957016159569743 0.7341353018854291
v 0.45783640911050694 -0.3104373749178493 0.7280854329767119
v 0.48465194214913354 -0.31322008132199586 0.7034086342074716
v 0.5436291573130525 -0.30463548034526305 0.779534729740125
v 0.5579239005314429 -0.28974960687305307 0.7869154511031837
v 0.4800065946577503 -0.30239931950896937 0.799363763737893
v 0.4737807704408292 -0.2867803078630159 0.8132469939532921
v 0.44474585850359794 -0.29745423342483573 0.718593629811746
v 0.5211752536630199 -0.31267338674251494 0.7082565181882067
v 0.5164065245597094 -0.3018526845341514 0.8042115285093508
v 0.5064532643604291 -0.43087231482889243 0.7112571544054701
v 0.47844709876670444 -0.4916990979690076 0.6738902980851953
v 0.49519415583027526 -0.4263696036100586 0.6967667284090708
v 0.4748971058078755 -0.43385868173413084 0.7391553466741388
v 0.47738339429981846 -0.49553566770583074 0.6883002577044179
v 0.49212755652977 -0.43616460622462877 0.7413060017945364
v 0.4638840750481765 -0.4934574924735225 0.6866676861819331
v 0.47844709876670444 -0.4916990979690076 0.6738902980851953
v 0.47738339429981846 -0.49553566770583074 0.6883002577044179
v 0.5305162549648523 -0.36129539366844865 0.7335795588765482
v 0.5211752536630199 -0.31267338674251494 0.7082565181882067
v 0.5456044551967576 -0.30911757719368876 0.7397888045017469
v 0.5065532809521267 -0.36941681677273003 0.7801547477954398
v 0.5436291573130525 -0.30463548034526305 0.779534729740125
v 0.5164065245597094 -0.3018526845341514 0.8042115285093508
v 0.4800065946577503 -0.30239931950896937 0.799363763737893
v 0.45783640911050694 -0.3104373749178493 0.7280854329767119
v 0.46099682611979165 -0.3588568449727566 0.7552044807482842
v 0.4569363789945158 -0.3059553078717648 0.7678312390058081
v 0.513026226020763 -0.35398137139497216 0.709526223032757
v 0.48465194214913354 -0.31322008132199586 0.7034086342074716
v 0.4780470323999142 -0.42405432118109143 0.694674068605219
v 0.4649477795150625 -0.4896209525390016 0.6722578457720021
v 0.4649982050434154 -0.4253104275657933 0.7061595259734939
v 0.4636714652850149 -0.42937161675048585 0.7245649636932346
v 0.4638840750481765 -0.4934574924735225 0.6866676861819331
v 0.4622039989634452 -0.3521985939340046 0.7253350431134385
v 0.45783640911050694 -0.3104373749178493 0.7280854329767119
v 0.5052113420096482 -0.4349220897140916 0.729725653836114
v 0.47950698853641005 -0.3658878051057149 0.7773477261421804
v 0.4649982050434154 -0.4253104275657933 0.7061595259734939
v 0.484059352784022 -0.3500510120343603 0.7056571657772401
v 0.4622039989634452 -0.3521985939340046 0.7253350431134385
v 0.5274075151814328 -0.36756806243188955 0.762447757648017
v 0.46476372037611013 0.012195912108994868 0.2584161084746272
v 0.3848648283288292 0.14321456059808688 0.245560676840454
v 0.4432226022357655 -0.07369689838839671 0.2980115467122528
v 0.40310322337366866 -0.10642496140099773 0.32739044237887294
v 0.35699989593774295 -0.06649240475328888 0.3340802226345162
v 0.343883864345762 -0.08669366657594656 0.21860063999828191
v 0.35699989593774295 -0.06649240475328888 0.3340802226345162
v 0.3195022571198136 0.02459353869243384 0.31831567367367786
v 0.32676478490014094 0.11213020867967688 0.28287312909548973
v 0.30276771703136585 -0.051339044989025924 0.22270548682292401
v 0.32676478490014094 0.11213020867967688 0.28287312909548973
v 0.4052934854039514 0.10689583189208217 0.5492293537768603
v 0.40358059696300463 -0.0329131479111786 0.5472803643186875
v 0.38071914656342964 0.03793239610882705 0.5550467186078355
v 0.22543894740703063 -0.11886120021559128 -0.02729580789054421
v 0.14596038730531058 -0.11482710414728312 -0.01719264267024207
v 0.17358544080885996 -0.1367475277931188 -0.04116970960985201
v 0.0329084090983478 -0.045525384341063825 -0.17328337196002686
v 0.20839806925360693 0.004142599129005224 -0.17123926860740823
v 0.07575692067093576 -0.0744676511691534 -0.2822914535161377
v -0.0190177704613409 -0.16961869326616566 -0.18957328589450556
v 0.030986323260076554 -0.08709171883699318 -0.13221803083214997
v -0.035320161983665166 -0.12591601911266642 -0.20038806382902133
v 0.10671707749254078 -0.1856587463755778 -0.2597006794894307
v 0.021982006237313 -0.18549290098456891 -0.1960390907208529
v 0.04300971978136031 -0.18562296836418418 -0.25771095728784127
v 0.25777267833562156 -0.10572812998314651 -0.16962716861947086
v 0.2686802088764262 -0.005516231101649026 -0.09247493447328202
v 0.28876891086767054 -0.0833129833584085 -0.07267652422322744
v 0.015658728428362412 -0.17238561677836445 -0.2899836552181852
v -0.035320161983665166 -0.12591601911266642 -0.20038806382902133
v 0.0036297886752384434 -0.14164039568891654 -0.2985025346820391
v 0.23741283482135445 -0.13382590464242486 -0.14954734314239074
v 0.07703347331955712 -0.17595649075497918 -0.1346264462806864
v 0.09881578164959437 -0.12713776730338264 -0.3041987144001027
v 0.11083891740056306 -0.16687925075882495 -0.29212396945436353
v 0.04963623621382779 -0.15488034507550275 -0.11398676239919353
v 0.12474477012280882 -0.031318699945090955 -0.03862010836078688
v -0.010839454587412145 -0.07844528914029573 -0.21567123858359277
v 0.01215950372458613 -0.09013501343752403 -0.2738044351906992
v 0.24131786283885237 -0.044727176060288885 -0.18680562422827832
v 0.25850811022874454 -0.1191682389386903 -0.07489039875191195
v 0.25777267833562156 -0.10572812998314651 -0.16962716861947086
v -0.0190177704613409 -0.16961869326616566 -0.18957328589450556
v 0.04963623621382779 -0.15488034507550275 -0.11398676239919353
v 0.11083891740056306 -0.16687925075882495 -0.29212396945436353
v 0.23681374855010762 -0.08030135674462624 0.004642410144284422
v 0.2152997505225296 0.00678027898036903 -0.015535295767019995
v 0.13016444153716167 0.015396925082837026 -0.07550264977048589
v 0.22416069602607114 0.03382065647031909 -0.1018721940661565
v 0.09881578164959437 -0.12713776730338264 -0.3041987144001027
v -0.035320161983665166 -0.12591601911266642 -0.20038806382902133
v 0.2152997505225296 0.00678027898036903 -0.015535295767019995
v 0.19278975890301697 0.04024477780359788 -0.05664292506946321
v 0.24131786283885237 -0.044727176060288885 -0.18680562422827832
v 0.030986323260076554 -0.08709171883699318 -0.13221803083214997
v 0.2686802088764262 -0.005516231101649026 -0.09247493447328202
v 0.12474477012280882 -0.031318699945090955 -0.03862010836078688
v 0.14596038730531058 -0.11482710414728312 -0.01719264267024207
v 0.28876891086767054 -0.0833129833584085 -0.07267652422322744
v 0.41351338296726214 -0.046899589099410485 0.5289398389959885
v 0.39723219579684277 0.1178705270520308 0.48899134960450513
v 0.41351338296726214 -0.046899589099410485 0.5289398389959885
v 0.4226101244402647 0.02872698115679612 0.46780161536058446
v 0.4863801787857669 0.023958278813462953 0.4491278389746346
v 0.4319441519988143 -0.024014335257100856 0.4760777882999567
v 0.4372220835710594 -0.08369027840147578 0.7649112905212468
v 0.4569363789945158 -0.3059553078717648 0.7678312390058081
v 0.5456044551967576 -0.30911757719368876 0.7397888045017469
v 0.45783640911050694 -0.3104373749178493 0.7280854329767119
v 0.4800065946577503 -0.30239931950896937 0.799363763737893
v 0.4649477795150625 -0.4896209525390016 0.6722578457720021
v 0.4649477795150625 -0.4896209525390016 0.6722578457720021
v 0.23681374855010762 -0.08030135674462624 0.004642410144284422
v -0.0190177704613409 -0.16961869326616566 -0.18957328589450556
v 0.015658728428362412 -0.17238561677836445 -0.2899836552181852
v 0.0036297886752384434 -0.14164039568891654 -0.2985025346820391
vt 0.7553909420967102 0.5186530947685242
vt 0.7092912197113037 0.526144951581955
vt 0.7091760039329529 0.5163505673408508
vt 0.8764403462409973 0.5260542333126068
vt 0.8438392877578735 0.4977935552597046
vt 0.8820593357086182 0.5165098905563354
vt 0.7495158910751343 0.5759586691856384
vt 0.7026405930519104 0.5700702369213104
vt 0.7056568264961243 0.5610808730125427
vt 0.7556862831115723 0.5407339930534363
vt 0.707643449306488 0.5492874383926392
vt 0.7089583873748779 0.5357216000556946
vt 0.8882054090499878 0.505350649356842
vt 0.7387035489082336 0.5959682762622833
vt 0.6976409554481506 0.5780624449253082
vt 0.7531278729438782 0.5591562986373901
vt 0.7559016346931458 0.5293811559677124
vt 0.8123979568481445 0.5541610717773438
vt 0.8413774967193604 0.5431225895881653
vt 0.8393986821174622 0.5621161460876465
vt 0.7854614853858948 0.5322382748126984
vt 0.83714359998703 0.5113516449928284
vt 0.8129317164421082 0.4882686734199524
vt 0.7837147116661072 0.5873788297176361
vt 0.7455529570579529 0.5863446891307831
vt 0.7858356237411499 0.5463478565216064
vt 0.8229882121086121 0.4705536961555481
vt 0.8509398698806763 0.4828396439552307
vt 0.7716543674468994 0.611423134803772
vt 0.7853044867515564 0.5669797360897064
vt 0.7873480916023254 0.5180251002311707
vt 0.7563281655311584 0.47768348455429077
vt 0.741651177406311 0.4520084857940674
vt 0.766242265701294 0.45644325017929077
vt 0.8554609417915344 0.6261652112007141
vt 0.8279348611831665 0.6315362453460693
vt 0.8344520926475525 0.6176182329654694
vt 0.862810492515564 0.5883468389511108
vt 0.8374125361442566 0.6041143834590912
vt 0.839273989200592 0.5830003917217255
vt 0.866905689239502 0.5476005375385284
vt 0.847680389881134 0.5239329934120178
vt 0.7457638382911682 0.501628041267395
vt 0.7329517006874084 0.47163504362106323
vt 0.8594132661819458 0.610683411359787
vt 0.86417156457901 0.5657677352428436
vt 0.6861326694488525 0.4436126947402954
vt 0.6771144866943359 0.4618695378303528
vt 0.6824264526367188 0.4397658109664917
vt 0.7217311859130859 0.46081483364105225
vt 0.7123363018035889 0.44274574518203735
vt 0.7159616947174072 0.4386863708496094
vt 0.6985599994659424 0.4875037670135498
vt 0.7140176296234131 0.4830796718597412
vt 0.698828935623169 0.4926036596298218
vt 0.6870977878570557 0.48004209995269775
vt 0.6842668056488037 0.4836544990539551
vt 0.698803186416626 0.43572938442230225
vt 0.6987612247467041 0.43017351627349854
vt 0.7106819152832031 0.47957777976989746
vt 0.6984822750091553 0.4490997791290283
vt 0.7026576995849609 0.4686819314956665
vt 0.7169966697692871 0.46108680963516235
vt 0.697676420211792 0.4723193049430847
vt 0.6933267116546631 0.4528564214706421
vt 0.6815845966339111 0.4619758129119873
vt 0.7039563655853271 0.45221006870269775
vt 0.6934957504272461 0.4688951373100281
vt 0.9563989043235779 0.7340739965438843
vt 0.9543954730033875 0.7155758142471313
vt 0.9658932089805603 0.724433183670044
vt 0.81194007396698 0.7404077053070068
vt 0.8208867311477661 0.7298953533172607
vt 0.8201631307601929 0.7424814701080322
vt 0.7975894212722778 0.713442325592041
vt 0.8158107995986938 0.7184233665466309
vt 0.8069411516189575 0.7237433791160583
vt 0.7808164358139038 0.6955928206443787
vt 0.7984431982040405 0.6946491003036499
vt 0.7875186204910278 0.7036584615707397
vt 0.7747787237167358 0.6862672567367554
vt 0.7925683259963989 0.6851528882980347
vt 0.9404799342155457 0.7410701513290405
vt 0.9462313055992126 0.7270652055740356
vt 0.8114525079727173 0.7314347624778748
vt 0.8066879510879517 0.705907940864563
vt 0.903437077999115 0.7430359721183777
vt 0.9149684309959412 0.7236030697822571
vt 0.9168819785118103 0.739701509475708
vt 0.8515399694442749 0.715826153755188
vt 0.8419352769851685 0.7336444854736328
vt 0.838502049446106 0.7165361642837524
vt 0.830304741859436 0.6842247247695923
vt 0.8544539213180542 0.6966282725334167
vt 0.8339802026748657 0.6999013423919678
vt 0.8039282560348511 0.6881299018859863
vt 0.8937453627586365 0.7252614498138428
vt 0.9158901572227478 0.7079436779022217
vt 0.8525065183639526 0.7344449758529663
vt 0.8420044183731079 0.7519065141677856
vt 0.8557394742965698 0.646310567855835
vt 0.8266948461532593 0.6678133010864258
vt 0.8233624696731567 0.6516894102096558
vt 0.8127785921096802 0.7014822959899902
vt 0.9461225867271423 0.7066848278045654
vt 0.8245404958724976 0.7171428203582764
vt 0.7857457399368286 0.6756253242492676
vt 0.799336314201355 0.6780365705490112
vt 0.8323503732681274 0.7323896884918213
vt 0.9294673800468445 0.7378307580947876
vt 0.8915793299674988 0.7470767498016357
vt 0.8829140067100525 0.7309901714324951
vt 0.8641880750656128 0.7175978422164917
vt 0.8649157285690308 0.7348287105560303
vt 0.8570777177810669 0.679321825504303
vt 0.8671480417251587 0.6990967988967896
vt 0.8737823367118835 0.7152441740036011
vt 0.8842207789421082 0.7066848278045654
vt 0.8565081357955933 0.7546530961990356
vt 0.8689903020858765 0.7519048452377319
vt 0.8583000898361206 0.6641690731048584
vt 0.8709996938705444 0.6801083087921143
vt 0.8709996938705444 0.6617841720581055
vt 0.9290611147880554 0.5495773553848267
vt 0.9453014731407166 0.5489710569381714
vt 0.9332823157310486 0.5543244779109955
vt 0.96157306432724 0.5494899749755859
vt 0.945283830165863 0.5421693623065948
vt 0.9684361815452576 0.5676823556423187
vt 0.9576560854911804 0.581385463476181
vt 0.9626190066337585 0.5677329003810883
vt 0.9290823340415955 0.5861694514751434
vt 0.9453884959220886 0.5867386758327484
vt 0.9454016089439392 0.5935686528682709
vt 0.9221741557121277 0.5678559243679047
vt 0.9280852675437927 0.567852109670639
vt 0.9573799967765808 0.5542692840099335
vt 0.9618703722953796 0.5861396491527557
vt 0.9333061575889587 0.5813985764980316
vt 0.9501661658287048 0.5628221929073334
vt 0.9458667635917664 0.5753526389598846
vt 0.9505764842033386 0.5730962455272675
vt 0.9410387873649597 0.5730176866054535
vt 0.9454540610313416 0.5605013072490692
vt 0.9408463835716248 0.5627120435237885
vt 0.9519709944725037 0.5680552423000336
vt 0.9392814040184021 0.5678139626979828
vt 0.7059167623519897 0.6749985814094543
vt 0.7073229551315308 0.691954106092453
vt 0.6996327638626099 0.6811351776123047
vt 0.6722351908683777 0.7475485801696777
vt 0.6644651293754578 0.7342343926429749
vt 0.6706942915916443 0.7348096966743469
vt 0.7219628095626831 0.7285137474536896
vt 0.7151869535446167 0.7404550015926361
vt 0.7161504030227661 0.7284621894359589
vt 0.7120624780654907 0.7034307420253754
vt 0.721025824546814 0.7148142755031586
vt 0.7147339582443237 0.7159598767757416
vt 0.672341525554657 0.7221152782440186
vt 0.7192672491073608 0.7569002658128738
vt 0.7121995687484741 0.7534148246049881
vt 0.7186833620071411 0.7009812295436859
vt 0.6954866647720337 0.6987051665782928
vt 0.6998540163040161 0.70786914229393
vt 0.7038637399673462 0.728622168302536
vt 0.7028247117996216 0.7181380093097687
vt 0.7031682729721069 0.7388646304607391
vt 0.6999908685684204 0.7490969598293304
vt 0.6833855509757996 0.7258533835411072
vt 0.682062566280365 0.7354663014411926
vt 0.6826688647270203 0.7447282671928406
vt 0.6890493631362915 0.6902712285518646
vt 0.6508826613426208 0.7328189015388489
vt 0.6653704047203064 0.7182955145835876
vt 0.7348567247390747 0.7419606149196625
vt 0.721938967704773 0.7411497533321381
vt 0.7336946725845337 0.7255865037441254
vt 0.7290421724319458 0.6845875680446625
vt 0.7145417928695679 0.688344269990921
vt 0.7243038415908813 0.6677297353744507
vt 0.6520141959190369 0.7483764290809631
vt 0.6658162474632263 0.7505149245262146
vt 0.7329062223434448 0.7109868228435516
vt 0.7447270154953003 0.6970281302928925
vt 0.731535792350769 0.698202520608902
vt 0.7449835538864136 0.6671392321586609
vt 0.6369654536247253 0.7340667843818665
vt 0.7454625368118286 0.738470047712326
vt 0.6492125391960144 0.7177733778953552
vt 0.750008225440979 0.7544400244951248
vt 0.7355610132217407 0.7592030316591263
vt 0.7445346117019653 0.7109534442424774
vt 0.6238591074943542 0.7364062070846558
vt 0.6325737833976746 0.7189982533454895
vt 0.7580612897872925 0.7345344722270966
vt 0.7562597990036011 0.7222910821437836
vt 0.7446922063827515 0.7248615324497223
vt 0.7586890459060669 0.6866384446620941
vt 0.7448657751083374 0.6834908425807953
vt 0.7634376287460327 0.6731494069099426
vt 0.6259638667106628 0.7493525743484497
vt 0.6396424174308777 0.7505149245262146
vt 0.7564965486526489 0.7099625170230865
vt 0.6207579970359802 0.7480657696723938
vt 0.763985276222229 0.7324608266353607
vt 0.7629202604293823 0.6991896331310272
vt 0.7573708295822144 0.6980688273906708
vt 0.615090548992157 0.7293233275413513
vt 0.618663489818573 0.7250550985336304
vt 0.7647775411605835 0.746290534734726
vt 0.7618585824966431 0.7216048538684845
vt 0.765130877494812 0.6882153451442719
vt 0.7847588062286377 0.7821567058563232
vt 0.7866389751434326 0.8010423183441162
vt 0.780548095703125 0.7841784954071045
vt 0.7970726490020752 0.7817336320877075
vt 0.7901482582092285 0.7997950315475464
vt 0.7931582927703857 0.7805646061897278
vt 0.947648286819458 0.5665284097194672
vt 0.9442481994628906 0.5699525773525238
vt 0.9442481994628906 0.5662444531917572
vt 0.7817578315734863 0.7635287046432495
vt 0.7701091766357422 0.7556783556938171
vt 0.7786684036254883 0.7499966621398926
vt 0.7954449653625488 0.7626434564590454
vt 0.7882578372955322 0.7458120584487915
vt 0.7978591918945312 0.7450804710388184
vt 0.8068788051605225 0.7483619451522827
vt 0.8216133117675781 0.7627416849136353
vt 0.8083086013793945 0.7670742273330688
vt 0.8147873878479004 0.7549209594726562
vt 0.7742784023284912 0.7657306790351868
vt 0.7624578475952148 0.7607158422470093
vt 0.7766034603118896 0.7862123250961304
vt 0.7836627960205078 0.8025996685028076
vt 0.7727036476135254 0.7881900072097778
vt 0.800891637802124 0.7840602397918701
vt 0.7934458255767822 0.8007875680923462
vt 0.7609925270080566 0.7732399702072144
vt 0.7543094158172607 0.7650076150894165
vt 0.789069652557373 0.7807718515396118
vt 0.8017585277557373 0.7641919851303101
vt 0.804495096206665 0.7869534492492676
vt 0.7672574520111084 0.7689173221588135
vt 0.8147521018981934 0.7711268067359924
vt 0.7889235019683838 0.7624818086624146
vt 0.8124085068702698 0.5751012861728668
vt 0.8129324316978455 0.5368109941482544
vt 0.8118883967399597 0.5968770980834961
vt 0.8101013898849487 0.6104183197021484
vt 0.8018022775650024 0.6225931644439697
vt 0.780622124671936 0.6004827618598938
vt 0.7727500796318054 0.5055111646652222
vt 0.7833443880081177 0.4831140637397766
vt 0.7946293354034424 0.4624548554420471
vt 0.8036679625511169 0.5060012936592102
vt 0.8181241750717163 0.5189206600189209
vt 0.7950857877731323 0.6652722358703613
vt 0.8293415307998657 0.7497460842132568
vt 0.9351982474327087 0.7206754088401794
vt 0.9782838225364685 0.6185813546180725
vt 0.9946007132530212 0.6302706599235535
vt 0.9836401343345642 0.631186306476593
vt 0.8940998315811157 0.6439647674560547
vt 0.920101523399353 0.6084273755550385
vt 0.921502947807312 0.6534913778305054
vt 0.9903002381324768 0.3617272973060608
vt 0.9741738438606262 0.3846333622932434
vt 0.9741738438606262 0.3617272973060608
vt 0.9521552920341492 0.6782301068305969
vt 0.9764451384544373 0.6858367323875427
vt 0.9611155390739441 0.6907106041908264
vt 0.9903002381324768 0.5024451613426208
vt 0.9741738438606262 0.47908979654312134
vt 0.9903002381324768 0.47908979654312134
vt 0.9903002381324768 0.5707905888557434
vt 0.9741738438606262 0.5964522957801819
vt 0.9741738438606262 0.5707905888557434
vt 0.953298032283783 0.6353372931480408
vt 0.9805631041526794 0.6657271981239319
vt 0.9741738438606262 0.5478844046592712
vt 0.9903002381324768 0.5478844046592712
vt 0.9903002381324768 0.3846333622932434
vt 0.9741738438606262 0.4300723671913147
vt 0.8969153165817261 0.6605566740036011
vt 0.9111357927322388 0.6653364896774292
vt 0.9741738438606262 0.5024451613426208
vt 0.9645056128501892 0.6197484135627747
vt 0.9433788657188416 0.6315240263938904
vt 0.9846629500389099 0.6939015984535217
vt 0.9910046458244324 0.6673416495323181
vt 0.9433788657188416 0.6820481419563293
vt 0.9903002381324768 0.4534279704093933
vt 0.9741738438606262 0.4534279704093933
vt 0.8918029069900513 0.6074205338954926
vt 0.9091898202896118 0.5947056710720062
vt 0.9361110925674438 0.6608142852783203
vt 0.8879877328872681 0.6724936962127686
vt 0.8924084901809692 0.5798538625240326
vt 0.8975585699081421 0.5937398374080658
vt 0.9361110925674438 0.6070543229579926
vt 0.8778160810470581 0.6448830366134644
vt 0.9191862344741821 0.5827930867671967
vt 0.8759759664535522 0.6041248738765717
vt 0.9903002381324768 0.4300723671913147
vt 0.9591977000236511 0.6088312268257141
vt 0.8497589230537415 0.6414756178855896
vt 0.8731539845466614 0.5301746129989624
vt 0.7239097952842712 0.49197375774383545
vt 0.7053546905517578 0.46021533012390137
vt 0.6916863918304443 0.4610021114349365
vt 0.9483487010002136 0.7464320659637451
vt 0.8694978952407837 0.6442103385925293
vt 0.6195206046104431 0.7380484938621521
vt 0.7615329027175903 0.7103464305400848
vt 0.7695108652114868 0.7421146333217621
vt 0.7695108652114868 0.6769616007804871
vt 0.947648286819458 0.5702373087406158
vt 0.7963225841522217 0.8031677007675171
vt 0.9836856722831726 0.6067586541175842
vt 0.9903002381324768 0.5964522957801819
vt 0.958204448223114 0.7016646265983582
vt 0.9165178537368774 0.679286003112793
vn -0.7935496685227993 0.603214524238994 0.0800697279530772
vn -0.06705303137596258 0.9178507823960764 -0.3912209506636942
vn -0.7862227121625012 0.6148308274366343 0.061942719615985346
vn -0.7888847517969747 -0.45051040411462284 0.41797275529238115
vn -0.9465822738238849 0.09354104973903433 0.3085969392202771
vn -0.9362668228096286 0.12137642441707984 0.32965466795070386
vn 0.6878983881671729 -0.6642849236142411 -0.29244033206079356
vn -0.08183283586990826 -0.9735176792677998 0.21346361546297757
vn 0.7180331270865452 -0.6735543820727342 -0.17536511282730766
vn 0.7488079781932925 0.39559916376745813 -0.5317780678258189
vn 0.9170307070851581 -0.150600665000525 -0.3692886702354873
vn 0.7418661703547322 0.4271908403454836 -0.5168583666809728
vn -0.7862227121625012 0.6148308274366343 0.061942719615985346
vn -0.8252370331727262 -0.4325658371885288 0.3631399669241374
vn -0.7888847517969747 -0.45051040411462284 0.41797275529238115
vn 0.8768105515983674 -0.14351596493744337 -0.45891875578782027
vn -0.014218043446277405 0.9301397143978013 -0.3669304551826358
vn 0.7434374321686266 0.4706831163163709 -0.4751401777004641
vn 0.08552808621233565 0.994535862275187 -0.05986121546882927
vn 0.8148420376869309 0.5113577572062915 -0.2730305802710785
vn -0.0003701873385989352 0.9611826762197234 -0.2759125330542714
vn -0.8252370331727262 -0.4325658371885288 0.3631399669241374
vn -0.9463070107802408 0.037156302931959984 0.3211268448769014
vn 0.6230627611834917 -0.66939786652246 -0.40459769144371316
vn -0.13390246009443132 -0.9847982923790688 0.11064562579663703
vn 0.7014900413338013 0.43854295791836934 -0.5617755743797598
vn -0.7656149310286313 0.6269092233342934 0.1442865311954558
vn -0.7935496685227993 0.603214524238994 0.0800697279530772
vn -0.8051097215584527 -0.5008772579702265 0.31767956922077645
vn 0.8199589514097781 -0.1735012157149076 -0.545494863539911
vn -0.7656149310286313 0.6269092233342934 0.1442865311954558
vn -0.9431215623258086 -0.0747322868815365 0.323939506657619
vn -0.40875098471057214 0.5883516236962009 0.697685458779371
vn -0.735770087652684 0.6382839290546909 0.22635371440749166
vn 0.15996037627146786 -0.6268141907327514 0.7625723889042509
vn -0.741851534125871 -0.601149423381255 0.2971122213633702
vn 0.010767936684726297 -0.9920954480496362 0.12502269193528542
vn 0.8849530257654842 0.11577566625687141 0.45105890667549403
vn 0.7627440650336769 -0.6213357707642422 -0.17934143755615273
vn 0.951201898424324 -0.1182486559703505 -0.2850126379569295
vn 0.18089680999217 0.8682290057337858 0.46201162078153246
vn -0.735770087652684 0.6382839290546909 0.22635371440749166
vn -0.741851534125871 -0.601149423381255 0.2971122213633702
vn -0.5481822852109186 0.1053852925997702 0.8296927878947702
vn 0.7833760504013574 -0.2912161693563878 0.5491039121723333
vn 0.7475008048828533 0.5402963559976831 0.3864225593765348
vn 0.05687097890980207 0.0808284220144194 0.9951042447665971
vn 0.8849530257654842 0.11577566625687141 0.45105890667549403
vn 0.7475008048828533 0.5402963559976831 0.3864225593765348
vn -0.5481822852109186 0.1053852925997702 0.8296927878947702
vn 0.48612171642641794 0.08849721857234404 0.8693985962282156
vn -0.40875098471057214 0.5883516236962009 0.697685458779371
vn 0.2684030136788629 0.43700311057366353 0.8584801125227344
vn -0.441497876508705 -0.3030837576583079 0.8445234519431796
vn 0.15996037627146786 -0.6268141907327514 0.7625723889042509
vn 0.03367165331973284 0.440357037552996 0.8971911163404735
vn 0.7833760504013574 -0.2912161693563878 0.5491039121723333
vn 0.29757341185137565 0.058799603497966486 0.9528864943882945
vn 0.18089680999217 0.8682290057337858 0.46201162078153246
vn 0.4678462814347602 0.40368889279539194 0.7862284240481883
vn 0.20933702429558304 -0.4187893290158702 0.8836252079708387
vn 0.7359031150641127 0.5130376738718203 0.44185851856349573
vn 0.5854424210273754 0.2480001950198909 0.7718504226413959
vn 0.16720709013372942 0.7627628184010574 0.6246876594538159
vn -0.44460575056969376 -0.17747500751681053 0.8779683070972819
vn -0.12600548915922705 0.26277063584381144 0.9565951126991938
vn 0.7821472992435441 -0.184282596743943 0.5952188898408208
vn -0.4793669860962832 0.5200953695834724 0.7069003460027425
vn -0.9959584480389393 -0.06874455652597236 0.057801001097859066
vn -0.7922080211613779 0.5239318335990581 -0.31289276909047076
vn -0.7911671211807707 0.6115920989113788 -0.0031130229208367935
vn -0.7651207258624564 -0.6351496945912927 0.10571253623055007
vn -0.0489103556760394 -0.9396567511163901 -0.33860444059260897
vn -0.76143169706746 -0.5389996357309824 -0.36014047729023235
vn 0.9560055427781037 -0.03516818000212339 -0.291232898713181
vn 0.760152701415912 -0.544168354076435 -0.3550333406200533
vn 0.8208767666977688 -0.5504352628194781 -0.1522575296682202
vn 0.053780975100071904 0.9765520064844987 -0.2084557155570098
vn 0.7257729292176422 0.5474987780038788 -0.41653180346655755
vn 0.7728250099728884 0.5538114621722363 -0.30989412438291647
vn -0.7911671211807707 0.6115920989113788 -0.0031130229208367935
vn -0.0389475748976264 0.9119864061106433 -0.4083673364496557
vn -0.76143169706746 -0.5389996357309824 -0.36014047729023235
vn -0.9425681825629841 -0.02227293354540002 -0.33327036719635766
vn 0.05349167264481429 -0.9908092097207293 0.12424069739921745
vn 0.9145215907764619 -0.02602292360885164 -0.40369922894469007
vn -0.8732631735903181 -0.34837070033569306 -0.3406600722106781
vn -0.9900581344491101 0.13224028868349935 0.04793116376693478
vn -0.7987987648203009 -0.30833948774891395 -0.5165726411805982
vn 0.5412599296818791 -0.48689214295914085 -0.685546300147133
vn -0.20520206583256184 -0.543793295286601 -0.8137450240581434
vn 0.5141779135067025 -0.4811262406946459 -0.7100271922799378
vn 0.789541363154593 0.5853635368840875 0.18432027982438207
vn 0.9718771206883119 -0.10193620712371411 -0.2122825286259509
vn 0.9479790564338865 0.02668153272406196 -0.3172125539353906
vn 0.7279095514269943 0.6726354018607832 -0.13307629805842483
vn -0.9426147182463975 0.07107266018130826 0.32623024065836775
vn -0.5874159241780758 0.6425311071771561 0.49203283257493585
vn -0.23038021562181876 -0.5531036450367447 -0.8006255767192995
vn -0.7987987648203009 -0.30833948774891395 -0.5165726411805982
vn -0.466591042532881 0.46933658448311916 0.7496772435480481
vn 0.15827499201011214 0.8339241344365184 0.5286960988209602
vn -0.5874159241780758 0.6425311071771561 0.49203283257493585
vn 0.942936163785057 0.04400462037736649 -0.3300530024280409
vn -0.714392127808707 0.6990460229907525 0.03128171136239619
vn 0.6091489795228049 -0.5564580291303587 -0.565059273494987
vn -0.7922080211613779 0.5239318335990581 -0.31289276909047076
vn 0.0058449599363985805 0.9999808977466829 0.0020101206629832124
vn -0.17723565245687659 -0.7013379449518123 -0.6904437779203705
vn -0.7532277552084505 -0.38412894726431907 -0.5339409149496266
vn -0.5671797907925444 -0.8207323319498327 0.068596823605142
vn -0.6015267875016808 -0.6054814707213668 0.5211119961495785
vn 0.40051861336268324 -0.8965670492157488 -0.18908296224302826
vn -0.14178094193332527 -0.955198761320374 -0.25979509401934925
vn 0.8740128217304862 0.32784101763559 0.3586388916533928
vn 0.6843649397180327 -0.7142035955016126 0.14682592910416797
vn -0.31332162976911837 -0.38466407795674606 0.8682529029312313
vn -0.466591042532881 0.46933658448311916 0.7496772435480481
vn -0.8732631735903181 -0.34837070033569306 -0.3406600722106781
vn -0.5671797907925444 -0.8207323319498327 0.068596823605142
vn 0.2846336671085438 0.5621306389615807 0.7765261233783366
vn 0.6525180253632151 -0.498975117838242 0.5703017257157852
vn 0.23746297408644082 -0.3386023228903324 0.9104722965973723
vn 0.6525180253632151 -0.498975117838242 0.5703017257157852
vn 0.015234346928343936 -0.9864919189270038 0.1630999956020378
vn -0.1811669643308979 -0.938544340297358 0.29379083091703906
vn -0.31332162976911837 -0.38466407795674606 0.8682529029312313
vn 0.23746297408644082 -0.3386023228903324 0.9104722965973723
vn -0.6015267875016808 -0.6054814707213668 0.5211119961495785
vn 0.38882904537455565 -0.7527798007953488 0.531163388222143
vn 0.43973822107472954 -0.8503613733707004 0.2889910580020229
vn 0.40051861336268324 -0.8965670492157488 -0.18908296224302826
vn 0.17791081725168872 -0.7212891582963937 0.6693950188258919
vn -0.14178094193332527 -0.955198761320374 -0.25979509401934925
vn 0.6843649397180327 -0.7142035955016126 0.14682592910416797
vn -0.22209961415640891 -0.8327545778245689 0.5071405865278368
vn 0.25747830323383986 -0.9544429264759028 0.1508098917973803
vn -0.5671797907925444 -0.8207323319498327 0.068596823605142
vn -0.06052759620491977 -0.74776371323945 0.6612003019206842
vn 0.46835403329179814 -0.8215011732499952 -0.3252388689074333
vn 0.28028077369660725 -0.2776438637523503 0.9188887706445745
vn 0.7664259917771155 -0.353729084916883 0.5361594292860373
vn -0.31691012401605734 -0.3600016326184432 0.8774775198306695
vn -0.12849582263676496 -0.9379527751896652 -0.32207672234873846
vn -0.5986942937073272 -0.800320876890933 0.032428948407439546
vn 0.821673045906602 -0.569952733938082 -0.00269939012987924
vn -0.6564631467986399 -0.5518886806142493 0.5142713496833073
vn -0.517899533233173 0.6031398206167371 0.6066320386060003
vn 0.16812926406855833 0.8831398948797451 0.43794574622384197
vn -0.4898685180897819 0.7610001604999519 0.4253323297182669
vn -0.8151176704783527 0.2690740133090303 -0.5130130199475595
vn -0.9329555370484313 0.3209084541659394 0.16313102076398592
vn -0.883900969466057 0.46181904874986623 0.07377155541760948
vn 0.436563230515729 -0.04057439690461213 -0.8987581788654262
vn -0.27903583400967563 0.1975108773859823 -0.939749145598305
vn 0.36978217555308374 0.2734563441864014 -0.887965523242562
vn 0.6746937591269863 0.7359585212425483 0.05615502119648673
vn 0.8442854322622244 0.2946228562791898 -0.44763766757019124
vn 0.7396381987776213 0.4737518393618661 -0.4780110141097635
vn -0.4898685180897819 0.7610001604999519 0.4253323297182669
vn -0.8776383841359655 0.02908648143783684 -0.47844001012538434
vn -0.8151176704783527 0.2690740133090303 -0.5130130199475595
vn 0.771111832053947 0.6063506810254586 0.19423026048061642
vn 0.2198556016849263 0.7325645976405212 0.6442147349227122
vn 0.8015152644216768 0.5677682348196602 0.18764997316497709
vn 0.44285562508252324 0.030817591727814644 -0.8960631514423888
vn 0.8623735655255526 0.26827140958076345 -0.4293510035906472
vn -0.3082530979098419 -0.08548572874166842 -0.9474556547989417
vn -0.8917032844684305 -0.008295263102653423 -0.45254440785216976
vn -0.5220206454788157 0.58255087394168 0.6229999397782198
vn -0.9443339698786133 0.2546638725160991 0.20827785616431385
vn -0.8917032844684305 -0.008295263102653423 -0.45254440785216976
vn -0.5220206454788157 0.58255087394168 0.6229999397782198
vn -0.9271654662229681 -0.04800760807740724 0.3715635447810134
vn -0.517899533233173 0.6031398206167371 0.6066320386060003
vn -0.32070525655806736 -0.40776283507506145 -0.8549138019400392
vn -0.2920699854526081 -0.161702213023091 -0.9426279848917855
vn 0.5260915971947713 -0.23457945261705812 -0.8174350810742932
vn 0.2768284189478273 0.37172199268640405 0.8861087893797777
vn 0.22223027304013956 0.721857543562133 0.6553894968237958
vn -0.5162667772901596 0.22217826140404814 0.8271066647210065
vn -0.9143254438864896 -0.29733098018383525 -0.2749604896793236
vn -0.8776383841359655 0.02908648143783684 -0.47844001012538434
vn 0.9538023170440981 0.018064655096762593 -0.299891327379677
vn 0.8941607440611334 0.053954185609872495 0.44448341885295994
vn 0.8711568235058637 0.2705702889786908 0.40972857794052076
vn -0.5141184739564355 0.02945823297756451 0.8572131632485269
vn -0.9191357881060996 -0.1832315014057769 0.34873431135344846
vn -0.2837124552827526 -0.3650721887220887 -0.8866958552621614
vn -0.5162667772901596 0.22217826140404814 0.8271066647210065
vn -0.8701963873405775 -0.37347858209132057 -0.3213596057043643
vn -0.9143254438864896 -0.29733098018383525 -0.2749604896793236
vn 0.9494546044510257 -0.11548339867021122 -0.2918896002229668
vn -0.8311857721376361 -0.4519506811515263 0.32383760436773407
vn -0.5141184739564355 0.02945823297756451 0.8572131632485269
vn -0.23184250304943618 -0.6912029463310606 -0.6844614969178566
vn 0.4460473678116587 -0.6195804366730345 -0.6458806609276536
vn 0.49365967231600655 -0.25102831434970885 -0.8326373240034324
vn 0.2751532419263716 -0.3800561076785587 0.8830900568309165
vn 0.2884057680311098 0.13810494694896297 0.9474962462166328
vn -0.43464008117338715 -0.4107777110926311 0.801467199520411
vn -0.764042201340106 -0.6001438437149935 -0.23678446195297193
vn -0.8701963873405775 -0.37347858209132057 -0.3213596057043643
vn 0.8487882596048584 -0.49448913299859953 -0.18718703935702574
vn -0.8299911141912235 -0.4824325025507588 -0.27995290826534325
vn -0.27173643234161776 -0.5431508906274454 -0.794447242646648
vn 0.7051970550670309 -0.5806592790864369 0.4068561356740321
vn 0.8031487092420417 -0.4076424531728313 0.4344879528986714
vn -0.40573915506712444 -0.5360534729266182 0.7402853586345789
vn -0.43464008117338715 -0.4107777110926311 0.801467199520411
vn -0.764042201340106 -0.6001438437149935 -0.23678446195297193
vn 0.4668045346825105 -0.5515748446181333 -0.6912732579699051
vn 0.2219032657153339 -0.5844337499654487 0.780510174543672
vn 0.9195896231740379 -0.2315479994968556 -0.31739635927281024
vn 0.47440449565255743 -0.514620996790008 -0.7142167767334378
vn 0.5125890410149768 0.09153001321527642 -0.8537416071108153
vn -0.506328553237681 -0.45856327147323633 0.7303089224650071
vn 0.3540290652829661 -0.9000942280971354 0.25395629836861955
vn 0.21437698862337834 -0.600442470088527 0.7703968762026233
vn -0.6912150292686116 -0.6979612311791319 0.1872749398187135
vn 0.47440449565255743 -0.514620996790008 -0.7142167767334378
vn 0.3540290652829661 -0.9000942280971354 0.25395629836861955
vn 0.929819131373992 -0.23394493038455247 -0.2840882828950928
vn 0.4668045346825105 -0.5515748446181333 -0.6912732579699051
vn 0.8130889338275962 -0.5568323873334028 -0.1697765534568483
vn 0.2520594348846249 -0.4428988645701886 0.8604107374086408
vn 0.7051970550670309 -0.5806592790864369 0.4068561356740321
vn 0.2219032657153339 -0.5844337499654487 0.780510174543672
vn -0.40573915506712444 -0.5360534729266182 0.7402853586345789
vn -0.8299911141912235 -0.4824325025507588 -0.27995290826534325
vn -0.9401547670746757 -0.15824226188197618 0.3017754140105493
vn -0.8290678284797877 -0.44950303594705177 0.33255609519928014
vn 0.512580197126405 -0.055156733582671306 -0.856865961661651
vn -0.27173643234161776 -0.5431508906274454 -0.794447242646648
vn -0.27110744706627604 0.2622230754517739 -0.9261424355064505
vn -0.5415483931101939 -0.3240721071154755 -0.7756949189658926
vn -0.9047258474389627 0.13424202141057967 -0.4042897731373528
vn -0.9534922607329529 -0.15746675333475554 0.25701503908638135
vn -0.6912150292686116 -0.6979612311791319 0.1872749398187135
vn -0.910977125373225 -0.0017119364650609197 -0.4124533262325267
vn -0.8299911141912235 -0.4824325025507588 -0.27995290826534325
vn 0.8060927166882415 -0.49889364225782684 0.3183075019802238
vn -0.4853797816179749 -0.34094648985959186 0.8050850629895642
vn -0.9047258474389627 0.13424202141057967 -0.4042897731373528
vn -0.29501614056268244 0.05078570147027138 -0.954141650560163
vn -0.910977125373225 -0.0017119364650609197 -0.4124533262325267
vn 0.8305457448871861 -0.39101070848309044 0.39661617655025233
vn 0.8529124650471028 -0.18910747787932766 -0.4865991047848258
vn 0.03927544704681266 0.9863865874850425 -0.15968387297684689
vn 0.6496759264488495 -0.6512620102356153 -0.3921466366255029
vn -0.08284251514622334 -0.9954852684776727 -0.04632707554102676
vn -0.7701093518859972 -0.5651479013890163 0.2958706401340294
vn -0.14520912190688343 -0.9887972151103317 -0.0345597787186828
vn -0.7701093518859972 -0.5651479013890163 0.2958706401340294
vn -0.9392754534809432 -0.042719782255997686 0.3404947028841544
vn -0.7452582235953772 0.6315008848019854 0.21400189872468928
vn -0.8051097215584527 -0.5008772579702265 0.31767956922077645
vn -0.7452582235953772 0.6315008848019854 0.21400189872468928
vn -0.714392127808707 0.6990460229907525 0.03128171136239619
vn -0.7532277552084505 -0.38412894726431907 -0.5339409149496266
vn -0.9680607151985593 0.11840710725690237 -0.2209936846163404
vn 0.3471716622869865 -0.7797422708463619 0.5210315038078307
vn -0.3506143532334759 -0.37419965103741193 0.8585127817744769
vn 0.08160363598793897 -0.892968334944748 0.44266059162698496
vn -0.598719534644472 0.7992370775302062 0.05248821521143717
vn 0.23001826840678752 0.8083094506293922 -0.5419662611476412
vn -0.0564425793094562 0.6723655832605435 -0.738064196183235
vn -0.7481770629139699 -0.6064229261114261 0.26922540224852753
vn -0.766391606530138 0.2387331266162283 0.5963643179267135
vn -0.9872619776761797 0.06065821234151286 0.14708626282032716
vn 0.2570099857143167 -0.9375426055833066 -0.2344349162543648
vn -0.21088214566221503 -0.9693398341034111 0.12613091080806457
vn -0.11033583472876632 -0.9750625778221067 -0.19255901148898416
vn 0.8419540842743968 -0.3049343852919636 -0.445116097934319
vn 0.8626587932314849 0.505686485024954 0.01004914541168567
vn 0.970364202715915 -0.15966743596263325 0.1813825349382484
vn -0.3997281859915373 -0.6824525010532149 -0.6119444101633145
vn -0.9872619776761797 0.06065821234151286 0.14708626282032716
vn -0.5968437180326835 -0.023425411655827302 -0.8020154776147886
vn 0.5398083415140668 -0.8366538838921085 -0.09282905256482399
vn -0.036110353669654274 -0.945705169166038 0.3230135838792048
vn 0.2435538260474978 0.10780670995882638 -0.9638771950334122
vn 0.3761755568922665 -0.5395874646155407 -0.7532179753740385
vn -0.5518644392570591 -0.49515223957639615 0.6710215349196855
vn -0.5794553626086079 0.3074953822348639 0.7547702118183799
vn -0.7361710457852105 0.6694413070685262 -0.09950139565801243
vn -0.5003539829329734 0.6273532616217755 -0.5967191775832499
vn 0.7039227028650312 0.3109134683484546 -0.6386122795489636
vn 0.5833687383384548 -0.7924547769227702 0.17803466421369232
vn 0.8419540842743968 -0.3049343852919636 -0.445116097934319
vn -0.7481770629139699 -0.6064229261114261 0.26922540224852753
vn -0.5518644392570591 -0.49515223957639615 0.6710215349196855
vn 0.3761755568922665 -0.5395874646155407 -0.7532179753740385
vn 0.3975177045131438 -0.12973641724369228 0.9083766491050786
vn 0.22839286067176165 0.556691338599115 0.7987061128618554
vn -0.5218802787108036 0.8256898428128479 0.21418977139076611
vn 0.32266438304006 0.9308810636595476 -0.17131299202759454
vn 0.2435538260474978 0.10780670995882638 -0.9638771950334122
vn -0.9872619776761797 0.06065821234151286 0.14708626282032716
vn 0.22839286067176165 0.556691338599115 0.7987061128618554
vn -0.04840305010795434 0.9531507118432628 0.2985981668612993
vn 0.7039227028650312 0.3109134683484546 -0.6386122795489636
vn -0.766391606530138 0.2387331266162283 0.5963643179267135
vn 0.8626587932314849 0.505686485024954 0.01004914541168567
vn -0.5794553626086079 0.3074953822348639 0.7547702118183799
vn -0.3506143532334759 -0.37419965103741193 0.8585127817744769
vn 0.970364202715915 -0.15966743596263325 0.1813825349382484
vn -0.441497876508705 -0.3030837576583079 0.8445234519431796
vn -0.40875098471057214 0.5883516236962009 0.697685458779371
vn -0.441497876508705 -0.3030837576583079 0.8445234519431796
vn 0.8874625934633233 0.20840572028969248 0.41106836530422364
vn -0.6415956773349402 0.16559571665650805 0.7489546351082533
vn -0.7651207258624564 -0.6351496945912927 0.10571253623055007
vn -0.31332162976911837 -0.38466407795674606 0.8682529029312313
vn -0.8290678284797877 -0.44950303594705177 0.33255609519928014
vn 0.8130889338275962 -0.5568323873334028 -0.1697765534568483
vn -0.8299911141912235 -0.4824325025507588 -0.27995290826534325
vn -0.40573915506712444 -0.5360534729266182 0.7402853586345789
vn -0.5415483931101939 -0.3240721071154755 -0.7756949189658926
vn -0.5415483931101939 -0.3240721071154755 -0.7756949189658926
vn 0.3975177045131438 -0.12973641724369228 0.9083766491050786
vn -0.7481770629139699 -0.6064229261114261 0.26922540224852753
vn -0.3997281859915373 -0.6824525010532149 -0.6119444101633145
vn -0.5968437180326835 -0.023425411655827302 -0.8020154776147886
f 2647/2647/2647 2648/2648/2648 2649/2649/2649
f 2650/2650/2650 2651/2651/2651 2652/2652/2652
f 2653/2653/2653 2654/2654/2654 2655/2655/2655
f 2656/2656/2656 2657/2657/2657 2658/2658/2658
f 2651/2651/2651 2659/2659/2659 2652/2652/2652
f 2654/2654/2654 2660/2660/2660 2661/2661/2661
f 2662/2662/2662 2655/2655/2655 2657/2657/2657
f 2663/2663/2663 2658/2658/2658 2648/2648/2648
f 2664/2664/2664 2665/2665/2665 2666/2666/2666
f 2667/2667/2667 2656/2656/2656 2663/2663/2663
f 2668/2668/2668 2669/2669/2669 2651/2651/2651
f 2670/2670/2670 2671/2671/2671 2653/2653/2653
f 2672/2672/2672 2662/2662/2662 2656/2656/2656
f 2651/2651/2651 2673/2673/2673 2674/2674/2674
f 2671/2671/2671 2675/2675/2675 2660/2660/2660
f 2676/2676/2676 2653/2653/2653 2662/2662/2662
f 2677/2677/2677 2663/2663/2663 2647/2647/2647
f 2678/2678/2678 2679/2679/2679 2680/2680/2680
f 2681/2681/2681 2682/2682/2682 2683/2683/2683
f 2684/2684/2684 2685/2685/2685 2686/2686/2686
f 2687/2687/2687 2666/2666/2666 2665/2665/2665
f 2688/2688/2688 2687/2687/2687 2665/2665/2665
f 2689/2689/2689 2690/2690/2690 2678/2678/2678
f 2691/2691/2691 2683/2683/2683 2685/2685/2685
f 2692/2692/2692 2686/2686/2686 2666/2666/2666
f 2693/2693/2693 2694/2694/2694 2695/2695/2695
f 2696/2696/2696 2697/2697/2697 2698/2698/2698
f 2699/2699/2699 2700/2700/2700 2701/2701/2701
f 2694/2694/2694 2702/2702/2702 2703/2703/2703
f 2704/2704/2704 2695/2695/2695 2705/2705/2705
f 2698/2698/2698 2704/2704/2704 2705/2705/2705
f 2706/2706/2706 2696/2696/2696 2700/2700/2700
f 2703/2703/2703 2699/2699/2699 2701/2701/2701
f 2707/2707/2707 2693/2693/2693 2704/2704/2704
f 2697/2697/2697 2707/2707/2707 2704/2704/2704
f 2708/2708/2708 2709/2709/2709 2706/2706/2706
f 2702/2702/2702 2710/2710/2710 2699/2699/2699
f 2711/2711/2711 2712/2712/2712 2693/2693/2693
f 2709/2709/2709 2713/2713/2713 2697/2697/2697
f 2710/2710/2710 2706/2706/2706 2699/2699/2699
f 2712/2712/2712 2714/2714/2714 2702/2702/2702
f 2715/2715/2715 2716/2716/2716 2717/2717/2717
f 2718/2718/2718 2719/2719/2719 2720/2720/2720
f 2721/2721/2721 2722/2722/2722 2723/2723/2723
f 2724/2724/2724 2725/2725/2725 2726/2726/2726
f 2727/2727/2727 2728/2728/2728 2724/2724/2724
f 2715/2715/2715 2729/2729/2729 2730/2730/2730
f 2731/2731/2731 2722/2722/2722 2719/2719/2719
f 2726/2726/2726 2732/2732/2732 2721/2721/2721
f 2733/2733/2733 2734/2734/2734 2735/2735/2735
f 2736/2736/2736 2737/2737/2737 2738/2738/2738
f 2739/2739/2739 2740/2740/2740 2741/2741/2741
f 2728/2728/2728 2742/2742/2742 2725/2725/2725
f 2743/2743/2743 2744/2744/2744 2734/2734/2734
f 2745/2745/2745 2746/2746/2746 2737/2737/2737
f 2741/2741/2741 2736/2736/2736 2738/2738/2738
f 2747/2747/2747 2748/2748/2748 2749/2749/2749
f 2750/2750/2750 2722/2722/2722 2732/2732/2732
f 2730/2730/2730 2751/2751/2751 2716/2716/2716
f 2752/2752/2752 2719/2719/2719 2722/2722/2722
f 2753/2753/2753 2754/2754/2754 2728/2728/2728
f 2755/2755/2755 2720/2720/2720 2719/2719/2719
f 2725/2725/2725 2750/2750/2750 2732/2732/2732
f 2756/2756/2756 2730/2730/2730 2729/2729/2729
f 2743/2743/2743 2757/2757/2757 2758/2758/2758
f 2745/2745/2745 2759/2759/2759 2760/2760/2760
f 2761/2761/2761 2762/2762/2762 2740/2740/2740
f 2743/2743/2743 2763/2763/2763 2764/2764/2764
f 2765/2765/2765 2760/2760/2760 2766/2766/2766
f 2736/2736/2736 2762/2762/2762 2759/2759/2759
f 2767/2767/2767 2768/2768/2768 2761/2761/2761
f 2747/2747/2747 2769/2769/2769 2767/2767/2767
f 2770/2770/2770 2771/2771/2771 2772/2772/2772
f 2773/2773/2773 2771/2771/2771 2774/2774/2774
f 2775/2775/2775 2776/2776/2776 2777/2777/2777
f 2778/2778/2778 2779/2779/2779 2780/2780/2780
f 2781/2781/2781 2772/2772/2772 2782/2782/2782
f 2775/2775/2775 2783/2783/2783 2773/2773/2773
f 2784/2784/2784 2779/2779/2779 2776/2776/2776
f 2781/2781/2781 2785/2785/2785 2778/2778/2778
f 2777/2777/2777 2786/2786/2786 2783/2783/2783
f 2776/2776/2776 2787/2787/2787 2788/2788/2788
f 2782/2782/2782 2789/2789/2789 2785/2785/2785
f 2772/2772/2772 2790/2790/2790 2791/2791/2791
f 2783/2783/2783 2790/2790/2790 2771/2771/2771
f 2777/2777/2777 2788/2788/2788 2792/2792/2792
f 2785/2785/2785 2787/2787/2787 2779/2779/2779
f 2782/2782/2782 2791/2791/2791 2793/2793/2793
f 2748/2748/2748 2761/2761/2761 2739/2739/2739
f 2794/2794/2794 2795/2795/2795 2796/2796/2796
f 2797/2797/2797 2798/2798/2798 2799/2799/2799
f 2800/2800/2800 2801/2801/2801 2802/2802/2802
f 2803/2803/2803 2804/2804/2804 2805/2805/2805
f 2798/2798/2798 2806/2806/2806 2799/2799/2799
f 2801/2801/2801 2807/2807/2807 2808/2808/2808
f 2804/2804/2804 2802/2802/2802 2805/2805/2805
f 2795/2795/2795 2809/2809/2809 2803/2803/2803
f 2810/2810/2810 2803/2803/2803 2811/2811/2811
f 2805/2805/2805 2812/2812/2812 2813/2813/2813
f 2814/2814/2814 2808/2808/2808 2815/2815/2815
f 2799/2799/2799 2816/2816/2816 2817/2817/2817
f 2811/2811/2811 2805/2805/2805 2813/2813/2813
f 2812/2812/2812 2801/2801/2801 2814/2814/2814
f 2818/2818/2818 2799/2799/2799 2817/2817/2817
f 2796/2796/2796 2810/2810/2810 2819/2819/2819
f 2820/2820/2820 2821/2821/2821 2798/2798/2798
f 2822/2822/2822 2807/2807/2807 2823/2823/2823
f 2804/2804/2804 2824/2824/2824 2800/2800/2800
f 2825/2825/2825 2809/2809/2809 2826/2826/2826
f 2827/2827/2827 2826/2826/2826 2794/2794/2794
f 2828/2828/2828 2798/2798/2798 2829/2829/2829
f 2800/2800/2800 2822/2822/2822 2823/2823/2823
f 2809/2809/2809 2830/2830/2830 2804/2804/2804
f 2825/2825/2825 2831/2831/2831 2832/2832/2832
f 2833/2833/2833 2825/2825/2825 2827/2827/2827
f 2828/2828/2828 2834/2834/2834 2820/2820/2820
f 2824/2824/2824 2835/2835/2835 2822/2822/2822
f 2831/2831/2831 2830/2830/2830 2832/2832/2832
f 2834/2834/2834 2836/2836/2836 2820/2820/2820
f 2822/2822/2822 2837/2837/2837 2838/2838/2838
f 2839/2839/2839 2824/2824/2824 2830/2830/2830
f 2840/2840/2840 2841/2841/2841 2834/2834/2834
f 2842/2842/2842 2837/2837/2837 2835/2835/2835
f 2839/2839/2839 2843/2843/2843 2844/2844/2844
f 2845/2845/2845 2831/2831/2831 2846/2846/2846
f 2847/2847/2847 2846/2846/2846 2833/2833/2833
f 2848/2848/2848 2834/2834/2834 2849/2849/2849
f 2844/2844/2844 2842/2842/2842 2835/2835/2835
f 2831/2831/2831 2850/2850/2850 2839/2839/2839
f 2851/2851/2851 2840/2840/2840 2848/2848/2848
f 2843/2843/2843 2852/2852/2852 2842/2842/2842
f 2853/2853/2853 2850/2850/2850 2854/2854/2854
f 2840/2840/2840 2855/2855/2855 2856/2856/2856
f 2852/2852/2852 2857/2857/2857 2842/2842/2842
f 2850/2850/2850 2858/2858/2858 2843/2843/2843
f 2859/2859/2859 2854/2854/2854 2845/2845/2845
f 2847/2847/2847 2859/2859/2859 2845/2845/2845
f 2860/2860/2860 2861/2861/2861 2862/2862/2862
f 2863/2863/2863 2864/2864/2864 2865/2865/2865
f 2866/2866/2866 2867/2867/2867 2868/2868/2868
f 2869/2869/2869 2870/2870/2870 2871/2871/2871
f 2872/2872/2872 2873/2873/2873 2874/2874/2874
f 2875/2875/2875 2872/2872/2872 2874/2874/2874
f 2876/2876/2876 2877/2877/2877 2878/2878/2878
f 2879/2879/2879 2880/2880/2880 2870/2870/2870
f 2881/2881/2881 2882/2882/2882 2883/2883/2883
f 2884/2884/2884 2885/2885/2885 2863/2863/2863
f 2880/2880/2880 2886/2886/2886 2887/2887/2887
f 2864/2864/2864 2860/2860/2860 2888/2888/2888
f 2878/2878/2878 2889/2889/2889 2875/2875/2875
f 2861/2861/2861 2881/2881/2881 2862/2862/2862
f 2890/2890/2890 2885/2885/2885 2884/2884/2884
f 2865/2865/2865 2864/2864/2864 2888/2888/2888
f 2891/2891/2891 2862/2862/2862 2881/2881/2881
f 2884/2884/2884 2892/2892/2892 2890/2890/2890
f 2865/2865/2865 2889/2889/2889 2863/2863/2863
f 2893/2893/2893 2865/2865/2865 2888/2888/2888
f 2879/2879/2879 2860/2860/2860 2862/2862/2862
f 2883/2883/2883 2891/2891/2891 2881/2881/2881
f 2863/2863/2863 2877/2877/2877 2884/2884/2884
f 2869/2869/2869 2888/2888/2888 2860/2860/2860
f 2893/2893/2893 2871/2871/2871 2873/2873/2873
f 2894/2894/2894 2666/2666/2666 2686/2686/2686
f 2672/2672/2672 2895/2895/2895 2664/2664/2664
f 2896/2896/2896 2686/2686/2686 2685/2685/2685
f 2676/2676/2676 2664/2664/2664 2894/2894/2894
f 2897/2897/2897 2685/2685/2685 2683/2683/2683
f 2670/2670/2670 2894/2894/2894 2896/2896/2896
f 2897/2897/2897 2682/2682/2682 2898/2898/2898
f 2899/2899/2899 2896/2896/2896 2897/2897/2897
f 2900/2900/2900 2678/2678/2678 2901/2901/2901
f 2898/2898/2898 2899/2899/2899 2897/2897/2897
f 2901/2901/2901 2680/2680/2680 2902/2902/2902
f 2901/2901/2901 2903/2903/2903 2900/2900/2900
f 2904/2904/2904 2665/2665/2665 2895/2895/2895
f 2902/2902/2902 2669/2669/2669 2901/2901/2901
f 2895/2895/2895 2677/2677/2677 2904/2904/2904
f 2748/2748/2748 2742/2742/2742 2754/2754/2754
f 2905/2905/2905 2748/2748/2748 2754/2754/2754
f 2741/2741/2741 2752/2752/2752 2750/2750/2750
f 2737/2737/2737 2906/2906/2906 2755/2755/2755
f 2907/2907/2907 2744/2744/2744 2751/2751/2751
f 2739/2739/2739 2750/2750/2750 2742/2742/2742
f 2738/2738/2738 2755/2755/2755 2752/2752/2752
f 2756/2756/2756 2734/2734/2734 2907/2907/2907
f 2908/2908/2908 2909/2909/2909 2910/2910/2910
f 2911/2911/2911 2912/2912/2912 2913/2913/2913
f 2914/2914/2914 2915/2915/2915 2916/2916/2916
f 2917/2917/2917 2918/2918/2918 2919/2919/2919
f 2920/2920/2920 2921/2921/2921 2922/2922/2922
f 2923/2923/2923 2924/2924/2924 2925/2925/2925
f 2926/2926/2926 2927/2927/2927 2917/2917/2917
f 2923/2923/2923 2928/2928/2928 2929/2929/2929
f 2930/2930/2930 2931/2931/2931 2915/2915/2915
f 2932/2932/2932 2913/2913/2913 2933/2933/2933
f 2929/2929/2929 2934/2934/2934 2920/2920/2920
f 2935/2935/2935 2910/2910/2910 2926/2926/2926
f 2936/2936/2936 2935/2935/2935 2926/2926/2926
f 2937/2937/2937 2919/2919/2919 2918/2918/2918
f 2938/2938/2938 2918/2918/2918 2927/2927/2927
f 2919/2919/2919 2939/2939/2939 2917/2917/2917
f 2910/2910/2910 2938/2938/2938 2927/2927/2927
f 2917/2917/2917 2936/2936/2936 2926/2926/2926
f 2940/2940/2940 2921/2921/2921 2941/2941/2941
f 2942/2942/2942 2943/2943/2943 2912/2912/2912
f 2944/2944/2944 2933/2933/2933 2913/2913/2913
f 2933/2933/2933 2945/2945/2945 2932/2932/2932
f 2946/2946/2946 2943/2943/2943 2947/2947/2947
f 2948/2948/2948 2913/2913/2913 2912/2912/2912
f 2932/2932/2932 2949/2949/2949 2911/2911/2911
f 2949/2949/2949 2942/2942/2942 2911/2911/2911
f 2950/2950/2950 2912/2912/2912 2943/2943/2943
f 2951/2951/2951 2947/2947/2947 2942/2942/2942
f 2940/2940/2940 2931/2931/2931 2952/2952/2952
f 2953/2953/2953 2908/2908/2908 2935/2935/2935
f 2647/2647/2647 2663/2663/2663 2648/2648/2648
f 2650/2650/2650 2668/2668/2668 2651/2651/2651
f 2653/2653/2653 2671/2671/2671 2654/2654/2654
f 2656/2656/2656 2662/2662/2662 2657/2657/2657
f 2651/2651/2651 2674/2674/2674 2659/2659/2659
f 2654/2654/2654 2671/2671/2671 2660/2660/2660
f 2662/2662/2662 2653/2653/2653 2655/2655/2655
f 2663/2663/2663 2656/2656/2656 2658/2658/2658
f 2664/2664/2664 2895/2895/2895 2665/2665/2665
f 2667/2667/2667 2672/2672/2672 2656/2656/2656
f 2668/2668/2668 2903/2903/2903 2669/2669/2669
f 2670/2670/2670 2899/2899/2899 2671/2671/2671
f 2672/2672/2672 2676/2676/2676 2662/2662/2662
f 2651/2651/2651 2669/2669/2669 2673/2673/2673
f 2671/2671/2671 2899/2899/2899 2675/2675/2675
f 2676/2676/2676 2670/2670/2670 2653/2653/2653
f 2677/2677/2677 2667/2667/2667 2663/2663/2663
f 2678/2678/2678 2690/2690/2690 2679/2679/2679
f 2681/2681/2681 2954/2954/2954 2682/2682/2682
f 2684/2684/2684 2691/2691/2691 2685/2685/2685
f 2687/2687/2687 2692/2692/2692 2666/2666/2666
f 2688/2688/2688 2955/2955/2955 2687/2687/2687
f 2689/2689/2689 2956/2956/2956 2690/2690/2690
f 2691/2691/2691 2681/2681/2681 2683/2683/2683
f 2692/2692/2692 2684/2684/2684 2686/2686/2686
f 2693/2693/2693 2712/2712/2712 2694/2694/2694
f 2696/2696/2696 2709/2709/2709 2697/2697/2697
f 2699/2699/2699 2706/2706/2706 2700/2700/2700
f 2694/2694/2694 2712/2712/2712 2702/2702/2702
f 2704/2704/2704 2693/2693/2693 2695/2695/2695
f 2698/2698/2698 2697/2697/2697 2704/2704/2704
f 2706/2706/2706 2709/2709/2709 2696/2696/2696
f 2703/2703/2703 2702/2702/2702 2699/2699/2699
f 2707/2707/2707 2711/2711/2711 2693/2693/2693
f 2697/2697/2697 2713/2713/2713 2707/2707/2707
f 2708/2708/2708 2957/2957/2957 2709/2709/2709
f 2702/2702/2702 2714/2714/2714 2710/2710/2710
f 2711/2711/2711 2958/2958/2958 2712/2712/2712
f 2709/2709/2709 2957/2957/2957 2713/2713/2713
f 2710/2710/2710 2708/2708/2708 2706/2706/2706
f 2712/2712/2712 2958/2958/2958 2714/2714/2714
f 2715/2715/2715 2730/2730/2730 2716/2716/2716
f 2718/2718/2718 2731/2731/2731 2719/2719/2719
f 2721/2721/2721 2732/2732/2732 2722/2722/2722
f 2724/2724/2724 2728/2728/2728 2725/2725/2725
f 2727/2727/2727 2753/2753/2753 2728/2728/2728
f 2715/2715/2715 2959/2959/2959 2729/2729/2729
f 2731/2731/2731 2723/2723/2723 2722/2722/2722
f 2726/2726/2726 2725/2725/2725 2732/2732/2732
f 2733/2733/2733 2743/2743/2743 2734/2734/2734
f 2736/2736/2736 2745/2745/2745 2737/2737/2737
f 2739/2739/2739 2761/2761/2761 2740/2740/2740
f 2728/2728/2728 2754/2754/2754 2742/2742/2742
f 2743/2743/2743 2764/2764/2764 2744/2744/2744
f 2745/2745/2745 2765/2765/2765 2746/2746/2746
f 2741/2741/2741 2740/2740/2740 2736/2736/2736
f 2747/2747/2747 2767/2767/2767 2748/2748/2748
f 2750/2750/2750 2752/2752/2752 2722/2722/2722
f 2730/2730/2730 2907/2907/2907 2751/2751/2751
f 2752/2752/2752 2755/2755/2755 2719/2719/2719
f 2753/2753/2753 2905/2905/2905 2754/2754/2754
f 2755/2755/2755 2906/2906/2906 2720/2720/2720
f 2725/2725/2725 2742/2742/2742 2750/2750/2750
f 2756/2756/2756 2907/2907/2907 2730/2730/2730
f 2743/2743/2743 2733/2733/2733 2757/2757/2757
f 2745/2745/2745 2736/2736/2736 2759/2759/2759
f 2761/2761/2761 2768/2768/2768 2762/2762/2762
f 2743/2743/2743 2758/2758/2758 2763/2763/2763
f 2765/2765/2765 2745/2745/2745 2760/2760/2760
f 2736/2736/2736 2740/2740/2740 2762/2762/2762
f 2767/2767/2767 2769/2769/2769 2768/2768/2768
f 2747/2747/2747 2960/2960/2960 2769/2769/2769
f 2770/2770/2770 2774/2774/2774 2771/2771/2771
f 2773/2773/2773 2783/2783/2783 2771/2771/2771
f 2775/2775/2775 2784/2784/2784 2776/2776/2776
f 2778/2778/2778 2785/2785/2785 2779/2779/2779
f 2781/2781/2781 2770/2770/2770 2772/2772/2772
f 2775/2775/2775 2777/2777/2777 2783/2783/2783
f 2784/2784/2784 2780/2780/2780 2779/2779/2779
f 2781/2781/2781 2782/2782/2782 2785/2785/2785
f 2777/2777/2777 2792/2792/2792 2786/2786/2786
f 2776/2776/2776 2779/2779/2779 2787/2787/2787
f 2782/2782/2782 2793/2793/2793 2789/2789/2789
f 2772/2772/2772 2771/2771/2771 2790/2790/2790
f 2783/2783/2783 2786/2786/2786 2790/2790/2790
f 2777/2777/2777 2776/2776/2776 2788/2788/2788
f 2785/2785/2785 2789/2789/2789 2787/2787/2787
f 2782/2782/2782 2772/2772/2772 2791/2791/2791
f 2748/2748/2748 2767/2767/2767 2761/2761/2761
f 2794/2794/2794 2826/2826/2826 2795/2795/2795
f 2797/2797/2797 2829/2829/2829 2798/2798/2798
f 2800/2800/2800 2823/2823/2823 2801/2801/2801
f 2803/2803/2803 2809/2809/2809 2804/2804/2804
f 2798/2798/2798 2821/2821/2821 2806/2806/2806
f 2801/2801/2801 2823/2823/2823 2807/2807/2807
f 2804/2804/2804 2800/2800/2800 2802/2802/2802
f 2795/2795/2795 2826/2826/2826 2809/2809/2809
f 2810/2810/2810 2795/2795/2795 2803/2803/2803
f 2805/2805/2805 2802/2802/2802 2812/2812/2812
f 2814/2814/2814 2801/2801/2801 2808/2808/2808
f 2799/2799/2799 2806/2806/2806 2816/2816/2816
f 2811/2811/2811 2803/2803/2803 2805/2805/2805
f 2812/2812/2812 2802/2802/2802 2801/2801/2801
f 2818/2818/2818 2797/2797/2797 2799/2799/2799
f 2796/2796/2796 2795/2795/2795 2810/2810/2810
f 2820/2820/2820 2836/2836/2836 2821/2821/2821
f 2822/2822/2822 2838/2838/2838 2807/2807/2807
f 2804/2804/2804 2830/2830/2830 2824/2824/2824
f 2825/2825/2825 2832/2832/2832 2809/2809/2809
f 2827/2827/2827 2825/2825/2825 2826/2826/2826
f 2828/2828/2828 2820/2820/2820 2798/2798/2798
f 2800/2800/2800 2824/2824/2824 2822/2822/2822
f 2809/2809/2809 2832/2832/2832 2830/2830/2830
f 2825/2825/2825 2846/2846/2846 2831/2831/2831
f 2833/2833/2833 2846/2846/2846 2825/2825/2825
f 2828/2828/2828 2849/2849/2849 2834/2834/2834
f 2824/2824/2824 2844/2844/2844 2835/2835/2835
f 2831/2831/2831 2839/2839/2839 2830/2830/2830
f 2834/2834/2834 2841/2841/2841 2836/2836/2836
f 2822/2822/2822 2835/2835/2835 2837/2837/2837
f 2839/2839/2839 2844/2844/2844 2824/2824/2824
f 2840/2840/2840 2856/2856/2856 2841/2841/2841
f 2842/2842/2842 2857/2857/2857 2837/2837/2837
f 2839/2839/2839 2850/2850/2850 2843/2843/2843
f 2845/2845/2845 2854/2854/2854 2831/2831/2831
f 2847/2847/2847 2845/2845/2845 2846/2846/2846
f 2848/2848/2848 2840/2840/2840 2834/2834/2834
f 2844/2844/2844 2843/2843/2843 2842/2842/2842
f 2831/2831/2831 2854/2854/2854 2850/2850/2850
f 2851/2851/2851 2961/2961/2961 2840/2840/2840
f 2843/2843/2843 2858/2858/2858 2852/2852/2852
f 2853/2853/2853 2962/2962/2962 2850/2850/2850
f 2840/2840/2840 2961/2961/2961 2855/2855/2855
f 2852/2852/2852 2963/2963/2963 2857/2857/2857
f 2850/2850/2850 2962/2962/2962 2858/2858/2858
f 2859/2859/2859 2853/2853/2853 2854/2854/2854
f 2847/2847/2847 2964/2964/2964 2859/2859/2859
f 2863/2863/2863 2885/2885/2885 2864/2864/2864
f 2866/2866/2866 2965/2965/2965 2867/2867/2867
f 2869/2869/2869 2879/2879/2879 2870/2870/2870
f 2872/2872/2872 2893/2893/2893 2873/2873/2873
f 2875/2875/2875 2889/2889/2889 2872/2872/2872
f 2876/2876/2876 2892/2892/2892 2877/2877/2877
f 2879/2879/2879 2891/2891/2891 2880/2880/2880
f 2880/2880/2880 2891/2891/2891 2886/2886/2886
f 2864/2864/2864 2861/2861/2861 2860/2860/2860
f 2878/2878/2878 2877/2877/2877 2889/2889/2889
f 2861/2861/2861 2882/2882/2882 2881/2881/2881
f 2890/2890/2890 2966/2966/2966 2885/2885/2885
f 2891/2891/2891 2879/2879/2879 2862/2862/2862
f 2884/2884/2884 2877/2877/2877 2892/2892/2892
f 2865/2865/2865 2872/2872/2872 2889/2889/2889
f 2893/2893/2893 2872/2872/2872 2865/2865/2865
f 2879/2879/2879 2869/2869/2869 2860/2860/2860
f 2883/2883/2883 2886/2886/2886 2891/2891/2891
f 2863/2863/2863 2889/2889/2889 2877/2877/2877
f 2869/2869/2869 2893/2893/2893 2888/2888/2888
f 2893/2893/2893 2869/2869/2869 2871/2871/2871
f 2894/2894/2894 2664/2664/2664 2666/2666/2666
f 2672/2672/2672 2667/2667/2667 2895/2895/2895
f 2896/2896/2896 2894/2894/2894 2686/2686/2686
f 2676/2676/2676 2672/2672/2672 2664/2664/2664
f 2897/2897/2897 2896/2896/2896 2685/2685/2685
f 2670/2670/2670 2676/2676/2676 2894/2894/2894
f 2897/2897/2897 2683/2683/2683 2682/2682/2682
f 2899/2899/2899 2670/2670/2670 2896/2896/2896
f 2900/2900/2900 2689/2689/2689 2678/2678/2678
f 2898/2898/2898 2675/2675/2675 2899/2899/2899
f 2901/2901/2901 2678/2678/2678 2680/2680/2680
f 2901/2901/2901 2669/2669/2669 2903/2903/2903
f 2904/2904/2904 2688/2688/2688 2665/2665/2665
f 2902/2902/2902 2673/2673/2673 2669/2669/2669
f 2895/2895/2895 2667/2667/2667 2677/2677/2677
f 2748/2748/2748 2739/2739/2739 2742/2742/2742
f 2905/2905/2905 2749/2749/2749 2748/2748/2748
f 2741/2741/2741 2738/2738/2738 2752/2752/2752
f 2737/2737/2737 2746/2746/2746 2906/2906/2906
f 2907/2907/2907 2734/2734/2734 2744/2744/2744
f 2739/2739/2739 2741/2741/2741 2750/2750/2750
f 2738/2738/2738 2737/2737/2737 2755/2755/2755
f 2756/2756/2756 2735/2735/2735 2734/2734/2734
f 2908/2908/2908 2967/2967/2967 2909/2909/2909
f 2911/2911/2911 2942/2942/2942 2912/2912/2912
f 2914/2914/2914 2930/2930/2930 2915/2915/2915
f 2917/2917/2917 2927/2927/2927 2918/2918/2918
f 2920/2920/2920 2934/2934/2934 2921/2921/2921
f 2923/2923/2923 2968/2968/2968 2924/2924/2924
f 2926/2926/2926 2910/2910/2910 2927/2927/2927
f 2923/2923/2923 2925/2925/2925 2928/2928/2928
f 2930/2930/2930 2952/2952/2952 2931/2931/2931
f 2932/2932/2932 2911/2911/2911 2913/2913/2913
f 2929/2929/2929 2928/2928/2928 2934/2934/2934
f 2935/2935/2935 2908/2908/2908 2910/2910/2910
f 2936/2936/2936 2953/2953/2953 2935/2935/2935
f 2937/2937/2937 2969/2969/2969 2919/2919/2919
f 2938/2938/2938 2937/2937/2937 2918/2918/2918
f 2919/2919/2919 2969/2969/2969 2939/2939/2939
f 2910/2910/2910 2909/2909/2909 2938/2938/2938
f 2917/2917/2917 2939/2939/2939 2936/2936/2936
f 2940/2940/2940 2922/2922/2922 2921/2921/2921
f 2942/2942/2942 2947/2947/2947 2943/2943/2943
f 2944/2944/2944 2970/2970/2970 2933/2933/2933
f 2933/2933/2933 2970/2970/2970 2945/2945/2945
f 2946/2946/2946 2950/2950/2950 2943/2943/2943
f 2948/2948/2948 2944/2944/2944 2913/2913/2913
f 2932/2932/2932 2945/2945/2945 2949/2949/2949
f 2949/2949/2949 2951/2951/2951 2942/2942/2942
f 2950/2950/2950 2948/2948/2948 2912/2912/2912
f 2951/2951/2951 2946/2946/2946 2947/2947/2947
f 2940/2940/2940 2941/2941/2941 2931/2931/2931
f 2953/2953/2953 2967/2967/2967 2908/2908/2908
o Claw3R_LP_Checker_0
usemtl Checker
v 0.015249028461075675 -0.18142215073944137 -0.43103556886139655
v 0.009734317442752771 -0.147655872114081 -0.37152036768698415
v 0.004596382276794708 -0.1522076060824578 -0.4357889545286739
v 0.1440823492985438 -0.18888514190758374 -0.32773127322260165
v 0.20812008809774907 -0.18955144906287835 -0.4299194407861715
v 0.1982038125797253 -0.16705976134325368 -0.2793678306700831
v 0.029397829709995604 -0.1174310469501173 -0.3965180832341318
v 0.08658923015171516 -0.1020504799965224 -0.4514869184346356
v 0.02768440482725787 -0.119513033477038 -0.419732035155831
v 0.21772388627252226 -0.15428393688866487 -0.4545211737061627
v 0.2532924953112192 -0.09129821844665928 -0.39897174244136785
v 0.26812826987814287 -0.1328631508664449 -0.3952470116984983
v 0.2709184228423589 -0.1159661086715125 -0.3191493787373574
v 0.25574761057464146 -0.07320816686128973 -0.32225919837051187
v 0.0646631554216931 -0.19764120529421142 -0.37164457562027525
v 0.12110565332087153 -0.15654833725700587 -0.3026709233877785
v 0.020496114630338957 -0.17720847941847176 -0.36683424580475493
v 0.10989163570348237 -0.17801755640930086 -0.48015253742680775
v 0.20261282765985655 -0.11167439572953988 -0.4575701369741842
v 0.09453834381986381 -0.13488014169211912 -0.4836031466706722
v 0.020496114630338957 -0.17720847941847176 -0.36683424580475493
v 0.10513208571526211 -0.11098562423339697 -0.3044895280869798
v 0.009734317442752771 -0.147655872114081 -0.37152036768698415
v 0.12392602583931323 -0.20565409323023767 -0.4465310436740643
v 0.21772388627252226 -0.15428393688866487 -0.4545211737061627
v 0.06243114033867847 -0.20339846913459797 -0.41231917079806796
v 0.015249028461075675 -0.18142215073944137 -0.43103556886139655
v 0.10989163570348237 -0.17801755640930086 -0.48015253742680775
v 0.24736140115496352 -0.16149980407228154 -0.3319878240864433
v 0.26812826987814287 -0.1328631508664449 -0.3952470116984983
v 0.2709184228423589 -0.1159661086715125 -0.3191493787373574
v 0.24510137188953063 -0.17325913872950585 -0.3875862587139856
v 0.12110565332087153 -0.15654833725700587 -0.3026709233877785
v 0.18501863960135034 -0.08120925702171618 -0.23842720321512711
v 0.20261282765985655 -0.11167439572953988 -0.4575701369741842
v 0.09453834381986381 -0.13488014169211912 -0.4836031466706722
v 0.004596382276794708 -0.1522076060824578 -0.4357889545286739
v 0.009734317442752771 -0.147655872114081 -0.37152036768698415
v 0.09274862499351888 -0.08892788284108082 -0.35019061718029243
v 0.10513208571526211 -0.11098562423339697 -0.3044895280869798
v 0.19304827914279066 -0.07363408847595877 -0.42436377046081647
v 0.17193139705215243 -0.0579401929516029 -0.2849824270463292
v 0.21124161307718714 -0.06490307759773431 -0.4028969509309856
v 0.25574761057464146 -0.07320816686128973 -0.32225919837051187
v 0.2532924953112192 -0.09129821844665928 -0.39897174244136785
v 0.18501863960135034 -0.08120925702171618 -0.23842720321512711
v 0.20049805491049455 -0.1243762729255127 -0.2351641995816772
v 0.21607209259110471 -0.0526929637960674 -0.321965678646227
v 0.20049805491049455 -0.1243762729255127 -0.2351641995816772
v 0.6936823570650286 -0.0410637810478787 0.15921241358144822
v 0.73618124270034 -0.062209471399487855 0.22417736565912577
v 0.6839219774919303 -0.02193923840370842 0.19214415478192096
v 0.700793846678871 0.028175367772290592 0.22556923856725025
v 0.7701877779471622 0.04306962395707135 0.2836505041066723
v 0.7419548464874581 0.08572076190248558 0.23607168657588085
v 0.7793676082931245 0.08577353390947459 0.1875524935256419
v 0.7920344294897963 -0.004210162780769833 0.20599335040214115
v 0.752464933265784 0.03105899960986171 0.15799104308236275
v 0.7633631654822115 -0.0548773318758883 0.1844017553835295
v 0.7191971975744393 -0.017847148443340743 0.14776319225856277
v 0.6839219774919303 -0.02193923840370842 0.19214415478192096
v 0.7456774544936984 -0.011857071589810817 0.26317977510197355
v 0.7419548464874581 0.08572076190248558 0.23607168657588085
v 0.8006226241449421 0.0664905211901088 0.26922695143805264
v 0.7731562083999166 0.10756890054210873 0.21754059936990008
v 0.8081306634516117 0.04540018815771027 0.23970084107025758
v 0.8447994400978209 -0.042868705181456336 0.30455410498188057
v 0.83944956572094 -0.17870838110104487 0.30081775043409714
v 0.8902187744479151 -0.16560770004830394 0.28643312127902243
v 0.7701877779471622 0.04306962395707135 0.2836505041066723
v 0.9535426284326021 -0.2954085686489784 0.19197909447339245
v 0.8807970684588606 -0.18529221680397673 0.1412462862433296
v 0.9111121093233199 -0.16804759812304165 0.21401926154355086
v 0.8217252905281192 -0.20478952701800127 0.10751807805557967
v 0.8395401647789735 -0.2975061892864665 0.10589157184844356
v 0.7800697509928844 -0.215085572893369 0.11137488759397095
v 0.7725682681969936 -0.21196529127260874 0.16255828847987458
v 0.84707550301234 -0.30014504614106025 0.22573248957118228
v 0.7941915215360029 -0.19838239249986628 0.24732955989247965
v 0.8893824020911212 -0.3000076813651843 0.261793358436536
v 0.9327410847080997 -0.299873841157117 0.24940214908933966
v 0.8799724978214685 -0.29290027163539917 0.0974906840349184
v 0.8323345594331344 -0.29963603422043716 0.15370737083980832
v 0.7725682681969936 -0.21196529127260874 0.16255828847987458
v 0.83944956572094 -0.17870838110104487 0.30081775043409714
v 0.7419505549531302 -0.07898872112017209 0.186431059002438
v 0.7375756337290484 -0.1269971678668691 0.19598086319182056
v 0.8348420075734997 -0.08625274069305319 0.17614097414651952
v 0.801140469287176 -0.06248754173367002 0.3170434267466931
v 0.73618124270034 -0.062209471399487855 0.22417736565912577
v 0.7604301401876623 -0.09722826447333398 0.27225334427740955
v 0.783073705813131 -0.1202090648505134 0.14040126060984515
v 0.8628617928282512 -0.053394298480393475 0.24738937933293784
v 0.7375756337290484 -0.1269971678668691 0.19598086319182056
v 0.7456944418170797 -0.1377495858327997 0.14374877945261144
v 0.8715100689639876 -0.3180885041469798 0.12421586053776953
v 0.8636999533243483 -0.31979488990886357 0.15964983786609532
v 0.8323345594331344 -0.29963603422043716 0.15370737083980832
v 0.9015945590676089 -0.3205567435148958 0.23911462941930278
v 0.9339131504167653 -0.3208485693816884 0.22970824187115757
v 0.9322621017933908 -0.29133776091126784 0.12694422893080756
v 0.8995566763082885 -0.3144650495288994 0.11768635007216996
v 0.8711214466887385 -0.32078279832559237 0.21333252172552172
v 0.8893824020911212 -0.3000076813651843 0.261793358436536
v 0.9357540994341496 -0.31335985675462763 0.1390191200013007
v 0.9480058338938835 -0.433577174893268 0.15422601266418853
v 0.9326193720261888 -0.434961137087159 0.14208645436889045
v 0.9436529067832322 -0.4937932548871092 0.07984455345695078
v 0.2430318986691854 -0.12999664828844262 -0.3279339088021399
v 0.3186340856857428 -0.07576025622900492 -0.12306465189284505
v 0.22496671471819163 -0.1601330214637346 -0.31092902694351726
v 0.22558487447534026 -0.06683190083608445 -0.3241728064870789
v 0.33652811490308965 0.027646743793329705 -0.17279681627569254
v 0.24328793041509533 -0.09135007870782559 -0.3334196582600749
v 0.20029283612311988 -0.07080451749498878 -0.30561004232540034
v 0.3160641122744057 0.06524054045449185 -0.16879365533757235
v 0.2792525229025067 -0.04641111866727098 -0.0933236085263241
v 0.18222759256748267 -0.10094088321969062 -0.2886051008621354
v 0.181971531019251 -0.13958750495438524 -0.2831194408111571
v 0.19967467636597125 -0.1641056381226341 -0.29236623297951697
v 0.33852773148131954 -0.02913807553680363 -0.15476656629549576
v 0.285668307118081 0.013853329933412286 -0.1138501313431442
v 0.20029283612311988 -0.07080451749498878 -0.30561004232540034
v 0.292263084077915 -0.08344484027326148 -0.09718523832983642
v 0.181971531019251 -0.13958750495438524 -0.2831194408111571
v 0.37322848201032377 0.13730363230352036 -0.09211038593997128
v 0.4974391945278822 0.1558754040218873 -0.04360365329453525
v 0.3966938764595862 0.08998142561878723 -0.10158307599172539
v 0.40685187860909355 0.12511430398491946 0.09130261086104342
v 0.4718631996542988 0.20870888988106073 0.0749703288919064
v 0.4384856722097319 0.20872941768404238 0.038162941644025256
v 0.46090297860869045 -0.02346402924554631 0.10218873773901332
v 0.40359221986847604 0.02060453073566705 0.1080933751550615
v 0.42677729367962547 -0.045081758461602416 0.0763619002454743
v 0.48416571727024627 0.048698173556562065 -0.029331810600161372
v 0.4834338914580516 -0.012204154560679175 0.04875382870886429
v 0.4559392827166775 -0.0343037280947852 0.020591770770691253
v 0.4751083148619162 0.22115423544089355 -0.01454640025128394
v 0.5199789884691164 0.16175570607274922 -0.007070656984111737
v 0.4384856722097319 0.20872941768404238 0.038162941644025256
v 0.503489840697724 0.21934655166359646 0.02135478809117433
v 0.44229554141397287 0.033218606269407314 0.1353858922977483
v 0.40359221986847604 0.02060453073566705 0.1080933751550615
v 0.508382666668683 0.06875913488008353 0.003161299876651461
v 0.4834338914580516 -0.012204154560679175 0.04875382870886429
v 0.4626634017527831 0.0002887326803452237 0.09353071237425767
v 0.46090297860869045 -0.02346402924554631 0.10218873773901332
v 0.5073521023835514 0.15103560484413217 0.008341019394285734
v 0.508382666668683 0.06875913488008353 0.003161299876651461
v 0.5199789884691164 0.16175570607274922 -0.007070656984111737
v 0.4462269444861944 0.13602684630953785 0.12195411815986071
v 0.47527645956106923 0.187056697623576 0.06966662183896194
v 0.4718631996542988 0.20870888988106073 0.0749703288919064
v 0.44229554141397287 0.033218606269407314 0.1353858922977483
v 0.48073314545900026 0.012086973474260961 0.05279099626334861
v 0.49791954834939034 0.1961206201954973 0.029494521193038727
v 0.503489840697724 0.21934655166359646 0.02135478809117433
v 0.4500207204367057 0.04608135980402263 0.11681111635202877
v 0.45452122864452216 0.12838534958575146 0.10586992558097846
v 0.4389008781559567 0.12625822946166904 0.049317695879772354
v 0.4319386385692958 0.04154370896616423 0.061955115986652376
v 0.49958025292500263 0.07710031534511289 0.01760681168168066
v 0.44230382645941146 0.04608850023485268 0.04237990725822979
v 0.45014296956040756 0.13155764535326397 0.029954828570671943
v 0.4284583830432953 0.09803228201344993 0.06661213678499385
v 0.4553178447041395 0.1094268048261897 0.020778071469418447
v 0.766762179879199 0.03815510503828568 0.12001298968217904
v 0.7461775374521862 -0.06351977356263479 0.14262641192300604
v 0.7009256921501672 -0.05257475911497778 0.09712038083585406
v 0.6573596449786501 0.20476733749693363 0.15648116955862465
v 0.7411708666122507 0.13373173332624697 0.2656874379414857
v 0.8004422604938832 0.16494274625664726 0.2354009426163159
v 0.5703145734150428 0.08392775792241144 0.19372997867744576
v 0.6331182576764016 -0.05383168787688587 0.18280023804849915
v 0.6663922518553078 0.0432405651265658 0.2532805077331083
v 0.5924078093676011 -0.028911065876407203 0.06115547156875918
v 0.6489004347719152 -0.0931049891521813 0.11941434202841995
v 0.5558678979605158 -0.0611188157732187 0.10177562409005242
v 0.6653745621731599 0.15757061309992007 0.09889629675253693
v 0.6350847936775206 0.062206820497196155 0.05944423721284091
v 0.6174540977749055 0.17649575953991617 0.20014634385821295
v 0.7411708666122507 0.13373173332624697 0.2656874379414857
v 0.6331182576764016 -0.05383168787688587 0.18280023804849915
v 0.5414596078963663 -0.01488226283274265 0.157793401569487
v 0.5039943343998265 0.18721864112659437 0.05546819969799148
v 0.5622193091611716 0.17298978923428637 0.04560300767757255
v 0.5114366297847783 0.15046811272487004 0.030995969599108525
v 0.4857222925337634 0.025118962281188144 0.051331395631532925
v 0.5440721986277652 0.0798919011645432 0.03199277935205391
v 0.5151907090427565 -0.008690877510325391 0.05214127923263843
v 0.4675265446113075 0.010006478624237872 0.08488857393357395
v 0.47930531622532024 0.011998771235238967 0.1303334783511201
v 0.4593365685790052 0.04607733490447197 0.1070755919159019
v 0.4841861020583038 0.17473272536323328 0.08824771578910783
v 0.4983476885032423 0.10903049712258817 0.13415724943113047
v 0.5229984404966581 0.19659237675629715 0.1253096709044009
v 0.5038977152728052 0.08515852231005039 0.029257431999442304
v 0.4921150693569687 -0.033131337591802014 0.09344894024827424
v 0.4593365685790052 0.04607733490447197 0.1070755919159019
v 0.4689065709209461 0.11759781051977135 0.10511491531999761
v 0.5229984404966581 0.19659237675629715 0.1253096709044009
v 0.5523804898773021 0.22070349150043037 0.08473857432377066
v 0.43451647979356745 0.15736332946066364 0.04677471830425091
v 0.45498787339803837 0.16610041120218036 0.01416406277877151
v 0.41621046328074174 0.10658239109530722 0.07762284157060909
v 0.4415715834147127 0.01447778767730592 0.037131455332206006
v 0.4238071346922112 0.007102388909358128 0.06969883766469938
v 0.46461515580232815 0.12746709279680363 -0.001264324661419122
v 0.4577069776272702 0.06361494210047064 0.008525301392123881
v 0.43451647979356745 0.15736332946066364 0.04677471830425091
v 0.4124309328400133 0.044754421473951186 0.0870016422894394
v 0.7055904111506694 -0.0945763534419247 0.15707666871589882
v 0.6909437025127474 -0.06370605619706549 0.2143094595530806
v 0.7690222687492754 0.08318501063810063 0.2918142475602337
v 0.8114955839925497 0.12580489690073307 0.17426863853810984
v 0.7962847174044385 0.009062414593049654 0.17030626007106234
v 0.6909437025127474 -0.06370605619706549 0.2143094595530806
v 0.7138231833169639 0.01126082991369386 0.2762260952970637
v 0.8170644458294407 0.1098199375674962 0.26701936719959174
v 0.826401394015519 0.07916156605344288 0.21850888143077585
v 0.47930531622532024 0.011998771235238967 0.1303334783511201
v 0.7962847174044385 0.009062414593049654 0.17030626007106234
v 0.809965294376791 0.06643058089318866 0.22117940994974233
v 0.7871438684952881 0.011043764602889557 0.18414627914182247
v 0.7690222687492754 0.08318501063810063 0.2918142475602337
v 0.8033687292776537 0.08993228035721398 0.2566991840553861
v 0.8170644458294407 0.1098199375674962 0.26701936719959174
v 0.7492292951964741 -0.046136522976326984 0.1632557550005105
v 0.7461775374521862 -0.06351977356263479 0.14262641192300604
v 0.7171652752794633 -0.07130994701155272 0.16986352987388653
v 0.7055904111506694 -0.0945763534419247 0.15707666871589882
v 0.6909437025127474 -0.06370605619706549 0.2143094595530806
v 0.7077743252864255 -0.04792602511656559 0.21278816766758837
v 0.7138231833169639 0.01126082991369386 0.2762260952970637
v 0.7265771465023496 0.010028143196700572 0.2572846934859642
v 0.826401394015519 0.07916156605344288 0.21850888143077585
v 0.7672791905564247 0.06722833788712201 0.2730211445008625
v 0.7563147971857753 0.06399942218826565 0.1935084910691491
v 0.7450886798257672 0.0363222714988571 0.17676727976981568
v 0.7143925864757761 0.0030960510363718828 0.1804175331521544
v 0.7113105495726191 0.01383090951366934 0.1963059239733534
v 0.7194421130543471 0.0362604070827439 0.20870785848033518
v 0.7552868555049552 0.07499564717519018 0.21030609107884748
v 0.7291940883727199 0.013598447577922064 0.17282014477390595
v 0.7367759182279721 0.06379930327476509 0.2160768952718398
v 0.3978313118704113 0.011464217160487847 -0.08163172010921856
v 0.37503098603268725 -0.05185726112103537 -0.042234709406951905
v 0.342962197744201 -0.06177598955864452 -0.006806691205009967
v 0.3257670925758682 -0.012093878784596378 0.0013967473824673838
v 0.2792525229025067 -0.04641111866727098 -0.0933236085263241
v 0.3343415781630221 0.066743436190155 -0.01991207450428686
v 0.3257670925758682 -0.012093878784596378 0.0013967473824673838
v 0.3470584672601862 0.12783466530885615 -0.05849500462305361
v 0.2961963944987267 0.060158920711400526 -0.14463481963859137
v 0.2961963944987267 0.060158920711400526 -0.14463481963859137
v 0.9068314230405217 -0.3790136796594502 0.1782675367074508
v 0.9015945590676089 -0.3205567435148958 0.23911462941930278
v 0.8711214466887385 -0.32078279832559237 0.21333252172552172
v 0.9254854114617683 -0.43320042004767007 0.11675006987509083
v 0.9274100453985468 -0.4303528705615464 0.09987235896916777
v 0.9372158437099487 -0.49101368416593105 0.06499790058974904
v 0.8715100689639876 -0.3180885041469798 0.12421586053776953
v 0.8959037461302333 -0.3728577775181645 0.14249014650100922
v 0.8636999533243483 -0.31979488990886357 0.15964983786609532
v 0.8993784584243936 -0.36808637039369413 0.1167856432388012
v 0.9395096688082138 -0.42664429995437797 0.09676937042963762
v 0.9560985947527301 -0.42420229612924026 0.10648743030803849
v 0.9467920449348077 -0.4883206874022217 0.061120588292707244
v 0.9357540994341496 -0.31335985675462763 0.1390191200013007
v 0.9204448851843572 -0.3661923145883375 0.11095866318489883
v 0.8995566763082885 -0.3144650495288994 0.11768635007216996
v 0.9485419180570109 -0.36830192941242423 0.12399333478227996
v 0.9655430697155798 -0.4258814746072573 0.12819776630469135
v 0.9620812320244032 -0.42998563853554195 0.1478573751364421
v 0.9538188363503175 -0.4907939797961542 0.07515035947162192
v 0.9546510363820704 -0.38064818700428904 0.18434399195419857
v 0.949476638075486 -0.3169391672732658 0.18766097998229164
v 0.9339131504167653 -0.3208485693816884 0.22970824187115757
v 0.962052144958403 -0.37468587959291094 0.15563750063095533
v 0.9316145569470247 -0.38210593620291206 0.19395643303976862
v 0.9254854114617683 -0.43320042004767007 0.11675006987509083
v 0.8636999533243483 -0.31979488990886357 0.15964983786609532
v 0.8959037461302333 -0.3728577775181645 0.14249014650100922
v 0.9538188363503175 -0.4907939797961542 0.07515035947162192
v 0.9372158437099487 -0.49101368416593105 0.06499790058974904
v 0.9467920449348077 -0.4883206874022217 0.061120588292707244
v 0.020496114630338957 -0.17720847941847176 -0.36683424580475493
v 0.801140469287176 -0.06248754173367002 0.3170434267466931
v 0.949476638075486 -0.3169391672732658 0.18766097998229164
v 0.8636999533243483 -0.31979488990886357 0.15964983786609532
v 0.9015945590676089 -0.3205567435148958 0.23911462941930278
v 0.4462269444861944 0.13602684630953785 0.12195411815986071
v 0.44229554141397287 0.033218606269407314 0.1353858922977483
v 0.4718631996542988 0.20870888988106073 0.0749703288919064
v 0.4258735084710974 0.06348714504845547 0.07116122840533368
v 0.4514988559894517 0.07351359245241909 0.026369708131109722
v 0.6174540977749055 0.17649575953991617 0.20014634385821295
v 0.5414596078963663 -0.01488226283274265 0.157793401569487
v 0.4841861020583038 0.17473272536323328 0.08824771578910783
v 0.4124309328400133 0.044754421473951186 0.0870016422894394
v 0.7690222687492754 0.08318501063810063 0.2918142475602337
v 0.3470584672601862 0.12783466530885615 -0.05849500462305361
v 0.9372158437099487 -0.49101368416593105 0.06499790058974904
v 0.9436529067832322 -0.4937932548871092 0.07984455345695078
vt 0.02201046422123909 0.20260393619537354
vt 0.03291872516274452 0.18080437183380127
vt 0.03291871026158333 0.20260393619537354
vt 0.42873644828796387 0.15094399452209473
vt 0.4565258026123047 0.14798986911773682
vt 0.42866575717926025 0.16920793056488037
vt 0.3929983377456665 0.12381517887115479
vt 0.3742551803588867 0.12788617610931396
vt 0.38853681087493896 0.12019836902618408
vt 0.02201046422123909 0.254361629486084
vt 0.03291871026158333 0.2737886905670166
vt 0.02201046422123909 0.2737886905670166
vt 0.02201046422123909 0.29558849334716797
vt 0.03291871026158333 0.29558849334716797
vt 0.42578136920928955 0.12874960899353027
vt 0.41628849506378174 0.15241575241088867
vt 0.41628849506378174 0.11998498439788818
vt 0.02201046422123909 0.2275092601776123
vt 0.03291871026158333 0.254361629486084
vt 0.03291871026158333 0.2275092601776123
vt 0.022010456770658493 0.36677324771881104
vt 0.03291871026158333 0.34186816215515137
vt 0.03291870281100273 0.36677324771881104
vt 0.4483973979949951 0.12988018989562988
vt 0.46824443340301514 0.147408127784729
vt 0.43361425399780273 0.12236630916595459
vt 0.43000245094299316 0.10853588581085205
vt 0.45541274547576904 0.12052571773529053
vt 0.44571685791015625 0.17061781883239746
vt 0.46433496475219727 0.16954004764556885
vt 0.44817471504211426 0.18429529666900635
vt 0.4551476240158081 0.16126275062561035
vt 0.02201046422123909 0.34186816215515137
vt 0.03291871026158333 0.31501615047454834
vt 0.3514033555984497 0.1462644338607788
vt 0.3654996156692505 0.11978423595428467
vt 0.39026665687561035 0.10934102535247803
vt 0.4037359952926636 0.1203155517578125
vt 0.392797589302063 0.14435946941375732
vt 0.4037359952926636 0.15229558944702148
vt 0.3631432056427002 0.15255475044250488
vt 0.3914787769317627 0.17009830474853516
vt 0.36454343795776367 0.1596527099609375
vt 0.37156355381011963 0.1823105812072754
vt 0.3547405004501343 0.16763579845428467
vt 0.40062808990478516 0.18028044700622559
vt 0.41865086555480957 0.18152940273284912
vt 0.3781735897064209 0.1723085641860962
vt 0.02201046422123909 0.31501615047454834
vt 0.22888079285621643 0.22693896293640137
vt 0.24610832333564758 0.23631501197814941
vt 0.22688904404640198 0.23781049251556396
vt 0.1885240375995636 0.25655806064605713
vt 0.18910732865333557 0.2775750160217285
vt 0.17637506127357483 0.267620325088501
vt 0.21083036065101624 0.18354403972625732
vt 0.2367132008075714 0.19501876831054688
vt 0.21864870190620422 0.20149588584899902
vt 0.24557021260261536 0.21280157566070557
vt 0.22552064061164856 0.21700072288513184
vt 0.19949427247047424 0.24690604209899902
vt 0.2010582983493805 0.2676548957824707
vt 0.20868411660194397 0.16072022914886475
vt 0.22560229897499084 0.16998982429504395
vt 0.2077731192111969 0.17230236530303955
vt 0.22899261116981506 0.17957520484924316
vt 0.2565993368625641 0.16780459880828857
vt 0.28994670510292053 0.15644502639770508
vt 0.28508809208869934 0.16998291015625
vt 0.2275247871875763 0.1599644422531128
vt 0.31075218319892883 0.18759751319885254
vt 0.2863762676715851 0.20016860961914062
vt 0.28414860367774963 0.18458247184753418
vt 0.2893679440021515 0.21575474739074707
vt 0.308440238237381 0.22410380840301514
vt 0.29127421975135803 0.22523784637451172
vt 0.2500166893005371 0.24690604209899902
vt 0.2727290987968445 0.2643544673919678
vt 0.24828888475894928 0.2677273750305176
vt 0.3197937309741974 0.16627168655395508
vt 0.31318023800849915 0.17557406425476074
vt 0.3083691895008087 0.2157299518585205
vt 0.3136099874973297 0.23382723331451416
vt 0.29047611355781555 0.23781049251556396
vt 0.24555791914463043 0.2863231897354126
vt 0.24998405575752258 0.22470808029174805
vt 0.26711323857307434 0.23553335666656494
vt 0.26326313614845276 0.19849801063537598
vt 0.2162504494190216 0.2849006652832031
vt 0.21228507161140442 0.2570841312408447
vt 0.22294393181800842 0.270052433013916
vt 0.26910272240638733 0.21420598030090332
vt 0.2585168182849884 0.18154001235961914
vt 0.22842004895210266 0.25236260890960693
vt 0.27263811230659485 0.224609375
vt 0.31613674759864807 0.2223719358444214
vt 0.2792648673057556 0.2499995231628418
vt 0.2726486325263977 0.2472982406616211
vt 0.3261086046695709 0.17200493812561035
vt 0.3204205334186554 0.17955255508422852
vt 0.3091517984867096 0.2025909423828125
vt 0.31532230973243713 0.2142578363418579
vt 0.2788286805152893 0.26286637783050537
vt 0.27499526739120483 0.2787637710571289
vt 0.3154400885105133 0.20290541648864746
vt 0.5914403796195984 0.11297094821929932
vt 0.5946752429008484 0.11653995513916016
vt 0.586530864238739 0.13244688510894775
vt 0.055247753858566284 0.15148359537124634
vt 0.11270961165428162 0.16428858041763306
vt 0.05349418520927429 0.16110295057296753
vt 0.06004020571708679 0.13434511423110962
vt 0.11449143290519714 0.13303571939468384
vt 0.05813512206077576 0.14209014177322388
vt 0.05840584635734558 0.1264551281929016
vt 0.11583945155143738 0.12198644876480103
vt 0.145331472158432 0.23465871810913086
vt 0.20134016871452332 0.23004615306854248
vt 0.20329555869102478 0.23955106735229492
vt 0.05379137396812439 0.1690499186515808
vt 0.11317381262779236 0.14869052171707153
vt 0.1439051330089569 0.21894192695617676
vt 0.20067688822746277 0.22037839889526367
vt 0.11351880431175232 0.17426437139511108
vt 0.055373162031173706 0.17681056261062622
vt 0.14776954054832458 0.11390835046768188
vt 0.18333205580711365 0.1231657862663269
vt 0.14699169993400574 0.1275351643562317
vt 0.06826910376548767 0.21481764316558838
vt 0.05465778708457947 0.19396471977233887
vt 0.06964442133903503 0.1906750202178955
vt 0.200210303068161 0.18303662538528442
vt 0.18793293833732605 0.1988338828086853
vt 0.18573269248008728 0.18202275037765503
vt 0.1818976104259491 0.14635437726974487
vt 0.19809934496879578 0.16867488622665405
vt 0.18294796347618103 0.16777437925338745
vt 0.18563970923423767 0.10819894075393677
vt 0.19825837016105652 0.12381559610366821
vt 0.1876966655254364 0.09340614080429077
vt 0.19917449355125427 0.1072346568107605
vt 0.05464252829551697 0.23955106735229492
vt 0.06994804739952087 0.23896348476409912
vt 0.19764205813407898 0.14631718397140503
vt 0.043985456228256226 0.10963982343673706
vt 0.028982728719711304 0.1092415452003479
vt 0.028730720281600952 0.1023220419883728
vt 0.04237052798271179 0.15325826406478882
vt 0.05251142382621765 0.13370603322982788
vt 0.04618653655052185 0.1580156683921814
vt 0.006828397046774626 0.13850706815719604
vt 0.018566101789474487 0.15606504678726196
vt 0.01551172137260437 0.16133493185043335
vt 0.01336774230003357 0.1129102110862732
vt 0.0408763587474823 0.11541992425918579
vt 0.030586808919906616 0.16229289770126343
vt 0.03106793761253357 0.16961246728897095
vt 0.017022937536239624 0.11790961027145386
vt 0.011941999197006226 0.13815432786941528
vt 0.026918262243270874 0.1414009928703308
vt 0.029779523611068726 0.12692111730575562
vt 0.04739031195640564 0.13431769609451294
vt 0.03303536772727966 0.12899380922317505
vt 0.030270308256149292 0.14365166425704956
vt 0.025686949491500854 0.13578075170516968
vt 0.03339990973472595 0.14049416780471802
vt 0.14817366003990173 0.2995460629463196
vt 0.15696606040000916 0.32628124952316284
vt 0.14075109362602234 0.32303887605667114
vt 0.11250194162130356 0.2624351382255554
vt 0.14996036887168884 0.24451321363449097
vt 0.1499234139919281 0.2615521550178528
vt 0.26031994819641113 0.11915135383605957
vt 0.23565734922885895 0.14850592613220215
vt 0.23082877695560455 0.12127673625946045
vt 0.1127299889922142 0.3236313462257385
vt 0.13472792506217957 0.3385719656944275
vt 0.10957261174917221 0.33905094861984253
vt 0.11349066346883774 0.27940577268600464
vt 0.11426123231649399 0.3015848994255066
vt 0.261091947555542 0.09557974338531494
vt 0.22328080236911774 0.09557974338531494
vt 0.13359138369560242 0.3576694130897522
vt 0.10490234941244125 0.35828500986099243
vt 0.06466086953878403 0.27689868211746216
vt 0.08176060765981674 0.2836543917655945
vt 0.06647010892629623 0.2888703942298889
vt 0.07357140630483627 0.32560402154922485
vt 0.08476587384939194 0.3045509457588196
vt 0.08927711099386215 0.3269466757774353
vt 0.07316883653402328 0.3396379351615906
vt 0.08346899598836899 0.3533610701560974
vt 0.06918235868215561 0.3525840640068054
vt 0.30723464488983154 0.11270606517791748
vt 0.28641653060913086 0.12187421321868896
vt 0.2945852279663086 0.1021571159362793
vt 0.07014330476522446 0.3059731125831604
vt 0.09009452909231186 0.34002381563186646
vt 0.2924596071243286 0.14012813568115234
vt 0.29923367500305176 0.12482273578643799
vt 0.07780870050191879 0.25920790433883667
vt 0.08084281533956528 0.27136653661727905
vt 0.04100855439901352 0.27605849504470825
vt 0.043510399758815765 0.28569096326828003
vt 0.3156667947769165 0.13578033447265625
vt 0.05242272466421127 0.3276800513267517
vt 0.052171073853969574 0.33751362562179565
vt 0.04595430940389633 0.29671722650527954
vt 0.04980083554983139 0.31286996603012085
vt 0.32432568073272705 0.12411928176879883
vt 0.0488104447722435 0.34942251443862915
vt 0.15187963843345642 0.3415566086769104
vt 0.151748389005661 0.35828500986099243
vt 0.20871688425540924 0.10566878318786621
vt 0.15071985125541687 0.27620869874954224
vt 0.16363117098808289 0.3038211464881897
vt 0.21970833837985992 0.14781415462493896
vt 0.21556009352207184 0.12618279457092285
vt 0.16838940978050232 0.26271122694015503
vt 0.16794666647911072 0.28011804819107056
vt 0.28058481216430664 0.14380884170532227
vt 0.4925369620323181 0.12498188018798828
vt 0.5018369555473328 0.10683012008666992
vt 0.4970170855522156 0.12431585788726807
vt 0.5263038277626038 0.10093867778778076
vt 0.5123993754386902 0.0995098352432251
vt 0.5123199820518494 0.09185469150543213
vt 0.5022022128105164 0.14186859130859375
vt 0.4996606707572937 0.1476348638534546
vt 0.512276828289032 0.14917659759521484
vt 0.5129790902137756 0.1567021608352661
vt 0.5263963341712952 0.14664077758789062
vt 0.5226250290870667 0.14179003238677979
vt 0.5338130593299866 0.12356770038604736
vt 0.5282867550849915 0.12414932250976562
vt 0.4986669421195984 0.10206460952758789
vt 0.5231671929359436 0.10663247108459473
vt 0.5096387267112732 0.11725974082946777
vt 0.5087011456489563 0.12284433841705322
vt 0.5120742917060852 0.1302281618118286
vt 0.514866054058075 0.12775969505310059
vt 0.5158854126930237 0.12285935878753662
vt 0.5120235085487366 0.1148456335067749
vt 0.5093430876731873 0.1277327537536621
vt 0.5145987868309021 0.1174696683883667
vt 0.14608868956565857 0.14765173196792603
vt 0.14538118243217468 0.16694539785385132
vt 0.14558491110801697 0.17923206090927124
vt 0.1456432044506073 0.19187742471694946
vt 0.11458107829093933 0.18426162004470825
vt 0.11103448271751404 0.21638047695159912
vt 0.11330196261405945 0.23567509651184082
vt 0.11320695281028748 0.19851207733154297
vt 0.14556393027305603 0.2050405740737915
vt 0.1153552234172821 0.11395186185836792
vt 0.6024062037467957 0.10173463821411133
vt 0.6039406657218933 0.07811141014099121
vt 0.6117681860923767 0.08683645725250244
vt 0.5679200291633606 0.12038552761077881
vt 0.571658194065094 0.11864125728607178
vt 0.5778757929801941 0.1338958740234375
vt 0.5568642020225525 0.09035766124725342
vt 0.5581057667732239 0.10664165019989014
vt 0.5490700602531433 0.09483778476715088
vt 0.5637655854225159 0.10284161567687988
vt 0.5745424628257751 0.11659157276153564
vt 0.57867830991745 0.11375391483306885
vt 0.5800883173942566 0.13258206844329834
vt 0.5725345015525818 0.07940268516540527
vt 0.5688731074333191 0.10017645359039307
vt 0.5629354119300842 0.08583545684814453
vt 0.5761935114860535 0.09717011451721191
vt 0.5836700797080994 0.11171090602874756
vt 0.5880269408226013 0.11130189895629883
vt 0.5838276743888855 0.13135802745819092
vt 0.5911082625389099 0.09509050846099854
vt 0.5848237872123718 0.07462787628173828
vt 0.5956761240959167 0.07394099235534668
vt 0.5842816233634949 0.09524977207183838
vt 0.5965980887413025 0.09722280502319336
vt 0.598482072353363 0.12120974063873291
vt 0.6197051405906677 0.09795534610748291
vt 0.609172523021698 0.10826945304870605
vt 0.3183348774909973 0.15551018714904785
vt 0.31430143117904663 0.15813159942626953
vt 0.31449025869369507 0.15553879737854004
vt 0.022010479122400284 0.18080437183380127
vt 0.2584182322025299 0.15485036373138428
vt 0.31751683354377747 0.19031858444213867
vt 0.32078853249549866 0.2307724952697754
vt 0.2812017798423767 0.27358555793762207
vt 0.052565425634384155 0.2155451774597168
vt 0.20294591784477234 0.19853132963180542
vt 0.20294591784477234 0.09257751703262329
vt 0.026585906744003296 0.12991267442703247
vt 0.03420409560203552 0.13438647985458374
vt 0.1105247363448143 0.24734097719192505
vt 0.2609063386917114 0.14396274089813232
vt 0.061799608170986176 0.267159640789032
vt 0.3073134422302246 0.14769220352172852
vt 0.1706591546535492 0.24612027406692505
vt 0.1465063989162445 0.10306340456008911
vt 0.5894023776054382 0.13538336753845215
vt 0.3183348774909973 0.15838837623596191
vn -0.6731600253480855 -0.6372302273250331 -0.3752242231741596
vn -0.883532538408668 0.18532851435544592 0.43014369150312876
vn -0.8727923302885259 0.10784202847999931 -0.476029038066843
vn -0.041538423232222094 -0.914505679884423 0.40243498960019614
vn 0.4219684511474354 -0.8401458640609795 -0.34073091045202364
vn 0.20619254837668582 -0.8101554627674672 0.5487556461139684
vn -0.6097027554135034 0.7869225759242422 0.09494951048813899
vn -0.29273634195323095 0.815700840377345 -0.4989364419518121
vn -0.5873360936652359 0.7681005990159109 -0.2550642720364034
vn 0.5627176801688274 -0.24205572958262186 -0.7904162423695746
vn 0.7440363851084574 0.5213224267500167 -0.4178908769071331
vn 0.941106558115617 -0.11501729456253747 -0.317945700117632
vn 0.9429175033403965 -0.05530444638672313 0.32840219259951864
vn 0.745658873030573 0.6339755379853304 0.20510451556946904
vn -0.20955474821119707 -0.9120410170173702 0.3525166531953674
vn -0.4343062960645177 -0.4688253939313486 0.7691428938785271
vn -0.6727619153246082 -0.5492654216656774 0.49568024153802054
vn -0.04627553126252588 -0.4672294035815189 -0.8829242660813151
vn 0.3621137015478809 0.3895516965765153 -0.8468312363426675
vn -0.19660703490415657 0.26421042327834166 -0.9442131782904088
vn -0.6727619153246082 -0.5492654216656774 0.49568024153802054
vn -0.6477877450337228 0.26919856160799693 0.7126732573994271
vn -0.883532538408668 0.18532851435544592 0.43014369150312876
vn 0.05475498071924929 -0.9331759892469572 -0.35522452784034697
vn 0.5627176801688274 -0.24205572958262186 -0.7904162423695746
vn -0.22078538637975234 -0.9703922023820104 -0.09794277266513697
vn -0.6731600253480855 -0.6372302273250331 -0.3752242231741596
vn -0.04627553126252588 -0.4672294035815189 -0.8829242660813151
vn 0.6456459752653663 -0.7112395301664478 0.27799209584490775
vn 0.941106558115617 -0.11501729456253747 -0.317945700117632
vn 0.9429175033403965 -0.05530444638672313 0.32840219259951864
vn 0.6392344813365025 -0.7656425331985572 -0.0719082000035377
vn -0.4343062960645177 -0.4688253939313486 0.7691428938785271
vn -0.05513935185485286 0.47055264940453384 0.8806474073177076
vn 0.3621137015478809 0.3895516965765153 -0.8468312363426675
vn -0.19660703490415657 0.26421042327834166 -0.9442131782904088
vn -0.8727923302885259 0.10784202847999931 -0.476029038066843
vn -0.883532538408668 0.18532851435544592 0.43014369150312876
vn -0.4658361494905312 0.8672977680757439 0.17547439505143858
vn -0.6477877450337228 0.26919856160799693 0.7126732573994271
vn 0.06465233249773891 0.863756552985656 -0.49974462786201074
vn -0.2624480783552094 0.9177260645622876 0.2981608233666419
vn 0.18657482133751363 0.9137519833013554 -0.3608976988783861
vn 0.745658873030573 0.6339755379853304 0.20510451556946904
vn 0.7440363851084574 0.5213224267500167 -0.4178908769071331
vn -0.05513935185485286 0.47055264940453384 0.8806474073177076
vn 0.20228586305513874 -0.2537031620301618 0.9458938287059151
vn 0.19251295843497657 0.9782689137028687 0.07699800852763841
vn 0.20228586305513874 -0.2537031620301618 0.9458938287059151
vn -0.3503719471140094 -0.8456366483802267 -0.4026638270217413
vn -0.8776710861598241 -0.3222607933885706 0.3547413784203969
vn -0.725776768430337 -0.5106331388241709 0.46097926194286865
vn -0.7033598860653962 -0.006301194897818328 0.7108059971728801
vn -0.3162916637817583 0.3542336174982956 0.8800443895942057
vn -0.37820187248047177 0.586837170516414 0.7159507517647805
vn 0.8951708007716824 0.21779915143182876 -0.3888865735421578
vn 0.6698345629748724 0.1803160489598678 -0.7202831253970652
vn 0.6946013862430105 -0.09416677835133719 -0.7132051122112193
vn 0.18567046548463326 0.11219053317582914 -0.9761863359586852
vn 0.3672274062197465 -0.3951321731803487 -0.8420300456865492
vn -0.725776768430337 -0.5106331388241709 0.46097926194286865
vn -0.7264834888827308 -0.08870929871632517 0.6814340765635607
vn -0.37820187248047177 0.586837170516414 0.7159507517647805
vn 0.5271115342513086 0.665611179333646 0.5283135322943228
vn 0.6102719700199318 0.7494741251237921 0.25662552168075115
vn 0.907245156681371 0.32917162218643053 -0.26182488198287956
vn 0.6243108484671317 0.321277315830138 0.7120511574453285
vn -0.18140953226583878 -0.28528978119996473 0.9411165296316741
vn 0.7034948831228202 0.092858523091047 0.7046078654892798
vn -0.3162916637817583 0.3542336174982956 0.8800443895942057
vn 0.9961577029176776 0.0860045972274463 0.01652392730316852
vn 0.6021177792634467 0.4381028400161449 -0.6674729069143134
vn 0.9209356109202852 0.3754507405040078 -0.10447172820372708
vn 0.09537687055499214 0.26797976099079035 -0.9586918693002748
vn -0.4835958975900332 -0.5679028404710076 -0.6660490759839333
vn -0.6610803913251394 -0.1987966497437532 -0.723500247585348
vn -0.8781443700693801 -0.47346244172290636 0.06852577320421206
vn -0.646123288583613 -0.6507696440826959 0.39877759000522883
vn -0.7434507150759287 -0.44565946916941246 0.49866689462278074
vn -0.1277863420556949 -0.5382400711361117 0.8330475836393851
vn 0.6752915617128284 -0.24965228908757664 0.6940137183318369
vn 0.17595890819305665 -0.20207291677542874 -0.9634339618953539
vn -0.6977994811719284 -0.7162561196193868 -0.0072838989535888325
vn -0.8781443700693801 -0.47346244172290636 0.06852577320421206
vn -0.18140953226583878 -0.28528978119996473 0.9411165296316741
vn -0.7866780711676723 -0.11099430316892023 -0.6073037765467596
vn -0.9712025180727758 -0.21487658442863242 0.10292580994767306
vn 0.48573895644413184 0.514105047229932 -0.706932575713749
vn -0.2440157515698353 0.00013058863665194357 0.9697712595929087
vn -0.8776710861598241 -0.3222607933885706 0.3547413784203969
vn -0.7844947010229947 -0.23409109404422065 0.5742555387247231
vn -0.03158462846557337 0.46885364018419456 -0.8827109806333676
vn 0.8802018096213022 0.45283463905906934 -0.1420759093147995
vn -0.9712025180727758 -0.21487658442863242 0.10292580994767306
vn -0.7820930321697496 0.09589798952370891 -0.6157386333801362
vn -0.4890374297307751 -0.6706525065394364 -0.557734352353061
vn -0.7063441197672932 -0.7076303909789684 -0.018363393834484657
vn -0.6977994811719284 -0.7162561196193868 -0.0072838989535888325
vn -0.12202032675782795 -0.7137858948029561 0.6896526199749089
vn 0.649269956983421 -0.41168482988443134 0.6395030287666927
vn 0.754570118425891 0.09163071727389924 -0.6497905416598548
vn 0.20962819227594365 -0.21398732443686014 -0.9540783227720218
vn -0.5899820679563459 -0.7354541765698437 0.33320911400489506
vn -0.1277863420556949 -0.5382400711361117 0.8330475836393851
vn 0.8181677233653538 0.0847467202597841 -0.5686998943628916
vn 0.041926127130343056 -0.6891906292102721 0.7233660736256571
vn -0.652292011824617 -0.6088097579162518 0.45151501633472646
vn -0.2149194243577653 -0.925680783267169 0.3113273655231857
vn 0.8821611987760154 -0.3742543964452351 -0.28587631261697066
vn 0.6256644711630955 -0.7760409681318955 -0.07940015935194639
vn 0.606391951074106 -0.7933331440315476 0.053956688682299324
vn 0.07894692278922928 0.7552558037271363 -0.6506581701005443
vn 0.7431847586464065 0.14094555765182373 -0.6540724457534491
vn 0.7922408836737326 0.17871205812280086 -0.5834521253002479
vn -0.7051758032938596 0.6987106467759112 -0.12054260048152052
vn -0.016535311699975193 0.7483508591232061 -0.663096957553376
vn -0.8794602734834969 -0.0532828989898365 0.47298050703974204
vn -0.9047087809609524 0.28830065861120124 0.31366343729624474
vn -0.7730605394267097 -0.3517815138905496 0.5278514647759895
vn -0.06470440341215576 -0.9053707649499994 0.41966310077600344
vn 0.8552720315174976 -0.33045652156352395 -0.3991343626650916
vn -0.9030440097087442 0.30119874914355144 0.30625288577173176
vn -0.7051758032938596 0.6987106467759112 -0.12054260048152052
vn -0.29464520260347205 -0.8467867939879646 0.44287281482423735
vn -0.7730605394267097 -0.3517815138905496 0.5278514647759895
vn -0.15344093622991117 0.7526482435207488 -0.64029407354279
vn 0.6405772518304365 0.18809286899124736 -0.7445010792953946
vn 0.5719798276854863 0.11626215136137702 -0.8119865693973672
vn -0.7486451513299376 0.3405634931876123 0.5688118709186949
vn 0.24758817289006768 0.6827799018859021 0.6873948663073036
vn -0.5335455833468586 0.8190896394790864 0.21076354758135998
vn 0.5046945999460022 -0.5688149680242702 0.649409649556344
vn -0.6494722117938823 -0.20112837055728333 0.7333029555814805
vn -0.056390896135778974 -0.8862943459230076 0.45967640707122603
vn 0.7221170513152563 -0.3506646160576148 -0.5963063736410377
vn 0.8843742706851594 -0.4562819788235018 0.09843223634055036
vn 0.5674733720424436 -0.7857891770785109 -0.2459864654997404
vn 0.11509734762971911 0.889695781888162 -0.4418076688549164
vn 0.9919710956353927 0.1108215001907021 -0.06092569670837678
vn -0.5335455833468586 0.8190896394790864 0.21076354758135998
vn 0.6831272338118994 0.7167655555844087 0.13994399148329364
vn 0.1958809389587926 -0.11100651244094119 0.9743244900690533
vn -0.6494722117938823 -0.20112837055728333 0.7333029555814805
vn 0.9830218325119131 -0.182933585737401 -0.014261136496680477
vn 0.8843742706851594 -0.4562819788235018 0.09843223634055036
vn 0.9142099236900392 0.2529952473155526 0.31656534911830664
vn 0.5046945999460022 -0.5688149680242702 0.649409649556344
vn 0.6394995199292871 -0.11660203164455597 0.7598975787739907
vn 0.9830218325119131 -0.182933585737401 -0.014261136496680477
vn 0.9919710956353927 0.1108215001907021 -0.06092569670837678
vn 0.1380606619024422 0.32406989727983204 0.9359048858255303
vn 0.9016539480512775 -0.21469680871398275 0.3754003706598806
vn 0.24758817289006768 0.6827799018859021 0.6873948663073036
vn 0.1958809389587926 -0.11100651244094119 0.9743244900690533
vn 0.7511742990836114 0.2940538172524305 0.590990291760803
vn 0.8138428730709618 -0.16800900767593183 0.5562667986599154
vn 0.6831272338118994 0.7167655555844087 0.13994399148329364
vn 0.9919550630404687 0.09941274074144418 0.07837257100959619
vn 0.9785065676637434 -0.16271319454262684 0.1266858846148748
vn 0.860437547006427 -0.508609965195284 -0.031034352025051695
vn 0.7881332602988343 0.6135096605056506 0.049516264772003785
vn 0.5950857059639652 0.12706056516300793 0.793554418636697
vn 0.3262336440997868 0.6036494757731613 0.7274468501933056
vn 0.633142867124637 -0.4454230676213295 0.6330311213834585
vn 0.882159499952307 -0.2562298731929735 -0.3951466420550836
vn 0.25382519044724045 -0.0124705982899581 0.9671697146171981
vn 0.6353029339207421 -0.02739301789857088 -0.771777043401853
vn 0.7229895121168841 -0.6599524520545278 -0.20432554024449856
vn 0.3984005128209192 -0.44441584280949636 -0.8023537810990571
vn 0.21295132309235468 0.9770193199568407 0.009218591231203055
vn -0.1612475849387932 0.5243422083234611 0.8361007504612604
vn 0.5397978473045149 0.7938988735405962 0.2798979503968979
vn -0.5343151779589866 0.026786480364790526 0.844860802187155
vn -0.4435214319243861 -0.6344589039766764 0.6330486857963269
vn -0.5128706577060776 -0.08224364417397416 0.8545172154246631
vn 0.07968336321559706 -0.4598235127900751 -0.8844280065172331
vn -0.0882631326528935 -0.9689587019976058 -0.23092997474865098
vn -0.3436276605819267 -0.9319401335843621 -0.11579127038664662
vn 0.4752206373823927 0.48985852550799686 -0.7308925849897531
vn 0.36640758475551805 0.027176439618334526 -0.9300574836875938
vn -0.31825518920927914 0.5966216429935223 0.7367199261952101
vn -0.1612475849387932 0.5243422083234611 0.8361007504612604
vn -0.4435214319243861 -0.6344589039766764 0.6330486857963269
vn -0.4525274529042514 -0.4799958603372533 0.7515469901656785
vn -0.21331558716048193 0.8781305878990303 -0.4282325663357264
vn 0.273015237513007 0.42445126387894505 -0.8633097964678048
vn 0.29261005989655203 0.30500433968592616 -0.9062845610624116
vn 0.008115952325057586 -0.5946003539203683 -0.8039804415753097
vn 0.1475153496044373 -0.0826885404441857 -0.9855971930308501
vn -0.2607518771931595 -0.48826848865408384 -0.8328279183166832
vn -0.5841837442369241 -0.8081151605479093 0.075360734218521
vn -0.725599773270417 -0.29611571750002985 0.6211444686056231
vn -0.6168977052238341 -0.11782808647219296 0.7781733504354086
vn -0.6342833933379949 0.6653935638897679 0.3936190824511835
vn -0.6351578536805195 0.19285366798156683 0.747918420453736
vn -0.5431506413375923 0.6679187378908514 0.5087945954792115
vn 0.2957164621479453 -0.20907653985448998 -0.9321152152481884
vn -0.6296109418059821 -0.7735772079102889 -0.07189134412365347
vn -0.6168977052238341 -0.11782808647219296 0.7781733504354086
vn -0.5972127340371762 0.2893665768270401 0.7480667981666087
vn -0.5431506413375923 0.6679187378908514 0.5087945954792115
vn -0.04913698739035048 0.9667705662907633 -0.250878912274502
vn -0.5310960520533843 0.754332859120932 0.3859001440058677
vn 0.04119783935083593 0.8313941492678717 -0.5541538654525243
vn -0.4699753195825077 0.33183991004613045 0.8179275475761258
vn 0.29119124954012576 -0.8427959806196033 -0.4526616741482555
vn -0.1262773696379349 -0.8866436765996525 0.4448786538632478
vn 0.4883839589243245 0.0984548010029878 -0.8670569536223475
vn 0.475746276078455 -0.37674800134582154 -0.7948121943449353
vn -0.5310960520533843 0.754332859120932 0.3859001440058677
vn -0.38444346064846024 -0.16134101432140507 0.9089402085188971
vn 0.28173299094574633 -0.9535959864397244 0.10621307103559822
vn 0.014058506198740016 -0.7372003440112558 0.6755279499718323
vn 0.2344067421026525 -0.10834366912790865 0.9660823611973893
vn 0.7889729824973102 0.38043464834560164 -0.4824843118977628
vn 0.8851574469983068 -0.4595016261987931 -0.07317478762595782
vn 0.014058506198740016 -0.7372003440112558 0.6755279499718323
vn 0.018060402872233924 -0.4526240249097526 0.8915185437906428
vn 0.7543514862242657 0.08055367392576515 0.6515097396419356
vn 0.9569581017127091 -0.2604551368288269 0.12804027985710253
vn -0.725599773270417 -0.29611571750002985 0.6211444686056231
vn 0.8851574469983068 -0.4595016261987931 -0.07317478762595782
vn 0.2289885575089164 -0.7286451582064852 0.645476935259682
vn 0.23485608356127985 -0.5274742694015214 0.8164640317451761
vn 0.2344067421026525 -0.10834366912790865 0.9660823611973893
vn 0.4814896726372154 -0.7742513574724655 0.4107341361461835
vn 0.7543514862242657 0.08055367392576515 0.6515097396419356
vn 0.48483987026060615 -0.4696182432680068 0.7378272194731974
vn 0.7229895121168841 -0.6599524520545278 -0.20432554024449856
vn 0.6799861820029308 -0.4785466381738202 0.5555284937585219
vn 0.28173299094574633 -0.9535959864397244 0.10621307103559822
vn 0.014058506198740016 -0.7372003440112558 0.6755279499718323
vn 0.8478425924131343 -0.40752897979397107 0.3392389557793462
vn 0.018060402872233924 -0.4526240249097526 0.8915185437906428
vn 0.8437503863373951 -0.5170132324449008 0.14416172526843452
vn 0.9569581017127091 -0.2604551368288269 0.12804027985710253
vn 0.6780602154396762 -0.7141248109197729 0.17395430051222738
vn -0.34824521193930796 -0.5569415906629904 0.7540168015045319
vn -0.28653676663345823 -0.2034117726249154 0.9362266457032896
vn 0.7998568958416524 -0.015953837827583573 0.5999786839822955
vn 0.9892407471237306 -0.10870721838470092 -0.09790548963742597
vn 0.8957812201687291 -0.32260161535212023 -0.30578457018827127
vn 0.11670201475455567 -0.9725143130047753 0.20148585745177652
vn 0.05301383680494876 -0.08706132174449119 0.9947913647410297
vn 0.7009397045848146 -0.6381993122475064 -0.3184103773173275
vn 0.7138316017965528 -0.3676912852643374 -0.5960264784531197
vn 0.5101496232980925 -0.825789733067844 -0.24045514885016187
vn -0.3284885959008652 -0.8437305787659071 0.4245161396442139
vn -0.8305206509861051 -0.07719233228020364 0.551612900613065
vn -0.8794602734834969 -0.0532828989898365 0.47298050703974204
vn -0.8798897392319812 0.2853264872506758 0.37997742362864956
vn -0.8305206509861051 -0.07719233228020364 0.551612900613065
vn -0.7705948146785602 0.6347519783942711 0.0572150112739125
vn -0.7892654905572598 0.613515116671336 -0.02567463789745065
vn -0.7892654905572598 0.613515116671336 -0.02567463789745065
vn -0.6748116040214861 -0.6179924022096853 0.40337908955355084
vn -0.12202032675782795 -0.7137858948029561 0.6896526199749089
vn -0.5899820679563459 -0.7354541765698437 0.33320911400489506
vn -0.9255800843546816 -0.37473954878637655 0.05358897294558918
vn -0.7761239612331419 0.0374434439908479 -0.6294676999671078
vn -0.6388205314953433 -0.5278876164331101 -0.5596811529402939
vn -0.4890374297307751 -0.6706525065394364 -0.557734352353061
vn -0.8763628772542492 -0.4815398535760291 -0.01036710126458821
vn -0.7063441197672932 -0.7076303909789684 -0.018363393834484657
vn -0.6939739948878354 -0.2091739336113885 -0.6889458323532823
vn 0.07162561935838573 0.3831344791572477 -0.9209113646450628
vn 0.7359420788662108 0.29315655945288277 -0.6102855792199487
vn 0.28415144509231044 -0.24724684243567197 -0.9263514209831719
vn 0.8181677233653538 0.0847467202597841 -0.5686998943628916
vn 0.09548415492665387 0.22477885769420108 -0.9697201871115364
vn 0.20962819227594365 -0.21398732443686014 -0.9540783227720218
vn 0.7135065671379216 0.31896750348098457 -0.6238333995340157
vn 0.9942731004960508 0.007037284924353922 -0.10663713354579367
vn 0.7925407234649858 -0.40358464083077245 0.4571636898694969
vn 0.7919168645135511 -0.6001163439825854 -0.11281867480165315
vn 0.7643158540088916 -0.25196507186940187 0.5935780301430521
vn 0.9979062915580084 -0.009831019155491184 0.06392483344763258
vn 0.649269956983421 -0.41168482988443134 0.6395030287666927
vn 0.9877348479848634 0.15218839874643203 -0.03490789829416279
vn -0.0485117985899859 -0.621656947296514 0.7817859331527678
vn -0.9255800843546816 -0.37473954878637655 0.05358897294558918
vn -0.7063441197672932 -0.7076303909789684 -0.018363393834484657
vn -0.8763628772542492 -0.4815398535760291 -0.01036710126458821
vn 0.7919168645135511 -0.6001163439825854 -0.11281867480165315
vn -0.6388205314953433 -0.5278876164331101 -0.5596811529402939
vn 0.28415144509231044 -0.24724684243567197 -0.9263514209831719
vn -0.6727619153246082 -0.5492654216656774 0.49568024153802054
vn -0.2440157515698353 0.00013058863665194357 0.9697712595929087
vn 0.9979062915580084 -0.009831019155491184 0.06392483344763258
vn -0.7063441197672932 -0.7076303909789684 -0.018363393834484657
vn -0.12202032675782795 -0.7137858948029561 0.6896526199749089
vn 0.1380606619024422 0.32406989727983204 0.9359048858255303
vn 0.1958809389587926 -0.11100651244094119 0.9743244900690533
vn 0.24758817289006768 0.6827799018859021 0.6873948663073036
vn 0.89414536987484 0.0900935784983638 -0.43861965829719146
vn 0.1442560434815486 0.3382026649102409 0.9299511553660552
vn -0.31825518920927914 0.5966216429935223 0.7367199261952101
vn -0.4525274529042514 -0.4799958603372533 0.7515469901656785
vn -0.6342833933379949 0.6653935638897679 0.3936190824511835
vn -0.38444346064846024 -0.16134101432140507 0.9089402085188971
vn 0.2344067421026525 -0.10834366912790865 0.9660823611973893
vn -0.7705948146785602 0.6347519783942711 0.0572150112739125
vn -0.6388205314953433 -0.5278876164331101 -0.5596811529402939
vn -0.2149194243577653 -0.925680783267169 0.3113273655231857
f 2971/2971/2971 2972/2972/2972 2973/2973/2973
f 2974/2974/2974 2975/2975/2975 2976/2976/2976
f 2977/2977/2977 2978/2978/2978 2979/2979/2979
f 2980/2980/2980 2981/2981/2981 2982/2982/2982
f 2983/2983/2983 2981/2981/2981 2984/2984/2984
f 2985/2985/2985 2986/2986/2986 2987/2987/2987
f 2988/2988/2988 2989/2989/2989 2980/2980/2980
f 2971/2971/2971 2990/2990/2990 2988/2988/2988
f 2991/2991/2991 2992/2992/2992 2993/2993/2993
f 2994/2994/2994 2995/2995/2995 2975/2975/2975
f 2996/2996/2996 2987/2987/2987 2997/2997/2997
f 2996/2996/2996 2998/2998/2998 2994/2994/2994
f 2999/2999/2999 3000/3000/3000 3001/3001/3001
f 3002/3002/3002 2995/2995/2995 3000/3000/3000
f 3003/3003/3003 3004/3004/3004 2992/2992/2992
f 2994/2994/2994 2985/2985/2985 2996/2996/2996
f 2978/2978/2978 3005/3005/3005 3006/3006/3006
f 2977/2977/2977 3007/3007/3007 3008/3008/3008
f 3009/3009/3009 3008/3008/3008 3010/3010/3010
f 2979/2979/2979 3006/3006/3006 3007/3007/3007
f 3011/3011/3011 3009/3009/3009 3012/3012/3012
f 3013/3013/3013 3014/3014/3014 3015/3015/3015
f 3015/3015/3015 3011/3011/3011 3013/3013/3013
f 3012/3012/3012 3010/3010/3010 3016/3016/3016
f 3002/3002/3002 2976/2976/2976 2975/2975/2975
f 3012/3012/3012 3013/3013/3013 3011/3011/3011
f 2976/2976/2976 3001/3001/3001 3017/3017/3017
f 3016/3016/3016 3018/3018/3018 3012/3012/3012
f 3019/3019/3019 2984/2984/2984 3004/3004/3004
f 2976/2976/2976 2986/2986/2986 2974/2974/2974
f 3020/3020/3020 3021/3021/3021 3022/3022/3022
f 3023/3023/3023 3024/3024/3024 3025/3025/3025
f 3026/3026/3026 3027/3027/3027 3028/3028/3028
f 3029/3029/3029 3020/3020/3020 3030/3030/3030
f 3031/3031/3031 3032/3032/3032 3023/3023/3023
f 3033/3033/3033 3034/3034/3034 3035/3035/3035
f 3035/3035/3035 3036/3036/3036 3026/3026/3026
f 3028/3028/3028 3029/3029/3029 3030/3030/3030
f 3037/3037/3037 3038/3038/3038 3039/3039/3039
f 3040/3040/3040 3037/3037/3037 3034/3034/3034
f 3041/3041/3041 3042/3042/3042 3043/3043/3043
f 3044/3044/3044 3045/3045/3045 3046/3046/3046
f 3047/3047/3047 3048/3048/3048 3049/3049/3049
f 3050/3050/3050 3039/3039/3039 3038/3038/3038
f 3051/3051/3051 3043/3043/3043 3039/3039/3039
f 3042/3042/3042 3052/3052/3052 3044/3044/3044
f 3046/3046/3046 3053/3053/3053 3054/3054/3054
f 3048/3048/3048 3055/3055/3055 3049/3049/3049
f 3056/3056/3056 3057/3057/3057 3021/3021/3021
f 3058/3058/3058 3029/3029/3029 3027/3027/3027
f 3037/3037/3037 3036/3036/3036 3034/3034/3034
f 3032/3032/3032 3059/3059/3059 3024/3024/3024
f 3060/3060/3060 3061/3061/3061 3032/3032/3032
f 3062/3062/3062 3056/3056/3056 3029/3029/3029
f 3063/3063/3063 3027/3027/3027 3036/3036/3036
f 3061/3061/3061 3055/3055/3055 3059/3059/3059
f 3064/3064/3064 3049/3049/3049 3061/3061/3061
f 3065/3065/3065 3054/3054/3054 3057/3057/3057
f 3062/3062/3062 3046/3046/3046 3065/3065/3065
f 3062/3062/3062 3042/3042/3042 3044/3044/3044
f 3058/3058/3058 3043/3043/3043 3042/3042/3042
f 3063/3063/3063 3039/3039/3039 3043/3043/3043
f 3052/3052/3052 3066/3066/3066 3045/3045/3045
f 3067/3067/3067 3048/3048/3048 3068/3068/3068
f 3069/3069/3069 3051/3051/3051 3050/3050/3050
f 3070/3070/3070 3041/3041/3041 3051/3051/3051
f 3071/3071/3071 3072/3072/3072 3052/3052/3052
f 3066/3066/3066 3053/3053/3053 3045/3045/3045
f 3073/3073/3073 3074/3074/3074 3048/3048/3048
f 3041/3041/3041 3075/3075/3075 3071/3071/3071
f 3076/3076/3076 3077/3077/3077 3078/3078/3078
f 3079/3079/3079 3080/3080/3080 3081/3081/3081
f 3082/3082/3082 3083/3083/3083 3084/3084/3084
f 3085/3085/3085 3086/3086/3086 3082/3082/3082
f 3087/3087/3087 3088/3088/3088 3089/3089/3089
f 3080/3080/3080 3090/3090/3090 3081/3081/3081
f 3084/3084/3084 3091/3091/3091 3079/3079/3079
f 3092/3092/3092 3093/3093/3093 3088/3088/3088
f 3094/3094/3094 3095/3095/3095 3090/3090/3090
f 3096/3096/3096 3097/3097/3097 3098/3098/3098
f 3099/3099/3099 3100/3100/3100 3101/3101/3101
f 3102/3102/3102 3103/3103/3103 3104/3104/3104
f 3105/3105/3105 3106/3106/3106 3107/3107/3107
f 3108/3108/3108 3109/3109/3109 3097/3097/3097
f 3110/3110/3110 3111/3111/3111 3108/3108/3108
f 3112/3112/3112 3099/3099/3099 3113/3113/3113
f 3106/3106/3106 3104/3104/3104 3107/3107/3107
f 3097/3097/3097 3114/3114/3114 3105/3105/3105
f 3115/3115/3115 3116/3116/3116 3117/3117/3117
f 3118/3118/3118 3119/3119/3119 3120/3120/3120
f 3121/3121/3121 3122/3122/3122 3123/3123/3123
f 3116/3116/3116 3124/3124/3124 3117/3117/3117
f 3119/3119/3119 3125/3125/3125 3115/3115/3115
f 3126/3126/3126 3120/3120/3120 3127/3127/3127
f 3123/3123/3123 3126/3126/3126 3127/3127/3127
f 3128/3128/3128 3121/3121/3121 3124/3124/3124
f 3129/3129/3129 3130/3130/3130 3122/3122/3122
f 3131/3131/3131 3128/3128/3128 3116/3116/3116
f 3132/3132/3132 3133/3133/3133 3125/3125/3125
f 3134/3134/3134 3118/3118/3118 3126/3126/3126
f 3122/3122/3122 3134/3134/3134 3126/3126/3126
f 3128/3128/3128 3135/3135/3135 3129/3129/3129
f 3125/3125/3125 3131/3131/3131 3116/3116/3116
f 3136/3136/3136 3132/3132/3132 3118/3118/3118
f 3137/3137/3137 3138/3138/3138 3139/3139/3139
f 3140/3140/3140 3141/3141/3141 3142/3142/3142
f 3143/3143/3143 3144/3144/3144 3145/3145/3145
f 3146/3146/3146 3147/3147/3147 3148/3148/3148
f 3149/3149/3149 3137/3137/3137 3150/3150/3150
f 3151/3151/3151 3145/3145/3145 3152/3152/3152
f 3148/3148/3148 3153/3153/3153 3154/3154/3154
f 3150/3150/3150 3139/3139/3139 3146/3146/3146
f 3155/3155/3155 3156/3156/3156 3157/3157/3157
f 3158/3158/3158 3159/3159/3159 3160/3160/3160
f 3161/3161/3161 3162/3162/3162 3163/3163/3163
f 3164/3164/3164 3165/3165/3165 3166/3166/3166
f 3157/3157/3157 3159/3159/3159 3167/3167/3167
f 3161/3161/3161 3160/3160/3160 3168/3168/3168
f 3169/3169/3169 3165/3165/3165 3170/3170/3170
f 3155/3155/3155 3171/3171/3171 3172/3172/3172
f 3173/3173/3173 3155/3155/3155 3174/3174/3174
f 3175/3175/3175 3169/3169/3169 3170/3170/3170
f 3176/3176/3176 3161/3161/3161 3177/3177/3177
f 3178/3178/3178 3167/3167/3167 3179/3179/3179
f 3180/3180/3180 3170/3170/3170 3164/3164/3164
f 3177/3177/3177 3163/3163/3163 3181/3181/3181
f 3179/3179/3179 3158/3158/3158 3176/3176/3176
f 3174/3174/3174 3157/3157/3157 3178/3178/3178
f 3172/3172/3172 3149/3149/3149 3156/3156/3156
f 3153/3153/3153 3182/3182/3182 3183/3183/3183
f 3145/3145/3145 3184/3184/3184 3152/3152/3152
f 3185/3185/3185 3186/3186/3186 3137/3137/3137
f 3139/3139/3139 3182/3182/3182 3147/3147/3147
f 3145/3145/3145 3187/3187/3187 3188/3188/3188
f 3141/3141/3141 3189/3189/3189 3142/3142/3142
f 3142/3142/3142 3190/3190/3190 3185/3185/3185
f 3140/3140/3140 3185/3185/3185 3149/3149/3149
f 3159/3159/3159 3146/3146/3146 3160/3160/3160
f 3168/3168/3168 3154/3154/3154 3162/3162/3162
f 3166/3166/3166 3143/3143/3143 3151/3151/3151
f 3156/3156/3156 3150/3150/3150 3159/3159/3159
f 3160/3160/3160 3148/3148/3148 3168/3168/3168
f 3191/3191/3191 3143/3143/3143 3165/3165/3165
f 3171/3171/3171 3140/3140/3140 3172/3172/3172
f 3192/3192/3192 3193/3193/3193 3194/3194/3194
f 3195/3195/3195 3196/3196/3196 3197/3197/3197
f 3192/3192/3192 3198/3198/3198 3199/3199/3199
f 3199/3199/3199 3200/3200/3200 3201/3201/3201
f 3202/3202/3202 3200/3200/3200 3203/3203/3203
f 3204/3204/3204 3203/3203/3203 3205/3205/3205
f 3206/3206/3206 3196/3196/3196 3193/3193/3193
f 3204/3204/3204 3207/3207/3207 3195/3195/3195
f 3194/3194/3194 3208/3208/3208 3209/3209/3209
f 3198/3198/3198 3210/3210/3210 3200/3200/3200
f 3205/3205/3205 3211/3211/3211 3212/3212/3212
f 3207/3207/3207 3213/3213/3213 3196/3196/3196
f 3193/3193/3193 3213/3213/3213 3208/3208/3208
f 3194/3194/3194 3214/3214/3214 3198/3198/3198
f 3203/3203/3203 3210/3210/3210 3211/3211/3211
f 3205/3205/3205 3215/3215/3215 3207/3207/3207
f 3098/3098/3098 3105/3105/3105 3216/3216/3216
f 3083/3083/3083 3216/3216/3216 3091/3091/3091
f 3216/3216/3216 3107/3107/3107 3217/3217/3217
f 3091/3091/3091 3217/3217/3217 3080/3080/3080
f 3218/3218/3218 3107/3107/3107 3104/3104/3104
f 3217/3217/3217 3094/3094/3094 3080/3080/3080
f 3219/3219/3219 3104/3104/3104 3103/3103/3103
f 3218/3218/3218 3220/3220/3220 3094/3094/3094
f 3221/3221/3221 3113/3113/3113 3099/3099/3099
f 3222/3222/3222 3092/3092/3092 3087/3087/3087
f 3223/3223/3223 3099/3099/3099 3101/3101/3101
f 3221/3221/3221 3224/3224/3224 3092/3092/3092
f 3096/3096/3096 3110/3110/3110 3108/3108/3108
f 3225/3225/3225 3096/3096/3096 3086/3086/3086
f 3086/3086/3086 3098/3098/3098 3083/3083/3083
f 3226/3226/3226 3227/3227/3227 3228/3228/3228
f 3076/3076/3076 3226/3226/3226 3077/3077/3077
f 3229/3229/3229 3230/3230/3230 3231/3231/3231
f 3232/3232/3232 3233/3233/3233 3234/3234/3234
f 3229/3229/3229 3235/3235/3235 3230/3230/3230
f 3236/3236/3236 3237/3237/3237 3238/3238/3238
f 3239/3239/3239 3240/3240/3240 3241/3241/3241
f 3236/3236/3236 3242/3242/3242 3237/3237/3237
f 3243/3243/3243 3244/3244/3244 3245/3245/3245
f 3246/3246/3246 3247/3247/3247 3248/3248/3248
f 3249/3249/3249 3244/3244/3244 3243/3243/3243
f 3244/3244/3244 3078/3078/3078 3245/3245/3245
f 3250/3250/3250 3248/3248/3248 3227/3227/3227
f 3246/3246/3246 3076/3076/3076 3244/3244/3244
f 3251/3251/3251 3078/3078/3078 3077/3077/3077
f 3252/3252/3252 3226/3226/3226 3228/3228/3228
f 3077/3077/3077 3253/3253/3253 3251/3251/3251
f 3236/3236/3236 3231/3231/3231 3230/3230/3230
f 3241/3241/3241 3235/3235/3235 3232/3232/3232
f 3230/3230/3230 3240/3240/3240 3236/3236/3236
f 3237/3237/3237 3245/3245/3245 3238/3238/3238
f 3249/3249/3249 3239/3239/3239 3247/3247/3247
f 3242/3242/3242 3243/3243/3243 3237/3237/3237
f 3254/3254/3254 3255/3255/3255 3256/3256/3256
f 2971/2971/2971 3257/3257/3257 2972/2972/2972
f 2974/2974/2974 2994/2994/2994 2975/2975/2975
f 2977/2977/2977 3009/3009/3009 2978/2978/2978
f 2980/2980/2980 2989/2989/2989 2981/2981/2981
f 2983/2983/2983 2982/2982/2982 2981/2981/2981
f 2985/2985/2985 2974/2974/2974 2986/2986/2986
f 2988/2988/2988 2990/2990/2990 2989/2989/2989
f 2971/2971/2971 2973/2973/2973 2990/2990/2990
f 2991/2991/2991 3003/3003/3003 2992/2992/2992
f 2994/2994/2994 2998/2998/2998 2995/2995/2995
f 2996/2996/2996 2985/2985/2985 2987/2987/2987
f 2996/2996/2996 2997/2997/2997 2998/2998/2998
f 2999/2999/2999 3002/3002/3002 3000/3000/3000
f 3002/3002/3002 2975/2975/2975 2995/2995/2995
f 3003/3003/3003 3019/3019/3019 3004/3004/3004
f 2994/2994/2994 2974/2974/2974 2985/2985/2985
f 2978/2978/2978 3011/3011/3011 3005/3005/3005
f 2977/2977/2977 2979/2979/2979 3007/3007/3007
f 3009/3009/3009 2977/2977/2977 3008/3008/3008
f 2979/2979/2979 2978/2978/2978 3006/3006/3006
f 3011/3011/3011 2978/2978/2978 3009/3009/3009
f 3013/3013/3013 3018/3018/3018 3014/3014/3014
f 3015/3015/3015 3005/3005/3005 3011/3011/3011
f 3012/3012/3012 3009/3009/3009 3010/3010/3010
f 3002/3002/3002 2999/2999/2999 2976/2976/2976
f 3012/3012/3012 3018/3018/3018 3013/3013/3013
f 2976/2976/2976 2999/2999/2999 3001/3001/3001
f 3016/3016/3016 3014/3014/3014 3018/3018/3018
f 3019/3019/3019 2983/2983/2983 2984/2984/2984
f 2976/2976/2976 3017/3017/3017 2986/2986/2986
f 3020/3020/3020 3056/3056/3056 3021/3021/3021
f 3023/3023/3023 3032/3032/3032 3024/3024/3024
f 3026/3026/3026 3036/3036/3036 3027/3027/3027
f 3029/3029/3029 3056/3056/3056 3020/3020/3020
f 3031/3031/3031 3060/3060/3060 3032/3032/3032
f 3033/3033/3033 3040/3040/3040 3034/3034/3034
f 3035/3035/3035 3034/3034/3034 3036/3036/3036
f 3028/3028/3028 3027/3027/3027 3029/3029/3029
f 3037/3037/3037 3258/3258/3258 3038/3038/3038
f 3040/3040/3040 3258/3258/3258 3037/3037/3037
f 3041/3041/3041 3071/3071/3071 3042/3042/3042
f 3044/3044/3044 3052/3052/3052 3045/3045/3045
f 3047/3047/3047 3068/3068/3068 3048/3048/3048
f 3050/3050/3050 3051/3051/3051 3039/3039/3039
f 3051/3051/3051 3041/3041/3041 3043/3043/3043
f 3042/3042/3042 3071/3071/3071 3052/3052/3052
f 3046/3046/3046 3045/3045/3045 3053/3053/3053
f 3048/3048/3048 3074/3074/3074 3055/3055/3055
f 3056/3056/3056 3065/3065/3065 3057/3057/3057
f 3058/3058/3058 3062/3062/3062 3029/3029/3029
f 3037/3037/3037 3063/3063/3063 3036/3036/3036
f 3032/3032/3032 3061/3061/3061 3059/3059/3059
f 3060/3060/3060 3064/3064/3064 3061/3061/3061
f 3062/3062/3062 3065/3065/3065 3056/3056/3056
f 3063/3063/3063 3058/3058/3058 3027/3027/3027
f 3061/3061/3061 3049/3049/3049 3055/3055/3055
f 3064/3064/3064 3047/3047/3047 3049/3049/3049
f 3065/3065/3065 3046/3046/3046 3054/3054/3054
f 3062/3062/3062 3044/3044/3044 3046/3046/3046
f 3062/3062/3062 3058/3058/3058 3042/3042/3042
f 3058/3058/3058 3063/3063/3063 3043/3043/3043
f 3063/3063/3063 3037/3037/3037 3039/3039/3039
f 3052/3052/3052 3072/3072/3072 3066/3066/3066
f 3067/3067/3067 3073/3073/3073 3048/3048/3048
f 3069/3069/3069 3070/3070/3070 3051/3051/3051
f 3070/3070/3070 3259/3259/3259 3041/3041/3041
f 3071/3071/3071 3075/3075/3075 3072/3072/3072
f 3066/3066/3066 3260/3260/3260 3053/3053/3053
f 3073/3073/3073 3261/3261/3261 3074/3074/3074
f 3041/3041/3041 3259/3259/3259 3075/3075/3075
f 3079/3079/3079 3091/3091/3091 3080/3080/3080
f 3082/3082/3082 3086/3086/3086 3083/3083/3083
f 3085/3085/3085 3225/3225/3225 3086/3086/3086
f 3087/3087/3087 3092/3092/3092 3088/3088/3088
f 3080/3080/3080 3094/3094/3094 3090/3090/3090
f 3084/3084/3084 3083/3083/3083 3091/3091/3091
f 3092/3092/3092 3224/3224/3224 3093/3093/3093
f 3094/3094/3094 3220/3220/3220 3095/3095/3095
f 3096/3096/3096 3108/3108/3108 3097/3097/3097
f 3099/3099/3099 3262/3262/3262 3100/3100/3100
f 3102/3102/3102 3263/3263/3263 3103/3103/3103
f 3105/3105/3105 3114/3114/3114 3106/3106/3106
f 3108/3108/3108 3111/3111/3111 3109/3109/3109
f 3110/3110/3110 3264/3264/3264 3111/3111/3111
f 3112/3112/3112 3262/3262/3262 3099/3099/3099
f 3106/3106/3106 3102/3102/3102 3104/3104/3104
f 3097/3097/3097 3109/3109/3109 3114/3114/3114
f 3115/3115/3115 3125/3125/3125 3116/3116/3116
f 3118/3118/3118 3132/3132/3132 3119/3119/3119
f 3121/3121/3121 3129/3129/3129 3122/3122/3122
f 3116/3116/3116 3128/3128/3128 3124/3124/3124
f 3119/3119/3119 3132/3132/3132 3125/3125/3125
f 3126/3126/3126 3118/3118/3118 3120/3120/3120
f 3123/3123/3123 3122/3122/3122 3126/3126/3126
f 3128/3128/3128 3129/3129/3129 3121/3121/3121
f 3129/3129/3129 3135/3135/3135 3130/3130/3130
f 3131/3131/3131 3265/3265/3265 3128/3128/3128
f 3132/3132/3132 3266/3266/3266 3133/3133/3133
f 3134/3134/3134 3136/3136/3136 3118/3118/3118
f 3122/3122/3122 3130/3130/3130 3134/3134/3134
f 3128/3128/3128 3265/3265/3265 3135/3135/3135
f 3125/3125/3125 3133/3133/3133 3131/3131/3131
f 3136/3136/3136 3266/3266/3266 3132/3132/3132
f 3137/3137/3137 3186/3186/3186 3138/3138/3138
f 3140/3140/3140 3267/3267/3267 3141/3141/3141
f 3143/3143/3143 3268/3268/3268 3144/3144/3144
f 3146/3146/3146 3139/3139/3139 3147/3147/3147
f 3149/3149/3149 3185/3185/3185 3137/3137/3137
f 3151/3151/3151 3143/3143/3143 3145/3145/3145
f 3148/3148/3148 3147/3147/3147 3153/3153/3153
f 3150/3150/3150 3137/3137/3137 3139/3139/3139
f 3155/3155/3155 3172/3172/3172 3156/3156/3156
f 3158/3158/3158 3167/3167/3167 3159/3159/3159
f 3161/3161/3161 3168/3168/3168 3162/3162/3162
f 3164/3164/3164 3170/3170/3170 3165/3165/3165
f 3157/3157/3157 3156/3156/3156 3159/3159/3159
f 3161/3161/3161 3158/3158/3158 3160/3160/3160
f 3169/3169/3169 3191/3191/3191 3165/3165/3165
f 3155/3155/3155 3269/3269/3269 3171/3171/3171
f 3173/3173/3173 3269/3269/3269 3155/3155/3155
f 3175/3175/3175 3270/3270/3270 3169/3169/3169
f 3176/3176/3176 3158/3158/3158 3161/3161/3161
f 3178/3178/3178 3157/3157/3157 3167/3167/3167
f 3180/3180/3180 3175/3175/3175 3170/3170/3170
f 3177/3177/3177 3161/3161/3161 3163/3163/3163
f 3179/3179/3179 3167/3167/3167 3158/3158/3158
f 3174/3174/3174 3155/3155/3155 3157/3157/3157
f 3172/3172/3172 3140/3140/3140 3149/3149/3149
f 3153/3153/3153 3147/3147/3147 3182/3182/3182
f 3145/3145/3145 3188/3188/3188 3184/3184/3184
f 3185/3185/3185 3190/3190/3190 3186/3186/3186
f 3139/3139/3139 3138/3138/3138 3182/3182/3182
f 3145/3145/3145 3144/3144/3144 3187/3187/3187
f 3141/3141/3141 3271/3271/3271 3189/3189/3189
f 3142/3142/3142 3189/3189/3189 3190/3190/3190
f 3140/3140/3140 3142/3142/3142 3185/3185/3185
f 3159/3159/3159 3150/3150/3150 3146/3146/3146
f 3168/3168/3168 3148/3148/3148 3154/3154/3154
f 3166/3166/3166 3165/3165/3165 3143/3143/3143
f 3156/3156/3156 3149/3149/3149 3150/3150/3150
f 3160/3160/3160 3146/3146/3146 3148/3148/3148
f 3191/3191/3191 3268/3268/3268 3143/3143/3143
f 3171/3171/3171 3267/3267/3267 3140/3140/3140
f 3192/3192/3192 3206/3206/3206 3193/3193/3193
f 3195/3195/3195 3207/3207/3207 3196/3196/3196
f 3192/3192/3192 3194/3194/3194 3198/3198/3198
f 3199/3199/3199 3198/3198/3198 3200/3200/3200
f 3202/3202/3202 3201/3201/3201 3200/3200/3200
f 3204/3204/3204 3202/3202/3202 3203/3203/3203
f 3206/3206/3206 3197/3197/3197 3196/3196/3196
f 3204/3204/3204 3205/3205/3205 3207/3207/3207
f 3194/3194/3194 3193/3193/3193 3208/3208/3208
f 3198/3198/3198 3214/3214/3214 3210/3210/3210
f 3205/3205/3205 3203/3203/3203 3211/3211/3211
f 3207/3207/3207 3215/3215/3215 3213/3213/3213
f 3193/3193/3193 3196/3196/3196 3213/3213/3213
f 3194/3194/3194 3209/3209/3209 3214/3214/3214
f 3203/3203/3203 3200/3200/3200 3210/3210/3210
f 3205/3205/3205 3212/3212/3212 3215/3215/3215
f 3098/3098/3098 3097/3097/3097 3105/3105/3105
f 3083/3083/3083 3098/3098/3098 3216/3216/3216
f 3216/3216/3216 3105/3105/3105 3107/3107/3107
f 3091/3091/3091 3216/3216/3216 3217/3217/3217
f 3218/3218/3218 3217/3217/3217 3107/3107/3107
f 3217/3217/3217 3218/3218/3218 3094/3094/3094
f 3219/3219/3219 3218/3218/3218 3104/3104/3104
f 3218/3218/3218 3219/3219/3219 3220/3220/3220
f 3221/3221/3221 3222/3222/3222 3113/3113/3113
f 3222/3222/3222 3221/3221/3221 3092/3092/3092
f 3223/3223/3223 3221/3221/3221 3099/3099/3099
f 3221/3221/3221 3223/3223/3223 3224/3224/3224
f 3096/3096/3096 3272/3272/3272 3110/3110/3110
f 3225/3225/3225 3272/3272/3272 3096/3096/3096
f 3086/3086/3086 3096/3096/3096 3098/3098/3098
f 3226/3226/3226 3250/3250/3250 3227/3227/3227
f 3076/3076/3076 3250/3250/3250 3226/3226/3226
f 3232/3232/3232 3235/3235/3235 3233/3233/3233
f 3229/3229/3229 3233/3233/3233 3235/3235/3235
f 3239/3239/3239 3242/3242/3242 3240/3240/3240
f 3236/3236/3236 3240/3240/3240 3242/3242/3242
f 3246/3246/3246 3249/3249/3249 3247/3247/3247
f 3249/3249/3249 3246/3246/3246 3244/3244/3244
f 3244/3244/3244 3076/3076/3076 3078/3078/3078
f 3250/3250/3250 3246/3246/3246 3248/3248/3248
f 3246/3246/3246 3250/3250/3250 3076/3076/3076
f 3251/3251/3251 3273/3273/3273 3078/3078/3078
f 3252/3252/3252 3253/3253/3253 3226/3226/3226
f 3077/3077/3077 3226/3226/3226 3253/3253/3253
f 3236/3236/3236 3238/3238/3238 3231/3231/3231
f 3241/3241/3241 3240/3240/3240 3235/3235/3235
f 3230/3230/3230 3235/3235/3235 3240/3240/3240
f 3237/3237/3237 3243/3243/3243 3245/3245/3245
f 3249/3249/3249 3242/3242/3242 3239/3239/3239
f 3242/3242/3242 3249/3249/3249 3243/3243/3243
f 3254/3254/3254 3274/3274/3274 3255/3255/3255
o Shell_LP_Checker_0
usemtl Checker
v 0.018810271796354527 -0.3823391827956907 -0.8042875917746677
v 0.2767279682294732 -0.48205199534426757 -0.5962968146067474
v -0.016492247212851474 -0.4959833935775213 -0.6265034919597147
v 0.3095180323082647 -0.39788584488309203 -0.6995625883400871
v 0.49829595167273366 -0.34198594931598153 -0.4642220670668873
v 0.2767279682294732 -0.48205199534426757 -0.5962968146067474
v 0.49255554767201337 0.4157687884498775 -0.3929986053150597
v 0.27897077175295104 0.4525570624305003 -0.08837826274976122
v 0.49353270619661993 0.20669525702192562 -0.16436097045757087
v 0.2558357062376504 0.6534408290505754 -0.3010070427184401
v -0.037079631453462714 0.5984532581895089 -0.07208392672264799
v 0.5523180242109738 -0.18814759620881893 -0.7068350446619239
v 0.35755317604050374 -0.3534426274209264 -0.8913547217641965
v 0.5722527972105262 -0.08168553084497593 -0.3020803131725999
v 0.6000696882589973 0.10431984127915883 -0.5307227424456057
v 0.44139735904192845 0.5834069209749365 -0.6776034438942289
v 0.18740480719346975 0.8133589108990343 -0.5712073450682404
v -0.050984381489804775 0.78481530808576 -0.2787171626484602
v -0.20514326829143004 -0.2740805384764148 -0.9139664714397923
v 0.026840745802803045 -0.3342143211399913 -1.090743343677815
v 0.05645543210680559 -0.3588168324317672 -0.9646384511880177
v 0.573116587703304 -0.09420105640167498 -0.9168234705153954
v 0.5932684408142763 0.25264231331416803 -0.8209864129240227
v 0.326554350706465 0.6430314971416261 -0.8914006604766017
v 0.08369535020674723 0.8494317323980084 -0.7425919200972957
v -0.09671455405545482 0.8992623314195287 -0.47117464431007106
v 0.531833338771015 -0.03233587827212539 -1.1072277722599728
v 0.5101334338605379 0.32065147527440274 -1.0310983949776167
v 0.18676167309071845 0.6839446861089572 -1.1021686468214362
v -0.04956662544086665 0.8847984126953673 -0.9446094670438913
v -0.18273156472895513 0.9402645770715665 -0.6368445951498002
v -0.07221662836782716 -0.316344984625237 -1.1912843399396735
v -0.27347915753396235 -0.24567518836536578 -1.021884855346428
v 0.35544650952265 -0.29052352060884873 -1.0855819463016358
v 0.443423559291134 0.003100486991460375 -1.2654323300086188
v 0.35544650952265 -0.29052352060884873 -1.0855819463016358
v 0.2785531816209885 -0.2561238600004577 -1.2504878539436914
v 0.3943952829898456 0.3608416044410339 -1.2165233212776418
v 0.0661652669422641 0.6975267138260937 -1.2419888639952485
v -0.15580105433312674 0.8915499886242029 -1.0725729486172453
v -0.27568739036424317 0.9683026962796102 -0.7858550758373737
v 0.3494746010867966 0.026164721013188088 -1.395416828884868
v 0.26456766729278103 0.38123482968981964 -1.3802111461443558
v -0.0934224107841608 0.6601401524292655 -1.399330930688912
v -0.49805061896032177 0.9344926325173598 -1.0622156951409518
v -0.3112978865661198 0.8469317121191741 -1.247890224874429
v 0.11857789489825299 -0.2455610474952751 -1.4001471283280547
v 0.11857789489825299 -0.2455610474952751 -1.4001471283280547
v 0.2310664006084262 0.04522507727497733 -1.4974201656630022
v 0.13123529856126082 0.37201641638141336 -1.4953477654515515
v -0.24251299554453043 0.6064064926559013 -1.4859052360242824
v -0.4417405029742305 0.7939522287500386 -1.3415186206748773
v 0.09412520913499867 0.02776412310047357 -1.5728950194152547
v -0.040609895275312 0.3310669978910462 -1.5884360259330645
v -0.4239548946033067 0.5032062257663246 -1.5618427270502333
v -0.6170484285716316 0.6844947221967347 -1.4407785731956808
v -0.6299093820919976 0.8743575485064314 -1.1778904168737736
v -0.45620929175147484 -0.20592130870432257 -0.8606109091290804
v -0.667818888996119 -0.2410343933088736 -0.7940276291017013
v -0.5263801695470471 -0.23163649414753434 -0.9448677904921711
v -0.09802716751335927 -0.26408588329103394 -1.4654356675518359
v -0.21601885074334914 -0.31661166087317166 -1.222423236142357
v -0.06056761606259009 -0.01806732352904671 -1.608339628427539
v -0.09802716751335927 -0.26408588329103394 -1.4654356675518359
v -0.1980190828885342 0.25565856291524036 -1.6360292485532233
v -0.5645407312093509 0.40591311864217144 -1.5655078007244918
v -0.7406842543031811 0.5892211080980431 -1.4548864999394786
v -0.7694859928752629 0.7850741905531198 -1.256573657671928
v -0.2206184814732115 -0.0815233785648176 -1.59576864115922
v -0.3844388637444629 0.16496518181871292 -1.6281403207991247
v -0.8719709916717333 0.4501775423846692 -1.4503224305286797
v -0.7038721880941345 0.26883647853161496 -1.5476150604766812
v -0.8970062532200007 0.6766684784242604 -1.289014301669324
v -0.8377144149456672 -0.48553999692352906 -0.9464933465666642
v -0.7288733557863525 -0.4385462521049408 -0.8641429231908193
v -0.8471933413924271 -0.49378723069573244 -0.8094791380613722
v -0.34601902188318157 -0.33486096289847 -1.4012405013585725
v -0.3770591532351264 -0.31180489947221257 -1.1945867955539569
v -0.3680651701674198 -0.16354663299399613 -1.5545518976457289
v -0.34601902188318157 -0.33486096289847 -1.4012405013585725
v -0.510235000172965 0.05548701314078314 -1.6004265279475525
v -0.9610087060702877 0.34302026283804216 -1.4009728677410955
v -0.8111985740542726 0.15254848308686283 -1.4969050798195689
v -0.9988286867999574 0.5713476703358279 -1.2839251208439255
v -0.4986155815731974 -0.24515926816183758 -1.495702908575791
v -0.6631286592082231 -0.0588642459719616 -1.5334349432030507
v -0.9308288485371574 0.02107293338521105 -1.4037472922322085
v -1.0746834037896225 0.20378126684969314 -1.3144617118885387
v -1.0865826363880338 0.46197226187731283 -1.2450763461489112
v -0.503719855016771 -0.3910112638994965 -1.309564020642101
v -0.48181625123732696 -0.3235212548956989 -1.1324164087203439
v -0.503719855016771 -0.3910112638994965 -1.309564020642101
v -0.6115276676819992 -0.32038037551515475 -1.4203499908241988
v -0.7735040014944072 -0.1626657194889433 -1.4534007913083897
v -1.0147545110861689 -0.08190134396157231 -1.305738168149172
v -1.1448851567904983 0.09847209668089722 -1.2172162421168933
v -1.1722168660413423 0.3584655609326285 -1.178495677583109
v -0.620150969472133 -0.42369449759919603 -1.1938141819365178
v -0.7054474196110494 -0.38067593932975496 -1.3181203881014867
v -0.620150969472133 -0.42369449759919603 -1.1938141819365178
v -0.8601184891137814 -0.2493237621848766 -1.355698037750903
v -1.22979721658385 -0.04529881123181995 -1.0820277613652984
v -1.106130932879501 -0.22068280425972842 -1.155103025652889
v -1.3042509264293844 0.13934637563466082 -0.9895914798847786
v 0.35755317604050374 -0.3534426274209264 -0.8913547217641965
v 0.018810271796354527 -0.3823391827956907 -0.8042875917746677
v -0.7762925451332503 -0.4350006665361283 -1.2094093774235417
v -0.6963207566070384 -0.44586335124318693 -1.0673655498644776
v -0.8182763870445697 -0.4728486407939817 -1.0826345861881277
v -0.9567416692508379 -0.3572185121534128 -1.196900044367168
v -1.1428477508683255 -0.2850569308370307 -1.0272524854909546
v -1.3458577093662827 0.043268298825877426 -0.8738051528090772
v -1.2642433360760652 -0.12274340345301564 -0.9652367414554996
v -0.9937110917185743 -0.411463485167126 -1.0686719700439136
v -1.1540364961168947 -0.34811778083203265 -0.8535310464141604
v -1.3702176503043395 -0.01574135235282209 -0.7589420480948795
v -1.287613005467958 -0.19768316325868585 -0.8062198255854475
v -0.998908795440745 -0.44609887945849497 -0.8873050479837644
v -1.155337784692545 -0.3738053336654183 -0.7189089482227826
v -1.3664736442311032 -0.053883952617017124 -0.6337250837724943
v -1.2841192196878959 -0.22558771270450284 -0.6832571701507149
v -0.6689281314105955 -0.2848823890611861 -0.9082998562278096
v -0.6963207566070384 -0.44586335124318693 -1.0673655498644776
v -0.6073704822204151 -0.30505518090966033 -1.0157610646048525
v -1.006980635069743 -0.46778493502018464 -0.75796904785271
v -1.144686434909259 -0.3738963801677069 -0.538496659760007
v -1.3537937100128739 -0.07540293689493956 -0.5076532723621786
v -1.272233219320329 -0.23884381699957347 -0.5113248917703759
v -0.8442590644003656 -0.48421863899375134 -0.6875088464404736
v -0.9899977224320677 -0.45781448167601013 -0.5921976880166692
v -1.1261005149908243 -0.35875415362003554 -0.3880626782103745
v -1.254373880005466 -0.22280084748514928 -0.37565244735100833
v -0.7209789591808846 -0.39834753673808865 -0.6644957460158356
v -0.8300086074320534 -0.46745945704574 -0.5331894470644714
v -0.9752403279712718 -0.4465581201244032 -0.4409745701570835
v -1.0846125837129517 -0.29081204077106443 -0.19480503392550155
v -1.2149656739466108 -0.15449866237316667 -0.1786385482973347
v -1.3303000629626194 -0.05753076021527458 -0.3703689100658726
v -0.6167483787965389 -0.20776895892308728 -0.651163410419669
v -0.7209789591808846 -0.39834753673808865 -0.6644957460158356
v -0.6935545051048431 -0.34140516418835765 -0.47967796843881527
v -0.7897172393713014 -0.4067488803661531 -0.357140466826148
v -0.9334480553839786 -0.38326439595865563 -0.2560340080493369
v -1.0371594197192913 -0.170177276841619 0.0015804448462919116
v -1.1716590857880016 -0.042675791169193365 0.006431705608142587
v -1.3064294761472306 0.0012588734192725908 -0.22253092646550526
v -0.7385063602364128 -0.2818338488630326 -0.16981841122901653
v -0.884523193139064 -0.2703821124235839 -0.07465548711739652
v -0.9583745980626057 0.04166289568395594 0.15208368474776424
v -1.0916799062860028 0.15578850259795088 0.1524949977987439
v -1.2661080077415399 0.10452376810891957 -0.04613609721658158
v -0.6992919884780346 -0.11900342042698582 -0.0489759240362279
v -0.8129337844341888 -0.0486528135593327 0.08036369698340091
v -0.8657728836140133 0.2906198770194864 0.20474166446056874
v -0.9956741110457301 0.3892873177141497 0.2053642784910092
v -1.1939470501106886 0.27642173389842745 0.08793826171543055
v -0.6629005522377662 -0.2261254612585309 -0.28954558213586806
v -0.6610303373404514 0.07347726695826438 0.0023423313070616582
v -0.7450772357342261 0.17470033735294208 0.13190957743023704
v -0.7674519844177663 0.546577643661869 0.14394494605241281
v -0.8932782807958506 0.6342548231401883 0.14806349342062017
v -1.1079404106451474 0.48084898019769207 0.14066032367475104
v -0.61151002470754 0.18267848162078587 -0.21467813365584462
v -0.6174167852681101 -0.0017768437985791767 -0.18031805321717398
v -0.6109536749656419 0.30481769301477124 -0.04001050103731054
v -0.6646007746919813 0.42574423832751634 0.07566897916280037
v -0.6867765034710649 0.7967403299337129 -0.03293145688922762
v -0.8148625906960083 0.8670978319938868 -0.019882283367559976
v -1.0207390557064322 0.6953788996922667 0.09612596411913968
v -0.6162032943322515 0.3181785709108886 -0.28168301368141596
v -0.5761607756578746 0.537928781486438 -0.16048481524996833
v -0.6036034687548097 0.6777491277563555 -0.08621792913660939
v -0.6880379761448951 0.9734453491213882 -0.27385872948618034
v -0.8129632887326932 1.0335387540164953 -0.25313852608811416
v -0.9600887680033865 0.8957611045934317 -0.04680224841133912
v -0.6039255722479764 0.7214342784132057 -0.3697725435061285
v -0.6478013847514674 0.830396699719718 -0.3262351243156952
v -0.7802103583467668 1.0533196997163474 -0.5435842678101773
v -0.8937116065536821 1.1132428754051227 -0.5127036482468103
v -0.9576147580679928 1.0447159365929544 -0.24927948487402674
v -0.7005112014596637 0.8017233671652342 -0.5839619024043902
v -0.7414477897856875 0.9082955191497424 -0.5644278687855129
v -0.9330181270908233 1.0313129096519578 -0.7918613268135171
v -1.0348587996916736 1.0956572023490023 -0.747566086917132
v -1.0233398447184294 1.1217166356223836 -0.4729448788580946
v -0.8378242663035329 0.7974275099171748 -0.7766067319169937
v -0.8862556617053818 0.8939639641225343 -0.783821830128925
v -1.1124236335063653 0.9301900267123997 -0.97022844426063
v -1.2083437172693667 1.0039095362003292 -0.9110565425393359
v -1.141838048208399 1.1131338920524416 -0.6726862067182924
v -0.9844329733155743 0.7248942406973258 -0.9054181958354721
v -1.0477295879782078 0.8080657807647992 -0.9332396899918525
v -1.2941304156006028 0.7847039627393676 -1.0341874216231595
v -1.3840769219977345 0.8679369103496009 -0.9714125995695945
v -1.2933066794282189 1.037738764483711 -0.8076270540743451
v -1.1291831479404157 0.6076156030771472 -0.9345102495186506
v -1.208572837518762 0.6807504939410592 -0.9752711948756341
v -1.4573471220430623 0.6272611665235629 -0.9825284091281774
v -1.5383938207091274 0.7187616942212941 -0.9270612369169863
v -1.4465382967917995 0.9227199146175509 -0.8557028294344639
v -1.2548284250163633 0.48924728629453934 -0.8842446807441227
v -1.3523307736442058 0.5470489426123644 -0.9227038114825186
v -1.6332969300457023 0.5714344130986603 -0.8075505649508296
v -1.5513901363747529 0.4722221487230812 -0.8538243753055955
v -1.5799464826297793 0.7974397220493403 -0.8184660001255072
v -1.442464438621749 0.4218844553300778 -0.8076806575226853
v -1.3478812870111767 0.37905527497507685 -0.7806002940754813
v -1.672685824200082 0.4652653991630814 -0.631619395904457
v -1.5887207629817546 0.35679531296165823 -0.6705518200273297
v -1.6721287592024625 0.6753179303808068 -0.7170981512649246
v -1.4810845520849991 0.32649666623321827 -0.6530029563638856
v -1.3938061879469554 0.293644852943127 -0.6456416583371333
v -1.5853399876056606 0.30615816584634137 -0.441443811136351
v -1.6717023475832704 0.41603217764149364 -0.41587942726666555
v -1.717366418599342 0.5910339492494567 -0.5665092708507198
v -1.3952746079428202 0.2585579500748416 -0.48516118674251135
v -1.4790122178417686 0.2852850636423725 -0.4605022434650212
v -1.5426628244818108 0.33598502255729756 -0.21138744587279895
v -1.6338741414128055 0.4367914371330998 -0.20065844766255586
v -1.7251059623411447 0.5502452688901247 -0.38945188271829784
v -1.6979283906982445 0.5624277122858423 -0.21061449994650355
v -1.7303633303114019 0.6834139082898578 -0.3610715110666402
v -1.3661875419425762 0.2825192537463279 -0.31089786622756227
v -1.4442014371409684 0.3138237994718125 -0.26071868896618783
v -1.4820887711177289 0.4384864132538368 -0.024637412387145598
v -1.5766784792390798 0.5246437632667167 -0.023370589332219405
v -1.6497835744220701 0.6287678242049959 -0.05988059617225938
v -1.7184697005494742 0.6918063834765477 -0.2249278906944311
v -1.3284911812434075 0.3690932656228316 -0.15369039483244631
v -1.3952526734340331 0.40902174062915186 -0.09343302744415115
v -1.4175421874774496 0.5797677642144461 0.08322211409093905
v -1.51341101124709 0.6543808563102692 0.0797463167571811
v -1.5936360002986483 0.7336930513749441 0.027713655481544766
v -1.6803364378138674 0.7334203372995762 -0.11242580190532496
v -1.286730499117139 0.4883504007687647 -0.058347541866000274
v -1.3436195550049934 0.5386147387922338 0.005663843491703902
v -1.349123924617679 0.7505894335768343 0.12289183749484084
v -1.4451341306015664 0.8134391317899062 0.11777876212684385
v -1.5324232235754298 0.864811589802484 0.06063017925180169
v -1.6325609319084666 0.8062824939645807 -0.05099291710462227
v -1.2427669485784998 0.6339579054377004 -0.01749865569295433
v -1.290150017511471 0.6951461947672916 0.04458570976249609
v -1.287129850228208 0.9215427567670001 0.08381411133204576
v -1.3818647552609864 0.9731340322581227 0.08087881265576005
v -1.476101723102441 0.9984929389111804 0.031105474179941705
v -1.582261765399684 0.9002320515937973 -0.030256178933868005
v -1.2044118373599977 0.7832081672935896 -0.04048080000913422
v -1.243360968455054 0.8526287507239076 0.014063576709550099
v -1.2448090036628612 1.07548162282057 -0.03900092393447471
v -1.3358444868956987 1.1158570937885959 -0.03436446411296359
v -1.435544697145863 1.1206273681651053 -0.061663212773160295
v -1.541636670940294 0.9990492152687203 -0.05347381297969708
v -1.182318422593509 0.9220202744558105 -0.12926170061445608
v -1.2136574712323212 0.9966119159134601 -0.08956639114065569
v -1.2400134524700013 1.193757474732899 -0.20016891884209137
v -1.3313440978971691 1.2266051191612581 -0.18627257841203515
v -1.4359918511809733 1.2181252855970053 -0.18719871398031415
v -1.5224933283963793 1.0970960421597422 -0.11580276222988789
v -1.184941622951441 1.029045040890977 -0.25219975222176616
v -1.2134661403268687 1.1077014781328836 -0.22772651567128382
v -1.2772242737436823 1.258589894325813 -0.3715242028744275
v -1.3698789767202957 1.289201293430978 -0.34725775680684084
v -1.4757576851004872 1.2753907823450497 -0.3226498881043642
v -1.5418195379863775 1.17978054307297 -0.20262641601412018
v -1.2190930570864733 1.0885545336181746 -0.385424037627731
v -1.2474370916015554 1.1689243637058848 -0.3746667536846319
v -1.3534350092686331 1.2610746669905362 -0.5293380170144862
v -1.4445334350049466 1.2945484018965177 -0.49516864733534066
v -1.5449683320901908 1.2832406939210301 -0.44519712570930475
v -1.590384447789539 1.2288853356296014 -0.30148948704731326
v -1.28652832016658 1.0959650397634397 -0.5079666856035382
v -1.3154114190769617 1.1748620368123355 -0.5113226186972688
v -1.4603321225866939 1.2017881755211557 -0.637445571772596
v -1.5432920110979964 1.2410434428074748 -0.5960601668769396
v -1.62840958770194 1.243409758477479 -0.5265458942190577
v -1.651216231631869 1.235645680610907 -0.3854445357869432
v -1.3815564800450986 1.0565906753215897 -0.5927961269461808
v -1.4132327717565119 1.1270617197015285 -0.6075273068450523
v -1.5805019979066692 1.1040836403702705 -0.6839251376021678
v -1.6537236797722343 1.1508283511759037 -0.6372525040300745
v -1.719547233293639 1.1720328356658063 -0.5551528927922345
v -1.7118210409919676 1.215353986895462 -0.4352292215099107
v -1.523479666036076 1.0443107980671258 -0.6505114800054419
v -1.484333243571223 0.98632883489195 -0.6293057477472905
v -1.6930291274257936 0.9909980781597606 -0.6642036711975213
v -1.7565085495298671 1.046532507285585 -0.6152872222550386
v -1.8020963266023315 1.0877012100581245 -0.5295709833195841
v -1.7750022014602518 1.1720376224388607 -0.4422048054795714
v -1.6265656584523835 0.9467867560721334 -0.6337974280256552
v -1.5781197195175345 0.9030197851494116 -0.6123032712137989
v -1.7808441717733992 0.8872128766079896 -0.5847983482938364
v -1.836357671699873 0.9515780316116969 -0.5363203525472291
v -1.8647121966322011 1.0102831351638049 -0.4541464502309635
v -1.8270177432816226 1.1129576227686753 -0.419486068773367
v -1.707080802908223 0.85761339280846 -0.5644179065528914
v -1.650580130877044 0.8270259015311577 -0.5496110948593461
v -1.848868328730724 0.8163017889614096 -0.4607139562651715
v -1.900876241157734 0.8883478357781811 -0.4181258840187377
v -1.9165130425278898 0.9641411710300937 -0.3503322007635865
v -1.865582186007897 1.0526576428698637 -0.35003681457184604
v -1.7035500622492261 0.7759098095001374 -0.4531175464939087
v -1.7681698403916535 0.7976278338063789 -0.4556699698760671
v -1.9377042814112233 0.9322928745948804 -0.2626995116338479
v -1.8933925205455893 1.0256696274492485 -0.2674436392324204
v -1.8794185695182097 0.7946528084277945 -0.3256091803291582
v -1.7320444196750717 0.7480749352227287 -0.34648048370031226
v -1.7986310318418353 0.7739179604543788 -0.3369332545425297
v -1.9117416908202678 1.01897341390989 -0.20285014564679898
v -1.8879904325010521 1.0679976368962352 -0.20407276408016403
v -1.766516646001115 0.8272144999751397 -0.1263574489168687
v -1.8785742101391945 0.8162037829540159 -0.1929083561083372
v -1.7967619494327458 0.7910248716648222 -0.20856154465327473
v -1.9253475235697426 0.8609806807477564 -0.3016074144997328
v -1.924277024173504 0.8764395769255239 -0.21157409645799885
v -1.7279178710002174 0.7596382551423785 -0.22929656448216598
v -1.9055544904122979 0.90751101811209 -0.10479321725683109
v -1.8521081987297183 0.8460304979297519 -0.10111518350743817
v -1.9253069924122013 0.9826346223553141 -0.11823514947602609
v -1.7844287950300686 0.9285257233266809 -0.010973723761781013
v -1.7102206563155198 0.8967680631406724 -0.06091394593377026
v -1.6947383501811686 0.8039004988023121 -0.14181227351225995
v -1.8500645939246274 0.9852401963866824 -0.016051094948800523
v -1.9232723283036268 1.0937468443698521 -0.1948278496586401
v -1.8985637002014277 1.1138096555995434 -0.14906310966843928
v -1.9353178306970475 1.1184840864424472 -0.1718624229887866
v -1.8920746618790618 1.0484133643315694 -0.04981707614690212
v -1.9093662073604856 1.0408997098222679 -0.12571995246434053
v -1.651045404723761 0.8617939006090295 -0.09469213009354797
v -1.6061029075212119 0.9337765236452166 -0.07935634390023759
v -1.6494131911677146 0.9844615175574932 -0.039174299013193414
v -1.5744348412505937 1.0126475899740213 -0.09928594414553847
v -1.6052407859584505 1.0743530640004935 -0.06662862966079211
v -1.70664485454608 1.036477307966627 0.02324373473064137
v -1.5670756943432451 1.091653655777275 -0.15016895100856903
v -1.5981304288328335 1.1478834876220794 -0.12983125978034316
v -1.6454248060563614 1.1435837472367085 -0.010857231721248974
v -1.985165551636392 1.2750386464842693 -0.2712587346680109
v -2.000932887175688 1.3064127584980805 -0.1740049425148165
v -1.94715614734986 1.2955010380006808 -0.28222664804637027
v -1.5787913446398516 1.1660584799223264 -0.21089089561511865
v -1.6194574470939305 1.2109767792691917 -0.20088876692633476
v -1.6333344809710715 1.2151258764061332 -0.0909772090467538
v -1.800554235267171 1.283192103465252 -0.15712275794143502
v -1.9822849784280727 1.333295772775257 -0.12010035510860104
v -1.7930272416838866 1.2499873207168066 -0.09304603229567135
v -1.6256926888445156 1.2125865654280026 -0.2994109512657579
v -1.6783679348595149 1.2562157342335083 -0.2974677873929625
v -1.6608811245661714 1.269699992439406 -0.18128212705616217
v -1.8448334519974852 1.3103981555440598 -0.2220847903789421
v -1.6917342761516352 1.2209414560787457 -0.36956758491273267
v -1.754944046848772 1.2663584062666504 -0.36942305105174345
v -1.7301239580633343 1.3141134219606407 -0.2848055949888879
v -1.8994600348295254 1.3115209796413352 -0.2722681452484467
v -1.9870044740958992 1.3283681318647866 -0.1558707697660214
v -1.7499440517289022 1.2058605223167245 -0.4020779815474935
v -1.8144933771827798 1.2507001433241463 -0.393365429109105
v -1.814849455322709 1.3222176145031623 -0.3609645353990282
v -1.8043169571984485 1.1733068509166076 -0.3980098699218689
v -1.862877446497735 1.2166103415530005 -0.3862296450491257
v -1.8774308738686685 1.3024424592546557 -0.3823497543726659
v -1.8470453803156595 1.127052462850791 -0.3529639213248273
v -1.9546198408018078 1.2004212506513452 -0.3426830263538328
v -1.8964042239694834 1.1607463732433922 -0.34375307225138746
v -1.8762081442130762 1.0817804840928997 -0.2737007352264464
v -1.9655842341724572 1.1393559490167127 -0.26165765620131876
v -1.916079001514337 1.1082033434216518 -0.26338204326304643
v -1.899173217285277 1.2398461874960547 -0.0880456778957405
v -1.8879904325010521 1.0679976368962352 -0.20407276408016403
v -1.9700264490389863 1.1228714613090602 -0.19474440790282213
v -1.8105949950830258 1.2127239358868096 -0.045543151958402806
v -1.8841688211820529 1.1702267739310939 -0.07534332098913427
v -1.847724992460198 1.1328563400867016 -0.022161429416451273
v -1.8938419395571504 1.0970584960088672 -0.0864971259960205
v -0.37087827091936143 -0.2560378243897837 -1.0902246768071406
v -0.7288733557863525 -0.4385462521049408 -0.8641429231908193
v -0.17906421022718666 -0.33281606293091737 -0.7686038495343394
v -0.4129399564950176 -0.24610572173213482 -0.7114425933667872
v -0.21924477325577785 -0.49546077103658653 -0.571094777081559
v -0.4129399564950176 -0.24610572173213482 -0.7114425933667872
v -0.17906421022718666 -0.33281606293091737 -0.7686038495343394
v -0.5761607756578746 0.537928781486438 -0.16048481524996833
v -0.3753675138495671 0.7832239100717391 -0.36243110924469113
v -0.6039255722479764 0.7214342784132057 -0.3697725435061285
v -0.3454139751475904 0.6007847469974251 -0.11152032615770004
v -0.48914535740438025 0.8877919280321415 -0.6319801920448838
v -0.7005112014596637 0.8017233671652342 -0.5839619024043902
v -0.6534421297883508 0.8907243801761502 -0.8572968908059726
v -0.8378242663035329 0.7974275099171748 -0.7766067319169937
v -0.37887876379015806 0.9718840183117498 -0.9268386548125871
v -0.8566492604468179 0.7890005049920126 -1.0272227389461128
v -0.9844329733155743 0.7248942406973258 -0.9054181958354721
v -1.0458706383585037 0.618597915138077 -1.0714320712722067
v -1.1291831479404157 0.6076156030771472 -0.9345102495186506
v -1.1898168059479408 0.4602642689805314 -1.0132719801717451
v -1.2548284250163633 0.48924728629453934 -0.8842446807441227
v -1.3152218763108126 0.3083556870145382 -0.8848082131768952
v -1.2438637932271401 0.2428224351113161 -1.0849057589102153
v -1.3905093359088294 0.1850545983115292 -0.7181425235579436
v -1.3478812870111767 0.37905527497507685 -0.7806002940754813
v -1.4000372573724995 0.1311475335940516 -0.5311585163646042
v -1.3938061879469554 0.293644852943127 -0.6456416583371333
v -1.3514643605471166 0.1516518030464888 -0.3243742759751083
v -1.3952746079428202 0.2585579500748416 -0.48516118674251135
v -1.3044361776612057 0.2535754178485895 -0.12708673748101348
v -1.3661875419425762 0.2825192537463279 -0.31089786622756227
v -1.2488310057931162 0.3905770966996581 -0.013737920667787274
v -1.3284911812434075 0.3690932656228316 -0.15369039483244631
v -1.1869395705996544 0.5588635733009517 0.03416153547862883
v -1.286730499117139 0.4883504007687647 -0.058347541866000274
v -1.1299831614647093 0.7338638149835159 0.005034565460762788
v -1.2427669485784998 0.6339579054377004 -0.01749865569295433
v -1.0971896403165982 0.896501623516323 -0.10307040284909301
v -1.2044118373599977 0.7832081672935896 -0.04048080000913422
v -1.1018832675691703 1.0205374311076214 -0.2559202428770987
v -1.182318422593509 0.9220202744558105 -0.12926170061445608
v -1.184941622951441 1.029045040890977 -0.25219975222176616
v -1.1501638632231082 1.087789919061253 -0.42342310038405456
v -1.2190930570864733 1.0885545336181746 -0.385424037627731
v -1.28652832016658 1.0959650397634397 -0.5079666856035382
v -1.2383824310068237 1.088483931209967 -0.5726953602107098
v -1.3815564800450986 1.0565906753215897 -0.5927961269461808
v -1.3548388178310056 1.0351629122772108 -0.6721958862182442
v -1.484333243571223 0.98632883489195 -0.6293057477472905
v -1.4745576052094034 0.9499023380415986 -0.7095886069730036
v -1.5781197195175345 0.9030197851494116 -0.6123032712137989
v -1.5797271375419086 0.8551983123301278 -0.6843247461878873
v -1.650580130877044 0.8270259015311577 -0.5496110948593461
v -1.658833943482474 0.7697688370454111 -0.6081013605602974
v -1.7097999667420982 0.7102633347213005 -0.4939539883237803
v -1.7035500622492261 0.7759098095001374 -0.4531175464939087
v -1.7320444196750717 0.7480749352227287 -0.34648048370031226
v -1.7279178710002174 0.7596382551423785 -0.22929656448216598
v -1.6947383501811686 0.8039004988023121 -0.14181227351225995
v -1.651045404723761 0.8617939006090295 -0.09469213009354797
v -1.6061029075212119 0.9337765236452166 -0.07935634390023759
v -1.5744348412505937 1.0126475899740213 -0.09928594414553847
v -1.5670756943432451 1.091653655777275 -0.15016895100856903
v -1.5787913446398516 1.1660584799223264 -0.21089089561511865
v -1.6256926888445156 1.2125865654280026 -0.2994109512657579
v -1.6917342761516352 1.2209414560787457 -0.36956758491273267
v -1.7499440517289022 1.2058605223167245 -0.4020779815474935
v -1.8043169571984485 1.1733068509166076 -0.3980098699218689
v -1.8470453803156595 1.127052462850791 -0.3529639213248273
v -1.8762081442130762 1.0817804840928997 -0.2737007352264464
v -2.0135511901925973 1.2476587802415429 -0.249407489107085
v -2.022035791977439 1.2199065096209964 -0.19420005450327202
v -2.0194563414277944 1.2853199893536824 -0.1564014824978064
v -2.020061447768029 1.2122446967325342 -0.154927626573912
v -1.9489604991161702 1.229247883422086 -0.10292007454493259
v -2.017913296418339 1.2810630300083157 -0.1300736935629278
v -1.9914943726771828 1.2176761153932552 -0.12343003046843118
v -1.8985637002014277 1.1138096555995434 -0.14906310966843928
v -1.7810281117030646 1.0877157237565982 0.019007385954767298
v -1.9935373814358393 1.318967771793807 -0.11010787271960745
v -2.0036773233783833 1.3107287358524824 -0.1425621228949315
v -2.017913296418339 1.2810630300083157 -0.1300736935629278
v -1.9870044740958992 1.3283681318647866 -0.1558707697660214
v -1.9822849784280727 1.333295772775257 -0.12010035510860104
v -1.9935373814358393 1.318967771793807 -0.11010787271960745
v -1.9489604991161702 1.229247883422086 -0.10292007454493259
v -1.9210195112000505 1.1681782756757049 -0.11137027450100573
v -1.7246976705335593 1.187317938695989 -0.013382329961277636
v -1.7088217353339097 1.2405058923568268 -0.08395077939403402
v -1.725305757105966 1.2860971128517396 -0.16771468236849454
v -1.7839896280171796 1.322680640536469 -0.2556185435950447
v -1.8591703953034333 1.3253299366460607 -0.3236404062052229
v -1.9163842964980526 1.3058621035949487 -0.3410003448432853
v -1.9625198402437594 1.2731438043699908 -0.3357024999896426
v -1.9244526194530875 1.2636772689182643 -0.37726138905324047
v -1.9933874161529364 1.2270662006894977 -0.3089914165816553
v -2.0041243582042068 1.1756538701332013 -0.23365763579955032
v -2.0020970850714193 1.1635249302454582 -0.17837614497162288
v -1.9678108252329185 1.1635126575639119 -0.14231563370975076
v -1.9210195112000505 1.1681782756757049 -0.11137027450100573
v -2.0194563414277944 1.2853199893536824 -0.1564014824978064
v -2.000932887175688 1.3064127584980805 -0.1740049425148165
v 0.5722527972105262 -0.08168553084497593 -0.3020803131725999
v 0.4059893398138281 -0.3333935677333882 -0.37459313560989604
v 0.49829595167273366 -0.34198594931598153 -0.4642220670668873
v -0.6174167852681101 -0.0017768437985791767 -0.18031805321717398
v -0.5067061072579149 -0.17186167581275963 -0.19085725895580735
v -0.5339500188689672 -0.03026708506183899 -0.1591900502188839
v -0.6162032943322515 0.3181785709108886 -0.28168301368141596
v -0.5143278722242739 0.459687795998601 -0.13960303092831675
v -0.5761607756578746 0.537928781486438 -0.16048481524996833
v 0.27897077175295104 0.4525570624305003 -0.08837826274976122
v -0.03440856856684604 0.47497211269894174 -0.03408231052677448
v 0.23460393619677555 0.34837879165821417 -0.04825174415997782
v -0.5061494594927995 -0.3983768193769315 -0.40151052239705187
v -0.20203262115942033 -0.47300315514042096 -0.4682334382251974
v -0.421575715655631 -0.37268947096555133 -0.3274631713931901
v -0.016492247212851474 -0.4959833935775213 -0.6265034919597147
v 0.21719067803344094 -0.45327986278714744 -0.4889265941189309
v -0.029128491227436992 -0.4677655838459033 -0.516932697747989
v 0.49353270619661993 0.20669525702192562 -0.16436097045757087
v 0.4132828024041024 0.1348003528786373 -0.11426569972083989
v 0.2767279682294732 -0.48205199534426757 -0.5962968146067474
v -0.21924477325577785 -0.49546077103658653 -0.571094777081559
v -0.5523307796046706 0.13922205265909424 -0.18232782555642515
v -0.61151002470754 0.18267848162078587 -0.21467813365584462
v -0.3454139751475904 0.6007847469974251 -0.11152032615770004
v -0.5143278722242739 0.459687795998601 -0.13960303092831675
v -0.3022494844589496 0.49395716812429014 -0.07697375543686102
v -0.5505637999497992 0.2604747568425251 -0.2356910779229403
v 0.4741410507081212 -0.11190721973052266 -0.2339043084623648
v -0.037079631453462714 0.5984532581895089 -0.07208392672264799
v -0.3671175159413176 -0.32475398478739964 -0.31881019430030344
v 0.1737646421693717 -0.38157523296977075 -0.4561700097295993
v -0.028483807403956174 -0.39644623780444993 -0.48025216080409555
v -0.4830353748119909 0.21741037148261694 -0.23980307604871562
v -0.449512173618849 0.38446026881711903 -0.13992494335143327
v -0.479914684297561 0.10553153991341725 -0.19042004448459968
v -0.4407495757769886 -0.17706826304653786 -0.20570948355606078
v 0.19461160463217775 0.27808384131410613 -0.08190743502299318
v 0.34798877653504645 0.09958056130667199 -0.13763816479294244
v -0.46285586514646093 -0.04285892626596943 -0.17544894320118443
v -0.03113132645641281 0.3843501308294216 -0.06999284173954944
v -0.2624148667809023 0.40907046723364965 -0.09460855023007501
v 0.332803301525042 -0.2840039655059544 -0.35877198512415803
v -0.449512173618849 0.38446026881711903 -0.13992494335143327
v 0.39427023244790194 -0.10285184474272639 -0.23919925863562078
v -0.17936127977010718 -0.4015136985984407 -0.438622965695668
v 0.320671133980055 -0.042058413184109 -0.4018426975219536
v 0.332803301525042 -0.2840039655059544 -0.35877198512415803
v 0.39427023244790194 -0.10285184474272639 -0.23919925863562078
v -0.33924942450412887 0.3314234954557488 -0.29450254413246135
v -0.2624148667809023 0.40907046723364965 -0.09460855023007501
v -0.449512173618849 0.38446026881711903 -0.13992494335143327
v 0.28428035339086444 0.11853474804653469 -0.32343660013132974
v 0.34798877653504645 0.09958056130667199 -0.13763816479294244
v -0.028483807403956174 -0.39644623780444993 -0.48025216080409555
v -0.14445250903548645 -0.3313597679040188 -0.5575913718449662
v -0.17936127977010718 -0.4015136985984407 -0.438622965695668
v -0.3012970022567285 -0.27789588306865354 -0.4975439342160759
v -0.3671175159413176 -0.32475398478739964 -0.31881019430030344
v 0.1737646421693717 -0.38157523296977075 -0.4561700097295993
v -0.004542052644296302 -0.3227950601599963 -0.574050957108579
v -0.4298952721827787 0.09362560436457187 -0.3575588537351826
v -0.4830353748119909 0.21741037148261694 -0.23980307604871562
v -0.479914684297561 0.10553153991341725 -0.19042004448459968
v -0.33924942450412887 0.3314234954557488 -0.29450254413246135
v -0.449512173618849 0.38446026881711903 -0.13992494335143327
v -0.46285586514646093 -0.04285892626596943 -0.17544894320118443
v -0.3896267923051089 -0.16487879180021614 -0.4264651172997548
v -0.4407495757769886 -0.17706826304653786 -0.20570948355606078
v 0.16867547850291098 0.2559296585175141 -0.2715606747693742
v 0.19461160463217775 0.27808384131410613 -0.08190743502299318
v -0.42595999480873337 -0.040754975692276894 -0.38251416356321777
v -0.00004279613399216231 0.3395830801436988 -0.2513907452779888
v -0.03113132645641281 0.3843501308294216 -0.06999284173954944
v -0.1808137257215292 0.3607292562272058 -0.26176010893829493
v -0.42595999480873337 -0.040754975692276894 -0.38251416356321777
v -0.3896267923051089 -0.16487879180021614 -0.4264651172997548
v -0.2757930097924244 -0.05943908015736693 -0.478873351690439
v 0.16867547850291098 0.2559296585175141 -0.2715606747693742
v -0.04755860460791128 0.21918746526135907 -0.35437118805814627
v 0.10619038106075562 0.13553678264466892 -0.39175258419293596
v -0.00004279613399216231 0.3395830801436988 -0.2513907452779888
v -0.1808137257215292 0.3607292562272058 -0.26176010893829493
v 0.2747067747703169 -0.1918692148364493 -0.48768352226448136
v 0.320671133980055 -0.042058413184109 -0.4018426975219536
v 0.14097934646205568 -0.02475328786951797 -0.4633790110691449
v -0.2185261200697841 0.17084383417781035 -0.37597169434950506
v 0.28428035339086444 0.11853474804653469 -0.32343660013132974
v -0.004542052644296302 -0.3227950601599963 -0.574050957108579
v -0.14445334350049466 -0.17044671658297342 -0.5284789404826786
v -0.14445250903548645 -0.3313597679040188 -0.5575913718449662
v 0.03378695174037771 -0.155612729075781 -0.5218525754785829
v 0.1539106930663281 -0.28795334132707784 -0.5536596182166885
v -0.3012970022567285 -0.27789588306865354 -0.4975439342160759
v -0.4023598938652895 0.2036878437871147 -0.35554337045088985
v -0.29292976201482634 0.06518988721644133 -0.42318239924274836
v -0.33924942450412887 0.3314234954557488 -0.29450254413246135
v -0.4298952721827787 0.09362560436457187 -0.3575588537351826
v -0.05735528340886642 0.024409460781147245 -0.43714680688320245
v 0.2747067747703169 -0.1918692148364493 -0.48768352226448136
v -0.5061494594927995 -0.3983768193769315 -0.40151052239705187
v -0.5612480514962659 -0.2100954968032482 -0.5887566330999559
v -0.5612480514962659 -0.2100954968032482 -0.5887566330999559
v -0.6935545051048431 -0.34140516418835765 -0.47967796843881527
v -0.6629005522377662 -0.2261254612585309 -0.28954558213586806
v 0.3095180323082647 -0.39788584488309203 -0.6995625883400871
v 0.2785531816209885 -0.2561238600004577 -1.2504878539436914
v 0.3095180323082647 -0.39788584488309203 -0.6995625883400871
v -1.9935373814358393 1.318967771793807 -0.11010787271960745
v -0.5761607756578746 0.537928781486438 -0.16048481524996833
v 0.1539106930663281 -0.28795334132707784 -0.5536596182166885
v -0.4023598938652895 0.2036878437871147 -0.35554337045088985
v -0.6629005522377662 -0.2261254612585309 -0.28954558213586806
v -0.6629005522377662 -0.2261254612585309 -0.28954558213586806
vt 0.9416416883468628 0.9092634618282318
vt 0.9883156418800354 0.9505067765712738
vt 0.9785555601119995 0.8982901871204376
vt 0.8819149136543274 0.031212568283081055
vt 0.9433017373085022 0.06622457504272461
vt 0.9054970145225525 0.010179877281188965
vt 0.9318420886993408 0.2304457426071167
vt 0.9894993305206299 0.2895491123199463
vt 0.9953749179840088 0.20692241191864014
vt 0.9246230721473694 0.29744410514831543
vt 0.9618484973907471 0.37252163887023926
vt 0.8898895382881165 0.10085654258728027
vt 0.8407502770423889 0.052629709243774414
vt 0.9768754839897156 0.13034814596176147
vt 0.9213646650314331 0.16201245784759521
vt 0.8739292025566101 0.24252182245254517
vt 0.8675059080123901 0.2994018793106079
vt 0.90009605884552 0.3585120439529419
vt 0.8862711787223816 0.8827394843101501
vt 0.8707625269889832 0.9352158904075623
vt 0.8951404690742493 0.933037281036377
vt 0.8505011796951294 0.12094700336456299
vt 0.8657748103141785 0.1804218888282776
vt 0.835640013217926 0.24865317344665527
vt 0.8352740406990051 0.3019351363182068
vt 0.858081042766571 0.3505784869194031
vt 0.8176246285438538 0.1341087818145752
vt 0.8297508955001831 0.1898525357246399
vt 0.7991454005241394 0.2541050314903259
vt 0.7986411452293396 0.3036063313484192
vt 0.825400173664093 0.34961849451065063
vt 0.846522867679596 0.9241402447223663
vt 0.8635240197181702 0.876794695854187
vt 0.8897916674613953 0.9935644818469882
vt 0.788344144821167 0.14283329248428345
vt 0.7991640567779541 0.07458317279815674
vt 0.7608183026313782 0.09050118923187256
vt 0.7980878949165344 0.1977176070213318
vt 0.7740156650543213 0.2583034038543701
vt 0.7747679352760315 0.304911732673645
vt 0.7963232398033142 0.3473438620567322
vt 0.7640319466590881 0.151519775390625
vt 0.7695347666740417 0.20491468906402588
vt 0.7439229488372803 0.2597801089286804
vt 0.7414451837539673 0.34223759174346924
vt 0.7419070601463318 0.3025916814804077
vt 0.8205879330635071 0.9717638436704874
vt 0.7132540345191956 0.10664278268814087
vt 0.7416014075279236 0.16181862354278564
vt 0.7461903095245361 0.21021521091461182
vt 0.7204045057296753 0.26238584518432617
vt 0.7191013693809509 0.3031221628189087
vt 0.718428909778595 0.16815567016601562
vt 0.7199282050132751 0.2154567837715149
vt 0.6912981867790222 0.26366668939590454
vt 0.6887089014053345 0.3020123243331909
vt 0.7138177752494812 0.3398575782775879
vt 0.8790696859359741 0.8369437158107758
vt 0.8746906518936157 0.8005568385124207
vt 0.8607965111732483 0.8309660851955414
vt 0.7962996363639832 0.9384170472621918
vt 0.8311077952384949 0.9009855687618256
vt 0.6926131844520569 0.1720060110092163
vt 0.6645730137825012 0.12478172779083252
vt 0.6953743696212769 0.21773409843444824
vt 0.6683034300804138 0.2657696008682251
vt 0.6676610112190247 0.30358409881591797
vt 0.6868956089019775 0.3380138874053955
vt 0.6647118330001831 0.17566949129104614
vt 0.6666375398635864 0.2226431965827942
vt 0.6411051154136658 0.3027266263961792
vt 0.6407819986343384 0.26501303911209106
vt 0.6614524126052856 0.3381882905960083
vt 0.4688873291015625 0.21819961071014404
vt 0.44463497400283813 0.19653815031051636
vt 0.4431663751602173 0.22805166244506836
vt 0.7913271188735962 0.8901138603687286
vt 0.8252130746841431 0.8707700967788696
vt 0.6344037652015686 0.17810136079788208
vt 0.6057372093200684 0.1409183144569397
vt 0.6414855122566223 0.22197747230529785
vt 0.6194762587547302 0.304032564163208
vt 0.6166770458221436 0.26540637016296387
vt 0.6388730406761169 0.33839482069015503
vt 0.6047760844230652 0.18284428119659424
vt 0.6101835370063782 0.22571736574172974
vt 0.5861893892288208 0.2678802013397217
vt 0.5892757773399353 0.3065207004547119
vt 0.6157376170158386 0.34039074182510376
vt 0.7937204837799072 0.8553549945354462
vt 0.8278992772102356 0.8482923805713654
vt 0.5635539293289185 0.15511095523834229
vt 0.5763822793960571 0.18934190273284912
vt 0.5827230215072632 0.22877228260040283
vt 0.5602859258651733 0.27071964740753174
vt 0.56399005651474 0.3090124726295471
vt 0.5907763838768005 0.3435394763946533
vt 0.8031955361366272 0.826021820306778
vt 0.5481451749801636 0.19630581140518188
vt 0.5263621211051941 0.16991418600082397
vt 0.5570738315582275 0.2328171730041504
vt 0.5291101932525635 0.31011486053466797
vt 0.5246339440345764 0.27377307415008545
vt 0.5352135300636292 0.3467332124710083
vt 0.9252044558525085 0.9815908614546061
vt 0.921374499797821 0.9173422753810883
vt 0.5219054222106934 0.2039164900779724
vt 0.49246683716773987 0.1833174228668213
vt 0.49577298760414124 0.2112182378768921
vt 0.5217908620834351 0.2399510145187378
vt 0.5011327266693115 0.27826035022735596
vt 0.5075902938842773 0.3474372625350952
vt 0.5056253671646118 0.3124319911003113
vt 0.49782752990722656 0.2452678680419922
vt 0.4713898301124573 0.2834727168083191
vt 0.4850407838821411 0.35000455379486084
vt 0.47703877091407776 0.31664466857910156
vt 0.4663560688495636 0.25192952156066895
vt 0.44963452219963074 0.28959089517593384
vt 0.46264544129371643 0.3539804220199585
vt 0.45701032876968384 0.3211849331855774
vt 0.8557947278022766 0.8056255877017975
vt 0.8164072632789612 0.8018999993801117
vt 0.8411619663238525 0.8207636475563049
vt 0.44447803497314453 0.25966954231262207
vt 0.42240869998931885 0.30045950412750244
vt 0.44095057249069214 0.3581066131591797
vt 0.43046724796295166 0.32961076498031616
vt 0.4198375344276428 0.2366645336151123
vt 0.4171367287635803 0.2698826193809509
vt 0.4002152681350708 0.3104379177093506
vt 0.4101671874523163 0.33833593130111694
vt 0.3981821537017822 0.2109394669532776
vt 0.39240744709968567 0.2504234313964844
vt 0.39384421706199646 0.2815549969673157
vt 0.37207841873168945 0.3262839913368225
vt 0.3809475600719452 0.35406726598739624
vt 0.4186166822910309 0.3673654794692993
vt 0.8996932506561279 0.7983463704586029
vt 0.8811753392219543 0.7655273973941803
vt 0.3553546667098999 0.2309512495994568
vt 0.36030131578445435 0.26680755615234375
vt 0.3651791512966156 0.29751116037368774
vt 0.3438897132873535 0.3466867208480835
vt 0.35304486751556396 0.3720918893814087
vt 0.39490264654159546 0.3810926079750061
vt 0.32535964250564575 0.29092442989349365
vt 0.3371850848197937 0.31785815954208374
vt 0.3139927387237549 0.371306836605072
vt 0.32313230633735657 0.39497119188308716
vt 0.36431774497032166 0.3980213403701782
vt 0.29719310998916626 0.31548011302948
vt 0.3042585253715515 0.3455350995063782
vt 0.28440797328948975 0.3962811231613159
vt 0.29379740357398987 0.4185517430305481
vt 0.33354663848876953 0.41927462816238403
vt 0.31184452772140503 0.2617202401161194
vt 0.26971763372421265 0.33963894844055176
vt 0.27664780616760254 0.3698629140853882
vt 0.2511453330516815 0.4218103885650635
vt 0.2611822783946991 0.44374704360961914
vt 0.3035445809364319 0.4416472315788269
vt 0.22071653604507446 0.32084840536117554
vt 0.25974977016448975 0.29794836044311523
vt 0.23297733068466187 0.36528098583221436
vt 0.2416650652885437 0.3954106569290161
vt 0.21085825562477112 0.4519451856613159
vt 0.22354543209075928 0.4726989269256592
vt 0.27208006381988525 0.4661686420440674
vt 0.18883907794952393 0.33737456798553467
vt 0.18726298213005066 0.39777660369873047
vt 0.1994139552116394 0.42799878120422363
vt 0.176677405834198 0.485476553440094
vt 0.18979039788246155 0.504294753074646
vt 0.23759245872497559 0.4942290186882019
vt 0.1442585587501526 0.44265538454055786
vt 0.15979474782943726 0.4634973406791687
vt 0.14596936106681824 0.5214604735374451
vt 0.15961116552352905 0.5383398532867432
vt 0.2045125961303711 0.5241155028343201
vt 0.1099582314491272 0.48545533418655396
vt 0.12648844718933105 0.5025695562362671
vt 0.117093026638031 0.558544933795929
vt 0.1325005292892456 0.5725903511047363
vt 0.1749972403049469 0.555435985326767
vt 0.07963988184928894 0.5278826355934143
vt 0.09605392813682556 0.5430818200111389
vt 0.09398281574249268 0.5937985479831696
vt 0.11077401041984558 0.6050913333892822
vt 0.14951056241989136 0.5862278342247009
vt 0.05431517958641052 0.567241907119751
vt 0.07182276248931885 0.5808905959129333
vt 0.07811173796653748 0.6249410510063171
vt 0.09539687633514404 0.6345192790031433
vt 0.12929385900497437 0.616187572479248
vt 0.03411528468132019 0.6052327454090118
vt 0.05535048246383667 0.61614590883255
vt 0.06710308790206909 0.656397819519043
vt 0.08516871929168701 0.6634986400604248
vt 0.11438190937042236 0.6443031132221222
vt 0.01974305510520935 0.6436547636985779
vt 0.04379203915596008 0.6515873074531555
vt 0.07534316182136536 0.6923388838768005
vt 0.05543622374534607 0.6869000196456909
vt 0.10438713431358337 0.6721158921718597
vt 0.03386196494102478 0.6854892373085022
vt 0.01240676548331976 0.682709813117981
vt 0.06829044222831726 0.7234528660774231
vt 0.0458943247795105 0.7191678285598755
vt 0.09612324833869934 0.7002958059310913
vt 0.026274800300598145 0.7188147306442261
vt 0.008032380603253841 0.7182384729385376
vt 0.04247236251831055 0.7567931413650513
vt 0.06579121947288513 0.7585979104042053
vt 0.09183880686759949 0.7295821905136108
vt 0.005575387738645077 0.7524260878562927
vt 0.023540467023849487 0.7554906010627747
vt 0.04686236381530762 0.7948172092437744
vt 0.0687456727027893 0.7934882640838623
vt 0.09027987718582153 0.7606091499328613
vt 0.09173017740249634 0.7914286255836487
vt 0.11560067534446716 0.7640352249145508
vt 0.00848188903182745 0.7895262241363525
vt 0.027196824550628662 0.793701171875
vt 0.057974278926849365 0.8275569081306458
vt 0.07689410448074341 0.8237830102443695
vt 0.09658306837081909 0.8189872801303864
vt 0.11587324738502502 0.7912518978118896
vt 0.020139038562774658 0.825459212064743
vt 0.03881081938743591 0.8283453285694122
vt 0.07113900780677795 0.8518855273723602
vt 0.08763670921325684 0.8466752767562866
vt 0.10456293821334839 0.8402874767780304
vt 0.1172620952129364 0.8153161704540253
vt 0.034403860569000244 0.854656994342804
vt 0.053140610456466675 0.8552701473236084
vt 0.08606508374214172 0.873262494802475
vt 0.10041305422782898 0.8669808208942413
vt 0.11499491333961487 0.8596238791942596
vt 0.1226656436920166 0.8341515064239502
vt 0.05176100134849548 0.8816068172454834
vt 0.06990692019462585 0.8791116178035736
vt 0.10166102647781372 0.892698347568512
vt 0.1143985390663147 0.8854883313179016
vt 0.1273815631866455 0.8772693276405334
vt 0.13113269209861755 0.8518089950084686
vt 0.07099470496177673 0.9065118432044983
vt 0.08752679824829102 0.9005626440048218
vt 0.12007933855056763 0.9135040044784546
vt 0.1314394772052765 0.9048233926296234
vt 0.14308840036392212 0.8950213491916656
vt 0.14217737317085266 0.8680098354816437
vt 0.09339869022369385 0.9307690560817719
vt 0.10760527849197388 0.9226130843162537
vt 0.14128434658050537 0.9319820702075958
vt 0.15109243988990784 0.9221859872341156
vt 0.16139769554138184 0.910906195640564
vt 0.15654319524765015 0.8836905062198639
vt 0.11804524064064026 0.9511607885360718
vt 0.13031145930290222 0.9414031207561493
vt 0.16222763061523438 0.9458884000778198
vt 0.17066779732704163 0.935560017824173
vt 0.17998430132865906 0.9236873388290405
vt 0.17424088716506958 0.8968721032142639
vt 0.14251425862312317 0.9671177864074707
vt 0.15249797701835632 0.9556879103183746
vt 0.1818128526210785 0.9557322859764099
vt 0.18903177976608276 0.9452662765979767
vt 0.19741708040237427 0.9332559704780579
vt 0.19306623935699463 0.9079128801822662
vt 0.16674891114234924 0.9794022124260664
vt 0.17384791374206543 0.9664792716503143
vt 0.20038703083992004 0.9624412655830383
vt 0.20620304346084595 0.95145583152771
vt 0.21322187781333923 0.9391348659992218
vt 0.20990332961082458 0.9163599014282227
vt 0.19124189019203186 0.9882772546261549
vt 0.19501858949661255 0.9744154792279005
vt 0.21995073556900024 0.9667510390281677
vt 0.22413086891174316 0.9548634588718414
vt 0.2295190989971161 0.941644161939621
vt 0.2236262559890747 0.9216398000717163
vt 0.21720296144485474 0.9793582540005445
vt 0.21615010499954224 0.9922320228070021
vt 0.24058610200881958 0.9684870541095734
vt 0.2430730164051056 0.9557144045829773
vt 0.24683791399002075 0.9415362477302551
vt 0.23782113194465637 0.9226216971874237
vt 0.23993632197380066 0.9812402706593275
vt 0.24035614728927612 0.9933930318802595
vt 0.26184096932411194 0.9674086570739746
vt 0.2628011703491211 0.9536801874637604
vt 0.26537448167800903 0.9385301768779755
vt 0.25311991572380066 0.9232848286628723
vt 0.26260703802108765 0.9801821392029524
vt 0.26363056898117065 0.9917711894959211
vt 0.2830660939216614 0.961359053850174
vt 0.2825027108192444 0.9474989771842957
vt 0.28351250290870667 0.9325644373893738
vt 0.27142226696014404 0.9205564558506012
vt 0.28682854771614075 0.9867808800190687
vt 0.28515613079071045 0.974274156615138
vt 0.297182559967041 0.9289653599262238
vt 0.2873319685459137 0.9152935445308685
vt 0.300555557012558 0.9522813558578491
vt 0.3083345592021942 0.9783262889832258
vt 0.3046713173389435 0.9651373028755188
vt 0.29888609051704407 0.9116518795490265
vt 0.2942950427532196 0.9019643664360046
vt 0.3366064131259918 0.9421951472759247
vt 0.3156474232673645 0.9404999017715454
vt 0.32333695888519287 0.9523010849952698
vt 0.2978612780570984 0.9406849145889282
vt 0.3076991140842438 0.932695060968399
vt 0.3295338451862335 0.966106653213501
vt 0.31974488496780396 0.9228874444961548
vt 0.3265683650970459 0.9315729141235352
vt 0.31376197934150696 0.9131774008274078
vt 0.3402474522590637 0.9184041619300842
vt 0.3505015969276428 0.9287320673465729
vt 0.34730011224746704 0.9529545903205872
vt 0.33160337805747986 0.9099553823471069
vt 0.3156869113445282 0.7827119827270508
vt 0.30401870608329773 0.7800919413566589
vt 0.3099612593650818 0.7871860563755035
vt 0.3231896162033081 0.9012693464756012
vt 0.3107494115829468 0.9039290845394135
vt 0.3600510358810425 0.9399961531162262
vt 0.372272789478302 0.9264878332614899
vt 0.3630610704421997 0.9143179655075073
vt 0.38258060812950134 0.9104026854038239
vt 0.3728393614292145 0.8985894918441772
vt 0.3516194224357605 0.9038591682910919
vt 0.39010003209114075 0.8906852602958679
vt 0.3793580234050751 0.8817227184772491
vt 0.36038458347320557 0.8894756138324738
vt 0.32933229207992554 0.8180077075958252
vt 0.3141133785247803 0.8289171755313873
vt 0.3346395194530487 0.8222030401229858
vt 0.39172661304473877 0.869032472372055
vt 0.3804640471935272 0.8628860414028168
vt 0.36606550216674805 0.87542924284935
vt 0.34469711780548096 0.8536120057106018
vt 0.31044256687164307 0.8413508534431458
vt 0.3420371413230896 0.8660675883293152
vt 0.3898398280143738 0.8448787331581116
vt 0.3768669366836548 0.839649885892868
vt 0.36768341064453125 0.8585411608219147
vt 0.3426339328289032 0.8397731482982635
vt 0.38386982679367065 0.8243055641651154
vt 0.3682199716567993 0.8220593929290771
vt 0.36321836709976196 0.8379355370998383
vt 0.3394187390804291 0.8285177946090698
vt 0.3137410879135132 0.8350228667259216
vt 0.3762910068035126 0.8103448450565338
vt 0.3607444167137146 0.8133166134357452
vt 0.3557296693325043 0.8237423300743103
vt 0.3667638301849365 0.7988958060741425
vt 0.3539515733718872 0.8059632480144501
vt 0.34998297691345215 0.8177110850811005
vt 0.35360419750213623 0.7869608700275421
vt 0.338336706161499 0.8050713539123535
vt 0.34498006105422974 0.7959398329257965
vt 0.3347034454345703 0.7767410278320312
vt 0.32617247104644775 0.7958195209503174
vt 0.32951587438583374 0.7857132852077484
vt 0.32210564613342285 0.8645974099636078
vt 0.3187440037727356 0.7735426425933838
vt 0.31496065855026245 0.7930062115192413
vt 0.33779194951057434 0.8754813969135284
vt 0.3222561478614807 0.8793048560619354
vt 0.3314612805843353 0.8883880376815796
vt 0.3172522187232971 0.8928582966327667
vt 0.8459646701812744 0.8648291528224945
vt 0.8457456231117249 0.7777701020240784
vt 0.9148265719413757 0.8801630437374115
vt 0.9070128798484802 0.8346112072467804
vt 0.9825575947761536 0.8606666028499603
vt 0.9304571747779846 0.8266920745372772
vt 0.9373934268951416 0.8722308576107025
vt 0.892661988735199 0.49661266803741455
vt 0.8566566705703735 0.41321849822998047
vt 0.8295493721961975 0.4626203775405884
vt 0.9253833889961243 0.44285422563552856
vt 0.7938298583030701 0.39628350734710693
vt 0.7703567147254944 0.44323354959487915
vt 0.7404859662055969 0.38648366928100586
vt 0.7139409184455872 0.426880419254303
vt 0.7690343260765076 0.3453320264816284
vt 0.6870510578155518 0.3793010711669922
vt 0.6650319695472717 0.4129858613014221
vt 0.6367033123970032 0.37771356105804443
vt 0.6198286414146423 0.408364474773407
vt 0.5916610360145569 0.3806368112564087
vt 0.5768750309944153 0.4097030758857727
vt 0.5424996018409729 0.38464969396591187
vt 0.5621974468231201 0.34614551067352295
vt 0.496859073638916 0.3865804672241211
vt 0.5347486734390259 0.4125683903694153
vt 0.45826900005340576 0.3934047818183899
vt 0.49559324979782104 0.4151575565338135
vt 0.41780370473861694 0.40722227096557617
vt 0.45779019594192505 0.42262548208236694
vt 0.37711215019226074 0.4275776743888855
vt 0.418359637260437 0.43570590019226074
vt 0.345101922750473 0.44661521911621094
vt 0.37959930300712585 0.45337820053100586
vt 0.31415000557899475 0.46802186965942383
vt 0.3471549153327942 0.47098034620285034
vt 0.2837696969509125 0.4914588928222656
vt 0.3167773187160492 0.49080413579940796
vt 0.25266033411026 0.5184770822525024
vt 0.2885664105415344 0.5124626755714417
vt 0.2222532033920288 0.5460031032562256
vt 0.26003992557525635 0.5369729399681091
vt 0.2322496473789215 0.5608100295066833
vt 0.19435536861419678 0.5729888677597046
vt 0.2077934443950653 0.5831252634525299
vt 0.18779969215393066 0.6071584224700928
vt 0.1716947853565216 0.6008666157722473
vt 0.17176896333694458 0.6330920457839966
vt 0.15368029475212097 0.6288398504257202
vt 0.15820881724357605 0.6600966453552246
vt 0.1397959291934967 0.6558580100536346
vt 0.14659076929092407 0.6872235536575317
vt 0.12875354290008545 0.6821102797985077
vt 0.1381973922252655 0.7140859663486481
vt 0.12099048495292664 0.7088518440723419
vt 0.11694315075874329 0.7364535331726074
vt 0.13277220726013184 0.7413478493690491
vt 0.1293202042579651 0.7665750086307526
vt 0.13000258803367615 0.7924568057060242
vt 0.13284912705421448 0.8147412836551666
vt 0.13692718744277954 0.832818865776062
vt 0.14323920011520386 0.8497683107852936
vt 0.15268462896347046 0.8649468421936035
vt 0.1659301519393921 0.8785743117332458
vt 0.17986023426055908 0.8918315768241882
vt 0.198475182056427 0.903005838394165
vt 0.21641910076141357 0.9104433059692383
vt 0.2301577925682068 0.9141197204589844
vt 0.24353384971618652 0.9138329029083252
vt 0.2597700357437134 0.9108867049217224
vt 0.2796739935874939 0.9065365493297577
vt 0.32379963994026184 0.8141197264194489
vt 0.31475886702537537 0.8111483156681061
vt 0.30855822563171387 0.8246548175811768
vt 0.30819591879844666 0.81005859375
vt 0.290324330329895 0.8073505461215973
vt 0.30259597301483154 0.8235517740249634
vt 0.3006824254989624 0.8091442883014679
vt 0.3044236898422241 0.8903292417526245
vt 0.34203609824180603 0.8962807059288025
vt 0.29322171211242676 0.8686319589614868
vt 0.2887488603591919 0.8730477094650269
vt 0.29322171211242676 0.8775182366371155
vt 0.2848076820373535 0.8700148463249207
vt 0.29025357961654663 0.8663195967674255
vt 0.30745622515678406 0.8440349400043488
vt 0.31119900941848755 0.863642007112503
vt 0.3120720386505127 0.8776128888130188
vt 0.3502432703971863 0.8826562464237213
vt 0.355002224445343 0.8707965910434723
vt 0.3569813668727875 0.8559088706970215
vt 0.35367757081985474 0.8387867212295532
vt 0.34841489791870117 0.8255982398986816
vt 0.34339088201522827 0.8194466233253479
vt 0.33813756704330444 0.8147421181201935
vt 0.3447992205619812 0.8127862811088562
vt 0.3319903612136841 0.8097789585590363
vt 0.32067179679870605 0.8034859001636505
vt 0.31206202507019043 0.8015716075897217
vt 0.3039513826370239 0.7978460192680359
vt 0.2936447858810425 0.7920055985450745
vt 0.2886086106300354 0.8789668083190918
vt 0.2836379408836365 0.8756235241889954
vt 0.48053011298179626 0.03178483247756958
vt 0.4425840973854065 0.016679048538208008
vt 0.4425840973854065 0.031784772872924805
vt 0.14654749631881714 0.031784772872924805
vt 0.1870020180940628 0.016679048538208008
vt 0.14654749631881714 0.016678988933563232
vt 0.06013176217675209 0.03178483247756958
vt 0.007159029133617878 0.016678929328918457
vt 0.007159029133617878 0.031784772872924805
vt 0.5644428730010986 0.03178483247756958
vt 0.6053785681724548 0.016679048538208008
vt 0.5644428730010986 0.016679048538208008
vt 0.22944720089435577 0.03178483247756958
vt 0.2954672574996948 0.016679048538208008
vt 0.22944721579551697 0.016679048538208008
vt 0.3409472703933716 0.03178483247756958
vt 0.40600401163101196 0.016679048538208008
vt 0.34094732999801636 0.016679048538208008
vt 0.5229753255844116 0.031784772872924805
vt 0.5229753255844116 0.016678988933563232
vt 0.40600407123565674 0.03178483247756958
vt 0.29546719789505005 0.03178483247756958
vt 0.10561186820268631 0.016679048538208008
vt 0.10561186820268631 0.03178483247756958
vt 0.6734235882759094 0.03178483247756958
vt 0.7100035548210144 0.016678929328918457
vt 0.6734235882759094 0.016679048538208008
vt 0.06013176217675209 0.016679048538208008
vt 0.4805302321910858 0.016679048538208008
vt 0.6053785681724548 0.03178483247756958
vt 0.22944720089435577 0.0059563517570495605
vt 0.40600407123565674 0.0059563517570495605
vt 0.34094730019569397 0.005956292152404785
vt 0.06013176217675209 0.0059563517570495605
vt 0.007159029133617878 0.005956292152404785
vt 0.10561186820268631 0.0059563517570495605
vt 0.1870020180940628 0.0059563517570495605
vt 0.5644428730010986 0.0059563517570495605
vt 0.5229753255844116 0.0059563517570495605
vt 0.14654749631881714 0.0059563517570495605
vt 0.6053785681724548 0.0059563517570495605
vt 0.6734235882759094 0.0059563517570495605
vt 0.4425840973854065 0.005956292152404785
vt 0.7100035548210144 0.005956292152404785
vt 0.4805300831794739 0.005956292152404785
vt 0.29546719789505005 0.0059563517570495605
vt 0.38188737630844116 0.039688169956207275
vt 0.35187357664108276 0.06145375967025757
vt 0.38188737630844116 0.06145375967025757
vt 0.5633911490440369 0.0396881103515625
vt 0.5344579219818115 0.06145375967025757
vt 0.5633911490440369 0.061453819274902344
vt 0.4154597520828247 0.039688169956207275
vt 0.4154597520828247 0.06145375967025757
vt 0.2714831233024597 0.06145375967025757
vt 0.23551024496555328 0.039688169956207275
vt 0.23551024496555328 0.06145375967025757
vt 0.18329136073589325 0.039688169956207275
vt 0.18329136073589325 0.06145375967025757
vt 0.32294028997421265 0.061453819274902344
vt 0.2714831233024597 0.039688169956207275
vt 0.08534245193004608 0.0396881103515625
vt 0.04936961829662323 0.061453819274902344
vt 0.08534245193004608 0.061453819274902344
vt 0.00747033953666687 0.0396881103515625
vt 0.00747033953666687 0.061453819274902344
vt 0.11772100627422333 0.06145375967025757
vt 0.14971889555454254 0.039688169956207275
vt 0.14971889555454254 0.06145375967025757
vt 0.44825875759124756 0.039688169956207275
vt 0.44825875759124756 0.06145375967025757
vt 0.11772100627422333 0.039688169956207275
vt 0.48063725233078003 0.039688169956207275
vt 0.48063725233078003 0.06145375967025757
vt 0.5344579219818115 0.039688169956207275
vt 0.2849261164665222 0.8156359791755676
vt 0.27790123224258423 0.7917657494544983
vt 0.25367891788482666 0.8082287311553955
vt 0.1747443675994873 0.8783764243125916
vt 0.21451807022094727 0.8640229105949402
vt 0.18685567378997803 0.8481763601303101
vt 0.20602917671203613 0.8925998210906982
vt 0.23908543586730957 0.8941069841384888
vt 0.15358567237854004 0.7885333895683289
vt 0.14549946784973145 0.8200193643569946
vt 0.17966508865356445 0.8172264099121094
vt 0.24510633945465088 0.8538222908973694
vt 0.1527090072631836 0.8523597121238708
vt 0.20395135879516602 0.7590646743774414
vt 0.22984182834625244 0.7871714234352112
vt 0.22957682609558105 0.7576863765716553
vt 0.19797158241271973 0.7909270524978638
vt 0.1753453016281128 0.7671889066696167
vt 0.2595634460449219 0.7691092491149902
vt 0.2785831689834595 0.8599503636360168
vt 0.25800538063049316 0.8324906229972839
vt 0.2677680253982544 0.8859071731567383
vt 0.2849261164665222 0.8404195308685303
vt 0.21536993980407715 0.8261008858680725
vt 0.35187357664108276 0.039688169956207275
vt 0.9883156418800354 0.7984460890293121
vt 0.9398356676101685 0.7927139103412628
vt 0.9137412905693054 0.8006733953952789
vt 0.9167795777320862 0.762384444475174
vt 0.1870020180940628 0.03178483247756958
vt 0.9653725624084473 0.9596468806266785
vt 0.8560936450958252 0.9904331220313907
vt 0.956652045249939 0.9617834948003292
vt 0.29339098930358887 0.829716831445694
vt 0.7100035548210144 0.031784772872924805
vt 0.32294028997421265 0.0396881103515625
vt 0.04936961829662323 0.0396881103515625
vt 0.9802964329719543 0.7526257932186127
vt 0.956652045249939 0.7642711102962494
vn -0.12842796930223543 -0.9196024805130137 -0.37126477685772535
vn 0.31970014841712013 -0.9399894574167151 -0.11921256245673582
vn -0.03446095697663764 -0.9737411192466273 -0.22503483093196916
vn 0.41010257641847103 -0.8483627375805736 -0.33480821719265974
vn 0.707767838335115 -0.6840849174809197 0.17633069129780427
vn 0.31970014841712013 -0.9399894574167151 -0.11921256245673582
vn 0.8543583856706006 0.44930468841267446 0.26114564098356113
vn 0.4864936239798731 0.4485460908847716 0.7497535316215057
vn 0.7767100971753435 0.1610117214245347 0.6089307436070024
vn 0.5581323293726183 0.7057484236767048 0.4363570388878148
vn 0.09457848484922354 0.5520053221490544 0.8284594344460953
vn 0.8833845320026378 -0.45892091360171733 -0.09499138738562284
vn 0.43321084209627037 -0.8785728388328407 -0.20109234981829563
vn 0.8725831875033355 -0.2367743823705376 0.42724287324608384
vn 0.9939229105208198 0.06505221969473991 0.08880009377590602
vn 0.7960889328649293 0.6050819871691322 -0.010871971920140305
vn 0.5207171857319735 0.8455725809658308 0.11773114627046213
vn 0.13774976083453616 0.8175812955948402 0.5590937564340087
vn -0.3191409993267326 -0.9354368661251281 -0.15200951300077742
vn -0.04202033370871999 -0.987293994252725 -0.15324770950167
vn -0.09326428193993778 -0.97844971571157 -0.18422249465843046
vn 0.92447590764548 -0.3304525027193204 -0.19011954036764217
vn 0.967597301439063 0.2268805611156605 -0.11081819902744366
vn 0.6797488696533183 0.6902487235126058 -0.24798825354087703
vn 0.44283350906176344 0.8910642020835461 -0.09951417495642806
vn 0.10694440340665393 0.9377527675681012 0.3304279671855296
vn 0.8854554813288973 -0.2133923081616029 -0.41283448669179057
vn 0.8661879754251941 0.3568761017994463 -0.3497968541785855
vn 0.6052345540974653 0.7137595327783489 -0.35247477057865517
vn 0.3998888335064982 0.8965873856860445 -0.19031547668404677
vn 0.08340556259818799 0.9801958000139481 0.17960987100573214
vn -0.029605805560677604 -0.9965149185833019 -0.07798405810175729
vn -0.19638067248140645 -0.9743899407584996 0.10953937568015533
vn 0.5028229878178889 -0.7925133555197935 -0.34509654336815476
vn 0.8198328921223204 -0.1601309688853123 -0.5497564022348469
vn 0.5028229878178889 -0.7925133555197935 -0.34509654336815476
vn 0.4726348586530758 -0.7565564402963646 -0.4519276966861847
vn 0.7804993803342741 0.4015770573488684 -0.4791206364881791
vn 0.4827053018274815 0.7216158397586228 -0.4962521248287988
vn 0.2897186107824669 0.8964930888157581 -0.3352063070287591
vn 0.05498472550648721 0.9960702083241636 0.06943212548981827
vn 0.7190906297924801 -0.13782972557190412 -0.6811105878588499
vn 0.6621176253987322 0.41358741693106676 -0.6249365557339659
vn 0.31840205062658544 0.6665477819427815 -0.6740431651934047
vn -0.13734096946958468 0.9623047340213987 -0.23474892328860547
vn 0.15125962177652222 0.848687336096592 -0.5068040374437576
vn 0.3407311563034981 -0.7540233663956645 -0.5615612540528688
vn 0.3407311563034981 -0.7540233663956645 -0.5615612540528688
vn 0.5741643395985576 -0.11739236354597765 -0.8102804107927336
vn 0.4905295343111846 0.38018786499666957 -0.7841160394212878
vn 0.14179736713376423 0.5711933977144115 -0.8084748660789639
vn 0.01056438310805772 0.7708980587355727 -0.6368709263636326
vn 0.3916083199238339 -0.1692044089028789 -0.9044405960450136
vn 0.27787810662459445 0.29414239632451206 -0.9144747172793811
vn -0.04117601989699296 0.3972606180037044 -0.9167816189086457
vn -0.17686832645724523 0.6123360056701845 -0.7705596740396535
vn -0.2515136382207316 0.9060623978119501 -0.3402819728698988
vn -0.06164864884441038 -0.9978935174759841 0.020198313668880488
vn 0.681831757126147 -0.7266320832045047 0.08432835010927775
vn 0.2518466876915983 -0.9169317690563376 0.3095308979633301
vn 0.17175022927301964 -0.7938818537088482 -0.5833124900912616
vn 0.03055383424471892 -0.9923837490510626 0.1193354843803969
vn 0.18271081725588786 -0.2637699680528652 -0.9471230971795989
vn 0.17175022927301964 -0.7938818537088482 -0.5833124900912616
vn 0.07370593558334336 0.1367091904643136 -0.9878653917930196
vn -0.21221204001809327 0.2231463868492479 -0.951405139836592
vn -0.3540543499118145 0.44741845177378764 -0.8212565045835979
vn -0.41139703731045946 0.7929066233594773 -0.4495014619829935
vn 0.02146487282540041 -0.35030495958655616 -0.9363897129527057
vn -0.10539545763122087 -0.004009246749679487 -0.9944223063926139
vn -0.5047301564546534 0.24370462698171702 -0.8281639475085615
vn -0.34553122892367627 0.05965301705233841 -0.9365093098282834
vn -0.559064986569131 0.6534797936220469 -0.5103043210870791
vn 0.013603827954896624 -0.99794949404724 -0.06254393012779885
vn 0.7226338621004957 -0.6855720390807405 0.08826823084438329
vn 0.11184757374226979 -0.9937063617843879 -0.00614709664821381
vn 0.1141647907767916 -0.9141962467664171 -0.3888593871119579
vn 0.20319419972390887 -0.9255811507250052 0.31939262768751486
vn -0.05506127954102061 -0.4714593708652761 -0.8801672097497291
vn 0.1141647907767916 -0.9141962467664171 -0.3888593871119579
vn -0.20772860771382157 -0.1440654769216942 -0.9675194901895269
vn -0.6147266570042401 0.09918217187891017 -0.7824794143936143
vn -0.47055677520929284 -0.061969927798256635 -0.8801909164228577
vn -0.6864118599671569 0.48927076726472774 -0.5380082478890198
vn -0.10538322656808477 -0.5748198449222988 -0.811465662515429
vn -0.3219582212614844 -0.25162614575611125 -0.9127032302638494
vn -0.571318763123006 -0.16774392060227583 -0.8034032910093013
vn -0.7019312229790445 -0.014214692861891812 -0.712102872283201
vn -0.7587326639581826 0.36292641882530535 -0.5409335995864546
vn 0.20585018733824897 -0.960281954943701 -0.18837268215511369
vn 0.350679802890304 -0.8407351608708123 0.41253856197978284
vn 0.20585018733824897 -0.960281954943701 -0.18837268215511369
vn -0.15425128476810776 -0.679591381553852 -0.7171904177170209
vn -0.41367872435222464 -0.3670751816865851 -0.8331420791246091
vn -0.6456660131876542 -0.2668419495059406 -0.7154794010998704
vn -0.768158119106247 -0.10079485548059833 -0.6322764436224065
vn -0.8323678059528605 0.23605450666135455 -0.5014400318064817
vn 0.2986437375298316 -0.9539997162678776 0.026390517141999713
vn -0.20364909414162194 -0.7950777375282523 -0.5712954032217067
vn 0.2986437375298316 -0.9539997162678776 0.026390517141999713
vn -0.48017888863450786 -0.4870215606269419 -0.729546595080963
vn -0.816071697548427 -0.2166735829133563 -0.5357980430422619
vn -0.7001750420570485 -0.4185389299556433 -0.5784289710863345
vn -0.9071770017531926 0.020296983743577118 -0.42025934842785007
vn 0.43321084209627037 -0.8785728388328407 -0.20109234981829563
vn -0.12842796930223543 -0.9196024805130137 -0.37126477685772535
vn -0.14765189674255325 -0.8937686231840379 -0.42352870693736405
vn 0.5116811296454995 -0.853075352065191 0.10220012359853714
vn -0.080312905783743 -0.9714262022056069 -0.22334048184993838
vn -0.5098181416592492 -0.6450407899207896 -0.5692168670844826
vn -0.732972301739148 -0.5765813406876871 -0.36097861772410356
vn -0.9373666028914215 -0.09840204894676984 -0.33415698189155546
vn -0.8465913576804093 -0.3688497591008165 -0.3837094321385791
vn -0.5129025054787871 -0.796830088371184 -0.3193631634048517
vn -0.6741347662664873 -0.7016551614092057 -0.23069969956341482
vn -0.962654335219357 -0.21845959994540926 -0.15991258260396465
vn -0.8421897420605711 -0.4934071629524159 -0.2174070144112113
vn -0.4286020981581766 -0.8847185049761856 -0.18323047892507244
vn -0.6470056553349165 -0.761271766547095 -0.04299976073073428
vn -0.9556373472095553 -0.29406240521086247 -0.016868979218864273
vn -0.8334252798614146 -0.551288549044377 -0.03851283656741668
vn 0.722978346614456 -0.6253129301769006 0.2937448717513317
vn 0.5116811296454995 -0.853075352065191 0.10220012359853714
vn 0.49368581922993854 -0.740162488224655 0.45654551023567425
vn -0.3654490171015754 -0.9300705998812938 -0.03762572439093593
vn -0.5999787597312178 -0.7952992374221526 0.0867445146803652
vn -0.9363400402255802 -0.33067907180578443 0.11797745776216798
vn -0.809779273881519 -0.5792289134414996 0.09354888254436704
vn 0.21090216259697156 -0.9732258455534706 0.09138780749450624
vn -0.2949347526774926 -0.9514049477229035 0.0885557288459955
vn -0.5527243345958123 -0.7865439075149396 0.27539878630223963
vn -0.7850852224598394 -0.5601495991775427 0.2643361874893841
vn 0.7674060885852522 -0.6396999044325384 0.04326577713719267
vn 0.29265195437391145 -0.944202944793387 0.15111463411803044
vn -0.21433375719668846 -0.9475616338968835 0.2370400609445997
vn -0.4668521232748369 -0.7491692647218788 0.4698877608427956
vn -0.736504127490603 -0.532607003363914 0.41700293782780173
vn -0.9225961954973033 -0.2998377322359259 0.24272122771096677
vn 0.42643705724839803 -0.8974384968699479 -0.11294060625450278
vn 0.7674060885852522 -0.6396999044325384 0.04326577713719267
vn 0.7420828976645115 -0.6576668442840082 0.12956579380128258
vn 0.433933654314329 -0.8464536947086827 0.30857369681719893
vn -0.08178800555810554 -0.8884134169042002 0.45169937216187395
vn -0.2983689866067993 -0.6357089232015152 0.71193406491978
vn -0.6355119960734315 -0.43407289828757883 0.6385179886416545
vn -0.9120065937735872 -0.2659488341096224 0.3122742233185951
vn 0.5754443908966265 -0.6791124682423761 0.45570824928166254
vn 0.08909495733614844 -0.7510020701985294 0.6542613996980053
vn -0.05773590897256613 -0.38743552127786424 0.9200871054782047
vn -0.4402143922961892 -0.2128275835220285 0.8723048254523592
vn -0.8587056187367916 -0.18481970739816972 0.47798152276747985
vn 0.7047995455506402 -0.449641406400451 0.5487077603258729
vn 0.34064952151602146 -0.4709597663048851 0.8137289487372029
vn 0.21194466583890906 -0.06726792101037424 0.9749638380090695
vn -0.19246840484095126 0.08433635818055168 0.9776723847111677
vn -0.7304946753517663 -0.019848695496519523 0.6826298840292623
vn 0.3749715893209058 -0.7761270582340988 0.5069744536749735
vn 0.8446507643141977 -0.21248112521932397 0.4913418949865477
vn 0.5704684951978193 -0.1909615023041416 0.7988112421745709
vn 0.4566142154581055 0.22855772142175626 0.8598051094405486
vn 0.05990277020952913 0.39673714975371205 0.9159755958138431
vn -0.5340920803042523 0.2105688044409042 0.8187835051786306
vn 0.5996123135364109 0.22563434909582467 0.7678243379599377
vn 0.48581333888518297 -0.18187905308015656 0.8549300613570071
vn 0.9531776443956487 -0.09036190884286321 0.2885950513342812
vn 0.7713081005265936 0.036877239070696566 0.6353927000686905
vn 0.6550666272068745 0.4971300675448166 0.5689898152539253
vn 0.2216944370863965 0.6733363293386047 0.7053153650373427
vn -0.29925850313437985 0.47331701748393756 0.8285018704033686
vn 0.410532693896701 -0.12866568162585662 0.9027225762180049
vn 0.5980972759999494 0.22979679922994353 0.7677715021444292
vn 0.905470634248768 0.2622969121996058 0.33365140545738203
vn 0.773483673291277 0.612262212436688 0.16388407602315988
vn 0.2852005402028447 0.8794126334533882 0.3811745951536942
vn -0.12516607666305551 0.7093038083565696 0.6937013483507474
vn 0.4625127623808694 0.8197132321609794 0.3378641171462542
vn 0.9300396522785387 0.36241292935527386 -0.06068866307428621
vn 0.7125109047114228 0.6548277565434418 -0.25204924107720067
vn 0.27790872587875703 0.9605196717311136 -0.012988467884991266
vn -0.03280942171919221 0.8855743834341853 0.4633374075677625
vn 0.3702528479488194 0.9286093082935039 -0.024445472718862677
vn 0.8546847470365028 0.3395407362460032 -0.3927162736794483
vn 0.5594632345520979 0.5687500759553058 -0.6029297142166226
vn 0.1509897655920174 0.9124934925830154 -0.38020746531350197
vn -0.02136483644023297 0.987228829356591 0.15786951020097875
vn 0.1901431932738454 0.8949117983052892 -0.40370588217862047
vn 0.7047078278618991 0.24739828631540567 -0.6649668903624935
vn 0.3073866905528693 0.3796075579540918 -0.8725889779358237
vn -0.10391375599458538 0.7582909193858546 -0.6435812403201736
vn -0.131722808032584 0.9794059241669766 -0.15301352080989986
vn -0.08514895230557468 0.6648408707074611 -0.7421160775500071
vn 0.4942994811818046 0.01922161051334825 -0.8690791405808058
vn -0.017441565822372152 0.05225042759904113 -0.9984816896655547
vn -0.4084070264152481 0.4950528248663598 -0.7668939961731945
vn -0.3412399860414565 0.8699334805393975 -0.35604916986707963
vn -0.34641111033224603 0.2542359937225196 -0.9029747516593714
vn 0.23200234085523347 -0.31514752028006615 -0.9202483112176937
vn -0.2969012525453244 -0.2742708891015354 -0.9146721410584621
vn -0.6801814752425278 0.17923426229503026 -0.710794091109693
vn -0.574885269151139 0.6871550674353422 -0.4442126074425992
vn -0.5147679843196039 -0.11243999001349109 -0.8499242148364158
vn 0.027393301911578787 -0.5622900275126982 -0.8264862563709999
vn -0.8397073819928546 -0.15213537723304352 -0.5212929499052004
vn -0.44670877983009327 -0.5727774786334 -0.6872970434921675
vn -0.7835763218651163 0.4575971347495447 -0.4202535069233126
vn -0.10914318394575796 -0.7495016417327802 -0.6529433776661263
vn -0.6676951496991227 -0.35461045239132466 -0.6545491686062144
vn -0.8885086622079817 -0.38359252081241474 -0.25181170576079176
vn -0.5308800359658015 -0.7629213366847789 -0.36894094574072356
vn -0.9240250109886406 0.1873940511817181 -0.3332585312473577
vn -0.2387689039014008 -0.8911862349736215 -0.3857155754221816
vn -0.8170626804212882 -0.48144980203775534 -0.3171981468744514
vn -0.5174852349194919 -0.8555903578697991 0.013197392187373976
vn -0.8581853369912656 -0.5113483510929371 0.04517511713014239
vn -0.9827553013827619 -0.0482410296068454 -0.1785072006013995
vn -0.8177511834945618 -0.5721790371823514 0.06240313535649339
vn -0.24933655744844663 -0.9683869565277292 -0.00761469281845049
vn -0.3748517979885023 -0.8471807258145945 0.3765248296633889
vn -0.7649390727951405 -0.5422456315802595 0.34761744769708575
vn -0.9755700262637899 -0.21735757140701273 0.03191880335654061
vn -0.918719891405966 -0.2809466874751249 0.2775296739661625
vn -0.9992268591492957 -0.020483419634652177 -0.033557614258237826
vn -0.7171069185642457 -0.6145834813639887 0.3287017063871311
vn -0.09724758733451111 -0.934918304573215 0.34127799596745406
vn -0.15188926581122883 -0.71216542858929 0.685383143397588
vn -0.620631258574877 -0.44797679847925825 0.6435321506374319
vn -0.8280256843691921 -0.20066507270888603 0.5235522845138474
vn -0.9696022810405275 -0.1173551920275398 0.21470718549966003
vn -0.5571230432672691 -0.5481168589697308 0.6238443905123879
vn 0.15760613808140933 -0.7759909605683978 0.6107358957480714
vn 0.09673701230630218 -0.4535821971516509 0.8859487236161759
vn -0.4402612588533141 -0.21387763251668956 0.8720243014170826
vn -0.7174843518729029 0.010520440390317106 0.6964951723820593
vn -0.8930583227100727 -0.011829233392739693 0.44978539491140873
vn -0.28397347092891606 -0.3633012633084397 0.8873394276640005
vn 0.435084342585737 -0.5178314676382366 0.7365814184191499
vn 0.33849051713692896 -0.1283179050438337 0.9321795347751075
vn -0.2426656267519514 0.10742419718446411 0.9641438873178401
vn -0.6033605251572642 0.26952195092258235 0.7505424669216496
vn -0.8031452567059607 0.1811079637798291 0.5675892899678785
vn 0.06098780992772808 -0.06227759268893642 0.9961937504768287
vn 0.669894842035562 -0.23702139475826609 0.7036062528438725
vn 0.5522511223558553 0.21117192280253566 0.8064893780308442
vn -0.04413961423167644 0.4598936189165782 0.8868762899837226
vn -0.47635929211413947 0.5239259386789382 0.7061044084240723
vn -0.7331992284807161 0.3580544588465583 0.5781140855016255
vn 0.3726615306970643 0.2747212898355417 0.8863698982082016
vn 0.8390306200845825 0.01485934848576558 0.5438812538808993
vn 0.6938379595686517 0.45896450071328615 0.5549238442765043
vn 0.10213880006431818 0.7121104374113445 0.6945980063686079
vn -0.33478022425519716 0.6926667088705625 0.6388544684590249
vn -0.6577503014644901 0.4809617100966296 0.5796898949820483
vn 0.5508520753147416 0.5292978313391692 0.645295123847294
vn 0.9272641807930454 0.19124429286591962 0.32188003893440953
vn 0.7349113197494453 0.6255277797818047 0.2619548602820233
vn 0.15782095658316003 0.8736789472368971 0.4601930495109669
vn -0.21643713909844794 0.8225389744679509 0.5259131109794568
vn -0.5310985117905316 0.5633871642348054 0.6328738215073737
vn 0.6336956974223856 0.6909380858051257 0.3478998773387324
vn 0.9526816481706305 0.29730244252965865 0.06331615042617639
vn 0.6943506252453872 0.7118711541077927 -0.10543561623369721
vn 0.14251373984564983 0.978184385974983 0.15114609154705894
vn -0.1777738920944729 0.9358192352406302 0.30436623045802097
vn -0.365828080112684 0.6976890055866788 0.6159544360458321
vn 0.6160503614575218 0.7875711879628524 -0.014614240960029636
vn 0.9109542834043353 0.32730572670550057 -0.2510642443938965
vn 0.5490313555241522 0.6498098456837967 -0.5256536265486166
vn 0.03607004901211982 0.971483693592461 -0.23434671887656666
vn -0.24548972722876936 0.9693962173560285 0.002401583012914152
vn -0.3099462686327491 0.8506777155822827 0.4245947889133174
vn 0.44201614247602344 0.7819674277918555 -0.43948682763332597
vn 0.7749074705763777 0.23478990197991503 -0.5868493111295118
vn 0.301328575940124 0.42277098360123005 -0.8546729109704749
vn -0.16075442979242024 0.8008268255136989 -0.5769180261005593
vn -0.3871159462449195 0.8748837625427963 -0.29106639483434105
vn -0.30698187127273513 0.9387198922728639 0.15673893760362423
vn 0.15064266325577993 0.631365947365371 -0.7607127108932998
vn 0.5493088638543108 0.04402619903177795 -0.8344587862140949
vn 0.01413499969078671 0.12082257569793786 -0.9925734768698272
vn -0.41013413087782774 0.5251912377681948 -0.745630041280929
vn -0.5893914140058043 0.6641010529868189 -0.45998646992931996
vn -0.4161552429657791 0.898528898027095 -0.13950137333484453
vn 0.2861708476728658 -0.19366497163432225 -0.938402964991091
vn -0.20300497873424028 0.38621132561506805 -0.8997943045917564
vn -0.2534161757590238 -0.19479891821127163 -0.9475408293722175
vn -0.6522550499417803 0.23065337400727984 -0.7220542714259807
vn -0.7864973064782691 0.4239137672214808 -0.4491315006348587
vn -0.6368506240983799 0.6845944209086038 -0.3546149481427952
vn 0.045540775547419615 -0.4534302185666771 -0.8901275608883902
vn -0.5140414732683035 0.10774853905176807 -0.8509709842834604
vn -0.4507405480627112 -0.47813022716898257 -0.7538066358154881
vn -0.8181946124810667 0.007327273218755464 -0.5748946748528244
vn -0.8921025165420328 0.2971726720361692 -0.34035496613720173
vn -0.848644571072517 0.4266756939107391 -0.3126503545734955
vn -0.14153593485374172 -0.7011848489233734 -0.6987899446796465
vn -0.732538340455426 -0.15654459914879018 -0.6624812210471743
vn -0.5646941621478054 -0.6850282058698645 -0.46027911140839617
vn -0.9126894436350468 -0.1601474294994964 -0.37596646167158637
vn -0.9412166321203488 0.258326043703867 -0.217666962500826
vn -0.9087274249645833 0.3628616126889614 -0.20626661667367338
vn -0.797634270895146 -0.40140986191262834 -0.4501662944433464
vn -0.23475628658155473 -0.875051730045604 -0.42328944666106977
vn -0.9943724064521295 0.0863406190132969 -0.06139067351806435
vn -0.9099927893658942 0.38262656144684076 -0.15971862063468503
vn -0.5907715009104767 -0.8031981774883452 -0.0765618794922353
vn -0.8255931872000078 -0.5526622214910148 -0.11384356892485901
vn -0.307437481086107 -0.9495008414706669 -0.06269248176555911
vn -0.9206510240155645 0.3728661370623563 -0.11563968095462836
vn -0.9816513397422364 -0.15234526966376824 -0.11468027726399208
vn -0.07624960737123637 -0.8161521862553585 0.5727840834436054
vn -0.5416682006250454 -0.7942867778381806 0.27514373513323265
vn -0.25287222649006785 -0.9145484571299484 0.3156845840885913
vn -0.9320665605310339 -0.3489729923388651 -0.09731278106141564
vn -0.9151260748662567 -0.36939624454391984 0.16152610196722586
vn -0.7582928341435946 -0.5773185586619576 0.30281225125637634
vn -0.7854754471350446 -0.3581862288455217 0.5047087748528112
vn -0.3634668819620254 -0.7288612239663578 0.5802181847504142
vn -0.961865133894365 0.03572555383052686 0.2711810262571433
vn -0.0723846542727854 -0.4964483676627191 0.8650430509927416
vn 0.20655004437818922 -0.5708472559195648 0.7946511747782614
vn -0.608257759155196 -0.4258258363826316 0.6698468895923394
vn -0.5253520820849873 -0.2061511123942583 0.8255343170986766
vn -0.5284375895858179 -0.8256203417759937 0.19774924818674228
vn -0.8724419950269828 -0.4017504242868405 0.27828324042004704
vn -0.43726288606123853 -0.6932290349494614 0.572917684817317
vn -0.8194719071126445 0.06967503256837522 0.5688683356364294
vn -0.9723539044745751 0.23033432637340828 0.038392480346510625
vn -0.4136345966520214 -0.16655597344650133 0.8950785039100246
vn -0.22079609015752955 0.10606391008539097 0.969535730929266
vn 0.5232264247246061 -0.27856437340920676 0.8053794126602953
vn 0.013303577885089402 0.37835303416513655 0.9255657709495801
vn 0.8087853075338346 0.06800179660782872 0.5841592950347604
vn 0.26934944112424597 -0.15530823229694343 0.9504368635247976
vn 0.1962896526367431 0.6004786381434638 0.7751746754126567
vn 0.8796677166792289 0.36163484834926496 0.30887690864121936
vn 0.5817761380858617 0.2820939163846166 0.762862731749749
vn -0.691038942667084 0.6416965558713742 -0.332702133898139
vn -0.6965990925465735 0.6529490151026088 -0.2973336306908848
vn -0.42224530291083173 0.886835083715622 -0.18770305927407166
vn 0.22010241204796238 0.8014183915093259 0.5561326190408846
vn 0.78872164478613 0.613798761579308 0.03419425872232864
vn 0.6762893005031504 0.6146486885897634 0.4060046448500848
vn 0.1492511306616106 0.9142743490161802 0.37659861222164753
vn -0.2033366579818836 0.892127766712589 0.4034380390855167
vn 0.06928688237568827 0.8128075291056028 0.5783971374063861
vn 0.1513986779047396 0.9704213958216025 0.1880445555190306
vn 0.6377258471160981 0.7006312811756208 -0.32003367285062895
vn 0.5948215128872995 0.7939276306933958 0.12596144262446013
vn 0.06347574975890552 0.9833334268637877 0.17037077450333007
vn 0.09845341708899497 0.9639412921541526 -0.24723290627196656
vn 0.4087058399539273 0.5729959355548886 -0.7103767973583687
vn 0.45676820527260253 0.8728344602932402 -0.17182203460747927
vn -0.17932512567161085 0.9833938597294831 -0.027910857192330912
vn -0.41805175579731185 0.885681132844277 -0.2019942088240727
vn -0.182175457029779 0.7276145316528422 -0.6613540626499592
vn 0.03165817144510033 0.2334459990132342 -0.9718542718563651
vn 0.1776016336261667 0.8264093039416172 -0.5343269805016856
vn -0.5709125898467788 0.2549795087603415 -0.780412881023102
vn -0.2810712330644075 -0.18252542245048764 -0.9421695346926288
vn -0.20642850321721556 0.5857358637225524 -0.7837734181564823
vn -0.8094367407789967 -0.11282592746556962 -0.5762659739812938
vn -0.5887232152077251 -0.3825255424535664 -0.7120949271312663
vn -0.4451924262600888 -0.5491641717801461 -0.7072640355862028
vn -0.9100721587551066 -0.22204814894179523 -0.3499475466556987
vn -0.6286343494088334 -0.6716100189076286 -0.39212094721683466
vn -0.5419566079187382 -0.7419498073901986 -0.39470687661461185
vn -0.22527202654028622 0.1745810109206921 0.9585269869358617
vn -0.9816513397422364 -0.15234526966376824 -0.11468027726399208
vn -0.6268492806655896 -0.7650958496552964 0.14726954936195474
vn -0.20085050030733234 0.5897470913851411 0.7822131708997621
vn -0.6551714959434356 0.0986311064860002 0.7490141625741051
vn -0.5564253661852007 0.2522507585782806 0.7916819858139678
vn -0.9402998189935946 0.07451063941688642 0.33209097400305815
vn 0.10186089591805277 -0.9262176690372709 0.36296719885677853
vn 0.7226338621004957 -0.6855720390807405 0.08826823084438329
vn -0.33154613741475336 -0.8200534842876791 -0.4664648343369461
vn -0.3834338484118099 -0.859392041968869 -0.33826587485687476
vn -0.22984469299553145 -0.9454536333391922 -0.230843766013965
vn -0.3834338484118099 -0.859392041968869 -0.33826587485687476
vn -0.33154613741475336 -0.8200534842876791 -0.4664648343369461
vn 0.5980972759999494 0.22979679922994353 0.7677715021444292
vn -0.20801606737612555 0.8292272923473831 0.5187594946982648
vn 0.4625127623808694 0.8197132321609794 0.3378641171462542
vn -0.23144464333044026 0.5250467235589594 0.8189989713996269
vn -0.23035085223444635 0.9193916254361664 0.3188377705867179
vn 0.3702528479488194 0.9286093082935039 -0.024445472718862677
vn -0.3457289437235693 0.9345526890758422 0.08415918733505622
vn 0.1901431932738454 0.8949117983052892 -0.40370588217862047
vn -0.03488564262804637 0.9962684327108556 -0.07894429632521825
vn -0.512121325049414 0.8484647348452014 -0.13356400021598083
vn -0.08514895230557468 0.6648408707074611 -0.7421160775500071
vn -0.6855723583556894 0.6623950439549319 -0.30203203009376706
vn -0.34641111033224603 0.2542359937225196 -0.9029747516593714
vn -0.8005386759461794 0.4414584367347707 -0.4052804916968376
vn -0.5147679843196039 -0.11243999001349109 -0.8499242148364158
vn -0.8970783005423896 0.20184252079899484 -0.3930777524784193
vn -0.8639134245156638 0.13104145458808042 -0.4862938742376453
vn -0.9807405881695068 0.015197901638685644 -0.1947226810176735
vn -0.6676951496991227 -0.35461045239132466 -0.6545491686062144
vn -0.9925817982428229 -0.09293187191119115 0.07839031177464494
vn -0.8170626804212882 -0.48144980203775534 -0.3171981468744514
vn -0.9622489473589562 -0.12099731043874325 0.24379625545354708
vn -0.8177511834945618 -0.5721790371823514 0.06240313535649339
vn -0.9242931627015433 -0.0720652729559295 0.3748182837282167
vn -0.7171069185642457 -0.6145834813639887 0.3287017063871311
vn -0.8237381847551917 0.021758929355652597 0.5665526912560892
vn -0.5571230432672691 -0.5481168589697308 0.6238443905123879
vn -0.639543715558106 0.18787716653423447 0.7454434963061923
vn -0.28397347092891606 -0.3633012633084397 0.8873394276640005
vn -0.3811610816464651 0.4338684082650412 0.8163788545446632
vn 0.06098780992772808 -0.06227759268893642 0.9961937504768287
vn -0.16010520493743835 0.6766250345563216 0.7187105717627905
vn 0.3726615306970643 0.2747212898355417 0.8863698982082016
vn -0.036936725783124624 0.8586639254379296 0.5112063589588339
vn 0.5508520753147416 0.5292978313391692 0.645295123847294
vn 0.6336956974223856 0.6909380858051257 0.3478998773387324
vn -0.03245725440302285 0.9735973718303417 0.2259528362328486
vn 0.6160503614575218 0.7875711879628524 -0.014614240960029636
vn 0.44201614247602344 0.7819674277918555 -0.43948682763332597
vn -0.17833371074273444 0.9806090844656644 -0.08125829850629304
vn 0.15064266325577993 0.631365947365371 -0.7607127108932998
vn -0.3874816549493234 0.885702438399046 -0.2557130377820376
vn -0.20300497873424028 0.38621132561506805 -0.8997943045917564
vn -0.5940432490010871 0.7370543478309078 -0.32227861651029155
vn -0.5140414732683035 0.10774853905176807 -0.8509709842834604
vn -0.759756868479495 0.5697204149420854 -0.31334988367071326
vn -0.732538340455426 -0.15654459914879018 -0.6624812210471743
vn -0.8825892490262625 0.3870074771653993 -0.2669483660210919
vn -0.9627027559017348 0.18699778503048486 -0.19553831382339745
vn -0.797634270895146 -0.40140986191262834 -0.4501662944433464
vn -0.8255931872000078 -0.5526622214910148 -0.11384356892485901
vn -0.7582928341435946 -0.5773185586619576 0.30281225125637634
vn -0.608257759155196 -0.4258258363826316 0.6698468895923394
vn -0.4136345966520214 -0.16655597344650133 0.8950785039100246
vn -0.22079609015752955 0.10606391008539097 0.969535730929266
vn 0.013303577885089402 0.37835303416513655 0.9255657709495801
vn 0.1962896526367431 0.6004786381434638 0.7751746754126567
vn 0.22010241204796238 0.8014183915093259 0.5561326190408846
vn 0.1513986779047396 0.9704213958216025 0.1880445555190306
vn 0.09845341708899497 0.9639412921541526 -0.24723290627196656
vn -0.182175457029779 0.7276145316528422 -0.6613540626499592
vn -0.5709125898467788 0.2549795087603415 -0.780412881023102
vn -0.8094367407789967 -0.11282592746556962 -0.5762659739812938
vn -0.9100721587551066 -0.22204814894179523 -0.3499475466556987
vn -0.9334037840110033 0.2064855203415021 -0.2934639771475185
vn -0.9892388502502174 -0.1247868726117082 -0.07638542779494875
vn -0.944611924026603 0.324745304868724 -0.04742151360383576
vn -0.8899506259394971 -0.28714415389642683 0.35431076511023823
vn -0.33489984323955946 -0.20004874397611921 0.9207728248768506
vn -0.8579523407354452 0.09479556004156699 0.5049074992738533
vn -0.5113116679597672 -0.3080576886732226 0.8022847615762828
vn -0.8724419950269828 -0.4017504242868405 0.27828324042004704
vn -0.21618725505377498 0.12791408671623972 0.9679364943899288
vn -0.5056666756883635 0.4523166147262986 0.7346501841970916
vn -0.8146011507545223 0.5799706957677201 0.007678361811902404
vn -0.8579523407354452 0.09479556004156699 0.5049074992738533
vn -0.41805175579731185 0.885681132844277 -0.2019942088240727
vn -0.2033366579818836 0.892127766712589 0.4034380390855167
vn -0.5056666756883635 0.4523166147262986 0.7346501841970916
vn -0.33489984323955946 -0.20004874397611921 0.9207728248768506
vn -0.6289673222317338 -0.3239339216702598 0.7067297375630718
vn 0.07099730188051656 0.5634959224335435 0.8230624086461833
vn 0.18693746315902057 0.8241278667326937 0.5346659182539027
vn 0.17711262500130648 0.9165717996712618 0.3585069791685108
vn 0.08008292897849892 0.9820769187696298 0.17062136474127418
vn -0.15099975382647368 0.9861677341643367 -0.06835403746321511
vn -0.44463479898269986 0.8411461281144643 -0.30785237808348853
vn -0.721449713731936 0.4691617131261478 -0.5093109045491225
vn -0.4908821848317455 0.15526240010328507 -0.8572795738433172
vn -0.8615341094345804 -0.049417458005152466 -0.5052889204455934
vn -0.8748878929851075 -0.42385242863910616 -0.2343507914320122
vn -0.7972855981528402 -0.5508192433675501 0.24684779949205068
vn -0.48548053003032177 -0.5626872683813897 0.6690976707200285
vn -0.6289673222317338 -0.3239339216702598 0.7067297375630718
vn -0.944611924026603 0.324745304868724 -0.04742151360383576
vn -0.6965990925465735 0.6529490151026088 -0.2973336306908848
vn 0.8725831875033355 -0.2367743823705376 0.42724287324608384
vn 0.20496465678449852 -0.6785636230440057 0.7053657908848467
vn 0.707767838335115 -0.6840849174809197 0.17633069129780427
vn 0.48581333888518297 -0.18187905308015656 0.8549300613570071
vn -0.09307286894428277 -0.3953591291062022 0.9137989932686869
vn -0.042178210450844106 -0.06531103361854992 0.9969731528235055
vn 0.410532693896701 -0.12866568162585662 0.9027225762180049
vn -0.41395634593080766 -0.15171686158922565 0.8975645590001475
vn 0.5980972759999494 0.22979679922994353 0.7677715021444292
vn 0.4864936239798731 0.4485460908847716 0.7497535316215057
vn -0.033983397185485646 0.00398012455656135 0.9994144722407454
vn 0.151029190883594 -0.05346998209327571 0.987082136661378
vn -0.5327541312303453 -0.8431507357661691 0.07259388702891861
vn 0.10134143798278479 -0.822131039792974 0.5602057357404554
vn -0.010220050018775751 -0.7013095743039347 0.712783579754225
vn -0.03446095697663764 -0.9737411192466273 -0.22503483093196916
vn 0.03593749467956798 -0.8026086720215365 0.5954223845909572
vn 0.07756158153121752 -0.8067241744971301 0.5858159329962787
vn 0.7767100971753435 0.1610117214245347 0.6089307436070024
vn 0.291167477610775 -0.23103949105164914 0.9283545947300383
vn 0.31970014841712013 -0.9399894574167151 -0.11921256245673582
vn -0.22984469299553145 -0.9454536333391922 -0.230843766013965
vn -0.033337403198727675 0.27852872842648246 0.9598491365777708
vn 0.5996123135364109 0.22563434909582467 0.7678243379599377
vn -0.23144464333044026 0.5250467235589594 0.8189989713996269
vn -0.41395634593080766 -0.15171686158922565 0.8975645590001475
vn -0.19933105981482063 -0.0007091577979237192 0.9799319495191072
vn -0.28431681535346837 0.04487831492828749 0.9576794272388122
vn 0.31283962346088634 -0.4633704506873681 0.8291074691634591
vn 0.09457848484922354 0.5520053221490544 0.8284594344460953
vn 0.6451356359469861 -0.09395614380577853 0.7582692491934679
vn -0.34704789366309197 0.0023785620465060107 0.9378443911153929
vn 0.049202432640283074 0.2448757162238049 0.9683052226576893
vn 0.5604464999060018 -0.13394226208717064 0.8172877040370076
vn -0.10335311398504786 -0.5111609551199555 0.8532482708980126
vn 0.6468559233829284 0.2224051557950334 0.729461007223968
vn 0.6558712155656016 -0.1625428496530289 0.7371653617874168
vn -0.3618301754941006 -0.6453253136957335 0.6727809179854994
vn -0.469466985784987 -0.5381487931374497 0.6999975897834683
vn 0.6784457570213901 0.018053386820323734 0.7344286418733876
vn -0.21087546026951656 -0.7139040126140253 0.6677369250159177
vn -0.11188067958790636 -0.6794318396136587 0.725158664606683
vn -0.5138571882027505 -0.23733629375384033 0.8243920631590008
vn -0.10335311398504786 -0.5111609551199555 0.8532482708980126
vn -0.5358437069988067 -0.4119728618391952 0.7369870302643057
vn 0.4317833680212619 0.15185071804917663 0.8891031900337355
vn -0.7164434251202221 -0.2996705661843784 0.6300050558247439
vn -0.5138571882027505 -0.23733629375384033 0.8243920631590008
vn -0.5358437069988067 -0.4119728618391952 0.7369870302643057
vn 0.22772092580452227 -0.7025887298217086 0.6741752418164356
vn -0.11188067958790636 -0.6794318396136587 0.725158664606683
vn -0.10335311398504786 -0.5111609551199555 0.8532482708980126
vn -0.6603454037418849 -0.5413118687524358 0.5205049553123513
vn -0.469466985784987 -0.5381487931374497 0.6999975897834683
vn 0.049202432640283074 0.2448757162238049 0.9683052226576893
vn 0.2512180821004577 0.3960764083768639 0.8831834203341067
vn 0.4317833680212619 0.15185071804917663 0.8891031900337355
vn 0.5807044455350351 0.3178764582897963 0.7494910968123524
vn 0.6451356359469861 -0.09395614380577853 0.7582692491934679
vn -0.34704789366309197 0.0023785620465060107 0.9378443911153929
vn -0.04823053786859934 0.3167952509838024 0.9472669022883758
vn 0.7606802451396849 -0.06630340240091868 0.6457316962053903
vn 0.5604464999060018 -0.13394226208717064 0.8172877040370076
vn 0.6468559233829284 0.2224051557950334 0.729461007223968
vn 0.22772092580452227 -0.7025887298217086 0.6741752418164356
vn -0.10335311398504786 -0.5111609551199555 0.8532482708980126
vn 0.6784457570213901 0.018053386820323734 0.7344286418733876
vn 0.7986903563563507 0.10597186158449039 0.5923374707172282
vn 0.6558712155656016 -0.1625428496530289 0.7371653617874168
vn -0.46895784958095454 -0.750651845177681 0.4654034192480216
vn -0.3618301754941006 -0.6453253136957335 0.6727809179854994
vn 0.8263956409735834 -0.04021011505005986 0.5616523757873025
vn -0.2501317472893815 -0.8380075801055417 0.4849509301812039
vn -0.21087546026951656 -0.7139040126140253 0.6677369250159177
vn -0.046286757599831606 -0.8255925972764533 0.5623650054841737
vn 0.8263956409735834 -0.04021011505005986 0.5616523757873025
vn 0.7986903563563507 0.10597186158449039 0.5923374707172282
vn 0.27278570808128766 -0.2839869393857977 0.9192058396925457
vn -0.46895784958095454 -0.750651845177681 0.4654034192480216
vn -0.06405001494803125 -0.5226568669472988 0.8501337512521134
vn -0.1784607659979631 -0.5057064997611066 0.8440454318926145
vn -0.2501317472893815 -0.8380075801055417 0.4849509301812039
vn -0.046286757599831606 -0.8255925972764533 0.5623650054841737
vn -0.6192204831560093 -0.011862637642383147 0.7851275508273824
vn -0.7164434251202221 -0.2996705661843784 0.6300050558247439
vn -0.17496864134410112 -0.3992096424641793 0.9000097976743484
vn -0.00015533166615416252 -0.4419217361251915 0.8970535965103591
vn -0.6603454037418849 -0.5413118687524358 0.5205049553123513
vn -0.04823053786859934 0.3167952509838024 0.9472669022883758
vn 0.11616802971993814 -0.275662070495436 0.9542093123425052
vn 0.2512180821004577 0.3960764083768639 0.8831834203341067
vn -0.059270633830215406 -0.35037611749823 0.934731816219086
vn -0.3673984559679774 0.1868111261857184 0.9111092018444167
vn 0.5807044455350351 0.3178764582897963 0.7494910968123524
vn 0.4654409556074141 -0.3889067043623303 0.7950574143703637
vn 0.1928400327832556 -0.33637358410179125 0.9217730380493174
vn 0.22772092580452227 -0.7025887298217086 0.6741752418164356
vn 0.7606802451396849 -0.06630340240091868 0.6457316962053903
vn 0.0017156914499338257 -0.40743715951099546 0.9132316340624981
vn -0.6192204831560093 -0.011862637642383147 0.7851275508273824
vn -0.5327541312303453 -0.8431507357661691 0.07259388702891861
vn -0.12581355632210467 -0.9522215401539068 -0.2782895749260223
vn -0.12581355632210467 -0.9522215401539068 -0.2782895749260223
vn 0.7420828976645115 -0.6576668442840082 0.12956579380128258
vn 0.3749715893209058 -0.7761270582340988 0.5069744536749735
vn 0.41010257641847103 -0.8483627375805736 -0.33480821719265974
vn 0.4726348586530758 -0.7565564402963646 -0.4519276966861847
vn 0.41010257641847103 -0.8483627375805736 -0.33480821719265974
vn -0.5056666756883635 0.4523166147262986 0.7346501841970916
vn 0.5980972759999494 0.22979679922994353 0.7677715021444292
vn -0.3673984559679774 0.1868111261857184 0.9111092018444167
vn 0.4654409556074141 -0.3889067043623303 0.7950574143703637
vn 0.3749715893209058 -0.7761270582340988 0.5069744536749735
vn 0.3749715893209058 -0.7761270582340988 0.5069744536749735
f 3275/3275/3275 3276/3276/3276 3277/3277/3277
f 3278/3278/3278 3279/3279/3279 3280/3280/3280
f 3281/3281/3281 3282/3282/3282 3283/3283/3283
f 3284/3284/3284 3285/3285/3285 3282/3282/3282
f 3286/3286/3286 3278/3278/3278 3287/3287/3287
f 3286/3286/3286 3288/3288/3288 3279/3279/3279
f 3289/3289/3289 3283/3283/3283 3288/3288/3288
f 3290/3290/3290 3284/3284/3284 3281/3281/3281
f 3291/3291/3291 3292/3292/3292 3284/3284/3284
f 3293/3293/3293 3294/3294/3294 3295/3295/3295
f 3296/3296/3296 3289/3289/3289 3286/3286/3286
f 3297/3297/3297 3281/3281/3281 3289/3289/3289
f 3298/3298/3298 3291/3291/3291 3290/3290/3290
f 3299/3299/3299 3300/3300/3300 3291/3291/3291
f 3301/3301/3301 3297/3297/3297 3296/3296/3296
f 3302/3302/3302 3290/3290/3290 3297/3297/3297
f 3303/3303/3303 3299/3299/3299 3298/3298/3298
f 3304/3304/3304 3305/3305/3305 3299/3299/3299
f 3306/3306/3306 3293/3293/3293 3307/3307/3307
f 3294/3294/3294 3308/3308/3308 3295/3295/3295
f 3309/3309/3309 3310/3310/3310 3311/3311/3311
f 3309/3309/3309 3302/3302/3302 3301/3301/3301
f 3312/3312/3312 3298/3298/3298 3302/3302/3302
f 3313/3313/3313 3304/3304/3304 3303/3303/3303
f 3314/3314/3314 3315/3315/3315 3304/3304/3304
f 3311/3311/3311 3316/3316/3316 3309/3309/3309
f 3316/3316/3316 3312/3312/3312 3309/3309/3309
f 3317/3317/3317 3303/3303/3303 3312/3312/3312
f 3318/3318/3318 3314/3314/3314 3313/3313/3313
f 3319/3319/3319 3314/3314/3314 3320/3320/3320
f 3321/3321/3321 3294/3294/3294 3306/3306/3306
f 3322/3322/3322 3316/3316/3316 3311/3311/3311
f 3323/3323/3323 3317/3317/3317 3316/3316/3316
f 3324/3324/3324 3313/3313/3313 3317/3317/3317
f 3325/3325/3325 3320/3320/3320 3318/3318/3318
f 3326/3326/3326 3319/3319/3319 3320/3320/3320
f 3322/3322/3322 3327/3327/3327 3323/3323/3323
f 3327/3327/3327 3324/3324/3324 3323/3323/3323
f 3328/3328/3328 3318/3318/3318 3324/3324/3324
f 3329/3329/3329 3326/3326/3326 3325/3325/3325
f 3330/3330/3330 3331/3331/3331 3326/3326/3326
f 3332/3332/3332 3333/3333/3333 3334/3334/3334
f 3335/3335/3335 3306/3306/3306 3336/3336/3336
f 3337/3337/3337 3322/3322/3322 3338/3338/3338
f 3337/3337/3337 3328/3328/3328 3327/3327/3327
f 3339/3339/3339 3325/3325/3325 3328/3328/3328
f 3340/3340/3340 3330/3330/3330 3329/3329/3329
f 3341/3341/3341 3342/3342/3342 3330/3330/3330
f 3338/3338/3338 3343/3343/3343 3337/3337/3337
f 3343/3343/3343 3339/3339/3339 3337/3337/3337
f 3344/3344/3344 3329/3329/3329 3339/3339/3339
f 3345/3345/3345 3340/3340/3340 3346/3346/3346
f 3345/3345/3345 3347/3347/3347 3341/3341/3341
f 3348/3348/3348 3349/3349/3349 3350/3350/3350
f 3351/3351/3351 3336/3336/3336 3352/3352/3352
f 3353/3353/3353 3338/3338/3338 3354/3354/3354
f 3355/3355/3355 3343/3343/3343 3353/3353/3353
f 3346/3346/3346 3344/3344/3344 3355/3355/3355
f 3356/3356/3356 3346/3346/3346 3357/3357/3357
f 3356/3356/3356 3358/3358/3358 3345/3345/3345
f 3354/3354/3354 3359/3359/3359 3353/3353/3353
f 3360/3360/3360 3353/3353/3353 3359/3359/3359
f 3357/3357/3357 3355/3355/3355 3360/3360/3360
f 3361/3361/3361 3356/3356/3356 3357/3357/3357
f 3362/3362/3362 3363/3363/3363 3356/3356/3356
f 3364/3364/3364 3352/3352/3352 3365/3365/3365
f 3366/3366/3366 3359/3359/3359 3354/3354/3354
f 3367/3367/3367 3360/3360/3360 3359/3359/3359
f 3361/3361/3361 3360/3360/3360 3368/3368/3368
f 3369/3369/3369 3362/3362/3362 3361/3361/3361
f 3370/3370/3370 3371/3371/3371 3362/3362/3362
f 3365/3365/3365 3372/3372/3372 3364/3364/3364
f 3373/3373/3373 3366/3366/3366 3374/3374/3374
f 3373/3373/3373 3368/3368/3368 3367/3367/3367
f 3375/3375/3375 3361/3361/3361 3368/3368/3368
f 3376/3376/3376 3369/3369/3369 3377/3377/3377
f 3378/3378/3378 3370/3370/3370 3376/3376/3376
f 3379/3379/3379 3380/3380/3380 3295/3295/3295
f 3381/3381/3381 3382/3382/3382 3383/3383/3383
f 3381/3381/3381 3375/3375/3375 3373/3373/3373
f 3384/3384/3384 3369/3369/3369 3375/3375/3375
f 3385/3385/3385 3376/3376/3376 3377/3377/3377
f 3386/3386/3386 3376/3376/3376 3387/3387/3387
f 3374/3374/3374 3381/3381/3381 3373/3373/3373
f 3383/3383/3383 3384/3384/3384 3381/3381/3381
f 3388/3388/3388 3377/3377/3377 3384/3384/3384
f 3389/3389/3389 3387/3387/3387 3385/3385/3385
f 3390/3390/3390 3387/3387/3387 3391/3391/3391
f 3348/3348/3348 3388/3388/3388 3383/3383/3383
f 3392/3392/3392 3385/3385/3385 3388/3388/3388
f 3393/3393/3393 3391/3391/3391 3389/3389/3389
f 3394/3394/3394 3391/3391/3391 3395/3395/3395
f 3396/3396/3396 3397/3397/3397 3398/3398/3398
f 3350/3350/3350 3392/3392/3392 3348/3348/3348
f 3399/3399/3399 3389/3389/3389 3392/3392/3392
f 3400/3400/3400 3395/3395/3395 3393/3393/3393
f 3401/3401/3401 3395/3395/3395 3402/3402/3402
f 3349/3349/3349 3403/3403/3403 3350/3350/3350
f 3403/3403/3403 3399/3399/3399 3350/3350/3350
f 3404/3404/3404 3393/3393/3393 3399/3399/3399
f 3405/3405/3405 3402/3402/3402 3400/3400/3400
f 3406/3406/3406 3401/3401/3401 3402/3402/3402
f 3407/3407/3407 3403/3403/3403 3349/3349/3349
f 3408/3408/3408 3404/3404/3404 3403/3403/3403
f 3409/3409/3409 3400/3400/3400 3404/3404/3404
f 3410/3410/3410 3406/3406/3406 3405/3405/3405
f 3411/3411/3411 3412/3412/3412 3406/3406/3406
f 3413/3413/3413 3414/3414/3414 3333/3333/3333
f 3415/3415/3415 3408/3408/3408 3407/3407/3407
f 3416/3416/3416 3409/3409/3409 3408/3408/3408
f 3417/3417/3417 3405/3405/3405 3409/3409/3409
f 3418/3418/3418 3411/3411/3411 3410/3410/3410
f 3419/3419/3419 3420/3420/3420 3411/3411/3411
f 3421/3421/3421 3417/3417/3417 3416/3416/3416
f 3422/3422/3422 3410/3410/3410 3417/3417/3417
f 3365/3365/3365 3334/3334/3334 3398/3398/3398
f 3423/3423/3423 3419/3419/3419 3418/3418/3418
f 3424/3424/3424 3425/3425/3425 3419/3419/3419
f 3379/3379/3379 3295/3295/3295 3308/3308/3308
f 3426/3426/3426 3422/3422/3422 3421/3421/3421
f 3427/3427/3427 3418/3418/3418 3422/3422/3422
f 3428/3428/3428 3424/3424/3424 3423/3423/3423
f 3429/3429/3429 3430/3430/3430 3424/3424/3424
f 3431/3431/3431 3416/3416/3416 3415/3415/3415
f 3432/3432/3432 3427/3427/3427 3426/3426/3426
f 3433/3433/3433 3423/3423/3423 3427/3427/3427
f 3434/3434/3434 3429/3429/3429 3428/3428/3428
f 3435/3435/3435 3436/3436/3436 3429/3429/3429
f 3437/3437/3437 3432/3432/3432 3438/3438/3438
f 3439/3439/3439 3433/3433/3433 3432/3432/3432
f 3440/3440/3440 3428/3428/3428 3433/3433/3433
f 3441/3441/3441 3435/3435/3435 3434/3434/3434
f 3442/3442/3442 3443/3443/3443 3435/3435/3435
f 3444/3444/3444 3439/3439/3439 3437/3437/3437
f 3445/3445/3445 3440/3440/3440 3439/3439/3439
f 3446/3446/3446 3434/3434/3434 3440/3440/3440
f 3447/3447/3447 3442/3442/3442 3441/3441/3441
f 3448/3448/3448 3449/3449/3449 3442/3442/3442
f 3450/3450/3450 3446/3446/3446 3445/3445/3445
f 3451/3451/3451 3441/3441/3441 3446/3446/3446
f 3452/3452/3452 3448/3448/3448 3447/3447/3447
f 3453/3453/3453 3454/3454/3454 3448/3448/3448
f 3455/3455/3455 3451/3451/3451 3450/3450/3450
f 3456/3456/3456 3447/3447/3447 3451/3451/3451
f 3457/3457/3457 3453/3453/3453 3452/3452/3452
f 3458/3458/3458 3459/3459/3459 3453/3453/3453
f 3460/3460/3460 3456/3456/3456 3455/3455/3455
f 3461/3461/3461 3452/3452/3452 3456/3456/3456
f 3462/3462/3462 3458/3458/3458 3457/3457/3457
f 3463/3463/3463 3464/3464/3464 3458/3458/3458
f 3465/3465/3465 3461/3461/3461 3460/3460/3460
f 3466/3466/3466 3457/3457/3457 3461/3461/3461
f 3467/3467/3467 3463/3463/3463 3462/3462/3462
f 3468/3468/3468 3469/3469/3469 3463/3463/3463
f 3470/3470/3470 3466/3466/3466 3465/3465/3465
f 3467/3467/3467 3466/3466/3466 3471/3471/3471
f 3472/3472/3472 3468/3468/3468 3467/3467/3467
f 3473/3473/3473 3474/3474/3474 3468/3468/3468
f 3475/3475/3475 3471/3471/3471 3470/3470/3470
f 3472/3472/3472 3471/3471/3471 3476/3476/3476
f 3477/3477/3477 3472/3472/3472 3478/3478/3478
f 3477/3477/3477 3479/3479/3479 3473/3473/3473
f 3480/3480/3480 3475/3475/3475 3481/3481/3481
f 3478/3478/3478 3476/3476/3476 3480/3480/3480
f 3482/3482/3482 3478/3478/3478 3483/3483/3483
f 3482/3482/3482 3484/3484/3484 3477/3477/3477
f 3485/3485/3485 3481/3481/3481 3486/3486/3486
f 3483/3483/3483 3480/3480/3480 3485/3485/3485
f 3487/3487/3487 3482/3482/3482 3483/3483/3483
f 3488/3488/3488 3489/3489/3489 3482/3482/3482
f 3490/3490/3490 3485/3485/3485 3486/3486/3486
f 3487/3487/3487 3485/3485/3485 3491/3491/3491
f 3492/3492/3492 3488/3488/3488 3487/3487/3487
f 3493/3493/3493 3494/3494/3494 3488/3488/3488
f 3495/3495/3495 3496/3496/3496 3494/3494/3494
f 3497/3497/3497 3491/3491/3491 3490/3490/3490
f 3498/3498/3498 3487/3487/3487 3491/3491/3491
f 3499/3499/3499 3493/3493/3493 3492/3492/3492
f 3500/3500/3500 3495/3495/3495 3493/3493/3493
f 3501/3501/3501 3502/3502/3502 3495/3495/3495
f 3503/3503/3503 3498/3498/3498 3497/3497/3497
f 3504/3504/3504 3492/3492/3492 3498/3498/3498
f 3505/3505/3505 3500/3500/3500 3499/3499/3499
f 3506/3506/3506 3501/3501/3501 3500/3500/3500
f 3507/3507/3507 3508/3508/3508 3501/3501/3501
f 3509/3509/3509 3504/3504/3504 3503/3503/3503
f 3510/3510/3510 3499/3499/3499 3504/3504/3504
f 3511/3511/3511 3506/3506/3506 3505/3505/3505
f 3512/3512/3512 3507/3507/3507 3506/3506/3506
f 3513/3513/3513 3514/3514/3514 3507/3507/3507
f 3515/3515/3515 3510/3510/3510 3509/3509/3509
f 3516/3516/3516 3505/3505/3505 3510/3510/3510
f 3517/3517/3517 3512/3512/3512 3511/3511/3511
f 3518/3518/3518 3513/3513/3513 3512/3512/3512
f 3519/3519/3519 3520/3520/3520 3513/3513/3513
f 3521/3521/3521 3516/3516/3516 3515/3515/3515
f 3522/3522/3522 3511/3511/3511 3516/3516/3516
f 3523/3523/3523 3518/3518/3518 3517/3517/3517
f 3524/3524/3524 3519/3519/3519 3518/3518/3518
f 3525/3525/3525 3526/3526/3526 3519/3519/3519
f 3527/3527/3527 3522/3522/3522 3521/3521/3521
f 3528/3528/3528 3517/3517/3517 3522/3522/3522
f 3529/3529/3529 3524/3524/3524 3523/3523/3523
f 3530/3530/3530 3525/3525/3525 3524/3524/3524
f 3531/3531/3531 3532/3532/3532 3525/3525/3525
f 3533/3533/3533 3528/3528/3528 3527/3527/3527
f 3534/3534/3534 3523/3523/3523 3528/3528/3528
f 3535/3535/3535 3530/3530/3530 3529/3529/3529
f 3536/3536/3536 3531/3531/3531 3530/3530/3530
f 3537/3537/3537 3538/3538/3538 3531/3531/3531
f 3539/3539/3539 3534/3534/3534 3533/3533/3533
f 3540/3540/3540 3529/3529/3529 3534/3534/3534
f 3541/3541/3541 3536/3536/3536 3535/3535/3535
f 3542/3542/3542 3537/3537/3537 3536/3536/3536
f 3543/3543/3543 3544/3544/3544 3537/3537/3537
f 3545/3545/3545 3540/3540/3540 3539/3539/3539
f 3546/3546/3546 3535/3535/3535 3540/3540/3540
f 3547/3547/3547 3542/3542/3542 3541/3541/3541
f 3548/3548/3548 3543/3543/3543 3542/3542/3542
f 3549/3549/3549 3550/3550/3550 3543/3543/3543
f 3551/3551/3551 3546/3546/3546 3545/3545/3545
f 3552/3552/3552 3541/3541/3541 3546/3546/3546
f 3553/3553/3553 3548/3548/3548 3547/3547/3547
f 3554/3554/3554 3549/3549/3549 3548/3548/3548
f 3555/3555/3555 3556/3556/3556 3549/3549/3549
f 3557/3557/3557 3551/3551/3551 3558/3558/3558
f 3557/3557/3557 3547/3547/3547 3552/3552/3552
f 3559/3559/3559 3554/3554/3554 3553/3553/3553
f 3560/3560/3560 3555/3555/3555 3554/3554/3554
f 3561/3561/3561 3562/3562/3562 3555/3555/3555
f 3563/3563/3563 3558/3558/3558 3564/3564/3564
f 3563/3563/3563 3553/3553/3553 3557/3557/3557
f 3565/3565/3565 3560/3560/3560 3559/3559/3559
f 3566/3566/3566 3561/3561/3561 3560/3560/3560
f 3567/3567/3567 3568/3568/3568 3561/3561/3561
f 3569/3569/3569 3564/3564/3564 3570/3570/3570
f 3569/3569/3569 3559/3559/3559 3563/3563/3563
f 3571/3571/3571 3566/3566/3566 3565/3565/3565
f 3572/3572/3572 3567/3567/3567 3566/3566/3566
f 3573/3573/3573 3574/3574/3574 3567/3567/3567
f 3575/3575/3575 3569/3569/3569 3570/3570/3570
f 3576/3576/3576 3565/3565/3565 3569/3569/3569
f 3577/3577/3577 3578/3578/3578 3573/3573/3573
f 3579/3579/3579 3572/3572/3572 3571/3571/3571
f 3580/3580/3580 3576/3576/3576 3575/3575/3575
f 3581/3581/3581 3571/3571/3571 3576/3576/3576
f 3582/3582/3582 3583/3583/3583 3578/3578/3578
f 3584/3584/3584 3585/3585/3585 3586/3586/3586
f 3585/3585/3585 3587/3587/3587 3579/3579/3579
f 3588/3588/3588 3577/3577/3577 3587/3587/3587
f 3589/3589/3589 3581/3581/3581 3580/3580/3580
f 3586/3586/3586 3579/3579/3579 3581/3581/3581
f 3590/3590/3590 3585/3585/3585 3591/3591/3591
f 3592/3592/3592 3588/3588/3588 3590/3590/3590
f 3593/3593/3593 3584/3584/3584 3594/3594/3594
f 3595/3595/3595 3586/3586/3586 3589/3589/3589
f 3593/3593/3593 3590/3590/3590 3591/3591/3591
f 3596/3596/3596 3592/3592/3592 3590/3590/3590
f 3597/3597/3597 3598/3598/3598 3599/3599/3599
f 3600/3600/3600 3601/3601/3601 3592/3592/3592
f 3594/3594/3594 3595/3595/3595 3602/3602/3602
f 3603/3603/3603 3594/3594/3594 3602/3602/3602
f 3604/3604/3604 3593/3593/3593 3594/3594/3594
f 3605/3605/3605 3604/3604/3604 3603/3603/3603
f 3606/3606/3606 3607/3607/3607 3604/3604/3604
f 3608/3608/3608 3606/3606/3606 3605/3605/3605
f 3609/3609/3609 3610/3610/3610 3606/3606/3606
f 3611/3611/3611 3612/3612/3612 3613/3613/3613
f 3614/3614/3614 3609/3609/3609 3608/3608/3608
f 3615/3615/3615 3616/3616/3616 3609/3609/3609
f 3617/3617/3617 3618/3618/3618 3619/3619/3619
f 3620/3620/3620 3615/3615/3615 3614/3614/3614
f 3621/3621/3621 3622/3622/3622 3615/3615/3615
f 3623/3623/3623 3618/3618/3618 3617/3617/3617
f 3624/3624/3624 3621/3621/3621 3620/3620/3620
f 3625/3625/3625 3626/3626/3626 3621/3621/3621
f 3627/3627/3627 3628/3628/3628 3623/3623/3623
f 3629/3629/3629 3625/3625/3625 3624/3624/3624
f 3630/3630/3630 3631/3631/3631 3625/3625/3625
f 3632/3632/3632 3630/3630/3630 3629/3629/3629
f 3633/3633/3633 3634/3634/3634 3630/3630/3630
f 3635/3635/3635 3633/3633/3633 3632/3632/3632
f 3636/3636/3636 3633/3633/3633 3637/3637/3637
f 3638/3638/3638 3637/3637/3637 3635/3635/3635
f 3639/3639/3639 3637/3637/3637 3640/3640/3640
f 3618/3618/3618 3641/3641/3641 3619/3619/3619
f 3642/3642/3642 3640/3640/3640 3638/3638/3638
f 3643/3643/3643 3640/3640/3640 3597/3597/3597
f 3644/3644/3644 3645/3645/3645 3646/3646/3646
f 3646/3646/3646 3647/3647/3647 3600/3600/3600
f 3382/3382/3382 3348/3348/3348 3383/3383/3383
f 3438/3438/3438 3432/3432/3432 3426/3426/3426
f 3336/3336/3336 3307/3307/3307 3648/3648/3648
f 3333/3333/3333 3649/3649/3649 3396/3396/3396
f 3398/3398/3398 3372/3372/3372 3365/3365/3365
f 3293/3293/3293 3380/3380/3380 3650/3650/3650
f 3648/3648/3648 3332/3332/3332 3334/3334/3334
f 3293/3293/3293 3650/3650/3650 3651/3651/3651
f 3293/3293/3293 3332/3332/3332 3307/3307/3307
f 3652/3652/3652 3653/3653/3653 3654/3654/3654
f 3654/3654/3654 3277/3277/3277 3652/3652/3652
f 3334/3334/3334 3396/3396/3396 3398/3398/3398
f 3648/3648/3648 3352/3352/3352 3336/3336/3336
f 3655/3655/3655 3656/3656/3656 3657/3657/3657
f 3292/3292/3292 3658/3658/3658 3285/3285/3285
f 3300/3300/3300 3656/3656/3656 3292/3292/3292
f 3657/3657/3657 3659/3659/3659 3660/3660/3660
f 3305/3305/3305 3656/3656/3656 3300/3300/3300
f 3315/3315/3315 3659/3659/3659 3305/3305/3305
f 3660/3660/3660 3661/3661/3661 3662/3662/3662
f 3663/3663/3663 3659/3659/3659 3315/3315/3315
f 3319/3319/3319 3661/3661/3661 3663/3663/3663
f 3662/3662/3662 3664/3664/3664 3665/3665/3665
f 3331/3331/3331 3661/3661/3661 3319/3319/3319
f 3342/3342/3342 3664/3664/3664 3331/3331/3331
f 3665/3665/3665 3666/3666/3666 3667/3667/3667
f 3347/3347/3347 3664/3664/3664 3342/3342/3342
f 3358/3358/3358 3666/3666/3666 3347/3347/3347
f 3667/3667/3667 3668/3668/3668 3669/3669/3669
f 3363/3363/3363 3666/3666/3666 3358/3358/3358
f 3371/3371/3371 3668/3668/3668 3363/3363/3363
f 3670/3670/3670 3669/3669/3669 3668/3668/3668
f 3671/3671/3671 3668/3668/3668 3371/3371/3371
f 3378/3378/3378 3670/3670/3670 3671/3671/3671
f 3672/3672/3672 3673/3673/3673 3670/3670/3670
f 3386/3386/3386 3670/3670/3670 3378/3378/3378
f 3390/3390/3390 3672/3672/3672 3386/3386/3386
f 3674/3674/3674 3675/3675/3675 3672/3672/3672
f 3394/3394/3394 3672/3672/3672 3390/3390/3390
f 3401/3401/3401 3674/3674/3674 3394/3394/3394
f 3676/3676/3676 3677/3677/3677 3674/3674/3674
f 3412/3412/3412 3674/3674/3674 3401/3401/3401
f 3420/3420/3420 3676/3676/3676 3412/3412/3412
f 3678/3678/3678 3679/3679/3679 3676/3676/3676
f 3678/3678/3678 3420/3420/3420 3425/3425/3425
f 3680/3680/3680 3681/3681/3681 3678/3678/3678
f 3430/3430/3430 3678/3678/3678 3425/3425/3425
f 3682/3682/3682 3683/3683/3683 3680/3680/3680
f 3436/3436/3436 3680/3680/3680 3430/3430/3430
f 3684/3684/3684 3685/3685/3685 3682/3682/3682
f 3443/3443/3443 3682/3682/3682 3436/3436/3436
f 3686/3686/3686 3687/3687/3687 3684/3684/3684
f 3449/3449/3449 3684/3684/3684 3443/3443/3443
f 3688/3688/3688 3689/3689/3689 3686/3686/3686
f 3454/3454/3454 3686/3686/3686 3449/3449/3449
f 3690/3690/3690 3691/3691/3691 3692/3692/3692
f 3459/3459/3459 3688/3688/3688 3454/3454/3454
f 3693/3693/3693 3691/3691/3691 3694/3694/3694
f 3694/3694/3694 3459/3459/3459 3464/3464/3464
f 3695/3695/3695 3694/3694/3694 3696/3696/3696
f 3696/3696/3696 3464/3464/3464 3469/3469/3469
f 3697/3697/3697 3696/3696/3696 3698/3698/3698
f 3698/3698/3698 3469/3469/3469 3474/3474/3474
f 3699/3699/3699 3698/3698/3698 3700/3700/3700
f 3479/3479/3479 3698/3698/3698 3474/3474/3474
f 3701/3701/3701 3700/3700/3700 3702/3702/3702
f 3484/3484/3484 3700/3700/3700 3479/3479/3479
f 3703/3703/3703 3701/3701/3701 3702/3702/3702
f 3489/3489/3489 3702/3702/3702 3484/3484/3484
f 3704/3704/3704 3496/3496/3496 3705/3705/3705
f 3494/3494/3494 3703/3703/3703 3489/3489/3489
f 3502/3502/3502 3705/3705/3705 3496/3496/3496
f 3508/3508/3508 3706/3706/3706 3502/3502/3502
f 3514/3514/3514 3707/3707/3707 3508/3508/3508
f 3520/3520/3520 3708/3708/3708 3514/3514/3514
f 3526/3526/3526 3709/3709/3709 3520/3520/3520
f 3532/3532/3532 3710/3710/3710 3526/3526/3526
f 3538/3538/3538 3711/3711/3711 3532/3532/3532
f 3544/3544/3544 3712/3712/3712 3538/3538/3538
f 3550/3550/3550 3713/3713/3713 3544/3544/3544
f 3556/3556/3556 3714/3714/3714 3550/3550/3550
f 3562/3562/3562 3715/3715/3715 3556/3556/3556
f 3568/3568/3568 3716/3716/3716 3562/3562/3562
f 3574/3574/3574 3717/3717/3717 3568/3568/3568
f 3578/3578/3578 3718/3718/3718 3574/3574/3574
f 3719/3719/3719 3720/3720/3720 3721/3721/3721
f 3719/3719/3719 3612/3612/3612 3611/3611/3611
f 3722/3722/3722 3721/3721/3721 3720/3720/3720
f 3723/3723/3723 3724/3724/3724 3725/3725/3725
f 3599/3599/3599 3643/3643/3643 3597/3597/3597
f 3722/3722/3722 3725/3725/3725 3724/3724/3724
f 3601/3601/3601 3726/3726/3726 3583/3583/3583
f 3612/3612/3612 3627/3627/3627 3613/3613/3613
f 3592/3592/3592 3582/3582/3582 3577/3577/3577
f 3727/3727/3727 3600/3600/3600 3596/3596/3596
f 3728/3728/3728 3729/3729/3729 3730/3730/3730
f 3731/3731/3731 3729/3729/3729 3732/3732/3732
f 3587/3587/3587 3573/3573/3573 3572/3572/3572
f 3641/3641/3641 3733/3733/3733 3734/3734/3734
f 3735/3735/3735 3641/3641/3641 3734/3734/3734
f 3647/3647/3647 3735/3735/3735 3726/3726/3726
f 3607/3607/3607 3596/3596/3596 3593/3593/3593
f 3736/3736/3736 3646/3646/3646 3727/3727/3727
f 3610/3610/3610 3727/3727/3727 3607/3607/3607
f 3737/3737/3737 3644/3644/3644 3736/3736/3736
f 3616/3616/3616 3736/3736/3736 3610/3610/3610
f 3738/3738/3738 3619/3619/3619 3737/3737/3737
f 3622/3622/3622 3737/3737/3737 3616/3616/3616
f 3739/3739/3739 3617/3617/3617 3738/3738/3738
f 3626/3626/3626 3738/3738/3738 3622/3622/3622
f 3740/3740/3740 3623/3623/3623 3739/3739/3739
f 3631/3631/3631 3739/3739/3739 3626/3626/3626
f 3741/3741/3741 3627/3627/3627 3740/3740/3740
f 3634/3634/3634 3740/3740/3740 3631/3631/3631
f 3742/3742/3742 3613/3613/3613 3741/3741/3741
f 3743/3743/3743 3741/3741/3741 3634/3634/3634
f 3744/3744/3744 3611/3611/3611 3742/3742/3742
f 3636/3636/3636 3742/3742/3742 3743/3743/3743
f 3745/3745/3745 3719/3719/3719 3744/3744/3744
f 3639/3639/3639 3744/3744/3744 3636/3636/3636
f 3746/3746/3746 3720/3720/3720 3745/3745/3745
f 3643/3643/3643 3745/3745/3745 3639/3639/3639
f 3643/3643/3643 3747/3747/3747 3746/3746/3746
f 3722/3722/3722 3747/3747/3747 3725/3725/3725
f 3723/3723/3723 3747/3747/3747 3748/3748/3748
f 3599/3599/3599 3748/3748/3748 3747/3747/3747
f 3749/3749/3749 3729/3729/3729 3750/3750/3750
f 3751/3751/3751 3752/3752/3752 3753/3753/3753
f 3754/3754/3754 3755/3755/3755 3756/3756/3756
f 3757/3757/3757 3758/3758/3758 3759/3759/3759
f 3760/3760/3760 3761/3761/3761 3762/3762/3762
f 3763/3763/3763 3764/3764/3764 3765/3765/3765
f 3766/3766/3766 3767/3767/3767 3768/3768/3768
f 3769/3769/3769 3762/3762/3762 3770/3770/3770
f 3771/3771/3771 3752/3752/3752 3767/3767/3767
f 3772/3772/3772 3768/3768/3768 3764/3764/3764
f 3754/3754/3754 3773/3773/3773 3774/3774/3774
f 3775/3775/3775 3776/3776/3776 3777/3777/3777
f 3774/3774/3774 3778/3778/3778 3757/3757/3757
f 3769/3769/3769 3779/3779/3779 3751/3751/3751
f 3780/3780/3780 3777/3777/3777 3761/3761/3761
f 3764/3764/3764 3781/3781/3781 3765/3765/3765
f 3768/3768/3768 3782/3782/3782 3783/3783/3783
f 3773/3773/3773 3784/3784/3784 3778/3778/3778
f 3778/3778/3778 3785/3785/3785 3758/3758/3758
f 3756/3756/3756 3786/3786/3786 3773/3773/3773
f 3765/3765/3765 3787/3787/3787 3755/3755/3755
f 3770/3770/3770 3788/3788/3788 3789/3789/3789
f 3755/3755/3755 3790/3790/3790 3756/3756/3756
f 3762/3762/3762 3791/3791/3791 3788/3788/3788
f 3761/3761/3761 3792/3792/3792 3791/3791/3791
f 3779/3779/3779 3793/3793/3793 3752/3752/3752
f 3777/3777/3777 3794/3794/3794 3792/3792/3792
f 3779/3779/3779 3789/3789/3789 3795/3795/3795
f 3768/3768/3768 3796/3796/3796 3764/3764/3764
f 3767/3767/3767 3793/3793/3793 3782/3782/3782
f 3296/3296/3296 3310/3310/3310 3301/3301/3301
f 3287/3287/3287 3296/3296/3296 3286/3286/3286
f 3797/3797/3797 3798/3798/3798 3799/3799/3799
f 3800/3800/3800 3801/3801/3801 3802/3802/3802
f 3803/3803/3803 3799/3799/3799 3804/3804/3804
f 3805/3805/3805 3806/3806/3806 3807/3807/3807
f 3807/3807/3807 3808/3808/3808 3809/3809/3809
f 3810/3810/3810 3811/3811/3811 3805/3805/3805
f 3812/3812/3812 3813/3813/3813 3814/3814/3814
f 3813/3813/3813 3815/3815/3815 3816/3816/3816
f 3817/3817/3817 3812/3812/3812 3814/3814/3814
f 3809/3809/3809 3818/3818/3818 3819/3819/3819
f 3820/3820/3820 3804/3804/3804 3821/3821/3821
f 3819/3819/3819 3822/3822/3822 3817/3817/3817
f 3823/3823/3823 3821/3821/3821 3824/3824/3824
f 3825/3825/3825 3824/3824/3824 3801/3801/3801
f 3826/3826/3826 3827/3827/3827 3828/3828/3828
f 3829/3829/3829 3830/3830/3830 3831/3831/3831
f 3832/3832/3832 3833/3833/3833 3830/3830/3830
f 3834/3834/3834 3835/3835/3835 3836/3836/3836
f 3833/3833/3833 3837/3837/3837 3830/3830/3830
f 3838/3838/3838 3836/3836/3836 3835/3835/3835
f 3839/3839/3839 3840/3840/3840 3841/3841/3841
f 3834/3834/3834 3842/3842/3842 3843/3843/3843
f 3844/3844/3844 3841/3841/3841 3840/3840/3840
f 3839/3839/3839 3843/3843/3843 3842/3842/3842
f 3845/3845/3845 3846/3846/3846 3837/3837/3837
f 3847/3847/3847 3845/3845/3845 3837/3837/3837
f 3826/3826/3826 3846/3846/3846 3848/3848/3848
f 3844/3844/3844 3828/3828/3828 3827/3827/3827
f 3838/3838/3838 3829/3829/3829 3831/3831/3831
f 3836/3836/3836 3849/3849/3849 3842/3842/3842
f 3840/3840/3840 3849/3849/3849 3828/3828/3828
f 3846/3846/3846 3849/3849/3849 3837/3837/3837
f 3830/3830/3830 3849/3849/3849 3831/3831/3831
f 3651/3651/3651 3413/3413/3413 3332/3332/3332
f 3850/3850/3850 3810/3810/3810 3798/3798/3798
f 3851/3851/3851 3852/3852/3852 3653/3653/3653
f 3853/3853/3853 3854/3854/3854 3413/3413/3413
f 3855/3855/3855 3765/3765/3765 3755/3755/3755
f 3426/3426/3426 3431/3431/3431 3438/3438/3438
f 3275/3275/3275 3856/3856/3856 3276/3276/3276
f 3281/3281/3281 3284/3284/3284 3282/3282/3282
f 3284/3284/3284 3292/3292/3292 3285/3285/3285
f 3286/3286/3286 3279/3279/3279 3278/3278/3278
f 3286/3286/3286 3289/3289/3289 3288/3288/3288
f 3289/3289/3289 3281/3281/3281 3283/3283/3283
f 3290/3290/3290 3291/3291/3291 3284/3284/3284
f 3291/3291/3291 3300/3300/3300 3292/3292/3292
f 3296/3296/3296 3297/3297/3297 3289/3289/3289
f 3297/3297/3297 3290/3290/3290 3281/3281/3281
f 3298/3298/3298 3299/3299/3299 3291/3291/3291
f 3299/3299/3299 3305/3305/3305 3300/3300/3300
f 3301/3301/3301 3302/3302/3302 3297/3297/3297
f 3302/3302/3302 3298/3298/3298 3290/3290/3290
f 3303/3303/3303 3304/3304/3304 3299/3299/3299
f 3304/3304/3304 3315/3315/3315 3305/3305/3305
f 3306/3306/3306 3294/3294/3294 3293/3293/3293
f 3294/3294/3294 3857/3857/3857 3308/3308/3308
f 3309/3309/3309 3301/3301/3301 3310/3310/3310
f 3309/3309/3309 3312/3312/3312 3302/3302/3302
f 3312/3312/3312 3303/3303/3303 3298/3298/3298
f 3313/3313/3313 3314/3314/3314 3304/3304/3304
f 3314/3314/3314 3663/3663/3663 3315/3315/3315
f 3316/3316/3316 3317/3317/3317 3312/3312/3312
f 3317/3317/3317 3313/3313/3313 3303/3303/3303
f 3318/3318/3318 3320/3320/3320 3314/3314/3314
f 3319/3319/3319 3663/3663/3663 3314/3314/3314
f 3321/3321/3321 3857/3857/3857 3294/3294/3294
f 3322/3322/3322 3323/3323/3323 3316/3316/3316
f 3323/3323/3323 3324/3324/3324 3317/3317/3317
f 3324/3324/3324 3318/3318/3318 3313/3313/3313
f 3325/3325/3325 3326/3326/3326 3320/3320/3320
f 3326/3326/3326 3331/3331/3331 3319/3319/3319
f 3327/3327/3327 3328/3328/3328 3324/3324/3324
f 3328/3328/3328 3325/3325/3325 3318/3318/3318
f 3329/3329/3329 3330/3330/3330 3326/3326/3326
f 3330/3330/3330 3342/3342/3342 3331/3331/3331
f 3332/3332/3332 3413/3413/3413 3333/3333/3333
f 3335/3335/3335 3321/3321/3321 3306/3306/3306
f 3337/3337/3337 3327/3327/3327 3322/3322/3322
f 3337/3337/3337 3339/3339/3339 3328/3328/3328
f 3339/3339/3339 3329/3329/3329 3325/3325/3325
f 3340/3340/3340 3341/3341/3341 3330/3330/3330
f 3341/3341/3341 3347/3347/3347 3342/3342/3342
f 3343/3343/3343 3344/3344/3344 3339/3339/3339
f 3344/3344/3344 3340/3340/3340 3329/3329/3329
f 3345/3345/3345 3341/3341/3341 3340/3340/3340
f 3345/3345/3345 3358/3358/3358 3347/3347/3347
f 3348/3348/3348 3382/3382/3382 3349/3349/3349
f 3351/3351/3351 3335/3335/3335 3336/3336/3336
f 3353/3353/3353 3343/3343/3343 3338/3338/3338
f 3355/3355/3355 3344/3344/3344 3343/3343/3343
f 3346/3346/3346 3340/3340/3340 3344/3344/3344
f 3356/3356/3356 3345/3345/3345 3346/3346/3346
f 3356/3356/3356 3363/3363/3363 3358/3358/3358
f 3360/3360/3360 3355/3355/3355 3353/3353/3353
f 3357/3357/3357 3346/3346/3346 3355/3355/3355
f 3361/3361/3361 3362/3362/3362 3356/3356/3356
f 3362/3362/3362 3371/3371/3371 3363/3363/3363
f 3364/3364/3364 3351/3351/3351 3352/3352/3352
f 3366/3366/3366 3367/3367/3367 3359/3359/3359
f 3367/3367/3367 3368/3368/3368 3360/3360/3360
f 3361/3361/3361 3357/3357/3357 3360/3360/3360
f 3369/3369/3369 3370/3370/3370 3362/3362/3362
f 3370/3370/3370 3671/3671/3671 3371/3371/3371
f 3373/3373/3373 3367/3367/3367 3366/3366/3366
f 3373/3373/3373 3375/3375/3375 3368/3368/3368
f 3375/3375/3375 3369/3369/3369 3361/3361/3361
f 3376/3376/3376 3370/3370/3370 3369/3369/3369
f 3378/3378/3378 3671/3671/3671 3370/3370/3370
f 3379/3379/3379 3858/3858/3858 3380/3380/3380
f 3381/3381/3381 3374/3374/3374 3382/3382/3382
f 3381/3381/3381 3384/3384/3384 3375/3375/3375
f 3384/3384/3384 3377/3377/3377 3369/3369/3369
f 3385/3385/3385 3387/3387/3387 3376/3376/3376
f 3386/3386/3386 3378/3378/3378 3376/3376/3376
f 3383/3383/3383 3388/3388/3388 3384/3384/3384
f 3388/3388/3388 3385/3385/3385 3377/3377/3377
f 3389/3389/3389 3391/3391/3391 3387/3387/3387
f 3390/3390/3390 3386/3386/3386 3387/3387/3387
f 3348/3348/3348 3392/3392/3392 3388/3388/3388
f 3392/3392/3392 3389/3389/3389 3385/3385/3385
f 3393/3393/3393 3395/3395/3395 3391/3391/3391
f 3394/3394/3394 3390/3390/3390 3391/3391/3391
f 3396/3396/3396 3649/3649/3649 3397/3397/3397
f 3350/3350/3350 3399/3399/3399 3392/3392/3392
f 3399/3399/3399 3393/3393/3393 3389/3389/3389
f 3400/3400/3400 3402/3402/3402 3395/3395/3395
f 3401/3401/3401 3394/3394/3394 3395/3395/3395
f 3403/3403/3403 3404/3404/3404 3399/3399/3399
f 3404/3404/3404 3400/3400/3400 3393/3393/3393
f 3405/3405/3405 3406/3406/3406 3402/3402/3402
f 3406/3406/3406 3412/3412/3412 3401/3401/3401
f 3407/3407/3407 3408/3408/3408 3403/3403/3403
f 3408/3408/3408 3409/3409/3409 3404/3404/3404
f 3409/3409/3409 3405/3405/3405 3400/3400/3400
f 3410/3410/3410 3411/3411/3411 3406/3406/3406
f 3411/3411/3411 3420/3420/3420 3412/3412/3412
f 3413/3413/3413 3854/3854/3854 3414/3414/3414
f 3415/3415/3415 3416/3416/3416 3408/3408/3408
f 3416/3416/3416 3417/3417/3417 3409/3409/3409
f 3417/3417/3417 3410/3410/3410 3405/3405/3405
f 3418/3418/3418 3419/3419/3419 3411/3411/3411
f 3419/3419/3419 3425/3425/3425 3420/3420/3420
f 3421/3421/3421 3422/3422/3422 3417/3417/3417
f 3422/3422/3422 3418/3418/3418 3410/3410/3410
f 3365/3365/3365 3648/3648/3648 3334/3334/3334
f 3423/3423/3423 3424/3424/3424 3419/3419/3419
f 3424/3424/3424 3430/3430/3430 3425/3425/3425
f 3426/3426/3426 3427/3427/3427 3422/3422/3422
f 3427/3427/3427 3423/3423/3423 3418/3418/3418
f 3428/3428/3428 3429/3429/3429 3424/3424/3424
f 3429/3429/3429 3436/3436/3436 3430/3430/3430
f 3431/3431/3431 3421/3421/3421 3416/3416/3416
f 3432/3432/3432 3433/3433/3433 3427/3427/3427
f 3433/3433/3433 3428/3428/3428 3423/3423/3423
f 3434/3434/3434 3435/3435/3435 3429/3429/3429
f 3435/3435/3435 3443/3443/3443 3436/3436/3436
f 3437/3437/3437 3439/3439/3439 3432/3432/3432
f 3439/3439/3439 3440/3440/3440 3433/3433/3433
f 3440/3440/3440 3434/3434/3434 3428/3428/3428
f 3441/3441/3441 3442/3442/3442 3435/3435/3435
f 3442/3442/3442 3449/3449/3449 3443/3443/3443
f 3444/3444/3444 3445/3445/3445 3439/3439/3439
f 3445/3445/3445 3446/3446/3446 3440/3440/3440
f 3446/3446/3446 3441/3441/3441 3434/3434/3434
f 3447/3447/3447 3448/3448/3448 3442/3442/3442
f 3448/3448/3448 3454/3454/3454 3449/3449/3449
f 3450/3450/3450 3451/3451/3451 3446/3446/3446
f 3451/3451/3451 3447/3447/3447 3441/3441/3441
f 3452/3452/3452 3453/3453/3453 3448/3448/3448
f 3453/3453/3453 3459/3459/3459 3454/3454/3454
f 3455/3455/3455 3456/3456/3456 3451/3451/3451
f 3456/3456/3456 3452/3452/3452 3447/3447/3447
f 3457/3457/3457 3458/3458/3458 3453/3453/3453
f 3458/3458/3458 3464/3464/3464 3459/3459/3459
f 3460/3460/3460 3461/3461/3461 3456/3456/3456
f 3461/3461/3461 3457/3457/3457 3452/3452/3452
f 3462/3462/3462 3463/3463/3463 3458/3458/3458
f 3463/3463/3463 3469/3469/3469 3464/3464/3464
f 3465/3465/3465 3466/3466/3466 3461/3461/3461
f 3466/3466/3466 3462/3462/3462 3457/3457/3457
f 3467/3467/3467 3468/3468/3468 3463/3463/3463
f 3468/3468/3468 3474/3474/3474 3469/3469/3469
f 3470/3470/3470 3471/3471/3471 3466/3466/3466
f 3467/3467/3467 3462/3462/3462 3466/3466/3466
f 3472/3472/3472 3473/3473/3473 3468/3468/3468
f 3473/3473/3473 3479/3479/3479 3474/3474/3474
f 3475/3475/3475 3476/3476/3476 3471/3471/3471
f 3472/3472/3472 3467/3467/3467 3471/3471/3471
f 3477/3477/3477 3473/3473/3473 3472/3472/3472
f 3477/3477/3477 3484/3484/3484 3479/3479/3479
f 3480/3480/3480 3476/3476/3476 3475/3475/3475
f 3478/3478/3478 3472/3472/3472 3476/3476/3476
f 3482/3482/3482 3477/3477/3477 3478/3478/3478
f 3482/3482/3482 3489/3489/3489 3484/3484/3484
f 3485/3485/3485 3480/3480/3480 3481/3481/3481
f 3483/3483/3483 3478/3478/3478 3480/3480/3480
f 3487/3487/3487 3488/3488/3488 3482/3482/3482
f 3488/3488/3488 3494/3494/3494 3489/3489/3489
f 3490/3490/3490 3491/3491/3491 3485/3485/3485
f 3487/3487/3487 3483/3483/3483 3485/3485/3485
f 3492/3492/3492 3493/3493/3493 3488/3488/3488
f 3493/3493/3493 3495/3495/3495 3494/3494/3494
f 3495/3495/3495 3502/3502/3502 3496/3496/3496
f 3497/3497/3497 3498/3498/3498 3491/3491/3491
f 3498/3498/3498 3492/3492/3492 3487/3487/3487
f 3499/3499/3499 3500/3500/3500 3493/3493/3493
f 3500/3500/3500 3501/3501/3501 3495/3495/3495
f 3501/3501/3501 3508/3508/3508 3502/3502/3502
f 3503/3503/3503 3504/3504/3504 3498/3498/3498
f 3504/3504/3504 3499/3499/3499 3492/3492/3492
f 3505/3505/3505 3506/3506/3506 3500/3500/3500
f 3506/3506/3506 3507/3507/3507 3501/3501/3501
f 3507/3507/3507 3514/3514/3514 3508/3508/3508
f 3509/3509/3509 3510/3510/3510 3504/3504/3504
f 3510/3510/3510 3505/3505/3505 3499/3499/3499
f 3511/3511/3511 3512/3512/3512 3506/3506/3506
f 3512/3512/3512 3513/3513/3513 3507/3507/3507
f 3513/3513/3513 3520/3520/3520 3514/3514/3514
f 3515/3515/3515 3516/3516/3516 3510/3510/3510
f 3516/3516/3516 3511/3511/3511 3505/3505/3505
f 3517/3517/3517 3518/3518/3518 3512/3512/3512
f 3518/3518/3518 3519/3519/3519 3513/3513/3513
f 3519/3519/3519 3526/3526/3526 3520/3520/3520
f 3521/3521/3521 3522/3522/3522 3516/3516/3516
f 3522/3522/3522 3517/3517/3517 3511/3511/3511
f 3523/3523/3523 3524/3524/3524 3518/3518/3518
f 3524/3524/3524 3525/3525/3525 3519/3519/3519
f 3525/3525/3525 3532/3532/3532 3526/3526/3526
f 3527/3527/3527 3528/3528/3528 3522/3522/3522
f 3528/3528/3528 3523/3523/3523 3517/3517/3517
f 3529/3529/3529 3530/3530/3530 3524/3524/3524
f 3530/3530/3530 3531/3531/3531 3525/3525/3525
f 3531/3531/3531 3538/3538/3538 3532/3532/3532
f 3533/3533/3533 3534/3534/3534 3528/3528/3528
f 3534/3534/3534 3529/3529/3529 3523/3523/3523
f 3535/3535/3535 3536/3536/3536 3530/3530/3530
f 3536/3536/3536 3537/3537/3537 3531/3531/3531
f 3537/3537/3537 3544/3544/3544 3538/3538/3538
f 3539/3539/3539 3540/3540/3540 3534/3534/3534
f 3540/3540/3540 3535/3535/3535 3529/3529/3529
f 3541/3541/3541 3542/3542/3542 3536/3536/3536
f 3542/3542/3542 3543/3543/3543 3537/3537/3537
f 3543/3543/3543 3550/3550/3550 3544/3544/3544
f 3545/3545/3545 3546/3546/3546 3540/3540/3540
f 3546/3546/3546 3541/3541/3541 3535/3535/3535
f 3547/3547/3547 3548/3548/3548 3542/3542/3542
f 3548/3548/3548 3549/3549/3549 3543/3543/3543
f 3549/3549/3549 3556/3556/3556 3550/3550/3550
f 3551/3551/3551 3552/3552/3552 3546/3546/3546
f 3552/3552/3552 3547/3547/3547 3541/3541/3541
f 3553/3553/3553 3554/3554/3554 3548/3548/3548
f 3554/3554/3554 3555/3555/3555 3549/3549/3549
f 3555/3555/3555 3562/3562/3562 3556/3556/3556
f 3557/3557/3557 3552/3552/3552 3551/3551/3551
f 3557/3557/3557 3553/3553/3553 3547/3547/3547
f 3559/3559/3559 3560/3560/3560 3554/3554/3554
f 3560/3560/3560 3561/3561/3561 3555/3555/3555
f 3561/3561/3561 3568/3568/3568 3562/3562/3562
f 3563/3563/3563 3557/3557/3557 3558/3558/3558
f 3563/3563/3563 3559/3559/3559 3553/3553/3553
f 3565/3565/3565 3566/3566/3566 3560/3560/3560
f 3566/3566/3566 3567/3567/3567 3561/3561/3561
f 3567/3567/3567 3574/3574/3574 3568/3568/3568
f 3569/3569/3569 3563/3563/3563 3564/3564/3564
f 3569/3569/3569 3565/3565/3565 3559/3559/3559
f 3571/3571/3571 3572/3572/3572 3566/3566/3566
f 3572/3572/3572 3573/3573/3573 3567/3567/3567
f 3573/3573/3573 3578/3578/3578 3574/3574/3574
f 3575/3575/3575 3576/3576/3576 3569/3569/3569
f 3576/3576/3576 3571/3571/3571 3565/3565/3565
f 3577/3577/3577 3582/3582/3582 3578/3578/3578
f 3579/3579/3579 3587/3587/3587 3572/3572/3572
f 3580/3580/3580 3581/3581/3581 3576/3576/3576
f 3581/3581/3581 3579/3579/3579 3571/3571/3571
f 3582/3582/3582 3601/3601/3601 3583/3583/3583
f 3584/3584/3584 3591/3591/3591 3585/3585/3585
f 3585/3585/3585 3588/3588/3588 3587/3587/3587
f 3589/3589/3589 3586/3586/3586 3581/3581/3581
f 3586/3586/3586 3585/3585/3585 3579/3579/3579
f 3590/3590/3590 3588/3588/3588 3585/3585/3585
f 3592/3592/3592 3577/3577/3577 3588/3588/3588
f 3593/3593/3593 3591/3591/3591 3584/3584/3584
f 3595/3595/3595 3584/3584/3584 3586/3586/3586
f 3593/3593/3593 3596/3596/3596 3590/3590/3590
f 3596/3596/3596 3600/3600/3600 3592/3592/3592
f 3597/3597/3597 3642/3642/3642 3598/3598/3598
f 3600/3600/3600 3647/3647/3647 3601/3601/3601
f 3594/3594/3594 3584/3584/3584 3595/3595/3595
f 3603/3603/3603 3604/3604/3604 3594/3594/3594
f 3604/3604/3604 3607/3607/3607 3593/3593/3593
f 3605/3605/3605 3606/3606/3606 3604/3604/3604
f 3606/3606/3606 3610/3610/3610 3607/3607/3607
f 3608/3608/3608 3609/3609/3609 3606/3606/3606
f 3609/3609/3609 3616/3616/3616 3610/3610/3610
f 3614/3614/3614 3615/3615/3615 3609/3609/3609
f 3615/3615/3615 3622/3622/3622 3616/3616/3616
f 3620/3620/3620 3621/3621/3621 3615/3615/3615
f 3621/3621/3621 3626/3626/3626 3622/3622/3622
f 3623/3623/3623 3628/3628/3628 3618/3618/3618
f 3624/3624/3624 3625/3625/3625 3621/3621/3621
f 3625/3625/3625 3631/3631/3631 3626/3626/3626
f 3629/3629/3629 3630/3630/3630 3625/3625/3625
f 3630/3630/3630 3634/3634/3634 3631/3631/3631
f 3632/3632/3632 3633/3633/3633 3630/3630/3630
f 3633/3633/3633 3743/3743/3743 3634/3634/3634
f 3635/3635/3635 3637/3637/3637 3633/3633/3633
f 3636/3636/3636 3743/3743/3743 3633/3633/3633
f 3638/3638/3638 3640/3640/3640 3637/3637/3637
f 3639/3639/3639 3636/3636/3636 3637/3637/3637
f 3733/3733/3733 3641/3641/3641 3618/3618/3618
f 3641/3641/3641 3644/3644/3644 3619/3619/3619
f 3642/3642/3642 3597/3597/3597 3640/3640/3640
f 3643/3643/3643 3639/3639/3639 3640/3640/3640
f 3644/3644/3644 3641/3641/3641 3645/3645/3645
f 3646/3646/3646 3645/3645/3645 3647/3647/3647
f 3336/3336/3336 3306/3306/3306 3307/3307/3307
f 3333/3333/3333 3414/3414/3414 3649/3649/3649
f 3398/3398/3398 3397/3397/3397 3372/3372/3372
f 3293/3293/3293 3295/3295/3295 3380/3380/3380
f 3648/3648/3648 3307/3307/3307 3332/3332/3332
f 3293/3293/3293 3651/3651/3651 3332/3332/3332
f 3652/3652/3652 3851/3851/3851 3653/3653/3653
f 3654/3654/3654 3275/3275/3275 3277/3277/3277
f 3334/3334/3334 3333/3333/3333 3396/3396/3396
f 3648/3648/3648 3365/3365/3365 3352/3352/3352
f 3655/3655/3655 3658/3658/3658 3656/3656/3656
f 3292/3292/3292 3656/3656/3656 3658/3658/3658
f 3657/3657/3657 3656/3656/3656 3659/3659/3659
f 3305/3305/3305 3659/3659/3659 3656/3656/3656
f 3660/3660/3660 3659/3659/3659 3661/3661/3661
f 3663/3663/3663 3661/3661/3661 3659/3659/3659
f 3662/3662/3662 3661/3661/3661 3664/3664/3664
f 3331/3331/3331 3664/3664/3664 3661/3661/3661
f 3665/3665/3665 3664/3664/3664 3666/3666/3666
f 3347/3347/3347 3666/3666/3666 3664/3664/3664
f 3667/3667/3667 3666/3666/3666 3668/3668/3668
f 3363/3363/3363 3668/3668/3668 3666/3666/3666
f 3670/3670/3670 3673/3673/3673 3669/3669/3669
f 3671/3671/3671 3670/3670/3670 3668/3668/3668
f 3672/3672/3672 3675/3675/3675 3673/3673/3673
f 3386/3386/3386 3672/3672/3672 3670/3670/3670
f 3674/3674/3674 3677/3677/3677 3675/3675/3675
f 3394/3394/3394 3674/3674/3674 3672/3672/3672
f 3676/3676/3676 3679/3679/3679 3677/3677/3677
f 3412/3412/3412 3676/3676/3676 3674/3674/3674
f 3678/3678/3678 3681/3681/3681 3679/3679/3679
f 3678/3678/3678 3676/3676/3676 3420/3420/3420
f 3680/3680/3680 3683/3683/3683 3681/3681/3681
f 3430/3430/3430 3680/3680/3680 3678/3678/3678
f 3682/3682/3682 3685/3685/3685 3683/3683/3683
f 3436/3436/3436 3682/3682/3682 3680/3680/3680
f 3684/3684/3684 3687/3687/3687 3685/3685/3685
f 3443/3443/3443 3684/3684/3684 3682/3682/3682
f 3686/3686/3686 3689/3689/3689 3687/3687/3687
f 3449/3449/3449 3686/3686/3686 3684/3684/3684
f 3688/3688/3688 3690/3690/3690 3689/3689/3689
f 3454/3454/3454 3688/3688/3688 3686/3686/3686
f 3690/3690/3690 3688/3688/3688 3691/3691/3691
f 3459/3459/3459 3691/3691/3691 3688/3688/3688
f 3693/3693/3693 3692/3692/3692 3691/3691/3691
f 3694/3694/3694 3691/3691/3691 3459/3459/3459
f 3695/3695/3695 3693/3693/3693 3694/3694/3694
f 3696/3696/3696 3694/3694/3694 3464/3464/3464
f 3697/3697/3697 3695/3695/3695 3696/3696/3696
f 3698/3698/3698 3696/3696/3696 3469/3469/3469
f 3699/3699/3699 3697/3697/3697 3698/3698/3698
f 3479/3479/3479 3700/3700/3700 3698/3698/3698
f 3701/3701/3701 3699/3699/3699 3700/3700/3700
f 3484/3484/3484 3702/3702/3702 3700/3700/3700
f 3703/3703/3703 3704/3704/3704 3701/3701/3701
f 3489/3489/3489 3703/3703/3703 3702/3702/3702
f 3704/3704/3704 3703/3703/3703 3496/3496/3496
f 3494/3494/3494 3496/3496/3496 3703/3703/3703
f 3502/3502/3502 3706/3706/3706 3705/3705/3705
f 3508/3508/3508 3707/3707/3707 3706/3706/3706
f 3514/3514/3514 3708/3708/3708 3707/3707/3707
f 3520/3520/3520 3709/3709/3709 3708/3708/3708
f 3526/3526/3526 3710/3710/3710 3709/3709/3709
f 3532/3532/3532 3711/3711/3711 3710/3710/3710
f 3538/3538/3538 3712/3712/3712 3711/3711/3711
f 3544/3544/3544 3713/3713/3713 3712/3712/3712
f 3550/3550/3550 3714/3714/3714 3713/3713/3713
f 3556/3556/3556 3715/3715/3715 3714/3714/3714
f 3562/3562/3562 3716/3716/3716 3715/3715/3715
f 3568/3568/3568 3717/3717/3717 3716/3716/3716
f 3574/3574/3574 3718/3718/3718 3717/3717/3717
f 3578/3578/3578 3583/3583/3583 3718/3718/3718
f 3719/3719/3719 3721/3721/3721 3612/3612/3612
f 3722/3722/3722 3724/3724/3724 3721/3721/3721
f 3723/3723/3723 3859/3859/3859 3724/3724/3724
f 3601/3601/3601 3647/3647/3647 3726/3726/3726
f 3612/3612/3612 3628/3628/3628 3627/3627/3627
f 3592/3592/3592 3601/3601/3601 3582/3582/3582
f 3727/3727/3727 3646/3646/3646 3600/3600/3600
f 3728/3728/3728 3732/3732/3732 3729/3729/3729
f 3731/3731/3731 3750/3750/3750 3729/3729/3729
f 3587/3587/3587 3577/3577/3577 3573/3573/3573
f 3735/3735/3735 3645/3645/3645 3641/3641/3641
f 3647/3647/3647 3645/3645/3645 3735/3735/3735
f 3607/3607/3607 3727/3727/3727 3596/3596/3596
f 3736/3736/3736 3644/3644/3644 3646/3646/3646
f 3610/3610/3610 3736/3736/3736 3727/3727/3727
f 3737/3737/3737 3619/3619/3619 3644/3644/3644
f 3616/3616/3616 3737/3737/3737 3736/3736/3736
f 3738/3738/3738 3617/3617/3617 3619/3619/3619
f 3622/3622/3622 3738/3738/3738 3737/3737/3737
f 3739/3739/3739 3623/3623/3623 3617/3617/3617
f 3626/3626/3626 3739/3739/3739 3738/3738/3738
f 3740/3740/3740 3627/3627/3627 3623/3623/3623
f 3631/3631/3631 3740/3740/3740 3739/3739/3739
f 3741/3741/3741 3613/3613/3613 3627/3627/3627
f 3634/3634/3634 3741/3741/3741 3740/3740/3740
f 3742/3742/3742 3611/3611/3611 3613/3613/3613
f 3743/3743/3743 3742/3742/3742 3741/3741/3741
f 3744/3744/3744 3719/3719/3719 3611/3611/3611
f 3636/3636/3636 3744/3744/3744 3742/3742/3742
f 3745/3745/3745 3720/3720/3720 3719/3719/3719
f 3639/3639/3639 3745/3745/3745 3744/3744/3744
f 3746/3746/3746 3722/3722/3722 3720/3720/3720
f 3643/3643/3643 3746/3746/3746 3745/3745/3745
f 3643/3643/3643 3599/3599/3599 3747/3747/3747
f 3722/3722/3722 3746/3746/3746 3747/3747/3747
f 3723/3723/3723 3725/3725/3725 3747/3747/3747
f 3599/3599/3599 3598/3598/3598 3748/3748/3748
f 3749/3749/3749 3730/3730/3730 3729/3729/3729
f 3751/3751/3751 3779/3779/3779 3752/3752/3752
f 3754/3754/3754 3855/3855/3855 3755/3755/3755
f 3757/3757/3757 3778/3778/3778 3758/3758/3758
f 3760/3760/3760 3780/3780/3780 3761/3761/3761
f 3763/3763/3763 3772/3772/3772 3764/3764/3764
f 3766/3766/3766 3771/3771/3771 3767/3767/3767
f 3769/3769/3769 3760/3760/3760 3762/3762/3762
f 3771/3771/3771 3753/3753/3753 3752/3752/3752
f 3772/3772/3772 3766/3766/3766 3768/3768/3768
f 3754/3754/3754 3756/3756/3756 3773/3773/3773
f 3775/3775/3775 3860/3860/3860 3776/3776/3776
f 3774/3774/3774 3773/3773/3773 3778/3778/3778
f 3769/3769/3769 3770/3770/3770 3779/3779/3779
f 3780/3780/3780 3775/3775/3775 3777/3777/3777
f 3764/3764/3764 3796/3796/3796 3781/3781/3781
f 3768/3768/3768 3767/3767/3767 3782/3782/3782
f 3773/3773/3773 3786/3786/3786 3784/3784/3784
f 3778/3778/3778 3784/3784/3784 3785/3785/3785
f 3756/3756/3756 3790/3790/3790 3786/3786/3786
f 3765/3765/3765 3781/3781/3781 3787/3787/3787
f 3770/3770/3770 3762/3762/3762 3788/3788/3788
f 3755/3755/3755 3787/3787/3787 3790/3790/3790
f 3762/3762/3762 3761/3761/3761 3791/3791/3791
f 3761/3761/3761 3777/3777/3777 3792/3792/3792
f 3779/3779/3779 3795/3795/3795 3793/3793/3793
f 3777/3777/3777 3776/3776/3776 3794/3794/3794
f 3779/3779/3779 3770/3770/3770 3789/3789/3789
f 3768/3768/3768 3783/3783/3783 3796/3796/3796
f 3767/3767/3767 3752/3752/3752 3793/3793/3793
f 3296/3296/3296 3287/3287/3287 3310/3310/3310
f 3797/3797/3797 3850/3850/3850 3798/3798/3798
f 3800/3800/3800 3825/3825/3825 3801/3801/3801
f 3803/3803/3803 3797/3797/3797 3799/3799/3799
f 3805/3805/3805 3811/3811/3811 3806/3806/3806
f 3807/3807/3807 3806/3806/3806 3808/3808/3808
f 3810/3810/3810 3861/3861/3861 3811/3811/3811
f 3812/3812/3812 3862/3862/3862 3813/3813/3813
f 3813/3813/3813 3862/3862/3862 3815/3815/3815
f 3817/3817/3817 3822/3822/3822 3812/3812/3812
f 3809/3809/3809 3808/3808/3808 3818/3818/3818
f 3820/3820/3820 3803/3803/3803 3804/3804/3804
f 3819/3819/3819 3818/3818/3818 3822/3822/3822
f 3823/3823/3823 3820/3820/3820 3821/3821/3821
f 3825/3825/3825 3823/3823/3823 3824/3824/3824
f 3829/3829/3829 3832/3832/3832 3830/3830/3830
f 3833/3833/3833 3847/3847/3847 3837/3837/3837
f 3838/3838/3838 3831/3831/3831 3836/3836/3836
f 3839/3839/3839 3842/3842/3842 3840/3840/3840
f 3834/3834/3834 3836/3836/3836 3842/3842/3842
f 3845/3845/3845 3848/3848/3848 3846/3846/3846
f 3826/3826/3826 3828/3828/3828 3846/3846/3846
f 3844/3844/3844 3840/3840/3840 3828/3828/3828
f 3836/3836/3836 3831/3831/3831 3849/3849/3849
f 3840/3840/3840 3842/3842/3842 3849/3849/3849
f 3846/3846/3846 3828/3828/3828 3849/3849/3849
f 3830/3830/3830 3837/3837/3837 3849/3849/3849
f 3651/3651/3651 3853/3853/3853 3413/3413/3413
f 3850/3850/3850 3861/3861/3861 3810/3810/3810
f 3851/3851/3851 3863/3863/3863 3852/3852/3852
f 3853/3853/3853 3864/3864/3864 3854/3854/3854
f 3855/3855/3855 3763/3763/3763 3765/3765/3765
f 3426/3426/3426 3421/3421/3421 3431/3431/3431
