mtllib animated_tuna__3d_animal_model.mtl
o Object_69
usemtl MI_FishEye
v 0.022667288273559016 0.22134826647379288 -0.14659060914406577
v 0.0214437313055158 0.22777151165452764 -0.14485298782708655
v 0.020414003869578146 0.2222642321307249 -0.14791885843602567
v 0.022121209603819025 0.2179047755656005 -0.15232777943296583
v 0.019490470450584496 0.2271837425566477 -0.14659225123177105
v 0.019087869694355053 0.23339101765873688 -0.14811252445564335
v 0.020005070716029305 0.21963104057177818 -0.15231218738042596
v 0.020077747849872374 0.21944568249389088 -0.1586915820323177
v 0.018233928272859856 0.22384208566677546 -0.15011123225054562
v 0.017689472041514387 0.23148528992407594 -0.14908752237945197
v 0.016975428678644544 0.23491380477984664 -0.15445872222113718
v 0.017733506759997297 0.22650436317978956 -0.14939310674017378
v 0.018012224033201685 0.22241693308205915 -0.15248878010246458
v 0.016086792586293974 0.23265447412235563 -0.15394828641816535
v 0.01638951980197012 0.2314598616039395 -0.16018571680163268
v 0.01676565132813934 0.22883411289575314 -0.15074528414969604
v 0.0166077896220731 0.22588069725265233 -0.15287192935577673
v 0.01590828979220338 0.2294695071656958 -0.15337847457019052
v 0.015666226990530774 0.22803901400623128 -0.15575083443206653
v 0.01563851083132972 0.23001098288354563 -0.15833158270535874
v 0.016628529653805568 0.22510890561946725 -0.15967516531819717
v 0.017689935765640374 0.2250567770928636 -0.1619429742794385
v 0.01619894825967516 0.22538520511888535 -0.15647719969132604
v 0.01716930351027912 0.22305610390128425 -0.15512565170706652
v 0.01844756085170296 0.22081210754887376 -0.1571844908822875
v -0.022667288273559016 0.22134826647379288 -0.14659060914406577
v -0.020414003869578146 0.2222642321307249 -0.14791885843602567
v -0.0214437313055158 0.22777151165452764 -0.14485298782708655
v -0.022121209603819025 0.2179047755656005 -0.15232777943296583
v -0.019490470450584496 0.2271837425566477 -0.14659225123177105
v -0.019087869694355053 0.23339099858525 -0.14811252445563758
v -0.020005070716029305 0.21963104057177818 -0.15231218738042596
v -0.020077747849872374 0.21944568249389088 -0.1586915820323177
v -0.018233928272859856 0.22384208566677546 -0.15011123225054562
v -0.017689472041514387 0.2314852708505891 -0.1490875223794462
v -0.016975428678644544 0.23491380477984664 -0.15445872222113718
v -0.017733506759997297 0.22650436317978956 -0.14939310674017378
v -0.016086792586293974 0.23265447412235563 -0.15394828641816535
v -0.01638951980197012 0.2314598616039395 -0.16018571680163268
v -0.01676565132813934 0.2288340938222663 -0.15074528414969024
v -0.0166077896220731 0.22588069725265233 -0.15287192935577673
v -0.01590828979220338 0.22946948809220896 -0.15337847457018472
v -0.015666226990530774 0.22803899493274443 -0.15575083443206075
v -0.01563851083132972 0.23001098288354563 -0.15833158270535874
v -0.016628529653805568 0.22510890561946725 -0.15967516531819717
v -0.017689935765640374 0.2250567770928636 -0.1619429742794385
v -0.01619894825967516 0.22538520511888535 -0.15647719969132604
v -0.01716930351027912 0.22305610390128425 -0.15512565170706652
v -0.018012224033201685 0.22241693308205915 -0.15248878010246458
v -0.01844756085170296 0.22081208847538691 -0.15718449088228173
v -0.01638951980197012 0.2314598616039395 -0.16018571680163268
v -0.017689935765640374 0.2250567770928636 -0.1619429742794385
v -0.01777406891195321 0.232156940074404 -0.16102311937976732
v -0.016975428678644544 0.23491380477984664 -0.15445872222113718
v -0.019185399580328166 0.22522729376753475 -0.16292607906415169
v -0.020077747849872374 0.21944568249389088 -0.1586915820323177
v -0.01841025311327904 0.23589601294813853 -0.15482473319473045
v -0.019087869694355053 0.23339099858525 -0.14811252445563758
v -0.019748386895320102 0.23203996245956926 -0.1607588561839296
v -0.021771065702191006 0.21915416310401367 -0.15940708565645906
v -0.022121209603819025 0.2179047755656005 -0.15232777943296583
v -0.02104863119761724 0.225636839801537 -0.16251605644126327
v -0.023987712323940258 0.21748758112929265 -0.15252019264198888
v -0.022667288273559016 0.22134826647379288 -0.14659060914406577
v -0.023427218867229982 0.22002330379696314 -0.15926229908103265
v -0.022153415184764214 0.23116382223146717 -0.15946931654561033
v -0.02458733980534955 0.22121704096846834 -0.1463125081291971
v -0.023139833886776096 0.22626079129332038 -0.16081199316753414
v -0.02546538057628167 0.2184810426515133 -0.15289715180044708
v -0.024945570864999933 0.22196052184914752 -0.15831792364991235
v -0.023249649481855705 0.2281660277853216 -0.14442832629848235
v -0.0214437313055158 0.22777151165452764 -0.14485298782708655
v -0.026018676176249755 0.22192644090783376 -0.14716182210360654
v -0.020699538721899557 0.23424848538116805 -0.14795638915200088
v -0.024787861746820905 0.2283477596669536 -0.14542236019456203
v -0.022442438100819917 0.23396999317897724 -0.14868455757536164
v -0.020334717772870103 0.23549402007637157 -0.15503194743415957
v -0.022598535509440243 0.233806493310585 -0.15508521917172047
v -0.024198257382253008 0.23263652709957242 -0.15022370173003935
v -0.024544662880644275 0.2296413580849163 -0.15733085395847088
v -0.02478163186948823 0.23107053517417772 -0.15495720663583334
v -0.025069655811719826 0.22698554648204847 -0.158055245111234
v -0.026324607737557404 0.22764310598533374 -0.15460941963816113
v -0.025636026286273594 0.23043435889150507 -0.15232325327562768
v -0.026036991491086958 0.22465562510474074 -0.15670294372399518
v -0.026495568160066707 0.2207774903034835 -0.15344371279876998
v -0.026874250764975294 0.22401496655397996 -0.15406462253394146
v -0.027103089680453607 0.22544200741334905 -0.1516888771271025
v -0.026595930458696238 0.2281025301660895 -0.15096904453912535
v -0.025980312243544024 0.22833002062702623 -0.14772359545193792
v -0.026917187565925982 0.22341398157467707 -0.14905361681139154
v 0.017689935765640374 0.2250567770928636 -0.1619429742794385
v 0.01638951980197012 0.2314598616039395 -0.16018571680163268
v 0.01777406891195321 0.23215695914789086 -0.16102311937977312
v 0.016975428678644544 0.23491380477984664 -0.15445872222113718
v 0.019185399580328166 0.22522729376753475 -0.16292607906415169
v 0.020077747849872374 0.21944568249389088 -0.1586915820323177
v 0.01841025311327904 0.23589601294813853 -0.15482473319473045
v 0.019087869694355053 0.23339101765873688 -0.14811252445564335
v 0.019748386895320102 0.23203996245956926 -0.1607588561839296
v 0.021771065702191006 0.21915418217750052 -0.15940708565646483
v 0.022121209603819025 0.2179047755656005 -0.15232777943296583
v 0.02104863119761724 0.22563685887502385 -0.16251605644126904
v 0.023987712323940258 0.21748758112929265 -0.15252019264198888
v 0.022667288273559016 0.22134826647379288 -0.14659060914406577
v 0.023427218867229982 0.22002332287044998 -0.15926229908103842
v 0.022153415184764214 0.23116382223146717 -0.15946931654561033
v 0.023139833886776096 0.22626081036680726 -0.1608119931675399
v 0.02546538057628167 0.2184810426515133 -0.15289715180044708
v 0.020334717772870103 0.23549402007637157 -0.15503194743415957
v 0.02458733980534955 0.22121704096846834 -0.1463125081291971
v 0.023249649481855705 0.2281660277853216 -0.14442832629848235
v 0.0214437313055158 0.22777151165452764 -0.14485298782708655
v 0.026018676176249755 0.22192644090783376 -0.14716182210360654
v 0.020699538721899557 0.23424848538116805 -0.14795638915200088
v 0.024787861746820905 0.2283477596669536 -0.14542236019456203
v 0.022442438100819917 0.23396999317897724 -0.14868455757536164
v 0.022598535509440243 0.233806493310585 -0.15508521917172047
v 0.024198257382253008 0.23263652709957242 -0.15022370173003935
v 0.024544662880644275 0.2296413580849163 -0.15733085395847088
v 0.02478163186948823 0.23107053517417772 -0.15495720663583334
v 0.025980312243544024 0.22833002062702623 -0.14772359545193792
v 0.025636026286273594 0.23043437796499194 -0.15232325327563345
v 0.026324607737557404 0.22764310598533374 -0.15460941963816113
v 0.025069655811719826 0.22698554648204847 -0.158055245111234
v 0.024945570864999933 0.22196052184914752 -0.15831792364991235
v 0.026036991491086958 0.22465562510474074 -0.15670294372399518
v 0.026495568160066707 0.2207774903034835 -0.15344371279876998
v 0.026874250764975294 0.22401496655397996 -0.15406462253394146
v 0.026917187565925982 0.2234140006481639 -0.1490536168113973
v 0.027103089680453607 0.22544200741334905 -0.1516888771271025
v 0.026595930458696238 0.2281025301660895 -0.15096904453912535
vt 0.98046875 0.92333984375
vt 0.9794921875 0.8642578125
vt 0.96240234375 0.916015625
vt 0.93896484375 0.9658203125
vt 0.9619140625 0.8720703125
vt 0.9375 0.82275390625
vt 0.931640625 0.94775390625
vt 0.8798828125 0.96630859375
vt 0.9375 0.90625
vt 0.93017578125 0.8408203125
vt 0.8779296875 0.82373046875
vt 0.93701171875 0.88232421875
vt 0.9208984375 0.92333984375
vt 0.8857421875 0.841796875
vt 0.8369140625 0.8662109375
vt 0.919921875 0.86572265625
vt 0.90869140625 0.89453125
vt 0.896484375 0.8662109375
vt 0.8798828125 0.88330078125
vt 0.85498046875 0.873046875
vt 0.85546875 0.91748046875
vt 0.837890625 0.92529296875
vt 0.88037109375 0.90673828125
vt 0.89697265625 0.92333984375
vt 0.88720703125 0.9482421875
vt 0.98046875 0.92333984375
vt 0.96240234375 0.916015625
vt 0.9794921875 0.8642578125
vt 0.93896484375 0.9658203125
vt 0.9619140625 0.8720703125
vt 0.9375 0.82275390625
vt 0.931640625 0.94775390625
vt 0.8798828125 0.96630859375
vt 0.9375 0.90625
vt 0.93017578125 0.8408203125
vt 0.8779296875 0.82373046875
vt 0.93701171875 0.88232421875
vt 0.8857421875 0.841796875
vt 0.8369140625 0.8662109375
vt 0.919921875 0.86572265625
vt 0.90869140625 0.89453125
vt 0.896484375 0.8662109375
vt 0.8798828125 0.88330078125
vt 0.85498046875 0.873046875
vt 0.85546875 0.91748046875
vt 0.837890625 0.92529296875
vt 0.88037109375 0.90673828125
vt 0.89697265625 0.92333984375
vt 0.9208984375 0.92333984375
vt 0.88720703125 0.9482421875
vt 0.302490234375 0.039581298828125
vt 0.68701171875 0.034942626953125
vt 0.320068359375 0.08056640625
vt 0.033966064453125 0.314697265625
vt 0.67041015625 0.0762939453125
vt 0.96240234375 0.303466796875
vt 0.07537841796875 0.331298828125
vt 0.03863525390625 0.69921875
vt 0.33837890625 0.123291015625
vt 0.92138671875 0.321044921875
vt 0.96728515625 0.68798828125
vt 0.6533203125 0.1195068359375
vt 0.92578125 0.67138671875
vt 0.6982421875 0.96337890625
vt 0.87890625 0.33935546875
vt 0.376708984375 0.21240234375
vt 0.6806640625 0.92236328125
vt 0.6171875 0.20947265625
vt 0.88232421875 0.654296875
vt 0.78955078125 0.377685546875
vt 0.330322265625 0.9267578125
vt 0.31396484375 0.96826171875
vt 0.66259765625 0.8798828125
vt 0.07958984375 0.681640625
vt 0.34765625 0.88330078125
vt 0.12237548828125 0.66357421875
vt 0.1185302734375 0.3486328125
vt 0.20849609375 0.384521484375
vt 0.21142578125 0.62548828125
vt 0.43359375 0.344970703125
vt 0.342529296875 0.438232421875
vt 0.5634765625 0.343505859375
vt 0.50048828125 0.50146484375
vt 0.34423828125 0.568359375
vt 0.65673828125 0.4345703125
vt 0.79248046875 0.6181640625
vt 0.65869140625 0.564453125
vt 0.5673828125 0.65771484375
vt 0.437255859375 0.6591796875
vt 0.3837890625 0.79345703125
vt 0.62451171875 0.79052734375
vt 0.68701171875 0.034942626953125
vt 0.302490234375 0.039581298828125
vt 0.320068359375 0.08056640625
vt 0.033966064453125 0.314697265625
vt 0.67041015625 0.0762939453125
vt 0.96240234375 0.303466796875
vt 0.07537841796875 0.331298828125
vt 0.03863525390625 0.69921875
vt 0.33837890625 0.123291015625
vt 0.92138671875 0.321044921875
vt 0.96728515625 0.68798828125
vt 0.6533203125 0.1195068359375
vt 0.92578125 0.67138671875
vt 0.6982421875 0.96337890625
vt 0.87890625 0.33935546875
vt 0.376708984375 0.21240234375
vt 0.6171875 0.20947265625
vt 0.88232421875 0.654296875
vt 0.1185302734375 0.3486328125
vt 0.6806640625 0.92236328125
vt 0.330322265625 0.9267578125
vt 0.31396484375 0.96826171875
vt 0.66259765625 0.8798828125
vt 0.07958984375 0.681640625
vt 0.34765625 0.88330078125
vt 0.12237548828125 0.66357421875
vt 0.20849609375 0.384521484375
vt 0.21142578125 0.62548828125
vt 0.43359375 0.344970703125
vt 0.342529296875 0.438232421875
vt 0.3837890625 0.79345703125
vt 0.34423828125 0.568359375
vt 0.50048828125 0.50146484375
vt 0.5634765625 0.343505859375
vt 0.78955078125 0.377685546875
vt 0.65673828125 0.4345703125
vt 0.79248046875 0.6181640625
vt 0.65869140625 0.564453125
vt 0.62451171875 0.79052734375
vt 0.5673828125 0.65771484375
vt 0.437255859375 0.6591796875
vn -0.30669319462926437 -0.5897829326284363 0.7470578135246949
vn -0.4660680040058575 -0.0000021231401575185548 0.8847488997661926
vn -0.6519391349377963 -0.48697608125401165 0.5812311593703868
vn -0.4250952325988664 -0.8817011891387712 0.20468770430339206
vn -0.7404207643159022 -0.11815742717325275 0.6616765933397167
vn -0.6236617935337013 0.48154720262193856 0.6157582796303369
vn -0.7141414990470418 -0.6592196476200829 0.23543868741245044
vn -0.5594230085790511 -0.7564638236827297 -0.33883385446508546
vn -0.8212739094159981 -0.37904303727902156 0.426421788377256
vn -0.8518310173842945 0.1656620613959377 0.4969305778839599
vn -0.7807544571231473 0.6230434091655095 0.047322172158078754
vn -0.8690340835897277 -0.16589229716171572 0.4661110461057227
vn -0.8478465492744119 -0.4788795907208622 0.22766327432085254
vn -0.9685035127689472 0.2047213447296935 0.14173960902399818
vn -0.8824684816486904 0.2443239595411938 -0.4019392761236059
vn -0.9285620257361724 -0.03147129633506318 0.369840670921583
vn -0.9365133032172911 -0.2518383129138353 0.24396781969299
vn -0.9749597637889822 -0.03142620787712353 0.22014961378797776
vn -0.9939408012662605 -0.10257550555160437 0.039496192715459955
vn -0.9891867918645807 0.039252276142297 -0.14131082626008262
vn -0.9331497092701423 -0.27680988345527296 -0.2293641395478531
vn -0.7253098867724657 -0.2759378156568951 -0.6307011099091349
vn -0.9588480760739967 -0.2829385832628342 0.023582305027611956
vn -0.9033790746706891 -0.4242115176388202 0.06285567396582799
vn -0.8026085408718538 -0.590190162460441 -0.08657425861346932
vn 0.29955605798032536 -0.5911894482417572 0.7488399057307873
vn 0.6473835951882785 -0.4894754249173397 0.5842159609965212
vn 0.4566388001992322 0.000002250160770318992 0.889652182680143
vn 0.41862313188808786 -0.8846355501223377 0.20536459506925073
vn 0.7404193319458312 -0.11815973655617631 0.6616777837723312
vn 0.6182601623242492 0.48524921897688406 0.6182940782225858
vn 0.7102679976268967 -0.6629202294119536 0.2367617810869847
vn 0.5506999428762432 -0.7630866724152785 -0.3382725281459905
vn 0.8212737425141835 -0.379041848390555 0.4264231666143596
vn 0.8518319692076846 0.1656588539769191 0.49693001553016697
vn 0.7765972869522589 0.6275999718807282 0.05490837088914608
vn 0.8690332929183824 -0.16589218631187727 0.4661125597107404
vn 0.9658074777615061 0.2120317672182464 0.1491926458987351
vn 0.8779701396421651 0.25089906682072427 -0.40769853098239967
vn 0.9285620279736407 -0.03147059062593024 0.3698407253550302
vn 0.9365132315918666 -0.2518386099588787 0.24396778801173433
vn 0.9729784174878936 -0.03920831164850628 0.22754275949901787
vn 0.993944943744968 -0.10255332080888951 0.03944952718196971
vn 0.9877220680628163 0.047052338197896906 -0.14896708942522888
vn 0.9331512814991938 -0.27680166469285417 -0.22936766175657175
vn 0.7201372321192401 -0.2817903127629402 -0.6340320075111382
vn 0.9564887353306765 -0.2900793630843592 0.031357013539174645
vn 0.9019282805716448 -0.42722374761471005 0.06328701430087624
vn 0.8456194137504804 -0.4820789205063992 0.2291892700186433
vn 0.8026088851035044 -0.5901891393319373 -0.08657804206342888
vn 0.8779701396421651 0.25089906682072427 -0.40769853098239967
vn 0.7201372321192401 -0.2817903127629402 -0.6340320075111382
vn 0.3917596506784836 0.5417470014288703 -0.7436629361095656
vn 0.7765972869522589 0.6275999718807282 0.05490837088914608
vn 0.14920752541099166 -0.1727172706668885 -0.9736045700252793
vn 0.5506999428762432 -0.7630866724152785 -0.3382725281459905
vn 0.2039906100399406 0.9727918472146296 -0.10983557259959852
vn 0.6182601623242492 0.48524921897688406 0.6182940782225858
vn -0.2850749139861748 0.5939336112743557 -0.7523132052638567
vn -0.03162316531380411 -0.7986563485707183 -0.6009559154407442
vn 0.41862313188808786 -0.8846355501223377 0.20536459506925073
vn -0.4408976420562624 0.000005430269146122016 -0.8975573904769212
vn -0.1964267406892089 -0.9743287057802017 0.11000049379385186
vn 0.29955605798032536 -0.5911894482417572 0.7488399057307873
vn -0.6066819117933169 -0.5042447505480077 -0.614552104745874
vn -0.6194800682495541 0.5017243289502833 -0.603752550951891
vn -0.38504343042349437 -0.5423558038296654 0.7467206564304921
vn -0.7189751356477625 0.1027169192594547 -0.6874038033195105
vn -0.7562432755780388 -0.6538631467755235 -0.02364515662473836
vn -0.836417903630604 -0.21304500646026245 -0.5049919956875877
vn -0.14188391929628788 0.15763606045485365 0.9772511580394255
vn 0.4566388001992322 0.000002250160770318992 0.889652182680143
vn -0.8581575571656443 -0.27563144513919097 0.43311997590734025
vn 0.03914373594149233 0.7908450331530593 0.6107633760088104
vn -0.7061387562795891 0.2589034990599356 0.6590425138444691
vn -0.5365957218738117 0.7654773374502948 0.3551189619222418
vn -0.3959328797700906 0.8948955064107217 -0.20591062945574434
vn -0.6790154739486254 0.6948526795205331 -0.23689183164781913
vn -0.7867959601824235 0.6058250019158585 0.11801772788131644
vn -0.7997223846550026 0.3959196487862053 -0.4513222121574825
vn -0.829219079061839 0.5133236168505919 -0.22112119596108873
vn -0.8539753560024298 0.1502374659235475 -0.49815137776924223
vn -0.9401118480595657 0.244936360707674 -0.2370567281080801
vn -0.89729112000674 0.4408062087183063 -0.023633288227484384
vn -0.9261829889299635 -0.01570340411033411 -0.37674722841197705
vn -0.9567983254499685 -0.26885133301555486 -0.11070648197777533
vn -0.9801522332166902 -0.015841370555440312 -0.19761237486367145
vn -0.9984536726667633 0.055030949259096344 0.007864995988216775
vn -0.9609571933327199 0.2756863663313141 0.0236283727992027
vn -0.9228209282242252 0.26030659404370887 0.283975371341852
vn -0.9772195586694559 -0.07883347246441605 0.19704623257772755
vn -0.7253098867724657 -0.2759378156568951 -0.6307011099091349
vn -0.8824684816486904 0.2443239595411938 -0.4019392761236059
vn -0.39570909823791617 0.5382872095967289 -0.744084128009933
vn -0.7807544571231473 0.6230434091655095 0.047322172158078754
vn -0.15683988863271034 -0.17254650625553436 -0.9724345492179346
vn -0.5594230085790511 -0.7564638236827297 -0.33883385446508546
vn -0.20571380050904836 0.973191739478222 -0.10285752520586855
vn -0.6236617935337013 0.48154720262193856 0.6157582796303369
vn 0.28207023792456304 0.5954972072270223 -0.7522097161443724
vn 0.023719691637457387 -0.7988269264194289 -0.6010931024857231
vn -0.4250952325988664 -0.8817011891387712 0.20468770430339206
vn 0.43452648262095867 6.170406067949346e-8 -0.900659056414276
vn 0.1889015005611036 -0.9757953144992049 0.11018043059981704
vn -0.30669319462926437 -0.5897829326284363 0.7470578135246949
vn 0.6016304668184015 -0.506674644981277 -0.6175124173075138
vn 0.6145558613906137 0.5042484907088283 -0.6066749977115504
vn 0.7144880180371384 0.10992379434531756 -0.6909584875505114
vn 0.7562415883976675 -0.6538652171575301 -0.023641864759545342
vn 0.39253416374230166 0.8949778200722761 -0.211970827883953
vn 0.37831541535802354 -0.5440021972968924 0.7489586476159007
vn 0.13415994658396904 0.15780289584828094 0.9783145479826431
vn -0.4660680040058575 -0.0000021231401575185548 0.8847488997661926
vn 0.8533816735124011 -0.28188663271166475 0.43849703033390386
vn -0.039595893812986914 0.7917148588722424 0.6096062232573222
vn 0.7021359539656231 0.2603675417261705 0.6627321067854305
vn 0.5309664496398128 0.7687025872358835 0.356610378051104
vn 0.6740334147699201 0.6975919232674673 -0.24299066723970433
vn 0.7837567302172522 0.6096085343362845 0.11875530600157695
vn 0.794372071842106 0.401109860274092 -0.4561621328740236
vn 0.8243984369625041 0.5181915649258028 -0.22769435472476626
vn 0.9188312541777796 0.2670293798324257 0.29059324949557713
vn 0.8939764830720194 0.44701342241210107 -0.0313854727159564
vn 0.9401288066491175 0.24491185509971683 -0.2370147888637374
vn 0.8495678232157275 0.15735345190102124 -0.5034624166025934
vn 0.8316640224977442 -0.2196854289116209 -0.5099737895292157
vn 0.9250421699841938 -0.015802895498695627 -0.37953557441271735
vn 0.956798192150998 -0.2688522529281038 -0.1107054000131186
vn 0.9801524885501186 -0.015841329850248446 -0.19761111167539444
vn 0.9772194440579216 -0.07883367616703355 0.19704671947819374
vn 0.9978983941329009 0.0628701013869782 0.01568901968157195
vn 0.9586398425623677 0.2828785502967397 0.03145438020393834
f 1/1/1 2/2/2 3/3/3
f 1/1/1 3/3/3 4/4/4
f 2/2/2 5/5/5 3/3/3
f 2/2/2 6/6/6 5/5/5
f 3/3/3 7/7/7 4/4/4
f 4/4/4 7/7/7 8/8/8
f 3/3/3 5/5/5 9/9/9
f 3/3/3 9/9/9 7/7/7
f 6/6/6 10/10/10 5/5/5
f 6/6/6 11/11/11 10/10/10
f 5/5/5 12/12/12 9/9/9
f 5/5/5 10/10/10 12/12/12
f 9/9/9 13/13/13 7/7/7
f 11/11/11 14/14/14 10/10/10
f 11/11/11 15/15/15 14/14/14
f 10/10/10 16/16/16 12/12/12
f 10/10/10 14/14/14 16/16/16
f 17/17/17 9/9/9 12/12/12
f 17/17/17 12/12/12 16/16/16
f 17/17/17 13/13/13 9/9/9
f 14/14/14 18/18/18 16/16/16
f 17/17/17 16/16/16 18/18/18
f 19/19/19 18/18/18 14/14/14
f 17/17/17 18/18/18 19/19/19
f 15/15/15 20/20/20 14/14/14
f 20/20/20 19/19/19 14/14/14
f 21/21/21 20/20/20 15/15/15
f 20/20/20 21/21/21 19/19/19
f 22/22/22 21/21/21 15/15/15
f 17/17/17 19/19/19 23/23/23
f 21/21/21 23/23/23 19/19/19
f 17/17/17 23/23/23 24/24/24
f 24/24/24 23/23/23 21/21/21
f 17/17/17 24/24/24 13/13/13
f 25/25/25 21/21/21 22/22/22
f 25/25/25 24/24/24 21/21/21
f 13/13/13 24/24/24 25/25/25
f 8/8/8 25/25/25 22/22/22
f 7/7/7 13/13/13 25/25/25
f 7/7/7 25/25/25 8/8/8
f 26/26/26 27/27/27 28/28/28
f 27/27/27 26/26/26 29/29/29
f 27/27/27 30/30/30 28/28/28
f 28/28/28 30/30/30 31/31/31
f 32/32/32 27/27/27 29/29/29
f 32/32/32 29/29/29 33/33/33
f 27/27/27 34/34/34 30/30/30
f 34/34/34 27/27/27 32/32/32
f 30/30/30 35/35/35 31/31/31
f 31/31/31 35/35/35 36/36/36
f 34/34/34 37/37/37 30/30/30
f 30/30/30 37/37/37 35/35/35
f 35/35/35 38/38/38 36/36/36
f 36/36/36 38/38/38 39/39/39
f 37/37/37 40/40/40 35/35/35
f 35/35/35 40/40/40 38/38/38
f 37/37/37 34/34/34 41/41/41
f 40/40/40 37/37/37 41/41/41
f 40/40/40 42/42/42 38/38/38
f 42/42/42 40/40/40 41/41/41
f 42/42/42 43/43/43 38/38/38
f 43/43/43 42/42/42 41/41/41
f 38/38/38 44/44/44 39/39/39
f 43/43/43 44/44/44 38/38/38
f 44/44/44 45/45/45 39/39/39
f 44/44/44 43/43/43 45/45/45
f 45/45/45 46/46/46 39/39/39
f 47/47/47 43/43/43 41/41/41
f 43/43/43 47/47/47 45/45/45
f 48/48/48 47/47/47 41/41/41
f 47/47/47 48/48/48 45/45/45
f 34/34/34 49/49/49 41/41/41
f 49/49/49 48/48/48 41/41/41
f 49/49/49 34/34/34 32/32/32
f 48/48/48 50/50/50 45/45/45
f 48/48/48 49/49/49 50/50/50
f 45/45/45 50/50/50 46/46/46
f 49/49/49 32/32/32 50/50/50
f 50/50/50 33/33/33 46/46/46
f 50/50/50 32/32/32 33/33/33
f 51/51/51 52/52/52 53/53/53
f 54/54/54 51/51/51 53/53/53
f 52/52/52 55/55/55 53/53/53
f 52/52/52 56/56/56 55/55/55
f 57/57/57 54/54/54 53/53/53
f 58/58/58 54/54/54 57/57/57
f 53/53/53 55/55/55 59/59/59
f 57/57/57 53/53/53 59/59/59
f 56/56/56 60/60/60 55/55/55
f 56/56/56 61/61/61 60/60/60
f 55/55/55 62/62/62 59/59/59
f 55/55/55 60/60/60 62/62/62
f 61/61/61 63/63/63 60/60/60
f 61/61/61 64/64/64 63/63/63
f 60/60/60 65/65/65 62/62/62
f 60/60/60 63/63/63 65/65/65
f 59/59/59 62/62/62 66/66/66
f 64/64/64 67/67/67 63/63/63
f 62/62/62 65/65/65 68/68/68
f 62/62/62 68/68/68 66/66/66
f 63/63/63 69/69/69 65/65/65
f 63/63/63 67/67/67 69/69/69
f 65/65/65 70/70/70 68/68/68
f 65/65/65 69/69/69 70/70/70
f 67/67/67 64/64/64 71/71/71
f 64/64/64 72/72/72 71/71/71
f 67/67/67 73/73/73 69/69/69
f 71/71/71 72/72/72 74/74/74
f 72/72/72 58/58/58 74/74/74
f 74/74/74 58/58/58 57/57/57
f 67/67/67 71/71/71 75/75/75
f 73/73/73 67/67/67 75/75/75
f 71/71/71 74/74/74 76/76/76
f 75/75/75 71/71/71 76/76/76
f 74/74/74 57/57/57 77/77/77
f 76/76/76 74/74/74 77/77/77
f 77/77/77 57/57/57 59/59/59
f 77/77/77 59/59/59 66/66/66
f 76/76/76 77/77/77 78/78/78
f 78/78/78 77/77/77 66/66/66
f 75/75/75 76/76/76 79/79/79
f 79/79/79 76/76/76 78/78/78
f 78/78/78 66/66/66 80/80/80
f 66/66/66 68/68/68 80/80/80
f 79/79/79 78/78/78 81/81/81
f 81/81/81 78/78/78 80/80/80
f 68/68/68 82/82/82 80/80/80
f 68/68/68 70/70/70 82/82/82
f 81/81/81 80/80/80 83/83/83
f 80/80/80 82/82/82 83/83/83
f 84/84/84 79/79/79 81/81/81
f 84/84/84 81/81/81 83/83/83
f 70/70/70 85/85/85 82/82/82
f 82/82/82 85/85/85 83/83/83
f 70/70/70 86/86/86 85/85/85
f 69/69/69 86/86/86 70/70/70
f 69/69/69 73/73/73 86/86/86
f 85/85/85 87/87/87 83/83/83
f 86/86/86 87/87/87 85/85/85
f 87/87/87 88/88/88 83/83/83
f 87/87/87 86/86/86 88/88/88
f 89/89/89 84/84/84 83/83/83
f 88/88/88 89/89/89 83/83/83
f 89/89/89 90/90/90 84/84/84
f 90/90/90 89/89/89 88/88/88
f 90/90/90 79/79/79 84/84/84
f 90/90/90 75/75/75 79/79/79
f 73/73/73 75/75/75 90/90/90
f 86/86/86 91/91/91 88/88/88
f 91/91/91 90/90/90 88/88/88
f 73/73/73 91/91/91 86/86/86
f 91/91/91 73/73/73 90/90/90
f 92/92/92 93/93/93 94/94/94
f 94/94/94 93/93/93 95/95/95
f 96/96/96 92/92/92 94/94/94
f 97/97/97 92/92/92 96/96/96
f 98/98/98 94/94/94 95/95/95
f 98/98/98 95/95/95 99/99/99
f 96/96/96 94/94/94 100/100/100
f 100/100/100 94/94/94 98/98/98
f 101/101/101 97/97/97 96/96/96
f 102/102/102 97/97/97 101/101/101
f 103/103/103 96/96/96 100/100/100
f 101/101/101 96/96/96 103/103/103
f 104/104/104 102/102/102 101/101/101
f 105/105/105 102/102/102 104/104/104
f 106/106/106 101/101/101 103/103/103
f 104/104/104 101/101/101 106/106/106
f 103/103/103 100/100/100 107/107/107
f 106/106/106 103/103/103 108/108/108
f 108/108/108 103/103/103 107/107/107
f 109/109/109 104/104/104 106/106/106
f 107/107/107 100/100/100 110/110/110
f 110/110/110 100/100/100 98/98/98
f 111/111/111 105/105/105 104/104/104
f 111/111/111 104/104/104 109/109/109
f 111/111/111 112/112/112 105/105/105
f 112/112/112 113/113/113 105/105/105
f 114/114/114 111/111/111 109/109/109
f 112/112/112 115/115/115 113/113/113
f 115/115/115 99/99/99 113/113/113
f 115/115/115 98/98/98 99/99/99
f 110/110/110 98/98/98 115/115/115
f 116/116/116 112/112/112 111/111/111
f 114/114/114 116/116/116 111/111/111
f 117/117/117 115/115/115 112/112/112
f 116/116/116 117/117/117 112/112/112
f 117/117/117 110/110/110 115/115/115
f 118/118/118 110/110/110 117/117/117
f 118/118/118 107/107/107 110/110/110
f 119/119/119 117/117/117 116/116/116
f 119/119/119 118/118/118 117/117/117
f 120/120/120 107/107/107 118/118/118
f 108/108/108 107/107/107 120/120/120
f 121/121/121 118/118/118 119/119/119
f 121/121/121 120/120/120 118/118/118
f 122/122/122 119/119/119 116/116/116
f 122/122/122 116/116/116 114/114/114
f 123/123/123 121/121/121 119/119/119
f 123/123/123 119/119/119 122/122/122
f 124/124/124 120/120/120 121/121/121
f 124/124/124 121/121/121 123/123/123
f 125/125/125 108/108/108 120/120/120
f 124/124/124 125/125/125 120/120/120
f 126/126/126 108/108/108 125/125/125
f 126/126/126 106/106/106 108/108/108
f 109/109/109 106/106/106 126/126/126
f 127/127/127 126/126/126 125/125/125
f 124/124/124 127/127/127 125/125/125
f 128/128/128 109/109/109 126/126/126
f 128/128/128 126/126/126 127/127/127
f 114/114/114 109/109/109 128/128/128
f 124/124/124 129/129/129 127/127/127
f 129/129/129 128/128/128 127/127/127
f 130/130/130 114/114/114 128/128/128
f 130/130/130 122/122/122 114/114/114
f 129/129/129 131/131/131 128/128/128
f 131/131/131 130/130/130 128/128/128
f 124/124/124 131/131/131 129/129/129
f 122/122/122 130/130/130 131/131/131
f 124/124/124 132/132/132 131/131/131
f 132/132/132 122/122/122 131/131/131
f 124/124/124 123/123/123 132/132/132
f 132/132/132 123/123/123 122/122/122
o Object_70
usemtl MI_Tuna_01
v 0.01960350946478151 0.23926373095790002 -0.12906800246783393
v 0.022884330238007067 0.23841574281262784 -0.12904525707786246
v 0.02096946907856756 0.23663403155336565 -0.12782892120775996
v -0.02096946907856756 0.23663403155336565 -0.12782892120775996
v -0.022884330238007067 0.23841574281262784 -0.12904525707786246
v -0.01960350946478151 0.23926373095790002 -0.12906800246783393
v -0.00967250981168799 0.09047309120377521 -0.0646820217318705
v -0.013772829463195135 0.08616449979236514 -0.050272387344457395
v -0.015148149390187493 0.08658277183722513 -0.05022341629366672
v -0.011231950270415458 0.09079714942863396 -0.06572787356648542
v -0.006173149805371092 0.08908575898704081 -0.0748380284060911
v -0.007541229556324414 0.08953725673440775 -0.0758176142176014
v -0.006075950129122654 0.09325462215203136 -0.07565352613633498
v -0.015148149390187493 0.08658277183722513 -0.05022341629366672
v -0.013101529782231225 0.09055058110917896 -0.051923823617347785
v -0.008509229827465936 0.09350768890425816 -0.07654935543857179
v -0.006017759903868436 0.1001963983037714 -0.07669752507916594
v -0.010843770261620644 0.09593765371312407 -0.06802203412290797
v -0.009088809883099569 0.10033060863782711 -0.07754325783216648
v -0.005968080029605027 0.10612132877052456 -0.07758863064330386
v -0.01061135983590722 0.10211154946397398 -0.07201548531505957
v -0.009506649758518115 0.11105971092757386 -0.08116097224996692
v -0.0026565798523296436 0.11099748413756191 -0.07963971860314088
v -0.009583499813448637 0.10615417307165675 -0.07839152908248746
v -0.01041298008532121 0.10738114276993971 -0.07542393808624547
v -0.010159749757653103 0.11144793333300794 -0.0790023304925684
v -0.008843290012107263 0.12257453632757784 -0.08360376488379714
v -0.010830260273137826 0.11305291253679048 -0.0707327108078994
v -0.011876129838612748 0.10296989784892983 -0.061025318606393604
v -0.010193959246710849 0.11629800755714799 -0.07494547283303206
v -0.015148149390187493 0.08658277183722513 -0.05022341629366672
v -0.013772829463195135 0.08616449979236514 -0.050272387344457395
v -0.006628149599697819 0.11671777714100924 -0.07400432036148523
v -0.0026565798523296436 0.12345448245758692 -0.08244640504139475
v -0.011121359814971088 0.09052055953819663 -0.05160254502726659
v -0.00967250981168799 0.09047309120377521 -0.0646820217318705
v -0.003411109967281445 0.11201783049553943 -0.0775210789075522
v -0.0026565798523296436 0.11099748413756191 -0.07963971860314088
v -0.005968080029605027 0.10612132877052456 -0.07758863064330386
v -0.008178759630499188 0.11345380884209338 -0.07000055129449576
v -0.006375319815233649 0.10740582407906273 -0.07470720890973598
v -0.006017759903868436 0.1001963983037714 -0.07669752507916594
v -0.009533780004074122 0.10317235353965822 -0.06048235848574833
v -0.007173989850864038 0.10205177339744562 -0.07121903847464639
v -0.006075950129122654 0.09325462215203136 -0.07565352613633498
v -0.008109699902466683 0.09577887674135618 -0.06713220346085233
v -0.006173149805371092 0.08908575898704081 -0.0748380284060911
v 0.015148149390187493 0.08658277183722513 -0.05022341629366672
v 0.013772829463195135 0.08616449979236514 -0.050272387344457395
v 0.00967250981168799 0.09047309120377521 -0.0646820217318705
v 0.011231950270415458 0.09079714942863396 -0.06572787356648542
v 0.006173149805371092 0.08908575898704081 -0.0748380284060911
v 0.007541229556324414 0.08953725673440775 -0.0758176142176014
v 0.006075950129122654 0.09325462215203136 -0.07565352613633498
v 0.015148149390187493 0.08658277183722513 -0.05022341629366672
v 0.013101529782231225 0.09055058110917896 -0.051923823617347785
v 0.008509229827465936 0.09350768890425816 -0.07654935543857179
v 0.006017759903868436 0.1001963983037714 -0.07669752507916594
v 0.010843770261620644 0.09593765371312407 -0.06802203412290797
v 0.009088809883099569 0.10033060863782711 -0.07754325783216648
v 0.005968080029605027 0.10612132877052456 -0.07758863064330386
v 0.01061135983590722 0.10211154946397398 -0.07201548531505957
v 0.0026565798523296436 0.11099748413756191 -0.07963971860314088
v 0.009506649758518115 0.11105971092757386 -0.08116097224996692
v 0.009583499813448637 0.10615417307165675 -0.07839152908248746
v 0.01041298008532121 0.10738114276993971 -0.07542393808624547
v 0.010159749757653103 0.11144793333300794 -0.0790023304925684
v 0.008843290012107263 0.12257453632757784 -0.08360376488379714
v 0.010830260273137826 0.11305291253679048 -0.0707327108078994
v 0.011876129838612748 0.10296989784892983 -0.061025318606393604
v 0.010193959246710849 0.11629800755714799 -0.07494547283303206
v 0.015148149390187493 0.08658277183722513 -0.05022341629366672
v 0.013772829463195135 0.08616449979236514 -0.050272387344457395
v 0.006628149599697819 0.11671777714100924 -0.07400432036148523
v 0.0026565798523296436 0.12345448245758692 -0.08244640504139475
v 0.011121359814971088 0.09052055953819663 -0.05160254502726659
v 0.00967250981168799 0.09047309120377521 -0.0646820217318705
v 0.003411109967281445 0.11201783049553943 -0.0775210789075522
v 0.0026565798523296436 0.11099748413756191 -0.07963971860314088
v 0.005968080029605027 0.10612132877052456 -0.07758863064330386
v 0.008109699902466683 0.09577887674135618 -0.06713220346085233
v 0.006173149805371092 0.08908575898704081 -0.0748380284060911
v 0.006075950129122654 0.09325462215203136 -0.07565352613633498
v 0.009533780004074122 0.10317235353965822 -0.06048235848574833
v 0.007173989850864038 0.10205177339744562 -0.07121903847464639
v 0.006017759903868436 0.1001963983037714 -0.07669752507916594
v 0.008178759630499188 0.11345380884209338 -0.07000055129449576
v 0.006375319815233649 0.10740582407906273 -0.07470720890973598
v 0 0.17827870719225453 -0.09918682052110553
v 0.00857268969924696 0.1668506556385804 -0.09998593893785604
v 0 0.17422255992955277 -0.09463564690971232
v 0.008820090096739897 0.1630021624367696 -0.09210255094155481
v 0.013900079416481859 0.15855927731547434 -0.10022387817455158
v 0.01514436926370033 0.15527107733103823 -0.09232657623932712
v 0.020085019616372435 0.14877857436844288 -0.10050456064410772
v 0.022546059581352917 0.14615128024530757 -0.092590846173662
v 0.02822766956178091 0.1401344493029531 -0.10627633819939666
v 0.03298211023996522 0.13730517632328074 -0.09891542100058702
v 0.04283995055765022 0.1294659674084228 -0.11811601119885906
v 0.03595535913209558 0.13462967424455707 -0.12154937391180191
v 0.03931713016367411 0.13194427328732555 -0.14332122428758118
v 0.0453138388995713 0.12492389491302446 -0.1435422171162492
v 0.04158852961089021 0.13182368253873628 -0.17027214701028184
v 0.03300723002089789 0.13305025618885669 -0.12098675325476708
v 0.03728794014555348 0.13115114996485458 -0.14350360472863138
v 0.03659789003585523 0.13747623532400932 -0.16704510548141344
v 0.03276504920203127 0.14259208420390615 -0.17898728418104773
v 0.03533606927090727 0.13813159536677036 -0.18343624993303623
v 0.034921259099514934 0.13686373788303946 -0.16735632738090067
v 0.030441610132717845 0.14393761272538066 -0.18252616026657914
v 0.027562779764172873 0.1437685697159152 -0.196496287708242
v 0.038162409406250486 0.12213471198125461 -0.14417436884616888
v 0.03579112926592387 0.12966868333085724 -0.17148972146441832
v 0.027562779764172873 0.1437685697159152 -0.196496287708242
v 0.026128169906254772 0.1394822888854266 -0.10546735513028627
v 0.032340108625439346 0.1238866864329551 -0.11800897863714031
v 0.01911794977371506 0.14778258564197924 -0.10001944527766289
v 0.013136579696761519 0.15736029897097714 -0.09985152520090874
v 0.013900079416481859 0.15855927731547434 -0.10022387817455158
v 0.018725829897988655 0.140083011454979 -0.09523121573110843
v 0.007995030105225065 0.16547959626670714 -0.09970916315472089
v 0.00857268969924696 0.1668506556385804 -0.09998593893785604
v 0 0.17827870719225453 -0.09918682052110553
v 0 0.17643782971330677 -0.09884013072956746
v 0 0.16181748806326823 -0.09550692956800058
v 0.007895969572008332 0.15591517876074473 -0.0945867178697723
v 0 0.15432211463480155 -0.09069148221756342
v 0.012904239604527357 0.14865147035523568 -0.09488242147274216
v 0.0058262996563397396 0.15280196711064845 -0.09121440047270421
v 0 0.1501283322947954 -0.08876832034079676
v 0.008527740049487198 0.14797318997833503 -0.09017546618075885
v 0 0.14386649771022722 -0.0864998132844937
v 0.010729659555934523 0.14227692211006482 -0.08894997385106485
v 0 0.12854181038420318 -0.08301259350317992
v 0.013949579880768503 0.12661636970248227 -0.0856327464196125
v 0.02486576024742959 0.13278227988939986 -0.10055118093671146
v 0.02466265861699002 0.1203058943834308 -0.0943991956327846
v 0.0324481193919155 0.1119068887002181 -0.11183661346294642
v 0.008843290012107263 0.12257453632757784 -0.08360376488379714
v 0.0026565798523296436 0.12345448245758692 -0.08244640504139475
v 0.0026565798523296436 0.11099748413756191 -0.07963971860314088
v 0.009506649758518115 0.11105971092757386 -0.08116097224996692
v 0 0.10168061114069225 -0.07696020558979338
v 0.01544394935420268 0.10178363554424813 -0.08037896601543262
v 0.015460279834413226 0.08286882176787892 -0.0779257665527233
v 0 0.08300392983929435 -0.07453484872166449
v 0 0.061728380807192146 -0.07290929959058112
v 0.026145300280780326 0.10116876999888554 -0.09056660153324926
v 0.02687416016591726 0.08238965479299744 -0.08729398604279785
v 0.01567949975253269 0.061512219956801284 -0.07628892112449441
v 0 0.03549451893208529 -0.07192461811578116
v 0.01569398964135371 0.03527618833591484 -0.07575530853971164
v 0 0.007371118776776975 -0.07310195395073532
v 0.02788343844078245 0.06108795581721776 -0.08630616370521853
v 0.014936689996644326 0.007270466739527799 -0.07721854644155486
v 0 -0.01995966253031829 -0.07481964190846123
v 0.027423538548718263 0.03499138230743481 -0.08601099359025162
v 0.03259238885509097 0.0819915080914207 -0.10953202174050071
v 0.03441880864458957 0.06075942234274774 -0.10930852172607627
v 0.02604068936316617 0.007155842263413677 -0.08696580390962633
v 0.013650389604634272 -0.019959635509313855 -0.08006554220796537
v 0 -0.04674968377392981 -0.0788712143338852
v 0.03444611949221521 0.03477112391143419 -0.11012920784548946
v 0.012818180036138438 -0.046749685070037024 -0.0831495547921132
v 0 -0.07353972791389775 -0.08373676211602785
v 0.025125178729179964 -0.019959759473616567 -0.08789143201221286
v 0.034178928564959854 0.007060831735758275 -0.11098907992197822
v 0.03959265858845429 0.035146127743014295 -0.14945776510981795
v 0.010779959914536175 -0.07353972889423707 -0.08697277943288172
v 0 -0.08957232543813475 -0.08850809490039815
v 0.023775200312393885 -0.04674980214581602 -0.09184699804153706
v 0.033478588309617585 -0.019959870700341848 -0.11269662564700529
v 0.03907289894507304 0.007218845169207915 -0.14927062666980107
v 0.03136719871981741 -0.04674989944313447 -0.11395737501229548
v 0.03838215026895364 -0.0199596756054037 -0.1494593791988475
v 0.020232128644761538 -0.07353983645196525 -0.09573192541228996
v 0.0022210800151285515 -0.0928196633711599 -0.09016423524365466
v 0 -0.09312912015163478 -0.0868401078605171
v 0.008932350078247109 -0.1001860648979746 -0.09530591101097007
v 0.002264309921913371 -0.09591995322855999 -0.08842471322961395
v 0 -0.09833103991125815 -0.08074149237658748
v 0.0020258999908141784 -0.10018606404460635 -0.09248901449430566
v 0.002281710007450505 -0.1005223837185165 -0.08219070478084493
v 0 -0.10846022162546862 -0.0698834443827469
v 0.0020280698978587253 -0.10223965813413961 -0.09065168395675625
v 0.0011049499860789624 -0.112430289916564 -0.09573806483008404
v 0.002254929939174727 -0.1098942906956968 -0.0710409947921484
v 0.0019978999644987283 -0.1054427812779646 -0.08423158545738459
v 0.0016817698996863528 -0.12516148734682345 -0.05703867139669209
v 0 -0.12474489351906115 -0.056165310864843665
v 0.0018913898939328655 -0.1129470504472964 -0.07267978308968376
v 0 -0.1397325994501131 -0.05081000050426819
v 0.0011458999407462783 -0.1396718504412002 -0.05096423827413873
v 0.001015569992015436 -0.11359153840104867 -0.08710348744150857
v 0.0014700999527402225 -0.1263407061371874 -0.0585750737843628
v 0.0010699799417708822 -0.11273484522205592 -0.09377107325874742
v 0.0009083999490350492 -0.11792734838178075 -0.07501630279435595
v 0.0005272100002942232 -0.11774533420197138 -0.08856743351984535
v 0.0010977799945075806 -0.13965273888304308 -0.051214029432175796
v 0 -0.1397325994501131 -0.05081000050426819
v 0 -0.13972121268191906 -0.051151511289887305
v 0.0009460399833461641 -0.13966005367405548 -0.05157317841910009
v 0 -0.13970534371988585 -0.051742479443091585
v 0.0009093399887679515 -0.1283722239370531 -0.06093442534612438
v 0.0008687300040856744 -0.13966378259619697 -0.05175625051319292
v 0 -0.13969727572620555 -0.05204372132857904
v 0.0006234699720858786 -0.12940774297632654 -0.062137065599194394
v 0 -0.1309687462980825 -0.06394323373256289
v 0.0004108799902153015 -0.12046606799020132 -0.07620733160691294
v 0 -0.12424181783700733 -0.07797538070584913
v 0 -0.12359542039370626 -0.0879648526140628
v 0.0006003500014465299 -0.11808467266478524 -0.09536119962705152
v 0 -0.12608896615260398 -0.09478096265851256
v 0.0006571400018675622 -0.11867177427963901 -0.09739429009696597
v 0 -0.12793289703065427 -0.09985175348493676
v 0.008145229634376694 -0.1185645532778196 -0.09938984415508885
v 0.007453979683205936 -0.1279328879846569 -0.10147166472368055
v 0 -0.14430487424460797 -0.1058434460025598
v 0.017001229144605334 -0.1001861432972965 -0.10225557436577717
v 0.014431459581148776 -0.11856462217263779 -0.1064459280298159
v 0.028231469953846844 -0.07353993360892734 -0.1173789978505553
v 0.023789438669619578 -0.10018623497272476 -0.12154855890921434
v 0.03640398897817754 -0.046749714586032394 -0.14909937809197185
v 0.03302962944590382 -0.07353975705443166 -0.14844721885016737
v 0.02135689926094786 -0.1185647136347247 -0.12503469082827282
v 0.0289905088620519 -0.10018609019024886 -0.14731358762317495
v 0.03059842041287375 -0.07353976891615807 -0.17186178363175345
v 0.012592400030961626 -0.1318124087759867 -0.108650838170572
v 0.03316579983012824 -0.04674972731847911 -0.17538811707125307
v 0.02659944951684512 -0.10018609625821706 -0.16734343818437367
v 0.034860560114818195 -0.019959678390723448 -0.17832847484754277
v 0.02325696893207052 -0.07353977357758097 -0.18724874694880347
v 0.03611078896870934 0.007421511896258974 -0.1800892330082629
v 0.02575685920364723 -0.04674973243149469 -0.19226574968010285
v 0.026905340546995227 -0.019959686313480805 -0.1966108316164153
v 0.036785318029255 0.03577818213720144 -0.1823541227956109
v 0.0276975601681122 0.007468193207022682 -0.19928963486066725
v 0.04040481953908159 0.061354607634738115 -0.15024686227432807
v 0.037799388517453014 0.0623345934279127 -0.18312901031781723
v 0.03869101914709017 0.08271601172233038 -0.15014677108666136
v 0.027473270279021467 0.036172813818765505 -0.20187593208044807
v 0.016275049084237603 -0.019432479879312892 -0.20527225474566094
v 0.016864670138105664 0.007468189233613704 -0.2084705242447392
v 0.027375099047084905 0.0625069117842246 -0.20237026761712995
v 0.01584493959296629 0.0363135782189795 -0.21079223409748887
v 0.03660090841499919 0.08383301195475679 -0.18287570185173851
v 0.014634879500384335 0.06291583964904575 -0.21202549566972598
v 0.027061499944444734 0.08436443183902921 -0.20138238206052694
v 0.03574877897466466 0.10260482382280911 -0.18018148215264293
v 0.02710596977682478 0.10281558915847398 -0.2007489762252112
v 0.014964679145112347 0.08495585938570505 -0.2117267161750569
v 0.007106219967315641 0.03659299673908871 -0.21379535468772787
v 0.007691479749422969 0.06312417859728914 -0.21449686649835326
v 0.006994739614544665 0.007656998007075414 -0.2113259015783362
v 0.0028994398661083 0.06311145619223514 -0.21578198081844416
v 0.006294919707739655 -0.018932670923118514 -0.20869876866391185
v 0.0025400798945111047 0.0363416268995928 -0.21497117785583242
v 0.0026140298855149013 -0.018449071254785624 -0.20951168082024987
v 0.0027450200301776806 0.0074681880838361175 -0.21226584295343598
v 0.0023680500156868234 0.035348195883882265 -0.21620475531733443
v 0.002559129836578744 0.006932607332905736 -0.21299279059575388
v 0.002702020048304943 0.061629197718146046 -0.21772949781839154
v 0.0018490700010418137 0.03235594614015877 -0.21992040316494021
v 0.0021073700016579766 0.0571647936186251 -0.22359524217291088
v 0.0030488800321024634 0.08286844522372774 -0.21906674641626647
v 0.002631249965028837 0.07739486668567827 -0.2282905494875671
v 0.0011690100021136546 0.050119616974098426 -0.23285187023898216
v 0.001972189948584363 0.06705024671490542 -0.2438097461551323
v 0.0012930899569446597 0.07880056344169076 -0.22879176300103854
v 0.001088269999140426 0.06777945456766267 -0.24433791030059246
v 0 0.05166565815172793 -0.25920393366299893
v 0 0.06825052677623936 -0.24434265974152933
v 0 0.07956487605899765 -0.22928034967190583
v 0 0.0414329134084874 -0.2442651941871087
v 0 0.05166565815172793 -0.25920393366299893
v 0.0014228599945561582 0.08470280906527303 -0.2195508892888642
v 0 0.08597563992790515 -0.2199990784686227
v 0.0010278700062363588 0.027633961753906172 -0.2257838014025432
v 0 0.021811799158387456 -0.23301339502342433
v 0.0014659399956627184 0.08803438555479201 -0.21623837876225976
v 0 0.08940439583749503 -0.2166715952842759
v 0.0031875398042602865 0.0859306945596061 -0.21569640499592085
v 0.00453223993184626 0.09180217223641493 -0.21441890277197376
v 0 0.09470958171059542 -0.21532455095569322
v 0.008838699858515708 0.08533525883266854 -0.21442305883298132
v 0 0.10364238259998951 -0.2141729728193906
v 0.014672950178244326 0.1033182677714527 -0.21109117408232705
v 0.014049420042721472 0.12660720563134523 -0.20911232594972592
v 0 0.12882163652420014 -0.2121861716154344
v 0.0277605002874024 0.12127910606200441 -0.200232414574124
v 0.013413120208387364 0.15004304816261174 -0.20490336763136788
v 0 0.15471130256568721 -0.20681325450502178
v 0.012283479892831739 0.1783167852812231 -0.20064960715800542
v 0 0.18292438649246245 -0.20092102427183203
v 0.02446996872566709 0.16551903099533108 -0.1931768400123539
v 0.009847839850608109 0.20076508013097313 -0.1925654500688204
v 0 0.20369572120279417 -0.1931718733977696
v 0.035410758657512975 0.11708857297350353 -0.1759992240038811
v 0.0350975386404051 0.11159827860208685 -0.14688419315239035
v 0.037885269271911604 0.10132876046656854 -0.1467269196054012
v 0.03566827932741612 0.11288201114963772 -0.1434136009463308
v 0.03184348988882846 0.09835223954279099 -0.10995097583573082
v 0.03666191972802757 0.10599694978833804 -0.1431048086450604
v 0.0342835895504745 0.10134510655767823 -0.11487434914752925
v 0.036273969793156446 0.11013412356952561 -0.1399109831344746
v 0.034924840146493 0.10402099146819052 -0.11922436381164278
v 0.035819830093834604 0.11409816615473936 -0.14053227455949371
v 0.03381848974931634 0.11030199688322848 -0.11496967161155208
v 0.03463138979752234 0.10889082508367921 -0.11761359978514738
v 0.034444920246789135 0.11316950350771281 -0.1195564741362994
v 0.033368899076382075 0.11854031176433057 -0.11803782566634692
v 0.03669267810822996 0.1178838059785018 -0.13752961296443347
v 0.037351469158720896 0.11987567787812085 -0.14064256874751824
v 0 0.223119342575885 -0.18485969185689902
v 0.008391079715093674 0.22113467040747145 -0.18343047673850246
v 0.006311650135107705 0.23753413286823596 -0.17627603586019017
v 0 0.2388358791189032 -0.17678377247467514
v 0.021807569970021312 0.20573046691364305 -0.17598578497589001
v 0.005120779757482263 0.2501372654629485 -0.1699882549275895
v 0 0.2500904398985576 -0.17049711646925425
v 0.01380875914226265 0.2359491470523356 -0.1701085852579312
v 0 0.25888928849748577 -0.1666792937116444
v 0.022336709000094768 0.18553192708912802 -0.1870291751589628
v 0.005534539695057128 0.25866372574472124 -0.16567976663807157
v 0.03010672025143979 0.17140057488723673 -0.17555723147308108
v 0.005305709720275331 0.2683900993483284 -0.1605008982863303
v 0 0.2692588201230699 -0.16135132810798647
v 0.028031188815135 0.19555617551812357 -0.1680486936609668
v 0.005023429877532348 0.270388295609808 -0.15865928697845624
v 0 0.27108527875371924 -0.15936174463705075
v 0 0.27050329011704294 -0.15715745019493887
v 0.01049162006769433 0.2661553365875503 -0.1558787050984077
v 0.004710679843038024 0.2699965649548605 -0.15661893875025923
v 0.004000289946788027 0.2691430842573963 -0.15457595824099057
v 0 0.2690383896476707 -0.15536939618902634
v 0 0.2646084202298004 -0.15374370434172505
v 0.0033544199909026906 0.26526906890463403 -0.15271851416006094
v 0.009926810042705903 0.2662320129928629 -0.1526169099872955
v 0.008639199540632969 0.26526706641871056 -0.15195865505331294
v 0.007468519639927451 0.26129171324888 -0.1513601755151479
v 0.016102720139114846 0.258612594642563 -0.14945212029883348
v 0.01298341960497007 0.25641567282418803 -0.14765392851289347
v 0.011604180076624893 0.25261545215839487 -0.1478882070006919
v 0.014500419769426731 0.257529316721575 -0.14692679031082906
v 0.016466569532456177 0.24800277981445673 -0.13964572223583407
v 0.01454912987614132 0.2448062924344889 -0.13919885808064758
v 0.01840818006378009 0.2268740138036479 -0.12810690478519235
v 0.02096946907856756 0.23663403155336565 -0.12782892120775996
v 0.022884330238007067 0.23841574281262784 -0.12904525707786246
v 0.01857557016814715 0.24877386366929755 -0.1396401625480123
v 0.021302599430771174 0.24719240400210563 -0.14154793990804107
v 0.02575025977752521 0.23859060755422065 -0.13229966128902113
v 0.01754892906064698 0.2568970481079537 -0.15220101931513555
v 0.023764008944541004 0.244015866969276 -0.14281792799458876
v 0.02903004819832633 0.22494448165534214 -0.13139930274465048
v 0.027846400115346892 0.2321464189302096 -0.13652850886498522
v 0.025471970465660743 0.23810388636105806 -0.14535660730420552
v 0.029380668937101895 0.22703273986928751 -0.1396336423658587
v 0.027484058719484672 0.2192828247739029 -0.12309357951633322
v 0.01830178935151272 0.25060758370425507 -0.15611650862240375
v 0.031172808904063487 0.21460829162729497 -0.1329559345594343
v 0.02141596031004278 0.22957142653722604 -0.12125642437918753
v 0.01960350946478151 0.23926373095790002 -0.12906800246783393
v 0.028712059809743007 0.20988209445643974 -0.12284231208931022
v 0.022962638818562642 0.2156339350141961 -0.11718364897161829
v 0.016423879494729343 0.24733032897935514 -0.1263842317964314
v 0.018466449563210086 0.2272841160943989 -0.11737944184358122
v 0.024537009644426178 0.203066930681668 -0.11331095485635997
v 0.019349969192967498 0.21613059093557913 -0.11257187073499253
v 0.012088049380003296 0.2381572806309531 -0.12033506312413926
v 0.013273659647844882 0.22449812920737758 -0.11393265211621259
v 0.020343069575509354 0.1981370471817074 -0.10505562400200619
v 0.013971949503452707 0.2039017987235505 -0.1052280786798311
v 0.008052959858187436 0.23159148232595753 -0.11508627597067221
v 0.008496079851029514 0.2087886358203092 -0.10537426890029339
v 0.015593909868734102 0.1808624781760318 -0.09865795166028621
v 0 0.21457293696001148 -0.10794374589778509
v 0 0.23580731388473886 -0.11612489536439487
v 0 0.18934813881254708 -0.09915847113633587
v 0.006671149581570557 0.24737480942419823 -0.12284072127469181
v 0 0.2502859196010276 -0.12227350526771323
v 0.009666699551045155 0.18488452354040244 -0.09827039869930813
v 0 0.18030515165513794 -0.09613255507441278
v 0.010746899603004012 0.17079612277558623 -0.09358291337485977
v 0 0.17422255992955277 -0.09463564690971232
v 0.008820090096739897 0.1630021624367696 -0.09210255094155481
v 0.016784869057278273 0.16467048163317188 -0.09392459396267099
v 0.01514436926370033 0.15527107733103823 -0.09232657623932712
v 0.02246958920800113 0.1761177955940417 -0.09911508448239734
v 0.023749648993842687 0.157444471941921 -0.09432762408760427
v 0.022546059581352917 0.14615128024530757 -0.092590846173662
v 0.026372239000225672 0.18854893773608772 -0.10874326043597189
v 0.030253888884472335 0.16801953460546926 -0.10503023760375571
v 0.03307308838353107 0.14699800731173907 -0.0999703689582955
v 0.03298211023996522 0.13730517632328074 -0.09891542100058702
v 0.034109489155348616 0.17798447322966499 -0.12016195300178793
v 0.04304926776030804 0.13567690502892615 -0.11828641561201726
v 0.04283995055765022 0.1294659674084228 -0.11811601119885906
v 0.03973518998022696 0.15674135880636522 -0.11805974313886597
v 0.044729160262737544 0.13268763433575745 -0.14164296747774388
v 0.0453138388995713 0.12492389491302446 -0.1435422171162492
v 0.04158852961089021 0.13182368253873628 -0.17027214701028184
v 0.04136816885989525 0.15336898796891746 -0.14017521170899747
v 0.04087437061501209 0.14197723481488947 -0.167324171031175
v 0.03533606927090727 0.13813159536677036 -0.18343624993303623
v 0.03709129965846314 0.1777498064020604 -0.13903924990160613
v 0.037033290035278554 0.16274787242467273 -0.16260617868817098
v 0.03372941895434067 0.15248797099819394 -0.18180903789803926
v 0.03472455900778115 0.18566400176319636 -0.15451161715363435
v 0.03165771890451641 0.1946318502691573 -0.12160123382651294
v 0.03415869874897526 0.19654693802909756 -0.13731819765658454
v 0.03283150837947035 0.20995895410755205 -0.14430130089699525
v 0.029354719459532497 0.21053235748230884 -0.15374395498840038
v 0.029752239515954848 0.21710609417649454 -0.1463876754955035
v 0.02649805009741968 0.21369616981973116 -0.16131934411151783
v 0.026670450568114568 0.21741838230649324 -0.15322158195320745
v 0.027943069310268687 0.22762348268858446 -0.14364633224648177
v 0.027034558645608442 0.2214136500403495 -0.1477340074804731
v 0.024948379435798973 0.21933911888526383 -0.1588155596646033
v 0.02437578862065548 0.21896901877161656 -0.15279033088513655
v 0.02466057007028377 0.22281190832206474 -0.1476226473510573
v 0.023489410352198536 0.22072799325377349 -0.15790429564054764
v 0.026032139673110688 0.2284456064713294 -0.1460270851249966
v 0.023854269448199794 0.22902151116140212 -0.14659510327480124
v 0.024627808974061693 0.23703327184295717 -0.14742742498464415
v 0.023484839868139318 0.23452764458491024 -0.1491113556229494
v 0.021924569116728687 0.23405017782048146 -0.14966572637379313
v 0.020374159357529287 0.24241462444188333 -0.15678834110467504
v 0.02116481972117379 0.23644513847802884 -0.15534203493487045
v 0.01958168939690985 0.23546148077084042 -0.1548238366092083
v 0.019590990105472716 0.23255397418981896 -0.15965982295347658
v 0.02088579846428784 0.2326657254839236 -0.16053584916517338
v 0.021619250291155634 0.226327262444004 -0.16065028816610005
v 0.020247430348826256 0.23420352440514694 -0.16369350352714718
v 0.022608859033684592 0.22560906898639932 -0.1619161952712064
v 0.023142749745933333 0.22343663599145283 -0.16518060281511637
v 0.012051529614965695 0.2487175319768263 -0.16501028423623865
v 0.011232880102853171 0.25705905491702036 -0.1633854927118954
v 0.011696259714001567 0.2584370004408784 -0.1616050403517248
v 0.01100141977515623 0.2637343189354256 -0.15882284011245532
v 0.013436829743456169 0.25787641207831224 -0.15998878151588866
v 0.01365797965993032 0.2588054437562092 -0.15906426127915996
v 0.012215859616938385 0.2599318662470533 -0.1604587433179869
v 0.01100671028330824 0.25801946334367587 -0.15961268100864132
v 0.010906870121355272 0.25795476595429656 -0.16001526507612623
v 0.01070839977171123 0.25870467814815534 -0.1603086727516262
v 0.010752629993424634 0.25850656171379294 -0.16072584799613773
v 0 0.17827870719225453 -0.09918682052110553
v 0 0.17422255992955277 -0.09463564690971232
v -0.00857268969924696 0.1668506556385804 -0.09998593893785604
v -0.008820090096739897 0.1630021624367696 -0.09210255094155481
v -0.013900079416481859 0.15855927731547434 -0.10022387817455158
v -0.01514436926370033 0.15527107733103823 -0.09232657623932712
v -0.020085019616372435 0.14877857436844288 -0.10050456064410772
v -0.022546059581352917 0.14615128024530757 -0.092590846173662
v -0.02822766956178091 0.1401344493029531 -0.10627633819939666
v -0.03298211023996522 0.13730517632328074 -0.09891542100058702
v -0.04283995055765022 0.1294659674084228 -0.11811601119885906
v -0.03595535913209558 0.13462967424455707 -0.12154937391180191
v -0.03931713016367411 0.13194427328732555 -0.14332122428758118
v -0.0453138388995713 0.12492389491302446 -0.1435422171162492
v -0.04158852961089021 0.13182368253873628 -0.17027214701028184
v -0.03300723002089789 0.13305025618885669 -0.12098675325476708
v -0.03659789003585523 0.13747623532400932 -0.16704510548141344
v -0.03728794014555348 0.13115114996485458 -0.14350360472863138
v -0.03276504920203127 0.14259208420390615 -0.17898728418104773
v -0.03533606927090727 0.13813159536677036 -0.18343624993303623
v -0.034921259099514934 0.13686373788303946 -0.16735632738090067
v -0.030441610132717845 0.14393761272538066 -0.18252616026657914
v -0.027562779764172873 0.1437685697159152 -0.196496287708242
v -0.038162409406250486 0.12213471198125461 -0.14417436884616888
v -0.03579112926592387 0.12966868333085724 -0.17148972146441832
v -0.027562779764172873 0.1437685697159152 -0.196496287708242
v -0.026128169906254772 0.1394822888854266 -0.10546735513028627
v -0.032340108625439346 0.1238866864329551 -0.11800897863714031
v -0.01911794977371506 0.14778258564197924 -0.10001944527766289
v -0.013136579696761519 0.15736029897097714 -0.09985152520090874
v -0.013900079416481859 0.15855927731547434 -0.10022387817455158
v -0.018725829897988655 0.140083011454979 -0.09523121573110843
v -0.007995030105225065 0.16547959626670714 -0.09970916315472089
v -0.00857268969924696 0.1668506556385804 -0.09998593893785604
v 0 0.17643782971330677 -0.09884013072956746
v 0 0.17827870719225453 -0.09918682052110553
v 0 0.16181748806326823 -0.09550692956800058
v -0.007895969572008332 0.15591517876074473 -0.0945867178697723
v 0 0.15432211463480155 -0.09069148221756342
v -0.012904239604527357 0.14865147035523568 -0.09488242147274216
v -0.0058262996563397396 0.15280196711064845 -0.09121440047270421
v 0 0.1501283322947954 -0.08876832034079676
v -0.008527740049487198 0.14797318997833503 -0.09017546618075885
v 0 0.14386649771022722 -0.0864998132844937
v -0.010729659555934523 0.14227692211006482 -0.08894997385106485
v 0 0.12854181038420318 -0.08301259350317992
v -0.013949579880768503 0.12661636970248227 -0.0856327464196125
v -0.02486576024742959 0.13278227988939986 -0.10055118093671146
v -0.02466353838152724 0.12030612326485703 -0.09440056892390761
v -0.0324481193919155 0.1119068887002181 -0.11183661346294642
v -0.008843290012107263 0.12257453632757784 -0.08360376488379714
v -0.0026565798523296436 0.12345448245758692 -0.08244640504139475
v -0.0026565798523296436 0.11099748413756191 -0.07963971860314088
v -0.009506649758518115 0.11105971092757386 -0.08116097224996692
v 0 0.10168061114069225 -0.07696020558979338
v -0.01544394935420268 0.10178363554424813 -0.08037896601543262
v -0.015460279834413226 0.08286882176787892 -0.0779257665527233
v 0 0.08300392983929435 -0.07453484872166449
v 0 0.061728380807192146 -0.07290929959058112
v -0.02614579857559951 0.10116901795377552 -0.0905680511183255
v -0.027201778280695255 0.082389902747873 -0.08729548331159123
v -0.01567949975253269 0.061512219956801284 -0.07628892112449441
v 0 0.03549451893208529 -0.07192461811578116
v -0.01569398964135371 0.03527618833591484 -0.07575530853971164
v 0 0.007371118776776975 -0.07310195395073532
v -0.027883359762653104 0.06108822761393743 -0.08630770865773627
v -0.014936689996644326 0.007270466739527799 -0.07721854644155486
v 0 -0.01995966253031829 -0.07481964190846123
v -0.027423209531086457 0.034991642183230975 -0.08601251946927889
v -0.034419998353272696 0.06075987533759832 -0.10931004760516203
v -0.013650389604634272 -0.019959635509313855 -0.08006554220796537
v 0 -0.04674968377392981 -0.0788712143338852
v -0.026040160073932395 0.007156082469699633 -0.0869672534947002
v -0.03444701833023833 0.03477158405884235 -0.11013073372457739
v -0.012818180036138438 -0.046749685070037024 -0.0831495547921132
v 0 -0.07353972791389775 -0.08373676211602785
v -0.02512444916834422 -0.019959518671266812 -0.08789282437682634
v -0.03417952937976576 0.007061271617592427 -0.11099058672757316
v -0.010779959914536175 -0.07353972889423707 -0.08697277943288172
v 0 -0.08957232543813475 -0.08850809490039815
v -0.02377443975714355 -0.046749582801115866 -0.09184831411219663
v -0.03347892924817808 -0.01995942962640899 -0.11269811337911373
v -0.03959265858845429 0.035146127743014295 -0.14945776510981795
v -0.03907289894507304 0.007218845169207915 -0.14927062666980107
v -0.031367248787717905 -0.04674948936358886 -0.11395876737696024
v -0.03838215026895364 -0.0199596756054037 -0.1494593791988475
v -0.02023133947928235 -0.07353964571743472 -0.09573304121132886
v -0.03640398897817754 -0.046749714586032394 -0.14909937809197185
v -0.02823133882363127 -0.07353956167630922 -0.11738023762731367
v -0.008932350078247109 -0.1001860648979746 -0.09530591101097007
v -0.017000549651670083 -0.10018599070968479 -0.10225650896667939
v -0.0022210800151285515 -0.0928196633711599 -0.09016423524365466
v 0 -0.09312912015163478 -0.0868401078605171
v -0.002264309921913371 -0.09591995322855999 -0.08842471322961395
v 0 -0.09833103991125815 -0.08074149237658748
v -0.0020258999908141784 -0.10018606404460635 -0.09248901449430566
v -0.002281710007450505 -0.1005223837185165 -0.08219070478084493
v 0 -0.10846022162546862 -0.0698834443827469
v -0.0020280698978587253 -0.10223965813413961 -0.09065168395675625
v -0.0011049499860789624 -0.112430289916564 -0.09573806483008404
v -0.002254929939174727 -0.1098942906956968 -0.0710409947921484
v -0.0019978399128204594 -0.1054427812779646 -0.08423158545738459
v -0.0016817698996863528 -0.12516148734682345 -0.05703867139669209
v 0 -0.12474489351906115 -0.056165310864843665
v -0.0018913898939328655 -0.1129470504472964 -0.07267978308968376
v 0 -0.1397325994501131 -0.05081000050426819
v -0.0011458999407462783 -0.1396718504412002 -0.05096423827413873
v -0.001015569992015436 -0.11359153840104867 -0.08710348744150857
v -0.0014700999527402225 -0.1263407061371874 -0.0585750737843628
v -0.0010699900000544632 -0.11273484522205592 -0.09377107325874742
v -0.0009083999490350492 -0.11792734838178075 -0.07501630279435595
v -0.0005272100002942232 -0.11774533420197138 -0.08856743351984535
v -0.0004108799902153015 -0.12046606799020132 -0.07620733160691294
v -0.0009093399887679515 -0.1283722239370531 -0.06093442534612438
v -0.0006003500014465299 -0.11808467266478524 -0.09536119962705152
v 0 -0.12359542039370626 -0.0879648526140628
v 0 -0.12424181783700733 -0.07797538070584913
v 0 -0.12608896615260398 -0.09478096265851256
v 0 -0.1309687462980825 -0.06394323373256289
v -0.0006571400018675622 -0.11867177427963901 -0.09739429009696597
v 0 -0.12793289703065427 -0.09985175348493676
v -0.0006234699720858786 -0.12940774297632654 -0.062137065599194394
v 0 -0.13969727572620555 -0.05204372132857904
v -0.0008687300040856744 -0.13966378259619697 -0.05175625051319292
v 0 -0.13970534371988585 -0.051742479443091585
v -0.0009460399833461641 -0.13966005367405548 -0.05157317841910009
v 0 -0.13972121268191906 -0.051151511289887305
v -0.0010977799945075806 -0.13965273888304308 -0.051214029432175796
v 0 -0.1397325994501131 -0.05081000050426819
v -0.007453979683205936 -0.1279328879846569 -0.10147166472368055
v 0 -0.14430487424460797 -0.1058434460025598
v -0.008145229634376694 -0.1185645532778196 -0.09938984415508885
v -0.014430839692856967 -0.11856448865847247 -0.10644672911630432
v -0.023789150183145313 -0.10018592979725285 -0.12154960795108392
v -0.012591769413833998 -0.13181229433527936 -0.10865154388962038
v -0.03302962944590382 -0.07353975705443166 -0.14844721885016737
v -0.021356529712158512 -0.11856442753270498 -0.12503562542921548
v -0.0289905088620519 -0.10018609019024886 -0.14731358762317495
v -0.03059842041287375 -0.07353976891615807 -0.17186178363175345
v -0.02659944951684512 -0.10018609625821706 -0.16734343818437367
v -0.025836929697462985 -0.1185645769983024 -0.14620916994601665
v -0.03316579983012824 -0.04674972731847911 -0.17538811707125307
v -0.019194749164698655 -0.13347495490281863 -0.1272843945492775
v -0.034860560114818195 -0.019959678390723448 -0.17832847484754277
v -0.02325696893207052 -0.07353977357758097 -0.18724874694880347
v -0.03611078896870934 0.007421511896258974 -0.1800892330082629
v -0.02575685920364723 -0.04674973243149469 -0.19226574968010285
v -0.026905340546995227 -0.019959686313480805 -0.1966108316164153
v -0.020012859850834452 -0.10018611036565343 -0.18243090961079658
v -0.013069200223627675 -0.07353977634928203 -0.19639789805074617
v -0.01677759967496395 -0.11856458636633983 -0.17713227032082304
v -0.0102816293325656 -0.10018611260580251 -0.18982545250981628
v -0.008111109552284113 -0.1185645977410263 -0.18319916502020442
v -0.023453249407114463 -0.11856458233113384 -0.16381239614186965
v -0.014502689514249045 -0.13366796387759522 -0.17316057450365022
v -0.020874528418305616 -0.13409007556430871 -0.16110922058719818
v -0.023117520292456728 -0.13442485819425892 -0.14543613579238795
v -0.006746269909748359 -0.13479155589557582 -0.17816965328157347
v -0.01209624025010525 -0.15006356046964028 -0.16880264018615587
v -0.006064820154052519 -0.15006356167449605 -0.17277976737157089
v -0.018524130168762865 -0.1500635572829517 -0.15828365033165065
v -0.017393079607343376 -0.1500634343280143 -0.13017960177755816
v -0.02070570899458879 -0.15006355307636596 -0.1443980660692705
v -0.010094539893540588 -0.16452419007598817 -0.16480431797604914
v -0.010722779987988318 -0.15006348708647643 -0.11545092171237667
v -0.016237920159744013 -0.16452418739452593 -0.15595303751834774
v -0.005102379804051371 -0.1645241910627789 -0.16806163084097853
v -0.008004230081940511 -0.17934249511572717 -0.16038054245975997
v -0.0037795298446819947 -0.17934249594189436 -0.1631076505370464
v -0.018272670099005017 -0.1645241837169613 -0.14381370727164736
v -0.013694339684523493 -0.1793424930835948 -0.15367264508758208
v -0.015364569082157997 -0.16452408486094555 -0.13229819448611163
v -0.015527609239646578 -0.17934248998681565 -0.14345043868856736
v -0.009046099579793965 -0.16452413838212684 -0.12008718607578635
v -0.012916500279683607 -0.1793424109468572 -0.1343860883092127
v -0.007186249929973854 -0.17934244624710519 -0.12498928705391082
v -0.004387519857566358 -0.16452417517806972 -0.11562754735660201
v -0.003206500041339544 -0.17934248313742698 -0.12084118513230065
v -0.005641929977195037 -0.15006353318694385 -0.11022474816664829
v -0.00291081004789151 -0.15006353285278817 -0.1091217284217244
v -0.002455559914062322 -0.164524174896262 -0.11469732386585654
v -0.001757789959956929 -0.149299247549158 -0.1053305012074954
v 0 -0.1457714815911614 -0.10339556379180885
v 0 -0.1513630352230768 -0.09955075722752173
v 0 -0.15159657260087492 -0.10484781731638985
v 0 -0.15421828201417387 -0.1095495836202286
v 0 -0.15924650196266704 -0.11148432030974623
v -0.0013567599350938209 -0.1647867394998002 -0.11134183968453235
v 0 -0.1621081919494641 -0.10945838135260455
v 0 -0.16747354420790633 -0.10773904793820947
v 0 -0.16749277138255772 -0.11136972430253464
v 0 -0.1696546379538367 -0.1155849642429399
v 0 -0.17381916265664157 -0.11726520365898159
v -0.001857859897810371 -0.1793424829657352 -0.12027444508058362
v -0.001073689958296195 -0.17982967601320854 -0.1168833887782213
v 0 -0.17711298145584745 -0.11488997180612101
v 0 -0.18217973816272548 -0.1127916196881111
v 0 -0.18309267274676413 -0.1167828514404869
v 0 -0.185473693792605 -0.12136310063247714
v 0 -0.1892893833377086 -0.1225264868073538
v -0.0011795199398803718 -0.1954323247617907 -0.12494473605098853
v -0.0006539899709673974 -0.19441851088488596 -0.12220494441207327
v 0 -0.1911004676154789 -0.12081088333639141
v 0 -0.19660217592972 -0.11809553239702998
v 0 -0.19652552070383503 -0.12178526984245418
v 0 -0.19982004708154755 -0.12554806725799617
v 0 -0.20372973072748032 -0.12657149215784308
v -0.0023124099751023197 -0.19543232492042364 -0.12546837002240938
v -0.0009215999933719632 -0.2109402724492915 -0.12904882120359099
v -0.005702819696750794 -0.19543230682194856 -0.12868680158438714
v -0.0016143399116171908 -0.21094027258360962 -0.12949219394231878
v -0.01053292966187902 -0.19543225177941986 -0.1358759707136945
v -0.004499109882881269 -0.21094025413813092 -0.13156519586134677
v -0.012938869902367811 -0.1954323302156503 -0.14294746596579885
v -0.008351349643960226 -0.2109402176328307 -0.1369842214326805
v -0.011258109556329776 -0.19543233275480892 -0.15132901412593647
v -0.010609060288763184 -0.21094027649911068 -0.142416932230805
v -0.009047239816623032 -0.2109402785316042 -0.14912602169591146
v -0.005993189677748312 -0.19543233427782622 -0.156356365644656
v -0.004163989927679523 -0.21094027970622822 -0.15300335639809215
v -0.0026733600495749688 -0.1954323349223255 -0.15848380329516723
v -0.0017464899626413732 -0.21094028017256697 -0.1545427012283503
v -0.003920980008222608 -0.2238332885032851 -0.15054072692041545
v -0.0014594399602836372 -0.22383328887546453 -0.15176925974559996
v -0.007942889751280324 -0.22383328751524337 -0.14727928464558157
v -0.00942644992262609 -0.22383328577834447 -0.1415459280108607
v -0.004038556127878512 -0.23183223139712328 -0.14837302271589967
v -0.007283130125333437 -0.2238332270601406 -0.1366020039236698
v -0.007612352201066486 -0.2318322305174727 -0.1454693704442675
v -0.00915309527919228 -0.2318322290331234 -0.14056965869959312
v -0.003953669876895771 -0.22383326382188207 -0.13202946923578054
v -0.006928360307327797 -0.2318321895149181 -0.13604333907038083
v -0.009544514204311794 -0.2382120433641772 -0.14059044686752611
v -0.008166509684178758 -0.23854281726145268 -0.14550289006447106
v -0.0072142808016922855 -0.23867999083367564 -0.13578086674322978
v -0.008817739885648934 -0.24743601973858503 -0.14053606556212853
v -0.0037930928812974773 -0.2318322074222576 -0.1321939851734132
v -0.0012801299703092128 -0.22383328231911068 -0.13012728946504132
v -0.0028629892424570924 -0.23987378012232172 -0.13188503039714372
v -0.0007320599839375913 -0.22383328221640822 -0.12978827730965006
v -0.0010816933717945204 -0.231832225963684 -0.13043769850364098
v -0.00655638978131734 -0.2476754667266202 -0.13536695027980641
v -0.0005693863205003813 -0.24252749054953657 -0.12240266467588168
v -0.0054905532563354065 -0.24873368143490182 -0.13069280127011695
v -4.4364290804153975e-10 -0.23183222578626886 -0.12985206616319236
v 0 -0.24213974553666692 -0.12207732832803254
v 0 -0.22699766898134882 -0.12955053487408538
v 0 -0.22516247482776278 -0.12800341815389818
v -0.0005270399780488016 -0.2515886898805182 -0.10945295644804241
v 0 -0.2512082118534057 -0.10908558213295956
v -0.00044130998608522126 -0.2232855674841053 -0.12819154052336806
v 0 -0.2245279183689537 -0.12594175561504864
v 0 -0.2211075085483395 -0.12736255976069275
v 0 -0.2191657899409092 -0.12901815808157913
v 0 -0.21286387160669432 -0.12858975993917635
v 0 -0.21067047707775083 -0.12607815431762096
v -0.0005083899831386657 -0.2095619069952934 -0.12623376569597863
v 0 -0.2100306940996482 -0.12274928746056815
v 0 -0.20550383153237045 -0.1249157508365845
v -0.0005069899818228932 -0.26608773891815307 -0.09189451994363822
v 0 -0.26571721723391734 -0.09147016358355468
v -0.000589670004181489 -0.2804159471307349 -0.07564563095159814
v 0 -0.28015866470709 -0.07511935061181861
v -0.0032280700677319585 -0.25876886579131525 -0.10922373864453441
v -0.0007002600125910335 -0.2957664377800437 -0.061910941930109965
v 0 -0.29541250999991725 -0.06138935369737554
v 0 -0.3004181356248203 -0.0574537145978097
v -0.001807389963998124 -0.2712979098580236 -0.09205834054384879
v -0.0012928700158103545 -0.2837426687422439 -0.07672802648104045
v -0.004417720040282902 -0.2511605320133686 -0.12188357711572853
v -0.003386540039184538 -0.26794908807311857 -0.11077441034487162
v -0.004581719832530917 -0.2623339527825217 -0.12355749154755839
v -0.005703060499510304 -0.2588059320394547 -0.13055813940155794
v -0.0060375897726955285 -0.2570302489385101 -0.13486568667447218
v -0.0037143199805694804 -0.2664271838141178 -0.13521528176830275
v -0.00805837970841572 -0.25653578949309713 -0.14023911722525853
v -0.0051766901051247816 -0.2628503333340445 -0.13689930007996268
v -0.008132439073940234 -0.24814277002026788 -0.14482624567321584
v -0.00593666957460337 -0.2635294077082666 -0.14027172123234966
v -0.003589888432847965 -0.23958005383397699 -0.1497405035456617
v -0.0033585100615357577 -0.2670509456665612 -0.1405355923194322
v -0.005184999588467187 -0.26243348433557045 -0.1436885555366114
v -0.007403622700193013 -0.25729350427955233 -0.1450174736802606
v -0.005660828225445114 -0.24855809664900608 -0.14962060488741594
v -0.005531043882719189 -0.25755616678129056 -0.15001583341938576
v -0.003987750023877246 -0.2675842990793214 -0.1454862587226673
v 0 -0.27305653812558606 -0.1403586552992341
v 0 -0.27708636381482554 -0.1352740534888931
v 0 -0.27683171647910376 -0.14447470308249424
v -0.0020661699310056125 -0.2714116174629336 -0.1268821978282518
v 0 -0.2747150886143351 -0.1283619274745652
v 0 -0.2780821080932645 -0.11488626957168238
v 0 -0.27334987186054127 -0.14887695073452734
v -0.0017478099074704212 -0.2752739182192865 -0.113552490096753
v 0 -0.2848605718315344 -0.09661478263680562
v -0.0019625000216998145 -0.2777757432509038 -0.09344197700171687
v -0.0013386100231421727 -0.28272390226922955 -0.09547875687017211
v 0 -0.29139750901934525 -0.08168912869253013
v -0.0010357200122836224 -0.29007340812275956 -0.08048262614579643
v 0 -0.3013549514166808 -0.06541356198485636
v -0.0014251400211794663 -0.2875358899449838 -0.07863462538321095
v -0.0007820699934198705 -0.3003650562804616 -0.06461526056584031
v -0.0008554500150207422 -0.29761238916448485 -0.06274594524687102
v -0.0009599199676531556 -0.29947537325247786 -0.06384432480173305
v -0.0007861299637079988 -0.30028626227886474 -0.059903560973354225
v -0.0007199600178012244 -0.30101206514854784 -0.05816835028668506
v -0.0007961199999722834 -0.30131277843146986 -0.06044314006880812
v -0.0007210399794346095 -0.3031560399018253 -0.05945458929684556
v 0 -0.30412317998381255 -0.05898397932589487
v -0.0007315099820902199 -0.3043160883083891 -0.055942211109120364
v 0 -0.3060356008587402 -0.054500517242276884
v -0.0007315099820902199 -0.3047523753471148 -0.0562735079069066
v 0 -0.3063392318099317 -0.05487655571204494
v 0 -0.28111564582599874 -0.16139318026564892
v -0.0017634600006760648 -0.27928117734353247 -0.1627463111994704
v 0 -0.29033312209328954 -0.1743836906811618
v -0.002039189889151083 -0.27049073757477615 -0.15042027325295926
v -0.0014669300287903086 -0.28969906251035643 -0.17550813014391187
v 0 -0.30560483005197114 -0.19327385762919302
v -0.004834130000305248 -0.2629531067595907 -0.15498291108465578
v -0.0037103300457373978 -0.2722746280667854 -0.16523069220562633
v -0.002452489976901784 -0.28633476781250083 -0.17998038699384125
v -0.0011007600031623238 -0.3051174836388401 -0.19409758445371386
v 0 -0.31906552738248706 -0.20515087567002968
v -0.004912969956257118 -0.2532019018797926 -0.15773844161144995
v -0.0037148698334052432 -0.26334104658664603 -0.1687737286100647
v -0.002361939943687469 -0.28132801662870166 -0.18317935557925277
v -0.0010358600086899095 -0.2577628528797758 -0.1691443281495836
v -0.0010871445144606112 -0.24370692904726318 -0.15661485398741742
v -0.0009809499759759754 -0.27543375630819444 -0.1840023973962511
v 0 -0.24400390348886886 -0.1574441977162105
v 0 -0.25763414524230555 -0.16997562703973831
v -4.4364290804153975e-10 -0.2318322317333736 -0.14948295659980912
v 0 -0.27475924177150846 -0.18483592804971818
v 0 -0.29550107206912263 -0.20008294291004206
v -0.0010550699892251936 -0.29642596426418266 -0.19923754847189915
v 0 -0.3151577149370004 -0.2107251033877626
v -0.0018675799250398584 -0.2997569959257814 -0.1984782319510096
v -0.0011291400090797238 -0.3158690412060663 -0.20957054686585813
v 0 -0.3233386968308299 -0.21397562361297348
v -0.0019647599317559605 -0.3027600395698678 -0.1966047759417214
v -0.001520519967663586 -0.31684056800292815 -0.20848232785241452
v -0.0010970099770200997 -0.32494567615656056 -0.2136821012369071
v 0 -0.3268570689069741 -0.21528478853796726
v -0.0016175000008009366 -0.3178605795555129 -0.20723610405916162
v -0.0010506899420017757 -0.3252802249929566 -0.21327585493899553
v -0.0008420099874881654 -0.31894832100878256 -0.2058210608132214
v 0 -0.32645099327703747 -0.21167108769413887
v -0.0009869599866801498 -0.32574077323727907 -0.21271694441411176
v -0.0009271799565736955 -0.3259872792787058 -0.21369827523821183
v -0.0007004799537253387 -0.3262382096333398 -0.21225097897950565
v -0.0006632400155833357 -0.3275947168248737 -0.2149124547775696
v -0.0008595199690866473 -0.3263413974947505 -0.21323305371301085
v -0.00026053999899610866 -0.33006988356253014 -0.21606203215406833
v 0 -0.33124202588267065 -0.2169164667896926
v -0.00045919000076077854 -0.3283612800485898 -0.21420917693796124
v 0 -0.3289469505236293 -0.2141683022782006
v -0.0002414900010491161 -0.3302957899201114 -0.21599353919432837
v 0 -0.3315542588202184 -0.21677684877131162
v -0.02096946907856756 0.23663403155336565 -0.12782892120775996
v -0.01840818006378009 0.2268740138036479 -0.12810690478519235
v -0.01454912987614132 0.2448062924344889 -0.13919885808064758
v -0.016466569532456177 0.24800277981445673 -0.13964572223583407
v -0.011604180076624893 0.25261545215839487 -0.1478882070006919
v -0.022884330238007067 0.23841574281262784 -0.12904525707786246
v -0.01298341960497007 0.25641567282418803 -0.14765392851289347
v -0.007468519639927451 0.26129171324888 -0.1513601755151479
v -0.008639199540632969 0.26526706641871056 -0.15195865505331294
v -0.0033544199909026906 0.26526906890463403 -0.15271851416006094
v -0.014500419769426731 0.257529316721575 -0.14692679031082906
v 0 0.2646084202298004 -0.15374370434172505
v 0 0.2690383896476707 -0.15536939618902634
v -0.004000289946788027 0.2691430842573963 -0.15457595824099057
v 0 0.27050329011704294 -0.15715745019493887
v -0.009926810042705903 0.2662320129928629 -0.1526169099872955
v -0.004710679843038024 0.2699965649548605 -0.15661893875025923
v -0.005023429877532348 0.270388295609808 -0.15865928697845624
v 0 0.27108527875371924 -0.15936174463705075
v 0 0.2692588201230699 -0.16135132810798647
v -0.01049162006769433 0.2661553365875503 -0.1558787050984077
v -0.005305709720275331 0.2683900993483284 -0.1605008982863303
v 0 0.25888928849748577 -0.1666792937116444
v -0.016102720139114846 0.258612594642563 -0.14945212029883348
v -0.01100141977515623 0.2637343189354256 -0.15882284011245532
v -0.005534539695057128 0.25866372574472124 -0.16567976663807157
v -0.005120779757482263 0.2501372654629485 -0.1699882549275895
v 0 0.2500904398985576 -0.17049711646925425
v 0 0.2388358791189032 -0.17678377247467514
v -0.011232880102853171 0.25705905491702036 -0.1633854927118954
v -0.006311650135107705 0.23753413286823596 -0.17627603586019017
v 0 0.223119342575885 -0.18485969185689902
v -0.012051529614965695 0.2487175319768263 -0.16501028423623865
v -0.008391079715093674 0.22113467040747145 -0.18343047673850246
v 0 0.20369572120279417 -0.1931718733977696
v -0.01380875914226265 0.2359491470523356 -0.1701085852579312
v -0.009847839850608109 0.20076508013097313 -0.1925654500688204
v 0 0.18292438649246245 -0.20092102427183203
v -0.021807569970021312 0.20573046691364305 -0.17598578497589001
v -0.012283479892831739 0.1783167852812231 -0.20064960715800542
v 0 0.15471130256568721 -0.20681325450502178
v -0.022336709000094768 0.18553192708912802 -0.1870291751589628
v -0.013413120208387364 0.15004304816261174 -0.20490336763136788
v 0 0.12882163652420014 -0.2121861716154344
v -0.02446996872566709 0.16551903099533108 -0.1931768400123539
v -0.014049420042721472 0.12660720563134523 -0.20911232594972592
v 0 0.10364238259998951 -0.2141729728193906
v -0.03010672025143979 0.17140057488723673 -0.17555723147308108
v -0.014672950178244326 0.1033182677714527 -0.21109117408232705
v -0.03372941895434067 0.15248797099819394 -0.18180903789803926
v -0.0277605002874024 0.12127910606200441 -0.200232414574124
v -0.03533606927090727 0.13813159536677036 -0.18343624993303623
v -0.04087437061501209 0.14197723481488947 -0.167324171031175
v -0.04158852961089021 0.13182368253873628 -0.17027214701028184
v -0.037033290035278554 0.16274787242467273 -0.16260617868817098
v -0.044729160262737544 0.13268763433575745 -0.14164296747774388
v -0.0453138388995713 0.12492389491302446 -0.1435422171162492
v -0.04283995055765022 0.1294659674084228 -0.11811601119885906
v -0.04136816885989525 0.15336898796891746 -0.14017521170899747
v -0.04304926776030804 0.13567690502892615 -0.11828641561201726
v -0.03298211023996522 0.13730517632328074 -0.09891542100058702
v -0.03709129965846314 0.1777498064020604 -0.13903924990160613
v -0.03307308838353107 0.14699800731173907 -0.0999703689582955
v -0.022546059581352917 0.14615128024530757 -0.092590846173662
v -0.03973518998022696 0.15674135880636522 -0.11805974313886597
v -0.023749648993842687 0.157444471941921 -0.09432762408760427
v -0.01514436926370033 0.15527107733103823 -0.09232657623932712
v -0.030253888884472335 0.16801953460546926 -0.10503023760375571
v -0.034109489155348616 0.17798447322966499 -0.12016195300178793
v -0.016784869057278273 0.16467048163317188 -0.09392459396267099
v -0.008820090096739897 0.1630021624367696 -0.09210255094155481
v -0.02246958920800113 0.1761177955940417 -0.09911508448239734
v -0.026372239000225672 0.18854893773608772 -0.10874326043597189
v -0.010746899603004012 0.17079612277558623 -0.09358291337485977
v 0 0.17422255992955277 -0.09463564690971232
v 0 0.18030515165513794 -0.09613255507441278
v -0.015593909868734102 0.1808624781760318 -0.09865795166028621
v -0.009666699551045155 0.18488452354040244 -0.09827039869930813
v 0 0.18934813881254708 -0.09915847113633587
v -0.020343069575509354 0.1981370471817074 -0.10505562400200619
v -0.013971949503452707 0.2039017987235505 -0.1052280786798311
v -0.008496079851029514 0.2087886358203092 -0.10537426890029339
v 0 0.21457293696001148 -0.10794374589778509
v -0.019349969192967498 0.21613059093557913 -0.11257187073499253
v -0.008052959858187436 0.23159148232595753 -0.11508627597067221
v 0 0.23580731388473886 -0.11612489536439487
v -0.013273659647844882 0.22449812920737758 -0.11393265211621259
v -0.006671149581570557 0.24737480942419823 -0.12284072127469181
v 0 0.2502859196010276 -0.12227350526771323
v -0.012088049380003296 0.2381572806309531 -0.12033506312413926
v -0.007468029689758349 0.2646581905047883 -0.12882912427485335
v 0 0.2690646616633602 -0.129542083011738
v -0.011628069617716896 0.2567082470818091 -0.12770740056766078
v -0.018466449563210086 0.2272841160943989 -0.11737944184358122
v -0.016423879494729343 0.24733032897935514 -0.1263842317964314
v -0.01099554990986995 0.25976154891266134 -0.13106990463759163
v -0.007230369883096888 0.26759098607914444 -0.13208116420914662
v 0 0.2735133417669671 -0.1325042159417841
v -0.015315539494554553 0.25052574732130267 -0.12987703643487758
v -0.00740381999156281 0.27110714456769486 -0.1342812633730458
v 0 0.2749133540176548 -0.1350065815475665
v -0.011221799599637095 0.26296484470216547 -0.13424092048166458
v -0.0075614897706771655 0.27120573481526705 -0.1362815858002682
v 0 0.27466188847770434 -0.13728167652039872
v 0 0.2727866593506346 -0.1379196268672017
v -0.015599209913629064 0.25336000894014565 -0.13419332922220806
v -0.011427489263694968 0.2627793352523102 -0.1366066431472776
v -0.005961168275151363 0.26795774867762506 -0.1369674674036705
v 1.3322675997716858e-17 0.26892620529348743 -0.135908822419309
v -0.004629470006462855 0.26525497871452014 -0.13582880802976072
v -0.009395837573800137 0.25992262256436627 -0.13748952537821438
v -0.007705209679040093 0.25754543690615 -0.13673296526513976
v -0.015857129934643277 0.2528393972691281 -0.13699007444229122
v -0.01336438387562966 0.25044420567226267 -0.13810531956667607
v -0.011290060029401028 0.24845106461332658 -0.13754212657969972
v -0.018590489210400962 0.24291996332445542 -0.1372410117670663
v -0.016389915576802583 0.24193670576134163 -0.13804037176661368
v -0.014558720263271319 0.2411184915724121 -0.13721431787646118
v -0.01840818006378009 0.2268740138036479 -0.12810690478519235
v -0.02096946907856756 0.23663403155336565 -0.12782892120775996
v -0.01907291965768665 0.24224871131287198 -0.13324239809535351
v -0.01960350946478151 0.23926373095790002 -0.12906800246783393
v -0.02141596031004278 0.22957142653722604 -0.12125642437918753
v -0.022962638818562642 0.2156339350141961 -0.11718364897161829
v -0.027484058719484672 0.2192828247739029 -0.12309357951633322
v -0.024537009644426178 0.203066930681668 -0.11331095485635997
v -0.028712059809743007 0.20988209445643974 -0.12284231208931022
v -0.03165771890451641 0.1946318502691573 -0.12160123382651294
v -0.03415869874897526 0.19654693802909756 -0.13731819765658454
v -0.031172808904063487 0.21460829162729497 -0.1329559345594343
v -0.03472455900778115 0.18566400176319636 -0.15451161715363435
v -0.03283150837947035 0.20995895410755205 -0.14430130089699525
v -0.02903004819832633 0.22494448165534214 -0.13139930274465048
v -0.028031188815135 0.19555617551812357 -0.1680486936609668
v -0.029354719459532497 0.21053235748230884 -0.15374395498840038
v -0.02649805009741968 0.21369616981973116 -0.16131934411151783
v -0.023142749745933333 0.22343663599145283 -0.16518060281511637
v -0.026670450568114568 0.21741838230649324 -0.15322158195320745
v -0.029752239515954848 0.21710609417649454 -0.1463876754955035
v -0.029380668937101895 0.22703273986928751 -0.1396336423658587
v -0.024948379435798973 0.21933911888526383 -0.1588155596646033
v -0.02437578862065548 0.21896901877161656 -0.15279033088513655
v -0.023489410352198536 0.22072799325377349 -0.15790429564054764
v -0.027034558645608442 0.2214136500403495 -0.1477340074804731
v -0.02466057007028377 0.22281190832206474 -0.1476226473510573
v -0.022608859033684592 0.22560906898639932 -0.1619161952712064
v -0.021619250291155634 0.226327262444004 -0.16065028816610005
v -0.020247430348826256 0.23420352440514694 -0.16369350352714718
v -0.02088579846428784 0.2326657254839236 -0.16053584916517338
v -0.019590990105472716 0.23255397418981896 -0.15965982295347658
v -0.020374159357529287 0.24241462444188333 -0.15678834110467504
v -0.02116481972117379 0.23644513847802884 -0.15534203493487045
v -0.01958168939690985 0.23546148077084042 -0.1548238366092083
v -0.021924569116728687 0.23405017782048146 -0.14966572637379313
v -0.023484839868139318 0.23452764458491024 -0.1491113556229494
v -0.023854269448199794 0.22902151116140212 -0.14659510327480124
v -0.024627808974061693 0.23703327184295717 -0.14742742498464415
v -0.026032139673110688 0.2284456064713294 -0.1460270851249966
v -0.027943069310268687 0.22762348268858446 -0.14364633224648177
v -0.025471970465660743 0.23810388636105806 -0.14535660730420552
v -0.027846400115346892 0.2321464189302096 -0.13652850886498522
v -0.01830178935151272 0.25060758370425507 -0.15611650862240375
v -0.023764008944541004 0.244015866969276 -0.14281792799458876
v -0.02575025977752521 0.23859060755422065 -0.13229966128902113
v -0.01857557016814715 0.24877386366929755 -0.1396401625480123
v -0.021302599430771174 0.24719240400210563 -0.14154793990804107
v -0.01754892906064698 0.2568970481079537 -0.15220101931513555
v -0.013436829743456169 0.25787641207831224 -0.15998878151588866
v -0.01365797965993032 0.2588054437562092 -0.15906426127915996
v -0.012215859616938385 0.2599318662470533 -0.1604587433179869
v -0.01100671028330824 0.25801946334367587 -0.15961268100864132
v -0.011696259714001567 0.2584370004408784 -0.1616050403517248
v -0.010906870121355272 0.25795476595429656 -0.16001526507612623
v -0.01070839977171123 0.25870467814815534 -0.1603086727516262
v -0.010752629993424634 0.25850656171379294 -0.16072584799613773
v 0.037549208755436325 0.10533603267090715 -0.11731678664251552
v 0.034924840146493 0.10402099146819052 -0.11922436381164278
v 0.036273969793156446 0.11013412356952561 -0.1399109831344746
v 0.03791142855782592 0.11247669084829376 -0.1406701944517348
v 0.0391071692308671 0.10327371224799495 -0.11618301981200625
v 0.035819830093834604 0.11409816615473936 -0.14053227455949371
v 0.040172747667742925 0.11253552243465245 -0.14259743680202094
v 0.04357173822287308 0.0963804107110585 -0.1172913589714634
v 0.03857335958093344 0.11477419729747941 -0.1404948621198254
v 0.03669267810822996 0.1178838059785018 -0.13752961296443347
v 0.04321114920352809 0.10742721248650977 -0.14594608151122068
v 0.03930366905099891 0.1163328929433669 -0.1379755601540437
v 0.034444920246789135 0.11316950350771281 -0.1195564741362994
v 0.04190648938924468 0.11403097923744435 -0.14238026653371336
v 0.03925308855057308 0.11070313044878048 -0.11806108340932396
v 0.03463138979752234 0.10889082508367921 -0.11761359978514738
v 0.043523768405830054 0.11451324365845902 -0.13959896128962357
v 0.034924840146493 0.10402099146819052 -0.11922436381164278
v 0.037549208755436325 0.10533603267090715 -0.11731678664251552
v 0.03838627014190843 0.10816933260157137 -0.11660609030708496
v 0.04312755965156345 0.10681196773853036 -0.1171701596594335
v 0.041275691063500375 0.10501403462342992 -0.11547607108562957
v 0.0391071692308671 0.10327371224799495 -0.11618301981200625
v 0.04753178013417614 0.09956374661991971 -0.11873483188441605
v 0.04592636959419316 0.09774668288275126 -0.116759342616476
v 0.04357173822287308 0.0963804107110585 -0.1172913589714634
v 0.049111317490533324 0.09033302691343612 -0.12150099012962988
v 0.04677792921413637 0.08908362756386261 -0.1219293421189572
v 0.04668831720899824 0.10866409088230392 -0.14290887705932517
v 0.050539158645142024 0.09209516857827818 -0.12336729320542023
v 0.05587808007274386 0.06988221255815551 -0.12943113895431957
v 0.05390808938649094 0.0689991148773531 -0.1294565827182553
v 0.05724070897905431 0.0708507350567255 -0.13125913269133424
v 0.04937476047780898 0.1001609487172823 -0.14464572526998967
v 0.057428277639412606 0.07279039872449887 -0.14790029279774985
v 0.06154251914748876 0.03815176004866212 -0.13745386706708762
v 0.06057418687848326 0.037850649711721265 -0.1360810813695854
v 0.05911980973661368 0.03753587048557193 -0.13586919390873292
v 0.05898712980030929 0.01272339836948144 -0.14229286973641403
v 0.05970147953104643 0.011304668314124458 -0.14227806828081427
v 0.06019807680998568 0.0127767180830316 -0.14301563092677208
v 0.05972744808210173 0.011087247635704636 -0.14495064519331077
v 0.06244801858556226 0.03778867677790437 -0.14656155229860998
v 0.06016980036713626 0.012586737206620518 -0.14500498601163034
v 0.061580890232751706 0.037397608024318164 -0.1474996434842111
v 0.05618697994529498 0.07229630901241875 -0.14978775722369086
v 0.04776104820308724 0.10017020808294719 -0.14732674226909218
v 0.05903801786069529 0.012501937704360751 -0.14491185968636272
v 0.05970147953104643 0.011304668314124458 -0.14227806828081427
v 0.05898712980030929 0.01272339836948144 -0.14229286973641403
v 0.06051933630140116 0.03711147729637199 -0.14688852887863965
v 0.05911980973661368 0.03753587048557193 -0.13586919390873292
v 0.054648226470167316 0.07153405629269215 -0.149427907052987
v 0.05390808938649094 0.0689991148773531 -0.1294565827182553
v 0.04677792921413637 0.08908362756386261 -0.1219293421189572
v 0.045987399980707444 0.0990927181967285 -0.14733813835106754
v 0.04502821821656333 0.10863803560980428 -0.14584488749351668
v -0.036273969793156446 0.11013412356952561 -0.1399109831344746
v -0.034924840146493 0.10402099146819052 -0.11922436381164278
v -0.037549208755436325 0.10533603267090715 -0.11731678664251552
v -0.03791142855782592 0.11247669084829376 -0.1406701944517348
v -0.035819830093834604 0.11409816615473936 -0.14053227455949371
v -0.0391071692308671 0.10327371224799495 -0.11618301981200625
v -0.03857335958093344 0.11477419729747941 -0.1404948621198254
v -0.03669267810822996 0.1178838059785018 -0.13752961296443347
v -0.040172747667742925 0.11253552243465245 -0.14259743680202094
v -0.04357173822287308 0.0963804107110585 -0.1172913589714634
v -0.03930366905099891 0.1163328929433669 -0.1379755601540437
v -0.034444920246789135 0.11316950350771281 -0.1195564741362994
v -0.04190648938924468 0.11403097923744435 -0.14238026653371336
v -0.03925308855057308 0.11070313044878048 -0.11806108340932396
v -0.03463138979752234 0.10889082508367921 -0.11761359978514738
v -0.043523768405830054 0.11451324365845902 -0.13959896128962357
v -0.034924840146493 0.10402099146819052 -0.11922436381164278
v -0.037549208755436325 0.10533603267090715 -0.11731678664251552
v -0.03838627014190843 0.10816933260157137 -0.11660609030708496
v -0.04312755965156345 0.10681196773853036 -0.1171701596594335
v -0.041275691063500375 0.10501403462342992 -0.11547607108562957
v -0.0391071692308671 0.10327371224799495 -0.11618301981200625
v -0.04753178013417614 0.09956374661991971 -0.11873483188441605
v -0.04592636959419316 0.09774668288275126 -0.116759342616476
v -0.04357173822287308 0.0963804107110585 -0.1172913589714634
v -0.049111317490533324 0.09033302691343612 -0.12150099012962988
v -0.04677792921413637 0.08908362756386261 -0.1219293421189572
v -0.04668831720899824 0.10866409088230392 -0.14290887705932517
v -0.050539158645142024 0.09209516857827818 -0.12336729320542023
v -0.05587808007274386 0.06988221255815551 -0.12943113895431957
v -0.05390808938649094 0.0689991148773531 -0.1294565827182553
v -0.05724070897905431 0.0708507350567255 -0.13125913269133424
v -0.04937476047780898 0.1001609487172823 -0.14464572526998967
v -0.04502821821656333 0.10863803560980428 -0.14584488749351668
v -0.057428277639412606 0.07279039872449887 -0.14790029279774985
v -0.04321114920352809 0.10742721248650977 -0.14594608151122068
v -0.04776104820308724 0.10017020808294719 -0.14732674226909218
v -0.045987399980707444 0.0990927181967285 -0.14733813835106754
v -0.04677792921413637 0.08908362756386261 -0.1219293421189572
v -0.05618697994529498 0.07229630901241875 -0.14978775722369086
v -0.054648226470167316 0.07153405629269215 -0.149427907052987
v -0.05390808938649094 0.0689991148773531 -0.1294565827182553
v -0.05911980973661368 0.03753587048557193 -0.13586919390873292
v -0.06051933630140116 0.03711147729637199 -0.14688852887863965
v -0.05898712980030929 0.01272339836948144 -0.14229286973641403
v -0.061580890232751706 0.037397608024318164 -0.1474996434842111
v -0.05903801786069529 0.012501937704360751 -0.14491185968636272
v -0.05970147953104643 0.011304668314124458 -0.14227806828081427
v -0.05972744808210173 0.011087247635704636 -0.14495064519331077
v -0.06244801858556226 0.03778867677790437 -0.14656155229860998
v -0.06016980036713626 0.012586737206620518 -0.14500498601163034
v -0.06019807680998568 0.0127767180830316 -0.14301563092677208
v -0.05970147953104643 0.011304668314124458 -0.14227806828081427
v -0.06154251914748876 0.03815176004866212 -0.13745386706708762
v -0.06057418687848326 0.037850649711721265 -0.1360810813695854
v -0.05898712980030929 0.01272339836948144 -0.14229286973641403
v -0.05911980973661368 0.03753587048557193 -0.13586919390873292
v -0.001972189948584363 0.06705024671490542 -0.2438097461551323
v 0 0.05166565815172793 -0.25920393366299893
v 0 0.0414329134084874 -0.2442651941871087
v -0.0011690100021136546 0.050119616974098426 -0.23285187023898216
v -0.0010278700062363588 0.027633961753906172 -0.2257838014025432
v 0 0.021811799158387456 -0.23301339502342433
v -0.0021073700016579766 0.0571647936186251 -0.22359524217291088
v -0.0011103399594797198 0.002773804667318454 -0.2186372063013687
v 0 -0.0003649672085731165 -0.22289726863993745
v -0.0018490700010418137 0.03235594614015877 -0.21992040316494021
v -0.0019984899014572066 0.0053194665187435335 -0.2151821402959073
v -0.001054239994565248 -0.019873603267236275 -0.2135665892535103
v 0 -0.021188713789555277 -0.21606243090425145
v -0.0018996999733217057 -0.018981082625195565 -0.21136672984378968
v -0.000701939969466478 -0.029348502778761564 -0.2118504875501655
v 0 -0.029609063989712765 -0.2141320388955432
v 0 -0.034004574881858256 -0.21287759340686013
v 0 -0.03510276366120181 -0.2108804273388879
v -0.0012567899840297547 -0.029125912244508133 -0.21000709233335726
v 0 -0.035993514080209045 -0.20926070656516593
v -0.0016091400025232128 -0.028984841997630052 -0.20883889852658058
v 0 -0.03655793162396832 -0.20823434299293092
v -0.0024357599965685595 -0.01858131146221513 -0.20999616641983565
v -0.0017262199135224532 -0.02893800216478691 -0.20845105825902602
v 0 -0.03674534283421664 -0.20789357601997327
v -0.0025595300817594646 0.006932607332905736 -0.21299279059575388
v -0.0026136099708018445 -0.018449071254785624 -0.20951168082024987
v -0.004346609912515953 -0.031556932280738484 -0.20747253036942073
v 0 -0.04083052345817108 -0.2070726709815568
v -0.006294299819447846 -0.018932670923118514 -0.20869876866391185
v -0.002745380042224077 0.0074681880838361175 -0.21226584295343598
v -0.0023680500156868234 0.035348195883882265 -0.21620475531733443
v -0.006994739614544665 0.007656998007075414 -0.2113259015783362
v -0.0025400798945111047 0.0363416268995928 -0.21497117785583242
v -0.002702020048304943 0.061629197718146046 -0.21772949781839154
v -0.002631249965028837 0.07739486668567827 -0.2282905494875671
v -0.0028994398661083 0.06311145619223514 -0.21578198081844416
v -0.001088269999140426 0.06777945456766267 -0.24433791030059246
v 0 0.05166565815172793 -0.25920393366299893
v 0 0.06825052677623936 -0.24434265974152933
v -0.0030488800321024634 0.08286844522372774 -0.21906674641626647
v -0.0012930899569446597 0.07880056344169076 -0.22879176300103854
v 0 0.07956487605899765 -0.22928034967190583
v -0.0014228599945561582 0.08470280906527303 -0.2195508892888642
v 0 0.08597563992790515 -0.2199990784686227
v -0.0031875398042602865 0.0859306945596061 -0.21569640499592085
v -0.0014659399956627184 0.08803438555479201 -0.21623837876225976
v 0 0.08940439583749503 -0.2166715952842759
v -0.00453223993184626 0.09180217223641493 -0.21441890277197376
v 0 0.09470958171059542 -0.21532455095569322
v -0.008838699858515708 0.08533525883266854 -0.21442305883298132
v -0.014964679145112347 0.08495585938570505 -0.2117267161750569
v -0.007691479749422969 0.06312417859728914 -0.21449686649835326
v -0.007106219967315641 0.03659299673908871 -0.21379535468772787
v -0.014634879500384335 0.06291583964904575 -0.21202549566972598
v -0.01584493959296629 0.0363135782189795 -0.21079223409748887
v -0.02710596977682478 0.10281558915847398 -0.2007489762252112
v -0.027061499944444734 0.08436443183902921 -0.20138238206052694
v -0.027375099047084905 0.0625069117842246 -0.20237026761712995
v -0.03660090841499919 0.08383301195475679 -0.18287570185173851
v -0.03574877897466466 0.10260482382280911 -0.18018148215264293
v -0.035410758657512975 0.11708857297350353 -0.1759992240038811
v -0.03991652876325258 0.08271601172233038 -0.15014677108666136
v -0.0350975386404051 0.11159827860208685 -0.14688419315239035
v -0.037885269271911604 0.10132876046656854 -0.1467269196054012
v -0.03566827932741612 0.11288201114963772 -0.1434136009463308
v -0.037799388517453014 0.0623345934279127 -0.18312901031781723
v -0.03666191972802757 0.10599694978833804 -0.1431048086450604
v -0.027473270279021467 0.036172813818765505 -0.20187593208044807
v -0.036273969793156446 0.11013412356952561 -0.1399109831344746
v -0.035819830093834604 0.11409816615473936 -0.14053227455949371
v -0.034924840146493 0.10402099146819052 -0.11922436381164278
v -0.037351469158720896 0.11987567787812085 -0.14064256874751824
v -0.03669267810822996 0.1178838059785018 -0.13752961296443347
v -0.033368899076382075 0.11854031176433057 -0.11803782566634692
v -0.034444920246789135 0.11316950350771281 -0.1195564741362994
v -0.03381848974931634 0.11030199688322848 -0.11496967161155208
v -0.03463138979752234 0.10889082508367921 -0.11761359978514738
v -0.0342835895504745 0.10134510655767823 -0.11487434914752925
v -0.031845180276516505 0.09835265915907714 -0.10995237773714191
v -0.03378376885241785 0.08199193724443293 -0.10953348086237526
v -0.04040481953908159 0.061354607634738115 -0.15024686227432807
v -0.036785318029255 0.03577818213720144 -0.1823541227956109
v -0.0276975601681122 0.007468193207022682 -0.19928963486066725
v -0.016864670138105664 0.007468189233613704 -0.2084705242447392
v -0.01622691952675015 -0.019432479879312892 -0.20527225474566094
v -0.015411510123055194 -0.04674973990255792 -0.20118710612851437
v -0.005012469775696027 -0.050278240666847204 -0.2046967410821255
v 0 -0.04861300152583941 -0.20548647930990585
v -0.00453238983752452 -0.06882180309061288 -0.20146435164681475
v -0.001985809907634334 -0.051212002179924256 -0.2043353554437717
v 0 -0.04987998165045679 -0.20521679889541183
v 0 -0.05249399405602259 -0.20709368643066817
v -0.0020194799746689196 -0.0672609102323046 -0.20226887179529776
v -0.001984239921326042 -0.05375206190870198 -0.20621266261814258
v 0 -0.06019286646951946 -0.2153292533268041
v -0.0031063699027962244 -0.08309797758484823 -0.19684184963520188
v -0.0012736800028306239 -0.07935055277407364 -0.19807119421884622
v -0.002017060026145129 -0.06775906252816523 -0.20392883720552454
v 0 -0.08973659005964206 -0.1953353854851418
v 0 -0.08950347436655555 -0.19686462143798752
v 0 -0.0939661163134017 -0.19407037333502455
v -0.001271830023709758 -0.07972255309278826 -0.19994546936561233
v 0 -0.08848045085827094 -0.20357459813015458
v -0.00298171990405649 -0.10018617063644186 -0.19249978424895284
v 1.499999928579201e-7 -0.09677064341972401 -0.19323155868041886
v -9.99999975123501e-9 -0.09913464057175252 -0.19514865320171035
v -0.0012683799579356614 -0.08135485505274517 -0.2081697084484002
v 0 -0.09443158313604032 -0.21713100081674613
v -0.0019656098939714595 -0.061126274966175745 -0.21444990807947623
v -0.002003859981808215 -0.06994487679186562 -0.21121284858602596
v -0.001926030026539488 -0.07384971999448846 -0.22617389975860927
v 0 -0.07319353032346866 -0.22705089888307137
v -0.0019665400244323894 -0.08024874062252603 -0.22386991597519268
v -0.0012563000338606523 -0.0889128994272305 -0.2198751813366341
v 0 -0.10149753150628556 -0.22869342270263332
v -0.0011937899620728942 -0.09970591513199151 -0.24166560683244032
v 0 -0.09946479791275536 -0.24253989739602408
v -0.0015272698955103026 -0.1002247698869169 -0.23734788423503944
v -0.0010637799412657328 -0.10029554061476058 -0.23257760515073456
v 0 -0.10605981595984337 -0.23451909363161424
v -0.0008934599706502261 -0.1088110821012216 -0.23944731940565409
v 0 -0.11250342390153273 -0.24224370126862324
v -0.0008378200045715267 -0.11074146298549976 -0.24262685000638046
v -0.0005484399821957947 -0.11247333650049268 -0.2456254114239473
v 0 -0.11338062442351883 -0.24661643137918918
v -0.0017218198987434818 -0.10119534936596693 -0.19428206777557822
v -2.699999944202136e-7 -0.10503130508043865 -0.1973916171757405
v -3.999999900494004e-8 -0.10342286544406136 -0.1937606742640453
v 9.99999952386134e-8 -0.10398905175168059 -0.19173728231281323
v 6.499999872408807e-7 -0.11471505434976116 -0.18729416752059908
v -0.0026468198899890494 -0.11856467469965638 -0.18539322636028308
v -0.001490540024104564 -0.11922178563453822 -0.18771191366443754
v 3.199999920395203e-7 -0.11757159590474646 -0.18992132966137798
v -3.999999900494004e-8 -0.12269998971604167 -0.19155842455814923
v 3.7999997463077344e-7 -0.12177690783080736 -0.1868865840405958
v 5.199999825167471e-7 -0.1228706095038957 -0.18466339715473082
v -0.002623329998031332 -0.13456319927526936 -0.18048387765805254
v 9.99999952386134e-8 -0.13141451995012415 -0.18211912493410698
v -0.002389349884032832 -0.1501162050663604 -0.1746551488773227
v -0.0016921899834530796 -0.1348722572519096 -0.18290132758259242
v 6.999999939551342e-8 -0.13289940100937403 -0.184002993707619
v 3.000000039057338e-8 -0.13685794177972008 -0.18630661195700085
v 7.999999800988008e-8 -0.13757285301785466 -0.18235796127088288
v 1.2000000156229352e-7 -0.13876648051784984 -0.1795711909651034
v 0 -0.14732266451444878 -0.17623990852607946
v -0.0014110599142821145 -0.15069092825594144 -0.1775718853868286
v 0 -0.14913199525632875 -0.17856759816696963
v 0 -0.1529440704392279 -0.17994077362487826
v 0 -0.15370497750592754 -0.17637176160722212
v 0 -0.15500188785822863 -0.17332414226390105
v -0.002238219926397056 -0.16442685951917574 -0.1695794798810355
v 0 -0.16109168915362673 -0.17113992099813466
v 0 -0.1633843036458022 -0.1726104289197881
v -0.001385509936835394 -0.1651723854929478 -0.1715369343908256
v 0 -0.16776706713502026 -0.17412495781590395
v 0 -0.16684570236275645 -0.17110078045994795
v 0 -0.16713371141878153 -0.16913504774375648
v 0 -0.17649932644860292 -0.16558834909895864
v -0.0018260798940193668 -0.1793424962376421 -0.16408388881483368
v 0 -0.1786533720697719 -0.16709519205505302
v -0.0009451799628470842 -0.18020234878543145 -0.16635096320213405
v 0 -0.18239166139089824 -0.1682113332264337
v 0 -0.18189574992653007 -0.16555048659272179
v 0 -0.18257550930923963 -0.16351917911003763
v 0 -0.19184205683323674 -0.16058285114815377
v -0.0014867800141845633 -0.19543233511017902 -0.1591038918896225
v 0 -0.19386930194087068 -0.1621791106490462
v -0.0009348699986591186 -0.19580056844606059 -0.16107990501642358
v 0 -0.19749349373018552 -0.16351497842358165
v 0 -0.19724149403729382 -0.16092527582195315
v 0 -0.1977282869154503 -0.15876845531746683
v 0 -0.208130412646856 -0.15589953271411547
v -0.0011914399744993448 -0.21094028025059633 -0.15480026959486337
v -0.0007070799758937957 -0.21110396947609036 -0.15665303944830564
v 0 -0.20953147514693568 -0.15738340188340436
v 0 -0.2119089857729037 -0.15899846773622583
v 0 -0.21188277809443717 -0.15666298603576426
v 0 -0.21225472959350172 -0.15478764254835672
v 0 -0.22203355301809757 -0.1524804724687365
v -0.0011012499533314263 -0.22383328892439755 -0.15193078356904605
v 0 -0.22341558009366036 -0.15368497228180172
v -0.0013205446007726052 -0.23183223168884068 -0.14933595723660442
v 0 -0.22638612243424777 -0.1515411877531394
v 0 -0.22584601897657586 -0.15309146185498887
v -0.0006518799665895109 -0.2243441536026071 -0.1532717449077431
v 0 -0.22577052665728686 -0.1548795345134723
v 0.001692360005698501 -0.1348722477151604 -0.18290130850910846
v 3.000000039057338e-8 -0.13685794177972008 -0.18630661195700085
v 6.999999939551342e-8 -0.13289940100937403 -0.184002993707619
v 7.999999800988008e-8 -0.13757285301785466 -0.18235796127088288
v 9.99999952386134e-8 -0.13141451995012415 -0.18211912493410698
v 0.002623169959563687 -0.13456318973850862 -0.18048382043759487
v 1.2000000156229352e-7 -0.13876648051784984 -0.1795711909651034
v 5.199999825167471e-7 -0.1228706095038957 -0.18466339715473082
v 0.0023893399002550553 -0.1501162050663604 -0.1746551488773227
v 0 -0.14732266451444878 -0.17623990852607946
v 0.002645690083972585 -0.11856452211168064 -0.1853929593315133
v 3.7999997463077344e-7 -0.12177690783080736 -0.1868865840405958
v 0.0014110599142821145 -0.15069092825594144 -0.1775718853868286
v 0 -0.14913199525632875 -0.17856759816696963
v 0 -0.1529440704392279 -0.17994077362487826
v 0 -0.15370497750592754 -0.17637176160722212
v 0 -0.15500188785822863 -0.17332414226390105
v 0.002238219926397056 -0.16442685951917574 -0.1695794798810355
v 0 -0.16109168915362673 -0.17113992099813466
v 0 -0.1633843036458022 -0.1726104289197881
v 0.006064820154052519 -0.15006356167449605 -0.17277976737157089
v 0.006746269909748359 -0.13323427256879353 -0.17855871473824994
v 0.001385509936835394 -0.1651723854929478 -0.1715369343908256
v 0 -0.16776706713502026 -0.17412495781590395
v 0 -0.16684570236275645 -0.17110078045994795
v 0 -0.16713371141878153 -0.16913504774375648
v 0 -0.17649932644860292 -0.16558834909895864
v 0.0018260798940193668 -0.1793424962376421 -0.16408388881483368
v 0 -0.1786533720697719 -0.16709519205505302
v 0.005102379804051371 -0.1645241910627789 -0.16806163084097853
v 0.0009451799628470842 -0.18020234878543145 -0.16635096320213405
v 0 -0.18239166139089824 -0.1682113332264337
v 0 -0.18189574992653007 -0.16555048659272179
v 0 -0.18257550930923963 -0.16351917911003763
v 0 -0.19184205683323674 -0.16058285114815377
v 0.0014867800141845633 -0.19543233511017902 -0.1591038918896225
v 0 -0.19386930194087068 -0.1621791106490462
v 0.0037795298446819947 -0.17934249594189436 -0.1631076505370464
v 0.0009348699986591186 -0.19580056844606059 -0.16107990501642358
v 0 -0.19749349373018552 -0.16351497842358165
v 0 -0.19724149403729382 -0.16092527582195315
v 0 -0.1977282869154503 -0.15876845531746683
v 0 -0.208130412646856 -0.15589953271411547
v 0.001191429990721568 -0.21094028025059633 -0.15480026959486337
v 0.0026733600495749688 -0.1954323349223255 -0.15848380329516723
v 0.000707069992116019 -0.21110396947609036 -0.15665303944830564
v 0 -0.20953147514693568 -0.15738340188340436
v 0 -0.2119089857729037 -0.15899846773622583
v 0 -0.21188277809443717 -0.15666298603576426
v 0 -0.21225472959350172 -0.15478764254835672
v 0 -0.22203355301809757 -0.1524804724687365
v 0.0011012600116150073 -0.22383328892439755 -0.15193078356904605
v 0 -0.22341558009366036 -0.15368497228180172
v 0.0017464899626413732 -0.21094028017256697 -0.1545427012283503
v 0.0006518799665895109 -0.2243441536026071 -0.1532717449077431
v 0 -0.22577052665728686 -0.1548795345134723
v 0 -0.22584601897657586 -0.15309146185498887
v 0 -0.22638612243424777 -0.1515411877531394
v -4.4364290804153975e-10 -0.2318322317333736 -0.14948295659980912
v 0.0013205437067029535 -0.23183223168884068 -0.14933595723660442
v 0.0014594399602836372 -0.22383328887546453 -0.15176925974559996
v 0.004163989927679523 -0.21094027970622822 -0.15300335639809215
v 0.0010871450360012413 -0.24370692904726318 -0.15661485398741742
v 0 -0.24400390348886886 -0.1574441977162105
v 0.003920980008222608 -0.2238332885032851 -0.15054072692041545
v 0.0010358600086899095 -0.2577628528797758 -0.1691443281495836
v 0 -0.25763414524230555 -0.16997562703973831
v 0.005993189677748312 -0.19543233427782622 -0.156356365644656
v 0.0009809499759759754 -0.27543375630819444 -0.1840023973962511
v 0 -0.27475924177150846 -0.18483592804971818
v 0 -0.29550107206912263 -0.20008294291004206
v 0.008004230081940511 -0.17934249511572717 -0.16038054245975997
v 0.0010550699892251936 -0.29642596426418266 -0.19923754847189915
v 0 -0.3151577149370004 -0.2107251033877626
v 0.010094539893540588 -0.16452419007598817 -0.16480431797604914
v 0.0011291400090797238 -0.3158690412060663 -0.20957054686585813
v 0 -0.3233386968308299 -0.21397562361297348
v 0.01209624025010525 -0.15006356046964028 -0.16880264018615587
v 0.0010970099770200997 -0.32494567615656056 -0.2136821012369071
v 0 -0.3268570689069741 -0.21528478853796726
v 0.014502689514249045 -0.13366796387759522 -0.17316057450365022
v 0.018524130168762865 -0.1500635572829517 -0.15828365033165065
v 0.020874528418305616 -0.13409007556430871 -0.16110922058719818
v 0.01677759967496395 -0.11856458636633983 -0.17713227032082304
v 0.016237920159744013 -0.16452418739452593 -0.15595303751834774
v 0.008111109552284113 -0.1185645977410263 -0.18319916502020442
v 0.023453249407114463 -0.11856458233113384 -0.16381239614186965
v 0.020012859850834452 -0.10018611036565343 -0.18243090961079658
v 0.025836929697462985 -0.1185645769983024 -0.14620916994601665
v 0.023117520292456728 -0.13442485819425892 -0.14543613579238795
v 0.019195209312546035 -0.13347520285789352 -0.1272835553157807
v 0.02070570899458879 -0.15006355307636596 -0.1443980660692705
v 0.01739362916215592 -0.15006366320962547 -0.13017883883801454
v 0.010723219870256928 -0.15006358245373158 -0.1154503304342552
v 0.005641929977195037 -0.15006353318694385 -0.11022474816664829
v 0.009046419656729254 -0.164524214675924 -0.12008669016510497
v 0.00291081004789151 -0.15006353285278817 -0.1091217284217244
v 0.004387519857566358 -0.16452417517806972 -0.11562754735660201
v 0.001757789959956929 -0.149299247549158 -0.1053305012074954
v 0 -0.1457714815911614 -0.10339556379180885
v 0 -0.1513630352230768 -0.09955075722752173
v 0 -0.15159657260087492 -0.10484781731638985
v 0 -0.15421828201417387 -0.1095495836202286
v 0 -0.15924650196266704 -0.11148432030974623
v 0.002455559914062322 -0.164524174896262 -0.11469732386585654
v 0.0013567599350938209 -0.1647867394998002 -0.11134183968453235
v 0 -0.1621081919494641 -0.10945838135260455
v 0 -0.16747354420790633 -0.10773904793820947
v 0 -0.16749277138255772 -0.11136972430253464
v 0 -0.1696546379538367 -0.1155849642429399
v 0 -0.17381916265664157 -0.11726520365898159
v 0.001857859897810371 -0.1793424829657352 -0.12027444508058362
v 0.001073689958296195 -0.17982967601320854 -0.1168833887782213
v 0 -0.17711298145584745 -0.11488997180612101
v 0 -0.18217973816272548 -0.1127916196881111
v 0 -0.18309267274676413 -0.1167828514404869
v 0 -0.185473693792605 -0.12136310063247714
v 0 -0.1892893833377086 -0.1225264868073538
v 0.003206500041339544 -0.17934248313742698 -0.12084118513230065
v 0.0011795199398803718 -0.1954323247617907 -0.12494473605098853
v 0.007186440068786437 -0.1793425225409313 -0.12498888651066373
v 0.0006539899709673974 -0.19441851088488596 -0.12220494441207327
v 0 -0.1911004676154789 -0.12081088333639141
v 0 -0.19660217592972 -0.11809553239702998
v 0 -0.19652552070383503 -0.12178526984245418
v 0 -0.19982004708154755 -0.12554806725799617
v 0 -0.20372973072748032 -0.12657149215784308
v 0.0023124099751023197 -0.19543232492042364 -0.12546837002240938
v 0.0009215999933719632 -0.2109402724492915 -0.12904882120359099
v 0.0005083899831386657 -0.2095619069952934 -0.12623376569597863
v 0 -0.20550383153237045 -0.1249157508365845
v 0 -0.2100306940996482 -0.12274928746056815
v 0 -0.21067047707775083 -0.12607815431762096
v 0 -0.21286387160669432 -0.12858975993917635
v 0 -0.2191657899409092 -0.12901815808157913
v 0.0007320599839375913 -0.22383328221640822 -0.12978827730965006
v 0 -0.2211075085483395 -0.12736255976069275
v 0.0016143399116171908 -0.21094027258360962 -0.12949219394231878
v 0.0057029699004522705 -0.19543234496882406 -0.12868647733509903
v 0.00044130998608522126 -0.2232855674841053 -0.12819154052336806
v 0 -0.2245279183689537 -0.12594175561504864
v 0 -0.22516247482776278 -0.12800341815389818
v 0 -0.22699766898134882 -0.12955053487408538
v -4.4364290804153975e-10 -0.23183222578626886 -0.12985206616319236
v 0.0010816924777248688 -0.231832225963684 -0.13043769850364098
v 0.0012801299703092128 -0.22383328231911068 -0.13012728946504132
v 0.0005693868420410114 -0.24252749054953657 -0.12240266467588168
v 0 -0.24213974553666692 -0.12207732832803254
v 0.00379340729579164 -0.23183224556917353 -0.13219379443853305
v 0.0005270399780488016 -0.2515886898805182 -0.10945295644804241
v 0 -0.2512082118534057 -0.10908558213295956
v 0.0028633489564802717 -0.23987381826924342 -0.13188485873575045
v 0.0005069899818228932 -0.26608773891815307 -0.09189451994363822
v 0 -0.26571721723391734 -0.09147016358355468
v 0.004417720040282902 -0.2511605320133686 -0.12188357711572853
v 0.000589670004181489 -0.2804159471307349 -0.07564563095159814
v 0 -0.28015866470709 -0.07511935061181861
v 0.0032280700677319585 -0.25876886579131525 -0.10922373864453441
v 0.001807389963998124 -0.2712979098580236 -0.09205834054384879
v 0.0007002600125910335 -0.2957664377800437 -0.061910941930109965
v 0 -0.29541250999991725 -0.06138935369737554
v 0 -0.3004181356248203 -0.0574537145978097
v 0.0012928700158103545 -0.2837426687422439 -0.07672802648104045
v 0.003386540039184538 -0.26794908807311857 -0.11077441034487162
v 0.0019625000216998145 -0.2777757432509038 -0.09344197700171687
v 0.0008554500150207422 -0.29761238916448485 -0.06274594524687102
v 0.004581719832530917 -0.2623339527825217 -0.12355749154755839
v 0.0014251400211794663 -0.2875358899449838 -0.07863462538321095
v 0.0007861299637079988 -0.30028626227886474 -0.059903560973354225
v 0.0009599199676531556 -0.29947537325247786 -0.06384432480173305
v 0.0007199600178012244 -0.30101206514854784 -0.05816835028668506
v 0.0007961199999722834 -0.30131277843146986 -0.06044314006880812
v 0.0007820699934198705 -0.3003650562804616 -0.06461526056584031
v 0.0007210399794346095 -0.3031560399018253 -0.05945458929684556
v 0.0007315099820902199 -0.3043160883083891 -0.055942211109120364
v 0 -0.3060356008587402 -0.054500517242276884
v 0.0007315099820902199 -0.3047523753471148 -0.0562735079069066
v 0 -0.3063392318099317 -0.05487655571204494
v 0 -0.30412317998381255 -0.05898397932589487
v 0 -0.3013549514166808 -0.06541356198485636
v 0.0010357200122836224 -0.29007340812275956 -0.08048262614579643
v 0 -0.29139750901934525 -0.08168912869253013
v 0.0013386100231421727 -0.28272390226922955 -0.09547875687017211
v 0 -0.2848605718315344 -0.09661478263680562
v 0.0017478099074704212 -0.2752739182192865 -0.113552490096753
v 0 -0.2780821080932645 -0.11488626957168238
v 0.0020661699310056125 -0.2714116174629336 -0.1268821978282518
v 0 -0.2747150886143351 -0.1283619274745652
v 0 -0.27708636381482554 -0.1352740534888931
v 0.0037147598628380907 -0.26642722196102797 -0.1352150719599358
v 0 -0.27305653812558606 -0.1403586552992341
v 0.005703739396399121 -0.2588059701863532 -0.13055789144621724
v 0.003358519896301926 -0.2670509456665612 -0.1405355923194322
v 0.0054911212885874194 -0.24873371958180038 -0.13069255331477625
v 0.0051783500944446725 -0.2628504096279255 -0.13689908073484075
v 0.00603927002759419 -0.25703032523237657 -0.13486541964563312
v 0.00655792996530391 -0.24767554302048092 -0.13536666417748044
v 0.007215623694309059 -0.23868010527449277 -0.1357805234204317
v 0.008058389841205105 -0.25653578949309713 -0.14023911722525853
v 0.008817739885648934 -0.24743601973858503 -0.14053606556212853
v 0.00593666957460337 -0.2635294077082666 -0.14027172123234966
v 0.005184999588467187 -0.26243348433557045 -0.1436885555366114
v 0.008132439073940234 -0.24814277002026788 -0.14482624567321584
v 0.003987750023877246 -0.2675842990793214 -0.1454862587226673
v 0 -0.27683171647910376 -0.14447470308249424
v 0 -0.27334987186054127 -0.14887695073452734
v 0.007403622700193013 -0.25729350427955233 -0.1450174736802606
v 0.005530970569007754 -0.25755616678129056 -0.15001583341938576
v 0.005660755507780113 -0.24855809664900608 -0.14962060488741594
v 0.002039189889151083 -0.27049073757477615 -0.15042027325295926
v 0.004834130000305248 -0.2629531067595907 -0.15498291108465578
v 0.004912969956257118 -0.2532019018797926 -0.15773844161144995
v 0.0017634600006760648 -0.27928117734353247 -0.1627463111994704
v 0 -0.28111564582599874 -0.16139318026564892
v 0 -0.29033312209328954 -0.1743836906811618
v 0.0037103300457373978 -0.2722746280667854 -0.16523069220562633
v 0.0014669300287903086 -0.28969906251035643 -0.17550813014391187
v 0 -0.30560483005197114 -0.19327385762919302
v 0.002452489976901784 -0.28633476781250083 -0.17998038699384125
v 0.0011007600031623238 -0.3051174836388401 -0.19409758445371386
v 0 -0.31906552738248706 -0.20515087567002968
v 0.0037148698334052432 -0.26334104658664603 -0.1687737286100647
v 0.002361939943687469 -0.28132801662870166 -0.18317935557925277
v 0.0018675799250398584 -0.2997569959257814 -0.1984782319510096
v 0.0035898887308711824 -0.23958005383397699 -0.1497405035456617
v 0.008166509684178758 -0.23854281726145268 -0.14550289006447106
v 0.004038555531832078 -0.23183223139712328 -0.14837302271589967
v 0.009544523741054745 -0.2382120433641772 -0.14059044686752611
v 0.007612351008973617 -0.2318322305174727 -0.1454693704442675
v 0.007942889751280324 -0.22383328751524337 -0.14727928464558157
v 0.006929794991095473 -0.23183226580877886 -0.13604305296805486
v 0.009153105411981666 -0.2318322290331234 -0.14056965869959312
v 0.00942644992262609 -0.22383328577834447 -0.1415459280108607
v 0.007284319834016562 -0.22383332242747667 -0.13660167967436435
v 0.003953889818030076 -0.22383330196879223 -0.1320292594274136
v 0.004499239821003975 -0.21094029228502661 -0.1315649383692626
v 0.008352370075455973 -0.21094033207364207 -0.13698385903639554
v 0.010609060288763184 -0.21094027649911068 -0.142416932230805
v 0.01053379988967329 -0.19543240436717602 -0.13587551294996372
v 0.01291722984051935 -0.17934256353457875 -0.1343855161045608
v 0.012938869902367811 -0.1954323302156503 -0.14294746596579885
v 0.009047239816623032 -0.2109402785316042 -0.14912602169591146
v 0.011258109556329776 -0.19543233275480892 -0.15132901412593647
v 0.015527609239646578 -0.17934248998681565 -0.14345043868856736
v 0.013694339684523493 -0.1793424930835948 -0.15367264508758208
v 0.018272670099005017 -0.1645241837169613 -0.14381370727164736
v 0.015365199699285625 -0.1645242755956061 -0.132297507840527
v -2.699999944202136e-7 -0.10503130508043865 -0.1973916171757405
v 0.001720719895048739 -0.10119529214546012 -0.1942819151877007
v -3.999999900494004e-8 -0.10342286544406136 -0.1937606742640453
v -9.99999975123501e-9 -0.09913464057175252 -0.19514865320171035
v 9.99999952386134e-8 -0.10398905175168059 -0.19173728231281323
v 0.0029820200134362262 -0.10018605619543983 -0.1924995172201715
v 1.499999928579201e-7 -0.09677064341972401 -0.19323155868041886
v 6.499999872408807e-7 -0.11471505434976116 -0.18729416752059908
v 0 -0.0939661163134017 -0.19407037333502455
v 0.0031061699292174727 -0.08309797758484823 -0.19684184963520188
v 0 -0.08973659005964206 -0.1953353854851418
v 0.001491109993507489 -0.11922170934054457 -0.18771176107656581
v 3.199999920395203e-7 -0.11757159590474646 -0.18992132966137798
v -3.999999900494004e-8 -0.12269998971604167 -0.19155842455814923
v 0.0102816293325656 -0.10018611260580251 -0.18982545250981628
v 0.013069200223627675 -0.07353977634928203 -0.19639789805074617
v 0.015411510123055194 -0.04674973990255792 -0.20118710612851437
v 0.004531979757577631 -0.06882180309061288 -0.20146435164681475
v 0.004346749983428044 -0.031556932280738484 -0.20747253036942073
v 0.005012469775696027 -0.050278240666847204 -0.2046967410821255
v 0.0012739799631987514 -0.07935055277407364 -0.19807119421884622
v 0 -0.08950347436655555 -0.19686462143798752
v 0.002019469990891143 -0.0672609102323046 -0.20226887179529776
v 0.0012720699323996165 -0.07972255309278826 -0.19994546936561233
v 0 -0.08848045085827094 -0.20357459813015458
v 0.0012682699873685088 -0.08135485505274517 -0.2081697084484002
v 0 -0.09443158313604032 -0.21713100081674613
v 0.002016929939010814 -0.06775906252816523 -0.20392883720552454
v 0.0012563000338606523 -0.0889128994272305 -0.2198751813366341
v 0 -0.10149753150628556 -0.22869342270263332
v 0.0020037099271183467 -0.06994487679186562 -0.21121284858602596
v 0.0010637799412657328 -0.10029554061476058 -0.23257760515073456
v 0 -0.10605981595984337 -0.23451909363161424
v 0.0019665400244323894 -0.08024874062252603 -0.22386991597519268
v 0.0015272698955103026 -0.1002247698869169 -0.23734788423503944
v 0.0008934599706502261 -0.1088110821012216 -0.23944731940565409
v 0 -0.11250342390153273 -0.24224370126862324
v 0.0008378200045715267 -0.11074146298549976 -0.24262685000638046
v 0.0011937899620728942 -0.09970591513199151 -0.24166560683244032
v 0.0005484399821957947 -0.11247333650049268 -0.2456254114239473
v 0 -0.11338062442351883 -0.24661643137918918
v 0 -0.09946479791275536 -0.24253989739602408
v 0 -0.07319353032346866 -0.22705089888307137
v 0.001926030026539488 -0.07384971999448846 -0.22617389975860927
v 0 -0.06019286646951946 -0.2153292533268041
v 0.0019656098939714595 -0.061126274966175745 -0.21444990807947623
v 0.001984049931525067 -0.05375206190870198 -0.20621266261814258
v 0 -0.05249399405602259 -0.20709368643066817
v 0.0019853999766990538 -0.051212002179924256 -0.2043353554437717
v 0 -0.04987998165045679 -0.20521679889541183
v 0 -0.04861300152583941 -0.20548647930990585
v 0 -0.04083052345817108 -0.2070726709815568
v 0 -0.03674534283421664 -0.20789357601997327
v 0.00172622989730023 -0.02893800216478691 -0.20845105825902602
v 0 -0.03655793162396832 -0.20823434299293092
v 0.0016091400025232128 -0.028984841997630052 -0.20883889852658058
v 0 -0.035993514080209045 -0.20926070656516593
v 0.002435809915457443 -0.01858131146221513 -0.20999616641983565
v 0.0012567899840297547 -0.029125912244508133 -0.21000709233335726
v 0 -0.03510276366120181 -0.2108804273388879
v 0.0018997099570994824 -0.018981082625195565 -0.21136672984378968
v 0.0019982300252117946 0.0053194665187435335 -0.2151821402959073
v 0.0011102799823072551 0.002773804667318454 -0.2186372063013687
v 0 -0.0003649672085731165 -0.22289726863993745
v 0.001054239994565248 -0.019873603267236275 -0.2135665892535103
v 0 -0.021188713789555277 -0.21606243090425145
v 0.000701939969466478 -0.029348502778761564 -0.2118504875501655
v 0 -0.029609063989712765 -0.2141320388955432
v 0 -0.034004574881858256 -0.21287759340686013
v 0.003124239970946907 0.250281408639637 -0.15402333639221688
v 0.0033544199909026906 0.26526906890463403 -0.15271851416006094
v 0 0.2646084202298004 -0.15374370434172505
v 0.007468519639927451 0.26129171324888 -0.1513601755151479
v 0 0.24977252756986493 -0.15547717462673286
v 0.006955029808989988 0.2472174442945043 -0.15209715171005758
v 0.011604180076624893 0.25261545215839487 -0.1478882070006919
v 0.003418909830922412 0.21029918554230878 -0.14900112260248352
v 0 0.21019491020679457 -0.1509251224105914
v 0.01080585932420508 0.24053350471337898 -0.1471736342289111
v 0.01454912987614132 0.2448062924344889 -0.13919885808064758
v 0.007612429687102962 0.20967155415609254 -0.1464518555265103
v 0 0.1913142068504433 -0.12528128091232388
v 0.01182787987974554 0.20830248031703358 -0.1399357511866637
v 0.013606270247557672 0.23111194811175517 -0.14044106244725812
v 0.01840818006378009 0.2268740138036479 -0.12810690478519235
v 0.017141309593439624 0.2207029395265935 -0.12874219307916865
v 0.014829659130506379 0.20707020104875187 -0.13499404878735946
v 0.018763190088498805 0.20424047964122022 -0.12829634533665232
v 0.014839440252495395 0.20648831057541597 -0.12356070440689096
v 0.010713410138039059 0.22949616027993974 -0.12877640404171947
v 0.01840818006378009 0.2268740138036479 -0.12810690478519235
v 0.014558720263271319 0.2411184915724121 -0.13721431787646118
v 0.011507689695633427 0.20764534735667536 -0.12051872202235013
v 0.008336970023729573 0.23891144400005412 -0.12793117486073238
v 0.011290060029401028 0.24845106461332658 -0.13754212657969972
v 0.007853669944696051 0.20958851651072746 -0.11900009158749407
v 0.0062000797793251294 0.24519762617600824 -0.12925755657786733
v 0.007705209679040093 0.25754543690615 -0.13673296526513976
v 0.004718579842479975 0.2112355697112852 -0.11771266987060792
v 0.004311489962529613 0.2505265101077951 -0.1303820165363837
v 0.004629470006462855 0.26525497871452014 -0.13582880802976072
v 0 0.21123915500812177 -0.11942483002961764
v 0 0.2548706298619081 -0.1316756866352188
v 1.3322675997716858e-17 0.26892620529348743 -0.135908822419309
v -0.004629470006462855 0.26525497871452014 -0.13582880802976072
v -0.004311489962529613 0.2505265101077951 -0.1303820165363837
v -0.007705209679040093 0.25754543690615 -0.13673296526513976
v -0.004718579842479975 0.2112355697112852 -0.11771266987060792
v -0.0062000797793251294 0.24519762617600824 -0.12925755657786733
v -0.011290060029401028 0.24845106461332658 -0.13754212657969972
v -0.007853669944696051 0.20958851651072746 -0.11900009158749407
v -0.008336970023729573 0.23891144400005412 -0.12793117486073238
v -0.014558720263271319 0.2411184915724121 -0.13721431787646118
v -0.011507689695633427 0.20764534735667536 -0.12051872202235013
v -0.010713410138039059 0.22949616027993974 -0.12877640404171947
v -0.01840818006378009 0.2268740138036479 -0.12810690478519235
v -0.017141309593439624 0.2207029395265935 -0.12874219307916865
v -0.014839440252495395 0.20648831057541597 -0.12356070440689096
v -0.018763190088498805 0.20424047964122022 -0.12829634533665232
v -0.014829659130506379 0.20707020104875187 -0.13499404878735946
v -0.013606270247557672 0.23111194811175517 -0.14044106244725812
v -0.01840818006378009 0.2268740138036479 -0.12810690478519235
v -0.01454912987614132 0.2448062924344889 -0.13919885808064758
v -0.01182787987974554 0.20830248031703358 -0.1399357511866637
v -0.01080585932420508 0.24053350471337898 -0.1471736342289111
v -0.011604180076624893 0.25261545215839487 -0.1478882070006919
v -0.007612429687102962 0.20967155415609254 -0.1464518555265103
v -0.006955029808989988 0.2472174442945043 -0.15209715171005758
v -0.007468519639927451 0.26129171324888 -0.1513601755151479
v -0.003418909830922412 0.21029918554230878 -0.14900112260248352
v 0 0.21019491020679457 -0.1509251224105914
v 0 0.24977252756986493 -0.15547717462673286
v -0.003124239970946907 0.250281408639637 -0.15402333639221688
v -0.0033544199909026906 0.26526906890463403 -0.15271851416006094
v 0 0.2646084202298004 -0.15374370434172505
v 0.014558720263271319 0.2411184915724121 -0.13721431787646118
v 0.011290060029401028 0.24845106461332658 -0.13754212657969972
v 0.016389915576802583 0.24193670576134163 -0.13804037176661368
v 0.01840818006378009 0.2268740138036479 -0.12810690478519235
v 0.01336438387562966 0.25044420567226267 -0.13810531956667607
v 0.007705209679040093 0.25754543690615 -0.13673296526513976
v 0.018590489210400962 0.24291996332445542 -0.1372410117670663
v 0.02096946907856756 0.23663403155336565 -0.12782892120775996
v 0.009395836381707268 0.25992262256436915 -0.13748951584147096
v 0.004629470006462855 0.26525497871452014 -0.13582880802976072
v 0.015857129934643277 0.2528393972691281 -0.13699007444229122
v 0.01907291965768665 0.24224871131287198 -0.13324239809535351
v 0.015599209913629064 0.25336000894014565 -0.13419332922220806
v 0.015315539494554553 0.25052574732130267 -0.12987703643487758
v 0.011427489263694968 0.2627793352523102 -0.1366066431472776
v 0.011628069617716896 0.2567082470818091 -0.12770740056766078
v 0.01099554990986995 0.25976154891266134 -0.13106990463759163
v 0.007468029689758349 0.2646581905047883 -0.12882912427485335
v 0 0.2690646616633602 -0.129542083011738
v 0.007230369883096888 0.26759098607914444 -0.13208116420914662
v 0 0.2735133417669671 -0.1325042159417841
v 0.011221799599637095 0.26296484470216547 -0.13424092048166458
v 0.00740381999156281 0.27110714456769486 -0.1342812633730458
v 0 0.2749133540176548 -0.1350065815475665
v 0.0075614897706771655 0.27120573481526705 -0.1362815858002682
v 0 0.27466188847770434 -0.13728167652039872
v 0 0.2727866593506346 -0.1379196268672017
v 0.005961168871197797 0.2679577486776222 -0.13696747694041395
v 1.3322675997716858e-17 0.26892620529348743 -0.135908822419309
v 0 -0.3315542588202184 -0.21677684877131162
v 0.0002414900010491161 -0.3302957899201114 -0.21599353919432837
v 0 -0.3289469505236293 -0.2141683022782006
v 0 -0.33124202588267065 -0.2169164667896926
v 0.00045919000076077854 -0.3283612800485898 -0.21420917693796124
v 0.00026053999899610866 -0.33006988356253014 -0.21606203215406833
v 0 -0.32645099327703747 -0.21167108769413887
v 0.0006632400155833357 -0.3275947168248737 -0.2149124547775696
v 0.0007004799537253387 -0.3262382096333398 -0.21225097897950565
v 0.0008595199690866473 -0.3263413974947505 -0.21323305371301085
v 0.0009271799565736955 -0.3259872792787058 -0.21369827523821183
v 0.0009869599866801498 -0.32574077323727907 -0.21271694441411176
v 0.0008420099874881654 -0.31894832100878256 -0.2058210608132214
v 0.0010506899420017757 -0.3252802249929566 -0.21327585493899553
v 0.0016175000008009366 -0.3178605795555129 -0.20723610405916162
v 0.001520519967663586 -0.31684056800292815 -0.20848232785241452
v 0.0019647599317559605 -0.3027600395698678 -0.1966047759417214
v -0.02437578862065548 0.21896901877161656 -0.15279033088513655
v -0.02466057007028377 0.22281190832206474 -0.1476226473510573
v -0.017399119941909902 0.21939592199117175 -0.1513487282676043
v -0.023489410352198536 0.22072799325377349 -0.15790429564054764
v -0.018806889828885565 0.22218450539110343 -0.14648150905258078
v -0.023854269448199794 0.22902151116140212 -0.14659510327480124
v -0.015306999341242022 0.22025798511082428 -0.15552706192702997
v -0.016343549124668177 0.22699892067432434 -0.14591451296730018
v -0.01316830009590908 0.22574930051593967 -0.15117445574292668
v -0.01481615987085938 0.23243720996875003 -0.14756042301613634
v -0.021924569116728687 0.23405017782048146 -0.14966572637379313
v -0.01958168939690985 0.23546148077084042 -0.1548238366092083
v -0.012654930070304937 0.23279899445325541 -0.15222855412974154
v -0.011988359421751804 0.2258205582250029 -0.15394007321176428
v -0.012037689416758202 0.23010421447101115 -0.1570649887653957
v -0.019590990105472716 0.23255397418981896 -0.15965982295347658
v -0.014043500109534701 0.22405225386527297 -0.15853905275346805
v -0.021619250291155634 0.226327262444004 -0.16065028816610005
v 0.02466057007028377 0.22281190832206474 -0.1476226473510573
v 0.02437578862065548 0.21896901877161656 -0.15279033088513655
v 0.017399119941909902 0.21939592199117175 -0.1513487282676043
v 0.023489410352198536 0.22072799325377349 -0.15790429564054764
v 0.018806889828885565 0.22218450539110343 -0.14648150905258078
v 0.023854269448199794 0.22902151116140212 -0.14659510327480124
v 0.015306999341242022 0.22025798511082428 -0.15552706192702997
v 0.016343549124668177 0.22699892067432434 -0.14591451296730018
v 0.01316830009590908 0.22574930051593967 -0.15117445574292668
v 0.01481615987085938 0.23243720996875003 -0.14756042301613634
v 0.021924569116728687 0.23405017782048146 -0.14966572637379313
v 0.01958168939690985 0.23546148077084042 -0.1548238366092083
v 0.012654930070304937 0.23279899445325541 -0.15222855412974154
v 0.011988359421751804 0.2258205582250029 -0.15394007321176428
v 0.012037689416758202 0.23010421447101115 -0.1570649887653957
v 0.019590990105472716 0.23255397418981896 -0.15965982295347658
v 0.014043500109534701 0.22405225386527297 -0.15853905275346805
v 0.021619250291155634 0.226327262444004 -0.16065028816610005
vt 0.58984375 0.0711669921875
vt 0.5947265625 0.075439453125
vt 0.59619140625 0.06829833984375
vt 0.2481689453125 0.06915283203125
vt 0.2498779296875 0.0755615234375
vt 0.25732421875 0.073486328125
vt 0.36767578125 0.62158203125
vt 0.3828125 0.64013671875
vt 0.384765625 0.63916015625
vt 0.369140625 0.619140625
vt 0.353515625 0.61181640625
vt 0.35498046875 0.6103515625
vt 0.354248046875 0.6044921875
vt 0.384765625 0.63916015625
vt 0.386474609375 0.63232421875
vt 0.358154296875 0.60498046875
vt 0.358642578125 0.59423828125
vt 0.37109375 0.6103515625
vt 0.36328125 0.595703125
vt 0.3623046875 0.5859375
vt 0.371826171875 0.59912109375
vt 0.37060546875 0.5791015625
vt 0.360107421875 0.57666015625
vt 0.367919921875 0.58740234375
vt 0.373046875 0.58935546875
vt 0.373291015625 0.58056640625
vt 0.380615234375 0.5634765625
vt 0.38427734375 0.58740234375
vt 0.3857421875 0.6083984375
vt 0.383056640625 0.57958984375
vt 0.389404296875 0.64013671875
vt 0.391845703125 0.638671875
vt 0.388916015625 0.5791015625
vt 0.390380859375 0.56103515625
vt 0.3896484375 0.63134765625
vt 0.405517578125 0.619140625
vt 0.399169921875 0.57861328125
vt 0.402587890625 0.5771484375
vt 0.4052734375 0.58642578125
vt 0.388427734375 0.5869140625
vt 0.400634765625 0.587890625
vt 0.410400390625 0.5947265625
vt 0.388916015625 0.6083984375
vt 0.40234375 0.59814453125
vt 0.416259765625 0.60400390625
vt 0.403564453125 0.60986328125
vt 0.41943359375 0.60986328125
vt 0.486328125 0.65185546875
vt 0.48828125 0.6533203125
vt 0.50439453125 0.6357421875
vt 0.5029296875 0.6328125
vt 0.51904296875 0.62646484375
vt 0.517578125 0.625
vt 0.51904296875 0.619140625
vt 0.486328125 0.65185546875
vt 0.48486328125 0.64501953125
vt 0.51513671875 0.61962890625
vt 0.51513671875 0.60888671875
vt 0.50146484375 0.62451171875
vt 0.51025390625 0.60986328125
vt 0.51171875 0.60009765625
vt 0.50146484375 0.61279296875
vt 0.5146484375 0.59130859375
vt 0.50439453125 0.5927734375
vt 0.50634765625 0.6015625
vt 0.5009765625 0.60302734375
vt 0.50146484375 0.59423828125
vt 0.495361328125 0.57666015625
vt 0.490234375 0.60009765625
vt 0.4873046875 0.62158203125
vt 0.49169921875 0.5927734375
vt 0.4814453125 0.65234375
vt 0.4794921875 0.6513671875
vt 0.486083984375 0.59130859375
vt 0.485595703125 0.57373046875
vt 0.48193359375 0.64404296875
vt 0.466796875 0.63037109375
vt 0.475830078125 0.5908203125
vt 0.472412109375 0.5888671875
vt 0.46923828125 0.59814453125
vt 0.469482421875 0.62158203125
vt 0.45361328125 0.62060546875
vt 0.45703125 0.61474609375
vt 0.484130859375 0.62060546875
vt 0.471435546875 0.60986328125
vt 0.46337890625 0.60595703125
vt 0.486083984375 0.599609375
vt 0.473876953125 0.60009765625
vt 0.498046875 0.186279296875
vt 0.51123046875 0.204345703125
vt 0.5078125 0.18212890625
vt 0.52294921875 0.1982421875
vt 0.52099609375 0.217041015625
vt 0.53173828125 0.2099609375
vt 0.5341796875 0.2318115234375
vt 0.5419921875 0.22216796875
vt 0.55322265625 0.245361328125
vt 0.556640625 0.2333984375
vt 0.58447265625 0.2445068359375
vt 0.58203125 0.255859375
vt 0.6181640625 0.260009765625
vt 0.61865234375 0.25
vt 0.6552734375 0.2391357421875
vt 0.580078125 0.2587890625
vt 0.61865234375 0.261962890625
vt 0.6552734375 0.24951171875
vt 0.6748046875 0.2413330078125
vt 0.67626953125 0.2325439453125
vt 0.65625 0.251220703125
vt 0.68115234375 0.23974609375
vt 0.7001953125 0.230712890625
vt 0.61962890625 0.2744140625
vt 0.66259765625 0.26025390625
vt 0.7001953125 0.230712890625
vt 0.55078125 0.247802734375
vt 0.57666015625 0.2724609375
vt 0.533203125 0.2349853515625
vt 0.52099609375 0.2200927734375
vt 0.52099609375 0.217041015625
vt 0.5302734375 0.249755859375
vt 0.51123046875 0.20751953125
vt 0.51123046875 0.204345703125
vt 0.498046875 0.186279296875
vt 0.498046875 0.191162109375
vt 0.49853515625 0.215087890625
vt 0.5107421875 0.2247314453125
vt 0.49755859375 0.229248046875
vt 0.51953125 0.23583984375
vt 0.50634765625 0.2315673828125
vt 0.4970703125 0.2364501953125
vt 0.51025390625 0.239501953125
vt 0.49658203125 0.246826171875
vt 0.513671875 0.2489013671875
vt 0.4951171875 0.271240234375
vt 0.51708984375 0.2744140625
vt 0.544921875 0.26025390625
vt 0.5390625 0.28173828125
vt 0.56982421875 0.2919921875
vt 0.50830078125 0.28076171875
vt 0.498779296875 0.279541015625
vt 0.496826171875 0.29931640625
vt 0.50732421875 0.299072265625
vt 0.491455078125 0.314208984375
vt 0.515625 0.314208984375
vt 0.5146484375 0.34423828125
vt 0.490478515625 0.3447265625
vt 0.491455078125 0.379638671875
vt 0.53857421875 0.313232421875
vt 0.53759765625 0.34326171875
vt 0.515625 0.378173828125
vt 0.4951171875 0.42236328125
vt 0.51953125 0.41943359375
vt 0.5029296875 0.46728515625
vt 0.5400390625 0.37646484375
vt 0.5263671875 0.463134765625
vt 0.51220703125 0.5107421875
vt 0.54345703125 0.4169921875
vt 0.572265625 0.33984375
vt 0.576171875 0.373046875
vt 0.548828125 0.4599609375
vt 0.5341796875 0.505859375
vt 0.52490234375 0.552734375
vt 0.58154296875 0.4130859375
vt 0.544921875 0.546875
vt 0.5400390625 0.59375
vt 0.55517578125 0.50146484375
vt 0.58740234375 0.45556640625
vt 0.64208984375 0.406005859375
vt 0.556640625 0.58837890625
vt 0.5517578125 0.61767578125
vt 0.56591796875 0.54248046875
vt 0.5947265625 0.49658203125
vt 0.646484375 0.44873046875
vt 0.6015625 0.53759765625
vt 0.6513671875 0.490234375
vt 0.57568359375 0.583984375
vt 0.5576171875 0.6220703125
vt 0.55126953125 0.62353515625
vt 0.57421875 0.62890625
vt 0.5556640625 0.62744140625
vt 0.54345703125 0.6328125
vt 0.56298828125 0.63330078125
vt 0.54736328125 0.63671875
vt 0.529296875 0.65087890625
vt 0.56103515625 0.63671875
vt 0.5712890625 0.6513671875
vt 0.53271484375 0.65380859375
vt 0.5517578125 0.6435546875
vt 0.51513671875 0.68017578125
vt 0.51220703125 0.67919921875
vt 0.5361328125 0.65771484375
vt 0.50830078125 0.7041015625
vt 0.509765625 0.70361328125
vt 0.55810546875 0.6552734375
vt 0.517578125 0.681640625
vt 0.568359375 0.65234375
vt 0.541015625 0.6650390625
vt 0.5615234375 0.66162109375
vt 0.509765625 0.70361328125
vt 0.50830078125 0.7041015625
vt 0.5087890625 0.70458984375
vt 0.51025390625 0.70361328125
vt 0.51025390625 0.705078125
vt 0.52197265625 0.68408203125
vt 0.51025390625 0.70361328125
vt 0.51123046875 0.70458984375
vt 0.52392578125 0.685546875
vt 0.52685546875 0.68798828125
vt 0.54345703125 0.66845703125
vt 0.546875 0.673828125
vt 0.56201171875 0.67041015625
vt 0.57177734375 0.66064453125
vt 0.57275390625 0.6728515625
vt 0.5751953125 0.6611328125
vt 0.5810546875 0.67529296875
vt 0.5859375 0.65625
vt 0.591796875 0.67041015625
vt 0.59521484375 0.6982421875
vt 0.59033203125 0.62451171875
vt 0.60009765625 0.65234375
vt 0.61083984375 0.57861328125
vt 0.62158203125 0.61962890625
vt 0.6552734375 0.53076171875
vt 0.6591796875 0.572265625
vt 0.63037109375 0.6474609375
vt 0.662109375 0.61376953125
vt 0.69482421875 0.568359375
vt 0.6064453125 0.6728515625
vt 0.69580078125 0.52685546875
vt 0.69287109375 0.61083984375
vt 0.69580078125 0.485595703125
vt 0.72119140625 0.56689453125
vt 0.69384765625 0.443603515625
vt 0.72412109375 0.52490234375
vt 0.72607421875 0.483154296875
vt 0.6923828125 0.39990234375
vt 0.7255859375 0.440673828125
vt 0.63916015625 0.365966796875
vt 0.689453125 0.359375
vt 0.6357421875 0.333251953125
vt 0.7255859375 0.396240234375
vt 0.7470703125 0.4814453125
vt 0.7470703125 0.439453125
vt 0.72265625 0.35595703125
vt 0.74755859375 0.39453125
vt 0.68603515625 0.32666015625
vt 0.74658203125 0.35302734375
vt 0.7177734375 0.322265625
vt 0.67919921875 0.298583984375
vt 0.7138671875 0.2939453125
vt 0.7421875 0.31884765625
vt 0.76171875 0.393310546875
vt 0.7578125 0.35205078125
vt 0.76318359375 0.438720703125
vt 0.765625 0.3515625
vt 0.76318359375 0.48046875
vt 0.7685546875 0.393310546875
vt 0.76904296875 0.4794921875
vt 0.76953125 0.438720703125
vt 0.77099609375 0.394775390625
vt 0.77099609375 0.439208984375
vt 0.7685546875 0.353759765625
vt 0.77685546875 0.39892578125
vt 0.7783203125 0.360107421875
vt 0.767578125 0.32080078125
vt 0.7822265625 0.328125
vt 0.7939453125 0.369384765625
vt 0.8076171875 0.341552734375
vt 0.78369140625 0.3251953125
vt 0.80908203125 0.340087890625
vt 0.833984375 0.362548828125
vt 0.8095703125 0.33837890625
vt 0.78466796875 0.3232421875
vt 0.81298828125 0.380859375
vt 0.833984375 0.362548828125
vt 0.7685546875 0.317138671875
vt 0.77001953125 0.314453125
vt 0.78662109375 0.4052734375
vt 0.798828125 0.412841796875
vt 0.763671875 0.311767578125
vt 0.765625 0.308837890625
vt 0.76171875 0.31591796875
vt 0.75732421875 0.30615234375
vt 0.763671875 0.300537109375
vt 0.7529296875 0.317626953125
vt 0.76123046875 0.285888671875
vt 0.73876953125 0.290283203125
vt 0.732421875 0.253662109375
vt 0.75390625 0.246337890625
vt 0.708984375 0.265380859375
vt 0.724609375 0.216552734375
vt 0.744140625 0.205322265625
vt 0.7177734375 0.1715087890625
vt 0.73388671875 0.15966796875
vt 0.69921875 0.1932373046875
vt 0.7080078125 0.1341552734375
vt 0.720703125 0.12481689453125
vt 0.6708984375 0.277587890625
vt 0.62646484375 0.289794921875
vt 0.62744140625 0.3056640625
vt 0.62060546875 0.288330078125
vt 0.5703125 0.313720703125
vt 0.62109375 0.299072265625
vt 0.57763671875 0.307861328125
vt 0.61572265625 0.293212890625
vt 0.583984375 0.302978515625
vt 0.61572265625 0.287109375
vt 0.57568359375 0.294189453125
vt 0.580078125 0.2958984375
vt 0.58203125 0.2890625
vt 0.57861328125 0.28076171875
vt 0.60986328125 0.28173828125
vt 0.6142578125 0.2783203125
vt 0.705078125 0.09326171875
vt 0.6943359375 0.100830078125
vt 0.6826171875 0.07403564453125
vt 0.6904296875 0.0679931640625
vt 0.6748046875 0.1279296875
vt 0.67236328125 0.0538330078125
vt 0.67919921875 0.050048828125
vt 0.66845703125 0.0792236328125
vt 0.6708984375 0.03643798828125
vt 0.69140625 0.1602783203125
vt 0.66357421875 0.041046142578125
vt 0.6708984375 0.1812744140625
vt 0.6533203125 0.027191162109375
vt 0.6591796875 0.02117919921875
vt 0.66015625 0.1439208984375
vt 0.650390625 0.02447509765625
vt 0.654296875 0.0179290771484375
vt 0.6494140625 0.0168914794921875
vt 0.6435546875 0.033294677734375
vt 0.6474609375 0.0238800048828125
vt 0.64404296875 0.023040771484375
vt 0.64501953125 0.016845703125
vt 0.63720703125 0.0166168212890625
vt 0.63720703125 0.0224151611328125
vt 0.63916015625 0.03204345703125
vt 0.63720703125 0.0308074951171875
vt 0.630859375 0.03009033203125
vt 0.6318359375 0.0457763671875
vt 0.62451171875 0.042572021484375
vt 0.61865234375 0.041412353515625
vt 0.626953125 0.044830322265625
vt 0.611328125 0.056640625
vt 0.609375 0.049652099609375
vt 0.60595703125 0.05206298828125
vt 0.59619140625 0.06829833984375
vt 0.5947265625 0.075439453125
vt 0.61376953125 0.05902099609375
vt 0.6171875 0.06341552734375
vt 0.6015625 0.07733154296875
vt 0.6357421875 0.0494384765625
vt 0.619140625 0.0693359375
vt 0.60009765625 0.0987548828125
vt 0.60791015625 0.0877685546875
vt 0.623046875 0.0787353515625
vt 0.61279296875 0.09588623046875
vt 0.58642578125 0.10662841796875
vt 0.64208984375 0.05902099609375
vt 0.60205078125 0.114990234375
vt 0.580078125 0.08935546875
vt 0.58984375 0.0711669921875
vt 0.58544921875 0.12164306640625
vt 0.57373046875 0.11187744140625
vt 0.57861328125 0.060333251953125
vt 0.5693359375 0.093505859375
vt 0.568359375 0.132080078125
vt 0.5634765625 0.11175537109375
vt 0.564453125 0.07440185546875
vt 0.5576171875 0.09722900390625
vt 0.552734375 0.140380859375
vt 0.54541015625 0.130126953125
vt 0.55322265625 0.08489990234375
vt 0.5390625 0.12158203125
vt 0.53564453125 0.166748046875
vt 0.52978515625 0.10845947265625
vt 0.54345703125 0.07464599609375
vt 0.5146484375 0.14990234375
vt 0.560546875 0.05816650390625
vt 0.5517578125 0.05133056640625
vt 0.52783203125 0.1597900390625
vt 0.509765625 0.16845703125
vt 0.525390625 0.184326171875
vt 0.5078125 0.18212890625
vt 0.52294921875 0.1982421875
vt 0.533203125 0.1937255859375
vt 0.53173828125 0.2099609375
vt 0.544921875 0.1748046875
vt 0.5419921875 0.204345703125
vt 0.5419921875 0.22216796875
vt 0.5625 0.155029296875
vt 0.55908203125 0.1871337890625
vt 0.55615234375 0.219482421875
vt 0.556640625 0.2333984375
vt 0.58349609375 0.171630859375
vt 0.58447265625 0.2364501953125
vt 0.58447265625 0.2445068359375
vt 0.58251953125 0.2047119140625
vt 0.61669921875 0.2401123046875
vt 0.61865234375 0.25
vt 0.6552734375 0.2391357421875
vt 0.61474609375 0.2091064453125
vt 0.65380859375 0.2254638671875
vt 0.67626953125 0.2325439453125
vt 0.61279296875 0.1717529296875
vt 0.64892578125 0.1942138671875
vt 0.67724609375 0.21142578125
vt 0.63671875 0.1595458984375
vt 0.5849609375 0.145751953125
vt 0.60986328125 0.1429443359375
vt 0.62060546875 0.12237548828125
vt 0.63671875 0.120849609375
vt 0.62451171875 0.11083984375
vt 0.6494140625 0.11602783203125
vt 0.63671875 0.10955810546875
vt 0.619140625 0.0946044921875
vt 0.62744140625 0.103515625
vt 0.64599609375 0.10693359375
vt 0.63720703125 0.10528564453125
vt 0.62939453125 0.099853515625
vt 0.64501953125 0.1038818359375
vt 0.62353515625 0.0927734375
vt 0.626953125 0.091552734375
vt 0.626953125 0.0799560546875
vt 0.6298828125 0.08343505859375
vt 0.63232421875 0.084716796875
vt 0.64306640625 0.07183837890625
vt 0.640625 0.0809326171875
vt 0.640625 0.08380126953125
vt 0.6474609375 0.08673095703125
vt 0.64990234375 0.086181640625
vt 0.64990234375 0.0958251953125
vt 0.65478515625 0.083984375
vt 0.65185546875 0.09735107421875
vt 0.65673828125 0.10101318359375
vt 0.65966796875 0.05926513671875
vt 0.65576171875 0.046539306640625
vt 0.65234375 0.04473876953125
vt 0.64794921875 0.036895751953125
vt 0.6494140625 0.046630859375
vt 0.6474609375 0.045074462890625
vt 0.650390625 0.04229736328125
vt 0.64990234375 0.044219970703125
vt 0.64990234375 0.044830322265625
vt 0.65087890625 0.04345703125
vt 0.65087890625 0.044677734375
vt 0.343994140625 0.1851806640625
vt 0.333984375 0.181396484375
vt 0.3310546875 0.203369140625
vt 0.3193359375 0.19775390625
vt 0.321533203125 0.21630859375
vt 0.310546875 0.2095947265625
vt 0.308837890625 0.231201171875
vt 0.30078125 0.2218017578125
vt 0.289794921875 0.2449951171875
vt 0.2861328125 0.233154296875
vt 0.25830078125 0.24462890625
vt 0.26123046875 0.255615234375
vt 0.224853515625 0.260498046875
vt 0.224365234375 0.25048828125
vt 0.187744140625 0.240478515625
vt 0.262939453125 0.258544921875
vt 0.1875 0.250732421875
vt 0.2247314453125 0.262451171875
vt 0.16796875 0.2430419921875
vt 0.1666259765625 0.2342529296875
vt 0.1866455078125 0.252685546875
vt 0.1617431640625 0.24169921875
vt 0.142333984375 0.2330322265625
vt 0.2237548828125 0.275146484375
vt 0.1806640625 0.26171875
vt 0.142333984375 0.2330322265625
vt 0.2919921875 0.2471923828125
vt 0.2666015625 0.27197265625
vt 0.309326171875 0.2342529296875
vt 0.3212890625 0.2191162109375
vt 0.321533203125 0.21630859375
vt 0.312744140625 0.2486572265625
vt 0.3310546875 0.2064208984375
vt 0.3310546875 0.203369140625
vt 0.34423828125 0.1898193359375
vt 0.343994140625 0.1851806640625
vt 0.343994140625 0.2137451171875
vt 0.33203125 0.2235107421875
vt 0.34521484375 0.2276611328125
vt 0.322998046875 0.2347412109375
vt 0.336181640625 0.2301025390625
vt 0.345458984375 0.2347412109375
vt 0.332275390625 0.238037109375
vt 0.34619140625 0.244873046875
vt 0.3291015625 0.2474365234375
vt 0.348388671875 0.26904296875
vt 0.32666015625 0.272705078125
vt 0.298095703125 0.25927734375
vt 0.304443359375 0.28076171875
vt 0.27392578125 0.29150390625
vt 0.335205078125 0.27880859375
vt 0.344970703125 0.27734375
vt 0.347412109375 0.296875
vt 0.336669921875 0.297119140625
vt 0.353271484375 0.311767578125
vt 0.328857421875 0.312255859375
vt 0.330322265625 0.342041015625
vt 0.354736328125 0.342041015625
vt 0.354736328125 0.37646484375
vt 0.305908203125 0.311767578125
vt 0.307373046875 0.341552734375
vt 0.330078125 0.375732421875
vt 0.35205078125 0.4189453125
vt 0.327392578125 0.416748046875
vt 0.345947265625 0.4638671875
vt 0.30615234375 0.374755859375
vt 0.322265625 0.46044921875
vt 0.337646484375 0.5068359375
vt 0.3037109375 0.4150390625
vt 0.269775390625 0.3720703125
vt 0.3154296875 0.5029296875
vt 0.326416015625 0.54931640625
vt 0.299560546875 0.4580078125
vt 0.265380859375 0.412109375
vt 0.30615234375 0.54443359375
vt 0.3125 0.59033203125
vt 0.294677734375 0.499755859375
vt 0.2607421875 0.45458984375
vt 0.2958984375 0.5859375
vt 0.3017578125 0.61474609375
vt 0.28515625 0.54052734375
vt 0.254638671875 0.495849609375
vt 0.2047119140625 0.406982421875
vt 0.20166015625 0.44970703125
vt 0.2496337890625 0.53662109375
vt 0.197998046875 0.4912109375
vt 0.276611328125 0.58203125
vt 0.1954345703125 0.5322265625
vt 0.241455078125 0.57763671875
vt 0.280029296875 0.62646484375
vt 0.263916015625 0.623046875
vt 0.29638671875 0.619140625
vt 0.302734375 0.6201171875
vt 0.29833984375 0.62451171875
vt 0.310546875 0.62939453125
vt 0.291259765625 0.63037109375
vt 0.30712890625 0.63330078125
vt 0.32568359375 0.646484375
vt 0.293701171875 0.6337890625
vt 0.2841796875 0.64892578125
vt 0.322509765625 0.6494140625
vt 0.302978515625 0.64013671875
vt 0.34130859375 0.67529296875
vt 0.343994140625 0.67431640625
vt 0.3193359375 0.65380859375
vt 0.349365234375 0.69873046875
vt 0.347900390625 0.6982421875
vt 0.297119140625 0.65234375
vt 0.338623046875 0.6767578125
vt 0.287109375 0.64990234375
vt 0.31494140625 0.6611328125
vt 0.294189453125 0.65869140625
vt 0.312744140625 0.6650390625
vt 0.334716796875 0.6796875
vt 0.28369140625 0.658203125
vt 0.294189453125 0.66748046875
vt 0.309326171875 0.67041015625
vt 0.283447265625 0.67041015625
vt 0.32958984375 0.68310546875
vt 0.280517578125 0.65869140625
vt 0.275146484375 0.6728515625
vt 0.332763671875 0.68115234375
vt 0.346435546875 0.69921875
vt 0.34716796875 0.6982421875
vt 0.34716796875 0.69970703125
vt 0.347412109375 0.6982421875
vt 0.3486328125 0.69970703125
vt 0.34765625 0.6982421875
vt 0.349365234375 0.69873046875
vt 0.264404296875 0.66845703125
vt 0.26220703125 0.6962890625
vt 0.26953125 0.654296875
vt 0.255126953125 0.6513671875
vt 0.2322998046875 0.619140625
vt 0.25 0.671875
vt 0.1932373046875 0.5732421875
vt 0.224609375 0.6474609375
vt 0.19189453125 0.615234375
vt 0.1571044921875 0.57080078125
vt 0.1607666015625 0.61279296875
vt 0.1912841796875 0.64404296875
vt 0.15478515625 0.529296875
vt 0.2193603515625 0.67041015625
vt 0.153564453125 0.488037109375
vt 0.130859375 0.5703125
vt 0.1541748046875 0.446044921875
vt 0.12646484375 0.5283203125
vt 0.12310791015625 0.486572265625
vt 0.1353759765625 0.6123046875
vt 0.1097412109375 0.5712890625
vt 0.1405029296875 0.64208984375
vt 0.11663818359375 0.6142578125
vt 0.1241455078125 0.64404296875
vt 0.1636962890625 0.642578125
vt 0.144775390625 0.66650390625
vt 0.166015625 0.66748046875
vt 0.1905517578125 0.6689453125
vt 0.130859375 0.67041015625
vt 0.1495361328125 0.693359375
vt 0.138427734375 0.69482421875
vt 0.1685791015625 0.69287109375
vt 0.212890625 0.6962890625
vt 0.1904296875 0.69384765625
vt 0.154052734375 0.716796875
vt 0.2376708984375 0.69970703125
vt 0.170654296875 0.7158203125
vt 0.1448974609375 0.7177734375
vt 0.158935546875 0.74072265625
vt 0.151123046875 0.74169921875
vt 0.189697265625 0.716796875
vt 0.172607421875 0.73974609375
vt 0.2080078125 0.71875
vt 0.188720703125 0.74072265625
vt 0.22900390625 0.7216796875
vt 0.203369140625 0.7421875
vt 0.22021484375 0.74462890625
vt 0.23876953125 0.72412109375
vt 0.22900390625 0.74658203125
vt 0.248779296875 0.7021484375
vt 0.253173828125 0.70361328125
vt 0.241943359375 0.72509765625
vt 0.259765625 0.7041015625
vt 0.2646484375 0.69970703125
vt 0.268310546875 0.708984375
vt 0.260498046875 0.70849609375
vt 0.253662109375 0.71142578125
vt 0.2498779296875 0.71875
vt 0.24755859375 0.7265625
vt 0.251708984375 0.72314453125
vt 0.252685546875 0.7314453125
vt 0.2474365234375 0.73095703125
vt 0.2413330078125 0.73388671875
vt 0.23828125 0.73974609375
vt 0.231201171875 0.7470703125
vt 0.2366943359375 0.7490234375
vt 0.2406005859375 0.7451171875
vt 0.24267578125 0.75341796875
vt 0.236572265625 0.75390625
vt 0.229736328125 0.75732421875
vt 0.2274169921875 0.7626953125
vt 0.2216796875 0.771484375
vt 0.226318359375 0.7705078125
vt 0.2293701171875 0.765625
vt 0.232177734375 0.77490234375
vt 0.2266845703125 0.77392578125
vt 0.2208251953125 0.7783203125
vt 0.2188720703125 0.7841796875
vt 0.2197265625 0.77099609375
vt 0.2132568359375 0.79443359375
vt 0.212646484375 0.76953125
vt 0.2120361328125 0.79443359375
vt 0.1993408203125 0.767578125
vt 0.20654296875 0.79345703125
vt 0.1878662109375 0.76611328125
vt 0.1962890625 0.7919921875
vt 0.174560546875 0.765625
vt 0.1871337890625 0.791015625
vt 0.1763916015625 0.79052734375
vt 0.163330078125 0.7666015625
vt 0.1666259765625 0.79150390625
vt 0.1572265625 0.76708984375
vt 0.1622314453125 0.79150390625
vt 0.1697998046875 0.8115234375
vt 0.16552734375 0.81201171875
vt 0.1778564453125 0.8115234375
vt 0.18701171875 0.81201171875
vt 0.171630859375 0.82470703125
vt 0.1954345703125 0.8125
vt 0.178955078125 0.82470703125
vt 0.1876220703125 0.82470703125
vt 0.2042236328125 0.8134765625
vt 0.1959228515625 0.8251953125
vt 0.1871337890625 0.8349609375
vt 0.1795654296875 0.83544921875
vt 0.1951904296875 0.83642578125
vt 0.1871337890625 0.849609375
vt 0.2037353515625 0.826171875
vt 0.209228515625 0.81396484375
vt 0.204345703125 0.83837890625
vt 0.210205078125 0.81396484375
vt 0.208251953125 0.826171875
vt 0.1961669921875 0.85009765625
vt 0.2193603515625 0.84375
vt 0.2042236328125 0.8525390625
vt 0.2099609375 0.826171875
vt 0.2203369140625 0.84326171875
vt 0.210693359375 0.8193359375
vt 0.213134765625 0.81640625
vt 0.237548828125 0.86083984375
vt 0.238525390625 0.85986328125
vt 0.212890625 0.8134765625
vt 0.21630859375 0.81591796875
vt 0.2147216796875 0.810546875
vt 0.212646484375 0.80712890625
vt 0.214111328125 0.7978515625
vt 0.2181396484375 0.794921875
vt 0.218017578125 0.79296875
vt 0.2232666015625 0.79443359375
vt 0.220947265625 0.787109375
vt 0.26123046875 0.88720703125
vt 0.26220703125 0.88623046875
vt 0.282470703125 0.9130859375
vt 0.28369140625 0.91259765625
vt 0.2357177734375 0.87255859375
vt 0.29931640625 0.93994140625
vt 0.300537109375 0.939453125
vt 0.305419921875 0.9482421875
vt 0.259521484375 0.89501953125
vt 0.280029296875 0.91796875
vt 0.2174072265625 0.8583984375
vt 0.231689453125 0.88623046875
vt 0.213134765625 0.875
vt 0.202880859375 0.8681640625
vt 0.1961669921875 0.86474609375
vt 0.1949462890625 0.8798828125
vt 0.1873779296875 0.86328125
vt 0.1925048828125 0.87353515625
vt 0.1796875 0.8505859375
vt 0.187255859375 0.8740234375
vt 0.169677734375 0.83740234375
vt 0.1868896484375 0.880859375
vt 0.181884765625 0.873046875
vt 0.1798095703125 0.86474609375
vt 0.17138671875 0.8515625
vt 0.1717529296875 0.86572265625
vt 0.1795654296875 0.880859375
vt 0.1871337890625 0.89111328125
vt 0.1939697265625 0.89697265625
vt 0.181396484375 0.896484375
vt 0.206787109375 0.888671875
vt 0.2039794921875 0.89453125
vt 0.2235107421875 0.90185546875
vt 0.1751708984375 0.8916015625
vt 0.2261962890625 0.89697265625
vt 0.2496337890625 0.91552734375
vt 0.256103515625 0.90478515625
vt 0.251953125 0.912109375
vt 0.2705078125 0.92919921875
vt 0.27294921875 0.9267578125
vt 0.292724609375 0.9482421875
vt 0.2763671875 0.92333984375
vt 0.294189453125 0.94677734375
vt 0.297607421875 0.94287109375
vt 0.295654296875 0.9453125
vt 0.301513671875 0.94775390625
vt 0.303955078125 0.94921875
vt 0.30029296875 0.94921875
vt 0.301513671875 0.9521484375
vt 0.3017578125 0.9541015625
vt 0.306640625 0.95458984375
vt 0.308837890625 0.95751953125
vt 0.30615234375 0.955078125
vt 0.307861328125 0.9580078125
vt 0.157958984375 0.90478515625
vt 0.155029296875 0.90185546875
vt 0.14013671875 0.92138671875
vt 0.1724853515625 0.88623046875
vt 0.1375732421875 0.919921875
vt 0.11492919921875 0.94873046875
vt 0.1646728515625 0.875
vt 0.1502685546875 0.89111328125
vt 0.130126953125 0.9150390625
vt 0.11297607421875 0.947265625
vt 0.09991455078125 0.9716796875
vt 0.159423828125 0.8603515625
vt 0.1435546875 0.8779296875
vt 0.12445068359375 0.908203125
vt 0.1409912109375 0.86865234375
vt 0.1583251953125 0.8447265625
vt 0.121826171875 0.89892578125
vt 0.156005859375 0.8447265625
vt 0.1390380859375 0.8681640625
vt 0.165771484375 0.82470703125
vt 0.11993408203125 0.89794921875
vt 0.1011962890625 0.93310546875
vt 0.10321044921875 0.9345703125
vt 0.08929443359375 0.9658203125
vt 0.105224609375 0.93994140625
vt 0.091796875 0.966796875
vt 0.08599853515625 0.9794921875
vt 0.108642578125 0.9443359375
vt 0.09368896484375 0.96826171875
vt 0.087646484375 0.98193359375
vt 0.0849609375 0.98486328125
vt 0.09576416015625 0.9697265625
vt 0.0882568359375 0.982421875
vt 0.09832763671875 0.97119140625
vt 0.09136962890625 0.984375
vt 0.08917236328125 0.98291015625
vt 0.0877685546875 0.9833984375
vt 0.09002685546875 0.98388671875
vt 0.08612060546875 0.986328125
vt 0.0885009765625 0.98388671875
vt 0.08477783203125 0.990234375
vt 0.083740234375 0.9921875
vt 0.08734130859375 0.9873046875
vt 0.08770751953125 0.98828125
vt 0.0849609375 0.99072265625
vt 0.083984375 0.99267578125
vt 0.2481689453125 0.06915283203125
vt 0.23388671875 0.05224609375
vt 0.2314453125 0.05206298828125
vt 0.2271728515625 0.054962158203125
vt 0.2186279296875 0.04022216796875
vt 0.2498779296875 0.0755615234375
vt 0.212890625 0.04205322265625
vt 0.2061767578125 0.0299530029296875
vt 0.2000732421875 0.0310821533203125
vt 0.1993408203125 0.0227203369140625
vt 0.21142578125 0.044708251953125
vt 0.1988525390625 0.016937255859375
vt 0.1912841796875 0.01763916015625
vt 0.1927490234375 0.02374267578125
vt 0.1868896484375 0.0180206298828125
vt 0.1983642578125 0.03253173828125
vt 0.1895751953125 0.02484130859375
vt 0.1866455078125 0.0256500244140625
vt 0.182373046875 0.0193634033203125
vt 0.1781005859375 0.0228271484375
vt 0.19384765625 0.034149169921875
vt 0.1839599609375 0.0285186767578125
vt 0.1671142578125 0.038604736328125
vt 0.206787109375 0.04608154296875
vt 0.18994140625 0.037994384765625
vt 0.1746826171875 0.0428466796875
vt 0.166748046875 0.055816650390625
vt 0.1595458984375 0.05230712890625
vt 0.14892578125 0.07037353515625
vt 0.1827392578125 0.048004150390625
vt 0.156982421875 0.076171875
vt 0.135009765625 0.09576416015625
vt 0.179443359375 0.060760498046875
vt 0.146240234375 0.10308837890625
vt 0.1202392578125 0.1275634765625
vt 0.1717529296875 0.08087158203125
vt 0.1329345703125 0.13671875
vt 0.10760498046875 0.16259765625
vt 0.1661376953125 0.1295166015625
vt 0.123779296875 0.1741943359375
vt 0.09820556640625 0.20849609375
vt 0.150146484375 0.1622314453125
vt 0.11767578125 0.219482421875
vt 0.089111328125 0.2498779296875
vt 0.142822265625 0.1954345703125
vt 0.11041259765625 0.2568359375
vt 0.082275390625 0.289794921875
vt 0.171142578125 0.1827392578125
vt 0.10504150390625 0.293701171875
vt 0.1650390625 0.213134765625
vt 0.1341552734375 0.26806640625
vt 0.1666259765625 0.2342529296875
vt 0.1890869140625 0.2265625
vt 0.187744140625 0.240478515625
vt 0.193359375 0.195068359375
vt 0.22607421875 0.2406005859375
vt 0.224365234375 0.25048828125
vt 0.25830078125 0.24462890625
vt 0.2275390625 0.2093505859375
vt 0.25830078125 0.236572265625
vt 0.2861328125 0.233154296875
vt 0.2293701171875 0.171875
vt 0.286376953125 0.2193603515625
vt 0.30078125 0.2218017578125
vt 0.260009765625 0.204833984375
vt 0.30029296875 0.2041015625
vt 0.310546875 0.2095947265625
vt 0.283203125 0.1871337890625
vt 0.2587890625 0.171630859375
vt 0.30908203125 0.1934814453125
vt 0.3193359375 0.19775390625
vt 0.29736328125 0.1748046875
vt 0.27978515625 0.1552734375
vt 0.317138671875 0.18408203125
vt 0.333984375 0.181396484375
vt 0.332275390625 0.16796875
vt 0.306640625 0.166748046875
vt 0.314697265625 0.1597900390625
vt 0.32763671875 0.14990234375
vt 0.28955078125 0.140625
vt 0.297119140625 0.13037109375
vt 0.303466796875 0.1217041015625
vt 0.3125 0.10845947265625
vt 0.279541015625 0.11236572265625
vt 0.28955078125 0.08514404296875
vt 0.298828125 0.0745849609375
vt 0.28515625 0.0977783203125
vt 0.28125 0.0589599609375
vt 0.289306640625 0.051239013671875
vt 0.2783203125 0.07550048828125
vt 0.268798828125 0.033599853515625
vt 0.275146484375 0.0222015380859375
vt 0.268310546875 0.046905517578125
vt 0.274169921875 0.0946044921875
vt 0.265869140625 0.062347412109375
vt 0.263671875 0.041473388671875
vt 0.2646484375 0.0288543701171875
vt 0.2685546875 0.014984130859375
vt 0.262939453125 0.0572509765625
vt 0.260986328125 0.0246429443359375
vt 0.263427734375 0.0123748779296875
vt 0.25927734375 0.0390625
vt 0.2587890625 0.024810791015625
vt 0.25830078125 0.01232147216796875
vt 0.25537109375 0.0141754150390625
vt 0.25732421875 0.05377197265625
vt 0.255126953125 0.037506103515625
vt 0.253662109375 0.0265350341796875
vt 0.253173828125 0.015716552734375
vt 0.2493896484375 0.0279693603515625
vt 0.250244140625 0.036102294921875
vt 0.24609375 0.03497314453125
vt 0.252685546875 0.04998779296875
vt 0.2474365234375 0.044525146484375
vt 0.2430419921875 0.03997802734375
vt 0.2470703125 0.05706787109375
vt 0.2435302734375 0.0501708984375
vt 0.240478515625 0.04443359375
vt 0.23388671875 0.05224609375
vt 0.2481689453125 0.06915283203125
vt 0.251708984375 0.0660400390625
vt 0.25732421875 0.073486328125
vt 0.2646484375 0.0904541015625
vt 0.26904296875 0.11260986328125
vt 0.256103515625 0.105712890625
vt 0.27392578125 0.132568359375
vt 0.25634765625 0.12127685546875
vt 0.25732421875 0.145751953125
vt 0.232421875 0.142578125
vt 0.2398681640625 0.1141357421875
vt 0.205078125 0.159912109375
vt 0.2210693359375 0.12213134765625
vt 0.2425537109375 0.0970458984375
vt 0.1815185546875 0.14501953125
vt 0.2047119140625 0.12115478515625
vt 0.1915283203125 0.11688232421875
vt 0.183837890625 0.1021728515625
vt 0.204345703125 0.1097412109375
vt 0.2166748046875 0.11065673828125
vt 0.22900390625 0.09515380859375
vt 0.1947021484375 0.107666015625
vt 0.203857421875 0.10546875
vt 0.19580078125 0.10455322265625
vt 0.2135009765625 0.10345458984375
vt 0.2115478515625 0.099853515625
vt 0.1883544921875 0.098388671875
vt 0.1903076171875 0.0968017578125
vt 0.1856689453125 0.08514404296875
vt 0.190673828125 0.08721923828125
vt 0.19287109375 0.0877685546875
vt 0.19677734375 0.07269287109375
vt 0.1995849609375 0.08172607421875
vt 0.2000732421875 0.0845947265625
vt 0.20849609375 0.08502197265625
vt 0.2105712890625 0.08355712890625
vt 0.21435546875 0.09149169921875
vt 0.2138671875 0.079833984375
vt 0.2174072265625 0.09259033203125
vt 0.221923828125 0.09423828125
vt 0.218017578125 0.078369140625
vt 0.2340087890625 0.08624267578125
vt 0.1971435546875 0.05987548828125
vt 0.2215576171875 0.068603515625
vt 0.2408447265625 0.07489013671875
vt 0.22607421875 0.057769775390625
vt 0.223388671875 0.0625
vt 0.202880859375 0.049957275390625
vt 0.189208984375 0.0478515625
vt 0.191162109375 0.046173095703125
vt 0.1881103515625 0.04351806640625
vt 0.1890869140625 0.045623779296875
vt 0.186279296875 0.0460205078125
vt 0.188720703125 0.0465087890625
vt 0.187744140625 0.044647216796875
vt 0.1871337890625 0.045440673828125
vt 0.389892578125 0.53173828125
vt 0.39208984375 0.537109375
vt 0.42529296875 0.5390625
vt 0.42822265625 0.53564453125
vt 0.385986328125 0.52783203125
vt 0.431884765625 0.5400390625
vt 0.429443359375 0.53125
vt 0.383544921875 0.51416015625
vt 0.433349609375 0.5361328125
vt 0.4404296875 0.541015625
vt 0.4296875 0.5205078125
vt 0.439697265625 0.53662109375
vt 0.47021484375 0.53759765625
vt 0.433349609375 0.53076171875
vt 0.471435546875 0.52880859375
vt 0.477294921875 0.533203125
vt 0.438232421875 0.5302734375
vt 0.48486328125 0.52978515625
vt 0.48046875 0.52587890625
vt 0.47607421875 0.52734375
vt 0.47314453125 0.52099609375
vt 0.4775390625 0.5205078125
vt 0.4814453125 0.5205078125
vt 0.47265625 0.50830078125
vt 0.476806640625 0.5068359375
vt 0.480712890625 0.505859375
vt 0.471435546875 0.4931640625
vt 0.47509765625 0.4912109375
vt 0.435546875 0.5205078125
vt 0.46728515625 0.495361328125
vt 0.459228515625 0.459228515625
vt 0.462158203125 0.45751953125
vt 0.45556640625 0.46044921875
vt 0.434326171875 0.50732421875
vt 0.430419921875 0.464111328125
vt 0.441650390625 0.41015625
vt 0.4443359375 0.409912109375
vt 0.4462890625 0.4091796875
vt 0.431396484375 0.3720703125
vt 0.429443359375 0.3701171875
vt 0.428466796875 0.372314453125
vt 0.4248046875 0.36962890625
vt 0.427490234375 0.41064453125
vt 0.42529296875 0.3720703125
vt 0.425048828125 0.41015625
vt 0.427490234375 0.4638671875
vt 0.430419921875 0.5078125
vt 0.423828125 0.3720703125
vt 0.42041015625 0.369384765625
vt 0.419677734375 0.371826171875
vt 0.423095703125 0.409912109375
vt 0.40576171875 0.41015625
vt 0.425537109375 0.46337890625
vt 0.39501953125 0.461669921875
vt 0.38720703125 0.49853515625
vt 0.427978515625 0.50732421875
vt 0.431640625 0.52099609375
vt 0.41796875 0.079833984375
vt 0.384765625 0.08203125
vt 0.382568359375 0.08721923828125
vt 0.4208984375 0.0831298828125
vt 0.424560546875 0.078857421875
vt 0.37890625 0.0911865234375
vt 0.42626953125 0.0826416015625
vt 0.43310546875 0.07763671875
vt 0.422119140625 0.08758544921875
vt 0.376220703125 0.10516357421875
vt 0.432373046875 0.08197021484375
vt 0.462890625 0.08123779296875
vt 0.426025390625 0.08807373046875
vt 0.464111328125 0.08966064453125
vt 0.469970703125 0.0853271484375
vt 0.430908203125 0.08843994140625
vt 0.4775390625 0.08880615234375
vt 0.473388671875 0.09246826171875
vt 0.46875 0.09130859375
vt 0.466064453125 0.09771728515625
vt 0.47021484375 0.09808349609375
vt 0.474365234375 0.09808349609375
vt 0.465576171875 0.110595703125
vt 0.4697265625 0.1116943359375
vt 0.473388671875 0.11279296875
vt 0.46435546875 0.12548828125
vt 0.468017578125 0.1275634765625
vt 0.42822265625 0.0985107421875
vt 0.460205078125 0.12353515625
vt 0.452392578125 0.15966796875
vt 0.455322265625 0.1611328125
vt 0.44873046875 0.158447265625
vt 0.42724609375 0.11175537109375
vt 0.42431640625 0.09808349609375
vt 0.423583984375 0.1549072265625
vt 0.42236328125 0.0982666015625
vt 0.42333984375 0.111083984375
vt 0.4208984375 0.11163330078125
vt 0.38037109375 0.1207275390625
vt 0.420654296875 0.1551513671875
vt 0.418701171875 0.1556396484375
vt 0.38818359375 0.157470703125
vt 0.399169921875 0.208984375
vt 0.41650390625 0.208984375
vt 0.413330078125 0.2470703125
vt 0.41845703125 0.2088623046875
vt 0.41748046875 0.2469482421875
vt 0.4140625 0.249755859375
vt 0.41845703125 0.2493896484375
vt 0.4208984375 0.2083740234375
vt 0.4189453125 0.2470703125
vt 0.422119140625 0.2467041015625
vt 0.423095703125 0.248779296875
vt 0.43505859375 0.2086181640625
vt 0.437744140625 0.208984375
vt 0.425048828125 0.2469482421875
vt 0.43994140625 0.2098388671875
vt 0.0372314453125 0.347412109375
vt 0.01165771484375 0.369140625
vt 0.0333251953125 0.38671875
vt 0.052032470703125 0.374755859375
vt 0.060028076171875 0.410400390625
vt 0.048065185546875 0.41845703125
vt 0.067138671875 0.364990234375
vt 0.06768798828125 0.44970703125
vt 0.06060791015625 0.4541015625
vt 0.06964111328125 0.40380859375
vt 0.07342529296875 0.4462890625
vt 0.07305908203125 0.4853515625
vt 0.06878662109375 0.487060546875
vt 0.0767822265625 0.484375
vt 0.0743408203125 0.5
vt 0.07061767578125 0.5
vt 0.071533203125 0.5068359375
vt 0.07427978515625 0.50927734375
vt 0.077392578125 0.5
vt 0.07647705078125 0.51123046875
vt 0.079345703125 0.50048828125
vt 0.077880859375 0.51220703125
vt 0.07916259765625 0.484130859375
vt 0.08013916015625 0.5009765625
vt 0.07843017578125 0.51318359375
vt 0.07708740234375 0.444091796875
vt 0.08001708984375 0.484130859375
vt 0.084716796875 0.50537109375
vt 0.07928466796875 0.5205078125
vt 0.08587646484375 0.485107421875
vt 0.0782470703125 0.443359375
vt 0.07574462890625 0.399658203125
vt 0.0848388671875 0.443115234375
vt 0.07769775390625 0.39794921875
vt 0.07672119140625 0.358642578125
vt 0.062225341796875 0.333251953125
vt 0.07989501953125 0.356201171875
vt 0.0361328125 0.345947265625
vt 0.01165771484375 0.369140625
vt 0.035369873046875 0.34423828125
vt 0.07696533203125 0.325439453125
vt 0.061065673828125 0.330322265625
vt 0.059783935546875 0.328369140625
vt 0.07562255859375 0.321533203125
vt 0.07421875 0.31884765625
vt 0.08258056640625 0.3203125
vt 0.08050537109375 0.316162109375
vt 0.07861328125 0.313232421875
vt 0.0865478515625 0.310302734375
vt 0.080078125 0.3046875
vt 0.09161376953125 0.321533203125
vt 0.10205078125 0.322509765625
vt 0.08746337890625 0.356201171875
vt 0.0848388671875 0.397705078125
vt 0.0986328125 0.35693359375
vt 0.098876953125 0.3984375
vt 0.1300048828125 0.296875
vt 0.12646484375 0.325439453125
vt 0.12298583984375 0.359130859375
vt 0.1585693359375 0.328857421875
vt 0.16455078125 0.300537109375
vt 0.172607421875 0.279296875
vt 0.2091064453125 0.334228515625
vt 0.2174072265625 0.29052734375
vt 0.2164306640625 0.306396484375
vt 0.22314453125 0.2890625
vt 0.15625 0.361572265625
vt 0.2227783203125 0.2998046875
vt 0.12115478515625 0.399658203125
vt 0.22802734375 0.293701171875
vt 0.2279052734375 0.28759765625
vt 0.260009765625 0.302734375
vt 0.229248046875 0.27880859375
vt 0.2337646484375 0.2822265625
vt 0.264892578125 0.280517578125
vt 0.26171875 0.288818359375
vt 0.268310546875 0.293701171875
vt 0.263671875 0.29541015625
vt 0.266357421875 0.307373046875
vt 0.274169921875 0.31298828125
vt 0.27197265625 0.339111328125
vt 0.20654296875 0.36669921875
vt 0.1541748046875 0.40234375
vt 0.1221923828125 0.444091796875
vt 0.10052490234375 0.443359375
vt 0.10205078125 0.485595703125
vt 0.10540771484375 0.52880859375
vt 0.08905029296875 0.53564453125
vt 0.0810546875 0.53369140625
vt 0.093505859375 0.5654296875
vt 0.084716796875 0.53857421875
vt 0.08154296875 0.53564453125
vt 0.07940673828125 0.5400390625
vt 0.0887451171875 0.56396484375
vt 0.08203125 0.54296875
vt 0.06689453125 0.5517578125
vt 0.09820556640625 0.5888671875
vt 0.0936279296875 0.58349609375
vt 0.08575439453125 0.564453125
vt 0.096435546875 0.60009765625
vt 0.0943603515625 0.599609375
vt 0.09820556640625 0.60693359375
vt 0.0906982421875 0.583984375
vt 0.0843505859375 0.59716796875
vt 0.10528564453125 0.61669921875
vt 0.099609375 0.611328125
vt 0.0977783203125 0.615234375
vt 0.077880859375 0.58544921875
vt 0.06317138671875 0.60546875
vt 0.06939697265625 0.55419921875
vt 0.0740966796875 0.56787109375
vt 0.0506591796875 0.5732421875
vt 0.0479736328125 0.57080078125
vt 0.05377197265625 0.5830078125
vt 0.05926513671875 0.5966796875
vt 0.044891357421875 0.61572265625
vt 0.024871826171875 0.61181640625
vt 0.0227203369140625 0.61083984375
vt 0.031494140625 0.61279296875
vt 0.03887939453125 0.61328125
vt 0.035552978515625 0.62255859375
vt 0.0274505615234375 0.62548828125
vt 0.0229034423828125 0.63134765625
vt 0.02239990234375 0.62841796875
vt 0.0176544189453125 0.630859375
vt 0.0159759521484375 0.63232421875
vt 0.10040283203125 0.61865234375
vt 0.09442138671875 0.6240234375
vt 0.1002197265625 0.62255859375
vt 0.103759765625 0.62451171875
vt 0.10943603515625 0.640625
vt 0.11517333984375 0.64599609375
vt 0.11090087890625 0.6474609375
vt 0.10662841796875 0.64501953125
vt 0.1044921875 0.65283203125
vt 0.11151123046875 0.65185546875
vt 0.11407470703125 0.65380859375
vt 0.12353515625 0.67138671875
vt 0.11822509765625 0.66650390625
vt 0.132080078125 0.6962890625
vt 0.1192626953125 0.67236328125
vt 0.11627197265625 0.6689453125
vt 0.1134033203125 0.67529296875
vt 0.119140625 0.6767578125
vt 0.12261962890625 0.67919921875
vt 0.1273193359375 0.69189453125
vt 0.1270751953125 0.697265625
vt 0.12457275390625 0.69482421875
vt 0.122802734375 0.70068359375
vt 0.1279296875 0.70263671875
vt 0.1318359375 0.705078125
vt 0.139892578125 0.71875
vt 0.135009765625 0.7138671875
vt 0.1336669921875 0.71728515625
vt 0.13623046875 0.72021484375
vt 0.1317138671875 0.72412109375
vt 0.1363525390625 0.72314453125
vt 0.138671875 0.72412109375
vt 0.1436767578125 0.73828125
vt 0.1478271484375 0.7421875
vt 0.14208984375 0.74169921875
vt 0.143798828125 0.74365234375
vt 0.1405029296875 0.7470703125
vt 0.14453125 0.7470703125
vt 0.1470947265625 0.748046875
vt 0.1513671875 0.76220703125
vt 0.1551513671875 0.767578125
vt 0.1495361328125 0.765625
vt 0.1517333984375 0.76806640625
vt 0.147705078125 0.77099609375
vt 0.151611328125 0.77099609375
vt 0.1544189453125 0.77197265625
vt 0.158447265625 0.78759765625
vt 0.1612548828125 0.7919921875
vt 0.1580810546875 0.7919921875
vt 0.1566162109375 0.7900390625
vt 0.1544189453125 0.79345703125
vt 0.157958984375 0.79345703125
vt 0.160400390625 0.79443359375
vt 0.1629638671875 0.80908203125
vt 0.1649169921875 0.81201171875
vt 0.1614990234375 0.8115234375
vt 0.16748046875 0.82470703125
vt 0.1641845703125 0.81640625
vt 0.1622314453125 0.8154296875
vt 0.1624755859375 0.81298828125
vt 0.15966796875 0.81494140625
vt 0.73681640625 0.66796875
vt 0.74267578125 0.6708984375
vt 0.73974609375 0.6650390625
vt 0.7373046875 0.6728515625
vt 0.73779296875 0.66259765625
vt 0.732421875 0.66748046875
vt 0.73388671875 0.67529296875
vt 0.7412109375 0.64990234375
vt 0.72509765625 0.6923828125
vt 0.7294921875 0.68798828125
vt 0.73974609375 0.6416015625
vt 0.74365234375 0.6474609375
vt 0.72998046875 0.693359375
vt 0.732421875 0.69091796875
vt 0.734375 0.69677734375
vt 0.7294921875 0.69873046875
vt 0.7255859375 0.701171875
vt 0.71826171875 0.71533203125
vt 0.72314453125 0.71044921875
vt 0.724609375 0.7138671875
vt 0.71875 0.69140625
vt 0.7255859375 0.66455078125
vt 0.72216796875 0.71630859375
vt 0.7265625 0.72021484375
vt 0.72216796875 0.7197265625
vt 0.7197265625 0.720703125
vt 0.71533203125 0.73486328125
vt 0.71142578125 0.7392578125
vt 0.71728515625 0.73828125
vt 0.71337890625 0.71484375
vt 0.71533203125 0.740234375
vt 0.71923828125 0.74365234375
vt 0.71484375 0.74365234375
vt 0.71240234375 0.7451171875
vt 0.708984375 0.75927734375
vt 0.70556640625 0.7646484375
vt 0.7109375 0.76220703125
vt 0.7080078125 0.73876953125
vt 0.708984375 0.76513671875
vt 0.712890625 0.767578125
vt 0.708984375 0.767578125
vt 0.70654296875 0.7685546875
vt 0.70361328125 0.78466796875
vt 0.70068359375 0.7890625
vt 0.70361328125 0.76416015625
vt 0.7041015625 0.7890625
vt 0.70556640625 0.78662109375
vt 0.7080078125 0.79052734375
vt 0.7041015625 0.79052734375
vt 0.7021484375 0.79150390625
vt 0.7001953125 0.806640625
vt 0.69873046875 0.8095703125
vt 0.70166015625 0.80859375
vt 0.69970703125 0.7890625
vt 0.701171875 0.81005859375
vt 0.7041015625 0.8115234375
vt 0.70166015625 0.8125
vt 0.69970703125 0.8134765625
vt 0.69873046875 0.822265625
vt 0.69677734375 0.822265625
vt 0.69775390625 0.80908203125
vt 0.6953125 0.7890625
vt 0.7080078125 0.8408203125
vt 0.71044921875 0.8408203125
vt 0.69384765625 0.80908203125
vt 0.72705078125 0.86376953125
vt 0.72900390625 0.86279296875
vt 0.697265625 0.76416015625
vt 0.7490234375 0.89208984375
vt 0.75048828125 0.89111328125
vt 0.7724609375 0.9248046875
vt 0.7001953125 0.73828125
vt 0.7705078125 0.92626953125
vt 0.787109375 0.9560546875
vt 0.7041015625 0.7138671875
vt 0.78466796875 0.95751953125
vt 0.79150390625 0.96923828125
vt 0.70751953125 0.6904296875
vt 0.7900390625 0.9716796875
vt 0.79296875 0.97509765625
vt 0.7109375 0.66357421875
vt 0.6884765625 0.69091796875
vt 0.68994140625 0.6650390625
vt 0.71435546875 0.63916015625
vt 0.6875 0.7138671875
vt 0.73095703125 0.640625
vt 0.69091796875 0.64013671875
vt 0.71826171875 0.60888671875
vt 0.66357421875 0.64306640625
vt 0.66552734375 0.66796875
vt 0.63671875 0.6708984375
vt 0.66650390625 0.69287109375
vt 0.64453125 0.6962890625
vt 0.61962890625 0.70068359375
vt 0.60888671875 0.70361328125
vt 0.62939453125 0.72265625
vt 0.6044921875 0.705078125
vt 0.61962890625 0.72509765625
vt 0.59765625 0.7060546875
vt 0.5927734375 0.70166015625
vt 0.58935546875 0.71142578125
vt 0.59716796875 0.71044921875
vt 0.6044921875 0.71337890625
vt 0.6083984375 0.72021484375
vt 0.61669921875 0.7265625
vt 0.61083984375 0.72802734375
vt 0.60693359375 0.72509765625
vt 0.60595703125 0.7333984375
vt 0.611328125 0.73291015625
vt 0.61767578125 0.7353515625
vt 0.62109375 0.7412109375
vt 0.62841796875 0.748046875
vt 0.623046875 0.75
vt 0.619140625 0.74658203125
vt 0.6171875 0.7548828125
vt 0.62353515625 0.75537109375
vt 0.63037109375 0.75830078125
vt 0.6328125 0.763671875
vt 0.63037109375 0.74755859375
vt 0.63916015625 0.77197265625
vt 0.63916015625 0.7451171875
vt 0.634765625 0.771484375
vt 0.63134765625 0.76708984375
vt 0.62890625 0.77587890625
vt 0.63427734375 0.77490234375
vt 0.640625 0.77880859375
vt 0.642578125 0.78466796875
vt 0.64111328125 0.771484375
vt 0.64892578125 0.794921875
vt 0.64404296875 0.79345703125
vt 0.64111328125 0.7880859375
vt 0.63916015625 0.79541015625
vt 0.64404296875 0.79541015625
vt 0.6484375 0.79833984375
vt 0.650390625 0.8076171875
vt 0.6533203125 0.814453125
vt 0.64892578125 0.81103515625
vt 0.650390625 0.79443359375
vt 0.64794921875 0.76953125
vt 0.65087890625 0.81396484375
vt 0.6474609375 0.81640625
vt 0.65087890625 0.81689453125
vt 0.6533203125 0.8193359375
vt 0.654296875 0.82666015625
vt 0.65625 0.82666015625
vt 0.654296875 0.81396484375
vt 0.64697265625 0.84521484375
vt 0.6455078125 0.8447265625
vt 0.66064453125 0.82568359375
vt 0.63037109375 0.86376953125
vt 0.62939453125 0.86328125
vt 0.6611328125 0.83837890625
vt 0.609375 0.892578125
vt 0.6083984375 0.89208984375
vt 0.64990234375 0.859375
vt 0.5908203125 0.9208984375
vt 0.58935546875 0.92041015625
vt 0.63330078125 0.87548828125
vt 0.61181640625 0.900390625
vt 0.5771484375 0.94970703125
vt 0.57568359375 0.94921875
vt 0.57177734375 0.9580078125
vt 0.59375 0.92529296875
vt 0.638671875 0.888671875
vt 0.6162109375 0.90966796875
vt 0.5791015625 0.9521484375
vt 0.65576171875 0.87548828125
vt 0.59814453125 0.93017578125
vt 0.57568359375 0.95703125
vt 0.58154296875 0.95458984375
vt 0.57373046875 0.958984375
vt 0.5771484375 0.95849609375
vt 0.5830078125 0.95556640625
vt 0.576171875 0.9619140625
vt 0.5712890625 0.96484375
vt 0.5693359375 0.9677734375
vt 0.57177734375 0.96533203125
vt 0.5703125 0.96826171875
vt 0.576171875 0.9638671875
vt 0.58447265625 0.95703125
vt 0.6015625 0.93359375
vt 0.6044921875 0.93505859375
vt 0.62109375 0.91650390625
vt 0.62353515625 0.919921875
vt 0.64501953125 0.89892578125
vt 0.64794921875 0.9033203125
vt 0.66357421875 0.888671875
vt 0.6669921875 0.89404296875
vt 0.6767578125 0.89599609375
vt 0.67431640625 0.87890625
vt 0.68310546875 0.8896484375
vt 0.66552734375 0.8681640625
vt 0.6826171875 0.87939453125
vt 0.66259765625 0.8525390625
vt 0.67626953125 0.87255859375
vt 0.671875 0.8642578125
vt 0.67041015625 0.849609375
vt 0.67041015625 0.83544921875
vt 0.6806640625 0.86181640625
vt 0.6796875 0.84814453125
vt 0.681640625 0.873046875
vt 0.6865234375 0.87109375
vt 0.68701171875 0.8486328125
vt 0.68994140625 0.87890625
vt 0.68896484375 0.89453125
vt 0.69482421875 0.88916015625
vt 0.68798828125 0.86279296875
vt 0.6962890625 0.86328125
vt 0.6953125 0.84912109375
vt 0.697265625 0.8837890625
vt 0.7041015625 0.87158203125
vt 0.7080078125 0.85693359375
vt 0.7158203125 0.8974609375
vt 0.71337890625 0.9013671875
vt 0.732421875 0.916015625
vt 0.7197265625 0.88671875
vt 0.73486328125 0.9140625
vt 0.759765625 0.94091796875
vt 0.74169921875 0.9091796875
vt 0.76171875 0.93994140625
vt 0.77685546875 0.962890625
vt 0.7255859375 0.873046875
vt 0.7470703125 0.9013671875
vt 0.76904296875 0.931640625
vt 0.69580078125 0.8349609375
vt 0.68603515625 0.83349609375
vt 0.69287109375 0.822265625
vt 0.67822265625 0.833984375
vt 0.685546875 0.82275390625
vt 0.685546875 0.8095703125
vt 0.66845703125 0.82470703125
vt 0.6767578125 0.82373046875
vt 0.67626953125 0.810546875
vt 0.66796875 0.81201171875
vt 0.6591796875 0.8134765625
vt 0.65576171875 0.79345703125
vt 0.666015625 0.79150390625
vt 0.6748046875 0.7900390625
vt 0.6611328125 0.76708984375
vt 0.65625 0.74169921875
vt 0.6728515625 0.76513671875
vt 0.685546875 0.78857421875
vt 0.68603515625 0.763671875
vt 0.67041015625 0.7392578125
vt 0.6865234375 0.73779296875
vt 0.66845703125 0.7158203125
vt 0.650390625 0.71875
vt 0.759765625 0.619140625
vt 0.75341796875 0.61376953125
vt 0.75390625 0.6181640625
vt 0.755859375 0.6103515625
vt 0.75048828125 0.61962890625
vt 0.74853515625 0.6123046875
vt 0.75390625 0.60693359375
vt 0.7451171875 0.63623046875
vt 0.75537109375 0.6025390625
vt 0.75439453125 0.58447265625
vt 0.7568359375 0.59521484375
vt 0.744140625 0.64306640625
vt 0.74853515625 0.640625
vt 0.7509765625 0.6484375
vt 0.7373046875 0.60986328125
vt 0.7421875 0.5673828125
vt 0.7451171875 0.5244140625
vt 0.75830078125 0.56103515625
vt 0.76513671875 0.5009765625
vt 0.76171875 0.53125
vt 0.7587890625 0.57861328125
vt 0.7587890625 0.5947265625
vt 0.76318359375 0.55908203125
vt 0.76171875 0.5791015625
vt 0.7685546875 0.59228515625
vt 0.77490234375 0.580078125
vt 0.7900390625 0.599609375
vt 0.76611328125 0.5595703125
vt 0.7939453125 0.59033203125
vt 0.80908203125 0.60888671875
vt 0.77783203125 0.5625
vt 0.81494140625 0.6064453125
vt 0.818359375 0.615234375
vt 0.798828125 0.57666015625
vt 0.822265625 0.60546875
vt 0.82666015625 0.6181640625
vt 0.83154296875 0.6240234375
vt 0.83203125 0.62060546875
vt 0.82861328125 0.60400390625
vt 0.8369140625 0.623046875
vt 0.83837890625 0.62451171875
vt 0.8310546875 0.60302734375
vt 0.80419921875 0.564453125
vt 0.80126953125 0.56640625
vt 0.78466796875 0.5458984375
vt 0.7822265625 0.548828125
vt 0.76904296875 0.53759765625
vt 0.771484375 0.53466796875
vt 0.76611328125 0.53369140625
vt 0.76904296875 0.53076171875
vt 0.76953125 0.5283203125
vt 0.77099609375 0.515625
vt 0.771484375 0.50830078125
vt 0.76953125 0.49609375
vt 0.77197265625 0.5078125
vt 0.77001953125 0.495849609375
vt 0.7734375 0.50634765625
vt 0.77001953125 0.479248046875
vt 0.77197265625 0.495361328125
vt 0.775390625 0.50439453125
vt 0.7724609375 0.4794921875
vt 0.7744140625 0.44140625
vt 0.7802734375 0.444580078125
vt 0.78759765625 0.44873046875
vt 0.77587890625 0.48046875
vt 0.7802734375 0.48193359375
vt 0.775390625 0.495361328125
vt 0.77880859375 0.4951171875
vt 0.7783203125 0.501953125
vt 0.326904296875 0.7509765625
vt 0.309814453125 0.73486328125
vt 0.306884765625 0.73974609375
vt 0.31884765625 0.7333984375
vt 0.323974609375 0.755859375
vt 0.334716796875 0.74853515625
vt 0.3349609375 0.7353515625
vt 0.373291015625 0.7939453125
vt 0.3701171875 0.798828125
vt 0.348388671875 0.74853515625
vt 0.3544921875 0.734375
vt 0.37744140625 0.78955078125
vt 0.42431640625 0.83251953125
vt 0.38623046875 0.783203125
vt 0.3662109375 0.75146484375
vt 0.3876953125 0.744140625
vt 0.3916015625 0.7529296875
vt 0.39208984375 0.77978515625
vt 0.400146484375 0.77587890625
vt 0.405517578125 0.77294921875
vt 0.39990234375 0.73681640625
vt 0.3876953125 0.744140625
vt 0.390625 0.716796875
vt 0.410400390625 0.77197265625
vt 0.405517578125 0.72705078125
vt 0.398193359375 0.7041015625
vt 0.414306640625 0.7705078125
vt 0.409912109375 0.71533203125
vt 0.406494140625 0.69189453125
vt 0.417724609375 0.76904296875
vt 0.413818359375 0.70556640625
vt 0.413330078125 0.68115234375
vt 0.422607421875 0.767578125
vt 0.42236328125 0.69677734375
vt 0.422119140625 0.67041015625
vt 0.43115234375 0.68115234375
vt 0.430908203125 0.70556640625
vt 0.438232421875 0.69140625
vt 0.427490234375 0.76904296875
vt 0.434814453125 0.71533203125
vt 0.4462890625 0.7041015625
vt 0.4306640625 0.7705078125
vt 0.439453125 0.72705078125
vt 0.4541015625 0.71630859375
vt 0.4345703125 0.77197265625
vt 0.445068359375 0.73681640625
vt 0.457275390625 0.74365234375
vt 0.453369140625 0.7529296875
vt 0.439697265625 0.77294921875
vt 0.445068359375 0.77587890625
vt 0.453125 0.779296875
vt 0.478759765625 0.75146484375
vt 0.457275390625 0.74365234375
vt 0.490478515625 0.73388671875
vt 0.458984375 0.783203125
vt 0.49658203125 0.748046875
vt 0.509765625 0.73486328125
vt 0.4677734375 0.7890625
vt 0.51025390625 0.748046875
vt 0.52587890625 0.73291015625
vt 0.47216796875 0.7939453125
vt 0.475341796875 0.79833984375
vt 0.52099609375 0.7548828125
vt 0.51806640625 0.75048828125
vt 0.53515625 0.734375
vt 0.5380859375 0.7392578125
vt 0.603515625 0.046112060546875
vt 0.60009765625 0.039276123046875
vt 0.60107421875 0.05035400390625
vt 0.60595703125 0.05206298828125
vt 0.595703125 0.0419921875
vt 0.5947265625 0.02874755859375
vt 0.59814453125 0.05548095703125
vt 0.59619140625 0.06829833984375
vt 0.58935546875 0.029571533203125
vt 0.5869140625 0.017852783203125
vt 0.59033203125 0.0452880859375
vt 0.59228515625 0.062744140625
vt 0.5859375 0.046539306640625
vt 0.58154296875 0.053314208984375
vt 0.58349609375 0.0305633544921875
vt 0.57373046875 0.04473876953125
vt 0.57666015625 0.03826904296875
vt 0.56982421875 0.0313720703125
vt 0.56103515625 0.021209716796875
vt 0.57177734375 0.02545166015625
vt 0.564453125 0.012969970703125
vt 0.57958984375 0.031982421875
vt 0.57373046875 0.019989013671875
vt 0.56787109375 0.0088958740234375
vt 0.576171875 0.0182037353515625
vt 0.572265625 0.0070648193359375
vt 0.57568359375 0.0078582763671875
vt 0.58203125 0.0180206298828125
vt 0.578125 0.00852203369140625
vt 0.79443359375 0.982421875
vt 0.79345703125 0.98046875
vt 0.79052734375 0.978515625
vt 0.794921875 0.98193359375
vt 0.79052734375 0.9775390625
vt 0.79345703125 0.97998046875
vt 0.78662109375 0.974609375
vt 0.7919921875 0.97607421875
vt 0.78759765625 0.97412109375
vt 0.7890625 0.97412109375
vt 0.7900390625 0.9736328125
vt 0.78857421875 0.97314453125
vt 0.7783203125 0.96240234375
vt 0.78955078125 0.97216796875
vt 0.78076171875 0.96044921875
vt 0.78271484375 0.958984375
vt 0.765625 0.93603515625
vt 0.30078125 0.732421875
vt 0.314697265625 0.72607421875
vt 0.301513671875 0.72265625
vt 0.2880859375 0.72705078125
vt 0.30908203125 0.72021484375
vt 0.32080078125 0.71240234375
vt 0.296630859375 0.71923828125
vt 0.31005859375 0.712890625
vt 0.30224609375 0.71240234375
vt 0.308349609375 0.705078125
vt 0.31591796875 0.6982421875
vt 0.30224609375 0.6923828125
vt 0.302734375 0.70263671875
vt 0.29931640625 0.7109375
vt 0.29638671875 0.70458984375
vt 0.28857421875 0.69775390625
vt 0.2939453125 0.712890625
vt 0.282470703125 0.71240234375
vt 0.53759765625 0.72021484375
vt 0.55078125 0.7275390625
vt 0.55078125 0.7177734375
vt 0.56396484375 0.7236328125
vt 0.54345703125 0.71484375
vt 0.53271484375 0.70654296875
vt 0.55615234375 0.71484375
vt 0.54296875 0.70751953125
vt 0.55126953125 0.70751953125
vt 0.54541015625 0.7001953125
vt 0.53857421875 0.69287109375
vt 0.552734375 0.6875
vt 0.55126953125 0.69775390625
vt 0.55419921875 0.70654296875
vt 0.5576171875 0.70068359375
vt 0.56591796875 0.69384765625
vt 0.55908203125 0.708984375
vt 0.57080078125 0.70947265625
vn -0.12531151841098886 -0.4778071153809466 -0.8694811003379378
vn -0.125310716632932 -0.47780807726729196 -0.8694806873042519
vn -0.1253109532377326 -0.47780771272347405 -0.8694808535330797
vn 0.11760746472747839 -0.4782692417532639 -0.8703028304177419
vn 0.11760689668697817 -0.47826941375864057 -0.8703028126546672
vn 0.11760732787258525 -0.4782693204961521 -0.87030280563883
vn 0.5122305218399854 -0.8588480029960592 0.000015659411983139366
vn 0.3069301603105574 -0.37774821290225347 0.8735560453347508
vn -0.1577998696706022 -0.9383499772070896 -0.30756872631559135
vn -0.7878930671132922 -0.5909093924541063 -0.1733511024029791
vn 0.6481675005931676 -0.7588610573787288 -0.06331498060367531
vn -0.43358977929519427 -0.5125550501763407 -0.7411391393183022
vn 0.8941959180205524 -0.08627697326569822 -0.4392834438941349
vn -0.5742406443218326 0.5506648975007649 0.6058183333882513
vn -0.7294296929688636 0.4079687438344197 0.5490845354492467
vn -0.4813253701080681 -0.20514504579037274 -0.8521979806817177
vn 0.8535530788058789 -0.08694078009959096 -0.5137007323497599
vn -0.9801529180136073 -0.0790444639095942 -0.1818027228471998
vn -0.5147184000549012 -0.17421604960265807 -0.839472296568366
vn 0.7211839212817535 -0.4041528259067694 -0.562631535728532
vn -0.9854714234015409 -0.06307518447520648 -0.15769462502685191
vn -0.834925637790567 -0.08656363284004415 0.5435125728348417
vn 0.42465692349500667 -0.039299830104501395 0.9045009788173329
vn -0.6809141915588528 -0.2692641270745822 -0.6810673194365717
vn -0.9843720628985146 -0.07876207454615779 -0.15750611860530428
vn -0.9858983118371673 -0.023666758566065007 -0.16566352421580136
vn -0.5816673233346943 0.4402581960946328 0.6839852671923221
vn -0.9346056242821338 0.30636112709043894 0.18070746212616298
vn -0.7329653749582565 0.46500434858034995 0.4965206087501976
vn -0.6840478755538291 0.6289323756230205 0.36948960857306534
vn -0.5742406443218326 0.5506648975007649 0.6058183333882513
vn 0.3069301603105574 -0.37774821290225347 0.8735560453347508
vn 0.24303896490965904 0.6975569394096567 0.6740522070411712
vn 0.2988165236435458 0.38539361566078817 0.8730294646834614
vn 0.6074893885846004 0.21295182123544548 0.7652503933939632
vn 0.5122305218399854 -0.8588480029960592 0.000015659411983139366
vn 0.8846384255521832 -0.08687107076996066 0.45811382111854576
vn 0.42465692349500667 -0.039299830104501395 0.9045009788173329
vn 0.7211839212817535 -0.4041528259067694 -0.562631535728532
vn 0.4421297511648435 0.5369181633510349 0.7184985518417312
vn 0.9460253235317494 -0.1024882578215402 0.30746096377484167
vn 0.8535530788058789 -0.08694078009959096 -0.5137007323497599
vn 0.7041304742901684 0.3756517337997149 0.6025662204846624
vn 0.9716879159581304 0.02351122697738555 0.23509533425179524
vn 0.8941959180205524 -0.08627697326569822 -0.4392834438941349
vn 0.9718095791978506 -0.06269789438978864 0.2272776183841772
vn 0.6481675005931676 -0.7588610573787288 -0.06331498060367531
vn 0.1500902062742791 -0.939495155361768 -0.30793145833498614
vn -0.3161473227027889 -0.3794214526872824 0.8695344913162049
vn -0.5180050611549872 -0.8553775519936384 0.00001277452630246516
vn 0.78789302715155 -0.5909094220879941 -0.17335118301759514
vn -0.6527203103583087 -0.7549708642673094 -0.06304911223185652
vn 0.4271205099271141 -0.5143303520459543 -0.7436614545368658
vn -0.8978577419543214 -0.07876077722673393 -0.4331838122360157
vn 0.5689066512050137 0.5531770232816091 0.6085559983501888
vn 0.7257261056460562 0.41031496248612126 0.5522347790060151
vn 0.475243555940393 -0.20595424179170146 -0.8554100845940126
vn -0.8556765949516597 -0.08635334229414347 -0.5102554900503898
vn 0.9801529256331686 -0.07904443472174522 -0.1818026944581961
vn 0.5106377739839608 -0.18067404345934837 -0.8405985687596398
vn -0.724955501889048 -0.4018456060337841 -0.5594279481686085
vn 0.9837031142265796 -0.07082366220025443 -0.16526400676938963
vn -0.43414738187504404 -0.03943365491688129 0.8999783540013288
vn 0.8307565294246886 -0.09399288015539924 0.5486428048360239
vn 0.6758366036368092 -0.27508238638119303 -0.6837942423620504
vn 0.9824858990984948 -0.08646653986936129 -0.16506058147129685
vn 0.9843739589026046 -0.03150212551133645 -0.17324989212891662
vn 0.5764210351399052 0.44227151779351065 0.687120582428488
vn 0.9335857293804113 0.30867459238869505 0.1820375837867507
vn 0.7274319789313939 0.46931466050522536 0.5005861219239117
vn 0.6798443117791658 0.6323209542857005 0.37145918014330137
vn 0.5689066512050137 0.5531770232816091 0.6085559983501888
vn -0.3161473227027889 -0.3794214526872824 0.8695344913162049
vn -0.24567821683515742 0.6971946875275447 0.6734699558674218
vn -0.3080384314390054 0.38709240970883013 0.8690637439810778
vn -0.6124170915145021 0.21193968551110884 0.761594955160793
vn -0.5180050611549872 -0.8553775519936384 0.00001277452630246516
vn -0.8846393074410326 -0.08687171032425015 0.45811199686931336
vn -0.43414738187504404 -0.03943365491688129 0.8999783540013288
vn -0.724955501889048 -0.4018456060337841 -0.5594279481686085
vn -0.9739634662869835 -0.054979394669573765 0.21993733766691698
vn -0.6527203103583087 -0.7549708642673094 -0.06304911223185652
vn -0.8978577419543214 -0.07876077722673393 -0.4331838122360157
vn -0.7095528111473997 0.3706512223266386 0.5992933168162241
vn -0.973605746555561 0.015705214000987316 0.227695402955729
vn -0.8556765949516597 -0.08635334229414347 -0.5102554900503898
vn -0.44845276631763614 0.5350324572161473 0.7159821129800039
vn -0.946025311251846 -0.10248784670924864 0.30746113859762736
vn -3.123423108788278e-7 -0.7491555711443534 -0.6623940898160852
vn -0.7637326392311252 -0.5590148432284466 -0.3228232656165525
vn 0.000008858740899206951 -0.8439594464094079 -0.5364069842366415
vn -0.7721341121496471 -0.598791577373903 -0.21273824226252647
vn -0.8175793114417828 -0.5581578641607788 -0.14150571782743604
vn -0.8006726007129463 -0.596576402061038 -0.05495437172303616
vn -0.2122440950518419 -0.4558256436963726 0.8643930973026175
vn -0.7065680388304091 -0.7065557726142426 0.03924979858343825
vn -0.22077104508241707 -0.8988928414322036 0.3784862022255982
vn -0.5908814074555647 -0.8036361318243497 0.07090930792024092
vn -0.6321821893037637 -0.7744574190479262 0.023693577372891506
vn 0.023642696061151575 -0.9800043051884487 0.1975666589661983
vn -0.4343373707935739 -0.9004389720612159 -0.02367922983262808
vn -0.7564669498990021 -0.6540319210115961 0.0000028951411485987293
vn -0.7777645312241247 -0.6285064784540982 -0.007870229408708804
vn 0.821276464922129 -0.4264135689491255 0.3790467469601607
vn 0.7188904026784534 -0.6950786711915954 -0.007888586143095103
vn -0.10241108874997489 -0.9602349567475396 -0.259732163470556
vn -0.4326937300944407 -0.8890576564334972 -0.14950792445197336
vn -0.7609394928478074 -0.6275635364209151 0.16472733828783964
vn 0.8378426936633605 -0.45054299267276854 -0.30827038850397254
vn 0.3384528296717638 -0.9129022158676118 -0.22816491042923415
vn -0.743112652762435 -0.6482447484030213 0.16601906960430907
vn 0.996514719292971 -0.06277007375352783 0.05493934904445066
vn 0.9842223845171649 0.06299703646222254 -0.16534107539363344
vn 0.8020278768756062 0.16512116367234506 -0.5740089598794587
vn 0.7592007441040234 -0.05536794799870791 0.6484972016025278
vn 0.9526963951428725 0.08662316712681169 0.2913177056045444
vn 0.591633653809828 0.2287614178745566 0.7730703935423054
vn 0.45058544482818824 0.2608806332830758 0.8537646350644917
vn 0.22787166210497173 0.11786249207494943 0.9665313955435695
vn 0.7091899241490045 0.2994344664573348 0.6382700461269827
vn 0.3220198243345593 0.2277710575485073 0.9189252298630036
vn 0.25193201495423895 0.11809163173574563 0.9605126893253862
vn 3.9301811878027506e-7 0.1809768102831517 0.9834873634874937
vn -0.000001955777376201628 0.15801793901203573 0.9874362414589426
vn -5.983748030099446e-8 0.4090489172542587 0.9125124565139453
vn 0.4333198188871593 0.4648457338358008 0.7721090455980004
vn 0.0000016745180424171784 0.5363417938593978 0.8440008768697338
vn 0.6170374671516047 0.3955392563280121 0.6803039473901467
vn 0.37862606130555165 0.4574991976714688 0.8045724267150887
vn 1.9953588672673633e-7 0.36323316868345945 0.9316982693813131
vn 0.4026414615589943 0.3710478062161827 0.8367815598684015
vn 3.5739505118183474e-7 0.28299188223843236 0.9591223042902409
vn 0.4505396628128917 0.30826629182255616 0.8378459915512018
vn -6.309710557851187e-7 0.22026272654604226 0.9754405831695261
vn 0.4193750303778634 0.22947871713886678 0.8783302922453866
vn 0.8827284961095155 0.18128608041306699 0.4335040475067104
vn 0.7994717692002875 0.1899637353075742 0.5698760124095033
vn 0.9320330080107468 0.1027006256725198 0.3475155442061726
vn 0.5764210351399052 0.44227151779351065 0.687120582428488
vn -0.3080384314390054 0.38709240970883013 0.8690637439810778
vn -0.43414738187504404 -0.03943365491688129 0.8999783540013288
vn 0.8307565294246886 -0.09399288015539924 0.5486428048360239
vn 4.52201320502298e-8 0.17308688169499106 0.9849065597228511
vn 0.48761030963041596 0.16517318574467962 0.8572945845233616
vn 0.35501934132516416 0.08678169998722549 0.9308223266726974
vn 4.772373643841561e-7 0.09479087293755953 0.9954972076342091
vn 2.945307790399334e-8 0.055067607021844885 0.9984826281197319
vn 0.8919593381157052 0.09474293809873856 0.44207727246332373
vn 0.7825463006934722 0.0869490130730372 0.6164910026890796
vn 0.4341915812631772 0.039480654798387416 0.8999549703495572
vn 5.378388134368446e-7 -0.00003475485122845424 0.9999999993959056
vn 0.45649327436090614 -0.023628585639023873 0.8894130538753958
vn -3.1548556394425125e-8 -0.05511292575018208 0.9984801277017253
vn 0.8376657729585205 0.031612871888553724 0.5452675298830493
vn 0.4800851942043466 -0.07866025934577424 0.8736880277910591
vn -0.000001057051192848787 -0.11042737094043485 0.9938841963458651
vn 0.8435490819285196 -0.03155378650774449 0.5361243371966763
vn 0.9751705921197252 0.06291754930816626 0.21232922138490212
vn 0.9769835343201752 0.01575823236316109 0.21273187767715426
vn 0.8209292673125549 -0.05525088523372163 0.5683506644234367
vn 0.4632804831653247 -0.10989823900856337 0.8793711224397355
vn 1.7927959840567184e-7 -0.14909254836670102 0.9888232460968396
vn 0.9730384825461267 -0.023733378707626235 0.2294184783740221
vn 0.44849583414793887 -0.14948544743932732 0.881195544561937
vn -2.3795293003798403e-7 -0.21278817129462602 0.9770983543927562
vn 0.7997863389804163 -0.08709266339932303 0.5939332285386253
vn 0.9728274499925175 -0.03163138053503868 0.2293604331756099
vn 0.9983916798362342 -0.031447284554853565 0.047171198075819994
vn 0.4501890345149069 -0.2369563887276988 0.8609189875032749
vn -0.0000018896536717245014 -0.1182416851063354 0.9929848457552831
vn 0.8140020400388112 -0.15006491727473917 0.5611427620632554
vn 0.9713924984679133 -0.06317542602417618 0.2289224311135305
vn 0.9989483782231772 -0.03931689539506609 0.023586423675023102
vn 0.964247057716535 -0.1184703763147569 0.23704932318158028
vn 0.9973759837356816 -0.07067230391268323 0.015702628027008125
vn 0.8117632166190163 -0.21272988685990757 0.5438625519199854
vn 0.6860217833585605 -0.055208559323940865 0.7254833752298637
vn 0.00000361539462042739 0.5601824260014512 0.8283692712710061
vn 0.4723238331193506 -0.2597685745036333 0.8422769641678409
vn 0.9487463370681406 0.21951651824478297 0.22736069607008635
vn 3.975583438099989e-8 0.7637240369156683 0.6455428687835016
vn 0.9013088774917452 -0.158149134748047 0.4032755367400983
vn 0.9344609010173232 0.2669902620282194 0.23558230929336632
vn -0.0000012344681772412516 0.6951454272195002 0.7188691362232033
vn 0.9972217971080104 -0.07066494371050312 -0.023561687186228173
vn 0.8548204439995326 -0.1899631433004868 0.4829037302691299
vn 0.9557577325390887 0.195922120197706 0.2194121225205565
vn 0.996366936174339 -0.07905604924571318 -0.03167127367536997
vn 0.9412379904022107 0.1726108696334262 0.29030420787167427
vn 0.000005084090517282909 0.44090696438368765 0.8975528111103622
vn 0.9900734441503362 -0.1257092486333852 -0.06286302566947585
vn 4.628673379805236e-7 0.3303346478987972 0.9438638781081536
vn 0.6312573568414862 -0.5523328061504246 0.5444654448938869
vn 0.9905352555155287 -0.13360953564172998 -0.03143882259862334
vn 0.9806417260681372 -0.1344477821176106 -0.14235729337747347
vn 0.9954955757749302 -0.0948080092134391 0.0000012346032099962347
vn 0.9843776338086044 -0.15746594299141373 -0.07877277991284784
vn 0.994722939910426 -0.10259762536565027 -0.000009235187558918136
vn 0.7592673332922069 -0.6248361837822026 -0.18191443052114978
vn -7.228228421414197e-7 -0.9997208815635155 -0.02362538815226104
vn -8.222310670226423e-8 -0.9995021002430211 -0.031552362982558424
vn 0.6075497151429735 -0.7732623827861727 -0.1815175776544585
vn -0.0000014330727893164237 -0.9999688635948022 -0.007891250779567652
vn 0.9733171007030035 -0.1661655428923955 -0.15824927751612275
vn 0.5508977658426066 -0.77914259427781 -0.2990793696858218
vn 0.000020686011677680993 -0.9124967585149508 -0.4090839342626362
vn 0.9154867953242813 -0.29984423618620293 -0.26828596983962816
vn 0.9785923431977814 -0.1736314153210148 -0.11049505621654326
vn 0.9880030141826246 -0.1411254225394307 -0.0627188893326081
vn 0.9953704510569198 -0.09480300760058007 -0.015813124695277212
vn 0.9961795726714473 -0.08696934805473744 0.007911478437465801
vn 0.9959309181421259 -0.08694224690661909 0.023720286495116198
vn 0.9961486943057303 -0.078430315562017 0.039197760571638
vn 0.7628346672792435 -0.2044704817847671 0.6134126608374424
vn 0.000006823440565486975 -0.3398235880901232 0.9404891966051472
vn 0.49642992829267024 -0.23639791504677476 0.8352684311386801
vn 0.44230992358723187 -0.30014822116550827 0.8451467191129823
vn -0.0000140483301908196 -0.007966961675552602 0.9999682631585388
vn 0.813873219061766 -0.2212286756689075 0.5372785649510127
vn 0.8364241520031709 -0.21304194120143358 0.5049829395483587
vn 0.9553046334484371 -0.16583356110486722 0.24472900793168245
vn 0.9481555855666318 -0.181739246379934 0.260714080716886
vn 0.9937601625863551 -0.11041710918923137 0.01577343509303107
vn 0.9881515596262788 -0.150189607557991 0.031616087514574585
vn 0.9454678466388419 -0.17333509454532184 0.27576347831262155
vn 0.9854095887274852 -0.16557136652882543 0.03942163149472491
vn 0.9495537973640659 -0.16479334210233929 -0.2668159296410619
vn 0.8221437815534577 -0.2450581238689324 0.5138347189309219
vn 0.9566088698906409 -0.11759052954622579 -0.2665932058541418
vn 0.9422899068347667 -0.2119923685129528 -0.25913117753291526
vn 0.9648264334279526 -0.07117650287241716 -0.2530688815274402
vn 0.7814342120506387 -0.19732050512729502 -0.5919672207927619
vn 0.9663148622227363 -0.05501904285878507 -0.2514129908544052
vn 0.7984098608838501 -0.164367270385506 -0.5792452800579809
vn 0.7941856982327256 -0.11007328006528644 -0.5976227486786853
vn 0.9647726356483523 -0.047060771129191346 -0.2588417379884042
vn 0.7927904545741172 -0.07850571580368446 -0.6044171967460189
vn 0.9989489468320538 0.023600423612751196 0.03929404062232937
vn 0.9632594307783168 0.0078999176674449 -0.2684564402607632
vn 0.998360766073229 0.055030304380813654 0.015730428011674177
vn 0.7771915364613226 -0.039249385790187497 -0.6280388533904425
vn 0.4810238314655292 -0.12614860306663322 -0.8675843495053144
vn 0.4701293332382741 -0.09402901415305094 -0.8775744723533959
vn 0.7597124510976943 0.01567709840130219 -0.650070165622796
vn 0.4623193869488242 -0.04701843825407762 -0.8854660077695873
vn 0.9476212859280652 0.047389003176240035 -0.31586101505884306
vn 0.4782886425811565 -0.007840812737163989 -0.8781676924332251
vn 0.7523845823078416 0.023512417360892098 -0.6583043418779053
vn 0.9756192322557018 0.055094214588331046 -0.2124423243416662
vn 0.7989730492233068 0.015818594836132214 -0.6011587466486881
vn 0.4869250828140834 0.05495940855305562 -0.8717129270224209
vn 0.28484626848573846 -0.04747886538748468 -0.9573966579591073
vn 0.3162062209581445 -0.015807920997706913 -0.9485587675316165
vn 0.24534425813581862 -0.08706131573610597 -0.9655187840234302
vn 0.6989177085749374 -0.03140072608488243 -0.7145124428879465
vn 0.25904437663323504 -0.12557460324429515 -0.95766749446493
vn 0.752211489491863 -0.0475119480868916 -0.6572065808141466
vn 0.671603468881937 -0.09481819543954892 -0.7348185424983072
vn 0.800266012203092 -0.06275789935834808 -0.5963520401412976
vn 0.9896762663296411 -0.02355749571689498 -0.14137161051416808
vn 0.972977582652465 -0.03921126582029708 -0.2275458201957039
vn 0.996423488135697 -0.031377723437149424 -0.07845808284295475
vn 0.9905330759177082 -0.031435396985155434 -0.13362649935319418
vn 0.9963927038040303 -0.04707176260945637 -0.07061040271045635
vn 0.9276452342186556 0.28299878035927867 -0.24369244909634802
vn 0.9273013398862013 0.2907656144435958 -0.23572777202208006
vn 0.9959936282376207 -0.05490064787245293 -0.07058761487148534
vn 0.9710792266255925 0.13427218875410343 -0.19742369397674467
vn 0.6257886830558121 0.6415887540715215 -0.44356780181639077
vn 0.5712055960883862 0.6181960974402876 -0.5399608801634707
vn -0.007847033898511503 0.6584875742204608 -0.7525506884298548
vn -0.007816554744154745 0.759778511170854 -0.6501349978542393
vn 3.995519621114576e-7 0.8221970381234593 -0.5692029782958371
vn 0.995993373205425 -0.06322855595208361 -0.06324041621536906
vn 0.995744384682307 -0.07900900783956998 -0.04744151192637636
vn 0.6828190145862898 0.5650937111228029 -0.4630629449317513
vn -0.007855165465346477 0.745204957265761 -0.6667892230998091
vn 0.990928162173434 -0.04719081319732149 -0.12583483047771807
vn 0.9890642915384317 -0.06279874681491698 -0.1334471603371769
vn 0.595891309275781 0.36851490692590877 -0.7135196639918092
vn -0.007861739533435675 0.35369484622171 -0.9353278295911596
vn 0.634461870772828 0.2349860074696798 -0.7363692761304635
vn 0.30859361971623783 0.13451562941531203 -0.9416344956050794
vn -0.007859320022283926 0.1885652069121071 -0.9820292224933946
vn 0.30584745903847643 0.07843540350254787 -0.9488441490977852
vn 2.629240203168204e-7 0.0948721042433844 -0.9954894694753749
vn 0.4274218198750963 0.05540182159280358 -0.9023531603861429
vn 0.3958969751782355 0.11876272660576564 -0.9105827803192239
vn -1.1560040859663438e-7 0.15026079287813887 -0.988646394887282
vn 0.8368073750987011 0.05526404452248179 -0.5447011128714893
vn 0.40872569816676263 0.17294882089927704 -0.8961205326336644
vn -0.0078475295596269 0.18854205244495062 -0.9820337625253299
vn 0.42345840353171516 0.2509692267236301 -0.8704581711467325
vn -4.237517821897706e-8 0.29954719701734267 -0.9540814832911554
vn 0.7762144296777254 0.2273752608237121 -0.5880405172481167
vn 0.45099000778227616 0.36395933450314744 -0.8149488423874032
vn 4.2095782748937057e-7 0.3795770906477023 -0.9251601116862146
vn 0.9885768428524295 0.09413840792668392 -0.11770210673115476
vn 0.9977437790923935 0.02359080512646424 -0.06285559001325344
vn 0.9972509161452799 0.039300674933519436 0.06281772995874291
vn 0.9963347151914962 -0.07116341384695807 -0.04746476413010988
vn 0.9596804410968778 -0.0865236713068605 0.26744551833912716
vn 0.9954953765461668 0.09481010088054415 -0.000006799023306849358
vn 0.9730902119556926 -0.06340529319778158 0.22152924906325305
vn 0.9016413199052611 -0.29787350130564805 -0.3135511241558748
vn 0.9156303903782265 -0.27633051479805504 0.2919973198631428
vn 0.6869603136240306 0.023669348573550266 -0.7263093620790504
vn 0.9576036324417482 0.07914806694276397 0.27700336935422476
vn 0.22025235333687238 0.1258590872809608 0.9672891971889136
vn 0.753101827093577 0.5098886907395326 0.4157537264826876
vn 0.9638543056802651 0.12537555121602506 0.23508689580427872
vn 0.8637199657297056 0.47890672311809024 -0.15695913911642448
vn 0.985841556802076 -0.11041884868015897 0.1261907395105011
vn -0.007861286624460234 0.42501355674818964 -0.9051528471771282
vn 0.4713820650234981 0.38495345867763875 -0.7934795419078592
vn 0.3777888052506496 0.4328518121340147 -0.8184833091514978
vn 8.282950299395061e-8 0.4660513451012815 -0.8847576751457312
vn 0.8016570945080613 0.28293960184112316 -0.5265843565231308
vn 0.3606348033770703 0.407682386133881 -0.8388907024334976
vn -0.007824533496464546 0.44719376927663335 -0.8944028786825988
vn 0.6886342323892404 0.3521488676337584 -0.633856505059263
vn -0.007850654471966777 0.4471986368340414 -0.8944002160320274
vn 0.8112267300183913 0.267782786946012 -0.5198110921470364
vn 0.3616170044260112 0.4480997671388055 -0.8175816416726261
vn 0.9104618795681493 0.22760127228105675 -0.34533581729857854
vn 0.42805522804457735 0.5548691114901072 -0.7133645567715597
vn -0.007864959841882057 0.6370494938080652 -0.7707827740975881
vn 0.9163860573866647 0.20364201462638806 -0.3446251930811658
vn 0.3453480684578548 0.9104552535242975 -0.2276091890553546
vn -0.007841247563511771 0.9719302583866246 -0.2351384436223836
vn -3.585592196623961e-8 0.9251625445556999 0.37957116085290427
vn 0.7054380162587734 0.6975874155941458 -0.12541532131907585
vn 0.3007115958185654 0.9101586273029989 0.2849277264257944
vn -0.023688782514988977 0.6949573349477429 0.7186606599677545
vn -0.000012634322219015292 0.5364356017826194 0.8439412568304107
vn -0.000005204230871460408 0.03936490933726553 0.999224901554092
vn -0.2522021203739313 0.20489876528838022 0.9457328303819162
vn 0.38004849092268705 0.7521496615918603 0.5383623604178124
vn -0.19637729260197456 0.3614890479468819 0.9114612592780756
vn -0.42420364308448966 0.06284510705910173 0.9033835075495772
vn 0.7461656034713482 0.6283712990460524 0.21996909494612057
vn -0.5652398045498721 0.22766003333636814 0.7928902020921348
vn -0.7167813613103657 0.16540370823091619 0.6773965554839505
vn 0.04709641178200234 0.5968051065108064 0.8010028669361207
vn -0.48078016983965627 0.5044189672285619 0.7172251625459207
vn -0.8252017333875766 0.20436164372269688 0.5265723291145258
vn -0.8817779721439307 0.11809088522554607 0.456642256770422
vn -0.5532689127546869 0.4584052977514601 0.6955272051995105
vn 0.4182140293410483 0.5760595524876317 0.7023193131689277
vn 0.3004770894909153 0.7275034549761552 0.6168081076711184
vn 0.7274858129471448 0.6088676320781048 0.31629827468425026
vn 0.8155923918946975 0.48621267218111924 0.31369776488521856
vn 0.8790276711297896 0.447382440142889 -0.16480080594442695
vn 0.9180570584236942 0.39573695429422595 -0.023738165143150858
vn 0.9331649823627042 0.22934100535680627 0.27677756222993105
vn 0.9586500435309807 0.2828448815742209 0.03144625582344788
vn 0.94092461348565 0.22740423131942078 -0.2508947733909641
vn 0.965632014700993 0.23552223873293315 -0.1099276455070716
vn 0.8438697045547737 0.2208226848133245 0.4890002695361976
vn 0.8489531007440895 0.2672607976148846 -0.4559060196962216
vn 0.9729433657624018 0.14239936526075112 0.1819440237882638
vn 0.6736861590608746 0.39167829722289604 0.6266857829681305
vn 0.8207031770505497 0.48137876018948256 0.30776741935684304
vn 0.8928152081668334 0.16593827900878477 0.41874275113202464
vn 0.7422667081071125 0.24479175681449258 0.6237925374926387
vn 0.7585687653611966 0.4108913385857567 0.505709141793576
vn 0.5190054294908788 0.36955569663036897 0.7707541444890396
vn 0.8000597636780215 0.2588408699500237 0.5412077037395011
vn 0.5681818608572817 0.3393296545733247 0.7496831053984775
vn 0.33648246938355647 0.39908091276220925 0.8529442964616306
vn 0.33157351557582043 0.3868370078600389 0.8604743651722481
vn 0.5420237458122447 0.2985142168767098 0.785556822450259
vn 0.2755718114200334 0.32281160956509747 0.9054572554685686
vn 0.20524166873232816 0.4026098430779232 0.8920656767709086
vn 0.13413944602979835 0.3392785994128273 0.9310728440886294
vn 0.26029788062883163 0.28396342387008955 0.9228270624792677
vn -8.819624486386179e-7 0.3536968087157875 0.9353601271721441
vn 1.8086005335303836e-7 0.39296729884667264 0.9195524465940575
vn 2.4726616466526473e-7 0.3066953079571286 0.9518077474348592
vn 0.23638855674249407 0.37035179501864984 0.8983095224741106
vn 6.296819137216373e-8 0.34679118046422575 0.9379423634489622
vn 0.14924682603045553 0.29850500915739137 0.9426665075347594
vn -8.12113326818214e-7 0.2830196548217722 0.959114109469726
vn 0.1338465614021102 0.2440582235808915 0.960479401915195
vn -8.749775513044313e-7 0.21278384367706657 0.9770992968318255
vn 0.11004616309639233 0.14936026135181457 0.9826399922233371
vn 0.24523050998317336 0.19775005268016968 0.9490821427244235
vn 0.18852134909902124 0.12568360216290062 0.9739934974532646
vn 0.5209016034980877 0.2604624790680862 0.8129088611097974
vn 0.45927317412693214 0.17420576891645675 0.8710456369235764
vn 0.44867649793802045 0.08658548903790962 0.8894899399578049
vn 0.8202941112671314 0.23662095070707553 0.5206996223418517
vn 0.806005135361713 0.242584548388618 0.5399152328408942
vn 0.7683124919370427 0.1346253799089393 0.6257570789195003
vn 0.7986448319656506 0.03166222467555864 0.6009691638538138
vn 0.9240265068770107 0.21926028894716815 0.3132090999308192
vn 0.9628699115160525 0.07103678136565447 0.26045212456472183
vn 0.9770996991321212 -0.000012139194867955838 0.2127819959690151
vn 0.9438320813145799 0.2044915178338843 0.259546183588552
vn 0.9961783373662385 0.086983749211449 -0.007908699978934047
vn 0.9967918753942652 0.07848494465094684 -0.015686637980199467
vn 0.972525853024978 0.12548557269086574 -0.1960786481095901
vn 0.9860565517228419 0.16566039560552454 -0.01578322312709586
vn 0.9628639594542924 0.16576032585716705 -0.21311149653580055
vn 0.9095227724452002 0.1502694332923366 -0.3875402221984147
vn 0.9854137553655811 0.1655501802158527 0.039406453364917896
vn 0.9558928968098247 0.20373963606517206 -0.21156306512374343
vn 0.9003869024899844 0.21920891376082152 -0.3758335774678631
vn 0.9644698962361697 0.16602912707649428 -0.20550461847951124
vn 0.9252675197872512 0.18818487644438447 0.3293424799572027
vn 0.985657549631773 0.1340483341056426 0.10251945657967032
vn 0.9673920747962398 0.2044937900791121 -0.14944853107510464
vn 0.9176046465594342 0.2689481138152987 -0.29269203044792486
vn 0.8688338853313294 0.3130934740093766 -0.383536381889393
vn 0.9336296806883323 0.261085717842862 -0.2452954693350046
vn 0.7989410647011161 0.5379183325641652 -0.268955465877969
vn 0.8614599240804044 0.18178485471159964 -0.47417408807406014
vn 0.5886177088632469 0.4787434427354142 -0.6514091716044724
vn 0.8550716205004543 0.514626744612028 0.0633390680761358
vn 0.4004959022673469 0.8875392479804209 -0.22776548369191613
vn 0.05538357784613919 0.5538488802959634 -0.8307731802964441
vn 0.4303558771669856 0.751059952708736 0.5007022732372861
vn 0.5353271090090292 0.06297854956481119 -0.8422936475213069
vn 0.05541477635723462 -0.1897825313578218 -0.9802610842794358
vn 0.8780924992188278 0.015686675024766113 -0.4782337201016884
vn 0.5939702560760795 -0.38796233782034883 -0.7047585113568238
vn 0.2513389319319211 -0.7618908611760487 -0.596951469511333
vn 0.877309017235948 0.21150968098799303 -0.43080453006537966
vn 0.8699466704448943 -0.4744580920466529 -0.13447047807341259
vn 0.40169415380289564 -0.9136035504377227 0.06301078818871587
vn 0.4738415527015489 -0.43435733405047805 0.7660338695449088
vn 0.9064180690703212 -0.06301743868622502 0.41765426668987643
vn 0.5582871276712388 0.21231403505779067 0.8020213423557238
vn 0.9259854920100109 0.2589863537550986 -0.2747306629330201
vn 0.916584157133066 0.3290294716970746 0.22718514398483688
vn 0.9093327887714227 0.28220533724451 -0.3057352235119458
vn 0.7121668705059008 0.26588738734835776 -0.6497093548679254
vn 0.6596170368339238 0.34551904090701374 -0.6674743119320258
vn 0.926660411023463 0.3377548734812786 -0.1649912969870599
vn 0.7049663423741565 0.5169767620360246 -0.48554864188292357
vn 0.5218172329202603 0.7193076405924053 -0.4585883705599498
vn 0.6735804566379454 0.32112415184105475 -0.6657091313327316
vn 0.7225393937570118 -0.25125668814764945 -0.6440550451089756
vn 0.5124139047448761 0.228678774276728 -0.8277306375986104
vn 0.6256231866292825 0.7761001687079732 0.07914642432401824
vn 0.8928391542646256 -0.45037566372012805 -0.00007836250638500196
vn 0.8937209329801219 0.07111706301282907 0.4429506262571145
vn -3.123423108788278e-7 -0.7491555711443534 -0.6623940898160852
vn 0.000008858740899206951 -0.8439594464094079 -0.5364069842366415
vn 0.7604223093360887 -0.5624019912666639 -0.3247489979711427
vn 0.7721338919970968 -0.5987918165767286 -0.21273836802550972
vn 0.8149261754189511 -0.5617691806843493 -0.142515670192003
vn 0.7978257021801103 -0.6003478097286611 -0.05528703550393322
vn 0.20471220784091598 -0.4565872882070805 0.865806537402324
vn 0.7025976505276404 -0.7104916418470562 0.03947364105974988
vn 0.2132388537560511 -0.9004302991422864 0.37914966389980864
vn 0.5820325765046165 -0.810078639673087 0.07078613870524736
vn 0.6283495758899912 -0.7775740432970261 0.023567300854848327
vn -0.03151193352376973 -0.9797905474285288 0.19752843141000637
vn 0.42486379507353306 -0.9049494050030321 -0.023607838113069844
vn 0.7564673602949804 -0.6540314463346867 0.0000037016078250553775
vn 0.7746350786567735 -0.6323588920829701 -0.007920007450285151
vn -0.8212762687078636 -0.42641305327495604 0.3790477522081072
vn 0.09460295449723036 -0.9609832778385491 -0.2599257984792445
vn -0.7226902125219477 -0.691127792877391 -0.007825000792857622
vn 0.4262959195004404 -0.8920610207342784 -0.14999641430311378
vn 0.7576121949724735 -0.6313185091930288 0.16571270916644443
vn -0.8401762318083449 -0.447574479059882 -0.3062368122852077
vn -0.347875383765967 -0.909092342206469 -0.22920259752288494
vn 0.7393299832749927 -0.6527803812977407 0.16513312697146923
vn -0.9973753639807689 -0.05498282787465665 0.04710914946307985
vn -0.9859340237865303 0.05521087200928843 -0.1577525288294157
vn -0.806673682590706 0.15817193074834524 -0.5694376262057942
vn -0.7625201185430059 -0.05504327407363087 0.6446187297902655
vn -0.952697298466483 0.08662198129406518 0.2913151040563389
vn -0.5967265035718694 0.22770185105635163 0.7694604258572384
vn -0.4568549270014721 0.2599445871443224 0.8507128700618365
vn -0.23712017333881644 0.11857309843100665 0.9642170107005167
vn -0.709189932122322 0.2994328949371252 0.6382707745196458
vn -0.3313875013477874 0.22882012998204393 0.9153270847437384
vn -0.2592993582507086 0.11786473116481196 0.958577982199788
vn -0.000001955777376201628 0.15801793901203573 0.9874362414589426
vn 3.9301811878027506e-7 0.1809768102831517 0.9834873634874937
vn -5.983748030099446e-8 0.4090489172542587 0.9125124565139453
vn -0.4397038955177534 0.463242127805781 0.7694590406853928
vn 0.0000016745180424171784 0.5363417938593978 0.8440008768697338
vn -0.6218821829742853 0.39361795347528394 0.6769988605611289
vn -0.3853536749648912 0.45612592088334253 0.802154405017747
vn 1.9953588672673633e-7 0.36323316868345945 0.9316982693813131
vn -0.4091912847671261 0.36984714818225245 0.8341316319694894
vn 3.5739505118183474e-7 0.28299188223843236 0.9591223042902409
vn -0.4567974224344466 0.3071507714925313 0.8348619756754938
vn -6.309710557851187e-7 0.22026272654604226 0.9754405831695261
vn -0.4258985441681978 0.22872019929158205 0.8753842016574372
vn -0.8827274295066676 0.18128371241942867 0.4335072096378342
vn -0.8022793457507431 0.18877130392888347 0.566315500577857
vn -0.9320273711958411 0.10268067496540242 0.34753655682592444
vn -0.5816673233346943 0.4402581960946328 0.6839852671923221
vn 0.2988165236435458 0.38539361566078817 0.8730294646834614
vn 0.42465692349500667 -0.039299830104501395 0.9045009788173329
vn -0.834925637790567 -0.08656363284004415 0.5435125728348417
vn 4.52201320502298e-8 0.17308688169499106 0.9849065597228511
vn -0.4869610221094489 0.1728006926546506 0.856159379767689
vn -0.3618626064651492 0.08653080740914569 0.9282068053033063
vn 4.772373643841561e-7 0.09479087293755953 0.9954972076342091
vn 2.945307790399334e-8 0.055067607021844885 0.9984826281197319
vn -0.8849193642819907 0.11854077769202175 0.4504062641026748
vn -0.8133334738818672 0.07897275252937198 0.5764130156590745
vn -0.44054427860291995 0.039362320429724616 0.8968675188234997
vn 5.378388134368446e-7 -0.00003475485122845424 0.9999999993959056
vn -0.4659280015467868 -0.02368353468644354 0.8845056175962782
vn -3.1548556394425125e-8 -0.05511292575018208 0.9984801277017253
vn -0.8055679183019447 0.015797370835442817 0.5922928094087913
vn -0.48946721700865164 -0.0789449024792771 0.8684408706678555
vn -0.000001057051192848787 -0.11042737094043485 0.9938841963458651
vn -0.8435561157407062 -0.03154600439718297 0.5361137278628717
vn -0.9754412286471624 -3.8171220579865874e-7 0.22025986800860653
vn -0.47260337249018103 -0.1102706744085843 0.8743491468952109
vn 1.7927959840567184e-7 -0.14909254836670102 0.9888232460968396
vn -0.8209445761307976 -0.055259918997598266 0.5683276733309788
vn -0.9734594233527902 -0.02354557132747429 0.22764524408938552
vn -0.4578805057761663 -0.14998839094792613 0.8762698927904656
vn -2.3795293003798403e-7 -0.21278817129462602 0.9770983543927562
vn -0.8026191935708018 -0.08655075025368646 0.590179123438198
vn -0.973244637055487 -0.03139816333349449 0.22761597435596656
vn -0.45648297744180627 -0.23609235574666176 0.8578366341348772
vn -0.0000018896536717245014 -0.1182416851063354 0.9929848457552831
vn -0.8166536355510006 -0.14919822642935932 0.5575093979222835
vn -0.9713658490581629 -0.06317834264477598 0.22903467926096613
vn -0.9989481088061556 -0.02359749771264483 0.03931709570030442
vn -0.9993799337652632 -0.03149331474227711 0.015745447401774644
vn -0.9642204081118462 -0.1185630457082264 0.2371113847393539
vn -0.9979909128821782 -0.0628680982755894 0.007857482027156876
vn -0.8117667407687165 -0.21274370219789282 0.543851887701854
vn -0.993760000222531 -0.1104184156960384 0.01577451846782788
vn -0.9553002183856941 -0.16592093621905524 0.24468701574958485
vn -0.4815624233479316 -0.2605089197534346 0.8367991008289661
vn -0.8164829322522283 -0.21983462515081423 0.5338804725082236
vn -0.6901627293723301 -0.05490953035506035 0.7215679804852225
vn 0.00000361539462042739 0.5601824260014512 0.8283692712710061
vn -0.9520203650260433 0.2124297639818936 0.22029711743524094
vn 3.975583438099989e-8 0.7637240369156683 0.6455428687835016
vn -0.9013088267226212 -0.1581510778919792 0.4032748881761635
vn -0.938114446175262 0.26014802347922716 0.22861384856813266
vn -0.0000012344681772412516 0.6951454272195002 0.7188691362232033
vn -0.9978987363909154 -0.06285053521250805 -0.01574554327152889
vn -0.8569355029666688 -0.18869196835637841 0.47964245520289167
vn -0.9588245048582582 0.188683938320876 0.21225913479292222
vn -0.9963666306378175 -0.07907824119312541 -0.031625450530309886
vn -0.9446182504436964 0.16533353634744213 0.28348048025840994
vn 0.000005084090517282909 0.44090696438368765 0.8975528111103622
vn -0.9914808631709783 -0.11803377433923394 -0.05507927088267045
vn 4.628673379805236e-7 0.3303346478987972 0.9438638781081536
vn -0.6359750661528707 -0.5495726962540207 0.541761540499081
vn -0.9917608038418171 -0.12590732670285767 -0.023618912878725078
vn -0.9806415705595632 -0.13445138322069441 -0.142354963526093
vn -0.9954954549930284 -0.09480927743650512 4.374207734999761e-7
vn -0.9843735068836588 -0.1575049817490249 -0.0787462994038857
vn -0.9947229134348907 -0.10259788210220361 -0.00000870316982181653
vn -0.9895244251171116 -0.13348840384164487 -0.054975068317009844
vn -0.973729700403899 -0.1648886696450099 -0.15704202359251435
vn -0.9959308878660857 -0.08694264434773137 0.02372010092925962
vn -0.996178211407549 -0.08698073112229643 0.0079576083270733
vn -0.9953704986285433 -0.09480247568977633 -0.015813319166278688
vn -0.9970057428032273 -0.07066718125015617 0.0313958327098109
vn -0.9785924926737807 -0.17362940903516907 -0.11049688502674829
vn -0.7665474087448857 -0.20543462561260942 0.6084420142839482
vn 0.000006823440565486975 -0.3398235880901232 0.9404891966051472
vn -0.9154862299560186 -0.2998600219365932 -0.2682702555355356
vn 0.000020686011677680993 -0.9124967585149508 -0.4090839342626362
vn -0.559732611400169 -0.7726226537675611 -0.29958911632487334
vn -0.0000014330727893164237 -0.9999688635948022 -0.007891250779567652
vn -0.6124913888050318 -0.7695609142770796 -0.18063858352165113
vn -8.222310670226423e-8 -0.9995021002430211 -0.031552362982558424
vn -0.7625507612869501 -0.6211378730210301 -0.18084269175060272
vn -7.228228421414197e-7 -0.9997208815635155 -0.02362538815226104
vn -0.44863289690584024 -0.29909338428801796 0.8421826828479755
vn -0.0000140483301908196 -0.007966961675552602 0.9999682631585388
vn -0.5023367159554171 -0.23546942170298288 0.8319927735539471
vn -0.8364229113595232 -0.2130420486049232 0.5049849491609398
vn -0.9481530552246098 -0.18173480066563985 0.2607263816633407
vn -0.8246709528139827 -0.24348003617738265 0.510524525922054
vn -0.9881509475580222 -0.15019326174817327 0.031617858333976234
vn -0.9454798540662178 -0.1733831001052779 0.27569212203617055
vn -0.9854177872043497 -0.16552502940713307 0.0394112839305069
vn -0.9527067874630833 -0.157457125214511 -0.2599173538664798
vn -0.9457322174126138 -0.20490713471994546 -0.25219761911779165
vn -0.9841042991254889 -0.17317690680843986 0.03935082452746438
vn -0.9594311931923296 -0.11010612780613048 -0.2595542836269184
vn -0.9403773299260082 -0.17385140308726624 0.2923459714205417
vn -0.9648264620236316 -0.07117555875831694 -0.2530690380398266
vn -0.784519872332099 -0.19607346737324957 -0.5882888451332886
vn -0.9685902195047474 -0.047255417235759815 -0.2441309325374793
vn -0.8030601288548935 -0.1574662709420514 -0.5747162804020487
vn -0.7986090241573585 -0.1027893537444865 -0.5930075676508878
vn -0.7569956792102215 -0.26021169633157776 -0.5993725175125216
vn -0.5114787352031206 -0.2360561998273037 -0.8262366331494314
vn -0.7345686440129396 -0.2843481193724773 -0.6160803959243684
vn -0.4497144044945822 -0.29189469528816 -0.8441293984056684
vn -0.4741154624935924 -0.3160723900825002 -0.8217741614653158
vn -0.9353516105335212 -0.21222160824316763 -0.28298295649567196
vn -0.7252891510470241 -0.27592214219107336 -0.6307318121215834
vn -0.9293647975039174 -0.2047753559513515 -0.3071614017996075
vn -0.9866725696226122 -0.15785615016543642 0.039480073572106304
vn -0.5024406573203415 -0.3061826299208566 -0.8085824528186665
vn -0.7028386970667868 -0.27639740438835486 -0.655455750415573
vn -0.4874120574875554 -0.30660246704519317 -0.8175722680091035
vn -0.9188350135980693 -0.20416456055929522 -0.3377262945017246
vn -0.9302940493968233 -0.1734383255668153 0.3232214857979595
vn -0.9854182587845692 -0.16552183967528372 0.0394128893193284
vn -0.6780302932745873 -0.2838267133106897 -0.6780245705084947
vn -0.7972068407596646 -0.2604733486221643 0.5446236202218477
vn -0.9045553983145748 -0.21238106616751046 -0.3696942170409383
vn -0.4813278591241688 -0.30778627913556816 -0.8207259581655904
vn -0.6486567941093666 -0.2689676852648515 -0.7119696255733292
vn -0.479418083980436 -0.298654562151218 -0.8252052794661409
vn -0.9824009976173947 -0.18073926127030446 0.0471338446958467
vn -0.8802712784053187 -0.21221440007093442 -0.42436720516222654
vn -0.9140446026279669 -0.19698433426830703 0.3545696496593497
vn -0.9848625595488602 -0.17333706672916402 0.00000982840182795888
vn -0.7792010327398289 -0.26761194504044483 0.566771203792901
vn -0.9047751001439395 -0.18095959697950834 0.38553293299086455
vn -0.7716576842628154 -0.23622892785900837 0.5905423879458042
vn -0.5414036339128491 -0.3217700784836905 0.7767535785424883
vn -0.5432500436911009 -0.2913533704025722 0.7873960906587475
vn -0.5362934052739114 -0.3391312048603512 0.7729032341436272
vn -0.5908289850806828 -0.3544934522935578 0.7247451294555386
vn -0.6057809220785529 -0.3304163962712758 0.7237779214101253
vn -0.9645523776426379 -0.03954724586481932 0.2609113376770768
vn -0.9136122526462157 0.29140703255928513 0.28353940324000604
vn 0.00008907243557071687 -0.6749244920098546 0.7378867949430596
vn -1.0984774582720457e-7 -0.9263084027419961 0.37676616489483217
vn 0.000014586081162298615 -0.6062180607432961 0.7952984739177382
vn -0.000013854015916655108 -0.08703873576604122 0.9962049278558681
vn -0.9565550896948142 -0.06325147048962818 0.2846078211501673
vn -0.9047833174766491 0.18095545992408113 0.38551558974912226
vn -0.957126572858658 -0.16609553683087705 0.23732045038871571
vn -0.8772310761804581 -0.45046942859586714 0.16596063654911747
vn 0.000009453229169085883 -0.5923398006998578 0.805688252624729
vn -0.00005867386803549139 -0.14150039866363612 0.9899381969271663
vn -0.6376260562457725 -0.28338898143485175 0.7163265300111258
vn -0.9751702380589636 -0.023584928990113264 0.22019708882852146
vn -0.9448527186083497 0.1496052371570764 0.29132732991188054
vn -0.974357778450747 -0.09430831831774322 0.20428622241503164
vn -0.9425183204119545 -0.30631447188975175 0.1335314944076154
vn 0.000012421444571221022 -0.4875912068570966 0.873072055927429
vn -0.00003106694913704599 -0.13376974097587585 0.9910124395960385
vn -0.6510937415582824 -0.23531626206933373 0.7215976694179056
vn -0.9869494655718846 -0.03158850747899409 0.15790161051306942
vn -0.9785945255195317 0.1104748783382574 0.1736319552367879
vn -0.9895219874028218 -0.10208764866821127 0.10209969850966975
vn -0.9454730489266427 -0.2757657201318513 0.17330314871207503
vn 0.00003440794023899368 -0.418499617230748 0.90821697253124
vn 0.0000334230812802143 -0.14148320275807066 0.9899406559083308
vn -0.5754557114822367 -0.24437875927959532 0.780467645796697
vn -0.6915221997953342 -0.18073775624010407 0.6993789463942379
vn -0.7388895927283624 -0.1965110384292492 0.6445351670259527
vn -0.5736343955910707 -0.1257414856886199 0.8094026556490199
vn -0.8752114656532113 -0.1576958303481636 0.4573148975049477
vn -0.7446239963882274 -0.10973452814507977 0.6584021850932769
vn -0.9859280155986447 -0.15777211672748093 0.05526216826228208
vn -0.8807859654976581 -0.09438334389209448 0.4640127879467382
vn -0.8588928621332417 -0.19697055239763667 -0.4727638447097432
vn -0.9895540917156987 -0.12566421940346773 0.07064845030455827
vn -0.8428775685224795 -0.16542614492548444 -0.5120464774380601
vn -0.6152785641281904 -0.24453170602869687 -0.7494241344332643
vn -0.5690707230575817 -0.19762529113266541 -0.7981871688165944
vn -0.4815656212405377 -0.2605059286627809 -0.8367981916631734
vn -0.4736293147341881 -0.22102773460716083 -0.8525385696605462
vn -0.5166258511500883 -0.21133577778854445 -0.8297197833907286
vn -0.4424389225442625 -0.22122312584837078 -0.8690846497365765
vn -0.8381996325917161 -0.15814437779350543 -0.5219307728956182
vn -0.9954633659320804 -0.0631953152845466 0.07112692326580441
vn -0.5499736278067919 -0.06285444531122585 -0.8328135009842567
vn -0.86410793502155 -0.023565469802569326 0.5027545576777767
vn -0.8891670091419686 -0.03148900227366232 -0.4564980532152745
vn -0.9888209239755634 0.0000047700676087577435 0.14910794843119346
vn -0.6986912285664421 -0.03916584356016827 0.7143504768826965
vn -0.843878996354776 0.015793060736242495 0.5363010523426534
vn -0.996180399042514 0.007890040259265747 0.08696182971973697
vn -0.8588405309174607 0.00789431205652741 -0.5121822159061837
vn -0.8183809784032959 -0.015727176897032964 0.5744608168487328
vn -0.9910149790060009 -0.06285885314260935 0.118059628863264
vn -0.6538490538148275 -0.023631411229616876 0.7562558900456587
vn -0.5503810836950143 -0.04733934261550391 0.8335704225507485
vn -0.8208507488917957 0.11050056952363925 0.5603513827757807
vn -0.7628470481948304 -0.047195582206311995 0.644854214594773
vn -0.6127363647814539 0.08640979691716215 0.78554916731618
vn -0.9124880638183015 0.007876072325967046 0.40902750625580614
vn -0.7976515612003177 0.4264616129061026 0.42647682191676184
vn -0.9628726888751051 0.16573592769609077 0.21309103052250022
vn -0.0000010957010846250083 0.26847755991646294 0.963285938763824
vn 4.494227886635571e-7 0.7491488594709069 0.6624016805181259
vn 0.00001142182285518443 -0.22766979764202994 0.9737383956233723
vn -0.9602557393320371 -0.21248694607223464 0.18099230046821907
vn -0.8033873884362197 0.47253243900126507 0.36232830167287006
vn 6.387361188131434e-7 0.7885056158569879 0.6150275552864152
vn -0.9841006131619545 -0.03934425659713406 0.1731993436681675
vn -0.985474293359243 -0.06304549943550705 0.1576885605522111
vn -0.9777116734573686 0.1182780205605348 0.1734652513833053
vn 0.0000010316470541228577 -0.0000056044478430428015 0.999999999983763
vn 0.000012871848158572575 -0.3397720590185382 0.9405078137605336
vn -0.8956752048339754 -0.3771270301514328 0.23567165840375595
vn -0.9834600663505311 -0.1022770717869638 0.14948477675165822
vn -0.9777227521279022 -0.17339477183954277 0.11828978430174542
vn -0.9889730923417908 0.07848609759429291 0.12558724102525282
vn -0.8511637095694612 0.39404837232029066 0.3467653670476388
vn 0.0000013152153333138043 0.75646090794946 0.6540389091961951
vn -0.8679562983652506 0.355099504450967 0.3472120476981894
vn 9.240167622415606e-7 0.6951858184380713 0.7188300757771164
vn -0.9704005311649985 0.14990017626125945 0.18934821433415308
vn -0.9012113155555727 0.26880457836396116 0.3399445004190637
vn -1.770783352579011e-7 0.6370812323863071 0.7707966679618646
vn 0.00000874211024222948 0.5510922436721037 0.8344443294121079
vn -0.9856587781678602 0.1025068917556336 0.13404890959362428
vn -0.9946866324675598 0.055281265642867415 0.08684748044283262
vn -0.9619414889241168 0.18923876724058608 0.19712245143493032
vn -0.9933892446841164 -0.11037784088413885 0.031536340746456774
vn -0.9890581985423631 -0.13351899823443064 0.06274198758892778
vn -0.9892795419683164 -0.1177637228812017 0.08635793777133374
vn -0.9758973991096042 -0.09446680506387718 0.19672389064913628
vn -0.9379046304164865 -0.34680579425188174 -0.007787510297604041
vn -0.97589255288779 -0.19676401817216568 0.09443329058597827
vn -0.9243365744231145 -0.3397048393369144 0.1737887203325452
vn -0.9352514984838529 -0.015718938360728338 -0.35363476859680976
vn -0.8927213105135957 -0.4503321245833716 -0.015799978579565943
vn -0.7420155280774345 0.14210070732537833 -0.6551491014033317
vn -0.8808020114998898 -0.47184799251268345 0.03933558820582725
vn -0.9202116275523036 -0.3617722485854417 -0.14943694546856093
vn -0.9438288444767384 -0.20448656671337936 -0.2595618546078745
vn -0.9312410387548296 0.11049009256492653 -0.347249286801024
vn -0.9784421036170025 -0.1420373575234264 -0.14992144255341602
vn -0.9315979110286206 -0.3631465293261949 0.015809187374736654
vn -0.9068106759713229 -0.41790957306443566 0.05519045828341601
vn -0.00002789221810022659 -0.9992221254006414 -0.03943530565177334
vn -0.9154317437481162 -0.40247325691039165 0.0000031976622978349367
vn -0.9223510032826295 -0.38627241855853944 -0.007889575683328952
vn 0.000006128420030392815 -0.9974959498408393 0.07072361708484898
vn -0.8666517159245147 -0.480600434324923 -0.13393291534118723
vn 3.171313906938304e-7 -0.9874564189862504 0.15789180030245512
vn -0.9394162178192275 -0.3315888786027516 -0.08686763082522378
vn -0.8729358324359124 -0.45611754084376216 -0.17303127284990868
vn -0.997899065647275 -0.0628530570920144 0.015714579042519803
vn -0.9504857232867028 -0.29065694819928584 -0.10997921754418381
vn -0.8660320645245464 -0.44876562049455027 -0.2204492709842634
vn -0.9315328018267532 -0.32366949798155104 -0.16578508737871855
vn -0.00000295990930293005 -0.8847514616340915 -0.4660631407090433
vn -0.9980235475985344 -0.06284105694477045 -9.486206618218665e-7
vn -0.9656237984896905 -0.23554769880794216 -0.10994526536702154
vn -0.9977449861520619 0.023552065154910914 0.06285095731459037
vn -0.9984535163293766 -0.055034823761623324 0.007857728872286564
vn -0.9987617671159786 0.0157427437633536 0.04719214517447791
vn -0.9734335516306001 0.11781843887057473 0.1963311896310319
vn -0.9988552010771684 -0.047184262702158315 0.007869728987927658
vn -0.951774456657264 -0.28319747779065124 -0.11800242466908677
vn -1.5576370162815968e-7 -0.9006627530622011 -0.43451882035924777
vn -0.9372022875002652 0.1103054580976765 0.3308845391040988
vn -0.0000012618364248505671 -0.047338347092637685 0.9988789120273512
vn -0.9244451822738567 -0.3792641567193552 -0.03949435907331842
vn 0.000027656555157608565 -0.9899504111009296 -0.14141493130576813
vn -3.050442815908723e-8 -0.8283855789906517 0.5601583102305294
vn -0.8799684815787138 -0.39282127864918287 0.2671084320430073
vn 7.277533528309879e-7 -0.788474955250462 0.6150668621721156
vn -0.9142084225126202 -0.3940541644148439 0.09457418101313624
vn -0.8198878167471617 -0.449364025472648 0.3547618082045897
vn 0.000002644056374361157 -0.7417320534218039 0.6706963254108994
vn -0.9869518310814291 -0.1578921303795472 -0.03156197536945596
vn -0.9905315365277682 -0.13363520988058034 0.03144687304187488
vn -0.9932030520923606 -0.10247963186284262 0.05518715763360166
vn -0.8562221031605596 -0.3613672536135885 0.36918480206406135
vn -2.5984493222805172e-8 -0.6584485205909769 0.752625767384796
vn -0.9558458633859594 0.17378100709826547 -0.2369785792426442
vn -0.9623016600155019 0.1340934943233971 -0.2366314643312474
vn -0.9843748783689253 0.0787443846534753 -0.15749736734850256
vn -0.6795486670107734 0.4819794368832618 -0.5530907986809894
vn -0.6659899197656924 0.43876024439623873 -0.6032800963962256
vn -0.8113948882111152 0.3544634861669533 -0.46475151679068466
vn -0.007860950627782868 0.6285000503339991 -0.7777698195387811
vn -0.007834559255661228 0.6584834188392047 -0.7525544543719757
vn -4.532649620537709e-8 0.11044212717340993 -0.9938825567165419
vn -3.923833195860558e-8 0.6238145260652068 -0.7815724131966532
vn -0.007821303427786794 0.5564587108108343 -0.8308384502268987
vn -0.8733300897381395 0.2517918968605433 -0.4170076678351883
vn -0.00787128654496302 0.44088361819584354 -0.8975297644394133
vn -0.9872874844135466 0.07107733160769837 -0.14216693023309054
vn -0.8689451274412735 0.20538726815053857 -0.4502781757732962
vn -0.007851916726568344 0.3767802278098457 -0.9262694032166234
vn -0.9972512846545105 -0.0628289623723419 0.039273359190978026
vn -0.9952140721380016 0.02370363199807323 -0.0948002555302264
vn -0.9250223012678945 0.07906777891203057 -0.3715939026611805
vn 0.0000010579387650433596 0.31620585098612747 -0.9486906027789143
vn -0.9848420829711626 -0.13372431625107012 0.11047116751535298
vn -0.9947186147542921 -0.10263955115501125 -9.255153914574114e-9
vn -0.7804577392915337 -0.4178085519740328 0.465104000280916
vn 0.000002818354640362695 -0.6911856823165972 0.7226772118675093
vn -0.9650720759596169 -0.22937424996307643 0.12658333878070913
vn -0.9848683024663669 -0.17330443245971505 -0.000022064285674499008
vn -0.8341293932302165 -0.4091936515311191 0.3698495787425208
vn -0.9700145581428937 -0.0551665212732865 -0.2367032148523771
vn -0.9660566885103076 -0.243442940029128 0.0864292169030422
vn -0.9612253047062644 0.000007550110453612074 -0.2757642354174029
vn -0.9612320380553413 -0.000021469888429967984 -0.275740763317684
vn -0.8902782527033077 -0.36243150841682265 0.2757680809489233
vn -1.3481531038870135e-7 -0.7188562139764249 0.6951587902252713
vn -0.9585834873480741 -0.25928689498259483 0.11784737533729613
vn -0.957035204924299 -0.2609429634545189 0.12646100726737192
vn 0.5483196893881198 0.46203732739130915 0.697041624529276
vn 0.8777694111202771 0.12540013212696569 0.46238043618226504
vn 0.8226695075298729 0.20570488435663556 0.5300003603134432
vn 0.47467014979762717 0.5063390637156263 0.7199368037867498
vn 0.7167836286384416 0.16540412600529916 0.6773940543113234
vn -0.4247035914181861 0.5741559625629438 0.6999798497742016
vn 0.5598514759503946 0.22867205220070028 0.7964140992087501
vn 0.417724045027806 0.06305537722226975 0.9063832752257538
vn 0.1888052019040498 0.36203972287898023 0.9128416263469158
vn 0.24479369335480194 0.2053080991328866 0.9475888518361516
vn -0.05491972273899682 0.5965728833072335 0.8006775998844766
vn -0.000005204230871460408 0.03936490933726553 0.999224901554092
vn -0.000012634322219015292 0.5364356017826194 0.8439412568304107
vn 0.01579352742459621 0.695079309861361 0.7187595686278845
vn -3.585592196623961e-8 0.9251625445556999 0.37957116085290427
vn -0.3867814153908943 0.7498718386246459 0.5367423612366637
vn -0.30789384479727677 0.9079695223408106 0.2842406143325589
vn -0.3484898389205272 0.9107050237408921 -0.22174578215209842
vn -0.007841247563511771 0.9719302583866246 -0.2351384436223836
vn -0.007864959841882057 0.6370494938080652 -0.7707827740975881
vn -0.7099745322686658 0.6942159471538012 -0.11832321094037161
vn -0.4344659178606973 0.5530177561980872 -0.7109224483353263
vn -0.007850654471966777 0.4471986368340414 -0.8944002160320274
vn -0.7511405001750889 0.6246538107422387 0.21353118208335947
vn -0.7104918283322614 0.5131329314511798 -0.48155576679487444
vn -0.36840902962530225 0.446810360279594 -0.8152516720849842
vn -0.3641871086971839 0.4037846719735031 -0.8392411384924098
vn -0.007824533496464546 0.44719376927663335 -0.8944028786825988
vn 8.282950299395061e-8 0.4660513451012815 -0.8847576751457312
vn -0.6648996139021768 0.34035191229107775 -0.6648827560048034
vn -0.384468908744447 0.4315624218872158 -0.816049958166591
vn -0.007861286624460234 0.42501355674818964 -0.9051528471771282
vn -0.7173038339804109 0.26012970591975737 -0.6463804961902112
vn -0.47744816171491294 0.3835297292462568 -0.7905366529512362
vn 4.2095782748937057e-7 0.3795770906477023 -0.9251601116862146
vn -0.6939627403204944 0.3469904599888934 -0.6308829810064351
vn -0.45723739322078977 0.36268061849731703 -0.81203247176887
vn -4.237517821897706e-8 0.29954719701734267 -0.9540814832911554
vn -0.8067470726580854 0.2768219066485956 -0.5220429031765932
vn -0.4272175955852115 0.24524832082118542 -0.8702519101712903
vn -0.0078475295596269 0.18854205244495062 -0.9820337625253299
vn -0.8138794987656708 0.2660865111894571 -0.5165250526856983
vn -0.4152789001082447 0.17237114819345917 -0.8932142085722524
vn -1.1560040859663438e-7 0.15026079287813887 -0.988646394887282
vn -0.7811816266341011 0.22093877383532495 -0.5839018106029841
vn -0.4025497454977544 0.11839665616044878 -0.9077091682966067
vn 2.629240203168204e-7 0.0948721042433844 -0.9954894694753749
vn -0.91452381428457 0.22074060017073213 -0.33899820138559206
vn -0.43384319571687757 0.055332229042295795 -0.8992877325747183
vn -0.9045568778515821 0.21237532625936376 -0.36969389436076217
vn -0.8367777772672907 0.05527690239268102 -0.5447452758248413
vn -0.910865984485589 0.14919897790880657 -0.3847893232641287
vn -0.9628640125250604 0.1657604644640255 -0.21311114894535862
vn -0.9749264658654332 0.11794055604955968 -0.18870191147377594
vn -0.9589651190929548 0.19651243292020754 -0.20437407876444594
vn -0.9961783486928973 0.08698386195997755 -0.007906032761117792
vn -0.9974676051386285 0.07068721131974413 -0.007854607236949791
vn -0.9770994900783251 -0.000010421836181453394 0.21278295603751426
vn -0.9860566219896048 0.16565995524934193 -0.015783455174188048
vn -0.9628698260767411 0.07103660369905807 0.2604524888839604
vn -0.8014882263844961 0.0314234614429879 0.597184384455903
vn -0.9854133557876766 0.16555241835618478 0.039407042666108255
vn -0.7715322090140574 0.13383665476620105 0.6219532139115301
vn -0.45810143719789864 0.08688210714632069 0.8846437546803995
vn -0.9472118727759403 0.19744748813146323 0.2525948485279767
vn -0.46550319666426626 0.17360298823890044 0.8678529693271053
vn -0.19757798099859816 0.12645483383857148 0.972096762891111
vn -0.8109229680464285 0.23619146422998427 0.5353667267580857
vn -0.9278398324563437 0.21229818261638939 0.3066638664159218
vn -0.25259250876519557 0.1973362690686314 0.9472356736450424
vn -0.1178218752935345 0.14923124141772634 0.9817576290955111
vn -0.5266123471129347 0.2593756284730884 0.809570082959095
vn -0.820343227889738 0.23663747905163635 0.5206147250736687
vn -0.1415724800181747 0.2437944593501119 0.9594381139457042
vn -8.749775513044313e-7 0.21278384367706657 0.9770992968318255
vn -8.12113326818214e-7 0.2830196548217722 0.959114109469726
vn -0.26762003708396304 0.2833440077683045 0.9209211090060718
vn -0.15807897832678514 0.30038233792535257 0.9406282409505144
vn 2.4726616466526473e-7 0.3066953079571286 0.9518077474348592
vn -0.5508787898756766 0.2990713959352181 0.7791590716910572
vn -0.2828145831983457 0.3221250862383595 0.9034662917598396
vn -0.1418573443495917 0.3389392542472577 0.9300519747758156
vn -8.819624486386179e-7 0.3536968087157875 0.9353601271721441
vn -0.5734901969140304 0.33780166238806486 0.7463236770539754
vn -0.2128064968085777 0.4019546709039722 0.8905873553192524
vn 1.8086005335303836e-7 0.39296729884667264 0.9195524465940575
vn -0.3385630421395934 0.38579796943840117 0.8582161693153949
vn -0.24380089143988593 0.3696519849371891 0.8966150430174108
vn 6.296819137216373e-8 0.34679118046422575 0.9379423634489622
vn -0.3395215056446693 0.39517400656000806 0.853558815632577
vn -0.494696915907262 0.4711405532396109 0.7302749759405129
vn 0.000002931803533067117 0.5601312493377775 0.8284038770471233
vn -0.6606764064557412 0.43257737809192387 0.6135010170454854
vn -0.527905900348863 0.3703275975635292 0.7643119983748005
vn -0.761891680268562 0.40843897262518875 0.5026914293862864
vn -0.8333871252789486 0.42459463155829613 0.3538153448780378
vn -0.5906995971876052 0.5040619105877304 0.6300758495427734
vn -9.834766152575945e-7 0.6624209275938964 0.7491318406560188
vn -0.8978640151803811 0.3937931036958227 0.1968938844295976
vn -0.6155452529897537 0.6471145387215035 0.44982976257361634
vn -0.0000015436671851226468 0.9861818673225352 0.16566630484759093
vn -0.8609406219700722 0.4107218713570247 0.30014794657096816
vn -0.6330228767056751 0.5855219024176189 -0.5064051138728002
vn 0.0000023208559728993483 0.7675695268194748 -0.6409656944741593
vn -0.007875977280078357 -0.023600670087549496 -0.9996904407631906
vn -0.9216765017495603 0.3545200402929883 0.1575689282610973
vn -0.7195764462287414 0.3479237494191415 -0.6009648930036944
vn 0.04733959415025256 -0.09468745692488101 -0.994380836665102
vn -0.007840495611332854 -0.36053892850807 -0.9327112134304065
vn 0.3478083599870825 -0.22926023103259613 -0.9091034546133772
vn 0.0784336471847873 0.03921984280889661 -0.9961475628235695
vn 0.5304496120741102 -0.16624145193117018 -0.8312562713809997
vn -0.6708503189500482 0.26042560562229006 -0.6943618318289696
vn -0.03145396585486731 0.03931276160203401 -0.9987317732040083
vn 0.5329201313775158 -0.22724549578934847 -0.8150801299357165
vn -0.8426648997769909 0.05512187161905545 -0.5356094154820713
vn -0.0392248282462195 -0.25892147175703906 -0.9651015927415225
vn 0.4513034108736892 -0.39590245853847633 -0.7997415048982792
vn -0.2927636012176889 -0.39560251403154734 -0.8705102668515574
vn -0.9772366216793724 0.20483908436060436 -0.05522259290359735
vn -0.9286784399450025 0.3541457391081652 0.11016873718459355
vn -0.820704166980503 0.4813775544011832 0.3077666655431911
vn -0.6790788460211288 0.3869299620204305 0.6238085646875012
vn -0.7457769999906944 0.24336213694564324 0.6201544457521285
vn -0.8438695095787034 0.22082339514360386 0.4890002852357553
vn -0.805073865752108 0.25257686139294616 0.536713144772741
vn -0.8928149054115339 0.1659387102630973 0.41874322574964007
vn -0.9289916077385868 0.18106550081500142 0.32278456773192893
vn -0.9856575487056172 0.13404836378199755 0.10251942668101051
vn -0.9729434320201685 0.14239963445520024 0.18194345878827536
vn -0.9644700008305148 0.1660287473911416 -0.2055044343504908
vn -0.9700394454107191 0.1971625342805249 -0.14195213779068544
vn -0.9331643126307441 0.2293430880587116 0.2767780944946417
vn -0.9202920442279261 0.1966406547736291 -0.3382233082166027
vn -0.9188431726361451 0.26701358663779573 -0.2905700752843681
vn -0.9346365392346374 0.25918567613574583 -0.24346935087102073
vn -0.9134877344219028 0.2756340359190075 -0.29927585486259706
vn -0.8017803468534231 0.5345266601508682 -0.2672630258519923
vn -0.8735504559671732 0.3069482870187796 -0.37774640961335504
vn -0.9682060600769624 0.22827928365761832 -0.10230148524342303
vn -0.857196462704839 0.5111362587655234 0.06288043655617924
vn -0.40704578583927664 0.8847423945112682 -0.22703441057459395
vn -0.434603327319678 0.7505835643159566 0.49773914941605624
vn -0.5938731553043728 0.4751000978534247 -0.6493031437075399
vn -0.06326764017629832 0.5535827414640565 -0.8303874722439292
vn -0.9205468366776515 0.3225790881747363 0.2203094490827049
vn -0.567200257834383 0.21271449062730033 0.795635854514977
vn -0.9298177994905276 0.2521895434199004 -0.26802853195183435
vn -0.9064178136160614 -0.06301505745976053 0.41765518037350136
vn -0.4799231990166008 -0.4327409543471383 0.7631572508182047
vn -0.8816971771255273 0.20467024531657216 -0.4251119599951648
vn -0.8718488350926269 -0.4712127688536479 -0.13355948194309655
vn -0.4082702365393446 -0.9106978123181675 0.06280850734583132
vn -0.26023047541534355 -0.7570295072630514 -0.5993216371850477
vn -0.599079387595886 -0.38614183220925646 -0.7014259567308704
vn -0.06322415292946436 -0.18970897084169067 -0.979802639753812
vn -0.8814576227892521 0.007881258024051983 -0.4721973581021805
vn -0.5409119373170518 0.06271584968680709 -0.8387377410525746
vn -0.863471750717337 0.18054808494767136 -0.4709765649529343
vn -0.9444138050235749 0.22036002188578477 -0.2439754611336757
vn -0.9609570657547055 0.275683996854477 0.02366118455292081
vn -0.8537625316198793 0.2608740513980197 -0.4505932410824625
vn -0.9192890208174965 0.3928769380164824 -0.023567091021198663
vn -0.8207070771934803 0.4813629153577093 0.3077818012210297
vn -0.3076196099145115 0.7257595569761764 0.615339939426808
vn -0.7311754039442121 0.6053883927879133 0.31446370624395686
vn -0.8832290734807727 0.44162471885008386 -0.15771496903870647
vn -0.5275077639923628 0.7163565556543908 -0.45669338083527716
vn -0.678816631057342 0.3157327758399541 -0.6629636458059808
vn -0.727643047673612 -0.24508557674656634 -0.6406782774864936
vn -0.5181852112293192 0.22775840544522497 -0.8243847376148313
vn -0.9302926094071182 0.3311717473479686 -0.1577369159106013
vn -0.630411659239032 0.7722578321146217 0.07873360548784156
vn -0.8928322390248317 -0.45038937249676075 -0.00007810172978620032
vn -0.895281817610389 0.07064579467282767 0.4398632045889753
vn -0.2520196130646654 -0.614114084568195 0.7478970555936854
vn 0.9156303903782265 -0.27633051479805504 0.2919973198631428
vn 0.9016413199052611 -0.29787350130564805 -0.3135511241558748
vn -0.2528419841985649 -0.49776890644724675 -0.8296366956691613
vn -0.6125736193872221 -0.5967399951560292 0.518319340765923
vn 0.6869603136240306 0.023669348573550266 -0.7263093620790504
vn -0.6571898682836229 -0.04746668028000577 -0.7522289487174435
vn -0.7070622150957023 -0.5656875356779064 0.4243355228620583
vn -0.09413552762429582 0.6511253822000898 -0.7531097125211456
vn 0.8637199657297056 0.47890672311809024 -0.15695913911642448
vn -0.5834844826024367 -0.0000019430071252159 -0.8121242876299115
vn 0.40779930921466273 0.9096962243270932 -0.07843789166643206
vn 0.753101827093577 0.5098886907395326 0.4157537264826876
vn 0.1889147797904113 0.7400021169502736 -0.6455292966905949
vn 0.2850185129534889 0.7124664813339399 0.6412144417037227
vn 0.22025235333687238 0.1258590872809608 0.9672891971889136
vn 0.6088826773764837 0.790731744170341 -0.06328660167978148
vn 0.9156303903782265 -0.27633051479805504 0.2919973198631428
vn -0.2520196130646654 -0.614114084568195 0.7478970555936854
vn -0.08669609888588924 0.26012694545822274 0.9616744556681034
vn 0.560852776636211 0.5055589716412655 0.6556327395215088
vn 0.07892753750042668 0.14208431939310032 0.9867028377412919
vn -0.6125736193872221 -0.5967399951560292 0.518319340765923
vn 0.8392748025453264 0.24315171689355083 0.4863075656251113
vn 0.29246358936708344 -0.17382415904021453 0.9403457931146841
vn -0.7070622150957023 -0.5656875356779064 0.4243355228620583
vn 0.5372926873820502 -0.22124813258595757 0.8138586068310644
vn -0.6198942397863394 -0.5100369559007887 0.5963165561135908
vn 0.8653959947471126 0.46414258684351933 -0.18884234523501708
vn 0.9472304819604208 0.19732692794389947 0.2526192739148221
vn 0.4789789388661704 -0.15701367060672625 0.8636700083742863
vn -0.4643841387649771 -0.3384225918420051 0.8184238028029548
vn 0.9084993711319961 0.09400792606149455 0.407174904052772
vn 0.9054684909886692 0.32280725183699993 -0.27553999707509974
vn 0.9503352552888762 0.22775716750528105 -0.21210746145526746
vn 0.9404862089166822 -0.000022181418948562765 0.33983185598985793
vn 0.42416343197111045 -0.18061413661104747 0.8873916365589294
vn -0.8243254024610185 -0.22770143827726363 0.5183046265121944
vn -0.8525476148957961 -0.22102432039341788 0.4736146261784122
vn -0.1575157218541611 -0.7328759551975285 0.6618773539426114
vn 0.9639758539351354 -0.1880831366498011 0.1880831910033388
vn 0.4303239694827272 -0.5006818540897565 -0.7510918467630123
vn 0.949433628422781 0.007824374841801178 -0.31387029865581056
vn 0.8634150410650242 -0.18055260937297035 -0.4710787854608762
vn 0.055366399602244466 -0.0868143694783197 -0.994684787783128
vn 0.36184246740211257 0.08652474823207941 -0.9282152211247812
vn 0.42345675285195006 0.2509406692513267 -0.8704672072971955
vn -0.8659169141635974 -0.23615560093121804 -0.4409290531527817
vn -0.1575157218541611 -0.7328759551975285 0.6618773539426114
vn -0.8525476148957961 -0.22102432039341788 0.4736146261784122
vn -0.8910148324224895 -0.06309638937792267 -0.44956803050327354
vn -0.8243254024610185 -0.22770143827726363 0.5183046265121944
vn -0.8191906626326266 -0.2047741546565549 -0.5357183997588764
vn -0.4643841387649771 -0.3384225918420051 0.8184238028029548
vn -0.6198942397863394 -0.5100369559007887 0.5963165561135908
vn -0.6942819932742708 -0.15778122417526888 -0.7021948441229536
vn 0.3522305429938808 0.46181693680410807 -0.8140385503544081
vn -0.9059423932944335 -0.29141366864173995 -0.3071586784720828
vn -0.9156345155604234 -0.27632402165498743 0.2919905289060633
vn 0.24460772071600376 -0.6153257989753275 0.7493605434512125
vn 0.2453999216196172 -0.4987474251127936 -0.8312820727120513
vn -0.6910829629058712 0.023556489554099166 -0.7223914660218029
vn 0.6076426343266945 -0.599607800234577 0.5208079443003599
vn 0.08636618986828291 0.6515661129255647 -0.753659393714897
vn -0.8680151543226186 0.4733852888205585 -0.14985346240430017
vn 0.6530360359497198 -0.05505977770363422 -0.7553226837784649
vn 0.7030895456331685 -0.5688240822794255 0.42673675051524923
vn -0.4109697029511504 0.9088689045546378 -0.07114223492339816
vn -0.7585864526147323 0.5056946581817814 0.4108765101533646
vn -0.1964985688346294 0.7388794893991226 -0.6445505508423947
vn -0.29226312186192743 0.7108451553374633 0.6397510709117867
vn -0.2294551501552495 0.1265960552029049 0.9650511762980734
vn -0.6138144044942992 0.7869351401474505 -0.06296794451482027
vn -0.9156345155604234 -0.27632402165498743 0.2919905289060633
vn 0.24460772071600376 -0.6153257989753275 0.7493605434512125
vn 0.0788979505608062 0.2602913698849071 0.9623011566867947
vn -0.5662296011418105 0.5033119429812024 0.6527335802938846
vn -0.08675968441805605 0.14198849118546902 0.9860588347206031
vn 0.6076426343266945 -0.599607800234577 0.5208079443003599
vn -0.8440702696254111 0.2366651035607326 0.48118084821725143
vn -0.29960412548740184 -0.1734472608555788 0.938164919240016
vn 0.7030895456331685 -0.5688240822794255 0.42673675051524923
vn -0.5428796911435098 -0.22030527181776416 0.8103994250696556
vn 0.6150359208347381 -0.5125187595853441 0.5992122638565285
vn -0.8698111578063861 0.45862817872757256 -0.18190311551082333
vn -0.947227256368311 0.19733714869471086 0.25262338478059343
vn -0.48825468779584263 -0.1574919199852644 0.8583726783773697
vn 0.45821713721518753 -0.33966588708298256 0.8213794131304051
vn -0.9120026533615961 0.08648999295375852 0.4009621445726109
vn -0.9097022824492976 0.3164197956911593 -0.2689242833983259
vn -0.35576886148731873 0.45858710270235997 -0.8143257250210584
vn -0.9535748849536911 0.22066572304145196 -0.20494286389173924
vn 0.5797768551054583 -0.007845167251260454 -0.8147375354277132
vn -0.42723019125538675 0.24526896768319756 -0.8702399078251379
vn 0.6895712059049518 -0.1645424492873879 -0.705278196436908
vn 0.6150359208347381 -0.5125187595853441 0.5992122638565285
vn -0.3686494795120732 0.08628645304899445 -0.9255550817081073
vn 0.814373179376589 -0.2114384025637926 -0.5404536304192412
vn 0.45821713721518753 -0.33966588708298256 0.8213794131304051
vn 0.8218206744414235 -0.22914361342470224 0.5216358725081263
vn 0.8873862179555808 -0.07069579668988438 -0.45557414820517755
vn 0.852547832772439 -0.2210251506360102 0.47361384652620364
vn -0.06320712519392319 -0.08681089044372274 -0.9942176465065824
vn 0.8612946941830212 -0.24270335245827776 -0.4463928006562034
vn 0.1489697192775219 -0.7373729095143079 0.6588544718318156
vn -0.43458215546792234 -0.49773815537548916 -0.7505964820276337
vn -0.9517819567443347 0.000012087725910933778 -0.3067753358238114
vn -0.8678288818071263 -0.17359412852382988 -0.46555140472717405
vn -0.9667749817155233 -0.18075754474439895 0.18075631315925325
vn 0.1489697192775219 -0.7373729095143079 0.6588544718318156
vn -0.9404862279683734 -0.000022103886817506424 0.3398318032692628
vn -0.43354669639243754 -0.18125789464686048 0.8827133383354935
vn 0.852547832772439 -0.2210251506360102 0.47361384652620364
vn 0.8218206744414235 -0.22914361342470224 0.5216358725081263
vn -0.9710792275922917 0.13427221710805043 -0.19742366993764088
vn -0.9957443812074488 -0.07900903937445874 -0.047441532341612955
vn -0.9959934788057065 -0.06322823471279362 -0.06323907424694625
vn -0.9969098799517913 -0.04716758897335973 -0.06281647717713298
vn -0.9922149528325497 -0.03939291019985912 -0.11814265106847398
vn -0.9905289340423228 -0.05503754129531673 -0.12579069867500559
vn -0.9972511973460221 -0.03922461641743222 -0.06286078951803378
vn -0.9772054740233771 -0.05523785353611319 -0.2049835141553333
vn -0.966053385262354 -0.08639067815553023 -0.24346972614880352
vn -0.9917614561973225 -0.02360692659688961 -0.1259044360537618
vn -0.9747204772106202 -0.03933296986779226 -0.2199384204446328
vn -0.9504926745932458 -0.0864082089767561 -0.298491703345348
vn -0.9444416456750839 -0.09444524911930754 -0.31481752307222527
vn -0.9511107285933023 -0.07860518279275107 -0.2986797736587396
vn -0.9621776986943202 -0.1025292325233923 -0.2523922197958288
vn -0.958811026904653 -0.07073702316087992 -0.27509578012100033
vn -0.9785991920971233 -0.11048906547662214 -0.1735966233455022
vn -0.9760177152045294 -0.1652966389948742 -0.141656064974036
vn -0.9594370338896948 -0.14155771868180828 -0.24380728102857543
vn -0.9662348242046813 -0.20424431272247048 -0.15708126945843706
vn -0.9565278249585011 -0.1581032187401096 -0.24506711795786854
vn -0.9624495883595885 -0.22089119569734322 -0.1577905875832159
vn -0.9510963967699793 -0.07860249334145897 -0.29872611551665157
vn -0.7493691858616398 -0.17353205570119942 -0.6390089584076104
vn -0.007841621698500643 -0.25910781544885336 -0.9658165710643303
vn -0.9749510837797375 -0.03143439234511019 -0.22018688247624787
vn -0.6759171349572025 -0.09431303166312999 -0.7309179699048015
vn -0.2844196875987124 -0.14220206237355273 -0.948094939741247
vn -0.007855460499671365 -0.1885452577411831 -0.9820330837215462
vn -0.26635012746536507 -0.12534623197515768 -0.9556913370585787
vn -0.8043754739845023 -0.05520641559726294 -0.5915507996183506
vn -0.9908966491894973 -0.01572923711422619 -0.13370273641489422
vn -0.25271835298329304 -0.08694295815374638 -0.963625630674531
vn -0.7556475156772928 -0.04719485745504577 -0.6532759581375497
vn -0.9972204672846289 -0.023557148871537464 -0.07068522027744364
vn -0.9310974724039486 0.28406762592942014 -0.22882980745917078
vn -0.7029812498760974 -0.023691390206385898 -0.7108136748492735
vn -0.5764397931277138 0.6159291665691652 -0.5369808438559909
vn -0.007847033898511503 0.6584875742204608 -0.7525506884298548
vn -0.007816554744154745 0.759778511170854 -0.6501349978542393
vn -0.9314476003486757 0.27627348547414876 -0.2368086337713615
vn -0.630538038843302 0.6384351308741802 -0.4413868657281401
vn 3.995519621114576e-7 0.8221970381234593 -0.5692029782958371
vn -0.6883726713919055 0.5617419000181356 -0.4588998834656493
vn -0.007855165465346477 0.745204957265761 -0.6667892230998091
vn -0.6393042911785018 0.22890231860236618 -0.7340938303917384
vn -0.6009674166508162 0.36373124556672276 -0.7117146514738364
vn -0.007861739533435675 0.35369484622171 -0.9353278295911596
vn -0.31573590866924095 0.1341858881473842 -0.9393109088043778
vn -0.007859320022283926 0.1885652069121071 -0.9820292224933946
vn -0.30832012855942525 0.07116366739992307 -0.9486171149453781
vn -0.4904796676449327 0.04744762678779383 -0.8701599958278492
vn -0.323254903073906 -0.015771111852261266 -0.9461805005756687
vn -0.29208673661804235 -0.04737458656089879 -0.9552177693280242
vn -0.48158816730095655 -0.00001047959957168777 -0.8763976477637784
vn -0.4657071250855368 -0.0394661739604966 -0.884058422706036
vn -0.8017867775596702 0.01572148387222813 -0.5974033798660124
vn -0.7563797794909718 0.01575960313795864 -0.6539428599549987
vn -0.7636614565249896 0.007872679325739807 -0.6455688969725581
vn -0.9428140468712175 0.04714412861533446 -0.32996833811658105
vn -0.9767683419443971 0.06302189802292718 -0.20482149922501044
vn -0.9901623807235683 0.08644277632712942 -0.1100277520478053
vn -0.9984844273831034 0.055034966402013684 0.000027323351589415892
vn -0.9983607443422613 0.015728359209484462 -0.05503128994438976
vn -0.9965137170168334 0.06280216012229603 0.054920856523435556
vn -0.9963346691508694 -0.07116413752197091 -0.047464645566796006
vn -0.9612260746327531 -2.1246173570929812e-7 -0.2757615517907885
vn -0.9954956105983132 0.09480764354993257 0.0000020001129849663255
vn -0.7812301504074778 -0.03156561874495797 -0.6234445154202238
vn -0.9059423932944335 -0.29141366864173995 -0.3071586784720828
vn -0.6910829629058712 0.023556489554099166 -0.7223914660218029
vn -0.9156345155604234 -0.27632402165498743 0.2919905289060633
vn -0.9858418773625738 -0.11041990841329835 0.1261873078571483
vn -0.8680151543226186 0.4733852888205585 -0.14985346240430017
vn -0.966528042449902 0.11787627036805698 0.2278787573295882
vn -0.7585864526147323 0.5056946581817814 0.4108765101533646
vn -0.9582597951503747 0.07853785686605708 0.2748999273140108
vn -0.2294551501552495 0.1265960552029049 0.9650511762980734
vn -0.9735045965217474 -0.06290063696227387 0.2198461062215341
vn -0.961823091780793 -0.05517843859679442 0.2680516368747933
vn -0.9767669085664431 0.0630273454995132 0.20482665854043233
vn -0.9994736183256748 -0.00784112348074995 0.031480200976849775
vn -0.9670365227578954 -0.03931101797081474 -0.2515849906461368
vn -0.7974006256719823 -0.07073495427481828 -0.5992902539017886
vn -0.4736844125292348 -0.08682919009735308 -0.8764038846752514
vn -0.48099350137590663 -0.1261415343812254 -0.867602192792351
vn -0.4936015537400589 -0.16452694916356464 -0.8539838342406308
vn -0.17239226133346447 -0.20370732066317004 -0.9637345255518072
vn 0.0000011334196529916407 -0.2684470407479709 -0.9632944442445271
vn -0.25084588454514467 -0.2586830028502528 -0.9328233735510384
vn -0.5058534841888693 0.03948924542922528 -0.8617150642929551
vn -0.000007644296331133251 0.15793885318430187 -0.9874488941694108
vn -0.007868637922196706 0.6370524815070203 -0.7707802672247109
vn -0.8211199475188842 -0.14214364081683192 -0.5527723013700312
vn -0.8941630209358382 0.3085831785631836 -0.32442089004676966
vn -0.007849173518216897 0.7070868407435742 -0.7070831564408477
vn -0.18056497748294292 -0.28262641202523897 -0.9420820559443451
vn -0.7217098826991726 -0.2745664253175777 -0.635411774601851
vn -0.9994747257098389 -0.03144253647595299 0.00785108700758393
vn -0.007849358706106565 -0.33732452954517766 -0.9413556975633746
vn -0.9920335601012275 -0.12597386881589895 -0.000002905037900048054
vn -4.0745364097379755e-7 -0.2757642757557134 -0.9612252931632422
vn -0.9954639768004582 -0.09480993570750974 0.007908665105748072
vn -0.989665397036935 -0.14146008420084705 0.023482897726109807
vn -0.3946623821184262 -0.22099791974811714 -0.8918528598415851
vn -0.000010877847889061212 0.11036285864019443 -0.9938913619276692
vn -0.007860864355496305 0.47222268372601095 -0.8814442374797105
vn -0.9936076470389993 -0.10250456245244317 0.04729332322914905
vn -0.983032364768572 -0.1572918557648938 0.09437500690089923
vn -0.9279566693166815 0.2674414399974621 -0.25956019733922
vn -0.9996891894797321 -0.02358089925980498 0.008091083206562471
vn -0.8730162903300226 0.2988699021862257 -0.38538206806441017
vn -0.007848847294431464 0.5655364331366433 -0.8246859634983682
vn -0.9997210514942216 -0.023618195913833708 0.000004589511088871662
vn -0.9856589283739409 -0.13404816064515207 0.10250642684430078
vn -0.9628739896489752 -0.21308778145098692 0.16573254796135173
vn -0.9084172799697458 0.15798451821941206 -0.3870645132989444
vn -0.007838291624906579 0.36054428513422593 -0.932709161336723
vn -0.9977440126241085 -0.06285670790397714 0.0235779461407651
vn -0.9633605429574456 -0.19738591843593195 0.1815909234404058
vn 0.000006836773130221623 -0.7378003619281442 0.6750189818752935
vn -0.9358091368569547 -0.2752625264182538 0.22020853962751213
vn 4.147873275941761e-8 -0.9006523771067034 0.4345403267960787
vn -0.9806737633440511 -0.18980807479302678 0.047453815778930444
vn -0.9518991342247057 -0.14949775560395723 -0.26746674434709655
vn 0.000002141157663244289 -0.6789382189462639 -0.7341954064480999
vn -0.8892173781495992 -0.2989341924899339 -0.3463102697829562
vn -0.000015035272790670153 -0.5456435381644125 -0.8380173799112773
vn 1.4994294478422634e-7 -0.9980205886986178 0.06288803172020757
vn -0.0000010579824185095888 -0.795207326577207 -0.6063376186225065
vn -0.00785073533056604 -0.039402509360387174 -0.9991925781404073
vn -0.5362985558443578 -0.33912236056704675 -0.7729035409174226
vn -0.9448505363564186 -0.05511944398038177 -0.3228301578884504
vn -0.8829833702886206 0.22863622979773418 -0.4099583420515143
vn -0.9618217537941645 -0.18133382196823358 -0.2049803867171458
vn 0.00014668344645538144 -0.9677870018571298 -0.2517703269258597
vn 0.000002427026730223451 -0.4660707074411278 -0.8847474756445683
vn -0.5529829278722498 -0.3080753499237568 -0.7741443407086234
vn -0.007850572547026024 0.3767007613251581 -0.9263017353582633
vn -0.5658291267316394 -0.3143202290489443 -0.7622599247977881
vn -0.9244477010409247 0.03950483270075235 -0.37925692641458103
vn -0.007825041785861986 0.6501454189412936 -0.7597695064627821
vn -0.007835034889735212 -0.31386410267059695 -0.9494355888016087
vn 8.731149326198013e-8 -0.9463097567644578 -0.32326126314853276
vn -0.0000014388933483311396 -0.5214216542219549 -0.8532991612010232
vn 0.000005498528824421585 0.3397743892349172 -0.9405069720048891
vn -0.9237556386096641 0.05526144939170928 -0.3789745273075473
vn -0.000004412606627167015 0.5692453944870189 -0.822167671971993
vn -0.007850127697244072 -0.2903359454532502 -0.9568925824108494
vn -0.8668857389113201 -0.4729246533920298 -0.15764322975060738
vn -0.000018294084214166068 -0.4876442942038862 -0.8730424056113885
vn -0.5060265207661564 -0.26090476413792013 -0.8221106156299376
vn -0.007871166229658865 -0.02370971726998838 -0.9996878983208521
vn -0.007832033290531757 0.4782812484084689 -0.8781717979275879
vn -0.9147880824605609 -0.31535188918039825 -0.2524201857587542
vn 0.000003104796809251196 -0.6623817611781373 -0.7491664717864177
vn 0.0000013876706863787707 -0.9975000267273452 0.07066609283822269
vn 0.000007852913001342648 -0.8344114634235659 -0.551142004973015
vn -0.0000020677689907938773 -0.1656760682474585 -0.9861802271419702
vn -0.6164701223564935 -0.26081596173574345 -0.7429263909336032
vn 1.6437844371610207e-7 0.46609427797595104 -0.884735058669006
vn -0.9437360059996484 -0.1415334566334685 -0.29888230398137267
vn -0.00018883799509421742 -0.4662167568118134 -0.8846705036385503
vn -0.8606166887053376 -0.50532114167975 -0.06316216346305861
vn -0.000015163615085153929 -0.5923225677167762 -0.8057009218956314
vn 0.000002199172128772845 -0.15799082640030657 -0.9874405798672201
vn -0.6381138139062638 -0.2599628318946587 -0.724727594710807
vn -0.9081822229831903 0.22113885539414901 -0.3553908503215532
vn -0.9586142681714607 -0.18069304285825669 -0.22001979256584903
vn -0.9552164280475501 -0.20526498669846746 -0.2131381261617862
vn -0.8328143347035131 -0.5499721875631056 -0.0628560006633965
vn -0.000012797064347830256 -0.6062305744436396 -0.7952889351964918
vn -0.007851875329172961 0.023536156269048533 -0.9996921513155406
vn -0.5037527095977611 -0.25184383976904184 -0.8263219033423348
vn -0.9503438857118797 -0.2277603186227198 -0.21206540536099486
vn -0.9151741659239034 0.26035716563713657 -0.30768554130294196
vn -0.00021018931070631013 -0.7816070270473309 -0.6237711207571948
vn -9.970972687605498e-7 -0.9962116617363046 -0.08696162958222672
vn 0.000012971461854017074 -0.7952082519080352 -0.6063364049181839
vn -0.007869108830623377 -0.039334114878084754 -0.9991951283573041
vn -0.624831032645982 -0.1819006212949657 -0.7592748808007949
vn -1.6030391275111113e-7 0.5923398394176812 -0.8056882242149318
vn -0.39565995567981355 -0.023703926724856147 -0.9180911301876686
vn -0.000016972829784198628 -0.6012131212031796 -0.7990887201087588
vn -0.907088002962409 -0.41016118513702954 -0.094652823986694
vn -0.947938387387064 -0.039463890918611064 -0.3159990744156956
vn -0.007840582374257603 -0.19613499372405244 -0.9805455570777416
vn 0.9244452471163342 0.039505125385618275 -0.37926287737173325
vn -0.007835034889735212 -0.31386410267059695 -0.9494355888016087
vn -0.007825041785861986 0.6501454189412936 -0.7597695064627821
vn 8.731149326198013e-8 -0.9463097567644578 -0.32326126314853276
vn -0.007850572547026024 0.3767007613251581 -0.9263017353582633
vn 0.5618229075658796 -0.30859102561539725 -0.7675458288883201
vn -0.0000014388933483311396 -0.5214216542219549 -0.8532991612010232
vn 0.000002427026730223451 -0.4660707074411278 -0.8847474756445683
vn 0.5779489429556802 -0.3166860727888877 -0.7521203033012492
vn 0.000005498528824421585 0.3397743892349172 -0.9405069720048891
vn 0.5241788144190093 -0.3364099751165489 -0.7823457670086575
vn 0.00014668344645538144 -0.9677870018571298 -0.2517703269258597
vn 0.9237532258513814 0.055263678969848726 -0.37898008327072336
vn -0.000004412606627167015 0.5692453944870189 -0.822167671971993
vn -0.007850127697244072 -0.2903359454532502 -0.9568925824108494
vn 0.8669216088751586 -0.47286697932912636 -0.15761898339176697
vn -0.000018294084214166068 -0.4876442942038862 -0.8730424056113885
vn 0.5017047584867814 -0.2665147490950814 -0.8229594302433786
vn -0.007871166229658865 -0.02370971726998838 -0.9996878983208521
vn -0.007832033290531757 0.4782812484084689 -0.8781717979275879
vn 0.48137322452882275 -0.30776809297471097 -0.8207061713265188
vn 0.4854191361236004 -0.29752749499091385 -0.8220983225925287
vn 0.9106718632250992 -0.3217645817590463 -0.25912219406209164
vn 0.000003104796809251196 -0.6623817611781373 -0.7491664717864177
vn 0.0000013876706863787707 -0.9975000267273452 0.07066609283822269
vn 0.000007852913001342648 -0.8344114634235659 -0.551142004973015
vn -0.0000020677689907938773 -0.1656760682474585 -0.9861802271419702
vn 0.6116099335273284 -0.26658690248340966 -0.7448924168193672
vn 1.6437844371610207e-7 0.46609427797595104 -0.884735058669006
vn 0.4752856037801242 -0.30893062092168194 -0.8238115478046584
vn 0.9404304236376155 -0.14890529665482938 -0.3056433066908416
vn -0.00018883799509421742 -0.4662167568118134 -0.8846705036385503
vn 0.8606170556531659 -0.5053203722920636 -0.06316331898725464
vn -0.000015163615085153929 -0.5923225677167762 -0.8057009218956314
vn 0.000002199172128772845 -0.15799082640030657 -0.9874405798672201
vn 0.6334005423634712 -0.26127042559055536 -0.728382809822823
vn 0.9040248486073004 0.22797592040975145 -0.36161589126291754
vn 0.47333031523926694 -0.29970677112027955 -0.8283322183883425
vn 0.9555486863004576 -0.18796442087254003 -0.22714771536495834
vn 0.9520202901841841 -0.21242177356283654 -0.2203051456367757
vn 0.8303835337444314 -0.5535882986926531 -0.06327070757218319
vn -0.000012797064347830256 -0.6062305744436396 -0.7952889351964918
vn -0.007851875329172961 0.023536156269048533 -0.9996921513155406
vn 0.4978296287009109 -0.2528549347992657 -0.829596313115706
vn 0.4774114110655058 -0.2660925196679341 -0.8374205129809114
vn 0.9495782919855261 -0.22945162181172268 -0.21366567491719693
vn 0.9110506863273282 0.2670377626121915 -0.3141297188767389
vn -0.00021018931070631013 -0.7816070270473309 -0.6237711207571948
vn -9.970972687605498e-7 -0.9962116617363046 -0.08696162958222672
vn 0.000012971461854017074 -0.7952082519080352 -0.6063364049181839
vn -0.007869108830623377 -0.039334114878084754 -0.9991951283573041
vn 0.6201949315331744 -0.18839896093962014 -0.7614880684668883
vn -1.6030391275111113e-7 0.5923398394176812 -0.8056882242149318
vn 0.46963600520723153 -0.2269727285364553 -0.8531854447385457
vn 0.9479361296112567 -0.039466796946462865 -0.31600548431382824
vn -0.007840582374257603 -0.19613499372405244 -0.9805455570777416
vn 0.9071041524976093 -0.4101320696103864 -0.09462421465298784
vn -0.000016972829784198628 -0.6012131212031796 -0.7990887201087588
vn -4.532649620537709e-8 0.11044212717340993 -0.9938825567165419
vn 0.392719248951755 -0.03139012134142707 -0.9191225444873713
vn 0.43862183650425546 -0.22716540821869044 -0.8694864931961104
vn 0.5645915851704558 -0.2038555225866913 -0.7997995172951899
vn 0.6615740067229572 0.44105610575351584 -0.6064563835974324
vn -0.007860950627782868 0.6285000503339991 -0.7777698195387811
vn 0.5108346402882531 -0.2122067718298793 -0.8330763808145762
vn 0.6740147299474787 0.48589417671010093 -0.5564269878906309
vn -0.007834559255661228 0.6584834188392047 -0.7525544543719757
vn 0.610486417870643 -0.25044139103961266 -0.7513890092685775
vn 0.8061388393618102 0.36002624380754666 -0.4695969286976038
vn -3.923833195860558e-8 0.6238145260652068 -0.7815724131966532
vn -0.007821303427786794 0.5564587108108343 -0.8308384502268987
vn 0.6436562763969347 -0.27472472557301025 -0.714305902967116
vn 0.8687266960440961 0.25826778792994554 -0.4226247476167022
vn -0.00787128654496302 0.44088361819584354 -0.8975297644394133
vn 0.67290351476084 -0.28949272935314097 -0.6807310918961887
vn 0.8644433714969837 0.21217091679435063 -0.4557643684422604
vn -0.007851916726568344 0.3767802278098457 -0.9262694032166234
vn 0.6976798043368074 -0.2822081458115182 -0.6584842086627278
vn 0.9250229799246144 0.07906623860885083 -0.37159254099569156
vn 0.0000010579387650433596 0.31620585098612747 -0.9486906027789143
vn 0.7127442267600486 -0.281966892850479 -0.6422541074656252
vn 0.9176029926499522 -0.20567972617082278 -0.3401479062439563
vn 0.9255895903030854 -0.2117673932729682 -0.313749074052719
vn 0.729351019734671 -0.29016621382604396 -0.6195568241621217
vn 0.9003869686444445 -0.21923134579474549 -0.37582033435711365
vn 0.4747429200082431 -0.3323196901359453 -0.8149740998645271
vn 0.9343628888674779 -0.21379909046135673 -0.28505427698092467
vn 0.7519101006224295 -0.26629062903316036 -0.6030924485276628
vn 0.984105574655574 -0.17317053330732912 0.03934697352882038
vn 0.9866715446092453 -0.1578652326338642 0.03946937273205391
vn 0.9403680354170053 -0.1738490830840162 0.29237724651006747
vn 0.9854103210560512 -0.16556767391055294 0.03941883448376871
vn 0.9302993507603118 -0.17343420109525232 0.32320844027561263
vn 0.7972099597985169 -0.26047590887920297 0.5446178301264107
vn 0.5273956798715598 -0.3384764437720005 0.7792865287327088
vn 0.779256974151758 -0.26761878087350427 0.5666910590080151
vn 0.5822979348376904 -0.3540997578158273 0.7318076773295927
vn 0.5358264584859094 -0.3230665864963639 0.7800756290745376
vn 0.9645519762120667 -0.039546104129681584 0.26091299475794855
vn 0.9094484254478337 0.29792488321661686 0.29007641305494236
vn 0.00008907243557071687 -0.6749244920098546 0.7378867949430596
vn -1.0984774582720457e-7 -0.9263084027419961 0.37676616489483217
vn 0.000014586081162298615 -0.6062180607432961 0.7952984739177382
vn -0.000013854015916655108 -0.08703873576604122 0.9962049278558681
vn 0.6007685625832794 -0.3319970662625813 0.727224231035146
vn 0.9565548520622339 -0.06325082628213928 0.2846087629902218
vn 0.9007187774220231 0.1879728247889708 0.39162724769891955
vn 0.9571287056258267 -0.16613442661460956 0.23728462478733103
vn 0.8772315129368738 -0.4504686041566383 0.1659605657367232
vn 0.000009453229169085883 -0.5923398006998578 0.805688252624729
vn -0.00005867386803549139 -0.14150039866363612 0.9899381969271663
vn 0.6293563989349764 -0.2831724104036934 0.7236877151822885
vn 0.9732453259670837 -0.03140192887352937 0.22761250920423204
vn 0.9415365987010469 0.156939483571823 0.2981255302765487
vn 0.9720167277677679 -0.10190361269850332 0.2116580606984633
vn 0.9416326459682107 -0.3086042300341297 0.13450423507067832
vn 0.000012421444571221022 -0.4875912068570966 0.873072055927429
vn -0.00003106694913704599 -0.13376974097587585 0.9910124395960385
vn 0.5343564800115375 -0.290753112358533 0.7936786376887724
vn 0.6465421647850949 -0.23652253752931274 0.7252863699227347
vn 0.7684335164935114 -0.2376570175252479 0.5941624969235438
vn 0.9869492314869905 -0.03158998092436838 0.15790277886230145
vn 0.9785946892581893 0.11047439234853584 0.17363134161461055
vn 0.987879366703244 -0.10974811293180511 0.10977116447366907
vn 0.9454726753135749 -0.27576693736460495 0.1733032500905193
vn 0.00003440794023899368 -0.418499617230748 0.90821697253124
vn 0.0000334230812802143 -0.14148320275807066 0.9899406559083308
vn 0.5666529425865022 -0.24397372578679957 0.7870077914377759
vn 0.6873855727911886 -0.18172291422666825 0.7031911950269971
vn 0.981459559085089 -0.11002402751532112 0.156945363900341
vn 0.9887988217531815 0.07910376220339016 0.12656810382078748
vn 0.9777250969553668 -0.1733924806564251 0.11827376055334408
vn 0.8940971517865911 -0.37979784558689456 0.23736865769233104
vn 0.000012871848158572575 -0.3397720590185382 0.9405078137605336
vn 0.0000010316470541228577 -0.0000056044478430428015 0.999999999983763
vn 0.7595161690508073 -0.04746584753721056 0.6487543312132564
vn 0.9754133747434173 0.12585697584923872 0.18091094494734639
vn 0.5683463193676229 -0.12628889103612284 0.8130397144433612
vn 0.7352923956041776 -0.197654477519292 0.6482883621377491
vn 0.9823967217824411 -0.047154668338974234 0.18075706980628578
vn 0.9854751458856852 -0.06309008850309368 0.15766539751720876
vn 0.9572310021934067 -0.2196735396419122 0.18828792956798765
vn 0.00001142182285518443 -0.22766979764202994 0.9737383956233723
vn -0.0000010957010846250083 0.26847755991646294 0.963285938763824
vn 0.6077981910202742 0.0868213111381787 0.7893309945293733
vn 0.5449381163894426 -0.04734655455115729 0.8371384312514034
vn 0.7922880382266159 0.4314496840004312 0.43142882919312286
vn 4.494227886635571e-7 0.7491488594709069 0.6624016805181259
vn 0.6493197158846735 -0.023751638601329502 0.760144569294025
vn 0.7980814233906279 0.47730670707838396 0.3677558279847908
vn 6.387361188131434e-7 0.7885056158569879 0.6150275552864152
vn 0.8164694381261182 0.11775829890178359 0.5652527219269087
vn 0.846188556333691 0.3995744628982814 0.35256939136778986
vn 0.0000013152153333138043 0.75646090794946 0.6540389091961951
vn 0.9574010719943388 0.19618681262053989 0.2118818583500817
vn 0.8679561805789398 0.3550987951945681 0.34721306750493286
vn 9.240167622415606e-7 0.6951858184380713 0.7188300757771164
vn 0.9704004548432162 0.1499000303613664 0.18934872098258435
vn 0.9856587091051527 0.10250624132003587 0.13404991479147724
vn 0.9012103995946756 0.26880287310335815 0.33994827705665076
vn -1.770783352579011e-7 0.6370812323863071 0.7707966679618646
vn 0.00000874211024222948 0.5510922436721037 0.8344443294121079
vn 0.9946865879487444 0.055280644770791094 0.08684838552679303
vn 0.9933892449490287 -0.11037775067875259 0.031536648120846764
vn 0.997223125851343 -0.07065115778014099 0.02354678686365064
vn 0.997007271456222 0.03141196442019051 0.07063843963936335
vn 0.9874829634690712 -0.14107125261157333 0.07054288443877607
vn 0.997468055997355 -0.0706810270291076 -0.007853004709524988
vn 0.9982066470004649 0.023582452377651192 0.05502143058795399
vn 0.9978987962664743 -0.06285244049199686 0.015734139128708816
vn 0.9730246688972908 0.11871002846959852 0.19781537568668636
vn 0.9983603648595838 -0.05503935563998942 0.0157242236111614
vn 0.9650952153011663 -0.2373277298187448 -0.11075546967024509
vn 0.9487340119136997 -0.29011559664064274 -0.12544606499998207
vn 0.9339109221277795 0.11775525057997539 0.3375560553319813
vn -0.0000012618364248505671 -0.047338347092637685 0.9988789120273512
vn 0.92445175698568 -0.3792429992034816 -0.03954360329101622
vn 0.000027656555157608565 -0.9899504111009296 -0.14141493130576813
vn -1.5576370162815968e-7 -0.9006627530622011 -0.43451882035924777
vn -0.00000295990930293005 -0.8847514616340915 -0.4660631407090433
vn 0.9315328848576542 -0.3236681533995482 -0.16578724590179805
vn 0.8614463615563721 -0.4542222085197396 -0.22713949777336953
vn 0.9497212266630171 -0.29283528723578606 -0.11080201340782887
vn 0.8710398697388415 -0.459286242306533 -0.17420015198984934
vn 0.9394162988199491 -0.33158854956610523 -0.0868680108444677
vn 0.8666516797211689 -0.4806005069067144 -0.1339328891552995
vn 0.9223455352531971 -0.3862855928747297 -0.007883802122838289
vn 0.000006128420030392815 -0.9974959498408393 0.07072361708484898
vn -0.00002789221810022659 -0.9992221254006414 -0.03943530565177334
vn 0.9379093156994248 -0.3467911150916808 -0.007876421630765839
vn 0.9068071802452147 -0.41791670547204396 0.055193886827397384
vn 0.9876395355490268 -0.12539556721591455 0.09404307280763197
vn 0.8772288365289094 -0.4777664650154675 0.04699758790363931
vn 0.9628721001991423 0.16573785121482237 0.2130921944435935
vn 0.9243210859758586 -0.3397221874933046 0.1738371805603547
vn 0.9736100521389812 -0.10206364316414358 0.20412368583286145
vn 0.9094577004337635 0.015685824232080984 0.4155004765820268
vn 0.8145656714741684 -0.02347447234992869 0.5795961663121398
vn 0.9758966387823682 -0.19673386771203 0.09445388138314632
vn 0.9895572313288815 -0.07064915190153899 0.1256390992498422
vn 0.8927185074753109 -0.45033763719556263 -0.0158012321092796
vn 0.9164708096217079 -0.3681550310335285 -0.15666246594520655
vn 0.9324857110922105 -0.023504080523381446 -0.36044133615278506
vn 0.9315986832400245 -0.36314459114298764 0.01580820385258587
vn 0.9154317244354753 -0.40247330083011545 0.000004000462024248947
vn 3.171313906938304e-7 -0.9874564189862504 0.15789180030245512
vn 0.9403487524142161 -0.21159283707016482 -0.26640701029369673
vn 0.9784426220991512 -0.14203455590192898 -0.14992071301017554
vn 0.9278424623385745 0.11793935459025852 -0.3538342461101301
vn 0.9142087962441663 -0.3940536349147388 0.09457277451927727
vn 0.9869525952367749 -0.15788729532546633 -0.03156226750732236
vn 0.9527006416251874 0.18108157828098795 -0.2440716072266966
vn 0.878171034177792 -0.3955590639774007 0.26897706526101844
vn -3.050442815908723e-8 -0.8283855789906517 0.5601583102305294
vn 7.277533528309879e-7 -0.788474955250462 0.6150668621721156
vn 0.9891901243962262 -0.14129060426042242 0.039241087455665395
vn 0.8198875611832541 -0.4493648505407383 0.35476135375132895
vn 0.000002644056374361157 -0.7417320534218039 0.6706963254108994
vn 0.9932029519341578 -0.1024810034350612 0.05518641322117425
vn 0.8541099843734894 -0.36380324814797405 0.3716763797048465
vn -2.5984493222805172e-8 -0.6584485205909769 0.752625767384796
vn 0.9594432616298474 0.14154683759434009 -0.24378909015811573
vn 0.9824957798767225 0.08644705972101281 -0.16501196438447258
vn 0.9872875909658484 0.07107999800486427 -0.14216485715000063
vn 0.7373374788222596 0.14903869067040046 -0.6588785252285027
vn 0.8553005363319673 0.01569199795663348 -0.5178945392166036
vn 0.5444273924011053 -0.06312016060466179 -0.8364297099748279
vn 0.9961801876774599 0.007896111306492226 0.08696369992782241
vn 0.8857625473084975 -0.03919399077518721 -0.4624808546012216
vn 0.8336870468761025 -0.16516075865088278 -0.5269609394185378
vn 0.8438794240455935 0.01579022226064668 0.5363004629435224
vn 0.9886477161653858 0.000010806992141176838 0.15025209883451043
vn 0.9954657073243338 -0.06321383105875673 0.07107768358731606
vn 0.8620951483349073 -0.02372578995016744 0.5061907171300701
vn 0.6946044084833882 -0.039474283283638986 0.7183080792213639
vn 0.7411021941093834 -0.11037941300730993 0.6622566897136033
vn 0.8769076159751342 -0.10177752871713662 0.4697599043054219
vn 0.9879685825567269 -0.13330160268642677 0.0784140459489358
vn 0.8752227350770516 -0.15770198528159432 0.4572912068283064
vn 0.9007170552884326 -0.18795692771707373 0.39163883826261797
vn 0.9859286402739722 -0.15777010547873774 0.05525676523959818
vn 0.8383608050408682 -0.17236266089979588 -0.5171482125065979
vn 0.8543219017178961 -0.20379823543011252 -0.47812170781160923
vn 0.9848633186752526 -0.17333275311244448 0.000015047533195438522
vn 0.8784682636429725 -0.21368069624706532 -0.42735707531696554
vn 0.980583556694274 -0.18825972611160305 0.05490140130444659
vn 0.9140707235055203 -0.19696132991958315 0.35451508705047197
vn -0.000015035272790670153 -0.5456435381644125 -0.8380173799112773
vn 0.8846856562588098 -0.3052280133578324 -0.3523735936070549
vn 1.4994294478422634e-7 -0.9980205886986178 0.06288803172020757
vn -0.007860864355496305 0.47222268372601095 -0.8814442374797105
vn -0.0000010579824185095888 -0.795207326577207 -0.6063376186225065
vn 0.3879959526974535 -0.22169663349972574 -0.8946003260592318
vn -0.000010877847889061212 0.11036285864019443 -0.9938913619276692
vn -0.00785073533056604 -0.039402509360387174 -0.9991925781404073
vn -4.0745364097379755e-7 -0.2757642757557134 -0.9612252931632422
vn 0.17295295671822003 -0.2830193836973127 -0.9433913838985487
vn -0.007849358706106565 -0.33732452954517766 -0.9413556975633746
vn 0.941991351714446 -0.06281704593881476 -0.329706402780886
vn 0.8785194988348589 0.23534484472767733 -0.41571179226364685
vn 0.9618154017584519 -0.18134363543979942 -0.20500150932543204
vn 0.44338863386733074 -0.29292610178916506 -0.8471132263445459
vn 0.5056321829000461 -0.237015094210503 -0.8295540613679862
vn 0.487007785184057 -0.17278729764950507 -0.8561354839866765
vn 0.24349331122960022 -0.25918566595162446 -0.9346303001463508
vn 0.28198735538808584 -0.1487996628965383 -0.9478089426266826
vn 0.16477912862527977 -0.2039685711011213 -0.9650101868749678
vn 0.7179167061487365 -0.2761224735377097 -0.6390242426074035
vn 0.9909906352770497 -0.13369929999117616 -0.007877688433734438
vn 0.816642994715753 -0.14919125294310795 -0.5575268506780209
vn 0.9954632811394303 -0.09481568373899556 0.00792729589622434
vn 0.9883339696266477 -0.14903492559291245 0.03137762635298722
vn 0.9936046643501352 -0.10251956765851748 0.047323453263322456
vn 0.98103272516034 -0.16481403003451972 0.10203493356815212
vn 0.9991033673188994 -0.03931204067126962 0.015717024855131996
vn 0.985658740490111 -0.134047117640562 0.10250959734437146
vn 0.9628739463134854 -0.21308699357910374 0.16573381271820894
vn 0.9993812525407031 -0.03146105769625681 0.015726217562026263
vn 0.9633600950412172 -0.19739134838489863 0.1815873973186696
vn 0.000006836773130221623 -0.7378003619281442 0.6750189818752935
vn 0.9994742197041806 -0.03145716664584227 0.00785689590966034
vn 0.9970070402882071 -0.07064874108304264 0.031396130320957914
vn 0.9321381220464794 -0.2819891567376354 0.22715773574778356
vn 4.147873275941761e-8 -0.9006523771067034 0.4345403267960787
vn 0.9806737910807036 -0.18980788644628974 0.04745399593493514
vn 0.9044575873485651 0.16517761665247097 -0.39328466489887726
vn 0.948738792980901 -0.15684949105587337 -0.2743955900678007
vn 0.000002141157663244289 -0.6789382189462639 -0.7341954064480999
vn -0.007838291624906579 0.36054428513422593 -0.932709161336723
vn -0.007848847294431464 0.5655364331366433 -0.8246859634983682
vn 0.8711150673204535 0.30093775107300924 -0.3880657282811784
vn -0.007849173518216897 0.7070868407435742 -0.7070831564408477
vn 0.92406725302989 0.27415504378756267 -0.26634324441147894
vn 0.8896697748229767 0.31489155854122075 -0.3306523826103704
vn -0.007868637922196706 0.6370524815070203 -0.7707802672247109
vn 0.5022843671378424 0.04706988719814203 -0.8634204307567034
vn -0.000007644296331133251 0.15793885318430187 -0.9874488941694108
vn 0.0000011334196529916407 -0.2684470407479709 -0.9632944442445271
vn -0.007855460499671365 -0.1885452577411831 -0.9820330837215462
vn -0.007841621698500643 -0.25910781544885336 -0.9658165710643303
vn 0.7445616791660098 -0.18026957772285734 -0.6427525070080352
vn 0.9624509184002683 -0.2208895000426401 -0.15778484857993327
vn 0.9565247765195267 -0.15810265612709612 -0.24507937903835714
vn 0.9634419726968803 -0.2114855751855799 -0.16447922888428182
vn 0.9482318643064273 -0.08619963159850569 -0.30565659656915556
vn 0.9564895619586925 -0.14896714636796135 -0.2508714953259037
vn 0.9736092116194034 -0.17273674566742014 -0.14915468395619658
vn 0.9482419505815548 -0.08620095356374315 -0.3056249315124498
vn 0.9726483981440636 -0.04705751341835749 -0.22746578647934831
vn 0.9751686654719236 -0.06291790569344469 -0.21233796416293188
vn 0.9655187235589602 -0.08705694285128983 -0.24534604777428823
vn 0.9497262688604857 -0.0870582048769148 -0.3007339076325611
vn 0.9413559637564121 -0.1019808253985428 -0.3216346696972646
vn 0.962177833007128 -0.10252906276933217 -0.2523917767229144
vn 0.9561613480767649 -0.07834539262644426 -0.28216568873311254
vn 0.978598920414546 -0.11049136395017531 -0.17359669194980354
vn -0.39297148074333565 -0.007854452358186327 0.9195171139791489
vn -0.2522021203739313 0.20489876528838022 0.9457328303819162
vn -0.000005204230871460408 0.03936490933726553 0.999224901554092
vn -0.42420364308448966 0.06284510705910173 0.9033835075495772
vn 9.380746508222689e-7 0.03146321231962273 0.9995049105780572
vn -0.582595547341156 0.055102758859162014 0.810892171737012
vn -0.7167813613103657 0.16540370823091619 0.6773965554839505
vn -0.4257435061750733 0.34696106692635204 0.8356796545250355
vn 0.0000048335641982730315 0.5121756195528208 0.8588807453379782
vn -0.8359543152615855 0.07098244166243414 0.5441891911561393
vn -0.8252017333875766 0.20436164372269688 0.5265723291145258
vn -0.6054735534717767 0.39316418289004296 0.6919708818575132
vn 9.743267400784471e-8 0.9715460402043834 -0.23685077952832062
vn -0.7545550368679808 0.3694673690938378 0.5423472683733535
vn -0.9067726109322329 0.05525605457289021 0.4179834930905516
vn -0.8817779721439307 0.11809088522554607 0.456642256770422
vn -0.9452064525004703 -0.04728835704844729 -0.3230302980203786
vn -0.7896194632673813 0.323820620607717 0.5211921995757092
vn -0.9154427094445621 0.39464159599623355 -0.07888381604831703
vn -0.6209651347644964 0.09436970015483252 -0.7781366596553576
vn -0.5209731768719783 -0.2604798181009823 -0.8128574372803619
vn 0.28986180395736194 -0.3995116183681908 -0.8696956947090246
vn -0.4575835137805931 -0.3944825336112249 -0.7968694112537352
vn -0.6095727062199042 0.039630051852508494 -0.7917389562361512
vn -0.6794832698029248 -0.27655291874143767 -0.6795741086839002
vn -0.537291496829281 -0.221226179926091 -0.8138653603331817
vn -0.33730336642712 -0.015612536251781474 -0.9412665338301999
vn -0.5371525563774806 -0.315996104104938 -0.7820572826638971
vn -0.5360814757326878 -0.16555319602662974 -0.8277733933037663
vn -0.07057257643644857 -0.054884925684252135 -0.9959955604257258
vn -0.24435780129337586 -0.32314697060437525 -0.914256692803658
vn -0.35472477867363733 -0.2286228874650499 -0.9065880578973463
vn 0.00000311061781074307 -0.10258040998624529 -0.9947247154250155
vn 0.0000019390137973452336 -0.2996458422305581 -0.9540505066453137
vn -0.007840495611332854 -0.36053892850807 -0.9327112134304065
vn 0.3478083599870825 -0.22926023103259613 -0.9091034546133772
vn 0.236905151052522 -0.3237635930989689 -0.9159984089442661
vn 0.5304496120741102 -0.16624145193117018 -0.8312562713809997
vn 0.06277919899699087 -0.05493422633460333 -0.9965144268651182
vn 0.5325307170990985 -0.3210911828723281 -0.7831420609490778
vn 0.5329201313775158 -0.22724549578934847 -0.8150801299357165
vn 0.3303238695312515 -0.015676048942293918 -0.9437374649273279
vn 0.674363302295484 -0.28230945114885475 -0.6823016270749775
vn 0.4513034108736892 -0.39590245853847633 -0.7997415048982792
vn 0.6055598377625909 0.04723271639689754 -0.794396848804623
vn 0.516577628680462 -0.2661042292870731 -0.8138403361239867
vn -0.2927636012176889 -0.39560251403154734 -0.8705102668515574
vn 0.9424055607795991 -0.05499412007647152 -0.32992030214690304
vn 0.6161177999965176 0.09485067484148621 -0.7819221227267878
vn 0.9119920983263234 0.4009945673041414 -0.08645096635037733
vn 0.7843803685319426 0.32946284648200114 0.5255489227937503
vn 0.906789677763618 0.055225903276945015 0.41795045149945637
vn 0.8777694111202771 0.12540013212696569 0.46238043618226504
vn 0.8226695075298729 0.20570488435663556 0.5300003603134432
vn 0.751135996851494 0.3716641601190299 0.5455826851329948
vn 0.8359544098436574 0.0709816101674476 0.5441891543213433
vn 0.7167836286384416 0.16540412600529916 0.6773940543113234
vn 0.6004608347974684 0.3950428834026326 0.6952610345382958
vn 0.5773287743343145 0.05537462164594967 0.8146319031336828
vn 0.417724045027806 0.06305537722226975 0.9063832752257538
vn 0.41925666852894466 0.34811011194885055 0.8384767115746087
vn 0.0000048335641982730315 0.5121756195528208 0.8588807453379782
vn 9.380746508222689e-7 0.03146321231962273 0.9995049105780572
vn 0.3862932886019992 -0.007877314906569972 0.9223423676113525
vn 0.24479369335480194 0.2053080991328866 0.9475888518361516
vn -0.000005204230871460408 0.03936490933726553 0.999224901554092
vn -0.4575835137805931 -0.3944825336112249 -0.7968694112537352
vn -0.537291496829281 -0.221226179926091 -0.8138653603331817
vn 0.03140670284370513 -0.2590020884567284 -0.9653660120345755
vn 0.28986180395736194 -0.3995116183681908 -0.8696956947090246
vn 0.023600911934306565 0.03933073268796514 -0.9989474913237918
vn -0.5360814757326878 -0.16555319602662974 -0.8277733933037663
vn 0.8387353363946873 0.06267857645426522 -0.5409199862609603
vn 0.9751760585585514 0.21229167968485432 -0.06295949134794573
vn -0.0790770515555192 0.031633200892159964 -0.996366479021952
vn -0.35472477867363733 -0.2286228874650499 -0.9065880578973463
vn 0.6658091833805183 0.26632958815215485 -0.6969696419506883
vn 0.925259389540063 0.3606606282124732 0.1175541293419086
vn 0.917938415076907 0.36089405772626515 0.16475601726179018
vn 0.8936845326663954 0.3997673330781244 0.2037499336845303
vn 0.7142001771508742 0.35317727646486724 -0.6043044914168009
vn 0.6562108954562315 0.43485195790185766 0.6166774159910932
vn 0.830974833225101 0.4273735627194733 0.35613573877803945
vn 0.48874448106672996 0.4729773739082635 0.7330901963589852
vn 0.000002931803533067117 0.5601312493377775 0.8284038770471233
vn 0.5854875102977317 0.5063614425431178 0.6330896182935055
vn -9.834766152575945e-7 0.6624209275938964 0.7491318406560188
vn 0.8609407237723964 0.4107216558038215 0.30014794952494617
vn 0.6102692539964126 0.6493671452519574 0.4537551633799722
vn -0.0000015436671851226468 0.9861818673225352 0.16566630484759093
vn 0.6275968877538776 0.5883295231690621 -0.5098926540452517
vn 0.0000023208559728993483 0.7675695268194748 -0.6409656944741593
vn -0.007875977280078357 -0.023600670087549496 -0.9996904407631906
vn -0.05521394048264984 -0.09466625665478715 -0.9939767203648928
vn -0.007840495611332854 -0.36053892850807 -0.9327112134304065
vn 0.9570317214090118 -0.26095790345953956 0.1264565413053251
vn 0.955690016119203 -0.26634359905445343 0.125370173218346
vn -1.3481531038870135e-7 -0.7188562139764249 0.6951587902252713
vn 0.959094387172919 -0.007886522883044512 -0.2829766054821816
vn 0.890278112968642 -0.3624309580815364 0.2757692553441979
vn 0.9590856829778467 -0.007873527202041191 -0.28300646684539926
vn 0.000002818354640362695 -0.6911856823165972 0.7226772118675093
vn 0.9700248452811294 -0.05518096993328613 -0.23665768547533506
vn 0.8341320060393272 -0.4091912923436045 0.3698462961433823
vn 0.9655169199960015 -0.24535635570493503 0.08704789438365629
vn 0.9848678703215822 -0.173306888526474 -0.000019937493188635434
vn 0.9650855334567122 -0.22928749226739545 0.1266379050770449
vn 0.7804567335501803 -0.4178093308692647 0.465104988249707
vn 0.9947184703448333 -0.10264095056257687 0.000004737695956357472
vn 0.9848418994736202 -0.13372497935920613 0.1104720006905431
vn 0.995214124944252 0.023702959864472677 -0.09479986922517328
vn 0.9963905818798938 -0.07062310440494572 0.04709761634366102
vn -0.40704578583927664 0.8847423945112682 -0.22703441057459395
vn -0.06326764017629832 0.5535827414640565 -0.8303874722439292
vn -0.28195374471758744 0.9239693371254001 -0.25842358617544653
vn -0.434603327319678 0.7505835643159566 0.49773914941605624
vn -0.24311576956652747 0.48636283778082257 -0.8392531874314569
vn -0.06322415292946436 -0.18970897084169067 -0.979802639753812
vn -0.6305028386962798 0.764525557705767 0.1340404491585249
vn -0.4392431266058299 0.08627080582346666 -0.8942163182318384
vn -0.8460484569122239 0.3083533518762034 -0.43487954532623774
vn -0.4418805071548567 -0.5680442860749807 -0.6943106699843609
vn -0.26023047541534355 -0.7570295072630514 -0.5993216371850477
vn -0.4082702365393446 -0.9106978123181675 0.06280850734583132
vn -0.8772001611802387 -0.45052982861047436 -0.16596008784517957
vn -0.9685916110691977 0.24412490252982025 -0.04725804620571854
vn -0.7723455180076421 -0.3861047269803597 0.5043863009806364
vn -0.4799231990166008 -0.4327409543471383 0.7631572508182047
vn -0.5295553209787504 0.3082472837050764 0.7902877793003854
vn -0.567200257834383 0.21271449062730033 0.795635854514977
vn 0.05538357784613919 0.5538488802959634 -0.8307731802964441
vn 0.4004959022673469 0.8875392479804209 -0.22776548369191613
vn 0.2747086438764771 0.9259949375018531 -0.25897593845854877
vn 0.4303558771669856 0.751059952708736 0.5007022732372861
vn 0.23571555762920765 0.48728188705191494 -0.8408296726702006
vn 0.05541477635723462 -0.1897825313578218 -0.9802610842794358
vn 0.6257106449889087 0.7683379413292207 0.13469594151843878
vn 0.4328961116584879 0.08658087289067586 -0.8972762723712527
vn 0.8410555920527403 0.314423777114162 -0.4401853921498059
vn 0.43549787995281763 -0.5700224674762661 -0.6967180083282405
vn 0.2513389319319211 -0.7618908611760487 -0.596951469511333
vn 0.40169415380289564 -0.9136035504377227 0.06301078818871587
vn 0.8772060204446115 -0.45052572594387835 -0.16594025418345323
vn 0.9663171481716456 0.2514064385908867 -0.0550088336948248
vn 0.7723458884456107 -0.3861048824013337 0.5043856147701008
vn 0.4738415527015489 -0.43435733405047805 0.7660338695449088
vn 0.5249942217996179 0.3134244939636435 0.7912939742350169
vn 0.5582871276712388 0.21231403505779067 0.8020213423557238
f 133/133/133 134/134/134 135/135/135
f 136/136/136 137/137/137 138/138/138
f 139/139/139 140/140/140 141/141/141
f 142/142/142 139/139/139 141/141/141
f 143/143/143 139/139/139 142/142/142
f 144/144/144 143/143/143 142/142/142
f 145/145/145 143/143/143 144/144/144
f 146/146/146 147/147/147 142/142/142
f 148/148/148 145/145/145 144/144/144
f 149/149/149 145/145/145 148/148/148
f 142/142/142 150/150/150 144/144/144
f 150/150/150 148/148/148 144/144/144
f 147/147/147 150/150/150 142/142/142
f 151/151/151 149/149/149 148/148/148
f 152/152/152 149/149/149 151/151/151
f 150/150/150 153/153/153 148/148/148
f 153/153/153 151/151/151 148/148/148
f 154/154/154 155/155/155 152/152/152
f 156/156/156 152/152/152 151/151/151
f 156/156/156 154/154/154 152/152/152
f 157/157/157 156/156/156 151/151/151
f 153/153/153 157/157/157 151/151/151
f 158/158/158 154/154/154 156/156/156
f 157/157/157 158/158/158 156/156/156
f 159/159/159 154/154/154 158/158/158
f 160/160/160 157/157/157 153/153/153
f 158/158/158 157/157/157 160/160/160
f 161/161/161 153/153/153 150/150/150
f 161/161/161 160/160/160 153/153/153
f 147/147/147 161/161/161 150/150/150
f 162/162/162 158/158/158 160/160/160
f 158/158/158 162/162/162 159/159/159
f 147/147/147 163/163/163 164/164/164
f 159/159/159 162/162/162 165/165/165
f 166/166/166 159/159/159 165/165/165
f 167/167/167 147/147/147 164/164/164
f 161/161/161 147/147/147 167/167/167
f 167/167/167 164/164/164 168/168/168
f 169/169/169 166/166/166 165/165/165
f 169/169/169 170/170/170 166/166/166
f 170/170/170 169/169/169 171/171/171
f 165/165/165 162/162/162 172/172/172
f 169/169/169 165/165/165 172/172/172
f 162/162/162 160/160/160 172/172/172
f 172/172/172 160/160/160 161/161/161
f 169/169/169 173/173/173 171/171/171
f 173/173/173 169/169/169 172/172/172
f 171/171/171 173/173/173 174/174/174
f 175/175/175 172/172/172 161/161/161
f 175/175/175 161/161/161 167/167/167
f 173/173/173 172/172/172 176/176/176
f 173/173/173 176/176/176 174/174/174
f 172/172/172 175/175/175 176/176/176
f 174/174/174 176/176/176 177/177/177
f 175/175/175 167/167/167 178/178/178
f 176/176/176 175/175/175 178/178/178
f 176/176/176 178/178/178 177/177/177
f 178/178/178 167/167/167 168/168/168
f 177/177/177 178/178/178 179/179/179
f 178/178/178 168/168/168 179/179/179
f 180/180/180 181/181/181 182/182/182
f 183/183/183 180/180/180 182/182/182
f 182/182/182 184/184/184 183/183/183
f 184/184/184 185/185/185 183/183/183
f 184/184/184 186/186/186 185/185/185
f 187/187/187 183/183/183 188/188/188
f 186/186/186 189/189/189 185/185/185
f 186/186/186 190/190/190 189/189/189
f 183/183/183 185/185/185 191/191/191
f 185/185/185 189/189/189 191/191/191
f 183/183/183 191/191/191 188/188/188
f 190/190/190 192/192/192 189/189/189
f 190/190/190 193/193/193 192/192/192
f 191/191/191 189/189/189 194/194/194
f 189/189/189 192/192/192 194/194/194
f 193/193/193 195/195/195 196/196/196
f 193/193/193 197/197/197 192/192/192
f 197/197/197 193/193/193 196/196/196
f 192/192/192 197/197/197 198/198/198
f 194/194/194 192/192/192 198/198/198
f 197/197/197 196/196/196 199/199/199
f 198/198/198 197/197/197 199/199/199
f 199/199/199 196/196/196 200/200/200
f 194/194/194 198/198/198 201/201/201
f 198/198/198 199/199/199 201/201/201
f 191/191/191 194/194/194 202/202/202
f 202/202/202 194/194/194 201/201/201
f 188/188/188 191/191/191 202/202/202
f 199/199/199 203/203/203 201/201/201
f 200/200/200 203/203/203 199/199/199
f 204/204/204 188/188/188 205/205/205
f 203/203/203 200/200/200 206/206/206
f 200/200/200 207/207/207 206/206/206
f 188/188/188 208/208/208 205/205/205
f 188/188/188 202/202/202 208/208/208
f 205/205/205 208/208/208 209/209/209
f 206/206/206 207/207/207 210/210/210
f 207/207/207 211/211/211 210/210/210
f 210/210/210 211/211/211 212/212/212
f 208/208/208 213/213/213 209/209/209
f 209/209/209 213/213/213 214/214/214
f 213/213/213 215/215/215 214/214/214
f 208/208/208 216/216/216 213/213/213
f 202/202/202 216/216/216 208/208/208
f 213/213/213 217/217/217 215/215/215
f 216/216/216 217/217/217 213/213/213
f 217/217/217 218/218/218 215/215/215
f 216/216/216 202/202/202 219/219/219
f 216/216/216 219/219/219 217/217/217
f 202/202/202 201/201/201 219/219/219
f 201/201/201 203/203/203 219/219/219
f 203/203/203 206/206/206 219/219/219
f 219/219/219 206/206/206 210/210/210
f 217/217/217 220/220/220 218/218/218
f 219/219/219 220/220/220 217/217/217
f 220/220/220 219/219/219 210/210/210
f 220/220/220 212/212/212 218/218/218
f 220/220/220 210/210/210 212/212/212
f 221/221/221 222/222/222 223/223/223
f 222/222/222 224/224/224 223/223/223
f 222/222/222 225/225/225 224/224/224
f 225/225/225 226/226/226 224/224/224
f 225/225/225 227/227/227 226/226/226
f 227/227/227 228/228/228 226/226/226
f 227/227/227 229/229/229 228/228/228
f 229/229/229 230/230/230 228/228/228
f 231/231/231 230/230/230 229/229/229
f 232/232/232 231/231/231 229/229/229
f 232/232/232 233/233/233 231/231/231
f 233/233/233 234/234/234 231/231/231
f 235/235/235 234/234/234 233/233/233
f 232/232/232 229/229/229 236/236/236
f 233/233/233 232/232/232 237/237/237
f 232/232/232 236/236/236 237/237/237
f 238/238/238 235/235/235 233/233/233
f 233/233/233 237/237/237 238/238/238
f 238/238/238 239/239/239 235/235/235
f 239/239/239 240/240/240 235/235/235
f 237/237/237 241/241/241 238/238/238
f 238/238/238 241/241/241 239/239/239
f 239/239/239 242/242/242 240/240/240
f 241/241/241 242/242/242 239/239/239
f 242/242/242 243/243/243 240/240/240
f 237/237/237 244/244/244 241/241/241
f 237/237/237 236/236/236 244/244/244
f 241/241/241 245/245/245 242/242/242
f 244/244/244 245/245/245 241/241/241
f 245/245/245 246/246/246 242/242/242
f 229/229/229 247/247/247 236/236/236
f 229/229/229 227/227/227 247/247/247
f 236/236/236 248/248/248 244/244/244
f 236/236/236 247/247/247 248/248/248
f 227/227/227 249/249/249 247/247/247
f 249/249/249 227/227/227 250/250/250
f 227/227/227 251/251/251 250/250/250
f 249/249/249 252/252/252 247/247/247
f 250/250/250 251/251/251 253/253/253
f 251/251/251 254/254/254 253/253/253
f 254/254/254 255/255/255 256/256/256
f 253/253/253 254/254/254 256/256/256
f 256/256/256 257/257/257 253/253/253
f 257/257/257 258/258/258 253/253/253
f 253/253/253 258/258/258 250/250/250
f 257/257/257 259/259/259 258/258/258
f 250/250/250 260/260/260 249/249/249
f 258/258/258 260/260/260 250/250/250
f 260/260/260 252/252/252 249/249/249
f 259/259/259 261/261/261 258/258/258
f 260/260/260 258/258/258 261/261/261
f 261/261/261 259/259/259 262/262/262
f 263/263/263 261/261/261 262/262/262
f 263/263/263 260/260/260 261/261/261
f 263/263/263 262/262/262 264/264/264
f 260/260/260 263/263/263 265/265/265
f 265/265/265 263/263/263 264/264/264
f 252/252/252 260/260/260 265/265/265
f 265/265/265 264/264/264 266/266/266
f 252/252/252 265/265/265 267/267/267
f 267/267/267 265/265/265 266/266/266
f 252/252/252 268/268/268 247/247/247
f 247/247/247 268/268/268 248/248/248
f 252/252/252 269/269/269 268/268/268
f 269/269/269 252/252/252 267/267/267
f 270/270/270 248/248/248 268/268/268
f 269/269/269 270/270/270 268/268/268
f 271/271/271 267/267/267 266/266/266
f 272/272/272 271/271/271 266/266/266
f 272/272/272 266/266/266 273/273/273
f 271/271/271 274/274/274 267/267/267
f 266/266/266 275/275/275 273/273/273
f 273/273/273 275/275/275 274/274/274
f 274/274/274 276/276/276 267/267/267
f 275/275/275 276/276/276 274/274/274
f 269/269/269 267/267/267 276/276/276
f 276/276/276 275/275/275 277/277/277
f 275/275/275 278/278/278 277/277/277
f 277/277/277 278/278/278 279/279/279
f 280/280/280 269/269/269 276/276/276
f 269/269/269 280/280/280 270/270/270
f 276/276/276 277/277/277 281/281/281
f 280/280/280 276/276/276 281/281/281
f 282/282/282 277/277/277 279/279/279
f 281/281/281 277/277/277 282/282/282
f 282/282/282 279/279/279 283/283/283
f 284/284/284 282/282/282 283/283/283
f 284/284/284 283/283/283 285/285/285
f 286/286/286 281/281/281 282/282/282
f 286/286/286 282/282/282 284/284/284
f 287/287/287 284/284/284 285/285/285
f 287/287/287 285/285/285 288/288/288
f 289/289/289 286/286/286 284/284/284
f 289/289/289 284/284/284 287/287/287
f 290/290/290 281/281/281 286/286/286
f 280/280/280 281/281/281 290/290/290
f 291/291/291 286/286/286 289/289/289
f 291/291/291 290/290/290 286/286/286
f 292/292/292 289/289/289 287/287/287
f 293/293/293 287/287/287 288/288/288
f 292/292/292 287/287/287 293/293/293
f 293/293/293 288/288/288 294/294/294
f 295/295/295 289/289/289 292/292/292
f 295/295/295 291/291/291 289/289/289
f 296/296/296 293/293/293 294/294/294
f 296/296/296 294/294/294 297/297/297
f 298/298/298 292/292/292 293/293/293
f 293/293/293 296/296/296 298/298/298
f 299/299/299 295/295/295 292/292/292
f 299/299/299 292/292/292 298/298/298
f 291/291/291 295/295/295 300/300/300
f 295/295/295 299/299/299 300/300/300
f 301/301/301 296/296/296 297/297/297
f 301/301/301 297/297/297 302/302/302
f 296/296/296 303/303/303 298/298/298
f 296/296/296 301/301/301 303/303/303
f 304/304/304 299/299/299 298/298/298
f 304/304/304 298/298/298 303/303/303
f 305/305/305 299/299/299 304/304/304
f 299/299/299 305/305/305 300/300/300
f 306/306/306 304/304/304 303/303/303
f 307/307/307 305/305/305 304/304/304
f 307/307/307 304/304/304 306/306/306
f 301/301/301 308/308/308 303/303/303
f 306/306/306 303/303/303 308/308/308
f 309/309/309 301/301/301 302/302/302
f 309/309/309 302/302/302 310/310/310
f 308/308/308 301/301/301 311/311/311
f 311/311/311 301/301/301 309/309/309
f 312/312/312 309/309/309 310/310/310
f 312/312/312 310/310/310 313/313/313
f 314/314/314 311/311/311 309/309/309
f 314/314/314 309/309/309 312/312/312
f 315/315/315 312/312/312 313/313/313
f 315/315/315 313/313/313 316/316/316
f 317/317/317 314/314/314 312/312/312
f 317/317/317 312/312/312 315/315/315
f 311/311/311 314/314/314 318/318/318
f 318/318/318 314/314/314 317/317/317
f 319/319/319 315/315/315 316/316/316
f 320/320/320 317/317/317 315/315/315
f 320/320/320 315/315/315 319/319/319
f 321/321/321 319/319/319 316/316/316
f 322/322/322 321/321/321 316/316/316
f 323/323/323 320/320/320 319/319/319
f 323/323/323 319/319/319 321/321/321
f 324/324/324 325/325/325 322/322/322
f 325/325/325 321/321/321 322/322/322
f 326/326/326 320/320/320 323/323/323
f 320/320/320 326/326/326 317/317/317
f 327/327/327 323/323/323 321/321/321
f 326/326/326 328/328/328 317/317/317
f 328/328/328 318/318/318 317/317/317
f 329/329/329 326/326/326 323/323/323
f 329/329/329 323/323/323 327/327/327
f 326/326/326 330/330/330 328/328/328
f 331/331/331 327/327/327 321/321/321
f 321/321/321 325/325/325 331/331/331
f 332/332/332 333/333/333 325/325/325
f 333/333/333 331/331/331 325/325/325
f 331/331/331 333/333/333 334/334/334
f 327/327/327 331/331/331 334/334/334
f 333/333/333 335/335/335 334/334/334
f 334/334/334 336/336/336 327/327/327
f 336/336/336 329/329/329 327/327/327
f 337/337/337 334/334/334 335/335/335
f 336/336/336 334/334/334 337/337/337
f 338/338/338 337/337/337 335/335/335
f 337/337/337 338/338/338 339/339/339
f 337/337/337 339/339/339 336/336/336
f 338/338/338 340/340/340 339/339/339
f 341/341/341 329/329/329 336/336/336
f 339/339/339 341/341/341 336/336/336
f 339/339/339 340/340/340 341/341/341
f 329/329/329 341/341/341 326/326/326
f 340/340/340 342/342/342 341/341/341
f 341/341/341 330/330/330 326/326/326
f 342/342/342 343/343/343 341/341/341
f 343/343/343 330/330/330 341/341/341
f 330/330/330 343/343/343 344/344/344
f 330/330/330 344/344/344 328/328/328
f 343/343/343 345/345/345 344/344/344
f 328/328/328 344/344/344 318/318/318
f 344/344/344 345/345/345 346/346/346
f 344/344/344 346/346/346 318/318/318
f 345/345/345 347/347/347 346/346/346
f 348/348/348 318/318/318 346/346/346
f 348/348/348 311/311/311 318/318/318
f 347/347/347 349/349/349 346/346/346
f 349/349/349 348/348/348 346/346/346
f 349/349/349 347/347/347 350/350/350
f 351/351/351 311/311/311 348/348/348
f 351/351/351 308/308/308 311/311/311
f 352/352/352 351/351/351 348/348/348
f 352/352/352 348/348/348 349/349/349
f 353/353/353 308/308/308 351/351/351
f 353/353/353 306/306/306 308/308/308
f 354/354/354 351/351/351 352/352/352
f 354/354/354 353/353/353 351/351/351
f 306/306/306 353/353/353 355/355/355
f 355/355/355 307/307/307 306/306/306
f 353/353/353 354/354/354 356/356/356
f 353/353/353 356/356/356 355/355/355
f 357/357/357 354/354/354 352/352/352
f 354/354/354 358/358/358 356/356/356
f 354/354/354 357/357/357 358/358/358
f 356/356/356 359/359/359 355/355/355
f 357/357/357 352/352/352 360/360/360
f 360/360/360 352/352/352 349/349/349
f 359/359/359 361/361/361 355/355/355
f 307/307/307 355/355/355 361/361/361
f 362/362/362 359/359/359 356/356/356
f 358/358/358 362/362/362 356/356/356
f 363/363/363 307/307/307 361/361/361
f 305/305/305 307/307/307 363/363/363
f 361/361/361 359/359/359 364/364/364
f 365/365/365 305/305/305 363/363/363
f 300/300/300 305/305/305 365/365/365
f 361/361/361 366/366/366 363/363/363
f 366/366/366 361/361/361 364/364/364
f 365/365/365 363/363/363 367/367/367
f 366/366/366 367/367/367 363/363/363
f 368/368/368 300/300/300 365/365/365
f 369/369/369 365/365/365 367/367/367
f 365/365/365 369/369/369 368/368/368
f 370/370/370 300/300/300 368/368/368
f 370/370/370 291/291/291 300/300/300
f 290/290/290 291/291/291 370/370/370
f 371/371/371 370/370/370 368/368/368
f 372/372/372 290/290/290 370/370/370
f 372/372/372 370/370/370 371/371/371
f 369/369/369 373/373/373 368/368/368
f 371/371/371 368/368/368 373/373/373
f 367/367/367 374/374/374 369/369/369
f 373/373/373 369/369/369 375/375/375
f 374/374/374 375/375/375 369/369/369
f 376/376/376 371/371/371 373/373/373
f 377/377/377 373/373/373 375/375/375
f 376/376/376 373/373/373 377/377/377
f 371/371/371 376/376/376 378/378/378
f 378/378/378 372/372/372 371/371/371
f 379/379/379 376/376/376 377/377/377
f 376/376/376 380/380/380 378/378/378
f 380/380/380 376/376/376 379/379/379
f 372/372/372 378/378/378 381/381/381
f 378/378/378 380/380/380 382/382/382
f 381/381/381 378/378/378 382/382/382
f 383/383/383 380/380/380 379/379/379
f 382/382/382 380/380/380 383/383/383
f 379/379/379 377/377/377 384/384/384
f 383/383/383 379/379/379 385/385/385
f 385/385/385 379/379/379 384/384/384
f 384/384/384 377/377/377 386/386/386
f 377/377/377 375/375/375 386/386/386
f 387/387/387 385/385/385 384/384/384
f 386/386/386 375/375/375 388/388/388
f 375/375/375 374/374/374 388/388/388
f 389/389/389 384/384/384 386/386/386
f 389/389/389 387/387/387 384/384/384
f 386/386/386 388/388/388 390/390/390
f 391/391/391 389/389/389 386/386/386
f 391/391/391 386/386/386 390/390/390
f 392/392/392 389/389/389 391/391/391
f 393/393/393 391/391/391 390/390/390
f 393/393/393 392/392/392 391/391/391
f 392/392/392 394/394/394 389/389/389
f 394/394/394 387/387/387 389/389/389
f 395/395/395 392/392/392 393/393/393
f 396/396/396 394/394/394 392/392/392
f 395/395/395 396/396/396 392/392/392
f 394/394/394 397/397/397 387/387/387
f 396/396/396 398/398/398 394/394/394
f 398/398/398 397/397/397 394/394/394
f 399/399/399 396/396/396 395/395/395
f 400/400/400 398/398/398 396/396/396
f 399/399/399 400/400/400 396/396/396
f 397/397/397 398/398/398 401/401/401
f 400/400/400 402/402/402 398/398/398
f 402/402/402 401/401/401 398/398/398
f 400/400/400 403/403/403 402/402/402
f 403/403/403 404/404/404 402/402/402
f 402/402/402 404/404/404 401/401/401
f 404/404/404 405/405/405 401/401/401
f 406/406/406 407/407/407 400/400/400
f 399/399/399 406/406/406 400/400/400
f 401/401/401 405/405/405 408/408/408
f 408/408/408 397/397/397 401/401/401
f 405/405/405 409/409/409 408/408/408
f 406/406/406 399/399/399 410/410/410
f 410/410/410 399/399/399 395/395/395
f 411/411/411 406/406/406 410/410/410
f 408/408/408 409/409/409 412/412/412
f 409/409/409 413/413/413 412/412/412
f 414/414/414 397/397/397 408/408/408
f 412/412/412 414/414/414 408/408/408
f 397/397/397 414/414/414 387/387/387
f 415/415/415 412/412/412 413/413/413
f 412/412/412 415/415/415 414/414/414
f 416/416/416 415/415/415 413/413/413
f 414/414/414 417/417/417 387/387/387
f 415/415/415 417/417/417 414/414/414
f 417/417/417 385/385/385 387/387/387
f 417/417/417 383/383/383 385/385/385
f 383/383/383 417/417/417 415/415/415
f 416/416/416 418/418/418 415/415/415
f 419/419/419 383/383/383 415/415/415
f 418/418/418 419/419/419 415/415/415
f 419/419/419 382/382/382 383/383/383
f 420/420/420 419/419/419 418/418/418
f 421/421/421 420/420/420 418/418/418
f 422/422/422 382/382/382 419/419/419
f 420/420/420 422/422/422 419/419/419
f 381/381/381 382/382/382 422/422/422
f 423/423/423 420/420/420 421/421/421
f 424/424/424 423/423/423 421/421/421
f 246/246/246 422/422/422 420/420/420
f 423/423/423 246/246/246 420/420/420
f 425/425/425 423/423/423 424/424/424
f 426/426/426 425/425/425 424/424/424
f 427/427/427 246/246/246 423/423/423
f 425/425/425 427/427/427 423/423/423
f 246/246/246 245/245/245 422/422/422
f 428/428/428 425/425/425 426/426/426
f 429/429/429 428/428/428 426/426/426
f 245/245/245 430/430/430 422/422/422
f 430/430/430 381/381/381 422/422/422
f 431/431/431 430/430/430 245/245/245
f 244/244/244 431/431/431 245/245/245
f 432/432/432 381/381/381 430/430/430
f 431/431/431 432/432/432 430/430/430
f 432/432/432 372/372/372 381/381/381
f 290/290/290 372/372/372 432/432/432
f 433/433/433 431/431/431 244/244/244
f 434/434/434 290/290/290 432/432/432
f 434/434/434 280/280/280 290/290/290
f 280/280/280 434/434/434 270/270/270
f 435/435/435 432/432/432 431/431/431
f 433/433/433 435/435/435 431/431/431
f 436/436/436 434/434/434 432/432/432
f 435/435/435 436/436/436 432/432/432
f 270/270/270 434/434/434 436/436/436
f 437/437/437 435/435/435 433/433/433
f 437/437/437 438/438/438 435/435/435
f 438/438/438 436/436/436 435/435/435
f 439/439/439 437/437/437 433/433/433
f 440/440/440 436/436/436 438/438/438
f 440/440/440 270/270/270 436/436/436
f 441/441/441 440/440/440 438/438/438
f 441/441/441 442/442/442 440/440/440
f 440/440/440 443/443/443 270/270/270
f 442/442/442 443/443/443 440/440/440
f 443/443/443 248/248/248 270/270/270
f 442/442/442 444/444/444 443/443/443
f 443/443/443 445/445/445 248/248/248
f 444/444/444 445/445/445 443/443/443
f 444/444/444 439/439/439 445/445/445
f 439/439/439 433/433/433 445/445/445
f 445/445/445 244/244/244 248/248/248
f 445/445/445 433/433/433 244/244/244
f 446/446/446 447/447/447 429/429/429
f 447/447/447 428/428/428 429/429/429
f 448/448/448 447/447/447 446/446/446
f 449/449/449 448/448/448 446/446/446
f 428/428/428 447/447/447 450/450/450
f 451/451/451 448/448/448 449/449/449
f 452/452/452 451/451/451 449/449/449
f 448/448/448 453/453/453 447/447/447
f 453/453/453 448/448/448 451/451/451
f 453/453/453 450/450/450 447/447/447
f 451/451/451 452/452/452 454/454/454
f 455/455/455 428/428/428 450/450/450
f 428/428/428 455/455/455 425/425/425
f 455/455/455 427/427/427 425/425/425
f 456/456/456 451/451/451 454/454/454
f 427/427/427 455/455/455 457/457/457
f 458/458/458 456/456/456 454/454/454
f 459/459/459 458/458/458 454/454/454
f 460/460/460 457/457/457 455/455/455
f 450/450/450 460/460/460 455/455/455
f 461/461/461 458/458/458 459/459/459
f 462/462/462 461/461/461 459/459/459
f 461/461/461 462/462/462 463/463/463
f 461/461/461 464/464/464 458/458/458
f 465/465/465 461/461/461 463/463/463
f 464/464/464 461/461/461 465/465/465
f 466/466/466 465/465/465 463/463/463
f 467/467/467 466/466/466 463/463/463
f 468/468/468 469/469/469 467/467/467
f 469/469/469 466/466/466 467/467/467
f 470/470/470 465/465/465 466/466/466
f 470/470/470 464/464/464 465/465/465
f 471/471/471 466/466/466 469/469/469
f 471/471/471 470/470/470 466/466/466
f 472/472/472 471/471/471 469/469/469
f 464/464/464 470/470/470 473/473/473
f 471/471/471 472/472/472 474/474/474
f 472/472/472 475/475/475 474/474/474
f 470/470/470 471/471/471 476/476/476
f 471/471/471 474/474/474 476/476/476
f 470/470/470 476/476/476 473/473/473
f 477/477/477 474/474/474 475/475/475
f 474/474/474 477/477/477 476/476/476
f 478/478/478 477/477/477 475/475/475
f 479/479/479 480/480/480 478/478/478
f 480/480/480 477/477/477 478/478/478
f 480/480/480 481/481/481 477/477/477
f 477/477/477 482/482/482 476/476/476
f 481/481/481 482/482/482 477/477/477
f 482/482/482 483/483/483 476/476/476
f 483/483/483 473/473/473 476/476/476
f 481/481/481 484/484/484 482/482/482
f 484/484/484 483/483/483 482/482/482
f 473/473/473 483/483/483 485/485/485
f 483/483/483 484/484/484 486/486/486
f 483/483/483 486/486/486 485/485/485
f 484/484/484 481/481/481 487/487/487
f 484/484/484 488/488/488 486/486/486
f 488/488/488 484/484/484 487/487/487
f 489/489/489 486/486/486 488/488/488
f 488/488/488 487/487/487 490/490/490
f 490/490/490 489/489/489 488/488/488
f 481/481/481 491/491/491 487/487/487
f 489/489/489 492/492/492 486/486/486
f 492/492/492 485/485/485 486/486/486
f 487/487/487 491/491/491 493/493/493
f 487/487/487 493/493/493 490/490/490
f 491/491/491 481/481/481 494/494/494
f 481/481/481 495/495/495 494/494/494
f 491/491/491 496/496/496 493/493/493
f 491/491/491 494/494/494 497/497/497
f 496/496/496 491/491/491 497/497/497
f 494/494/494 495/495/495 498/498/498
f 499/499/499 497/497/497 494/494/494
f 498/498/498 499/499/499 494/494/494
f 496/496/496 497/497/497 500/500/500
f 497/497/497 499/499/499 501/501/501
f 500/500/500 497/497/497 501/501/501
f 499/499/499 498/498/498 502/502/502
f 501/501/501 499/499/499 503/503/503
f 499/499/499 502/502/502 503/503/503
f 500/500/500 501/501/501 504/504/504
f 501/501/501 503/503/503 505/505/505
f 504/504/504 501/501/501 505/505/505
f 503/503/503 502/502/502 506/506/506
f 505/505/505 503/503/503 507/507/507
f 503/503/503 506/506/506 507/507/507
f 504/504/504 505/505/505 508/508/508
f 507/507/507 506/506/506 509/509/509
f 506/506/506 510/510/510 509/509/509
f 507/507/507 509/509/509 511/511/511
f 506/506/506 512/512/512 510/510/510
f 502/502/502 512/512/512 506/506/506
f 512/512/512 513/513/513 510/510/510
f 514/514/514 507/507/507 511/511/511
f 505/505/505 507/507/507 514/514/514
f 508/508/508 505/505/505 514/514/514
f 514/514/514 511/511/511 515/515/515
f 516/516/516 514/514/514 515/515/515
f 508/508/508 514/514/514 516/516/516
f 516/516/516 515/515/515 517/517/517
f 518/518/518 516/516/516 517/517/517
f 516/516/516 518/518/518 519/519/519
f 519/519/519 508/508/508 516/516/516
f 518/518/518 520/520/520 519/519/519
f 521/521/521 508/508/508 519/519/519
f 521/521/521 504/504/504 508/508/508
f 522/522/522 519/519/519 520/520/520
f 522/522/522 521/521/521 519/519/519
f 523/523/523 522/522/522 520/520/520
f 524/524/524 504/504/504 521/521/521
f 524/524/524 500/500/500 504/504/504
f 525/525/525 521/521/521 522/522/522
f 525/525/525 524/524/524 521/521/521
f 526/526/526 522/522/522 523/523/523
f 526/526/526 525/525/525 522/522/522
f 527/527/527 526/526/526 523/523/523
f 528/528/528 524/524/524 525/525/525
f 529/529/529 526/526/526 527/527/527
f 530/530/530 529/529/529 527/527/527
f 531/531/531 525/525/525 526/526/526
f 529/529/529 531/531/531 526/526/526
f 531/531/531 528/528/528 525/525/525
f 529/529/529 530/530/530 532/532/532
f 530/530/530 533/533/533 532/532/532
f 532/532/532 533/533/533 534/534/534
f 531/531/531 529/529/529 535/535/535
f 529/529/529 532/532/532 535/535/535
f 536/536/536 532/532/532 534/534/534
f 535/535/535 532/532/532 536/536/536
f 534/534/534 537/537/537 536/536/536
f 531/531/531 535/535/535 538/538/538
f 528/528/528 531/531/531 538/538/538
f 539/539/539 535/535/535 536/536/536
f 538/538/538 535/535/535 539/539/539
f 537/537/537 540/540/540 536/536/536
f 536/536/536 540/540/540 539/539/539
f 537/537/537 246/246/246 540/540/540
f 246/246/246 427/427/427 540/540/540
f 540/540/540 427/427/427 457/457/457
f 540/540/540 457/457/457 539/539/539
f 539/539/539 457/457/457 541/541/541
f 541/541/541 538/538/538 539/539/539
f 457/457/457 460/460/460 541/541/541
f 542/542/542 528/528/528 538/538/538
f 528/528/528 542/542/542 524/524/524
f 542/542/542 500/500/500 524/524/524
f 542/542/542 496/496/496 500/500/500
f 543/543/543 542/542/542 538/538/538
f 496/496/496 542/542/542 543/543/543
f 543/543/543 538/538/538 541/541/541
f 493/493/493 496/496/496 543/543/543
f 493/493/493 543/543/543 544/544/544
f 544/544/544 543/543/543 541/541/541
f 490/490/490 493/493/493 544/544/544
f 541/541/541 545/545/545 544/544/544
f 545/545/545 541/541/541 460/460/460
f 544/544/544 546/546/546 490/490/490
f 545/545/545 546/546/546 544/544/544
f 547/547/547 545/545/545 460/460/460
f 547/547/547 460/460/460 450/450/450
f 546/546/546 545/545/545 548/548/548
f 548/548/548 545/545/545 547/547/547
f 546/546/546 549/549/549 490/490/490
f 490/490/490 549/549/549 489/489/489
f 550/550/550 546/546/546 548/548/548
f 549/549/549 546/546/546 550/550/550
f 551/551/551 548/548/548 547/547/547
f 550/550/550 548/548/548 552/552/552
f 552/552/552 548/548/548 551/551/551
f 553/553/553 550/550/550 552/552/552
f 554/554/554 552/552/552 551/551/551
f 555/555/555 550/550/550 553/553/553
f 555/555/555 549/549/549 550/550/550
f 556/556/556 555/555/555 553/553/553
f 549/549/549 555/555/555 557/557/557
f 549/549/549 557/557/557 489/489/489
f 558/558/558 555/555/555 556/556/556
f 555/555/555 558/558/558 557/557/557
f 559/559/559 558/558/558 556/556/556
f 557/557/557 560/560/560 489/489/489
f 561/561/561 558/558/558 559/559/559
f 558/558/558 561/561/561 557/557/557
f 561/561/561 560/560/560 557/557/557
f 562/562/562 561/561/561 559/559/559
f 562/562/562 563/563/563 561/561/561
f 560/560/560 492/492/492 489/489/489
f 563/563/563 564/564/564 561/561/561
f 563/563/563 565/565/565 564/564/564
f 561/561/561 564/564/564 566/566/566
f 560/560/560 561/561/561 566/566/566
f 565/565/565 567/567/567 564/564/564
f 564/564/564 567/567/567 566/566/566
f 565/565/565 554/554/554 567/567/567
f 554/554/554 551/551/551 567/567/567
f 567/567/567 551/551/551 568/568/568
f 567/567/567 568/568/568 566/566/566
f 551/551/551 547/547/547 568/568/568
f 568/568/568 547/547/547 450/450/450
f 450/450/450 453/453/453 568/568/568
f 453/453/453 566/566/566 568/568/568
f 560/560/560 566/566/566 453/453/453
f 569/569/569 560/560/560 453/453/453
f 560/560/560 569/569/569 492/492/492
f 569/569/569 453/453/453 451/451/451
f 570/570/570 569/569/569 451/451/451
f 569/569/569 570/570/570 492/492/492
f 456/456/456 570/570/570 451/451/451
f 492/492/492 570/570/570 571/571/571
f 572/572/572 570/570/570 456/456/456
f 571/571/571 570/570/570 572/572/572
f 458/458/458 572/572/572 456/456/456
f 464/464/464 572/572/572 458/458/458
f 572/572/572 464/464/464 473/473/473
f 485/485/485 572/572/572 473/473/473
f 485/485/485 492/492/492 573/573/573
f 573/573/573 492/492/492 571/571/571
f 572/572/572 485/485/485 574/574/574
f 574/574/574 485/485/485 573/573/573
f 575/575/575 572/572/572 574/574/574
f 571/571/571 572/572/572 575/575/575
f 576/576/576 574/574/574 573/573/573
f 575/575/575 574/574/574 576/576/576
f 577/577/577 576/576/576 573/573/573
f 577/577/577 573/573/573 571/571/571
f 578/578/578 575/575/575 576/576/576
f 571/571/571 575/575/575 578/578/578
f 576/576/576 577/577/577 578/578/578
f 579/579/579 577/577/577 571/571/571
f 577/577/577 579/579/579 578/578/578
f 579/579/579 571/571/571 578/578/578
f 580/580/580 581/581/581 582/582/582
f 581/581/581 583/583/583 582/582/582
f 582/582/582 583/583/583 584/584/584
f 583/583/583 585/585/585 584/584/584
f 584/584/584 585/585/585 586/586/586
f 585/585/585 587/587/587 586/586/586
f 586/586/586 587/587/587 588/588/588
f 587/587/587 589/589/589 588/588/588
f 589/589/589 590/590/590 588/588/588
f 590/590/590 591/591/591 588/588/588
f 591/591/591 590/590/590 592/592/592
f 590/590/590 593/593/593 592/592/592
f 593/593/593 594/594/594 592/592/592
f 588/588/588 591/591/591 595/595/595
f 594/594/594 596/596/596 592/592/592
f 592/592/592 597/597/597 591/591/591
f 597/597/597 592/592/592 596/596/596
f 597/597/597 595/595/595 591/591/591
f 596/596/596 594/594/594 598/598/598
f 594/594/594 599/599/599 598/598/598
f 600/600/600 597/597/597 596/596/596
f 600/600/600 596/596/596 598/598/598
f 598/598/598 599/599/599 601/601/601
f 599/599/599 602/602/602 601/601/601
f 601/601/601 600/600/600 598/598/598
f 603/603/603 597/597/597 600/600/600
f 597/597/597 603/603/603 595/595/595
f 604/604/604 600/600/600 601/601/601
f 604/604/604 603/603/603 600/600/600
f 605/605/605 604/604/604 601/601/601
f 606/606/606 588/588/588 595/595/595
f 586/586/586 588/588/588 606/606/606
f 603/603/603 607/607/607 595/595/595
f 595/595/595 607/607/607 606/606/606
f 608/608/608 586/586/586 606/606/606
f 608/608/608 609/609/609 586/586/586
f 609/609/609 610/610/610 586/586/586
f 611/611/611 608/608/608 606/606/606
f 609/609/609 612/612/612 610/610/610
f 612/612/612 613/613/613 610/610/610
f 614/614/614 615/615/615 613/613/613
f 612/612/612 614/614/614 613/613/613
f 616/616/616 614/614/614 612/612/612
f 617/617/617 616/616/616 612/612/612
f 617/617/617 612/612/612 609/609/609
f 618/618/618 616/616/616 617/617/617
f 619/619/619 609/609/609 608/608/608
f 619/619/619 617/617/617 609/609/609
f 611/611/611 619/619/619 608/608/608
f 620/620/620 618/618/618 617/617/617
f 620/620/620 617/617/617 619/619/619
f 618/618/618 620/620/620 621/621/621
f 620/620/620 622/622/622 621/621/621
f 622/622/622 620/620/620 619/619/619
f 621/621/621 622/622/622 623/623/623
f 622/622/622 619/619/619 624/624/624
f 622/622/622 624/624/624 623/623/623
f 619/619/619 611/611/611 624/624/624
f 625/625/625 623/623/623 624/624/624
f 626/626/626 624/624/624 611/611/611
f 626/626/626 625/625/625 624/624/624
f 627/627/627 611/611/611 606/606/606
f 607/607/607 627/627/627 606/606/606
f 627/627/627 628/628/628 611/611/611
f 628/628/628 626/626/626 611/611/611
f 627/627/627 607/607/607 629/629/629
f 628/628/628 627/627/627 629/629/629
f 625/625/625 626/626/626 630/630/630
f 631/631/631 625/625/625 630/630/630
f 625/625/625 631/631/631 632/632/632
f 630/630/630 626/626/626 633/633/633
f 634/634/634 625/625/625 632/632/632
f 634/634/634 632/632/632 633/633/633
f 626/626/626 635/635/635 633/633/633
f 635/635/635 634/634/634 633/633/633
f 635/635/635 626/626/626 628/628/628
f 634/634/634 635/635/635 636/636/636
f 637/637/637 634/634/634 636/636/636
f 638/638/638 637/637/637 636/636/636
f 639/639/639 635/635/635 628/628/628
f 639/639/639 628/628/628 629/629/629
f 636/636/636 635/635/635 640/640/640
f 635/635/635 639/639/639 640/640/640
f 641/641/641 638/638/638 636/636/636
f 641/641/641 636/636/636 640/640/640
f 642/642/642 638/638/638 641/641/641
f 643/643/643 642/642/642 641/641/641
f 644/644/644 642/642/642 643/643/643
f 645/645/645 641/641/641 640/640/640
f 643/643/643 641/641/641 645/645/645
f 646/646/646 644/644/644 643/643/643
f 644/644/644 646/646/646 647/647/647
f 648/648/648 643/643/643 645/645/645
f 646/646/646 643/643/643 648/648/648
f 645/645/645 640/640/640 649/649/649
f 648/648/648 645/645/645 649/649/649
f 646/646/646 650/650/650 647/647/647
f 651/651/651 647/647/647 650/650/650
f 652/652/652 646/646/646 648/648/648
f 646/646/646 652/652/652 650/650/650
f 652/652/652 648/648/648 653/653/653
f 653/653/653 648/648/648 649/649/649
f 654/654/654 651/651/651 650/650/650
f 655/655/655 651/651/651 654/654/654
f 652/652/652 656/656/656 650/650/650
f 650/650/650 656/656/656 654/654/654
f 657/657/657 652/652/652 653/653/653
f 656/656/656 652/652/652 657/657/657
f 658/658/658 655/655/655 654/654/654
f 659/659/659 655/655/655 658/658/658
f 656/656/656 660/660/660 654/654/654
f 658/658/658 654/654/654 660/660/660
f 661/661/661 656/656/656 657/657/657
f 660/660/660 656/656/656 661/661/661
f 657/657/657 653/653/653 662/662/662
f 662/662/662 653/653/653 649/649/649
f 661/661/661 657/657/657 663/663/663
f 663/663/663 657/657/657 662/662/662
f 664/664/664 660/660/660 661/661/661
f 665/665/665 661/661/661 663/663/663
f 664/664/664 661/661/661 665/665/665
f 666/666/666 660/660/660 664/664/664
f 666/666/666 658/658/658 660/660/660
f 667/667/667 664/664/664 665/665/665
f 668/668/668 666/666/666 664/664/664
f 668/668/668 664/664/664 667/667/667
f 669/669/669 658/658/658 666/666/666
f 666/666/666 668/668/668 670/670/670
f 670/670/670 669/669/669 666/666/666
f 671/671/671 659/659/659 658/658/658
f 671/671/671 658/658/658 669/669/669
f 659/659/659 671/671/671 672/672/672
f 671/671/671 673/673/673 672/672/672
f 672/672/672 673/673/673 674/674/674
f 675/675/675 671/671/671 669/669/669
f 671/671/671 675/675/675 673/673/673
f 673/673/673 676/676/676 674/674/674
f 674/674/674 676/676/676 677/677/677
f 675/675/675 678/678/678 673/673/673
f 673/673/673 678/678/678 676/676/676
f 679/679/679 675/675/675 669/669/669
f 675/675/675 679/679/679 678/678/678
f 676/676/676 680/680/680 677/677/677
f 678/678/678 681/681/681 676/676/676
f 676/676/676 681/681/681 680/680/680
f 677/677/677 680/680/680 682/682/682
f 683/683/683 677/677/677 682/682/682
f 681/681/681 684/684/684 680/680/680
f 680/680/680 684/684/684 682/682/682
f 685/685/685 683/683/683 686/686/686
f 683/683/683 682/682/682 686/686/686
f 681/681/681 687/687/687 684/684/684
f 681/681/681 678/678/678 687/687/687
f 684/684/684 688/688/688 682/682/682
f 678/678/678 689/689/689 687/687/687
f 679/679/679 689/689/689 678/678/678
f 687/687/687 690/690/690 684/684/684
f 684/684/684 690/690/690 688/688/688
f 687/687/687 689/689/689 691/691/691
f 690/690/690 687/687/687 692/692/692
f 687/687/687 691/691/691 692/692/692
f 690/690/690 693/693/693 688/688/688
f 690/690/690 692/692/692 693/693/693
f 689/689/689 694/694/694 691/691/691
f 689/689/689 679/679/679 694/694/694
f 691/691/691 695/695/695 692/692/692
f 691/691/691 694/694/694 695/695/695
f 695/695/695 696/696/696 692/692/692
f 694/694/694 697/697/697 695/695/695
f 692/692/692 696/696/696 698/698/698
f 694/694/694 699/699/699 697/697/697
f 679/679/679 699/699/699 694/694/694
f 699/699/699 700/700/700 697/697/697
f 701/701/701 692/692/692 698/698/698
f 692/692/692 701/701/701 693/693/693
f 701/701/701 698/698/698 702/702/702
f 703/703/703 701/701/701 702/702/702
f 693/693/693 701/701/701 703/703/703
f 702/702/702 704/704/704 703/703/703
f 703/703/703 705/705/705 693/693/693
f 704/704/704 705/705/705 703/703/703
f 688/688/688 693/693/693 705/705/705
f 704/704/704 706/706/706 705/705/705
f 705/705/705 707/707/707 688/688/688
f 706/706/706 707/707/707 705/705/705
f 682/682/682 688/688/688 707/707/707
f 707/707/707 686/686/686 682/682/682
f 686/686/686 707/707/707 706/706/706
f 708/708/708 686/686/686 706/706/706
f 699/699/699 709/709/709 700/700/700
f 700/700/700 709/709/709 710/710/710
f 679/679/679 711/711/711 699/699/699
f 711/711/711 709/709/709 699/699/699
f 711/711/711 679/679/679 669/669/669
f 711/711/711 669/669/669 670/670/670
f 712/712/712 711/711/711 670/670/670
f 711/711/711 712/712/712 709/709/709
f 670/670/670 713/713/713 712/712/712
f 668/668/668 713/713/713 670/670/670
f 712/712/712 714/714/714 709/709/709
f 668/668/668 715/715/715 713/713/713
f 715/715/715 668/668/668 667/667/667
f 713/713/713 716/716/716 712/712/712
f 712/712/712 716/716/716 714/714/714
f 715/715/715 717/717/717 713/713/713
f 713/713/713 717/717/717 716/716/716
f 715/715/715 667/667/667 718/718/718
f 717/717/717 715/715/715 719/719/719
f 715/715/715 718/718/718 719/719/719
f 717/717/717 720/720/720 716/716/716
f 667/667/667 721/721/721 718/718/718
f 667/667/667 665/665/665 721/721/721
f 716/716/716 720/720/720 722/722/722
f 716/716/716 722/722/722 714/714/714
f 665/665/665 723/723/723 721/721/721
f 665/665/665 663/663/663 723/723/723
f 724/724/724 718/718/718 721/721/721
f 663/663/663 725/725/725 723/723/723
f 725/725/725 663/663/663 662/662/662
f 726/726/726 721/721/721 723/723/723
f 726/726/726 724/724/724 721/721/721
f 727/727/727 723/723/723 725/725/725
f 727/727/727 726/726/726 723/723/723
f 724/724/724 728/728/728 718/718/718
f 728/728/728 719/719/719 718/718/718
f 729/729/729 724/724/724 726/726/726
f 728/728/728 730/730/730 719/719/719
f 731/731/731 728/728/728 724/724/724
f 729/729/729 731/731/731 724/724/724
f 732/732/732 730/730/730 728/728/728
f 731/731/731 732/732/732 728/728/728
f 730/730/730 733/733/733 719/719/719
f 717/717/717 719/719/719 733/733/733
f 720/720/720 717/717/717 733/733/733
f 730/730/730 734/734/734 733/733/733
f 720/720/720 733/733/733 735/735/735
f 734/734/734 735/735/735 733/733/733
f 736/736/736 720/720/720 735/735/735
f 720/720/720 736/736/736 722/722/722
f 737/737/737 734/734/734 730/730/730
f 732/732/732 737/737/737 730/730/730
f 735/735/735 734/734/734 738/738/738
f 734/734/734 737/737/737 739/739/739
f 738/738/738 734/734/734 739/739/739
f 735/735/735 740/740/740 736/736/736
f 740/740/740 735/735/735 738/738/738
f 722/722/722 736/736/736 741/741/741
f 740/740/740 742/742/742 736/736/736
f 736/736/736 742/742/742 741/741/741
f 738/738/738 743/743/743 740/740/740
f 722/722/722 741/741/741 744/744/744
f 714/714/714 722/722/722 744/744/744
f 743/743/743 745/745/745 740/740/740
f 740/740/740 745/745/745 742/742/742
f 746/746/746 743/743/743 738/738/738
f 739/739/739 746/746/746 738/738/738
f 743/743/743 747/747/747 745/745/745
f 746/746/746 748/748/748 743/743/743
f 748/748/748 747/747/747 743/743/743
f 745/745/745 749/749/749 742/742/742
f 747/747/747 750/750/750 745/745/745
f 749/749/749 745/745/745 750/750/750
f 742/742/742 749/749/749 751/751/751
f 741/741/741 742/742/742 751/751/751
f 752/752/752 749/749/749 750/750/750
f 751/751/751 753/753/753 741/741/741
f 753/753/753 744/744/744 741/741/741
f 751/751/751 749/749/749 754/754/754
f 749/749/749 752/752/752 754/754/754
f 753/753/753 751/751/751 755/755/755
f 751/751/751 754/754/754 755/755/755
f 753/753/753 756/756/756 744/744/744
f 755/755/755 757/757/757 753/753/753
f 757/757/757 756/756/756 753/753/753
f 756/756/756 758/758/758 744/744/744
f 714/714/714 744/744/744 758/758/758
f 709/709/709 714/714/714 758/758/758
f 759/759/759 709/709/709 758/758/758
f 709/709/709 759/759/759 710/710/710
f 756/756/756 760/760/760 758/758/758
f 760/760/760 759/759/759 758/758/758
f 710/710/710 759/759/759 761/761/761
f 762/762/762 710/710/710 761/761/761
f 762/762/762 761/761/761 763/763/763
f 764/764/764 763/763/763 761/761/761
f 764/764/764 761/761/761 759/759/759
f 765/765/765 764/764/764 759/759/759
f 765/765/765 759/759/759 766/766/766
f 759/759/759 760/760/760 766/766/766
f 766/766/766 760/760/760 767/767/767
f 768/768/768 766/766/766 767/767/767
f 768/768/768 767/767/767 769/769/769
f 767/767/767 770/770/770 769/769/769
f 767/767/767 760/760/760 770/770/770
f 760/760/760 771/771/771 770/770/770
f 772/772/772 771/771/771 760/760/760
f 773/773/773 772/772/772 760/760/760
f 773/773/773 760/760/760 756/756/756
f 757/757/757 773/773/773 756/756/756
f 773/773/773 774/774/774 772/772/772
f 774/774/774 775/775/775 772/772/772
f 774/774/774 776/776/776 775/775/775
f 774/774/774 777/777/777 776/776/776
f 774/774/774 773/773/773 777/777/777
f 773/773/773 778/778/778 777/777/777
f 778/778/778 773/773/773 779/779/779
f 773/773/773 780/780/780 779/779/779
f 773/773/773 757/757/757 780/780/780
f 779/779/779 780/780/780 781/781/781
f 782/782/782 779/779/779 781/781/781
f 782/782/782 781/781/781 783/783/783
f 781/781/781 784/784/784 783/783/783
f 781/781/781 780/780/780 784/784/784
f 780/780/780 785/785/785 784/784/784
f 785/785/785 780/780/780 786/786/786
f 757/757/757 787/787/787 780/780/780
f 757/757/757 755/755/755 787/787/787
f 780/780/780 788/788/788 786/786/786
f 780/780/780 787/787/787 788/788/788
f 755/755/755 789/789/789 787/787/787
f 755/755/755 754/754/754 789/789/789
f 787/787/787 789/789/789 790/790/790
f 787/787/787 790/790/790 788/788/788
f 754/754/754 791/791/791 789/789/789
f 789/789/789 792/792/792 790/790/790
f 789/789/789 791/791/791 792/792/792
f 793/793/793 791/791/791 754/754/754
f 752/752/752 793/793/793 754/754/754
f 791/791/791 794/794/794 792/792/792
f 795/795/795 793/793/793 752/752/752
f 750/750/750 795/795/795 752/752/752
f 791/791/791 793/793/793 796/796/796
f 794/794/794 791/791/791 796/796/796
f 795/795/795 797/797/797 793/793/793
f 797/797/797 796/796/796 793/793/793
f 795/795/795 750/750/750 798/798/798
f 750/750/750 747/747/747 798/798/798
f 797/797/797 795/795/795 799/799/799
f 795/795/795 798/798/798 799/799/799
f 798/798/798 747/747/747 800/800/800
f 747/747/747 748/748/748 800/800/800
f 801/801/801 799/799/799 798/798/798
f 800/800/800 801/801/801 798/798/798
f 799/799/799 802/802/802 797/797/797
f 801/801/801 803/803/803 799/799/799
f 803/803/803 802/802/802 799/799/799
f 796/796/796 797/797/797 804/804/804
f 802/802/802 804/804/804 797/797/797
f 805/805/805 796/796/796 804/804/804
f 796/796/796 805/805/805 794/794/794
f 802/802/802 806/806/806 804/804/804
f 805/805/805 807/807/807 794/794/794
f 792/792/792 794/794/794 807/807/807
f 805/805/805 804/804/804 808/808/808
f 806/806/806 808/808/808 804/804/804
f 805/805/805 809/809/809 807/807/807
f 809/809/809 805/805/805 808/808/808
f 810/810/810 792/792/792 807/807/807
f 790/790/790 792/792/792 810/810/810
f 809/809/809 811/811/811 807/807/807
f 810/810/810 807/807/807 811/811/811
f 809/809/809 808/808/808 812/812/812
f 809/809/809 812/812/812 811/811/811
f 808/808/808 813/813/813 812/812/812
f 808/808/808 806/806/806 813/813/813
f 812/812/812 814/814/814 811/811/811
f 812/812/812 813/813/813 815/815/815
f 814/814/814 812/812/812 815/815/815
f 816/816/816 810/810/810 811/811/811
f 816/816/816 811/811/811 814/814/814
f 817/817/817 810/810/810 816/816/816
f 817/817/817 790/790/790 810/810/810
f 818/818/818 816/816/816 814/814/814
f 790/790/790 817/817/817 819/819/819
f 820/820/820 817/817/817 816/816/816
f 820/820/820 816/816/816 818/818/818
f 819/819/819 817/817/817 820/820/820
f 788/788/788 790/790/790 819/819/819
f 818/818/818 814/814/814 821/821/821
f 821/821/821 814/814/814 815/815/815
f 822/822/822 820/820/820 818/818/818
f 823/823/823 818/818/818 821/821/821
f 818/818/818 823/823/823 822/822/822
f 824/824/824 820/820/820 822/822/822
f 824/824/824 819/819/819 820/820/820
f 825/825/825 824/824/824 822/822/822
f 819/819/819 824/824/824 826/826/826
f 819/819/819 826/826/826 827/827/827
f 825/825/825 822/822/822 828/828/828
f 829/829/829 825/825/825 828/828/828
f 830/830/830 819/819/819 827/827/827
f 830/830/830 827/827/827 831/831/831
f 832/832/832 830/830/830 831/831/831
f 819/819/819 830/830/830 832/832/832
f 833/833/833 819/819/819 832/832/832
f 788/788/788 819/819/819 833/833/833
f 834/834/834 788/788/788 833/833/833
f 788/788/788 834/834/834 835/835/835
f 836/836/836 788/788/788 835/835/835
f 786/786/786 788/788/788 836/836/836
f 836/836/836 835/835/835 837/837/837
f 838/838/838 786/786/786 836/836/836
f 838/838/838 836/836/836 837/837/837
f 829/829/829 828/828/828 839/839/839
f 840/840/840 829/829/829 839/839/839
f 840/840/840 839/839/839 841/841/841
f 842/842/842 840/840/840 841/841/841
f 839/839/839 828/828/828 843/843/843
f 842/842/842 841/841/841 844/844/844
f 845/845/845 842/842/842 844/844/844
f 846/846/846 845/845/845 844/844/844
f 841/841/841 839/839/839 847/847/847
f 847/847/847 839/839/839 843/843/843
f 844/844/844 841/841/841 848/848/848
f 848/848/848 841/841/841 847/847/847
f 843/843/843 828/828/828 849/849/849
f 828/828/828 822/822/822 849/849/849
f 823/823/823 849/849/849 822/822/822
f 847/847/847 843/843/843 850/850/850
f 843/843/843 849/849/849 851/851/851
f 850/850/850 843/843/843 851/851/851
f 849/849/849 823/823/823 852/852/852
f 851/851/851 849/849/849 852/852/852
f 852/852/852 823/823/823 853/853/853
f 823/823/823 821/821/821 853/853/853
f 852/852/852 854/854/854 851/851/851
f 855/855/855 853/853/853 821/821/821
f 815/815/815 855/855/855 821/821/821
f 853/853/853 856/856/856 852/852/852
f 856/856/856 853/853/853 855/855/855
f 856/856/856 854/854/854 852/852/852
f 815/815/815 857/857/857 855/855/855
f 813/813/813 857/857/857 815/815/815
f 858/858/858 856/856/856 855/855/855
f 813/813/813 859/859/859 857/857/857
f 806/806/806 859/859/859 813/813/813
f 856/856/856 858/858/858 860/860/860
f 854/854/854 856/856/856 860/860/860
f 858/858/858 855/855/855 861/861/861
f 860/860/860 858/858/858 861/861/861
f 857/857/857 862/862/862 855/855/855
f 855/855/855 862/862/862 861/861/861
f 857/857/857 863/863/863 862/862/862
f 859/859/859 863/863/863 857/857/857
f 862/862/862 864/864/864 861/861/861
f 863/863/863 864/864/864 862/862/862
f 865/865/865 860/860/860 861/861/861
f 864/864/864 865/865/865 861/861/861
f 854/854/854 860/860/860 866/866/866
f 866/866/866 860/860/860 865/865/865
f 867/867/867 854/854/854 866/866/866
f 868/868/868 866/866/866 865/865/865
f 869/869/869 854/854/854 867/867/867
f 854/854/854 869/869/869 851/851/851
f 870/870/870 869/869/869 867/867/867
f 851/851/851 869/869/869 850/850/850
f 870/870/870 871/871/871 869/869/869
f 872/872/872 868/868/868 865/865/865
f 871/871/871 873/873/873 869/869/869
f 869/869/869 873/873/873 850/850/850
f 871/871/871 874/874/874 873/873/873
f 850/850/850 873/873/873 875/875/875
f 875/875/875 847/847/847 850/850/850
f 874/874/874 876/876/876 873/873/873
f 873/873/873 876/876/876 875/875/875
f 874/874/874 877/877/877 876/876/876
f 848/848/848 847/847/847 875/875/875
f 877/877/877 878/878/878 876/876/876
f 877/877/877 879/879/879 878/878/878
f 875/875/875 876/876/876 880/880/880
f 876/876/876 878/878/878 880/880/880
f 880/880/880 848/848/848 875/875/875
f 879/879/879 881/881/881 878/878/878
f 880/880/880 878/878/878 881/881/881
f 882/882/882 848/848/848 880/880/880
f 882/882/882 844/844/844 848/848/848
f 883/883/883 882/882/882 880/880/880
f 883/883/883 880/880/880 881/881/881
f 882/882/882 884/884/884 844/844/844
f 884/884/884 882/882/882 883/883/883
f 884/884/884 885/885/885 844/844/844
f 885/885/885 846/846/846 844/844/844
f 886/886/886 884/884/884 883/883/883
f 883/883/883 881/881/881 886/886/886
f 884/884/884 886/886/886 885/885/885
f 881/881/881 887/887/887 886/886/886
f 886/886/886 887/887/887 885/885/885
f 887/887/887 881/881/881 879/879/879
f 888/888/888 887/887/887 879/879/879
f 846/846/846 885/885/885 889/889/889
f 889/889/889 885/885/885 887/887/887
f 890/890/890 846/846/846 889/889/889
f 891/891/891 887/887/887 888/888/888
f 891/891/891 889/889/889 887/887/887
f 890/890/890 889/889/889 891/891/891
f 892/892/892 891/891/891 888/888/888
f 892/892/892 890/890/890 891/891/891
f 893/893/893 872/872/872 894/894/894
f 893/893/893 894/894/894 895/895/895
f 872/872/872 896/896/896 894/894/894
f 896/896/896 872/872/872 865/865/865
f 894/894/894 897/897/897 895/895/895
f 895/895/895 897/897/897 898/898/898
f 896/896/896 865/865/865 899/899/899
f 865/865/865 864/864/864 899/899/899
f 894/894/894 896/896/896 900/900/900
f 896/896/896 899/899/899 900/900/900
f 897/897/897 894/894/894 901/901/901
f 894/894/894 900/900/900 901/901/901
f 897/897/897 902/902/902 898/898/898
f 897/897/897 901/901/901 902/902/902
f 898/898/898 902/902/902 903/903/903
f 904/904/904 899/899/899 864/864/864
f 863/863/863 904/904/904 864/864/864
f 905/905/905 900/900/900 899/899/899
f 904/904/904 905/905/905 899/899/899
f 905/905/905 906/906/906 900/900/900
f 906/906/906 901/901/901 900/900/900
f 907/907/907 905/905/905 904/904/904
f 908/908/908 904/904/904 863/863/863
f 908/908/908 907/907/907 904/904/904
f 859/859/859 908/908/908 863/863/863
f 907/907/907 909/909/909 905/905/905
f 909/909/909 906/906/906 905/905/905
f 907/907/907 908/908/908 910/910/910
f 911/911/911 907/907/907 910/910/910
f 909/909/909 907/907/907 911/911/911
f 912/912/912 910/910/910 908/908/908
f 913/913/913 909/909/909 911/911/911
f 913/913/913 914/914/914 909/909/909
f 914/914/914 915/915/915 909/909/909
f 909/909/909 915/915/915 906/906/906
f 914/914/914 916/916/916 915/915/915
f 915/915/915 917/917/917 906/906/906
f 906/906/906 917/917/917 901/901/901
f 916/916/916 918/918/918 915/915/915
f 915/915/915 918/918/918 917/917/917
f 916/916/916 919/919/919 918/918/918
f 917/917/917 920/920/920 901/901/901
f 901/901/901 920/920/920 902/902/902
f 918/918/918 921/921/921 917/917/917
f 917/917/917 921/921/921 920/920/920
f 919/919/919 922/922/922 918/918/918
f 918/918/918 922/922/922 921/921/921
f 919/919/919 923/923/923 922/922/922
f 921/921/921 924/924/924 920/920/920
f 902/902/902 920/920/920 924/924/924
f 922/922/922 925/925/925 921/921/921
f 921/921/921 925/925/925 924/924/924
f 926/926/926 902/902/902 924/924/924
f 902/902/902 926/926/926 903/903/903
f 903/903/903 926/926/926 927/927/927
f 925/925/925 928/928/928 924/924/924
f 926/926/926 924/924/924 928/928/928
f 929/929/929 925/925/925 922/922/922
f 928/928/928 925/925/925 929/929/929
f 926/926/926 930/930/930 927/927/927
f 930/930/930 926/926/926 928/928/928
f 931/931/931 929/929/929 922/922/922
f 923/923/923 931/931/931 922/922/922
f 932/932/932 928/928/928 929/929/929
f 929/929/929 931/931/931 932/932/932
f 928/928/928 932/932/932 930/930/930
f 933/933/933 931/931/931 923/923/923
f 934/934/934 933/933/933 923/923/923
f 931/931/931 935/935/935 932/932/932
f 932/932/932 935/935/935 930/930/930
f 935/935/935 931/931/931 933/933/933
f 927/927/927 930/930/930 935/935/935
f 936/936/936 927/927/927 935/935/935
f 933/933/933 934/934/934 937/937/937
f 937/937/937 935/935/935 933/933/933
f 936/936/936 935/935/935 937/937/937
f 934/934/934 938/938/938 937/937/937
f 938/938/938 936/936/936 937/937/937
f 939/939/939 940/940/940 941/941/941
f 942/942/942 939/939/939 941/941/941
f 942/942/942 941/941/941 943/943/943
f 944/944/944 939/939/939 942/942/942
f 945/945/945 942/942/942 943/943/943
f 945/945/945 943/943/943 946/946/946
f 947/947/947 945/945/945 946/946/946
f 947/947/947 946/946/946 948/948/948
f 945/945/945 949/949/949 942/942/942
f 949/949/949 945/945/945 947/947/947
f 950/950/950 951/951/951 948/948/948
f 951/951/951 952/952/952 948/948/948
f 952/952/952 947/947/947 948/948/948
f 951/951/951 953/953/953 952/952/952
f 954/954/954 947/947/947 952/952/952
f 954/954/954 949/949/949 947/947/947
f 953/953/953 955/955/955 952/952/952
f 955/955/955 954/954/954 952/952/952
f 956/956/956 955/955/955 953/953/953
f 957/957/957 956/956/956 953/953/953
f 957/957/957 958/958/958 956/956/956
f 959/959/959 954/954/954 955/955/955
f 956/956/956 959/959/959 955/955/955
f 958/958/958 960/960/960 956/956/956
f 956/956/956 960/960/960 959/959/959
f 958/958/958 961/961/961 960/960/960
f 959/959/959 962/962/962 954/954/954
f 962/962/962 949/949/949 954/954/954
f 960/960/960 963/963/963 959/959/959
f 962/962/962 959/959/959 963/963/963
f 961/961/961 964/964/964 960/960/960
f 960/960/960 964/964/964 963/963/963
f 965/965/965 964/964/964 961/961/961
f 966/966/966 965/965/965 961/961/961
f 966/966/966 967/967/967 965/965/965
f 964/964/964 968/968/968 963/963/963
f 964/964/964 965/965/965 968/968/968
f 967/967/967 969/969/969 965/965/965
f 967/967/967 970/970/970 969/969/969
f 965/965/965 971/971/971 968/968/968
f 970/970/970 972/972/972 969/969/969
f 970/970/970 973/973/973 972/972/972
f 969/969/969 974/974/974 965/965/965
f 974/974/974 969/969/969 972/972/972
f 974/974/974 971/971/971 965/965/965
f 973/973/973 975/975/975 972/972/972
f 973/973/973 976/976/976 975/975/975
f 977/977/977 972/972/972 975/975/975
f 977/977/977 974/974/974 972/972/972
f 976/976/976 978/978/978 975/975/975
f 976/976/976 979/979/979 978/978/978
f 975/975/975 978/978/978 980/980/980
f 980/980/980 977/977/977 975/975/975
f 979/979/979 981/981/981 978/978/978
f 979/979/979 982/982/982 981/981/981
f 978/978/978 983/983/983 980/980/980
f 978/978/978 981/981/981 983/983/983
f 982/982/982 984/984/984 981/981/981
f 982/982/982 985/985/985 984/984/984
f 981/981/981 605/605/605 983/983/983
f 981/981/981 984/984/984 605/605/605
f 980/980/980 983/983/983 986/986/986
f 985/985/985 987/987/987 984/984/984
f 983/983/983 605/605/605 988/988/988
f 983/983/983 988/988/988 986/986/986
f 984/984/984 989/989/989 605/605/605
f 984/984/984 987/987/987 989/989/989
f 605/605/605 990/990/990 988/988/988
f 605/605/605 989/989/989 604/604/604
f 988/988/988 990/990/990 991/991/991
f 990/990/990 992/992/992 991/991/991
f 988/988/988 991/991/991 993/993/993
f 986/986/986 988/988/988 993/993/993
f 991/991/991 992/992/992 994/994/994
f 992/992/992 995/995/995 994/994/994
f 995/995/995 996/996/996 994/994/994
f 991/991/991 994/994/994 997/997/997
f 993/993/993 991/991/991 997/997/997
f 996/996/996 998/998/998 994/994/994
f 994/994/994 998/998/998 997/997/997
f 998/998/998 996/996/996 999/999/999
f 993/993/993 997/997/997 1000/1000/1000
f 1001/1001/1001 998/998/998 999/999/999
f 1001/1001/1001 999/999/999 1002/1002/1002
f 998/998/998 1003/1003/1003 997/997/997
f 998/998/998 1001/1001/1001 1003/1003/1003
f 997/997/997 1003/1003/1003 1000/1000/1000
f 1004/1004/1004 1001/1001/1001 1002/1002/1002
f 1004/1004/1004 1002/1002/1002 1005/1005/1005
f 1001/1001/1001 1006/1006/1006 1003/1003/1003
f 1001/1001/1001 1004/1004/1004 1006/1006/1006
f 1003/1003/1003 1006/1006/1006 1007/1007/1007
f 1003/1003/1003 1007/1007/1007 1000/1000/1000
f 1008/1008/1008 1004/1004/1004 1005/1005/1005
f 1008/1008/1008 1005/1005/1005 1009/1009/1009
f 1004/1004/1004 1010/1010/1010 1006/1006/1006
f 1004/1004/1004 1008/1008/1008 1010/1010/1010
f 1006/1006/1006 1011/1011/1011 1007/1007/1007
f 1006/1006/1006 1010/1010/1010 1011/1011/1011
f 1012/1012/1012 1008/1008/1008 1009/1009/1009
f 1009/1009/1009 1013/1013/1013 1012/1012/1012
f 1013/1013/1013 1014/1014/1014 1012/1012/1012
f 1008/1008/1008 1015/1015/1015 1010/1010/1010
f 1008/1008/1008 1012/1012/1012 1015/1015/1015
f 1012/1012/1012 1014/1014/1014 1016/1016/1016
f 1012/1012/1012 1016/1016/1016 1015/1015/1015
f 1014/1014/1014 1017/1017/1017 1016/1016/1016
f 1010/1010/1010 1015/1015/1015 1018/1018/1018
f 1010/1010/1010 1018/1018/1018 1011/1011/1011
f 1015/1015/1015 1016/1016/1016 1019/1019/1019
f 1015/1015/1015 1019/1019/1019 1018/1018/1018
f 1016/1016/1016 1017/1017/1017 1020/1020/1020
f 1016/1016/1016 1020/1020/1020 1019/1019/1019
f 1017/1017/1017 1021/1021/1021 1020/1020/1020
f 1018/1018/1018 1019/1019/1019 1022/1022/1022
f 1020/1020/1020 1021/1021/1021 1023/1023/1023
f 1021/1021/1021 1024/1024/1024 1023/1023/1023
f 1019/1019/1019 1020/1020/1020 1025/1025/1025
f 1020/1020/1020 1023/1023/1023 1025/1025/1025
f 1019/1019/1019 1025/1025/1025 1022/1022/1022
f 1023/1023/1023 1024/1024/1024 1026/1026/1026
f 1024/1024/1024 1027/1027/1027 1026/1026/1026
f 1025/1025/1025 1023/1023/1023 1028/1028/1028
f 1023/1023/1023 1026/1026/1026 1028/1028/1028
f 1029/1029/1029 1026/1026/1026 1027/1027/1027
f 1030/1030/1030 1029/1029/1029 1027/1027/1027
f 1031/1031/1031 1028/1028/1028 1026/1026/1026
f 1029/1029/1029 1031/1031/1031 1026/1026/1026
f 1025/1025/1025 1028/1028/1028 1032/1032/1032
f 1022/1022/1022 1025/1025/1025 1032/1032/1032
f 1031/1031/1031 1033/1033/1033 1028/1028/1028
f 1033/1033/1033 1032/1032/1032 1028/1028/1028
f 1031/1031/1031 1029/1029/1029 1034/1034/1034
f 1029/1029/1029 1030/1030/1030 1035/1035/1035
f 1029/1029/1029 1035/1035/1035 1034/1034/1034
f 1030/1030/1030 1036/1036/1036 1035/1035/1035
f 1031/1031/1031 1034/1034/1034 1037/1037/1037
f 1033/1033/1033 1031/1031/1031 1037/1037/1037
f 1035/1035/1035 1036/1036/1036 1038/1038/1038
f 1036/1036/1036 1039/1039/1039 1038/1038/1038
f 1034/1034/1034 1035/1035/1035 1040/1040/1040
f 1035/1035/1035 1038/1038/1038 1040/1040/1040
f 1038/1038/1038 1039/1039/1039 1041/1041/1041
f 1038/1038/1038 1041/1041/1041 1040/1040/1040
f 1039/1039/1039 1042/1042/1042 1041/1041/1041
f 1042/1042/1042 1043/1043/1043 1041/1041/1041
f 1034/1034/1034 1040/1040/1040 1044/1044/1044
f 1037/1037/1037 1034/1034/1034 1044/1044/1044
f 1041/1041/1041 1045/1045/1045 1040/1040/1040
f 1040/1040/1040 1045/1045/1045 1044/1044/1044
f 1043/1043/1043 1046/1046/1046 1041/1041/1041
f 1045/1045/1045 1041/1041/1041 1046/1046/1046
f 1043/1043/1043 1047/1047/1047 1046/1046/1046
f 1047/1047/1047 1048/1048/1048 1046/1046/1046
f 1049/1049/1049 1046/1046/1046 1048/1048/1048
f 1049/1049/1049 1045/1045/1045 1046/1046/1046
f 1050/1050/1050 1049/1049/1049 1048/1048/1048
f 1051/1051/1051 1045/1045/1045 1049/1049/1049
f 1045/1045/1045 1051/1051/1051 1044/1044/1044
f 1052/1052/1052 1049/1049/1049 1050/1050/1050
f 1052/1052/1052 1051/1051/1051 1049/1049/1049
f 1053/1053/1053 1052/1052/1052 1050/1050/1050
f 1044/1044/1044 1051/1051/1051 1054/1054/1054
f 1054/1054/1054 1051/1051/1051 1052/1052/1052
f 1055/1055/1055 1052/1052/1052 1053/1053/1053
f 1055/1055/1055 1054/1054/1054 1052/1052/1052
f 1056/1056/1056 1055/1055/1055 1053/1053/1053
f 1057/1057/1057 1055/1055/1055 1056/1056/1056
f 1057/1057/1057 1054/1054/1054 1055/1055/1055
f 1057/1057/1057 1058/1058/1058 1054/1054/1054
f 1059/1059/1059 1044/1044/1044 1054/1054/1054
f 1058/1058/1058 1059/1059/1059 1054/1054/1054
f 1044/1044/1044 1059/1059/1059 1037/1037/1037
f 1060/1060/1060 1059/1059/1059 1058/1058/1058
f 1059/1059/1059 1060/1060/1060 1037/1037/1037
f 1033/1033/1033 1037/1037/1037 1060/1060/1060
f 1061/1061/1061 1033/1033/1033 1060/1060/1060
f 1033/1033/1033 1061/1061/1061 1032/1032/1032
f 1061/1061/1061 1060/1060/1060 944/944/944
f 1061/1061/1061 1062/1062/1062 1032/1032/1032
f 1022/1022/1022 1032/1032/1032 1062/1062/1062
f 1063/1063/1063 1061/1061/1061 944/944/944
f 1061/1061/1061 1063/1063/1063 1062/1062/1062
f 1064/1064/1064 1022/1022/1022 1062/1062/1062
f 1018/1018/1018 1022/1022/1022 1064/1064/1064
f 1011/1011/1011 1018/1018/1018 1064/1064/1064
f 1064/1064/1064 1062/1062/1062 1065/1065/1065
f 1063/1063/1063 1065/1065/1065 1062/1062/1062
f 1011/1011/1011 1064/1064/1064 1066/1066/1066
f 1066/1066/1066 1064/1064/1064 1065/1065/1065
f 1007/1007/1007 1011/1011/1011 1066/1066/1066
f 1000/1000/1000 1007/1007/1007 1066/1066/1066
f 1067/1067/1067 1066/1066/1066 1065/1065/1065
f 1067/1067/1067 1000/1000/1000 1066/1066/1066
f 1068/1068/1068 1065/1065/1065 1063/1063/1063
f 1068/1068/1068 1067/1067/1067 1065/1065/1065
f 1069/1069/1069 1000/1000/1000 1067/1067/1067
f 1069/1069/1069 993/993/993 1000/1000/1000
f 993/993/993 1069/1069/1069 986/986/986
f 1070/1070/1070 1067/1067/1067 1068/1068/1068
f 1070/1070/1070 1069/1069/1069 1067/1067/1067
f 1071/1071/1071 1068/1068/1068 1063/1063/1063
f 1063/1063/1063 944/944/944 1071/1071/1071
f 1069/1069/1069 1072/1072/1072 986/986/986
f 980/980/980 986/986/986 1072/1072/1072
f 977/977/977 980/980/980 1072/1072/1072
f 1069/1069/1069 1073/1073/1073 1072/1072/1072
f 1069/1069/1069 1070/1070/1070 1073/1073/1073
f 977/977/977 1072/1072/1072 1074/1074/1074
f 1073/1073/1073 1074/1074/1074 1072/1072/1072
f 1075/1075/1075 977/977/977 1074/1074/1074
f 974/974/974 977/977/977 1075/1075/1075
f 1074/1074/1074 1073/1073/1073 1076/1076/1076
f 1070/1070/1070 1077/1077/1077 1073/1073/1073
f 1073/1073/1073 1077/1077/1077 1076/1076/1076
f 1078/1078/1078 1070/1070/1070 1068/1068/1068
f 1077/1077/1077 1070/1070/1070 1078/1078/1078
f 1078/1078/1078 1068/1068/1068 1071/1071/1071
f 1079/1079/1079 1074/1074/1074 1076/1076/1076
f 1075/1075/1075 1074/1074/1074 1079/1079/1079
f 1079/1079/1079 1076/1076/1076 1080/1080/1080
f 1081/1081/1081 1079/1079/1079 1080/1080/1080
f 1076/1076/1076 1082/1082/1082 1080/1080/1080
f 1077/1077/1077 1082/1082/1082 1076/1076/1076
f 1082/1082/1082 1083/1083/1083 1080/1080/1080
f 1084/1084/1084 1079/1079/1079 1081/1081/1081
f 1084/1084/1084 1075/1075/1075 1079/1079/1079
f 1085/1085/1085 1084/1084/1084 1081/1081/1081
f 1086/1086/1086 1075/1075/1075 1084/1084/1084
f 1086/1086/1086 974/974/974 1075/1075/1075
f 1087/1087/1087 1084/1084/1084 1085/1085/1085
f 1087/1087/1087 1086/1086/1086 1084/1084/1084
f 1088/1088/1088 1087/1087/1087 1085/1085/1085
f 974/974/974 1086/1086/1086 1089/1089/1089
f 971/971/971 974/974/974 1089/1089/1089
f 1086/1086/1086 1087/1087/1087 1090/1090/1090
f 1090/1090/1090 1087/1087/1087 1088/1088/1088
f 1089/1089/1089 1086/1086/1086 1090/1090/1090
f 1091/1091/1091 1090/1090/1090 1088/1088/1088
f 1090/1090/1090 1091/1091/1091 1092/1092/1092
f 1093/1093/1093 1090/1090/1090 1092/1092/1092
f 1093/1093/1093 1092/1092/1092 1094/1094/1094
f 1093/1093/1093 1095/1095/1095 1090/1090/1090
f 1095/1095/1095 1089/1089/1089 1090/1090/1090
f 1096/1096/1096 1093/1093/1093 1094/1094/1094
f 1095/1095/1095 1093/1093/1093 1096/1096/1096
f 1096/1096/1096 1094/1094/1094 1083/1083/1083
f 1082/1082/1082 1096/1096/1096 1083/1083/1083
f 1097/1097/1097 1096/1096/1096 1082/1082/1082
f 1097/1097/1097 1095/1095/1095 1096/1096/1096
f 1077/1077/1077 1097/1097/1097 1082/1082/1082
f 1097/1097/1097 1077/1077/1077 1078/1078/1078
f 1098/1098/1098 1095/1095/1095 1097/1097/1097
f 1078/1078/1078 1098/1098/1098 1097/1097/1097
f 1089/1089/1089 1095/1095/1095 1098/1098/1098
f 1098/1098/1098 1078/1078/1078 1099/1099/1099
f 1099/1099/1099 1078/1078/1078 1071/1071/1071
f 1100/1100/1100 1089/1089/1089 1098/1098/1098
f 971/971/971 1089/1089/1089 1100/1100/1100
f 968/968/968 971/971/971 1100/1100/1100
f 1101/1101/1101 1098/1098/1098 1099/1099/1099
f 1100/1100/1100 1098/1098/1098 1101/1101/1101
f 1071/1071/1071 1102/1102/1102 1099/1099/1099
f 1101/1101/1101 1099/1099/1099 1102/1102/1102
f 944/944/944 1102/1102/1102 1071/1071/1071
f 1102/1102/1102 944/944/944 1103/1103/1103
f 1103/1103/1103 944/944/944 942/942/942
f 949/949/949 1103/1103/1103 942/942/942
f 1104/1104/1104 1102/1102/1102 1103/1103/1103
f 1104/1104/1104 1103/1103/1103 949/949/949
f 1104/1104/1104 1101/1101/1101 1102/1102/1102
f 962/962/962 1104/1104/1104 949/949/949
f 1105/1105/1105 1101/1101/1101 1104/1104/1104
f 962/962/962 1105/1105/1105 1104/1104/1104
f 1105/1105/1105 1100/1100/1100 1101/1101/1101
f 1105/1105/1105 962/962/962 963/963/963
f 1100/1100/1100 1105/1105/1105 1106/1106/1106
f 1105/1105/1105 963/963/963 1107/1107/1107
f 1105/1105/1105 1107/1107/1107 1106/1106/1106
f 963/963/963 1108/1108/1108 1107/1107/1107
f 1106/1106/1106 1107/1107/1107 1109/1109/1109
f 1107/1107/1107 1108/1108/1108 1109/1109/1109
f 1110/1110/1110 1100/1100/1100 1106/1106/1106
f 1110/1110/1110 968/968/968 1100/1100/1100
f 963/963/963 968/968/968 1110/1110/1110
f 963/963/963 1110/1110/1110 1108/1108/1108
f 1111/1111/1111 1106/1106/1106 1109/1109/1109
f 1110/1110/1110 1106/1106/1106 1111/1111/1111
f 1108/1108/1108 1112/1112/1112 1109/1109/1109
f 1109/1109/1109 1112/1112/1112 1111/1111/1111
f 1108/1108/1108 1110/1110/1110 1112/1112/1112
f 1113/1113/1113 1110/1110/1110 1111/1111/1111
f 1110/1110/1110 1113/1113/1113 1112/1112/1112
f 1112/1112/1112 1113/1113/1113 1111/1111/1111
f 1114/1114/1114 1115/1115/1115 1116/1116/1116
f 1117/1117/1117 1114/1114/1114 1116/1116/1116
f 1118/1118/1118 1114/1114/1114 1117/1117/1117
f 1117/1117/1117 1116/1116/1116 1119/1119/1119
f 1120/1120/1120 1118/1118/1118 1117/1117/1117
f 1121/1121/1121 1118/1118/1118 1120/1120/1120
f 1122/1122/1122 1117/1117/1117 1119/1119/1119
f 1120/1120/1120 1117/1117/1117 1122/1122/1122
f 1122/1122/1122 1119/1119/1119 1123/1123/1123
f 1124/1124/1124 1121/1121/1121 1120/1120/1120
f 1125/1125/1125 1122/1122/1122 1123/1123/1123
f 1125/1125/1125 1123/1123/1123 1126/1126/1126
f 1127/1127/1127 1120/1120/1120 1122/1122/1122
f 1128/1128/1128 1125/1125/1125 1126/1126/1126
f 1128/1128/1128 1126/1126/1126 1129/1129/1129
f 1122/1122/1122 1125/1125/1125 1130/1130/1130
f 1130/1130/1130 1125/1125/1125 1128/1128/1128
f 1127/1127/1127 1122/1122/1122 1130/1130/1130
f 1129/1129/1129 1131/1131/1131 1132/1132/1132
f 1133/1133/1133 1128/1128/1128 1129/1129/1129
f 1133/1133/1133 1129/1129/1129 1132/1132/1132
f 1134/1134/1134 1128/1128/1128 1133/1133/1133
f 1134/1134/1134 1130/1130/1130 1128/1128/1128
f 1135/1135/1135 1133/1133/1133 1132/1132/1132
f 1135/1135/1135 1134/1134/1134 1133/1133/1133
f 1136/1136/1136 1135/1135/1135 1132/1132/1132
f 1130/1130/1130 1134/1134/1134 1137/1137/1137
f 1137/1137/1137 1134/1134/1134 1135/1135/1135
f 1138/1138/1138 1135/1135/1135 1136/1136/1136
f 1138/1138/1138 1137/1137/1137 1135/1135/1135
f 1139/1139/1139 1138/1138/1138 1136/1136/1136
f 1140/1140/1140 1138/1138/1138 1139/1139/1139
f 1137/1137/1137 1138/1138/1138 1140/1140/1140
f 1141/1141/1141 1140/1140/1140 1139/1139/1139
f 1142/1142/1142 1130/1130/1130 1137/1137/1137
f 1127/1127/1127 1130/1130/1130 1142/1142/1142
f 1143/1143/1143 1137/1137/1137 1140/1140/1140
f 1142/1142/1142 1137/1137/1137 1143/1143/1143
f 1144/1144/1144 1140/1140/1140 1141/1141/1141
f 1145/1145/1145 1144/1144/1144 1141/1141/1141
f 1146/1146/1146 1143/1143/1143 1140/1140/1140
f 1144/1144/1144 1146/1146/1146 1140/1140/1140
f 1147/1147/1147 1142/1142/1142 1143/1143/1143
f 1146/1146/1146 1148/1148/1148 1143/1143/1143
f 1148/1148/1148 1147/1147/1147 1143/1143/1143
f 1149/1149/1149 1146/1146/1146 1144/1144/1144
f 1148/1148/1148 1146/1146/1146 1149/1149/1149
f 1150/1150/1150 1144/1144/1144 1145/1145/1145
f 1150/1150/1150 1149/1149/1149 1144/1144/1144
f 1151/1151/1151 1150/1150/1150 1145/1145/1145
f 1150/1150/1150 1151/1151/1151 1152/1152/1152
f 1153/1153/1153 1150/1150/1150 1152/1152/1152
f 1153/1153/1153 1154/1154/1154 1150/1150/1150
f 1154/1154/1154 1149/1149/1149 1150/1150/1150
f 1154/1154/1154 1153/1153/1153 1155/1155/1155
f 1156/1156/1156 1149/1149/1149 1154/1154/1154
f 1156/1156/1156 1148/1148/1148 1149/1149/1149
f 1157/1157/1157 1154/1154/1154 1155/1155/1155
f 1157/1157/1157 1156/1156/1156 1154/1154/1154
f 1155/1155/1155 1158/1158/1158 1157/1157/1157
f 1158/1158/1158 1156/1156/1156 1157/1157/1157
f 1159/1159/1159 1148/1148/1148 1156/1156/1156
f 1158/1158/1158 1159/1159/1159 1156/1156/1156
f 1159/1159/1159 1160/1160/1160 1148/1148/1148
f 1160/1160/1160 1147/1147/1147 1148/1148/1148
f 1155/1155/1155 1161/1161/1161 1158/1158/1158
f 1155/1155/1155 1162/1162/1162 1161/1161/1161
f 1162/1162/1162 1163/1163/1163 1161/1161/1161
f 1161/1161/1161 1163/1163/1163 1164/1164/1164
f 1161/1161/1161 1164/1164/1164 1158/1158/1158
f 1163/1163/1163 1165/1165/1165 1164/1164/1164
f 1164/1164/1164 1166/1166/1166 1158/1158/1158
f 1164/1164/1164 1165/1165/1165 1166/1166/1166
f 1166/1166/1166 1159/1159/1159 1158/1158/1158
f 1165/1165/1165 1167/1167/1167 1166/1166/1166
f 1167/1167/1167 1168/1168/1168 1166/1166/1166
f 1166/1166/1166 1169/1169/1169 1159/1159/1159
f 1168/1168/1168 1169/1169/1169 1166/1166/1166
f 1169/1169/1169 1160/1160/1160 1159/1159/1159
f 1168/1168/1168 1121/1121/1121 1169/1169/1169
f 1121/1121/1121 1124/1124/1124 1169/1169/1169
f 1169/1169/1169 1124/1124/1124 1160/1160/1160
f 1124/1124/1124 1170/1170/1170 1160/1160/1160
f 1160/1160/1160 1170/1170/1170 1147/1147/1147
f 1124/1124/1124 1120/1120/1120 1170/1170/1170
f 1170/1170/1170 1142/1142/1142 1147/1147/1147
f 1120/1120/1120 1127/1127/1127 1170/1170/1170
f 1170/1170/1170 1127/1127/1127 1142/1142/1142
f 1171/1171/1171 1172/1172/1172 1173/1173/1173
f 1174/1174/1174 1171/1171/1171 1173/1173/1173
f 1175/1175/1175 1171/1171/1171 1174/1174/1174
f 1174/1174/1174 1173/1173/1173 1176/1176/1176
f 1177/1177/1177 1175/1175/1175 1174/1174/1174
f 1178/1178/1178 1175/1175/1175 1177/1177/1177
f 1179/1179/1179 1174/1174/1174 1176/1176/1176
f 1177/1177/1177 1174/1174/1174 1179/1179/1179
f 1179/1179/1179 1176/1176/1176 1180/1180/1180
f 1181/1181/1181 1178/1178/1178 1177/1177/1177
f 1182/1182/1182 1178/1178/1178 1181/1181/1181
f 1183/1183/1183 1177/1177/1177 1179/1179/1179
f 1184/1184/1184 1182/1182/1182 1181/1181/1181
f 1185/1185/1185 1182/1182/1182 1184/1184/1184
f 1181/1181/1181 1177/1177/1177 1186/1186/1186
f 1184/1184/1184 1181/1181/1181 1186/1186/1186
f 1177/1177/1177 1183/1183/1183 1186/1186/1186
f 1187/1187/1187 1185/1185/1185 1188/1188/1188
f 1189/1189/1189 1185/1185/1185 1184/1184/1184
f 1185/1185/1185 1189/1189/1189 1188/1188/1188
f 1189/1189/1189 1184/1184/1184 1190/1190/1190
f 1190/1190/1190 1184/1184/1184 1186/1186/1186
f 1188/1188/1188 1189/1189/1189 1191/1191/1191
f 1191/1191/1191 1189/1189/1189 1190/1190/1190
f 1192/1192/1192 1188/1188/1188 1191/1191/1191
f 1190/1190/1190 1186/1186/1186 1193/1193/1193
f 1191/1191/1191 1190/1190/1190 1193/1193/1193
f 1192/1192/1192 1191/1191/1191 1194/1194/1194
f 1194/1194/1194 1191/1191/1191 1193/1193/1193
f 1195/1195/1195 1192/1192/1192 1194/1194/1194
f 1195/1195/1195 1194/1194/1194 1196/1196/1196
f 1194/1194/1194 1193/1193/1193 1196/1196/1196
f 1197/1197/1197 1195/1195/1195 1196/1196/1196
f 1186/1186/1186 1198/1198/1198 1193/1193/1193
f 1186/1186/1186 1183/1183/1183 1198/1198/1198
f 1193/1193/1193 1199/1199/1199 1196/1196/1196
f 1193/1193/1193 1198/1198/1198 1199/1199/1199
f 1197/1197/1197 1196/1196/1196 1200/1200/1200
f 1201/1201/1201 1197/1197/1197 1200/1200/1200
f 1196/1196/1196 1199/1199/1199 1202/1202/1202
f 1200/1200/1200 1196/1196/1196 1202/1202/1202
f 1198/1198/1198 1203/1203/1203 1199/1199/1199
f 1183/1183/1183 1204/1204/1204 1198/1198/1198
f 1198/1198/1198 1204/1204/1204 1203/1203/1203
f 1183/1183/1183 1179/1179/1179 1204/1204/1204
f 1199/1199/1199 1203/1203/1203 1205/1205/1205
f 1202/1202/1202 1199/1199/1199 1205/1205/1205
f 1179/1179/1179 1206/1206/1206 1204/1204/1204
f 1206/1206/1206 1179/1179/1179 1180/1180/1180
f 1204/1204/1204 1207/1207/1207 1203/1203/1203
f 1204/1204/1204 1206/1206/1206 1207/1207/1207
f 1203/1203/1203 1207/1207/1207 1205/1205/1205
f 1206/1206/1206 1180/1180/1180 1208/1208/1208
f 1206/1206/1206 1208/1208/1208 1207/1207/1207
f 1180/1180/1180 1209/1209/1209 1208/1208/1208
f 1207/1207/1207 1208/1208/1208 1210/1210/1210
f 1207/1207/1207 1210/1210/1210 1205/1205/1205
f 1208/1208/1208 1209/1209/1209 1211/1211/1211
f 1208/1208/1208 1211/1211/1211 1210/1210/1210
f 1209/1209/1209 1212/1212/1212 1211/1211/1211
f 1211/1211/1211 1212/1212/1212 1213/1213/1213
f 1214/1214/1214 1211/1211/1211 1213/1213/1213
f 1214/1214/1214 1213/1213/1213 1215/1215/1215
f 1210/1210/1210 1211/1211/1211 1216/1216/1216
f 1211/1211/1211 1214/1214/1214 1216/1216/1216
f 1217/1217/1217 1214/1214/1214 1215/1215/1215
f 1216/1216/1216 1214/1214/1214 1217/1217/1217
f 1217/1217/1217 1215/1215/1215 1218/1218/1218
f 1219/1219/1219 1217/1217/1217 1218/1218/1218
f 1219/1219/1219 1216/1216/1216 1217/1217/1217
f 1210/1210/1210 1216/1216/1216 1220/1220/1220
f 1205/1205/1205 1210/1210/1210 1220/1220/1220
f 1216/1216/1216 1219/1219/1219 1221/1221/1221
f 1220/1220/1220 1216/1216/1216 1221/1221/1221
f 1221/1221/1221 1219/1219/1219 1222/1222/1222
f 1220/1220/1220 1221/1221/1221 1222/1222/1222
f 1219/1219/1219 1223/1223/1223 1222/1222/1222
f 1205/1205/1205 1220/1220/1220 1224/1224/1224
f 1224/1224/1224 1220/1220/1220 1222/1222/1222
f 1202/1202/1202 1205/1205/1205 1224/1224/1224
f 1200/1200/1200 1202/1202/1202 1224/1224/1224
f 1223/1223/1223 1225/1225/1225 1222/1222/1222
f 1225/1225/1225 1224/1224/1224 1222/1222/1222
f 1225/1225/1225 1200/1200/1200 1224/1224/1224
f 1225/1225/1225 1223/1223/1223 1226/1226/1226
f 1201/1201/1201 1200/1200/1200 1225/1225/1225
f 1227/1227/1227 1225/1225/1225 1226/1226/1226
f 1227/1227/1227 1201/1201/1201 1225/1225/1225
f 1228/1228/1228 1229/1229/1229 1230/1230/1230
f 1231/1231/1231 1228/1228/1228 1230/1230/1230
f 1232/1232/1232 1231/1231/1231 1230/1230/1230
f 1233/1233/1233 1232/1232/1232 1230/1230/1230
f 1231/1231/1231 1234/1234/1234 1228/1228/1228
f 1235/1235/1235 1232/1232/1232 1233/1233/1233
f 1236/1236/1236 1235/1235/1235 1233/1233/1233
f 1232/1232/1232 1237/1237/1237 1231/1231/1231
f 1237/1237/1237 1234/1234/1234 1231/1231/1231
f 1235/1235/1235 1238/1238/1238 1232/1232/1232
f 1238/1238/1238 1237/1237/1237 1232/1232/1232
f 1239/1239/1239 1235/1235/1235 1236/1236/1236
f 1240/1240/1240 1239/1239/1239 1236/1236/1236
f 1241/1241/1241 1238/1238/1238 1235/1235/1235
f 1239/1239/1239 1241/1241/1241 1235/1235/1235
f 1242/1242/1242 1239/1239/1239 1240/1240/1240
f 1243/1243/1243 1242/1242/1242 1240/1240/1240
f 1242/1242/1242 1243/1243/1243 1244/1244/1244
f 1245/1245/1245 1242/1242/1242 1244/1244/1244
f 1242/1242/1242 1246/1246/1246 1239/1239/1239
f 1246/1246/1246 1242/1242/1242 1245/1245/1245
f 1246/1246/1246 1241/1241/1241 1239/1239/1239
f 1247/1247/1247 1246/1246/1246 1245/1245/1245
f 1246/1246/1246 1247/1247/1247 1248/1248/1248
f 1246/1246/1246 1248/1248/1248 1241/1241/1241
f 1247/1247/1247 1249/1249/1249 1248/1248/1248
f 1248/1248/1248 1250/1250/1250 1241/1241/1241
f 1241/1241/1241 1250/1250/1250 1238/1238/1238
f 1248/1248/1248 1249/1249/1249 1251/1251/1251
f 1248/1248/1248 1251/1251/1251 1250/1250/1250
f 1249/1249/1249 1252/1252/1252 1251/1251/1251
f 1250/1250/1250 1253/1253/1253 1238/1238/1238
f 1238/1238/1238 1253/1253/1253 1237/1237/1237
f 1251/1251/1251 1254/1254/1254 1250/1250/1250
f 1250/1250/1250 1254/1254/1254 1253/1253/1253
f 1251/1251/1251 1252/1252/1252 1255/1255/1255
f 1252/1252/1252 1256/1256/1256 1255/1255/1255
f 1254/1254/1254 1251/1251/1251 1257/1257/1257
f 1251/1251/1251 1255/1255/1255 1257/1257/1257
f 1254/1254/1254 1258/1258/1258 1253/1253/1253
f 1253/1253/1253 1259/1259/1259 1237/1237/1237
f 1253/1253/1253 1258/1258/1258 1259/1259/1259
f 1237/1237/1237 1259/1259/1259 1234/1234/1234
f 1258/1258/1258 1254/1254/1254 1260/1260/1260
f 1254/1254/1254 1257/1257/1257 1260/1260/1260
f 1258/1258/1258 1261/1261/1261 1259/1259/1259
f 1258/1258/1258 1260/1260/1260 1261/1261/1261
f 1259/1259/1259 1262/1262/1262 1234/1234/1234
f 1259/1259/1259 1261/1261/1261 1262/1262/1262
f 1234/1234/1234 1262/1262/1262 1263/1263/1263
f 1234/1234/1234 1263/1263/1263 1228/1228/1228
f 1261/1261/1261 1264/1264/1264 1262/1262/1262
f 1265/1265/1265 1228/1228/1228 1263/1263/1263
f 1265/1265/1265 1266/1266/1266 1228/1228/1228
f 1265/1265/1265 1267/1267/1267 1266/1266/1266
f 1262/1262/1262 1268/1268/1268 1263/1263/1263
f 1262/1262/1262 1264/1264/1264 1268/1268/1268
f 1269/1269/1269 1265/1265/1265 1263/1263/1263
f 1265/1265/1265 1269/1269/1269 1267/1267/1267
f 1269/1269/1269 1263/1263/1263 1268/1268/1268
f 1269/1269/1269 1270/1270/1270 1267/1267/1267
f 1269/1269/1269 1271/1271/1271 1270/1270/1270
f 1271/1271/1271 1269/1269/1269 1268/1268/1268
f 1271/1271/1271 1272/1272/1272 1270/1270/1270
f 1271/1271/1271 1268/1268/1268 1273/1273/1273
f 1264/1264/1264 1273/1273/1273 1268/1268/1268
f 1271/1271/1271 1274/1274/1274 1272/1272/1272
f 1274/1274/1274 1271/1271/1271 1273/1273/1273
f 1274/1274/1274 1275/1275/1275 1272/1272/1272
f 1274/1274/1274 1276/1276/1276 1275/1275/1275
f 1274/1274/1274 1273/1273/1273 1276/1276/1276
f 1276/1276/1276 1277/1277/1277 1275/1275/1275
f 1277/1277/1277 1276/1276/1276 985/985/985
f 1276/1276/1276 987/987/987 985/985/985
f 1273/1273/1273 1278/1278/1278 1276/1276/1276
f 1273/1273/1273 1264/1264/1264 1278/1278/1278
f 1279/1279/1279 987/987/987 1276/1276/1276
f 1278/1278/1278 1279/1279/1279 1276/1276/1276
f 1264/1264/1264 1280/1280/1280 1278/1278/1278
f 1278/1278/1278 1280/1280/1280 1279/1279/1279
f 1281/1281/1281 1280/1280/1280 1264/1264/1264
f 1261/1261/1261 1281/1281/1281 1264/1264/1264
f 1260/1260/1260 1281/1281/1281 1261/1261/1261
f 1282/1282/1282 1280/1280/1280 1281/1281/1281
f 1280/1280/1280 1282/1282/1282 1279/1279/1279
f 1283/1283/1283 1281/1281/1281 1260/1260/1260
f 1283/1283/1283 1282/1282/1282 1281/1281/1281
f 987/987/987 1279/1279/1279 1284/1284/1284
f 987/987/987 1284/1284/1284 989/989/989
f 1279/1279/1279 1282/1282/1282 1285/1285/1285
f 1279/1279/1279 1285/1285/1285 1284/1284/1284
f 1282/1282/1282 1286/1286/1286 1285/1285/1285
f 1282/1282/1282 1283/1283/1283 1286/1286/1286
f 1285/1285/1285 1287/1287/1287 1284/1284/1284
f 1285/1285/1285 1286/1286/1286 1287/1287/1287
f 989/989/989 1284/1284/1284 1288/1288/1288
f 1287/1287/1287 1288/1288/1288 1284/1284/1284
f 1289/1289/1289 989/989/989 1288/1288/1288
f 989/989/989 1289/1289/1289 604/604/604
f 1287/1287/1287 1290/1290/1290 1288/1288/1288
f 1289/1289/1289 1291/1291/1291 604/604/604
f 1291/1291/1291 603/603/603 604/604/604
f 1288/1288/1288 1292/1292/1292 1289/1289/1289
f 1292/1292/1292 1291/1291/1291 1289/1289/1289
f 1290/1290/1290 1292/1292/1292 1288/1288/1288
f 603/603/603 1291/1291/1291 1293/1293/1293
f 1287/1287/1287 1294/1294/1294 1290/1290/1290
f 1286/1286/1286 1294/1294/1294 1287/1287/1287
f 1293/1293/1293 1291/1291/1291 1295/1295/1295
f 1291/1291/1291 1292/1292/1292 1295/1295/1295
f 1286/1286/1286 1296/1296/1296 1294/1294/1294
f 1283/1283/1283 1296/1296/1296 1286/1286/1286
f 1293/1293/1293 1295/1295/1295 1297/1297/1297
f 1298/1298/1298 1293/1293/1293 1297/1297/1297
f 1297/1297/1297 1295/1295/1295 1299/1299/1299
f 1300/1300/1300 1293/1293/1293 1298/1298/1298
f 1300/1300/1300 603/603/603 1293/1293/1293
f 1301/1301/1301 1300/1300/1300 1298/1298/1298
f 607/607/607 603/603/603 1300/1300/1300
f 1302/1302/1302 1300/1300/1300 1301/1301/1301
f 1302/1302/1302 607/607/607 1300/1300/1300
f 1303/1303/1303 1302/1302/1302 1301/1301/1301
f 629/629/629 607/607/607 1302/1302/1302
f 1304/1304/1304 1302/1302/1302 1303/1303/1303
f 1304/1304/1304 629/629/629 1302/1302/1302
f 1305/1305/1305 1304/1304/1304 1303/1303/1303
f 1304/1304/1304 1305/1305/1305 1299/1299/1299
f 1306/1306/1306 1304/1304/1304 1299/1299/1299
f 629/629/629 1304/1304/1304 1306/1306/1306
f 1295/1295/1295 1306/1306/1306 1299/1299/1299
f 1295/1295/1295 1292/1292/1292 1306/1306/1306
f 1307/1307/1307 629/629/629 1306/1306/1306
f 1292/1292/1292 1307/1307/1307 1306/1306/1306
f 1307/1307/1307 639/639/639 629/629/629
f 1308/1308/1308 1307/1307/1307 1292/1292/1292
f 639/639/639 1307/1307/1307 1308/1308/1308
f 1290/1290/1290 1308/1308/1308 1292/1292/1292
f 640/640/640 639/639/639 1308/1308/1308
f 640/640/640 1308/1308/1308 649/649/649
f 1290/1290/1290 1309/1309/1309 1308/1308/1308
f 1309/1309/1309 649/649/649 1308/1308/1308
f 1294/1294/1294 1309/1309/1309 1290/1290/1290
f 1309/1309/1309 662/662/662 649/649/649
f 1294/1294/1294 1310/1310/1310 1309/1309/1309
f 1310/1310/1310 662/662/662 1309/1309/1309
f 1296/1296/1296 1310/1310/1310 1294/1294/1294
f 1310/1310/1310 725/725/725 662/662/662
f 1311/1311/1311 725/725/725 1310/1310/1310
f 1296/1296/1296 1311/1311/1311 1310/1310/1310
f 1311/1311/1311 727/727/727 725/725/725
f 1311/1311/1311 1296/1296/1296 1312/1312/1312
f 1296/1296/1296 1283/1283/1283 1312/1312/1312
f 1312/1312/1312 1283/1283/1283 1260/1260/1260
f 1260/1260/1260 1257/1257/1257 1312/1312/1312
f 1312/1312/1312 1313/1313/1313 1311/1311/1311
f 1257/1257/1257 1313/1313/1313 1312/1312/1312
f 1313/1313/1313 727/727/727 1311/1311/1311
f 1257/1257/1257 1255/1255/1255 1313/1313/1313
f 1313/1313/1313 1314/1314/1314 727/727/727
f 1255/1255/1255 1314/1314/1314 1313/1313/1313
f 1314/1314/1314 726/726/726 727/727/727
f 1314/1314/1314 729/729/729 726/726/726
f 1315/1315/1315 1314/1314/1314 1255/1255/1255
f 1315/1315/1315 1255/1255/1255 1256/1256/1256
f 1316/1316/1316 1315/1315/1315 1256/1256/1256
f 1317/1317/1317 729/729/729 1314/1314/1314
f 1315/1315/1315 1317/1317/1317 1314/1314/1314
f 1315/1315/1315 1316/1316/1316 1318/1318/1318
f 1316/1316/1316 1319/1319/1319 1318/1318/1318
f 1318/1318/1318 1319/1319/1319 1320/1320/1320
f 1315/1315/1315 1318/1318/1318 1321/1321/1321
f 1317/1317/1317 1315/1315/1315 1321/1321/1321
f 1322/1322/1322 1318/1318/1318 1320/1320/1320
f 1321/1321/1321 1318/1318/1318 1322/1322/1322
f 1322/1322/1322 1320/1320/1320 1323/1323/1323
f 1317/1317/1317 1324/1324/1324 729/729/729
f 1324/1324/1324 731/731/731 729/729/729
f 1317/1317/1317 1321/1321/1321 1325/1325/1325
f 1324/1324/1324 1317/1317/1317 1325/1325/1325
f 1326/1326/1326 1321/1321/1321 1322/1322/1322
f 1324/1324/1324 1325/1325/1325 1327/1327/1327
f 1327/1327/1327 1325/1325/1325 1328/1328/1328
f 1329/1329/1329 1324/1324/1324 1327/1327/1327
f 1325/1325/1325 1330/1330/1330 1328/1328/1328
f 1325/1325/1325 1321/1321/1321 1330/1330/1330
f 1321/1321/1321 1326/1326/1326 1330/1330/1330
f 1328/1328/1328 1330/1330/1330 1331/1331/1331
f 1332/1332/1332 1324/1324/1324 1329/1329/1329
f 1332/1332/1332 731/731/731 1324/1324/1324
f 1333/1333/1333 1332/1332/1332 1329/1329/1329
f 1332/1332/1332 1333/1333/1333 1334/1334/1334
f 1330/1330/1330 1335/1335/1335 1331/1331/1331
f 1330/1330/1330 1326/1326/1326 1335/1335/1335
f 1331/1331/1331 1335/1335/1335 1336/1336/1336
f 1326/1326/1326 1322/1322/1322 1337/1337/1337
f 1337/1337/1337 1322/1322/1322 1323/1323/1323
f 1326/1326/1326 1338/1338/1338 1335/1335/1335
f 1338/1338/1338 1326/1326/1326 1337/1337/1337
f 1337/1337/1337 1323/1323/1323 1339/1339/1339
f 1338/1338/1338 1337/1337/1337 1339/1339/1339
f 1323/1323/1323 1340/1340/1340 1339/1339/1339
f 1335/1335/1335 1338/1338/1338 1341/1341/1341
f 1341/1341/1341 1338/1338/1338 1339/1339/1339
f 1335/1335/1335 1342/1342/1342 1336/1336/1336
f 1342/1342/1342 1335/1335/1335 1341/1341/1341
f 1336/1336/1336 1342/1342/1342 1343/1343/1343
f 1339/1339/1339 1340/1340/1340 1344/1344/1344
f 1341/1341/1341 1339/1339/1339 1344/1344/1344
f 1340/1340/1340 1345/1345/1345 1344/1344/1344
f 1342/1342/1342 1341/1341/1341 1346/1346/1346
f 1346/1346/1346 1341/1341/1341 1344/1344/1344
f 1342/1342/1342 1347/1347/1347 1343/1343/1343
f 1347/1347/1347 1342/1342/1342 1346/1346/1346
f 1343/1343/1343 1347/1347/1347 1348/1348/1348
f 1347/1347/1347 1349/1349/1349 1348/1348/1348
f 1347/1347/1347 1346/1346/1346 1349/1349/1349
f 1348/1348/1348 1349/1349/1349 1350/1350/1350
f 1346/1346/1346 1351/1351/1351 1349/1349/1349
f 1349/1349/1349 1351/1351/1351 1350/1350/1350
f 1346/1346/1346 1344/1344/1344 1351/1351/1351
f 1351/1351/1351 1352/1352/1352 1350/1350/1350
f 1344/1344/1344 1352/1352/1352 1351/1351/1351
f 1344/1344/1344 1345/1345/1345 1352/1352/1352
f 1352/1352/1352 1353/1353/1353 1350/1350/1350
f 1345/1345/1345 1353/1353/1353 1352/1352/1352
f 1354/1354/1354 1334/1334/1334 1355/1355/1355
f 1356/1356/1356 1354/1354/1354 1355/1355/1355
f 1354/1354/1354 1332/1332/1332 1334/1334/1334
f 1356/1356/1356 1357/1357/1357 1354/1354/1354
f 1357/1357/1357 1332/1332/1332 1354/1354/1354
f 1357/1357/1357 1358/1358/1358 1332/1332/1332
f 1358/1358/1358 1359/1359/1359 1332/1332/1332
f 1332/1332/1332 1359/1359/1359 731/731/731
f 1359/1359/1359 732/732/732 731/731/731
f 1360/1360/1360 1359/1359/1359 1358/1358/1358
f 1361/1361/1361 1360/1360/1360 1358/1358/1358
f 1361/1361/1361 1362/1362/1362 1360/1360/1360
f 1363/1363/1363 1360/1360/1360 1362/1362/1362
f 1359/1359/1359 1360/1360/1360 1363/1363/1363
f 1364/1364/1364 1359/1359/1359 1363/1363/1363
f 1359/1359/1359 1365/1365/1365 732/732/732
f 1365/1365/1365 1359/1359/1359 1364/1364/1364
f 1365/1365/1365 737/737/737 732/732/732
f 1366/1366/1366 1365/1365/1365 1364/1364/1364
f 1365/1365/1365 1367/1367/1367 737/737/737
f 1367/1367/1367 739/739/739 737/737/737
f 1368/1368/1368 1365/1365/1365 1366/1366/1366
f 1369/1369/1369 1368/1368/1368 1366/1366/1366
f 1369/1369/1369 1370/1370/1370 1368/1368/1368
f 1368/1368/1368 1370/1370/1370 1371/1371/1371
f 1368/1368/1368 1371/1371/1371 1365/1365/1365
f 1371/1371/1371 1372/1372/1372 1365/1365/1365
f 1365/1365/1365 1372/1372/1372 1367/1367/1367
f 1372/1372/1372 1373/1373/1373 1367/1367/1367
f 1367/1367/1367 1373/1373/1373 1374/1374/1374
f 1373/1373/1373 1375/1375/1375 1374/1374/1374
f 1374/1374/1374 1375/1375/1375 1376/1376/1376
f 1377/1377/1377 1374/1374/1374 1376/1376/1376
f 1367/1367/1367 1374/1374/1374 1377/1377/1377
f 1378/1378/1378 1367/1367/1367 1377/1377/1377
f 1379/1379/1379 1367/1367/1367 1378/1378/1378
f 1367/1367/1367 1379/1379/1379 739/739/739
f 1380/1380/1380 1379/1379/1379 1378/1378/1378
f 1379/1379/1379 746/746/746 739/739/739
f 1380/1380/1380 1381/1381/1381 1379/1379/1379
f 1381/1381/1381 1382/1382/1382 1379/1379/1379
f 1381/1381/1381 1383/1383/1383 1382/1382/1382
f 1384/1384/1384 1382/1382/1382 1383/1383/1383
f 1384/1384/1384 1385/1385/1385 1382/1382/1382
f 1385/1385/1385 1379/1379/1379 1382/1382/1382
f 1379/1379/1379 1385/1385/1385 1386/1386/1386
f 746/746/746 1379/1379/1379 1387/1387/1387
f 1387/1387/1387 1379/1379/1379 1386/1386/1386
f 748/748/748 746/746/746 1387/1387/1387
f 1387/1387/1387 1386/1386/1386 1388/1388/1388
f 1389/1389/1389 1387/1387/1387 1388/1388/1388
f 1389/1389/1389 1388/1388/1388 1390/1390/1390
f 1391/1391/1391 1389/1389/1389 1390/1390/1390
f 1387/1387/1387 1389/1389/1389 1391/1391/1391
f 1392/1392/1392 1387/1387/1387 1391/1391/1391
f 1392/1392/1392 1393/1393/1393 1387/1387/1387
f 1393/1393/1393 1394/1394/1394 1387/1387/1387
f 1387/1387/1387 1394/1394/1394 748/748/748
f 1393/1393/1393 1395/1395/1395 1394/1394/1394
f 1394/1394/1394 800/800/800 748/748/748
f 1395/1395/1395 1396/1396/1396 1394/1394/1394
f 1395/1395/1395 1397/1397/1397 1396/1396/1396
f 1396/1396/1396 1397/1397/1397 1398/1398/1398
f 1396/1396/1396 1398/1398/1398 1394/1394/1394
f 1398/1398/1398 1399/1399/1399 1394/1394/1394
f 1394/1394/1394 1399/1399/1399 1400/1400/1400
f 1394/1394/1394 1401/1401/1401 800/800/800
f 1401/1401/1401 1394/1394/1394 1400/1400/1400
f 1401/1401/1401 801/801/801 800/800/800
f 1401/1401/1401 1400/1400/1400 1402/1402/1402
f 1400/1400/1400 1403/1403/1403 1402/1402/1402
f 1402/1402/1402 1403/1403/1403 1404/1404/1404
f 1405/1405/1405 1402/1402/1402 1404/1404/1404
f 1405/1405/1405 1406/1406/1406 1402/1402/1402
f 1406/1406/1406 1401/1401/1401 1402/1402/1402
f 1406/1406/1406 1407/1407/1407 1401/1401/1401
f 1401/1401/1401 1408/1408/1408 801/801/801
f 1407/1407/1407 1408/1408/1408 1401/1401/1401
f 1408/1408/1408 803/803/803 801/801/801
f 1407/1407/1407 1409/1409/1409 1408/1408/1408
f 803/803/803 1408/1408/1408 1410/1410/1410
f 803/803/803 1410/1410/1410 802/802/802
f 1410/1410/1410 806/806/806 802/802/802
f 806/806/806 1410/1410/1410 859/859/859
f 1410/1410/1410 908/908/908 859/859/859
f 1410/1410/1410 912/912/912 908/908/908
f 1408/1408/1408 912/912/912 1410/1410/1410
f 1411/1411/1411 912/912/912 1408/1408/1408
f 1411/1411/1411 1408/1408/1408 1412/1412/1412
f 1408/1408/1408 1413/1413/1413 1412/1412/1412
f 1409/1409/1409 1413/1413/1413 1408/1408/1408
f 1412/1412/1412 1413/1413/1413 1414/1414/1414
f 1409/1409/1409 1414/1414/1414 1413/1413/1413
f 1415/1415/1415 1416/1416/1416 1417/1417/1417
f 1418/1418/1418 1416/1416/1416 1415/1415/1415
f 1415/1415/1415 1417/1417/1417 1419/1419/1419
f 1418/1418/1418 1415/1415/1415 1420/1420/1420
f 1420/1420/1420 1415/1415/1415 1419/1419/1419
f 1421/1421/1421 1418/1418/1418 1420/1420/1420
f 1420/1420/1420 1419/1419/1419 1422/1422/1422
f 1421/1421/1421 1420/1420/1420 1423/1423/1423
f 1424/1424/1424 1421/1421/1421 1423/1423/1423
f 1425/1425/1425 1420/1420/1420 1422/1422/1422
f 1425/1425/1425 1422/1422/1422 1426/1426/1426
f 1424/1424/1424 1423/1423/1423 1427/1427/1427
f 1428/1428/1428 1424/1424/1424 1427/1427/1427
f 1429/1429/1429 1428/1428/1428 1427/1427/1427
f 1429/1429/1429 1427/1427/1427 1430/1430/1430
f 1427/1427/1427 1423/1423/1423 1430/1430/1430
f 1423/1423/1423 1431/1431/1431 1430/1430/1430
f 1423/1423/1423 1432/1432/1432 1431/1431/1431
f 1432/1432/1432 1433/1433/1433 1431/1431/1431
f 1433/1433/1433 1432/1432/1432 1434/1434/1434
f 1435/1435/1435 1423/1423/1423 1420/1420/1420
f 1432/1432/1432 1423/1423/1423 1435/1435/1435
f 1436/1436/1436 1435/1435/1435 1420/1420/1420
f 1436/1436/1436 1420/1420/1420 1425/1425/1425
f 1432/1432/1432 1437/1437/1437 1434/1434/1434
f 1437/1437/1437 1438/1438/1438 1434/1434/1434
f 1438/1438/1438 1437/1437/1437 1439/1439/1439
f 1439/1439/1439 1437/1437/1437 1440/1440/1440
f 1437/1437/1437 1432/1432/1432 1440/1440/1440
f 1440/1440/1440 1432/1432/1432 1441/1441/1441
f 1432/1432/1432 1442/1442/1442 1441/1441/1441
f 1443/1443/1443 1441/1441/1441 1442/1442/1442
f 1444/1444/1444 1432/1432/1432 1435/1435/1435
f 1432/1432/1432 1444/1444/1444 1442/1442/1442
f 1445/1445/1445 1443/1443/1443 1442/1442/1442
f 1446/1446/1446 1443/1443/1443 1445/1445/1445
f 1446/1446/1446 1445/1445/1445 1447/1447/1447
f 1445/1445/1445 1442/1442/1442 1447/1447/1447
f 1442/1442/1442 1448/1448/1448 1447/1447/1447
f 1448/1448/1448 1442/1442/1442 1449/1449/1449
f 1442/1442/1442 1450/1450/1450 1449/1449/1449
f 1449/1449/1449 1450/1450/1450 1451/1451/1451
f 1444/1444/1444 1452/1452/1452 1442/1442/1442
f 1450/1450/1450 1442/1442/1442 1452/1452/1452
f 1450/1450/1450 1453/1453/1453 1451/1451/1451
f 1453/1453/1453 1454/1454/1454 1451/1451/1451
f 1455/1455/1455 1454/1454/1454 1453/1453/1453
f 1455/1455/1455 1453/1453/1453 1450/1450/1450
f 1456/1456/1456 1455/1455/1455 1450/1450/1450
f 1457/1457/1457 1456/1456/1456 1450/1450/1450
f 1458/1458/1458 1457/1457/1457 1450/1450/1450
f 1459/1459/1459 1450/1450/1450 1452/1452/1452
f 1458/1458/1458 1450/1450/1450 1459/1459/1459
f 1457/1457/1457 1458/1458/1458 1460/1460/1460
f 1461/1461/1461 1457/1457/1457 1460/1460/1460
f 1462/1462/1462 1461/1461/1461 1460/1460/1460
f 1462/1462/1462 1460/1460/1460 1463/1463/1463
f 1463/1463/1463 1460/1460/1460 1464/1464/1464
f 1460/1460/1460 1458/1458/1458 1464/1464/1464
f 1464/1464/1464 1458/1458/1458 1465/1465/1465
f 1458/1458/1458 1466/1466/1466 1465/1465/1465
f 1465/1465/1465 1466/1466/1466 1467/1467/1467
f 1468/1468/1468 1458/1458/1458 1459/1459/1459
f 1466/1466/1466 1458/1458/1458 1468/1468/1468
f 1466/1466/1466 1469/1469/1469 1467/1467/1467
f 1469/1469/1469 1470/1470/1470 1467/1467/1467
f 1470/1470/1470 1469/1469/1469 1471/1471/1471
f 1469/1469/1469 1466/1466/1466 1471/1471/1471
f 1466/1466/1466 1472/1472/1472 1471/1471/1471
f 1466/1466/1466 1473/1473/1473 1472/1472/1472
f 1474/1474/1474 1473/1473/1473 1466/1466/1466
f 1475/1475/1475 1466/1466/1466 1468/1468/1468
f 1475/1475/1475 1474/1474/1474 1466/1466/1466
f 1475/1475/1475 1468/1468/1468 1476/1476/1476
f 1474/1474/1474 1477/1477/1477 1473/1473/1473
f 1477/1477/1477 1478/1478/1478 1473/1473/1473
f 1474/1474/1474 1475/1475/1475 1479/1479/1479
f 1479/1479/1479 1475/1475/1475 1476/1476/1476
f 1477/1477/1477 1480/1480/1480 1478/1478/1478
f 1480/1480/1480 1481/1481/1481 1478/1478/1478
f 1476/1476/1476 1468/1468/1468 1482/1482/1482
f 1468/1468/1468 1459/1459/1459 1482/1482/1482
f 1480/1480/1480 1483/1483/1483 1481/1481/1481
f 1483/1483/1483 1484/1484/1484 1481/1481/1481
f 1485/1485/1485 1484/1484/1484 1483/1483/1483
f 1486/1486/1486 1482/1482/1482 1459/1459/1459
f 1452/1452/1452 1486/1486/1486 1459/1459/1459
f 1487/1487/1487 1485/1485/1485 1483/1483/1483
f 1488/1488/1488 1485/1485/1485 1487/1487/1487
f 1486/1486/1486 1452/1452/1452 1489/1489/1489
f 1452/1452/1452 1444/1444/1444 1489/1489/1489
f 1490/1490/1490 1488/1488/1488 1487/1487/1487
f 1491/1491/1491 1488/1488/1488 1490/1490/1490
f 1489/1489/1489 1444/1444/1444 1492/1492/1492
f 1444/1444/1444 1435/1435/1435 1492/1492/1492
f 1493/1493/1493 1491/1491/1491 1490/1490/1490
f 1491/1491/1491 1493/1493/1493 1494/1494/1494
f 1492/1492/1492 1435/1435/1435 1495/1495/1495
f 1435/1435/1435 1436/1436/1436 1495/1495/1495
f 1489/1489/1489 1492/1492/1492 1496/1496/1496
f 1492/1492/1492 1495/1495/1495 1497/1497/1497
f 1496/1496/1496 1492/1492/1492 1497/1497/1497
f 1495/1495/1495 1436/1436/1436 1498/1498/1498
f 1499/1499/1499 1489/1489/1489 1496/1496/1496
f 1486/1486/1486 1489/1489/1489 1499/1499/1499
f 1436/1436/1436 1500/1500/1500 1498/1498/1498
f 1500/1500/1500 1436/1436/1436 1425/1425/1425
f 1495/1495/1495 1498/1498/1498 1501/1501/1501
f 1497/1497/1497 1495/1495/1495 1501/1501/1501
f 1498/1498/1498 1500/1500/1500 1502/1502/1502
f 1501/1501/1501 1498/1498/1498 362/362/362
f 1498/1498/1498 1502/1502/1502 362/362/362
f 1501/1501/1501 362/362/362 358/358/358
f 362/362/362 1502/1502/1502 359/359/359
f 1502/1502/1502 364/364/364 359/359/359
f 1503/1503/1503 1501/1501/1501 358/358/358
f 1497/1497/1497 1501/1501/1501 1503/1503/1503
f 357/357/357 1503/1503/1503 358/358/358
f 1504/1504/1504 1497/1497/1497 1503/1503/1503
f 1496/1496/1496 1497/1497/1497 1504/1504/1504
f 357/357/357 1505/1505/1505 1503/1503/1503
f 1505/1505/1505 1504/1504/1504 1503/1503/1503
f 1505/1505/1505 357/357/357 360/360/360
f 1506/1506/1506 1496/1496/1496 1504/1504/1504
f 1496/1496/1496 1506/1506/1506 1499/1499/1499
f 1504/1504/1504 1505/1505/1505 1507/1507/1507
f 1506/1506/1506 1504/1504/1504 1507/1507/1507
f 1505/1505/1505 360/360/360 1508/1508/1508
f 1507/1507/1507 1505/1505/1505 1508/1508/1508
f 1508/1508/1508 360/360/360 1509/1509/1509
f 360/360/360 349/349/349 1509/1509/1509
f 1508/1508/1508 1510/1510/1510 1507/1507/1507
f 1509/1509/1509 349/349/349 1511/1511/1511
f 1511/1511/1511 349/349/349 350/350/350
f 1508/1508/1508 1509/1509/1509 1512/1512/1512
f 1510/1510/1510 1508/1508/1508 1512/1512/1512
f 1513/1513/1513 1511/1511/1511 350/350/350
f 1514/1514/1514 1513/1513/1513 350/350/350
f 1515/1515/1515 1513/1513/1513 1514/1514/1514
f 1513/1513/1513 1515/1515/1515 1516/1516/1516
f 1511/1511/1511 1513/1513/1513 1516/1516/1516
f 1517/1517/1517 1511/1511/1511 1516/1516/1516
f 1511/1511/1511 1517/1517/1517 1518/1518/1518
f 1509/1509/1509 1511/1511/1511 1519/1519/1519
f 1519/1519/1519 1511/1511/1511 1518/1518/1518
f 1512/1512/1512 1509/1509/1509 1519/1519/1519
f 1520/1520/1520 1519/1519/1519 1518/1518/1518
f 1521/1521/1521 1520/1520/1520 1518/1518/1518
f 1522/1522/1522 1520/1520/1520 1521/1521/1521
f 1522/1522/1522 1523/1523/1523 1520/1520/1520
f 1520/1520/1520 1523/1523/1523 1519/1519/1519
f 1523/1523/1523 1524/1524/1524 1519/1519/1519
f 1524/1524/1524 1525/1525/1525 1519/1519/1519
f 1525/1525/1525 1526/1526/1526 1519/1519/1519
f 1512/1512/1512 1519/1519/1519 1526/1526/1526
f 1526/1526/1526 1525/1525/1525 1527/1527/1527
f 1525/1525/1525 1528/1528/1528 1527/1527/1527
f 1528/1528/1528 1529/1529/1529 1527/1527/1527
f 1529/1529/1529 1530/1530/1530 1527/1527/1527
f 1527/1527/1527 1530/1530/1530 1526/1526/1526
f 1530/1530/1530 1531/1531/1531 1526/1526/1526
f 1531/1531/1531 1532/1532/1532 1526/1526/1526
f 1533/1533/1533 1512/1512/1512 1526/1526/1526
f 1512/1512/1512 1533/1533/1533 1510/1510/1510
f 1532/1532/1532 1534/1534/1534 1526/1526/1526
f 1526/1526/1526 1534/1534/1534 1533/1533/1533
f 1533/1533/1533 1535/1535/1535 1510/1510/1510
f 1536/1536/1536 1534/1534/1534 1532/1532/1532
f 1537/1537/1537 1536/1536/1536 1532/1532/1532
f 1538/1538/1538 1536/1536/1536 1537/1537/1537
f 1538/1538/1538 1539/1539/1539 1536/1536/1536
f 1536/1536/1536 1539/1539/1539 1534/1534/1534
f 1539/1539/1539 1540/1540/1540 1534/1534/1534
f 1540/1540/1540 1541/1541/1541 1534/1534/1534
f 1534/1534/1534 1542/1542/1542 1533/1533/1533
f 1533/1533/1533 1542/1542/1542 1535/1535/1535
f 1541/1541/1541 1543/1543/1543 1534/1534/1534
f 1542/1542/1542 1534/1534/1534 1543/1543/1543
f 1544/1544/1544 1543/1543/1543 1541/1541/1541
f 1545/1545/1545 1544/1544/1544 1541/1541/1541
f 1546/1546/1546 1544/1544/1544 1545/1545/1545
f 1546/1546/1546 1547/1547/1547 1544/1544/1544
f 1544/1544/1544 1547/1547/1547 1543/1543/1543
f 1547/1547/1547 1548/1548/1548 1543/1543/1543
f 1548/1548/1548 1549/1549/1549 1543/1543/1543
f 1549/1549/1549 1550/1550/1550 1543/1543/1543
f 1550/1550/1550 1549/1549/1549 1551/1551/1551
f 1552/1552/1552 1542/1542/1542 1543/1543/1543
f 1552/1552/1552 1543/1543/1543 1550/1550/1550
f 1553/1553/1553 1542/1542/1542 1552/1552/1552
f 1542/1542/1542 1553/1553/1553 1535/1535/1535
f 1554/1554/1554 1550/1550/1550 1551/1551/1551
f 1555/1555/1555 1554/1554/1554 1551/1551/1551
f 1555/1555/1555 1556/1556/1556 1554/1554/1554
f 1554/1554/1554 1556/1556/1556 1550/1550/1550
f 1556/1556/1556 1557/1557/1557 1550/1550/1550
f 1557/1557/1557 1558/1558/1558 1550/1550/1550
f 1558/1558/1558 1559/1559/1559 1550/1550/1550
f 1559/1559/1559 1560/1560/1560 1550/1550/1550
f 1560/1560/1560 1552/1552/1552 1550/1550/1550
f 1559/1559/1559 1558/1558/1558 1561/1561/1561
f 1558/1558/1558 1562/1562/1562 1561/1561/1561
f 1559/1559/1559 1563/1563/1563 1560/1560/1560
f 1561/1561/1561 1562/1562/1562 1564/1564/1564
f 1562/1562/1562 1565/1565/1565 1564/1564/1564
f 1559/1559/1559 1561/1561/1561 1566/1566/1566
f 1563/1563/1563 1559/1559/1559 1566/1566/1566
f 1564/1564/1564 1565/1565/1565 1567/1567/1567
f 1565/1565/1565 1568/1568/1568 1567/1567/1567
f 1561/1561/1561 1564/1564/1564 1569/1569/1569
f 1567/1567/1567 1568/1568/1568 1570/1570/1570
f 1568/1568/1568 1571/1571/1571 1570/1570/1570
f 1564/1564/1564 1567/1567/1567 1572/1572/1572
f 1564/1564/1564 1572/1572/1572 1569/1569/1569
f 1567/1567/1567 1570/1570/1570 1573/1573/1573
f 1567/1567/1567 1573/1573/1573 1572/1572/1572
f 1570/1570/1570 1571/1571/1571 1574/1574/1574
f 1571/1571/1571 1575/1575/1575 1574/1574/1574
f 1574/1574/1574 1575/1575/1575 1576/1576/1576
f 1570/1570/1570 1577/1577/1577 1573/1573/1573
f 1570/1570/1570 1574/1574/1574 1577/1577/1577
f 1572/1572/1572 1573/1573/1573 1578/1578/1578
f 1573/1573/1573 1577/1577/1577 1579/1579/1579
f 1573/1573/1573 1579/1579/1579 1578/1578/1578
f 1574/1574/1574 1580/1580/1580 1577/1577/1577
f 1572/1572/1572 1578/1578/1578 1581/1581/1581
f 1569/1569/1569 1572/1572/1572 1581/1581/1581
f 1577/1577/1577 1580/1580/1580 1582/1582/1582
f 1577/1577/1577 1582/1582/1582 1579/1579/1579
f 1580/1580/1580 1574/1574/1574 1583/1583/1583
f 1580/1580/1580 1584/1584/1584 1582/1582/1582
f 1584/1584/1584 1580/1580/1580 1583/1583/1583
f 1574/1574/1574 1585/1585/1585 1583/1583/1583
f 1585/1585/1585 1574/1574/1574 1576/1576/1576
f 1586/1586/1586 1584/1584/1584 1583/1583/1583
f 1583/1583/1583 1585/1585/1585 1586/1586/1586
f 1584/1584/1584 1586/1586/1586 1587/1587/1587
f 1584/1584/1584 1587/1587/1587 1582/1582/1582
f 1585/1585/1585 1588/1588/1588 1586/1586/1586
f 1586/1586/1586 1588/1588/1588 1587/1587/1587
f 1585/1585/1585 1576/1576/1576 1589/1589/1589
f 1588/1588/1588 1585/1585/1585 1589/1589/1589
f 1576/1576/1576 1590/1590/1590 1589/1589/1589
f 1589/1589/1589 1590/1590/1590 1591/1591/1591
f 1591/1591/1591 1588/1588/1588 1589/1589/1589
f 1590/1590/1590 1592/1592/1592 1591/1591/1591
f 1591/1591/1591 1592/1592/1592 1593/1593/1593
f 1588/1588/1588 1591/1591/1591 1593/1593/1593
f 1588/1588/1588 1593/1593/1593 1594/1594/1594
f 1587/1587/1587 1588/1588/1588 1594/1594/1594
f 1595/1595/1595 1587/1587/1587 1594/1594/1594
f 1587/1587/1587 1595/1595/1595 1582/1582/1582
f 1596/1596/1596 1595/1595/1595 1594/1594/1594
f 1595/1595/1595 1597/1597/1597 1582/1582/1582
f 1597/1597/1597 1595/1595/1595 1596/1596/1596
f 1597/1597/1597 1579/1579/1579 1582/1582/1582
f 1598/1598/1598 1597/1597/1597 1596/1596/1596
f 1597/1597/1597 1599/1599/1599 1579/1579/1579
f 1599/1599/1599 1597/1597/1597 1598/1598/1598
f 1599/1599/1599 1578/1578/1578 1579/1579/1579
f 1600/1600/1600 1599/1599/1599 1598/1598/1598
f 1599/1599/1599 1601/1601/1601 1578/1578/1578
f 1601/1601/1601 1599/1599/1599 1600/1600/1600
f 1602/1602/1602 1601/1601/1601 1600/1600/1600
f 1601/1601/1601 1581/1581/1581 1578/1578/1578
f 1602/1602/1602 1603/1603/1603 1601/1601/1601
f 1603/1603/1603 1604/1604/1604 1601/1601/1601
f 1601/1601/1601 1604/1604/1604 1581/1581/1581
f 1604/1604/1604 1603/1603/1603 1605/1605/1605
f 1604/1604/1604 1606/1606/1606 1581/1581/1581
f 1569/1569/1569 1581/1581/1581 1606/1606/1606
f 1607/1607/1607 1604/1604/1604 1605/1605/1605
f 1608/1608/1608 1569/1569/1569 1606/1606/1606
f 1561/1561/1561 1569/1569/1569 1608/1608/1608
f 1566/1566/1566 1561/1561/1561 1608/1608/1608
f 1604/1604/1604 1609/1609/1609 1606/1606/1606
f 1609/1609/1609 1604/1604/1604 1607/1607/1607
f 1608/1608/1608 1606/1606/1606 1610/1610/1610
f 1609/1609/1609 1610/1610/1610 1606/1606/1606
f 1608/1608/1608 1611/1611/1611 1566/1566/1566
f 1611/1611/1611 1608/1608/1608 1610/1610/1610
f 1611/1611/1611 1612/1612/1612 1566/1566/1566
f 1563/1563/1563 1566/1566/1566 1612/1612/1612
f 1610/1610/1610 1613/1613/1613 1611/1611/1611
f 1610/1610/1610 1609/1609/1609 1613/1613/1613
f 1611/1611/1611 1614/1614/1614 1612/1612/1612
f 1613/1613/1613 1614/1614/1614 1611/1611/1611
f 1609/1609/1609 1615/1615/1615 1613/1613/1613
f 1615/1615/1615 1609/1609/1609 1607/1607/1607
f 1615/1615/1615 1616/1616/1616 1613/1613/1613
f 1616/1616/1616 1615/1615/1615 1607/1607/1607
f 1617/1617/1617 1614/1614/1614 1613/1613/1613
f 1618/1618/1618 1616/1616/1616 1607/1607/1607
f 1607/1607/1607 1605/1605/1605 1618/1618/1618
f 1605/1605/1605 1619/1619/1619 1618/1618/1618
f 1618/1618/1618 1619/1619/1619 1620/1620/1620
f 1616/1616/1616 1621/1621/1621 1613/1613/1613
f 1621/1621/1621 1617/1617/1617 1613/1613/1613
f 1622/1622/1622 1621/1621/1621 1616/1616/1616
f 1618/1618/1618 1622/1622/1622 1616/1616/1616
f 1617/1617/1617 1621/1621/1621 1623/1623/1623
f 1621/1621/1621 1622/1622/1622 1623/1623/1623
f 1624/1624/1624 1618/1618/1618 1620/1620/1620
f 1625/1625/1625 1622/1622/1622 1618/1618/1618
f 1624/1624/1624 1625/1625/1625 1618/1618/1618
f 1623/1623/1623 1622/1622/1622 1626/1626/1626
f 1622/1622/1622 1625/1625/1625 1626/1626/1626
f 1627/1627/1627 1624/1624/1624 1620/1620/1620
f 1628/1628/1628 1627/1627/1627 1620/1620/1620
f 1627/1627/1627 1628/1628/1628 1629/1629/1629
f 1630/1630/1630 1625/1625/1625 1624/1624/1624
f 1627/1627/1627 1630/1630/1630 1624/1624/1624
f 1631/1631/1631 1627/1627/1627 1629/1629/1629
f 1631/1631/1631 1629/1629/1629 1632/1632/1632
f 1630/1630/1630 1627/1627/1627 1633/1633/1633
f 1627/1627/1627 1631/1631/1631 1633/1633/1633
f 1634/1634/1634 1631/1631/1631 1632/1632/1632
f 1633/1633/1633 1631/1631/1631 1634/1634/1634
f 1634/1634/1634 1632/1632/1632 1635/1635/1635
f 1625/1625/1625 1630/1630/1630 1636/1636/1636
f 1626/1626/1626 1625/1625/1625 1636/1636/1636
f 1630/1630/1630 1633/1633/1633 1637/1637/1637
f 1636/1636/1636 1630/1630/1630 1637/1637/1637
f 1636/1636/1636 1480/1480/1480 1626/1626/1626
f 1480/1480/1480 1636/1636/1636 1483/1483/1483
f 1636/1636/1636 1637/1637/1637 1483/1483/1483
f 1480/1480/1480 1477/1477/1477 1626/1626/1626
f 1483/1483/1483 1637/1637/1637 1487/1487/1487
f 1623/1623/1623 1626/1626/1626 1477/1477/1477
f 1637/1637/1637 1638/1638/1638 1487/1487/1487
f 1637/1637/1637 1633/1633/1633 1638/1638/1638
f 1490/1490/1490 1487/1487/1487 1638/1638/1638
f 1639/1639/1639 1623/1623/1623 1477/1477/1477
f 1623/1623/1623 1639/1639/1639 1617/1617/1617
f 1639/1639/1639 1477/1477/1477 1474/1474/1474
f 1639/1639/1639 1640/1640/1640 1617/1617/1617
f 1614/1614/1614 1617/1617/1617 1640/1640/1640
f 1641/1641/1641 1639/1639/1639 1474/1474/1474
f 1640/1640/1640 1639/1639/1639 1641/1641/1641
f 1641/1641/1641 1474/1474/1474 1479/1479/1479
f 1642/1642/1642 1614/1614/1614 1640/1640/1640
f 1614/1614/1614 1642/1642/1642 1612/1612/1612
f 1643/1643/1643 1640/1640/1640 1641/1641/1641
f 1640/1640/1640 1643/1643/1643 1642/1642/1642
f 1641/1641/1641 1479/1479/1479 1644/1644/1644
f 1643/1643/1643 1641/1641/1641 1644/1644/1644
f 1612/1612/1612 1642/1642/1642 1645/1645/1645
f 1645/1645/1645 1563/1563/1563 1612/1612/1612
f 1643/1643/1643 1646/1646/1646 1642/1642/1642
f 1642/1642/1642 1646/1646/1646 1645/1645/1645
f 1646/1646/1646 1643/1643/1643 1647/1647/1647
f 1643/1643/1643 1644/1644/1644 1647/1647/1647
f 1645/1645/1645 1646/1646/1646 1648/1648/1648
f 1646/1646/1646 1647/1647/1647 1648/1648/1648
f 1563/1563/1563 1645/1645/1645 1649/1649/1649
f 1645/1645/1645 1648/1648/1648 1649/1649/1649
f 1563/1563/1563 1649/1649/1649 1560/1560/1560
f 1552/1552/1552 1560/1560/1560 1649/1649/1649
f 1650/1650/1650 1552/1552/1552 1649/1649/1649
f 1649/1649/1649 1648/1648/1648 1650/1650/1650
f 1650/1650/1650 1553/1553/1553 1552/1552/1552
f 1648/1648/1648 1647/1647/1647 1651/1651/1651
f 1648/1648/1648 1651/1651/1651 1650/1650/1650
f 1647/1647/1647 1652/1652/1652 1651/1651/1651
f 1647/1647/1647 1644/1644/1644 1652/1652/1652
f 1651/1651/1651 1653/1653/1653 1650/1650/1650
f 1653/1653/1653 1553/1553/1553 1650/1650/1650
f 1651/1651/1651 1652/1652/1652 1653/1653/1653
f 1553/1553/1553 1653/1653/1653 1654/1654/1654
f 1535/1535/1535 1553/1553/1553 1654/1654/1654
f 1652/1652/1652 1655/1655/1655 1653/1653/1653
f 1653/1653/1653 1655/1655/1655 1654/1654/1654
f 1644/1644/1644 1656/1656/1656 1652/1652/1652
f 1652/1652/1652 1656/1656/1656 1655/1655/1655
f 1644/1644/1644 1479/1479/1479 1656/1656/1656
f 1479/1479/1479 1476/1476/1476 1656/1656/1656
f 1656/1656/1656 1476/1476/1476 1657/1657/1657
f 1656/1656/1656 1657/1657/1657 1655/1655/1655
f 1476/1476/1476 1482/1482/1482 1657/1657/1657
f 1655/1655/1655 1657/1657/1657 1658/1658/1658
f 1655/1655/1655 1658/1658/1658 1654/1654/1654
f 1657/1657/1657 1482/1482/1482 1659/1659/1659
f 1657/1657/1657 1659/1659/1659 1658/1658/1658
f 1482/1482/1482 1486/1486/1486 1659/1659/1659
f 1659/1659/1659 1486/1486/1486 1499/1499/1499
f 1658/1658/1658 1659/1659/1659 1660/1660/1660
f 1659/1659/1659 1499/1499/1499 1660/1660/1660
f 1654/1654/1654 1658/1658/1658 1660/1660/1660
f 1506/1506/1506 1660/1660/1660 1499/1499/1499
f 1661/1661/1661 1654/1654/1654 1660/1660/1660
f 1661/1661/1661 1660/1660/1660 1506/1506/1506
f 1654/1654/1654 1661/1661/1661 1535/1535/1535
f 1507/1507/1507 1661/1661/1661 1506/1506/1506
f 1661/1661/1661 1510/1510/1510 1535/1535/1535
f 1510/1510/1510 1661/1661/1661 1507/1507/1507
f 1662/1662/1662 1663/1663/1663 1664/1664/1664
f 1662/1662/1662 1665/1665/1665 1663/1663/1663
f 1664/1664/1664 1663/1663/1663 1666/1666/1666
f 1663/1663/1663 1665/1665/1665 1667/1667/1667
f 1663/1663/1663 1667/1667/1667 1666/1666/1666
f 1665/1665/1665 1668/1668/1668 1667/1667/1667
f 1666/1666/1666 1667/1667/1667 1669/1669/1669
f 1668/1668/1668 1670/1670/1670 1667/1667/1667
f 1667/1667/1667 1425/1425/1425 1669/1669/1669
f 1670/1670/1670 1671/1671/1671 1667/1667/1667
f 1671/1671/1671 1670/1670/1670 1672/1672/1672
f 1425/1425/1425 1673/1673/1673 1669/1669/1669
f 1673/1673/1673 1674/1674/1674 1669/1669/1669
f 1673/1673/1673 1675/1675/1675 1674/1674/1674
f 1675/1675/1675 1673/1673/1673 1426/1426/1426
f 1673/1673/1673 1425/1425/1425 1426/1426/1426
f 1425/1425/1425 1667/1667/1667 1676/1676/1676
f 1671/1671/1671 1676/1676/1676 1667/1667/1667
f 1500/1500/1500 1425/1425/1425 1676/1676/1676
f 1500/1500/1500 1676/1676/1676 1502/1502/1502
f 1502/1502/1502 1676/1676/1676 364/364/364
f 1676/1676/1676 1677/1677/1677 364/364/364
f 1677/1677/1677 1676/1676/1676 1671/1671/1671
f 364/364/364 1677/1677/1677 366/366/366
f 1677/1677/1677 1678/1678/1678 366/366/366
f 366/366/366 1678/1678/1678 367/367/367
f 1678/1678/1678 374/374/374 367/367/367
f 1679/1679/1679 1677/1677/1677 1671/1671/1671
f 1678/1678/1678 1677/1677/1677 1679/1679/1679
f 374/374/374 1678/1678/1678 1680/1680/1680
f 388/388/388 374/374/374 1680/1680/1680
f 1681/1681/1681 1678/1678/1678 1679/1679/1679
f 1680/1680/1680 1678/1678/1678 1681/1681/1681
f 1679/1679/1679 1671/1671/1671 1682/1682/1682
f 1682/1682/1682 1671/1671/1671 1672/1672/1672
f 1682/1682/1682 1672/1672/1672 1683/1683/1683
f 1684/1684/1684 1679/1679/1679 1682/1682/1682
f 1681/1681/1681 1679/1679/1679 1684/1684/1684
f 1685/1685/1685 1682/1682/1682 1683/1683/1683
f 1684/1684/1684 1682/1682/1682 1685/1685/1685
f 1685/1685/1685 1683/1683/1683 1686/1686/1686
f 1687/1687/1687 1685/1685/1685 1686/1686/1686
f 1687/1687/1687 1686/1686/1686 1688/1688/1688
f 1689/1689/1689 1684/1684/1684 1685/1685/1685
f 1689/1689/1689 1685/1685/1685 1687/1687/1687
f 1690/1690/1690 1687/1687/1687 1688/1688/1688
f 1690/1690/1690 1688/1688/1688 1691/1691/1691
f 1692/1692/1692 1689/1689/1689 1687/1687/1687
f 1693/1693/1693 1690/1690/1690 1691/1691/1691
f 1693/1693/1693 1691/1691/1691 1694/1694/1694
f 1690/1690/1690 1695/1695/1695 1687/1687/1687
f 1695/1695/1695 1692/1692/1692 1687/1687/1687
f 1693/1693/1693 1696/1696/1696 1690/1690/1690
f 1696/1696/1696 1695/1695/1695 1690/1690/1690
f 1697/1697/1697 1693/1693/1693 1694/1694/1694
f 1696/1696/1696 1693/1693/1693 1697/1697/1697
f 1694/1694/1694 1698/1698/1698 1697/1697/1697
f 1699/1699/1699 1696/1696/1696 1697/1697/1697
f 1698/1698/1698 1699/1699/1699 1697/1697/1697
f 1696/1696/1696 1700/1700/1700 1695/1695/1695
f 1700/1700/1700 1696/1696/1696 1699/1699/1699
f 1699/1699/1699 1698/1698/1698 1701/1701/1701
f 1701/1701/1701 1700/1700/1700 1699/1699/1699
f 1698/1698/1698 1702/1702/1702 1701/1701/1701
f 1702/1702/1702 1703/1703/1703 1701/1701/1701
f 1703/1703/1703 1700/1700/1700 1701/1701/1701
f 1703/1703/1703 1704/1704/1704 1700/1700/1700
f 1700/1700/1700 1705/1705/1705 1695/1695/1695
f 1704/1704/1704 1705/1705/1705 1700/1700/1700
f 1695/1695/1695 1705/1705/1705 1692/1692/1692
f 1704/1704/1704 1706/1706/1706 1705/1705/1705
f 1705/1705/1705 1707/1707/1707 1692/1692/1692
f 1706/1706/1706 1707/1707/1707 1705/1705/1705
f 1692/1692/1692 1707/1707/1707 1689/1689/1689
f 1707/1707/1707 1706/1706/1706 1708/1708/1708
f 1707/1707/1707 1708/1708/1708 1689/1689/1689
f 1706/1706/1706 1709/1709/1709 1708/1708/1708
f 1689/1689/1689 1708/1708/1708 1684/1684/1684
f 1708/1708/1708 1709/1709/1709 1710/1710/1710
f 1708/1708/1708 1710/1710/1710 1684/1684/1684
f 1709/1709/1709 1711/1711/1711 1710/1710/1710
f 1710/1710/1710 1681/1681/1681 1684/1684/1684
f 1711/1711/1711 1712/1712/1712 1710/1710/1710
f 1712/1712/1712 1681/1681/1681 1710/1710/1710
f 1712/1712/1712 1713/1713/1713 1681/1681/1681
f 1713/1713/1713 1680/1680/1680 1681/1681/1681
f 1680/1680/1680 1713/1713/1713 1714/1714/1714
f 1715/1715/1715 1680/1680/1680 1714/1714/1714
f 388/388/388 1680/1680/1680 1715/1715/1715
f 1714/1714/1714 1716/1716/1716 1715/1715/1715
f 390/390/390 388/388/388 1715/1715/1715
f 1716/1716/1716 1717/1717/1717 1715/1715/1715
f 1716/1716/1716 1718/1718/1718 1717/1717/1717
f 1719/1719/1719 390/390/390 1715/1715/1715
f 1717/1717/1717 1719/1719/1719 1715/1715/1715
f 1719/1719/1719 393/393/393 390/390/390
f 1718/1718/1718 1720/1720/1720 1717/1717/1717
f 1718/1718/1718 1721/1721/1721 1720/1720/1720
f 1722/1722/1722 1719/1719/1719 1717/1717/1717
f 1720/1720/1720 1722/1722/1722 1717/1717/1717
f 1723/1723/1723 393/393/393 1719/1719/1719
f 1722/1722/1722 1723/1723/1723 1719/1719/1719
f 1723/1723/1723 395/395/395 393/393/393
f 410/410/410 395/395/395 1723/1723/1723
f 1724/1724/1724 410/410/410 1723/1723/1723
f 1724/1724/1724 1723/1723/1723 1722/1722/1722
f 411/411/411 410/410/410 1724/1724/1724
f 1725/1725/1725 411/411/411 1724/1724/1724
f 1726/1726/1726 1724/1724/1724 1722/1722/1722
f 1725/1725/1725 1724/1724/1724 1726/1726/1726
f 1726/1726/1726 1722/1722/1722 1720/1720/1720
f 1727/1727/1727 1725/1725/1725 1726/1726/1726
f 1728/1728/1728 1726/1726/1726 1720/1720/1720
f 1727/1727/1727 1726/1726/1726 1728/1728/1728
f 1721/1721/1721 1728/1728/1728 1720/1720/1720
f 1729/1729/1729 1727/1727/1727 1728/1728/1728
f 1721/1721/1721 1730/1730/1730 1728/1728/1728
f 1730/1730/1730 1729/1729/1729 1728/1728/1728
f 1731/1731/1731 1732/1732/1732 1733/1733/1733
f 1734/1734/1734 1732/1732/1732 1731/1731/1731
f 1735/1735/1735 1731/1731/1731 1733/1733/1733
f 1736/1736/1736 1734/1734/1734 1731/1731/1731
f 1737/1737/1737 1734/1734/1734 1736/1736/1736
f 1738/1738/1738 1731/1731/1731 1735/1735/1735
f 1736/1736/1736 1731/1731/1731 1738/1738/1738
f 1739/1739/1739 1738/1738/1738 1735/1735/1735
f 1740/1740/1740 1737/1737/1737 1736/1736/1736
f 1741/1741/1741 1737/1737/1737 1740/1740/1740
f 1742/1742/1742 1736/1736/1736 1738/1738/1738
f 1740/1740/1740 1736/1736/1736 1742/1742/1742
f 1743/1743/1743 1738/1738/1738 1739/1739/1739
f 1743/1743/1743 1742/1742/1742 1738/1738/1738
f 1744/1744/1744 1740/1740/1740 1742/1742/1742
f 1743/1743/1743 1744/1744/1744 1742/1742/1742
f 1745/1745/1745 1741/1741/1741 1740/1740/1740
f 1745/1745/1745 1740/1740/1740 1744/1744/1744
f 1746/1746/1746 1741/1741/1741 1745/1745/1745
f 1747/1747/1747 1746/1746/1746 1745/1745/1745
f 1748/1748/1748 1745/1745/1745 1744/1744/1744
f 1747/1747/1747 1745/1745/1745 1748/1748/1748
f 1743/1743/1743 1748/1748/1748 1744/1744/1744
f 1749/1749/1749 1747/1747/1747 1748/1748/1748
f 1743/1743/1743 1749/1749/1749 1748/1748/1748
f 1749/1749/1749 1750/1750/1750 1747/1747/1747
f 1743/1743/1743 1750/1750/1750 1749/1749/1749
f 1750/1750/1750 1751/1751/1751 1747/1747/1747
f 1747/1747/1747 1751/1751/1751 1752/1752/1752
f 1751/1751/1751 1753/1753/1753 1752/1752/1752
f 1750/1750/1750 1754/1754/1754 1751/1751/1751
f 1743/1743/1743 1754/1754/1754 1750/1750/1750
f 1751/1751/1751 1755/1755/1755 1753/1753/1753
f 1754/1754/1754 1755/1755/1755 1751/1751/1751
f 1755/1755/1755 1756/1756/1756 1753/1753/1753
f 1754/1754/1754 1757/1757/1757 1755/1755/1755
f 1743/1743/1743 1757/1757/1757 1754/1754/1754
f 1755/1755/1755 1758/1758/1758 1756/1756/1756
f 1757/1757/1757 1758/1758/1758 1755/1755/1755
f 1758/1758/1758 1759/1759/1759 1756/1756/1756
f 1757/1757/1757 1760/1760/1760 1758/1758/1758
f 1743/1743/1743 1760/1760/1760 1757/1757/1757
f 1758/1758/1758 1761/1761/1761 1759/1759/1759
f 1760/1760/1760 1761/1761/1761 1758/1758/1758
f 1761/1761/1761 1762/1762/1762 1759/1759/1759
f 1760/1760/1760 1763/1763/1763 1761/1761/1761
f 1743/1743/1743 1763/1763/1763 1760/1760/1760
f 1761/1761/1761 1764/1764/1764 1762/1762/1762
f 1763/1763/1763 1764/1764/1764 1761/1761/1761
f 1764/1764/1764 1765/1765/1765 1762/1762/1762
f 1766/1766/1766 1765/1765/1765 1764/1764/1764
f 1767/1767/1767 1766/1766/1766 1764/1764/1764
f 1767/1767/1767 1764/1764/1764 1763/1763/1763
f 1768/1768/1768 1766/1766/1766 1767/1767/1767
f 1769/1769/1769 1767/1767/1767 1763/1763/1763
f 1769/1769/1769 1763/1763/1763 1743/1743/1743
f 1770/1770/1770 1768/1768/1768 1767/1767/1767
f 1770/1770/1770 1767/1767/1767 1769/1769/1769
f 1771/1771/1771 1768/1768/1768 1770/1770/1770
f 1772/1772/1772 1770/1770/1770 1769/1769/1769
f 1772/1772/1772 1769/1769/1769 1743/1743/1743
f 1773/1773/1773 1771/1771/1771 1770/1770/1770
f 1773/1773/1773 1770/1770/1770 1772/1772/1772
f 1774/1774/1774 1771/1771/1771 1773/1773/1773
f 1775/1775/1775 1773/1773/1773 1772/1772/1772
f 1772/1772/1772 1743/1743/1743 1775/1775/1775
f 1776/1776/1776 1774/1774/1774 1773/1773/1773
f 1776/1776/1776 1773/1773/1773 1775/1775/1775
f 1777/1777/1777 1774/1774/1774 1776/1776/1776
f 1778/1778/1778 1777/1777/1777 1776/1776/1776
f 1779/1779/1779 1776/1776/1776 1775/1775/1775
f 1778/1778/1778 1776/1776/1776 1779/1779/1779
f 1779/1779/1779 1775/1775/1775 1743/1743/1743
f 1780/1780/1780 1778/1778/1778 1779/1779/1779
f 1780/1780/1780 1779/1779/1779 1743/1743/1743
f 1778/1778/1778 1780/1780/1780 1781/1781/1781
f 1781/1781/1781 1780/1780/1780 1743/1743/1743
f 1782/1782/1782 1778/1778/1778 1781/1781/1781
f 1783/1783/1783 1778/1778/1778 1782/1782/1782
f 1784/1784/1784 1783/1783/1783 1782/1782/1782
f 1782/1782/1782 1781/1781/1781 1785/1785/1785
f 1785/1785/1785 1781/1781/1781 1743/1743/1743
f 1784/1784/1784 1782/1782/1782 1786/1786/1786
f 1786/1786/1786 1782/1782/1782 1785/1785/1785
f 1787/1787/1787 1784/1784/1784 1786/1786/1786
f 1788/1788/1788 1785/1785/1785 1743/1743/1743
f 1786/1786/1786 1785/1785/1785 1788/1788/1788
f 1787/1787/1787 1786/1786/1786 1789/1789/1789
f 1789/1789/1789 1786/1786/1786 1788/1788/1788
f 1790/1790/1790 1787/1787/1787 1789/1789/1789
f 1791/1791/1791 1788/1788/1788 1743/1743/1743
f 1789/1789/1789 1788/1788/1788 1791/1791/1791
f 1792/1792/1792 1791/1791/1791 1743/1743/1743
f 1792/1792/1792 1793/1793/1793 1791/1791/1791
f 1790/1790/1790 1789/1789/1789 1794/1794/1794
f 1794/1794/1794 1789/1789/1789 1791/1791/1791
f 1793/1793/1793 1794/1794/1794 1791/1791/1791
f 1795/1795/1795 1790/1790/1790 1794/1794/1794
f 1793/1793/1793 1796/1796/1796 1794/1794/1794
f 1796/1796/1796 1795/1795/1795 1794/1794/1794
f 1797/1797/1797 1798/1798/1798 1799/1799/1799
f 1799/1799/1799 1800/1800/1800 1797/1797/1797
f 1798/1798/1798 1801/1801/1801 1799/1799/1799
f 1798/1798/1798 1802/1802/1802 1801/1801/1801
f 1799/1799/1799 1803/1803/1803 1800/1800/1800
f 1799/1799/1799 1801/1801/1801 1803/1803/1803
f 1800/1800/1800 1803/1803/1803 1804/1804/1804
f 1802/1802/1802 1805/1805/1805 1801/1801/1801
f 1802/1802/1802 1806/1806/1806 1805/1805/1805
f 1801/1801/1801 1807/1807/1807 1803/1803/1803
f 1801/1801/1801 1805/1805/1805 1807/1807/1807
f 1803/1803/1803 1808/1808/1808 1804/1804/1804
f 1804/1804/1804 1808/1808/1808 495/495/495
f 1807/1807/1807 1809/1809/1809 1803/1803/1803
f 1809/1809/1809 1808/1808/1808 1803/1803/1803
f 1810/1810/1810 495/495/495 1808/1808/1808
f 1809/1809/1809 1810/1810/1810 1808/1808/1808
f 495/495/495 1810/1810/1810 498/498/498
f 1807/1807/1807 1811/1811/1811 1809/1809/1809
f 1805/1805/1805 1811/1811/1811 1807/1807/1807
f 498/498/498 1810/1810/1810 1812/1812/1812
f 498/498/498 1812/1812/1812 502/502/502
f 512/512/512 502/502/502 1812/1812/1812
f 1810/1810/1810 1809/1809/1809 1813/1813/1813
f 1810/1810/1810 1813/1813/1813 1812/1812/1812
f 1814/1814/1814 512/512/512 1812/1812/1812
f 1812/1812/1812 1813/1813/1813 1814/1814/1814
f 513/513/513 512/512/512 1814/1814/1814
f 1815/1815/1815 513/513/513 1814/1814/1814
f 1814/1814/1814 1816/1816/1816 1815/1815/1815
f 1813/1813/1813 1816/1816/1816 1814/1814/1814
f 1816/1816/1816 1817/1817/1817 1815/1815/1815
f 1809/1809/1809 1818/1818/1818 1813/1813/1813
f 1813/1813/1813 1818/1818/1818 1816/1816/1816
f 1811/1811/1811 1818/1818/1818 1809/1809/1809
f 1816/1816/1816 1819/1819/1819 1817/1817/1817
f 1818/1818/1818 1819/1819/1819 1816/1816/1816
f 1819/1819/1819 1820/1820/1820 1817/1817/1817
f 1821/1821/1821 1819/1819/1819 1818/1818/1818
f 1819/1819/1819 1821/1821/1821 1820/1820/1820
f 1811/1811/1811 1821/1821/1821 1818/1818/1818
f 1821/1821/1821 1822/1822/1822 1820/1820/1820
f 1822/1822/1822 1821/1821/1821 1823/1823/1823
f 1824/1824/1824 1821/1821/1821 1811/1811/1811
f 1821/1821/1821 1824/1824/1824 1823/1823/1823
f 1805/1805/1805 1824/1824/1824 1811/1811/1811
f 1825/1825/1825 1823/1823/1823 1824/1824/1824
f 1806/1806/1806 1824/1824/1824 1805/1805/1805
f 1806/1806/1806 1825/1825/1825 1824/1824/1824
f 1826/1826/1826 1827/1827/1827 1828/1828/1828
f 1827/1827/1827 1826/1826/1826 1829/1829/1829
f 1827/1827/1827 1830/1830/1830 1828/1828/1828
f 1831/1831/1831 1827/1827/1827 1829/1829/1829
f 1827/1827/1827 1831/1831/1831 1830/1830/1830
f 1831/1831/1831 1829/1829/1829 1494/1494/1494
f 1828/1828/1828 1830/1830/1830 1832/1832/1832
f 1833/1833/1833 1831/1831/1831 1494/1494/1494
f 1831/1831/1831 1833/1833/1833 1830/1830/1830
f 1493/1493/1493 1833/1833/1833 1494/1494/1494
f 1830/1830/1830 1834/1834/1834 1832/1832/1832
f 1835/1835/1835 1830/1830/1830 1833/1833/1833
f 1834/1834/1834 1830/1830/1830 1835/1835/1835
f 1836/1836/1836 1835/1835/1835 1833/1833/1833
f 1836/1836/1836 1833/1833/1833 1493/1493/1493
f 1837/1837/1837 1834/1834/1834 1835/1835/1835
f 1837/1837/1837 1835/1835/1835 1836/1836/1836
f 1834/1834/1834 1838/1838/1838 1832/1832/1832
f 1834/1834/1834 1837/1837/1837 1838/1838/1838
f 1838/1838/1838 1635/1635/1635 1832/1832/1832
f 1838/1838/1838 1634/1634/1634 1635/1635/1635
f 1839/1839/1839 1837/1837/1837 1836/1836/1836
f 1839/1839/1839 1836/1836/1836 1493/1493/1493
f 1837/1837/1837 1840/1840/1840 1838/1838/1838
f 1840/1840/1840 1837/1837/1837 1839/1839/1839
f 1838/1838/1838 1840/1840/1840 1634/1634/1634
f 1839/1839/1839 1493/1493/1493 1841/1841/1841
f 1841/1841/1841 1840/1840/1840 1839/1839/1839
f 1493/1493/1493 1490/1490/1490 1841/1841/1841
f 1841/1841/1841 1490/1490/1490 1638/1638/1638
f 1840/1840/1840 1842/1842/1842 1634/1634/1634
f 1842/1842/1842 1840/1840/1840 1841/1841/1841
f 1638/1638/1638 1842/1842/1842 1841/1841/1841
f 1842/1842/1842 1633/1633/1633 1634/1634/1634
f 1633/1633/1633 1842/1842/1842 1638/1638/1638
f 1843/1843/1843 1844/1844/1844 1845/1845/1845
f 1846/1846/1846 1843/1843/1843 1845/1845/1845
f 1844/1844/1844 1847/1847/1847 1845/1845/1845
f 1844/1844/1844 1848/1848/1848 1847/1847/1847
f 1849/1849/1849 1846/1846/1846 1845/1845/1845
f 1848/1848/1848 1850/1850/1850 1847/1847/1847
f 1851/1851/1851 1845/1845/1845 1847/1847/1847
f 1850/1850/1850 1851/1851/1851 1847/1847/1847
f 1849/1849/1849 1845/1845/1845 1851/1851/1851
f 1850/1850/1850 1848/1848/1848 1852/1852/1852
f 1851/1851/1851 1850/1850/1850 1852/1852/1852
f 1848/1848/1848 1853/1853/1853 1852/1852/1852
f 1853/1853/1853 1854/1854/1854 1852/1852/1852
f 1855/1855/1855 1851/1851/1851 1852/1852/1852
f 1854/1854/1854 1855/1855/1855 1852/1852/1852
f 1856/1856/1856 1849/1849/1849 1851/1851/1851
f 1856/1856/1856 1851/1851/1851 1855/1855/1855
f 1855/1855/1855 1854/1854/1854 1857/1857/1857
f 1857/1857/1857 1856/1856/1856 1855/1855/1855
f 1854/1854/1854 1858/1858/1858 1857/1857/1857
f 1859/1859/1859 1849/1849/1849 1856/1856/1856
f 1857/1857/1857 1859/1859/1859 1856/1856/1856
f 1857/1857/1857 1858/1858/1858 1859/1859/1859
f 1846/1846/1846 1849/1849/1849 1859/1859/1859
f 1858/1858/1858 1860/1860/1860 1859/1859/1859
f 1860/1860/1860 1846/1846/1846 1859/1859/1859
f 1861/1861/1861 1862/1862/1862 1863/1863/1863
f 1863/1863/1863 1862/1862/1862 1864/1864/1864
f 1865/1865/1865 1861/1861/1861 1863/1863/1863
f 1866/1866/1866 1861/1861/1861 1865/1865/1865
f 1867/1867/1867 1863/1863/1863 1864/1864/1864
f 1868/1868/1868 1866/1866/1866 1865/1865/1865
f 1865/1865/1865 1863/1863/1863 1869/1869/1869
f 1868/1868/1868 1865/1865/1865 1869/1869/1869
f 1869/1869/1869 1863/1863/1863 1867/1867/1867
f 1868/1868/1868 1870/1870/1870 1866/1866/1866
f 1870/1870/1870 1868/1868/1868 1869/1869/1869
f 1870/1870/1870 1871/1871/1871 1866/1866/1866
f 1872/1872/1872 1871/1871/1871 1870/1870/1870
f 1873/1873/1873 1870/1870/1870 1869/1869/1869
f 1873/1873/1873 1872/1872/1872 1870/1870/1870
f 1874/1874/1874 1869/1869/1869 1867/1867/1867
f 1873/1873/1873 1869/1869/1869 1874/1874/1874
f 1873/1873/1873 1875/1875/1875 1872/1872/1872
f 1875/1875/1875 1873/1873/1873 1874/1874/1874
f 1875/1875/1875 1876/1876/1876 1872/1872/1872
f 1874/1874/1874 1867/1867/1867 1877/1877/1877
f 1875/1875/1875 1874/1874/1874 1877/1877/1877
f 1875/1875/1875 1877/1877/1877 1876/1876/1876
f 1867/1867/1867 1864/1864/1864 1877/1877/1877
f 1877/1877/1877 1878/1878/1878 1876/1876/1876
f 1864/1864/1864 1878/1878/1878 1877/1877/1877
