# Blender 5.1.2
# www.blender.org
o Medusa_Obj
v 0.909753 2.905791 3.949259
v 1.589498 2.831931 3.364772
v 0.868903 3.598730 3.765368
v 1.565141 3.512712 3.191314
v 0.782451 4.294771 3.421645
v 1.460154 4.079544 2.980781
v 0.710131 4.733490 3.099805
v 0.602952 5.260409 2.553090
v 0.406338 5.759225 1.855133
v 0.325127 6.002979 1.332756
v 0.175464 6.167253 0.735370
v 0.088449 6.235522 0.347921
v 0.704456 5.977417 1.206313
v 1.314873 4.619184 2.688895
v 1.139639 5.175954 2.258242
v 0.884238 5.696961 1.690729
v 0.384529 6.152593 0.669166
v 1.721299 5.256154 2.052037
v 1.340045 5.761554 1.437251
v 2.171884 5.347307 1.619943
v 1.640398 5.778264 1.143427
v 2.501633 5.232953 1.150317
v 1.891816 5.694839 0.836016
v 2.616964 5.123142 0.651929
v 2.052471 5.581620 0.463018
v 0.951321 5.985866 1.073848
v 0.816599 6.153307 0.261488
v 0.583142 6.154984 0.557664
v 0.187175 6.234093 0.318884
v 0.280093 6.232229 0.263714
v 1.205412 5.985772 0.836015
v 0.719035 6.158649 0.425256
v 0.358493 6.230583 0.182410
v 0.405436 6.229496 0.097477
v 0.875834 6.143089 0.099171
v 0.426342 6.228968 0.010609
v 2.193842 5.572541 0.076691
v 1.378819 5.933965 0.561453
v 1.410170 5.884962 0.269052
v 1.410792 5.906852 0.020973
v 2.800694 5.161948 0.169555
v 2.176193 5.531580 -0.283078
v 2.668210 5.201747 -0.354465
v 2.100054 5.522104 -0.638844
v 2.607153 5.127331 -0.827842
v 1.836280 5.680768 -1.187574
v 2.466951 5.185369 -1.494151
v 1.529398 5.694186 -1.474869
v 2.137477 5.152447 -1.971023
v 1.229045 5.606443 -1.716457
v 1.599915 5.065573 -2.272110
v 0.837280 5.536466 -1.886222
v 1.105658 5.012462 -2.430661
v 0.367162 5.730805 -1.931928
v 0.532553 5.217423 -2.659903
v 1.443180 5.864339 -0.282512
v 0.269221 5.991518 -1.389986
v 0.886903 5.924709 -1.269192
v 0.596997 5.948128 -1.339710
v 1.524133 5.871075 -0.590022
v 1.313927 5.947042 -0.874162
v 1.131104 5.945271 -1.096162
v 0.361253 6.130603 -0.795201
v 0.511781 6.119266 -0.734990
v 0.094902 6.229993 -0.390706
v 0.180620 6.149611 -0.820289
v 0.161445 6.228254 -0.380624
v 0.891110 6.138803 -0.058118
v 0.662308 6.131783 -0.624604
v 0.759686 6.140169 -0.498990
v 0.302596 6.225428 -0.318114
v 0.843778 6.136877 -0.371634
v 0.906497 6.127808 -0.229469
v 0.230004 6.226607 -0.358443
v 0.357041 6.225086 -0.273752
v 0.397370 6.225334 -0.219308
v 0.423584 6.226515 -0.142682
v 0.431649 6.227850 -0.068074
v 2.068114 4.728050 2.468215
v 2.487813 4.613626 -2.323668
v 2.553077 4.862915 1.982141
v 2.931101 4.740627 1.365726
v 2.992051 4.644248 0.856118
v 3.293530 4.684361 0.242520
v 3.255320 4.636212 -0.353963
v 3.059404 4.571979 -0.851678
v 3.075307 3.642234 2.491161
v 2.984257 4.585021 -1.657980
v 1.912388 4.432954 -2.718567
v 1.384565 4.357164 -2.852058
v 0.761539 4.559365 -3.226294
v 2.236925 4.232939 2.770670
v 2.424179 3.702000 2.969924
v 2.599637 3.012840 3.119407
v 3.267007 2.999538 2.544226
v 2.849930 4.298002 2.261992
v 3.351161 4.052226 0.983894
v 3.730733 4.060843 0.302218
v 3.280530 4.156165 1.546738
v 3.729816 4.040944 -0.341198
v 3.441892 3.882426 -0.847131
v 2.756963 4.041449 -2.566849
v 3.257708 4.084061 -1.809779
v 3.542504 3.501003 1.068110
v 3.502439 3.574353 1.704517
v 2.963662 3.582296 -2.645591
v 3.973893 3.510292 0.355283
v 3.977626 3.510292 -0.341198
v 3.643524 3.342817 -0.907762
v 3.484332 3.510955 -1.881418
v 3.695408 2.959120 1.111255
v 3.633089 2.971834 1.818908
v 3.088124 3.037904 -2.736975
v 4.106311 2.979639 0.428248
v 4.117313 3.019438 -0.354465
v 3.779037 2.798816 -1.017297
v 3.619173 2.937850 -1.913256
v 2.080687 3.930307 -2.960768
v 2.206019 3.438491 -3.129849
v 2.313603 2.973643 -3.230693
v 0.909775 3.982600 -3.550775
v 1.575600 3.440197 -3.210153
v 1.513151 3.859680 -3.066887
v 0.973840 3.478404 -3.756436
v 1.652945 2.884651 -3.320933
v 0.975151 1.858339 3.972271
v 1.021598 2.933954 -3.884043
v 0.866157 0.995101 3.419683
v 1.565023 1.821092 3.402725
v 1.431772 1.065274 3.103853
v 2.653442 1.902156 3.156706
v 3.663129 1.922599 1.239841
v 2.495550 1.114470 2.848920
v 3.270052 1.921260 2.612257
v 3.668912 2.007226 1.838566
v 4.160623 1.949619 0.446563
v 3.084775 2.131608 -2.846319
v 4.174433 1.922727 -0.371515
v 3.723274 1.976474 -1.170213
v 2.604544 1.034320 -2.658701
v 3.789771 1.099810 0.415356
v 3.730537 1.032948 -0.329680
v 3.643235 2.082484 -1.992508
v 3.351065 1.081070 -1.078839
v 3.139025 1.052456 -1.974292
v 2.818657 1.077170 2.526859
v 3.187045 1.042498 1.189048
v 3.135145 1.023394 1.733498
v 1.699772 2.045642 -3.367229
v 0.904330 2.111737 -3.997870
v 0.450277 0.854433 -3.234941
v 2.293850 2.098666 -3.313242
v 1.985516 1.071377 -3.005592
v 0.681977 1.058160 -3.613739
v 1.482784 1.048412 -3.056946
v 1.387039 0.901055 -2.816196
v 1.871689 0.846328 -2.589980
v 2.364110 0.874517 -2.448637
v 3.211913 0.820203 -0.256940
v 2.447244 0.804635 -1.896510
v 2.771060 0.821146 -0.957671
v 2.477537 0.851637 2.215395
v 3.050295 0.771737 0.240400
v 2.716877 0.852481 1.149032
v 2.644342 0.843541 1.638646
v 1.242589 0.825975 2.707972
v 2.117255 0.843285 2.557897
v 0.283830 0.768638 2.983671
v 1.074108 0.747195 2.409476
v 0.210877 0.734035 2.770867
v 1.740645 0.691722 2.358084
v 0.566127 0.956297 -3.424340
v 1.434911 0.974734 -2.936571
v 3.061063 0.951108 -1.018255
v 1.977656 0.991365 -2.856108
v 2.463120 0.937585 -2.539843
v 2.858361 0.915454 -1.875042
v 3.471225 0.926576 -0.293310
v 3.503753 0.964332 0.372951
v 2.951961 0.947489 1.169040
v 2.885003 0.932437 1.709958
v 2.656310 0.983442 2.441303
v 2.368245 1.005968 2.716468
v 1.369159 0.947357 2.930545
v 0.594988 0.873438 3.245629
v 2.228395 0.728565 1.822756
v 2.263213 0.753691 1.483786
v 2.761440 0.707464 0.309450
v 2.338490 0.753000 1.043150
v 2.377623 0.749931 -0.955024
v 2.191531 0.743798 -1.695856
v 2.729520 0.711067 -0.513887
v 1.164864 0.777547 -2.577768
v 1.628910 0.740248 -2.325860
v 0.266446 0.745766 -2.872364
v 0.282756 0.811893 -3.130653
v 0.951420 0.736233 2.243669
v 1.982804 0.704417 1.769343
v 1.663932 0.692989 1.997839
v 2.027380 0.733451 1.388148
v 1.543122 0.729975 1.609479
v 1.634593 0.740758 1.237862
v 0.826620 0.742670 2.009765
v 2.072149 0.740082 -0.892734
v 2.074989 0.739183 0.984667
v 2.308692 0.718582 0.127540
v 2.293740 0.722707 -0.338512
v 1.778391 0.747961 0.868563
v 1.913048 0.751007 0.121973
v 1.716188 0.755867 -0.809947
v 1.941222 0.747668 -0.320517
v 0.992462 0.728970 -2.261682
v 1.670246 0.721910 -1.788199
v 0.805067 0.739806 -1.851175
v 1.336169 0.748200 -1.399325
v 0.546927 0.813969 1.435523
v 0.919498 0.801180 1.247241
v 1.073837 0.806830 1.028353
v 1.248616 0.812475 0.710588
v 1.310717 0.832523 0.175513
v 1.252878 0.843962 -0.164466
v 0.480412 0.853420 -1.097399
v 1.051628 0.858181 -0.549160
v 0.831654 0.859051 -0.829208
v 0.237463 1.011238 -0.432510
v 0.492885 1.007415 -0.092895
v 0.364790 1.016424 -0.281006
v 0.250221 0.909826 1.037558
v 0.640497 0.957979 0.376979
v 0.594546 0.984872 0.145298
v 0.568230 0.928737 0.699574
v 0.401095 0.910788 0.944884
v 0.530319 0.913939 0.826625
v 2.977762 0.519331 -0.178804
v 2.796623 0.518053 -0.360783
v 2.950256 0.508305 0.024078
v 2.725525 0.510565 0.154251
v 2.518485 0.487919 0.032388
v 2.490460 0.496927 -0.203643
v 0.098456 0.656871 -3.083495
v 0.121572 0.625885 -2.960102
v 1.981026 0.687607 -2.467284
v 2.288059 0.707367 -2.358017
v 2.151952 0.618379 -1.886705
v 1.767126 0.630725 -2.304577
v 1.816740 0.611762 -1.963474
v 2.326802 0.667589 -2.025267
v 0.137850 0.530226 3.033577
v 0.118235 0.515303 2.907649
v 2.354680 0.675500 2.184332
v 2.131345 0.691512 2.454201
v 2.230048 0.621842 1.929069
v 1.988494 0.593889 1.888056
v 1.819615 0.596320 2.328526
v 1.767683 0.604070 2.048978
v 2.343633 0.448674 2.176202
v 2.180224 0.467054 2.382195
v 2.232674 0.435186 1.988409
v 2.047837 0.419351 1.972232
v 1.909830 0.408400 2.109318
v 2.366773 0.287672 2.187796
v 1.949056 0.418212 2.307996
v 2.237875 0.280296 2.346549
v 2.248155 0.287023 2.013786
v 2.133038 0.096376 2.287217
v 2.099981 0.272170 2.017437
v 1.997446 0.263466 2.133856
v 2.049711 0.264516 2.302855
v 2.300264 0.120963 2.327388
v 2.092669 0.089947 2.152450
v 2.158630 0.103766 2.054801
v 2.289838 0.120659 2.035527
v 2.408823 0.130685 2.191547
v 2.455955 -0.005394 2.206006
v 2.351481 -0.026898 2.322194
v 2.204565 -0.047921 2.281052
v 2.410681 -0.183977 2.323127
v 2.169143 -0.053802 2.154075
v 2.226218 -0.044303 2.072097
v 2.335157 -0.014339 2.046812
v 2.522078 -0.170253 2.218819
v 2.475039 -0.345404 2.329755
v 2.588605 -0.326445 2.222331
v 2.275592 -0.212012 2.274669
v 2.324340 -0.365552 2.268945
v 2.245502 -0.210486 2.153694
v 2.314362 -0.378577 2.148164
v 2.300960 -0.205305 2.078183
v 2.572110 -0.648407 2.352625
v 2.364526 -0.362567 2.077791
v 2.397613 -0.180239 2.053205
v 2.472568 -0.340924 2.052634
v 2.714853 -0.636735 2.223760
v 2.594373 -0.631630 2.043446
v 2.457691 -0.645021 2.066930
v 2.396576 -0.646403 2.150990
v 2.426925 -0.659637 2.296430
v 2.812388 -1.159198 2.235886
v 2.665015 -1.191081 2.364846
v 2.651729 -0.481590 2.223045
v 2.707675 -1.170663 2.038784
v 2.523574 -0.496906 2.341190
v 2.533471 -0.486277 2.048040
v 2.411108 -0.503794 2.072361
v 2.355469 -0.512490 2.149577
v 2.375633 -0.512595 2.282688
v 2.416109 0.763569 2.199863
v 2.124300 0.767398 2.506049
v 2.229222 0.675204 1.875913
v 1.985649 0.649153 1.828700
v 1.780130 0.644021 2.343305
v 1.715807 0.648529 2.023409
v 2.789841 0.619902 -0.428698
v 3.099821 0.682549 -0.217147
v 3.006072 0.659917 0.137570
v 2.743482 0.609014 0.231850
v 2.413589 0.603251 0.079964
v 2.392100 0.609817 -0.271077
v 1.926358 0.766967 -2.528632
v 2.326085 0.790942 -2.403327
v 1.743493 0.666836 -1.875836
v 1.698018 0.685487 -2.315219
v 2.171742 0.681088 -1.791280
v 2.387023 0.736112 -1.960888
v 0.190606 0.734382 -3.107074
v 0.194009 0.685825 -2.916233
v 0.184110 0.649432 3.008624
v 0.141630 0.624669 2.839258
v 2.493957 -1.175104 2.145335
v 2.531431 -1.192834 2.319721
v 2.642730 -1.770374 2.333139
v 2.555006 -1.167702 2.063061
v 2.540211 -1.773063 2.267624
v 2.776204 -0.868847 2.233892
v 2.768909 -1.781505 2.245760
v 2.693750 -1.779060 2.070530
v 2.560279 -1.766307 2.091122
v 2.496817 -1.772521 2.165448
v 2.642582 -0.887656 2.364559
v 2.651024 -0.901147 2.041115
v 2.506349 -0.906361 2.064996
v 2.497927 -0.938907 2.307662
v 2.445267 -0.910753 2.148163
v 2.553781 -1.476998 2.312730
v 2.653953 -1.469328 2.349786
v 2.817233 -1.438804 2.239522
v 2.715622 -1.464351 2.059666
v 2.557137 -1.481712 2.077597
v 2.495387 -1.473812 2.155391
v 2.866444 -0.055976 -0.198638
v 2.872360 -0.052952 -0.044653
v 2.610067 -0.014999 -0.038088
v 2.731876 -0.030017 0.036627
v 2.626390 -0.029230 -0.208745
v 2.778604 -0.062448 -0.261554
v 2.794833 -0.457411 -0.302836
v 2.883948 -0.472091 -0.238599
v 2.638475 -0.455007 -0.260060
v 2.639963 -0.464793 -0.089963
v 2.895815 0.239131 -0.014798
v 2.756801 -0.476188 -0.043176
v 2.854736 -0.476251 -0.102241
v 2.906606 0.234803 -0.175923
v 2.584467 0.233124 -0.007785
v 2.730693 0.241532 0.076225
v 2.579079 0.230847 -0.197395
v 2.775606 0.232044 -0.286203
v 2.875196 -0.264033 -0.218619
v 2.781010 -0.260893 -0.278667
v 2.632432 -0.242118 -0.234402
v 2.742525 -0.255994 -0.001545
v 2.625015 -0.239896 -0.064025
v 2.863106 -0.253706 -0.070253
v 2.805172 -1.000313 -0.326388
v 2.644773 -1.040459 -0.303720
v 2.853141 -1.651393 -0.017916
v 2.883587 -0.989398 -0.248899
v 2.855059 -0.998964 -0.103516
v 2.762240 -1.001016 -0.054767
v 2.628914 -1.014095 -0.107122
v 2.881669 -1.641826 -0.163299
v 2.621434 -1.671404 -0.208648
v 2.750800 -1.649946 0.030111
v 2.623890 -1.660773 -0.045513
v 2.823049 -1.640344 -0.254395
v 2.803512 -0.734539 -0.325952
v 2.646530 -0.712031 -0.297596
v 2.883768 -0.730744 -0.243749
v 2.854897 -0.737607 -0.102878
v 2.759521 -0.738602 -0.048972
v 2.636759 -0.719611 -0.118673
v 2.865616 -1.313407 -0.067572
v 2.893803 -1.301802 -0.219286
v 2.765621 -1.324895 -0.013609
v 2.621847 -1.323993 -0.085054
v 2.631870 -1.348113 -0.268818
v 2.828165 -1.307241 -0.299784
v 2.856654 -1.993815 0.007791
v 2.864462 -1.989706 -0.117979
v 2.637482 -1.999596 -0.150984
v 2.808280 -1.986428 -0.198785
v 2.751335 -1.999106 0.051872
v 2.634157 -1.999656 0.002998
v 2.356174 0.208471 -2.267484
v 2.165907 0.198311 -2.337364
v 2.277654 0.148370 -2.034090
v 2.063429 0.167679 -2.243566
v 2.096490 0.164930 -2.071745
v 2.379997 -0.260208 -2.294699
v 2.374630 0.177752 -2.116528
v 2.507115 -0.237659 -2.243609
v 2.446311 -0.257584 -2.083637
v 2.315204 -0.301306 -2.213028
v 2.360557 -0.300123 -2.100169
v 2.522470 -0.624832 -2.279567
v 2.513178 -0.245111 -2.140794
v 2.631634 -0.620101 -2.236944
v 2.637979 -0.627654 -2.151735
v 2.581023 -0.648334 -2.103516
v 2.463089 -0.645772 -2.223413
v 2.483009 -0.645667 -2.129594
v 2.080873 0.421426 -2.378850
v 2.302401 0.451826 -2.296499
v 1.965198 0.373517 -2.055774
v 2.214803 0.383374 -1.960397
v 1.935199 0.394330 -2.267523
v 2.324582 0.403677 -2.085099
v 2.433069 -0.018870 -2.248636
v 2.288080 -0.047253 -2.311477
v 2.222700 -0.054451 -2.091333
v 2.194253 -0.072753 -2.220815
v 2.361982 -0.054607 -2.058864
v 2.443694 -0.031757 -2.129398
v 2.572426 -0.423625 -2.234364
v 2.454705 -0.463285 -2.282427
v 2.572046 -0.426425 -2.144235
v 2.513667 -0.452959 -2.093576
v 2.426932 -0.467646 -2.112911
v 2.398216 -0.481497 -2.222691
v 2.620263 -1.126256 -2.278782
v 2.730069 -1.124438 -2.242463
v 2.673519 -1.101901 -2.105700
v 2.557744 -1.127937 -2.222160
v 2.576997 -1.127802 -2.144821
v 2.739469 -1.117516 -2.161318
v 2.560118 -0.784501 -2.274546
v 2.666637 -0.778466 -2.246783
v 2.525215 -0.803044 -2.138319
v 2.513293 -0.799270 -2.223272
v 2.609682 -0.795745 -2.103803
v 2.675856 -0.780941 -2.150257
v 2.704585 -0.950099 -2.247591
v 2.588115 -0.949250 -2.277263
v 2.554988 -0.958687 -2.143778
v 2.535422 -0.954260 -2.222233
v 2.637035 -0.947246 -2.104123
v 2.708604 -0.945753 -2.152616
v 2.594085 -1.900822 -2.290816
v 2.720291 -1.897612 -2.254470
v 2.631910 -1.898475 -2.096281
v 2.718098 -1.903742 -2.150944
v 2.633034 -1.387293 -2.282279
v 2.542690 -1.898995 -2.161961
v 2.536582 -1.884745 -2.225100
v 2.748618 -1.361496 -2.251692
v 2.568000 -1.392958 -2.230050
v 2.750954 -1.371281 -2.156770
v 2.675406 -1.365302 -2.100932
v 2.580139 -1.386084 -2.157864
v 2.739537 -1.623168 -2.248834
v 2.573262 -1.641288 -2.226828
v 2.747343 -1.632950 -2.149858
v 2.658574 -1.626500 -2.097051
v 2.562756 -1.642330 -2.158830
v 2.628933 -1.655866 -2.286589
v 2.609385 -2.335482 -2.270253
v 2.609082 -2.336460 -2.152464
v 2.455068 -2.317841 -2.151895
v 2.479517 -2.325511 -2.293620
v 2.386720 -2.308360 -2.231405
v 2.535297 -2.333474 -2.096648
v 2.680625 -2.116019 -2.267472
v 2.677276 -2.118520 -2.154104
v 2.502052 -2.109944 -2.156871
v 2.588214 -2.112559 -2.097865
v 2.554121 -2.118454 -2.293819
v 2.454275 -2.103332 -2.234873
v 0.077834 0.416993 -2.974782
v 0.066802 0.421852 -3.035155
v 0.120306 0.521318 -2.977106
v 0.106349 0.534421 -3.042954
v 2.464006 -2.758465 -2.251716
v 2.353998 -2.764038 -2.293317
v 2.303604 -2.752144 -2.137549
v 2.245311 -2.741525 -2.225177
v 2.478163 -2.771451 -2.157162
v 2.397010 -2.765113 -2.100338
v 2.420776 -2.540335 -2.291133
v 2.538589 -2.537732 -2.266302
v 2.385874 -2.542541 -2.151814
v 2.461396 -2.551589 -2.097099
v 2.318507 -2.517245 -2.228587
v 2.539771 -2.556548 -2.150124
v 2.827544 -2.883365 0.056980
v 2.852463 -2.880050 -0.029200
v 2.736354 -2.876959 0.093251
v 2.794056 -2.887140 -0.064191
v 2.648125 -2.874560 -0.072289
v 2.643544 -2.879952 0.009085
v 2.842345 -2.354183 0.031656
v 2.847263 -2.364487 -0.075701
v 2.752727 -2.363058 0.074730
v 2.781290 -2.363262 -0.142807
v 2.645192 -2.365200 0.003093
v 2.661310 -2.371395 -0.111741
v 2.828811 -2.620809 0.045315
v 2.738206 -2.614533 0.086708
v 2.659502 -2.628507 -0.073108
v 2.850622 -2.622263 -0.051406
v 2.781321 -2.627188 -0.088298
v 2.646438 -2.618160 0.012997
v 2.392175 -2.816662 2.312620
v 2.492635 -2.864639 2.231658
v 2.246106 -2.745040 2.286806
v 2.435904 -2.820925 2.091175
v 2.331381 -2.782595 2.082931
v 2.237765 -2.761541 2.162553
v 2.692042 -2.165345 2.248123
v 2.553369 -2.136626 2.323881
v 2.477936 -2.131902 2.088176
v 2.615773 -2.145593 2.082231
v 2.403627 -2.128306 2.164406
v 2.436780 -2.116977 2.275417
v 2.474528 -2.451538 2.322849
v 2.409356 -2.436392 2.085722
v 2.593588 -2.498525 2.245220
v 2.533689 -2.456910 2.083752
v 2.326012 -2.424627 2.163539
v 2.345643 -2.423155 2.283858
v -0.909753 2.905791 3.949259
v -1.589498 2.831931 3.364772
v -0.868903 3.598730 3.765368
v -1.565141 3.512712 3.191314
v -0.782451 4.294771 3.421645
v -1.460154 4.079544 2.980781
v 0.000000 3.613805 3.931774
v 0.000000 4.337965 3.573406
v 0.000000 2.925854 4.115247
v -0.710131 4.733490 3.099805
v 0.000000 4.787349 3.237489
v -0.602952 5.260409 2.553090
v 0.000000 5.284422 2.676845
v -0.406338 5.759225 1.855133
v 0.000000 5.778854 1.940016
v -0.325127 6.002979 1.332756
v 0.000000 6.018291 1.362861
v -0.175464 6.167253 0.735370
v 0.000000 6.171850 0.751077
v -0.088449 6.235522 0.347921
v 0.000000 6.235988 0.355368
v -0.704456 5.977417 1.206313
v -1.419595 4.594938 2.662383
v -1.246129 5.038022 2.311893
v -1.027215 5.672270 1.645031
v -0.384529 6.152593 0.669166
v -1.721299 5.256154 2.052037
v -1.340045 5.761554 1.437251
v -2.198169 5.346848 1.575166
v -1.640398 5.778264 1.143427
v -2.501633 5.232953 1.150317
v -1.891816 5.694839 0.836016
v -2.643420 5.122576 0.604338
v -2.057999 5.581502 0.453074
v -0.951321 5.985866 1.073848
v -0.816599 6.153307 0.261488
v -0.583142 6.154984 0.557664
v -0.187175 6.234093 0.318884
v -0.280093 6.232229 0.263714
v -1.205412 5.985772 0.836015
v -0.719035 6.158649 0.425256
v -0.358493 6.230583 0.182410
v -0.405436 6.229496 0.097477
v -0.875834 6.143089 0.099171
v -0.426342 6.228968 0.010609
v -2.193842 5.572541 0.076691
v -1.378819 5.933965 0.561453
v -1.410170 5.884962 0.269052
v -1.410792 5.906852 0.020973
v -2.800694 5.161948 0.169555
v -2.167286 5.540038 -0.334565
v -2.668210 5.201747 -0.354465
v -2.050734 5.593402 -0.740824
v -2.607153 5.127331 -0.827842
v -1.836280 5.680768 -1.187574
v -2.466951 5.185369 -1.494151
v -1.529398 5.694186 -1.474869
v -2.137477 5.152447 -1.971023
v -1.229045 5.606443 -1.716457
v -1.599915 5.065573 -2.272110
v -0.837280 5.536466 -1.886222
v -1.105658 5.012462 -2.430661
v -0.367162 5.730805 -1.931928
v -0.532553 5.217423 -2.659903
v 0.000000 5.775852 -1.947725
v 0.000000 5.311054 -2.691260
v -1.428114 5.882973 -0.337218
v 0.000000 6.277674 -0.013358
v -0.269221 5.991518 -1.389986
v 0.000000 5.977797 -1.478147
v -0.886903 5.924709 -1.269192
v -0.596997 5.948128 -1.339710
v -1.524133 5.871075 -0.590022
v -1.313927 5.947042 -0.874162
v -1.131104 5.945271 -1.096162
v -0.361253 6.130603 -0.795201
v -0.511781 6.119266 -0.734990
v -0.094902 6.229993 -0.390706
v -0.180620 6.149611 -0.820289
v 0.000000 6.154829 -0.835342
v 0.000000 6.230832 -0.396755
v -0.161445 6.228254 -0.380624
v -0.891110 6.138803 -0.058118
v -0.662308 6.131783 -0.624604
v -0.759686 6.140169 -0.498990
v -0.302596 6.225428 -0.318114
v -0.843778 6.136877 -0.371634
v -0.906497 6.127808 -0.229469
v -0.230004 6.226607 -0.358443
v -0.357041 6.225086 -0.273752
v -0.397370 6.225334 -0.219308
v -0.423584 6.226515 -0.142682
v -0.431649 6.227850 -0.068074
v -2.068114 4.728050 2.468215
v -2.487813 4.613626 -2.323668
v -2.614348 4.843529 1.913311
v -2.931101 4.740627 1.365726
v -3.074520 4.595332 0.756546
v -3.293530 4.684361 0.242520
v -3.217039 4.697627 -0.387630
v -3.083737 4.518532 -0.938182
v -3.075307 3.642234 2.491161
v -2.984257 4.585021 -1.657980
v -1.912388 4.432954 -2.718567
v -1.384565 4.357164 -2.852058
v 0.000000 4.691214 -3.321579
v -0.761539 4.559365 -3.226294
v -2.283540 4.245055 2.740752
v -2.424179 3.702000 2.969924
v -2.599637 3.012840 3.119407
v -3.267007 2.999538 2.544226
v -2.849930 4.298002 2.261992
v -3.404940 3.999421 0.911706
v -3.730733 4.060843 0.302218
v -3.280530 4.156165 1.546738
v -3.719673 4.006424 -0.375076
v -3.443634 3.859873 -0.993549
v -2.756963 4.041449 -2.566849
v -3.257708 4.084061 -1.809779
v -3.596327 3.499981 0.998128
v -3.502439 3.574353 1.704517
v -2.963662 3.582296 -2.645591
v -3.973893 3.510292 0.355283
v -3.977626 3.510292 -0.341198
v -3.627671 3.352108 -1.042584
v -3.484332 3.510955 -1.881418
v -3.710137 2.946473 1.091564
v -3.633089 2.971834 1.818908
v -3.088124 3.037904 -2.736975
v -4.106311 2.979639 0.428248
v -4.117313 3.019438 -0.354465
v -3.730602 2.874172 -1.077479
v -3.619173 2.937850 -1.913256
v 0.000000 4.181762 -3.659717
v -2.080687 3.930307 -2.960768
v -2.206019 3.438491 -3.129849
v -2.313603 2.973643 -3.230693
v -0.909775 3.982600 -3.550775
v -1.575600 3.440197 -3.210153
v -1.513151 3.859680 -3.066887
v -0.973840 3.478404 -3.756436
v -1.652945 2.884651 -3.320933
v 0.000000 3.747463 -3.878993
v -0.975151 1.858339 3.972271
v -1.021598 2.933954 -3.884043
v 0.000000 3.077285 -4.086295
v 0.000000 1.878402 4.138260
v -0.866157 0.995101 3.419683
v 0.000000 0.970986 3.603616
v -1.565023 1.821092 3.402725
v -1.431772 1.065274 3.103853
v -2.653442 1.902156 3.156706
v -3.739836 1.994615 1.143312
v -2.495550 1.114470 2.848920
v -3.270052 1.921260 2.612257
v -3.668912 2.007226 1.838566
v -4.160623 1.949619 0.446563
v -3.084775 2.131608 -2.846319
v -4.174433 1.922727 -0.371515
v -3.723274 1.976474 -1.170213
v -2.604544 1.034320 -2.658701
v -3.789771 1.099810 0.415356
v -3.730537 1.032948 -0.329680
v -3.643235 2.082484 -1.992508
v -3.351065 1.081070 -1.078839
v -3.139025 1.052456 -1.974292
v -2.818657 1.077170 2.526859
v -3.187045 1.042498 1.189048
v -3.135145 1.023394 1.733498
v -1.699772 2.045642 -3.367229
v -0.904330 2.111737 -3.997870
v -0.450277 0.854433 -3.234941
v 0.000000 2.076241 -4.162064
v -2.293850 2.098666 -3.313242
v -1.985516 1.071377 -3.005592
v -0.681977 1.058160 -3.613739
v 0.000000 1.086815 -3.761304
v -1.482784 1.048412 -3.056946
v 0.000000 0.880436 -3.381315
v -1.387039 0.901055 -2.816196
v -1.871689 0.846328 -2.589980
v -2.364110 0.874517 -2.448637
v -3.211913 0.820203 -0.256940
v -2.447244 0.804635 -1.896510
v -2.771060 0.821146 -0.957671
v -2.477537 0.851637 2.215395
v -3.050295 0.771737 0.240400
v -2.716877 0.852481 1.149032
v -2.644342 0.843541 1.638646
v -1.242589 0.825975 2.707972
v -2.117255 0.843285 2.557897
v -0.283830 0.768638 2.983671
v 0.000000 0.830088 3.210513
v -1.074108 0.747195 2.409476
v -0.210877 0.734035 2.770867
v 0.000000 0.983626 -3.571310
v -1.740645 0.691722 2.358084
v -0.566127 0.956297 -3.424340
v -1.434911 0.974734 -2.936571
v -3.061063 0.951108 -1.018255
v -1.977656 0.991365 -2.856108
v -2.463120 0.937585 -2.539843
v -2.858361 0.915454 -1.875042
v -3.471225 0.926576 -0.293310
v -3.503753 0.964332 0.372951
v -2.951961 0.947489 1.169040
v -2.885003 0.932437 1.709958
v -2.656310 0.983442 2.441303
v -2.368245 1.005968 2.716468
v -1.369159 0.947357 2.930545
v -0.594988 0.873438 3.245629
v 0.000000 0.900537 3.407064
v -2.228395 0.728565 1.822756
v -2.263213 0.753691 1.483786
v -2.761440 0.707464 0.309450
v -2.338490 0.753000 1.043150
v -2.377623 0.749931 -0.955024
v -2.191531 0.743798 -1.695856
v -2.729520 0.711067 -0.513887
v -1.164864 0.777547 -2.577768
v -1.628910 0.740248 -2.325860
v -0.266446 0.745766 -2.872364
v -0.282756 0.811893 -3.130653
v -0.951420 0.736233 2.243669
v 0.000000 0.727596 2.629907
v -1.982804 0.704417 1.769343
v -1.663932 0.692989 1.997839
v -2.027380 0.733451 1.388148
v -1.543122 0.729975 1.609479
v -1.634593 0.740758 1.237862
v -0.826620 0.742670 2.009765
v -2.072149 0.740082 -0.892734
v -2.074989 0.739183 0.984667
v -2.308692 0.718582 0.127540
v -2.293740 0.722707 -0.338512
v -1.778391 0.747961 0.868563
v -1.913048 0.751007 0.121973
v 0.000000 0.745466 2.257053
v -1.716188 0.755867 -0.809947
v -1.941222 0.747668 -0.320517
v -0.992462 0.728970 -2.261682
v -1.670246 0.721910 -1.788199
v -0.805067 0.739806 -1.851175
v 0.000000 0.716727 -2.618734
v -1.336169 0.748200 -1.399325
v -0.546927 0.813969 1.435523
v 0.000000 0.731954 -2.060728
v 0.000000 0.838815 1.500753
v -0.919498 0.801180 1.247241
v -1.073837 0.806830 1.028353
v -1.248616 0.812475 0.710588
v -1.310717 0.832523 0.175513
v -1.252878 0.843962 -0.164466
v -0.480412 0.853420 -1.097399
v 0.000000 0.856778 -1.191381
v -1.051628 0.858181 -0.549160
v -0.831654 0.859051 -0.829208
v -0.237463 1.011238 -0.432510
v 0.000000 1.010247 -0.507182
v -0.492885 1.007415 -0.092895
v -0.364790 1.016424 -0.281006
v 0.000000 0.912610 1.117587
v -0.250221 0.909826 1.037558
v -0.640497 0.957979 0.376979
v -0.594546 0.984872 0.145298
v -0.568230 0.928737 0.699574
v -0.401095 0.910788 0.944884
v -0.530319 0.913939 0.826625
v 0.000000 1.058239 0.390530
v -2.977762 0.519331 -0.178804
v -2.796623 0.518053 -0.360783
v -2.950256 0.508305 0.024078
v -2.725525 0.510565 0.154251
v 0.000000 0.665432 -3.168758
v -2.518485 0.487919 0.032388
v -2.490460 0.496927 -0.203643
v -0.098456 0.656871 -3.083495
v -0.121572 0.625885 -2.960102
v -1.981026 0.687607 -2.467284
v 0.000000 0.564402 -2.817088
v -2.288059 0.707367 -2.358017
v -2.151952 0.618379 -1.886705
v -1.767126 0.630725 -2.304577
v -1.816740 0.611762 -1.963474
v -2.326802 0.667589 -2.025267
v -0.137850 0.530226 3.033577
v -0.000000 0.530499 3.149055
v -0.118235 0.515303 2.907649
v -0.000000 0.498374 2.832813
v -2.354680 0.675500 2.184332
v -2.131345 0.691512 2.454201
v -2.230048 0.621842 1.929069
v -1.988494 0.593889 1.888056
v -1.819615 0.596320 2.328526
v -1.767683 0.604070 2.048978
v -2.343633 0.448674 2.176202
v -2.180224 0.467054 2.382195
v -2.232674 0.435186 1.988409
v -2.047837 0.419351 1.972232
v -1.909830 0.408400 2.109318
v -2.366773 0.287672 2.187796
v -1.949056 0.418212 2.307996
v -2.237875 0.280296 2.346549
v -2.248155 0.287023 2.013786
v -2.133038 0.096376 2.287217
v -2.099981 0.272170 2.017437
v -1.997446 0.263466 2.133856
v -2.049711 0.264516 2.302855
v -2.300264 0.120963 2.327388
v -2.092669 0.089947 2.152450
v -2.158630 0.103766 2.054801
v -2.289838 0.120659 2.035527
v -2.408823 0.130685 2.191547
v -2.455955 -0.005394 2.206006
v -2.351481 -0.026898 2.322194
v -2.204565 -0.047921 2.281052
v -2.410681 -0.183977 2.323127
v -2.169143 -0.053802 2.154075
v -2.226218 -0.044303 2.072097
v -2.335157 -0.014339 2.046812
v -2.522078 -0.170253 2.218819
v -2.475039 -0.345404 2.329755
v -2.588605 -0.326445 2.222331
v -2.275592 -0.212012 2.274669
v -2.324340 -0.365552 2.268945
v -2.245502 -0.210486 2.153694
v -2.314362 -0.378577 2.148164
v -2.300960 -0.205305 2.078183
v -2.572110 -0.648407 2.352625
v -2.364526 -0.362567 2.077791
v -2.397613 -0.180239 2.053205
v -2.472568 -0.340924 2.052634
v -2.714853 -0.636735 2.223760
v -2.594373 -0.631630 2.043446
v -2.457691 -0.645021 2.066930
v -2.396576 -0.646403 2.150990
v -2.426925 -0.659637 2.296430
v -2.812388 -1.159198 2.235886
v -2.665015 -1.191081 2.364846
v -2.651729 -0.481590 2.223045
v -2.707675 -1.170663 2.038784
v -2.523574 -0.496906 2.341190
v -2.533471 -0.486277 2.048040
v -2.411108 -0.503794 2.072361
v -2.355469 -0.512490 2.149577
v -2.375633 -0.512595 2.282688
v -2.416109 0.763569 2.199863
v -2.124300 0.767398 2.506049
v -2.229222 0.675204 1.875913
v -1.985649 0.649153 1.828700
v -1.780130 0.644021 2.343305
v -1.715807 0.648529 2.023409
v -2.789841 0.619902 -0.428698
v -3.099821 0.682549 -0.217147
v -3.006072 0.659917 0.137570
v -2.743482 0.609014 0.231850
v -2.413589 0.603251 0.079964
v -2.392100 0.609817 -0.271077
v -1.926358 0.766967 -2.528632
v -2.326085 0.790942 -2.403327
v -1.743493 0.666836 -1.875836
v -1.698018 0.685487 -2.315219
v -2.171742 0.681088 -1.791280
v -2.387023 0.736112 -1.960888
v 0.000000 0.772934 -3.275036
v -0.190606 0.734382 -3.107074
v -0.194009 0.685825 -2.916233
v 0.000000 0.640565 -2.717911
v -0.184110 0.649432 3.008624
v 0.000000 0.680293 3.179784
v 0.000000 0.612985 2.731360
v -0.141630 0.624669 2.839258
v -2.493957 -1.175104 2.145335
v -2.531431 -1.192834 2.319721
v -2.642730 -1.770374 2.333139
v -2.555006 -1.167702 2.063061
v -2.540211 -1.773063 2.267624
v -2.776204 -0.868847 2.233892
v -2.768909 -1.781505 2.245760
v -2.693750 -1.779060 2.070530
v -2.560279 -1.766307 2.091122
v -2.496817 -1.772521 2.165448
v -2.642582 -0.887656 2.364559
v -2.651024 -0.901147 2.041115
v -2.506349 -0.906361 2.064996
v -2.497927 -0.938907 2.307662
v -2.445267 -0.910753 2.148163
v -2.553781 -1.476998 2.312730
v -2.653953 -1.469328 2.349786
v -2.817233 -1.438804 2.239522
v -2.715622 -1.464351 2.059666
v -2.557137 -1.481712 2.077597
v -2.495387 -1.473812 2.155391
v -2.866444 -0.055976 -0.198638
v -2.872360 -0.052952 -0.044653
v -2.610067 -0.014999 -0.038088
v -2.731876 -0.030017 0.036627
v -2.626390 -0.029230 -0.208745
v -2.778604 -0.062448 -0.261554
v -2.794833 -0.457411 -0.302836
v -2.883948 -0.472091 -0.238599
v -2.638475 -0.455007 -0.260060
v -2.639963 -0.464793 -0.089963
v -2.895815 0.239131 -0.014798
v -2.756801 -0.476188 -0.043176
v -2.854736 -0.476251 -0.102241
v -2.906606 0.234803 -0.175923
v -2.584467 0.233124 -0.007785
v -2.730693 0.241532 0.076225
v -2.579079 0.230847 -0.197395
v -2.775606 0.232044 -0.286203
v -2.875196 -0.264033 -0.218619
v -2.781010 -0.260893 -0.278667
v -2.632432 -0.242118 -0.234402
v -2.742525 -0.255994 -0.001545
v -2.625015 -0.239896 -0.064025
v -2.863106 -0.253706 -0.070253
v -2.805172 -1.000313 -0.326388
v -2.644773 -1.040459 -0.303720
v -2.853141 -1.651393 -0.017916
v -2.883587 -0.989398 -0.248899
v -2.855059 -0.998964 -0.103516
v -2.762240 -1.001016 -0.054767
v -2.628914 -1.014095 -0.107122
v -2.881669 -1.641826 -0.163299
v -2.621434 -1.671404 -0.208648
v -2.750800 -1.649946 0.030111
v -2.623890 -1.660773 -0.045513
v -2.823049 -1.640344 -0.254395
v -2.803512 -0.734539 -0.325952
v -2.646530 -0.712031 -0.297596
v -2.883768 -0.730744 -0.243749
v -2.854897 -0.737607 -0.102878
v -2.759521 -0.738602 -0.048972
v -2.636759 -0.719611 -0.118673
v -2.865616 -1.313407 -0.067572
v -2.893803 -1.301802 -0.219286
v -2.765621 -1.324895 -0.013609
v -2.621847 -1.323993 -0.085054
v -2.631870 -1.348113 -0.268818
v -2.828165 -1.307241 -0.299784
v -2.856654 -1.993815 0.007791
v -2.864462 -1.989706 -0.117979
v -2.637482 -1.999596 -0.150984
v -2.808280 -1.986428 -0.198785
v -2.751335 -1.999106 0.051872
v -2.634157 -1.999656 0.002998
v -2.356174 0.208471 -2.267484
v -2.165907 0.198311 -2.337364
v -2.277654 0.148370 -2.034090
v -2.063429 0.167679 -2.243566
v -2.096490 0.164930 -2.071745
v -2.379997 -0.260208 -2.294699
v -2.374630 0.177752 -2.116528
v -2.507115 -0.237659 -2.243609
v -2.446311 -0.257584 -2.083637
v -2.315204 -0.301306 -2.213028
v -2.360557 -0.300123 -2.100169
v -2.522470 -0.624832 -2.279567
v -2.513178 -0.245111 -2.140794
v -2.631634 -0.620101 -2.236944
v -2.637979 -0.627654 -2.151735
v -2.581023 -0.648334 -2.103516
v -2.463089 -0.645772 -2.223413
v -2.483009 -0.645667 -2.129594
v -2.080873 0.421426 -2.378850
v -2.302401 0.451826 -2.296499
v -1.965198 0.373517 -2.055774
v -2.214803 0.383374 -1.960397
v -1.935199 0.394330 -2.267523
v -2.324582 0.403677 -2.085099
v -2.433069 -0.018870 -2.248636
v -2.288080 -0.047253 -2.311477
v -2.222700 -0.054451 -2.091333
v -2.194253 -0.072753 -2.220815
v -2.361982 -0.054607 -2.058864
v -2.443694 -0.031757 -2.129398
v -2.572426 -0.423625 -2.234364
v -2.454705 -0.463285 -2.282427
v -2.572046 -0.426425 -2.144235
v -2.513667 -0.452959 -2.093576
v -2.426932 -0.467646 -2.112911
v -2.398216 -0.481497 -2.222691
v -2.620263 -1.126256 -2.278782
v -2.730069 -1.124438 -2.242463
v -2.673519 -1.101901 -2.105700
v -2.557744 -1.127937 -2.222160
v -2.576997 -1.127802 -2.144821
v -2.739469 -1.117516 -2.161318
v -2.560118 -0.784501 -2.274546
v -2.666637 -0.778466 -2.246783
v -2.525215 -0.803044 -2.138319
v -2.513293 -0.799270 -2.223272
v -2.609682 -0.795745 -2.103803
v -2.675856 -0.780941 -2.150257
v -2.704585 -0.950099 -2.247591
v -2.588115 -0.949250 -2.277263
v -2.554988 -0.958687 -2.143778
v -2.535422 -0.954260 -2.222233
v -2.637035 -0.947246 -2.104123
v -2.708604 -0.945753 -2.152616
v -2.594085 -1.900822 -2.290816
v -2.720291 -1.897612 -2.254470
v -2.631910 -1.898475 -2.096281
v -2.718098 -1.903742 -2.150944
v -2.633034 -1.387293 -2.282279
v -2.542690 -1.898995 -2.161961
v -2.536582 -1.884745 -2.225100
v -2.748618 -1.361496 -2.251692
v -2.568000 -1.392958 -2.230050
v -2.750954 -1.371281 -2.156770
v -2.675406 -1.365302 -2.100932
v -2.580139 -1.386084 -2.157864
v -2.739537 -1.623168 -2.248834
v -2.573262 -1.641288 -2.226828
v -2.747343 -1.632950 -2.149858
v -2.658574 -1.626500 -2.097051
v -2.562756 -1.642330 -2.158830
v -2.628933 -1.655866 -2.286589
v -2.609385 -2.335482 -2.270253
v -2.609082 -2.336460 -2.152464
v -2.455068 -2.317841 -2.151895
v -2.479517 -2.325511 -2.293620
v -2.386720 -2.308360 -2.231405
v -2.535297 -2.333474 -2.096648
v -2.680625 -2.116019 -2.267472
v -2.677276 -2.118520 -2.154104
v -2.502052 -2.109944 -2.156871
v -2.588214 -2.112559 -2.097865
v -2.554121 -2.118454 -2.293819
v -2.454275 -2.103332 -2.234873
v 0.007292 0.427792 -3.087662
v 0.007292 0.543444 -3.119047
v -0.063249 0.416993 -2.974782
v 0.007292 0.416265 -2.895029
v -0.052217 0.421852 -3.035155
v -0.105722 0.521318 -2.977106
v 0.007292 0.484185 -2.855932
v -0.091765 0.534421 -3.042954
v -2.464006 -2.758465 -2.251716
v -2.353998 -2.764038 -2.293317
v -2.303604 -2.752144 -2.137549
v -2.245311 -2.741525 -2.225177
v -2.478163 -2.771451 -2.157162
v -2.397010 -2.765113 -2.100338
v -2.420776 -2.540335 -2.291133
v -2.538589 -2.537732 -2.266302
v -2.385874 -2.542541 -2.151814
v -2.461396 -2.551589 -2.097099
v -2.318507 -2.517245 -2.228587
v -2.539771 -2.556548 -2.150124
v -2.827544 -2.883365 0.056980
v -2.852463 -2.880050 -0.029200
v -2.736354 -2.876959 0.093251
v -2.794056 -2.887140 -0.064191
v -2.648125 -2.874560 -0.072289
v -2.643544 -2.879952 0.009085
v -2.842345 -2.354183 0.031656
v -2.847263 -2.364487 -0.075701
v -2.752727 -2.363058 0.074730
v -2.781290 -2.363262 -0.142807
v -2.645192 -2.365200 0.003093
v -2.661310 -2.371395 -0.111741
v -2.828811 -2.620809 0.045315
v -2.738206 -2.614533 0.086708
v -2.659502 -2.628507 -0.073108
v -2.850622 -2.622263 -0.051406
v -2.781321 -2.627188 -0.088298
v -2.646438 -2.618160 0.012997
v -2.392175 -2.816662 2.312620
v -2.492635 -2.864639 2.231658
v -2.246106 -2.745040 2.286806
v -2.435904 -2.820925 2.091175
v -2.331381 -2.782595 2.082931
v -2.237765 -2.761541 2.162553
v -2.692042 -2.165345 2.248123
v -2.553369 -2.136626 2.323881
v -2.477936 -2.131902 2.088176
v -2.615773 -2.145593 2.082231
v -2.403627 -2.128306 2.164406
v -2.436780 -2.116977 2.275417
v -2.474528 -2.451538 2.322849
v -2.409356 -2.436392 2.085722
v -2.593588 -2.498525 2.245220
v -2.533689 -2.456910 2.083752
v -2.326012 -2.424627 2.163539
v -2.345643 -2.423155 2.283858
v 0.063127 0.197685 -3.044012
v 0.007292 0.206232 -3.133358
v -0.048542 0.197685 -3.044012
v 0.000000 0.197108 -2.980886
v 0.063127 0.011026 -3.061487
v 0.007292 0.019574 -3.150834
v -0.048542 0.011026 -3.061487
v 0.007292 0.010450 -2.998362
v 0.022930 -0.393739 -3.041656
v -0.032905 -0.385191 -3.131002
v -0.088739 -0.393739 -3.041656
v -0.032905 -0.394315 -2.978530
v 0.012329 -1.328961 -2.956785
v -0.032905 -1.322036 -3.029168
v -0.078138 -1.328961 -2.956785
v -0.032905 -1.329428 -2.905645
v 0.007175 -2.020126 -2.954965
v -0.032905 -2.013990 -3.019100
v -0.072984 -2.020126 -2.954965
v -0.032905 -2.020540 -2.909651
v -0.000081 -2.672177 -2.966609
v -0.027800 -2.666042 -3.030744
v -0.055519 -2.672177 -2.966609
v -0.027800 -2.672591 -2.921295
v -0.083439 -0.861350 -2.999221
v -0.032905 -0.853614 -3.080085
v -0.032905 -0.861872 -2.942088
v 0.017630 -0.861350 -2.999221
v -0.032905 -1.668013 -3.024134
v 0.009752 -1.674543 -2.955875
v -0.032905 -1.674984 -2.907648
v -0.075561 -1.674543 -2.955875
v 0.007175 -2.346151 -2.960787
v -0.032905 -2.346565 -2.915473
v -0.072984 -2.346151 -2.960787
v -0.032905 -2.340016 -3.024922
v -0.086089 -0.627544 -3.020439
v -0.032905 -0.628093 -2.960309
v -0.032905 -0.619403 -3.105544
v 0.020280 -0.627544 -3.020439
v 0.043028 -0.191356 -3.051572
v -0.012806 -0.191933 -2.988446
v -0.068641 -0.191356 -3.051572
v -0.012806 -0.182809 -3.140918
v -0.022267 -0.028034 3.072535
v -0.033364 -0.040207 2.969817
v -0.178236 -0.028034 3.072535
v -0.100251 -0.027811 3.166729
v -0.167139 -0.040207 2.969817
v -0.100251 -0.054015 2.908775
v -0.026917 -1.124982 3.047887
v -0.036437 -1.135313 2.960706
v -0.160715 -1.124982 3.047887
v -0.093816 -1.124793 3.127833
v -0.151196 -1.135313 2.960706
v -0.093816 -1.147033 2.908896
v -0.052635 -2.251158 3.056734
v -0.062427 -2.261784 2.967057
v -0.190263 -2.251158 3.056734
v -0.121449 -2.250963 3.138969
v -0.180471 -2.261784 2.967057
v -0.121449 -2.273840 2.913765
v -0.124516 -2.828246 3.051022
v -0.133068 -2.838873 2.961345
v -0.244710 -2.828246 3.051022
v -0.184613 -2.828052 3.133256
v -0.236158 -2.838873 2.961345
v -0.184613 -2.850929 2.908053
v -0.175489 -1.688070 3.052310
v -0.165833 -1.698549 2.963881
v -0.107633 -1.710437 2.911331
v -0.049432 -1.698549 2.963881
v -0.039776 -1.688070 3.052310
v -0.107633 -1.687878 3.133401
v -0.173021 -0.587760 2.965261
v -0.110529 -0.600524 2.908835
v -0.110529 -0.576302 3.147281
v -0.183389 -0.576508 3.060211
v -0.048036 -0.587760 2.965261
v -0.037669 -0.576508 3.060211
v -0.143583 0.237548 2.938733
v -0.062795 0.222180 2.870794
v -0.062795 0.251344 3.157892
v -0.156986 0.251096 3.053056
v 0.031395 0.251096 3.053056
v 0.017992 0.237548 2.938733
v -0.183934 -0.313983 2.967539
v -0.118885 -0.302057 3.157005
v -0.053836 -0.313983 2.967539
v -0.118885 -0.327270 2.908805
v -0.194726 -0.302271 3.066373
v -0.043044 -0.302271 3.066373
v -0.102172 -0.873779 2.908866
v -0.172052 -0.850745 3.054049
v -0.032293 -0.850745 3.054049
v -0.162108 -0.861537 2.962984
v -0.102172 -0.850548 3.137557
v -0.042236 -0.861537 2.962984
v -0.168102 -1.406526 3.050099
v -0.100724 -1.428735 2.910114
v -0.033347 -1.406526 3.050099
v -0.158514 -1.416931 2.962294
v -0.042934 -1.416931 2.962294
v -0.100724 -1.406336 3.130617
v -0.173152 -1.980167 2.965469
v -0.055930 -1.980167 2.965469
v -0.114541 -1.969420 3.136185
v -0.182876 -1.969614 3.054523
v -0.114541 -1.992138 2.912548
v -0.046206 -1.969614 3.054523
v -0.217159 -2.550329 2.964201
v -0.158137 -2.562384 2.910909
v -0.158137 -2.539507 3.136113
v -0.226951 -2.539702 3.053878
v -0.099115 -2.550329 2.964201
v -0.089323 -2.539702 3.053878
v -2.720632 -4.976625 0.081701
v -2.333934 -3.059918 -2.304250
v -2.223926 -3.065491 -2.345850
v -2.173532 -3.053598 -2.190082
v -2.115239 -3.042979 -2.277711
v -2.348091 -3.072904 -2.209695
v -2.266938 -3.066567 -2.152871
v -2.087880 -4.427750 -2.168786
v 2.156223 -4.581007 -2.139083
v 2.749716 -4.862480 0.067220
v 2.025276 -4.825088 2.203268
v -0.184613 -4.656447 2.970453
v -1.982774 -5.089487 2.204674
v -0.092804 -4.004362 -3.023994
v 2.288280 -3.676222 -2.072774
v 2.194874 -3.663253 -2.109986
v 2.136581 -3.652635 -2.197614
v 2.355277 -3.669574 -2.224153
v 2.369433 -3.682560 -2.129599
v 2.245269 -3.675147 -2.265753
v 2.342645 -3.220668 -2.086556
v 2.409641 -3.214019 -2.237935
v 2.299633 -3.219593 -2.279535
v 2.249239 -3.207699 -2.123767
v 2.190946 -3.197080 -2.211396
v 2.423798 -3.227005 -2.143380
v 2.140510 -4.118808 -2.096204
v 2.082217 -4.108189 -2.183832
v 2.315068 -4.138114 -2.115817
v 2.233916 -4.131777 -2.058992
v 2.300912 -4.125128 -2.210371
v 2.190904 -4.130702 -2.251972
v 2.790815 -3.878263 -0.036769
v 2.849221 -3.871173 -0.001778
v 2.824303 -3.874488 0.084403
v 2.733113 -3.868081 0.120674
v 2.640302 -3.871075 0.036507
v 2.644883 -3.865683 -0.044867
v 2.792436 -3.382701 -0.050480
v 2.825923 -3.378927 0.070691
v 2.641923 -3.375514 0.022796
v 2.850842 -3.375612 -0.015489
v 2.734734 -3.372520 0.106962
v 2.646504 -3.370121 -0.058578
v 2.847600 -4.366734 0.011933
v 2.731492 -4.363642 0.134385
v 2.643262 -4.361244 -0.031156
v 2.789194 -4.373824 -0.023058
v 2.822682 -4.370049 0.098114
v 2.638681 -4.366636 0.050219
v -2.270226 -3.756658 -2.170717
v -2.256069 -3.743671 -2.265271
v -2.095667 -3.737351 -2.151103
v -2.189073 -3.750320 -2.113892
v -2.146061 -3.749245 -2.306871
v -2.037374 -3.726732 -2.238732
v -2.721496 -3.925102 0.134632
v -2.812686 -3.931509 0.098361
v -2.837605 -3.928194 0.012180
v -2.633266 -3.922704 -0.030908
v -2.628685 -3.928096 0.050466
v -2.779198 -3.935284 -0.022810
v -2.728925 -3.401031 0.113942
v -2.640696 -3.398632 -0.051599
v -2.786627 -3.411212 -0.043501
v -2.820116 -3.407437 0.077671
v -2.845034 -3.404122 -0.008510
v -2.636115 -3.404024 0.029775
v -2.805257 -4.455581 0.119051
v -2.830175 -4.452266 0.032871
v -2.621256 -4.452168 0.071156
v -2.714067 -4.449174 0.155322
v -2.625837 -4.446775 -0.010218
v -2.771769 -4.459355 -0.002120
v -2.942183 0.377067 -0.177363
v -2.551476 0.360521 0.012302
v -2.786115 0.375048 -0.323493
v -2.923036 0.373718 0.004640
v -2.728109 0.376048 0.115238
v -2.534770 0.363887 -0.200519
v -2.051154 -3.907001 2.167578
v -2.059496 -3.890500 2.291831
v -2.144771 -3.928055 2.087956
v -2.249294 -3.966385 2.096200
v -2.306025 -4.010098 2.236683
v -2.205564 -3.962121 2.317645
v -2.144459 -3.334271 2.165065
v -2.238076 -3.355325 2.085443
v -2.342599 -3.393655 2.093688
v -2.399330 -3.437368 2.234171
v -2.152801 -3.317770 2.289319
v -2.298870 -3.389391 2.315133
v -1.966191 -4.463230 2.294343
v -2.112259 -4.534852 2.320157
v -1.957849 -4.479731 2.170090
v -2.051466 -4.500785 2.090468
v -2.155989 -4.539115 2.098712
v -2.212719 -4.582829 2.239195
v -0.244710 -3.738701 3.030745
v -0.236158 -3.749328 2.941068
v -0.184613 -3.761384 2.887775
v -0.133068 -3.749328 2.941068
v -0.124516 -3.738701 3.030745
v -0.184613 -3.738507 3.112979
v -0.244710 -3.283474 3.040883
v -0.184613 -3.306156 2.897914
v -0.124516 -3.283474 3.040883
v -0.236158 -3.294101 2.951206
v -0.133068 -3.294101 2.951206
v -0.184613 -3.283279 3.123118
v -0.236158 -4.204556 2.930929
v -0.133068 -4.204556 2.930929
v -0.184613 -4.193734 3.102840
v -0.244710 -4.193929 3.020606
v -0.184613 -4.216611 2.877637
v -0.124516 -4.193929 3.020606
v 2.080747 -3.758300 2.291128
v 2.072405 -3.774801 2.166875
v 2.166022 -3.795856 2.087253
v 2.270545 -3.834186 2.095497
v 2.327276 -3.877899 2.235981
v 2.226816 -3.829922 2.316942
v 2.163427 -3.251670 2.288967
v 2.309495 -3.323292 2.314781
v 2.155085 -3.268171 2.164714
v 2.248702 -3.289226 2.085092
v 2.353225 -3.327556 2.093336
v 2.409955 -3.371269 2.233819
v 1.989726 -4.281431 2.169036
v 2.083342 -4.302485 2.089414
v 2.187865 -4.340816 2.097658
v 2.244596 -4.384529 2.238142
v 1.998067 -4.264930 2.293289
v 2.144136 -4.336552 2.319103
v -0.032583 -3.338985 -2.992949
v -0.060302 -3.339399 -2.947635
v -0.088021 -3.338985 -2.992949
v -0.060302 -3.332850 -3.057084
v -0.016332 -3.005581 -2.979779
v -0.071770 -3.005581 -2.979779
v -0.044051 -3.005995 -2.934465
v -0.044051 -2.999446 -3.043914
v -0.076553 -3.672803 -2.960805
v -0.076553 -3.666254 -3.070254
v -0.048834 -3.672389 -3.006119
v -0.104272 -3.672389 -3.006119
v 0.936490 1.425101 3.760158
v 0.000000 1.423040 3.938128
v 1.524171 1.441847 3.309855
v 2.618780 1.508097 3.055071
v 4.020472 1.477097 -0.356022
v 2.893590 1.584032 -2.799249
v 3.460546 1.515215 1.817360
v 4.043574 1.524781 0.438979
v 3.449460 1.568272 -2.016910
v 3.598011 1.528908 -1.143262
v 3.523015 1.518516 1.186846
v 3.096720 1.498842 2.614363
v 2.176488 1.586125 -3.213155
v 0.000000 1.582571 -4.029222
v 0.806796 1.586051 -3.870661
v 1.618649 1.547477 -3.266731
v -0.936490 1.425101 3.760158
v -1.524171 1.441847 3.309855
v -2.618780 1.508097 3.055071
v -4.020471 1.477097 -0.356022
v -2.893590 1.584032 -2.799249
v -3.460546 1.515215 1.817360
v -4.043574 1.524781 0.438979
v -3.449460 1.568272 -2.016910
v -3.598011 1.528908 -1.143262
v -3.523015 1.518516 1.186846
v -3.096720 1.498842 2.614363
v -2.176488 1.586125 -3.213155
v -0.806796 1.586051 -3.870661
v -1.618649 1.547477 -3.266731
v 0.000000 0.933512 -0.849282
v 0.358938 0.932329 -0.764954
v 0.598222 0.937737 -0.555107
v 0.772256 0.932798 -0.321028
v 0.000000 0.875713 1.309170
v 0.398574 0.861897 1.236540
v 0.923712 0.914417 -0.009584
v 0.975607 0.895251 0.276246
v 0.802078 0.860385 0.927489
v 0.908423 0.870606 0.705081
v 0.660297 0.855984 1.096063
v -0.358938 0.932329 -0.764954
v -0.598222 0.937737 -0.555107
v -0.772256 0.932798 -0.321028
v -0.398574 0.861897 1.236540
v -0.923712 0.914417 -0.009584
v -0.975607 0.895251 0.276246
v -0.802078 0.860385 0.927489
v -0.908423 0.870606 0.705081
v -0.660297 0.855984 1.096063
v 0.942452 2.382065 3.960765
v 0.000000 2.402128 4.126754
v 1.577260 2.326511 3.383749
v 3.724987 2.470544 1.117438
v 2.626540 2.457498 3.138057
v 3.268529 2.460399 2.578241
v 3.651000 2.489530 1.828737
v 3.726938 2.425323 -1.123846
v 4.133467 2.464629 0.437406
v 4.145873 2.471082 -0.362990
v 3.086450 2.584756 -2.791647
v 3.631204 2.510168 -1.952882
v 0.962964 2.522846 -3.940957
v 1.676358 2.465147 -3.344080
v 2.303726 2.536155 -3.271967
v 0.000000 2.576763 -4.124179
v -0.942452 2.382065 3.960765
v -1.577260 2.326511 3.383749
v -3.724987 2.470544 1.117438
v -2.626540 2.457498 3.138057
v -3.268529 2.460399 2.578241
v -3.651000 2.489530 1.828737
v -3.726938 2.425323 -1.123846
v -4.133467 2.464629 0.437406
v -4.145873 2.471082 -0.362990
v -3.086450 2.584756 -2.791647
v -3.631204 2.510168 -1.952882
v -0.962964 2.522846 -3.940957
v -2.223301 2.508281 -3.281204
v -2.303726 2.536155 -3.271967
v 0.000000 5.531638 2.308431
v 0.504645 5.509817 2.204112
v 0.999996 5.425692 1.984012
v 1.530672 5.508854 1.744644
v 1.906141 5.562786 1.381685
v 2.196725 5.463896 0.993166
v 2.334718 5.352381 0.557473
v 2.422201 5.366663 -0.318771
v 2.497268 5.367245 0.123123
v 2.353603 5.324718 -0.733343
v 2.151616 5.433069 -1.340863
v 1.833437 5.423316 -1.722946
v 1.414480 5.336008 -1.994284
v 0.971469 5.274464 -2.158441
v 0.449857 5.474114 -2.295916
v 0.000000 5.543453 -2.319493
v -0.504645 5.509817 2.204112
v -1.052622 5.378232 1.997720
v -1.530672 5.508854 1.744644
v -1.919284 5.562556 1.359296
v -2.196725 5.463896 0.993166
v -2.350709 5.352039 0.528706
v -2.417748 5.370893 -0.344515
v -2.497268 5.367245 0.123123
v -2.328943 5.360367 -0.784333
v -2.151616 5.433069 -1.340863
v -1.833437 5.423316 -1.722946
v -1.414480 5.336008 -1.994284
v -0.971469 5.274464 -2.158441
v -0.449857 5.474114 -2.295916
vn 0.4258 0.1404 0.8939
vn 0.4506 0.1348 0.8825
vn 0.4150 0.3389 0.8443
vn 0.4069 0.3208 0.8553
vn 0.3908 0.5034 0.7706
vn 0.3797 0.4668 0.7987
vn 0.3569 0.6358 0.6844
vn 0.3009 0.7558 0.5815
vn 0.2022 0.8575 0.4731
vn 0.1379 0.9355 0.3252
vn 0.0849 0.9755 0.2029
vn 0.0496 0.9893 0.1369
vn 0.1575 0.9290 0.3350
vn 0.3438 0.6031 0.7198
vn 0.2839 0.7312 0.6203
vn 0.2238 0.8374 0.4987
vn 0.1132 0.9726 0.2030
vn 0.2445 0.7507 0.6138
vn 0.2366 0.8659 0.4407
vn 0.4790 0.7919 0.3789
vn 0.3813 0.8911 0.2462
vn 0.6575 0.7445 0.1159
vn 0.5027 0.8629 0.0511
vn 0.6555 0.7398 0.1518
vn 0.5118 0.8568 0.0625
vn 0.1700 0.9384 0.3009
vn 0.2722 0.9619 0.0263
vn 0.1270 0.9744 0.1854
vn 0.0805 0.9878 0.1331
vn 0.0955 0.9885 0.1171
vn 0.2834 0.9454 0.1613
vn 0.1955 0.9741 0.1140
vn 0.1195 0.9897 0.0784
vn 0.1411 0.9893 0.0366
vn 0.3094 0.9509 0.0082
vn 0.1512 0.9885 0.0055
vn 0.4900 0.8713 0.0270
vn 0.3954 0.9185 0.0019
vn 0.4159 0.9093 0.0128
vn 0.4093 0.9124 0.0005
vn 0.6345 0.7665 0.1000
vn 0.4987 0.8614 -0.0966
vn 0.6242 0.7631 -0.1676
vn 0.5314 0.8447 -0.0644
vn 0.6651 0.7317 -0.1491
vn 0.4639 0.8628 -0.2011
vn 0.6187 0.7444 -0.2510
vn 0.2839 0.8561 -0.4318
vn 0.4070 0.7353 -0.5419
vn 0.1710 0.8097 -0.5613
vn 0.1986 0.6930 -0.6930
vn 0.2550 0.8035 -0.5378
vn 0.3225 0.6981 -0.6392
vn 0.2357 0.8495 -0.4720
vn 0.3244 0.7400 -0.5892
vn 0.4227 0.9059 -0.0270
vn 0.1504 0.9304 -0.3341
vn 0.1412 0.9064 -0.3981
vn 0.1948 0.9085 -0.3697
vn 0.4347 0.9005 -0.0112
vn 0.3291 0.9337 -0.1408
vn 0.2011 0.9312 -0.3039
vn 0.1359 0.9672 -0.2145
vn 0.1197 0.9662 -0.2283
vn 0.0505 0.9880 -0.1458
vn 0.0848 0.9730 -0.2149
vn 0.0848 0.9860 -0.1438
vn 0.3066 0.9517 -0.0144
vn 0.1335 0.9694 -0.2059
vn 0.2040 0.9713 -0.1220
vn 0.0901 0.9858 -0.1416
vn 0.2748 0.9609 -0.0343
vn 0.3238 0.9459 -0.0198
vn 0.0888 0.9849 -0.1487
vn 0.1145 0.9877 -0.1067
vn 0.1391 0.9881 -0.0659
vn 0.1515 0.9876 -0.0416
vn 0.1538 0.9879 -0.0222
vn 0.3095 0.6237 0.7178
vn 0.5019 0.6020 -0.6210
vn 0.5836 0.6600 0.4731
vn 0.7745 0.6109 0.1641
vn 0.7709 0.6091 0.1866
vn 0.7458 0.6490 0.1504
vn 0.7487 0.6192 -0.2367
vn 0.7819 0.5817 -0.2243
vn 0.7186 0.3613 0.5942
vn 0.7606 0.5898 -0.2714
vn 0.2426 0.5473 -0.8010
vn 0.3559 0.5517 -0.7543
vn 0.3777 0.5927 -0.7114
vn 0.3403 0.4913 0.8018
vn 0.3876 0.3541 0.8511
vn 0.4405 0.1655 0.8824
vn 0.7801 0.1653 0.6034
vn 0.6665 0.5138 0.5402
vn 0.8560 0.4593 0.2373
vn 0.8443 0.4934 0.2092
vn 0.8603 0.4677 0.2030
vn 0.8347 0.4787 -0.2724
vn 0.8466 0.4294 -0.3144
vn 0.5776 0.4584 -0.6755
vn 0.8342 0.4596 -0.3048
vn 0.9080 0.3203 0.2702
vn 0.9131 0.3298 0.2397
vn 0.6537 0.3318 -0.6802
vn 0.9080 0.3374 0.2485
vn 0.9004 0.3399 -0.2715
vn 0.8859 0.3157 -0.3398
vn 0.8917 0.3212 -0.3188
vn 0.9393 0.1630 0.3019
vn 0.9495 0.1553 0.2727
vn 0.6960 0.1750 -0.6964
vn 0.9468 0.1628 0.2776
vn 0.9522 0.1733 -0.2516
vn 0.9340 0.1251 -0.3347
vn 0.9319 0.1397 -0.3346
vn 0.2731 0.4177 -0.8666
vn 0.2968 0.3012 -0.9062
vn 0.3319 0.1677 -0.9283
vn 0.4240 0.4494 -0.7863
vn 0.4059 0.3022 -0.8625
vn 0.3813 0.4187 -0.8242
vn 0.4409 0.3168 -0.8398
vn 0.4043 0.1479 -0.9026
vn 0.4284 -0.1755 0.8864
vn 0.4584 0.1581 -0.8746
vn 0.2888 -0.7603 0.5819
vn 0.4618 -0.1444 0.8751
vn 0.2966 -0.7341 0.6108
vn 0.4580 -0.1046 0.8828
vn 0.9393 -0.1883 0.2867
vn 0.3486 -0.6849 0.6399
vn 0.7950 -0.1427 0.5896
vn 0.9533 -0.1693 0.2502
vn 0.9527 -0.1238 0.2775
vn 0.6886 -0.0976 -0.7186
vn 0.9617 -0.1270 -0.2431
vn 0.9394 -0.1426 -0.3118
vn 0.4575 -0.6994 -0.5492
vn 0.6668 -0.7111 0.2229
vn 0.6430 -0.7463 -0.1724
vn 0.9303 -0.1276 -0.3439
vn 0.6141 -0.7531 -0.2361
vn 0.6314 -0.7209 -0.2858
vn 0.5365 -0.7311 0.4216
vn 0.5764 -0.7931 0.1969
vn 0.6142 -0.7733 0.1572
vn 0.3625 -0.1043 -0.9261
vn 0.4026 -0.0929 -0.9106
vn 0.1289 -0.9263 -0.3540
vn 0.3181 -0.0776 -0.9449
vn 0.2145 -0.6602 -0.7198
vn 0.2744 -0.6992 -0.6602
vn 0.2526 -0.7292 -0.6360
vn 0.1375 -0.9177 -0.3728
vn 0.0483 -0.8392 -0.5417
vn 0.3671 -0.8330 -0.4140
vn 0.4872 -0.8596 -0.1538
vn 0.4268 -0.9042 -0.0156
vn 0.2796 -0.9495 -0.1424
vn 0.4966 -0.8402 0.2179
vn 0.4318 -0.8618 0.2664
vn 0.2867 -0.9521 0.1058
vn 0.3156 -0.9467 0.0637
vn 0.1052 -0.9341 0.3411
vn 0.1961 -0.7983 0.5694
vn 0.3596 -0.8849 0.2961
vn 0.0158 -0.9899 0.1407
vn 0.3325 -0.9349 -0.1241
vn -0.2250 -0.8919 0.3923
vn 0.1551 -0.8936 -0.4212
vn 0.1670 -0.8891 -0.4263
vn 0.3595 -0.9215 -0.1472
vn 0.1494 -0.8779 -0.4549
vn 0.2635 -0.9039 -0.3370
vn 0.3534 -0.9253 -0.1378
vn 0.3756 -0.9217 -0.0968
vn 0.3775 -0.9162 0.1344
vn 0.3544 -0.9277 0.1178
vn 0.3623 -0.9266 0.1004
vn 0.3325 -0.8983 0.2871
vn 0.2356 -0.8668 0.4395
vn 0.1823 -0.8862 0.4259
vn 0.1386 -0.9273 0.3477
vn 0.3549 -0.8994 -0.2551
vn 0.1728 -0.9850 -0.0001
vn 0.1133 -0.9022 0.4163
vn 0.1177 -0.9914 0.0570
vn 0.0956 -0.9937 -0.0588
vn 0.1637 -0.9711 0.1734
vn 0.1168 -0.9056 -0.4077
vn 0.0795 -0.9763 -0.2014
vn -0.1866 -0.9475 -0.2598
vn 0.3156 -0.9470 -0.0597
vn 0.3213 -0.8709 -0.3720
vn -0.0244 -0.9997 -0.0043
vn -0.0027 -0.9495 -0.3139
vn -0.2389 -0.9648 -0.1099
vn 0.0341 -0.9989 -0.0325
vn -0.0505 -0.9966 -0.0645
vn -0.0555 -0.9972 -0.0511
vn -0.0449 -0.9967 -0.0682
vn -0.0166 -0.9999 -0.0020
vn -0.0047 -1.0000 0.0035
vn -0.2528 -0.9567 0.1439
vn -0.2223 -0.9661 -0.1313
vn -0.0725 -0.9969 -0.0296
vn -0.0984 -0.9951 -0.0103
vn -0.0838 -0.9957 0.0408
vn -0.0954 -0.9954 0.0070
vn 0.0134 -0.9994 -0.0326
vn -0.1033 -0.9894 0.1025
vn -0.0290 -0.9970 0.0723
vn -0.0605 -0.9960 0.0661
vn -0.0734 -0.9886 -0.1311
vn -0.0977 -0.9898 -0.1036
vn -0.1194 -0.9887 -0.0909
vn -0.1392 -0.9880 -0.0665
vn -0.1600 -0.9867 -0.0283
vn -0.1645 -0.9862 0.0209
vn -0.0688 -0.9849 0.1586
vn -0.1531 -0.9851 0.0783
vn -0.1223 -0.9845 0.1255
vn -0.0681 -0.9886 0.1342
vn -0.1598 -0.9867 0.0295
vn -0.1091 -0.9902 0.0870
vn -0.0869 -0.9793 -0.1831
vn -0.1808 -0.9794 -0.0904
vn -0.1826 -0.9826 -0.0338
vn -0.1582 -0.9786 -0.1317
vn -0.1159 -0.9792 -0.1665
vn -0.1379 -0.9790 -0.1501
vn 0.8528 -0.4290 -0.2978
vn 0.1808 -0.4758 -0.8608
vn 0.7591 -0.4564 0.4643
vn -0.0051 -0.5057 0.8627
vn -0.6977 -0.5224 0.4902
vn -0.7182 -0.5587 -0.4148
vn 0.6774 -0.4999 -0.5397
vn 0.8579 -0.4990 0.1228
vn -0.0324 -0.5188 -0.8543
vn 0.7001 -0.3911 -0.5973
vn 0.2197 -0.6645 0.7143
vn -0.6014 -0.7077 -0.3708
vn -0.4882 -0.7882 0.3747
vn 0.8742 -0.4407 0.2041
vn 0.8908 -0.2733 0.3631
vn 0.8201 -0.4093 -0.4000
vn 0.9314 -0.3389 0.1332
vn 0.2731 -0.4371 0.8569
vn 0.6110 -0.4474 -0.6530
vn -0.1890 -0.6417 -0.7433
vn -0.5598 -0.6093 0.5616
vn -0.6640 -0.7066 -0.2448
vn 0.9980 0.0186 0.0608
vn 0.3130 -0.1530 0.9374
vn 0.5511 -0.1717 -0.8166
vn -0.2606 -0.4338 -0.8625
vn -0.7760 -0.5820 -0.2430
vn 0.9829 0.1784 0.0459
vn -0.6102 -0.4714 0.6367
vn 0.3224 -0.0238 0.9463
vn 0.4572 -0.0692 -0.8867
vn -0.6170 -0.3531 0.7033
vn -0.3604 -0.3494 -0.8649
vn -0.8362 -0.5102 -0.2012
vn -0.5983 -0.3878 0.7012
vn 0.3195 0.0521 0.9461
vn -0.8688 -0.4696 -0.1569
vn -0.4529 -0.3196 -0.8323
vn 0.3898 0.0014 -0.9209
vn 0.9621 0.2726 0.0104
vn 0.9409 0.3345 0.0530
vn 0.2552 0.0858 0.9631
vn -0.6389 -0.3190 0.7000
vn 0.1984 0.0955 0.9755
vn -0.8804 -0.4444 -0.1656
vn -0.4950 -0.2823 -0.8217
vn 0.3485 0.0529 -0.9358
vn 0.9182 0.3843 0.0960
vn 0.1792 0.1211 0.9763
vn 0.9134 0.3912 0.1124
vn -0.6886 -0.2846 0.6670
vn -0.7534 -0.2416 0.6116
vn -0.8996 -0.3889 -0.1989
vn -0.9154 -0.3182 -0.2467
vn -0.5100 -0.2313 -0.8285
vn 0.1735 0.1138 0.9782
vn -0.5162 -0.1776 -0.8378
vn 0.3220 0.1090 -0.9405
vn 0.3430 0.1641 -0.9249
vn 0.9431 0.3140 0.1091
vn 0.4030 0.1500 -0.9028
vn -0.5061 -0.1129 -0.8551
vn -0.9450 -0.2467 -0.2147
vn -0.7358 -0.1652 0.6567
vn 0.9838 0.0633 0.1677
vn 0.1906 -0.0046 0.9817
vn 0.9162 0.3812 0.1238
vn 0.4549 0.0192 -0.8904
vn 0.1621 0.1288 0.9783
vn 0.3566 0.1764 -0.9175
vn -0.5196 -0.1484 -0.8414
vn -0.9260 -0.2916 -0.2397
vn -0.7569 -0.2001 0.6221
vn 0.8386 -0.5239 0.1488
vn 0.2382 -0.5484 0.8016
vn 0.5536 -0.6174 -0.5589
vn -0.1057 -0.7432 -0.6607
vn -0.5096 -0.6745 0.5342
vn -0.6069 -0.7589 -0.2363
vn 0.1956 -0.6272 -0.7539
vn 0.7638 -0.5837 -0.2754
vn 0.6303 -0.6340 0.4481
vn 0.0126 -0.6523 0.7579
vn -0.5941 -0.6799 0.4299
vn -0.5690 -0.7374 -0.3639
vn -0.0414 -0.6292 -0.7761
vn 0.6178 -0.5631 -0.5488
vn -0.3623 -0.8839 0.2957
vn -0.5156 -0.7912 -0.3287
vn 0.2237 -0.8502 0.4765
vn 0.7149 -0.6907 0.1090
vn 0.5496 -0.7182 -0.4269
vn 0.6357 -0.7650 0.1028
vn 0.8438 -0.3927 0.3658
vn 0.6921 -0.5814 -0.4277
vn -0.9738 -0.1010 -0.2038
vn -0.7237 -0.0646 0.6871
vn 0.0808 -0.0496 0.9955
vn -0.4889 -0.0672 -0.8697
vn -0.7402 0.0830 0.6673
vn 0.9711 0.1979 0.1338
vn 0.9487 -0.1590 0.2732
vn 0.4989 -0.1035 -0.8605
vn -0.4484 0.0253 -0.8935
vn -0.9752 0.1259 -0.1818
vn 0.2173 0.0690 0.9737
vn 0.4018 0.0824 -0.9120
vn -0.5163 -0.0896 -0.8517
vn -0.7311 -0.1142 0.6727
vn -0.9643 -0.1778 -0.1964
vn -0.7186 -0.0451 0.6940
vn 0.1162 -0.0596 0.9914
vn 0.9743 -0.0595 0.2174
vn 0.4781 -0.0648 -0.8759
vn -0.4926 -0.0419 -0.8692
vn -0.9846 -0.0291 -0.1723
vn 0.8924 -0.0189 -0.4509
vn 0.8499 -0.1089 0.5155
vn -0.8710 -0.1403 0.4707
vn -0.0205 -0.1565 0.9875
vn -0.8017 -0.0485 -0.5957
vn 0.1494 0.0309 -0.9883
vn 0.2091 0.1063 -0.9721
vn 0.9305 0.0438 -0.3637
vn -0.7843 0.0491 -0.6184
vn -0.8489 -0.0838 0.5219
vn 0.8266 -0.1999 0.5260
vn 0.0466 -0.1038 0.9935
vn 0.8275 -0.0434 0.5598
vn 0.9106 -0.1671 -0.3781
vn -0.8288 -0.2392 0.5058
vn -0.0026 -0.2195 0.9756
vn -0.8237 -0.2041 -0.5291
vn 0.1345 -0.1484 -0.9797
vn 0.9033 0.0552 -0.4254
vn 0.1496 0.1129 -0.9823
vn -0.7884 0.0338 -0.6142
vn 0.0121 -0.1643 0.9863
vn -0.8670 -0.1169 0.4845
vn 0.8431 -0.0802 0.5318
vn 0.3140 -0.0253 -0.9491
vn -0.7153 -0.0233 -0.6984
vn 0.7916 0.0468 0.6092
vn 0.9552 0.0096 -0.2958
vn 0.8091 0.0440 0.5860
vn 0.0287 0.0599 0.9978
vn -0.8631 0.0457 0.5030
vn 0.9748 -0.0643 -0.2137
vn -0.7756 -0.1089 -0.6217
vn -0.0307 0.1045 0.9941
vn -0.8627 0.0492 0.5033
vn 0.3753 -0.1603 -0.9129
vn 0.2803 0.0457 -0.9588
vn -0.7405 0.0435 -0.6707
vn 0.9526 0.0162 -0.3037
vn 0.8085 -0.0056 0.5885
vn 0.0317 -0.0158 0.9994
vn -0.8710 -0.0120 0.4912
vn 0.8042 0.0722 0.5899
vn 0.9686 -0.0224 -0.2478
vn 0.0115 0.1217 0.9925
vn -0.8658 0.0728 0.4951
vn -0.7358 -0.0748 -0.6730
vn 0.3725 -0.1069 -0.9219
vn 0.8141 0.0205 0.5803
vn 0.9608 -0.0770 -0.2664
vn -0.7814 -0.1152 -0.6133
vn 0.3405 -0.1594 -0.9266
vn -0.0338 0.0606 0.9976
vn -0.8553 0.0060 0.5180
vn 0.7854 0.1639 -0.5968
vn -0.1343 -0.2199 -0.9662
vn 0.2289 -0.1032 0.9680
vn -0.8032 -0.4910 -0.3374
vn -0.6426 -0.4425 0.6255
vn -0.1596 -0.1323 -0.9783
vn 0.9040 0.1996 0.3780
vn 0.7816 0.2401 -0.5758
vn 0.2559 0.0181 0.9665
vn -0.8753 -0.4308 -0.2198
vn -0.5774 -0.3199 0.7512
vn -0.1626 -0.0649 -0.9846
vn 0.8706 0.2722 0.4099
vn 0.7836 0.2236 -0.5796
vn 0.8805 0.2341 0.4122
vn 0.1969 0.0236 0.9801
vn -0.9018 -0.3099 -0.3013
vn -0.6930 -0.2539 0.6748
vn -0.0928 -0.3007 -0.9492
vn 0.7955 -0.0086 -0.6059
vn -0.6541 -0.5307 0.5389
vn 0.2507 -0.2438 0.9369
vn -0.7560 -0.5348 -0.3774
vn 0.9366 0.0434 0.3478
vn 0.7847 0.2375 -0.5725
vn -0.1329 -0.1621 -0.9778
vn -0.6116 -0.3833 0.6921
vn -0.8373 -0.4780 -0.2654
vn 0.2364 -0.0114 0.9716
vn 0.8755 0.2664 0.4031
vn 0.7919 0.2497 -0.5573
vn -0.1870 -0.1061 -0.9766
vn 0.8638 0.2679 0.4266
vn 0.2268 0.0215 0.9737
vn -0.6180 -0.2854 0.7325
vn -0.8932 -0.3677 -0.2587
vn -0.2038 -0.0078 -0.9790
vn 0.7831 0.0912 -0.6151
vn 0.1536 0.0162 0.9880
vn -0.9508 -0.0805 -0.2990
vn -0.7652 -0.0687 0.6401
vn 0.9168 0.0990 0.3868
vn -0.2312 -0.0466 -0.9718
vn 0.7547 0.1742 -0.6325
vn -0.7494 -0.1832 0.6363
vn -0.9264 -0.2134 -0.3102
vn 0.1226 0.0116 0.9924
vn 0.8840 0.1904 0.4269
vn 0.7622 0.1402 -0.6320
vn -0.2562 -0.0336 -0.9660
vn -0.7627 -0.1282 0.6339
vn -0.9486 -0.1434 -0.2823
vn 0.0995 0.0074 0.9950
vn 0.8931 0.1622 0.4196
vn -0.2144 0.0792 -0.9735
vn 0.8007 -0.0932 -0.5918
vn -0.0112 -0.0053 0.9999
vn 0.8694 -0.1262 0.4778
vn -0.2070 0.0058 -0.9783
vn -0.8172 0.1502 0.5564
vn -0.9241 0.1858 -0.3338
vn 0.7860 0.0259 -0.6177
vn -0.9295 -0.0049 -0.3688
vn 0.9057 0.0154 0.4236
vn 0.0739 0.0120 0.9972
vn -0.8328 0.0045 0.5536
vn 0.7951 -0.0388 -0.6052
vn -0.9167 0.0638 -0.3945
vn 0.8866 -0.0510 0.4597
vn -0.0020 0.0077 1.0000
vn -0.8798 0.0640 0.4710
vn -0.2195 0.0278 -0.9752
vn 0.7316 -0.2404 -0.6379
vn 0.8515 -0.2660 0.4518
vn -0.6506 0.1946 0.7341
vn -0.1806 0.0503 -0.9823
vn -0.9437 0.2888 -0.1615
vn 0.0232 -0.0103 0.9997
vn 0.7710 -0.1775 -0.6116
vn 0.8575 -0.2125 0.4686
vn -0.7166 0.1901 0.6711
vn -0.0071 -0.0029 1.0000
vn -0.1647 0.0709 -0.9838
vn -0.9310 0.2816 -0.2322
vn 0.9163 -0.2765 0.2898
vn 0.8625 -0.1448 -0.4850
vn 0.9561 -0.2226 0.1905
vn 0.8555 -0.1939 -0.4802
vn 0.7390 -0.1830 -0.6484
vn -0.1254 0.0078 -0.9921
vn -0.6214 0.1696 0.7649
vn -0.9573 0.2195 -0.1883
vn 0.8970 -0.1889 0.3997
vn 0.0624 0.0179 0.9979
vn -0.1399 0.0258 -0.9898
vn 0.7219 -0.2451 -0.6472
vn -0.6156 0.2213 0.7564
vn 0.0252 -0.0001 0.9997
vn -0.9372 0.3106 -0.1588
vn 0.8603 -0.2782 0.4272
vn 0.7488 0.0209 0.6625
vn 0.9298 -0.0210 -0.3676
vn -0.1645 0.0255 0.9860
vn 0.2747 -0.0423 -0.9606
vn -0.6763 -0.0157 -0.7365
vn -0.9292 0.0172 0.3691
vn 0.8142 0.0082 0.5805
vn 0.9345 -0.0808 -0.3467
vn -0.0565 0.0401 0.9976
vn 0.2573 -0.1520 -0.9543
vn -0.9018 0.0014 0.4320
vn -0.7334 -0.1127 -0.6704
vn 0.7800 0.0169 0.6256
vn -0.1305 0.0329 0.9909
vn -0.7112 -0.0631 -0.7001
vn 0.9221 -0.0518 -0.3834
vn 0.2361 -0.1072 -0.9658
vn -0.9225 0.0211 0.3855
vn 0.1993 -0.0501 0.9787
vn 0.9449 -0.2011 0.2585
vn -0.7425 0.1673 0.6487
vn 0.5415 -0.1227 -0.8317
vn -0.3229 0.0632 -0.9443
vn -0.9027 0.1920 -0.3851
vn 0.9253 -0.2326 0.2996
vn 0.0601 -0.0106 0.9981
vn -0.4119 0.0992 -0.9058
vn 0.5076 -0.1294 -0.8518
vn -0.9348 0.2510 -0.2514
vn -0.7267 0.2066 0.6551
vn 0.1260 -0.0399 0.9912
vn -0.3558 0.0873 -0.9305
vn 0.9188 -0.2582 0.2985
vn 0.5217 -0.1445 -0.8408
vn -0.9100 0.2456 -0.3340
vn -0.7210 0.2025 0.6626
vn -0.4258 0.1404 0.8939
vn -0.4506 0.1348 0.8825
vn -0.4150 0.3389 0.8443
vn -0.4079 0.3237 0.8537
vn -0.3875 0.4985 0.7755
vn -0.3876 0.4658 0.7955
vn -0.0000 0.3560 0.9345
vn -0.0000 0.5283 0.8490
vn -0.0000 0.1456 0.9893
vn -0.3515 0.6355 0.6875
vn -0.0000 0.6738 0.7389
vn -0.3058 0.7570 0.5774
vn -0.0000 0.7855 0.6189
vn -0.2066 0.8544 0.4768
vn -0.0000 0.8744 0.4851
vn -0.1402 0.9349 0.3261
vn -0.0000 0.9455 0.3257
vn -0.0849 0.9755 0.2029
vn -0.0000 0.9782 0.2075
vn -0.0496 0.9893 0.1369
vn -0.0000 0.9903 0.1391
vn -0.1596 0.9259 0.3425
vn -0.3128 0.6033 0.7336
vn -0.2720 0.7133 0.6459
vn -0.2015 0.8293 0.5213
vn -0.1132 0.9726 0.2030
vn -0.2339 0.7470 0.6224
vn -0.2250 0.8651 0.4483
vn -0.4908 0.7901 0.3672
vn -0.3816 0.8905 0.2477
vn -0.6511 0.7485 0.1255
vn -0.4993 0.8648 0.0530
vn -0.6503 0.7412 0.1664
vn -0.5083 0.8588 0.0633
vn -0.1655 0.9359 0.3109
vn -0.2722 0.9619 0.0263
vn -0.1270 0.9744 0.1854
vn -0.0805 0.9878 0.1331
vn -0.0955 0.9885 0.1171
vn -0.2834 0.9454 0.1613
vn -0.1955 0.9741 0.1140
vn -0.1195 0.9897 0.0784
vn -0.1411 0.9893 0.0366
vn -0.3094 0.9509 0.0082
vn -0.1512 0.9885 0.0055
vn -0.4919 0.8699 0.0367
vn -0.3944 0.9189 0.0029
vn -0.4152 0.9097 0.0126
vn -0.4071 0.9133 0.0139
vn -0.6320 0.7672 0.1093
vn -0.5119 0.8566 -0.0645
vn -0.6289 0.7610 -0.1594
vn -0.5287 0.8469 -0.0577
vn -0.6706 0.7245 -0.1592
vn -0.4540 0.8633 -0.2202
vn -0.6227 0.7401 -0.2538
vn -0.2839 0.8561 -0.4318
vn -0.4070 0.7353 -0.5419
vn -0.1710 0.8097 -0.5613
vn -0.1986 0.6930 -0.6930
vn -0.2550 0.8035 -0.5378
vn -0.3225 0.6981 -0.6392
vn -0.2357 0.8495 -0.4720
vn -0.3244 0.7400 -0.5892
vn -0.0000 0.8799 -0.4751
vn -0.0000 0.7793 -0.6267
vn -0.4133 0.9106 -0.0086
vn -0.0000 1.0000 -0.0042
vn -0.1504 0.9304 -0.3341
vn -0.0000 0.9366 -0.3504
vn -0.1412 0.9064 -0.3981
vn -0.1948 0.9085 -0.3697
vn -0.4142 0.9101 -0.0088
vn -0.3190 0.9363 -0.1468
vn -0.2011 0.9312 -0.3039
vn -0.1359 0.9672 -0.2145
vn -0.1197 0.9662 -0.2283
vn -0.0505 0.9880 -0.1458
vn -0.0848 0.9730 -0.2149
vn -0.0000 0.9753 -0.2211
vn -0.0000 0.9889 -0.1487
vn -0.0848 0.9860 -0.1438
vn -0.3039 0.9527 -0.0080
vn -0.1335 0.9694 -0.2059
vn -0.2040 0.9713 -0.1220
vn -0.0901 0.9858 -0.1416
vn -0.2722 0.9614 -0.0393
vn -0.3178 0.9479 -0.0202
vn -0.0888 0.9849 -0.1487
vn -0.1145 0.9877 -0.1067
vn -0.1391 0.9881 -0.0659
vn -0.1515 0.9876 -0.0416
vn -0.1538 0.9879 -0.0222
vn -0.3011 0.6336 0.7127
vn -0.5019 0.6020 -0.6210
vn -0.6030 0.6587 0.4500
vn -0.7701 0.6113 0.1824
vn -0.7659 0.6012 0.2280
vn -0.7487 0.6435 0.1589
vn -0.7445 0.6308 -0.2188
vn -0.7870 0.5773 -0.2176
vn -0.7199 0.3596 0.5936
vn -0.7602 0.5907 -0.2705
vn -0.2426 0.5473 -0.8010
vn -0.3559 0.5517 -0.7543
vn -0.0000 0.6277 -0.7784
vn -0.3777 0.5927 -0.7114
vn -0.3547 0.5022 0.7887
vn -0.3849 0.3546 0.8521
vn -0.4405 0.1655 0.8824
vn -0.7801 0.1653 0.6034
vn -0.6656 0.5165 0.5387
vn -0.8477 0.4592 0.2655
vn -0.8421 0.4992 0.2040
vn -0.8532 0.4695 0.2271
vn -0.8428 0.4773 -0.2488
vn -0.8610 0.4301 -0.2715
vn -0.5776 0.4584 -0.6755
vn -0.8336 0.4599 -0.3061
vn -0.8989 0.3209 0.2984
vn -0.9076 0.3279 0.2620
vn -0.6537 0.3318 -0.6802
vn -0.9070 0.3440 0.2431
vn -0.9121 0.3342 -0.2375
vn -0.9062 0.2971 -0.3008
vn -0.8937 0.3154 -0.3192
vn -0.9393 0.1481 0.3096
vn -0.9475 0.1465 0.2841
vn -0.6960 0.1750 -0.6964
vn -0.9476 0.1605 0.2763
vn -0.9578 0.1591 -0.2394
vn -0.9404 0.1301 -0.3142
vn -0.9347 0.1416 -0.3262
vn -0.0000 0.4889 -0.8723
vn -0.2731 0.4177 -0.8666
vn -0.2968 0.3012 -0.9062
vn -0.3327 0.1694 -0.9277
vn -0.4240 0.4494 -0.7863
vn -0.4059 0.3022 -0.8625
vn -0.3813 0.4187 -0.8242
vn -0.4409 0.3168 -0.8398
vn -0.4196 0.2671 -0.8675
vn -0.0000 0.3600 -0.9329
vn -0.4284 -0.1755 0.8864
vn -0.4159 0.2446 -0.8759
vn -0.0000 0.1886 -0.9821
vn -0.0000 -0.1976 0.9803
vn -0.2888 -0.7603 0.5819
vn -0.0000 -0.7747 0.6324
vn -0.4618 -0.1444 0.8751
vn -0.2966 -0.7341 0.6108
vn -0.4580 -0.1046 0.8828
vn -0.9295 -0.1512 0.3364
vn -0.3486 -0.6849 0.6399
vn -0.7950 -0.1427 0.5896
vn -0.9485 -0.1665 0.2695
vn -0.9533 -0.1212 0.2766
vn -0.6886 -0.0976 -0.7186
vn -0.9617 -0.1270 -0.2431
vn -0.9394 -0.1426 -0.3118
vn -0.4575 -0.6994 -0.5492
vn -0.6668 -0.7111 0.2229
vn -0.6430 -0.7463 -0.1724
vn -0.9303 -0.1276 -0.3439
vn -0.6141 -0.7531 -0.2361
vn -0.6314 -0.7209 -0.2858
vn -0.5365 -0.7311 0.4216
vn -0.5764 -0.7931 0.1969
vn -0.6142 -0.7733 0.1572
vn -0.3829 -0.2022 -0.9014
vn -0.3699 -0.1539 -0.9162
vn -0.1289 -0.9263 -0.3540
vn -0.0000 -0.0901 -0.9959
vn -0.3149 -0.0732 -0.9463
vn -0.2145 -0.6602 -0.7198
vn -0.2744 -0.6992 -0.6602
vn -0.0000 -0.6892 -0.7246
vn -0.2526 -0.7292 -0.6360
vn -0.0000 -0.8630 -0.5052
vn -0.1375 -0.9177 -0.3728
vn -0.0483 -0.8392 -0.5417
vn -0.3671 -0.8330 -0.4140
vn -0.4872 -0.8596 -0.1538
vn -0.4268 -0.9042 -0.0156
vn -0.2796 -0.9495 -0.1424
vn -0.4966 -0.8402 0.2179
vn -0.4318 -0.8618 0.2664
vn -0.2867 -0.9521 0.1058
vn -0.3156 -0.9467 0.0637
vn -0.1052 -0.9341 0.3411
vn -0.1961 -0.7983 0.5694
vn -0.3596 -0.8849 0.2961
vn -0.0000 -0.8180 0.5752
vn -0.0158 -0.9899 0.1407
vn -0.3325 -0.9349 -0.1241
vn -0.0000 -0.8892 -0.4576
vn 0.2250 -0.8919 0.3923
vn -0.1551 -0.8936 -0.4212
vn -0.1670 -0.8891 -0.4263
vn -0.3595 -0.9215 -0.1472
vn -0.1494 -0.8779 -0.4549
vn -0.2635 -0.9039 -0.3370
vn -0.3534 -0.9253 -0.1378
vn -0.3756 -0.9217 -0.0968
vn -0.3775 -0.9162 0.1344
vn -0.3544 -0.9277 0.1178
vn -0.3623 -0.9266 0.1004
vn -0.3325 -0.8983 0.2871
vn -0.2356 -0.8668 0.4395
vn -0.1823 -0.8862 0.4259
vn -0.1386 -0.9273 0.3477
vn -0.0000 -0.9278 0.3732
vn -0.3549 -0.8994 -0.2551
vn -0.1728 -0.9850 -0.0001
vn -0.1133 -0.9022 0.4163
vn -0.1177 -0.9914 0.0570
vn -0.0956 -0.9937 -0.0588
vn -0.1637 -0.9711 0.1734
vn -0.1168 -0.9056 -0.4077
vn -0.0795 -0.9763 -0.2014
vn 0.1866 -0.9475 -0.2598
vn -0.3156 -0.9470 -0.0597
vn -0.3213 -0.8709 -0.3720
vn 0.0244 -0.9997 -0.0043
vn -0.0000 -0.9664 -0.2571
vn 0.0027 -0.9495 -0.3139
vn 0.2389 -0.9648 -0.1099
vn -0.0341 -0.9989 -0.0325
vn 0.0505 -0.9966 -0.0645
vn 0.0555 -0.9972 -0.0511
vn 0.0449 -0.9967 -0.0682
vn 0.0166 -0.9999 -0.0020
vn 0.0047 -1.0000 0.0035
vn 0.2528 -0.9567 0.1439
vn 0.2223 -0.9661 -0.1313
vn 0.0725 -0.9969 -0.0296
vn 0.0984 -0.9951 -0.0103
vn -0.0000 -0.9976 -0.0687
vn 0.0838 -0.9957 0.0408
vn 0.0954 -0.9954 0.0070
vn -0.0134 -0.9994 -0.0326
vn 0.1033 -0.9894 0.1025
vn 0.0290 -0.9970 0.0723
vn -0.0000 -0.9927 0.1209
vn 0.0605 -0.9960 0.0661
vn 0.0734 -0.9886 -0.1311
vn -0.0000 -0.9972 0.0745
vn -0.0000 -0.9890 -0.1480
vn 0.0977 -0.9898 -0.1036
vn 0.1194 -0.9887 -0.0909
vn 0.1392 -0.9880 -0.0665
vn 0.1600 -0.9867 -0.0283
vn 0.1645 -0.9862 0.0209
vn 0.0688 -0.9849 0.1586
vn -0.0000 -0.9849 0.1733
vn 0.1531 -0.9851 0.0783
vn 0.1223 -0.9845 0.1255
vn 0.0681 -0.9886 0.1342
vn -0.0000 -0.9887 0.1501
vn 0.1598 -0.9867 0.0295
vn 0.1091 -0.9902 0.0870
vn -0.0000 -0.9816 -0.1908
vn 0.0869 -0.9793 -0.1831
vn 0.1808 -0.9794 -0.0904
vn 0.1826 -0.9826 -0.0338
vn 0.1582 -0.9786 -0.1317
vn 0.1159 -0.9792 -0.1665
vn 0.1379 -0.9790 -0.1501
vn -0.0000 -0.9963 -0.0863
vn -0.8550 -0.4288 -0.2918
vn -0.1830 -0.4775 -0.8594
vn -0.7586 -0.4557 0.4657
vn 0.0040 -0.5059 0.8626
vn -0.0057 -0.6070 -0.7947
vn 0.6960 -0.5216 0.4935
vn 0.7202 -0.5595 -0.4101
vn -0.6612 -0.5340 -0.5269
vn -0.8300 -0.5491 0.0975
vn 0.0324 -0.5188 -0.8543
vn -0.0166 -0.7276 0.6858
vn -0.7001 -0.3911 -0.5973
vn -0.2197 -0.6645 0.7143
vn 0.6014 -0.7077 -0.3708
vn 0.4882 -0.7882 0.3747
vn -0.8742 -0.4407 0.2041
vn -0.9233 -0.0811 0.3755
vn 0.0461 -0.1113 0.9927
vn -0.8501 -0.2393 -0.4692
vn 0.0411 -0.4537 -0.8902
vn -0.9314 -0.3389 0.1332
vn -0.2731 -0.4371 0.8569
vn -0.6110 -0.4474 -0.6530
vn 0.1890 -0.6417 -0.7433
vn 0.5598 -0.6093 0.5616
vn 0.6640 -0.7066 -0.2448
vn -0.9980 0.0186 0.0608
vn -0.3130 -0.1530 0.9374
vn -0.5511 -0.1717 -0.8166
vn 0.2606 -0.4338 -0.8625
vn 0.7760 -0.5820 -0.2430
vn -0.9829 0.1784 0.0459
vn 0.6102 -0.4714 0.6367
vn -0.3224 -0.0238 0.9463
vn -0.4572 -0.0692 -0.8867
vn 0.6170 -0.3531 0.7033
vn 0.3604 -0.3494 -0.8649
vn 0.8362 -0.5102 -0.2012
vn 0.5983 -0.3878 0.7012
vn -0.3195 0.0521 0.9461
vn 0.8688 -0.4696 -0.1569
vn 0.4529 -0.3196 -0.8323
vn -0.3898 0.0014 -0.9209
vn -0.9621 0.2726 0.0104
vn -0.9409 0.3345 0.0530
vn -0.2552 0.0858 0.9631
vn 0.6389 -0.3190 0.7000
vn -0.1984 0.0955 0.9755
vn 0.8804 -0.4444 -0.1656
vn 0.4950 -0.2823 -0.8217
vn -0.3485 0.0529 -0.9358
vn -0.9182 0.3843 0.0960
vn -0.1792 0.1211 0.9763
vn -0.9134 0.3912 0.1124
vn 0.6886 -0.2846 0.6670
vn 0.7534 -0.2416 0.6116
vn 0.8996 -0.3889 -0.1989
vn 0.9154 -0.3182 -0.2467
vn 0.5100 -0.2313 -0.8285
vn -0.1735 0.1138 0.9782
vn 0.5162 -0.1776 -0.8378
vn -0.3220 0.1090 -0.9405
vn -0.3430 0.1641 -0.9249
vn -0.9431 0.3140 0.1091
vn -0.4030 0.1500 -0.9028
vn 0.5061 -0.1129 -0.8551
vn 0.9450 -0.2467 -0.2147
vn 0.7358 -0.1652 0.6567
vn -0.9838 0.0633 0.1677
vn -0.1906 -0.0046 0.9817
vn -0.9162 0.3812 0.1238
vn -0.4549 0.0192 -0.8904
vn -0.1621 0.1288 0.9783
vn -0.3566 0.1764 -0.9175
vn 0.5196 -0.1484 -0.8414
vn 0.9260 -0.2916 -0.2397
vn 0.7569 -0.2001 0.6221
vn -0.8386 -0.5239 0.1488
vn -0.2382 -0.5484 0.8016
vn -0.5536 -0.6174 -0.5589
vn 0.1057 -0.7432 -0.6607
vn 0.5096 -0.6745 0.5342
vn 0.6069 -0.7589 -0.2363
vn -0.1956 -0.6272 -0.7539
vn -0.7638 -0.5837 -0.2754
vn -0.6303 -0.6340 0.4481
vn -0.0126 -0.6523 0.7579
vn 0.5941 -0.6799 0.4299
vn 0.5690 -0.7374 -0.3639
vn 0.0414 -0.6292 -0.7761
vn -0.6178 -0.5631 -0.5488
vn 0.3623 -0.8839 0.2957
vn 0.5156 -0.7912 -0.3287
vn -0.2237 -0.8502 0.4765
vn -0.7149 -0.6907 0.1090
vn -0.0000 -0.7190 -0.6950
vn -0.5496 -0.7182 -0.4269
vn -0.6357 -0.7650 0.1028
vn -0.0000 -0.8744 0.4853
vn -0.8438 -0.3927 0.3658
vn -0.0000 -0.2472 0.9690
vn -0.0000 -0.6820 -0.7313
vn -0.6921 -0.5814 -0.4277
vn 0.9738 -0.1010 -0.2038
vn 0.7237 -0.0646 0.6871
vn -0.0808 -0.0496 0.9955
vn 0.4889 -0.0672 -0.8697
vn 0.7402 0.0830 0.6673
vn -0.9711 0.1979 0.1338
vn -0.9487 -0.1590 0.2732
vn -0.4989 -0.1035 -0.8605
vn 0.4484 0.0253 -0.8935
vn 0.9752 0.1259 -0.1818
vn -0.2173 0.0690 0.9737
vn -0.4018 0.0824 -0.9120
vn 0.5163 -0.0896 -0.8517
vn 0.7311 -0.1142 0.6727
vn 0.9643 -0.1778 -0.1964
vn 0.7186 -0.0451 0.6940
vn -0.1162 -0.0596 0.9914
vn -0.9743 -0.0595 0.2174
vn -0.4781 -0.0648 -0.8759
vn 0.4926 -0.0419 -0.8692
vn 0.9846 -0.0291 -0.1723
vn -0.8924 -0.0189 -0.4509
vn -0.8499 -0.1089 0.5155
vn 0.8710 -0.1403 0.4707
vn 0.0205 -0.1565 0.9875
vn 0.8017 -0.0485 -0.5957
vn -0.1494 0.0309 -0.9883
vn -0.2091 0.1063 -0.9721
vn -0.9305 0.0438 -0.3637
vn 0.7843 0.0491 -0.6184
vn 0.8489 -0.0838 0.5219
vn -0.8276 -0.2002 0.5243
vn -0.0466 -0.1038 0.9935
vn -0.8275 -0.0434 0.5598
vn -0.9070 -0.1670 -0.3867
vn 0.8315 -0.2396 0.5013
vn 0.0042 -0.2193 0.9756
vn 0.8197 -0.2034 -0.5354
vn -0.1317 -0.1472 -0.9803
vn -0.9033 0.0552 -0.4254
vn -0.1496 0.1129 -0.9823
vn 0.7884 0.0338 -0.6142
vn -0.0121 -0.1643 0.9863
vn 0.8670 -0.1169 0.4845
vn -0.8431 -0.0802 0.5318
vn -0.3140 -0.0253 -0.9491
vn 0.7153 -0.0233 -0.6984
vn -0.7916 0.0468 0.6092
vn -0.9552 0.0096 -0.2958
vn -0.8091 0.0440 0.5860
vn -0.0287 0.0599 0.9978
vn 0.8631 0.0457 0.5030
vn -0.9748 -0.0643 -0.2137
vn 0.7756 -0.1089 -0.6217
vn 0.0307 0.1045 0.9941
vn 0.8627 0.0492 0.5033
vn -0.3753 -0.1603 -0.9129
vn -0.2803 0.0457 -0.9588
vn 0.7405 0.0435 -0.6707
vn -0.9526 0.0162 -0.3037
vn -0.8085 -0.0056 0.5885
vn -0.0317 -0.0158 0.9994
vn 0.8710 -0.0120 0.4912
vn -0.8042 0.0722 0.5899
vn -0.9686 -0.0224 -0.2478
vn -0.0115 0.1217 0.9925
vn 0.8658 0.0728 0.4951
vn 0.7358 -0.0748 -0.6730
vn -0.3725 -0.1069 -0.9219
vn -0.8141 0.0205 0.5803
vn -0.9608 -0.0770 -0.2664
vn 0.7814 -0.1152 -0.6133
vn -0.3405 -0.1594 -0.9266
vn 0.0338 0.0606 0.9976
vn 0.8553 0.0060 0.5180
vn -0.7854 0.1639 -0.5968
vn 0.1343 -0.2199 -0.9662
vn -0.2289 -0.1032 0.9680
vn 0.8032 -0.4910 -0.3374
vn 0.6426 -0.4425 0.6255
vn 0.1596 -0.1323 -0.9783
vn -0.9040 0.1996 0.3780
vn -0.7816 0.2401 -0.5758
vn -0.2559 0.0181 0.9665
vn 0.8753 -0.4308 -0.2198
vn 0.5774 -0.3199 0.7512
vn 0.1626 -0.0649 -0.9846
vn -0.8706 0.2722 0.4099
vn -0.7836 0.2236 -0.5796
vn -0.8805 0.2341 0.4122
vn -0.1969 0.0236 0.9801
vn 0.9018 -0.3099 -0.3013
vn 0.6930 -0.2539 0.6748
vn 0.0928 -0.3007 -0.9492
vn -0.7955 -0.0086 -0.6059
vn 0.6541 -0.5307 0.5389
vn -0.2507 -0.2438 0.9369
vn 0.7560 -0.5348 -0.3774
vn -0.9366 0.0434 0.3478
vn -0.7847 0.2375 -0.5725
vn 0.1329 -0.1621 -0.9778
vn 0.6116 -0.3833 0.6921
vn 0.8373 -0.4780 -0.2654
vn -0.2364 -0.0114 0.9716
vn -0.8755 0.2664 0.4031
vn -0.7919 0.2497 -0.5573
vn 0.1870 -0.1061 -0.9766
vn -0.8638 0.2679 0.4266
vn -0.2268 0.0215 0.9737
vn 0.6180 -0.2854 0.7325
vn 0.8932 -0.3677 -0.2587
vn 0.2038 -0.0078 -0.9790
vn -0.7831 0.0912 -0.6151
vn -0.1536 0.0162 0.9880
vn 0.9508 -0.0805 -0.2990
vn 0.7652 -0.0687 0.6401
vn -0.9168 0.0990 0.3868
vn 0.2312 -0.0466 -0.9718
vn -0.7547 0.1742 -0.6325
vn 0.7494 -0.1832 0.6363
vn 0.9264 -0.2134 -0.3102
vn -0.1226 0.0116 0.9924
vn -0.8840 0.1904 0.4269
vn -0.7622 0.1402 -0.6320
vn 0.2562 -0.0336 -0.9660
vn 0.7627 -0.1282 0.6339
vn 0.9486 -0.1434 -0.2823
vn -0.0995 0.0074 0.9950
vn -0.8931 0.1622 0.4196
vn 0.2144 0.0792 -0.9735
vn -0.8007 -0.0932 -0.5918
vn 0.0112 -0.0053 0.9999
vn -0.8694 -0.1262 0.4778
vn 0.2070 0.0058 -0.9783
vn 0.8172 0.1502 0.5564
vn 0.9241 0.1858 -0.3338
vn -0.7860 0.0259 -0.6177
vn 0.9295 -0.0049 -0.3688
vn -0.9057 0.0154 0.4236
vn -0.0739 0.0120 0.9972
vn 0.8328 0.0045 0.5536
vn -0.7951 -0.0388 -0.6052
vn 0.9167 0.0638 -0.3945
vn -0.8866 -0.0510 0.4597
vn 0.0020 0.0077 1.0000
vn 0.8798 0.0640 0.4710
vn 0.2195 0.0278 -0.9752
vn -0.7316 -0.2404 -0.6379
vn -0.8515 -0.2660 0.4518
vn 0.6506 0.1946 0.7341
vn 0.1806 0.0503 -0.9823
vn 0.9437 0.2888 -0.1615
vn -0.0232 -0.0103 0.9997
vn -0.7710 -0.1775 -0.6116
vn -0.8575 -0.2125 0.4686
vn 0.7166 0.1901 0.6711
vn 0.0071 -0.0029 1.0000
vn 0.1647 0.0709 -0.9838
vn 0.9310 0.2816 -0.2322
vn -0.0000 -0.1289 -0.9917
vn 0.0162 -0.3227 -0.9464
vn -0.9237 -0.2643 0.2774
vn -0.0057 -0.4185 0.9082
vn -0.8625 -0.1448 -0.4850
vn -0.9413 -0.2897 0.1733
vn 0.0204 -0.3929 0.9194
vn -0.8349 -0.2539 -0.4883
vn -0.7498 -0.2439 -0.6151
vn 0.0694 0.1085 -0.9917
vn 0.5942 0.1728 0.7855
vn 0.9132 0.3779 -0.1525
vn -0.8533 -0.3448 0.3911
vn -0.0814 -0.1096 0.9906
vn 0.1399 0.0258 -0.9898
vn -0.7219 -0.2451 -0.6472
vn 0.6156 0.2213 0.7564
vn -0.0252 -0.0001 0.9997
vn 0.9372 0.3106 -0.1588
vn -0.8603 -0.2782 0.4272
vn -0.7504 0.0207 0.6606
vn -0.9293 -0.0279 -0.3684
vn 0.1630 0.0321 0.9861
vn -0.2752 -0.0499 -0.9601
vn 0.6740 -0.0165 -0.7385
vn 0.9294 0.0247 0.3682
vn -0.8142 0.0082 0.5805
vn -0.9345 -0.0808 -0.3467
vn 0.0565 0.0401 0.9976
vn -0.2573 -0.1520 -0.9543
vn 0.9018 0.0014 0.4320
vn 0.7334 -0.1127 -0.6704
vn -0.7800 0.0169 0.6256
vn 0.1305 0.0329 0.9909
vn 0.7112 -0.0631 -0.7001
vn -0.9221 -0.0518 -0.3834
vn -0.2361 -0.1072 -0.9658
vn 0.9225 0.0211 0.3855
vn -0.1993 -0.0501 0.9787
vn -0.9449 -0.2010 0.2585
vn 0.7425 0.1672 0.6486
vn -0.5414 -0.1227 -0.8317
vn 0.3229 0.0631 -0.9443
vn 0.9027 0.1918 -0.3851
vn -0.9253 -0.2326 0.2996
vn -0.0601 -0.0106 0.9981
vn 0.4119 0.0992 -0.9058
vn -0.5076 -0.1294 -0.8518
vn 0.9348 0.2510 -0.2514
vn 0.7267 0.2066 0.6551
vn -0.1260 -0.0399 0.9912
vn 0.3558 0.0873 -0.9305
vn -0.9188 -0.2582 0.2985
vn -0.5217 -0.1445 -0.8408
vn 0.9100 0.2456 -0.3340
vn 0.7210 0.2025 0.6626
vn 0.9976 -0.0554 0.0418
vn -0.0000 0.1029 -0.9947
vn -0.9986 -0.0510 0.0123
vn -0.0512 -0.2469 0.9677
vn 0.9970 -0.0486 0.0607
vn 0.0229 0.0227 -0.9995
vn -0.9976 0.0457 0.0515
vn 0.0175 -0.0253 0.9995
vn 0.9960 -0.0505 0.0738
vn -0.0325 -0.0726 -0.9968
vn -0.9964 0.0454 0.0722
vn -0.0218 0.0660 0.9976
vn 0.9952 -0.0031 0.0983
vn -0.0000 -0.0655 -0.9979
vn -0.9952 -0.0031 0.0983
vn -0.0000 0.0351 0.9994
vn 0.9962 -0.0041 0.0867
vn -0.0000 0.0008 -1.0000
vn -0.9962 -0.0041 0.0867
vn -0.0000 -0.0118 0.9999
vn 0.9966 -0.0289 0.0770
vn 0.0167 0.0067 -0.9998
vn -0.9967 0.0069 0.0803
vn 0.0158 -0.0420 0.9990
vn -0.9967 -0.0040 0.0807
vn -0.0000 -0.1081 -0.9941
vn -0.0000 0.0777 0.9970
vn 0.9967 -0.0040 0.0807
vn -0.0000 -0.0145 -0.9999
vn 0.9966 -0.0072 0.0824
vn -0.0000 -0.0058 1.0000
vn -0.9966 -0.0072 0.0824
vn 0.9967 -0.0032 0.0809
vn -0.0040 -0.0299 0.9995
vn -0.9966 -0.0194 0.0797
vn -0.0040 0.0017 -1.0000
vn 0.9923 -0.0946 0.0797
vn 0.0032 0.0486 0.9988
vn -0.9912 0.1025 0.0836
vn -0.0103 -0.0479 -0.9988
vn 0.9421 -0.1179 0.3139
vn 0.8904 -0.1398 -0.4332
vn -0.9518 0.0744 0.2976
vn -0.0155 -0.0048 0.9999
vn -0.8913 0.0420 -0.4514
vn -0.0071 -0.0658 -0.9978
vn 0.9586 -0.0026 0.2848
vn 0.8908 -0.0001 -0.4544
vn -0.9572 -0.0107 0.2892
vn 0.0137 -0.0129 0.9998
vn -0.8885 -0.0052 -0.4589
vn 0.0117 -0.0024 -0.9999
vn 0.9540 -0.0688 0.2917
vn 0.8949 -0.0664 -0.4413
vn -0.9542 0.0714 0.2907
vn 0.0245 -0.0037 0.9997
vn -0.8825 0.0690 -0.4652
vn 0.0300 -0.0008 -0.9995
vn 0.9582 -0.0617 0.2795
vn 0.9030 -0.0442 -0.4275
vn -0.9629 0.0299 0.2684
vn -0.0233 -0.0237 0.9994
vn -0.9025 0.0378 -0.4290
vn -0.0153 0.0124 -0.9998
vn -0.9572 0.0274 0.2882
vn -0.8891 0.0205 -0.4573
vn 0.0024 -0.0044 -1.0000
vn 0.8915 -0.0231 -0.4525
vn 0.9565 -0.0196 0.2911
vn 0.0001 0.0099 1.0000
vn -0.8917 -0.0318 -0.4516
vn -0.0031 -0.0002 -1.0000
vn 0.0007 -0.0354 0.9994
vn -0.9554 -0.0460 0.2916
vn 0.8889 0.0226 -0.4576
vn 0.9574 0.0123 0.2886
vn -0.8697 0.0285 -0.4927
vn -0.0087 -0.1545 -0.9880
vn -0.0163 0.0027 0.9999
vn -0.9459 0.1063 0.3065
vn 0.9140 -0.2258 0.3372
vn 0.8468 -0.2745 -0.4557
vn -0.8923 0.0126 -0.4512
vn -0.0244 -0.0336 0.9991
vn 0.8895 -0.0202 -0.4565
vn -0.0197 0.0009 -0.9998
vn -0.9585 0.0043 0.2850
vn 0.9551 -0.0361 0.2941
vn -0.8872 0.0908 -0.4524
vn 0.0047 0.0034 -1.0000
vn -0.0094 -0.0173 0.9998
vn -0.9571 0.0919 0.2748
vn 0.8946 -0.1038 -0.4347
vn 0.9499 -0.1178 0.2896
vn 0.0046 -0.9993 0.0358
vn -0.7169 -0.1480 -0.6813
vn 0.1129 0.0799 -0.9904
vn 0.6382 0.1330 0.7583
vn 0.9360 0.2577 -0.2398
vn -0.8957 -0.2628 0.3587
vn -0.0675 -0.0674 0.9954
vn 0.1094 -0.9921 0.0615
vn -0.1128 -0.9929 0.0374
vn 0.0175 -0.9986 0.0503
vn -0.1808 -0.9835 -0.0058
vn -0.0000 -0.9996 -0.0298
vn 0.1769 -0.9842 -0.0045
vn -0.0485 -0.9982 -0.0353
vn 0.1192 0.0158 0.9927
vn -0.6183 0.0974 0.7799
vn -0.9716 0.1096 -0.2096
vn 0.7684 -0.1108 -0.6303
vn 0.9164 -0.0976 0.3883
vn -0.0946 -0.0188 -0.9953
vn -0.6327 0.0031 0.7744
vn -0.9786 -0.0174 -0.2051
vn 0.9003 -0.2152 0.3783
vn 0.1111 -0.0878 0.9899
vn 0.7550 -0.2063 -0.6224
vn -0.1059 -0.1301 -0.9858
vn 0.2932 -0.0274 -0.9556
vn 0.9311 -0.0131 -0.3646
vn 0.7410 0.0161 0.6713
vn -0.1775 0.0278 0.9837
vn -0.9253 0.0135 0.3790
vn -0.6675 -0.0184 -0.7444
vn 0.9265 -0.1079 -0.3604
vn -0.1800 -0.0515 0.9823
vn -0.6682 -0.1352 -0.7316
vn 0.2944 -0.1159 -0.9486
vn 0.7412 -0.0685 0.6677
vn -0.9265 -0.0915 0.3649
vn -0.9092 -0.1636 0.3828
vn -0.7595 -0.1882 -0.6227
vn 0.6268 0.0509 0.7775
vn -0.1171 -0.0280 0.9927
vn 0.1043 -0.1201 -0.9873
vn 0.9789 0.0120 -0.2041
vn 0.1773 0.0413 0.9833
vn -0.7413 0.0160 0.6710
vn -0.9311 -0.0276 -0.3637
vn 0.6683 -0.0199 -0.7437
vn 0.9250 0.0281 0.3789
vn -0.2934 -0.0419 -0.9551
vn -0.7395 -0.0765 0.6688
vn -0.9273 -0.1171 -0.3555
vn 0.9265 -0.0711 0.3696
vn 0.1780 -0.0448 0.9830
vn 0.6717 -0.1202 -0.7311
vn -0.2960 -0.1148 -0.9483
vn -0.9091 -0.2391 -0.3412
vn 0.8012 -0.3050 0.5149
vn -0.1467 -0.2326 -0.9615
vn -0.8096 -0.2541 0.5291
vn -0.0048 -0.2741 0.9617
vn 0.8261 -0.2811 -0.4883
vn 0.9030 0.1453 -0.4042
vn 0.7374 0.1231 0.6641
vn 0.3014 0.0449 -0.9524
vn -0.5661 -0.0958 -0.8187
vn -0.9565 -0.1547 0.2472
vn -0.2382 -0.0345 0.9706
vn -0.2382 -0.0346 0.9706
vn 0.7539 0.0259 0.6565
vn -0.1979 -0.1347 0.9709
vn 0.9198 0.0430 -0.3900
vn 0.3215 -0.0415 -0.9460
vn -0.5326 -0.1992 -0.8226
vn -0.9225 -0.2979 0.2453
vn -0.9643 -0.0059 0.2647
vn -0.9076 0.0094 -0.4198
vn -0.0000 0.0223 -0.9998
vn 0.9076 0.0094 -0.4198
vn 0.9643 -0.0059 0.2647
vn -0.0000 -0.0223 0.9998
vn -0.9075 -0.0619 -0.4154
vn 0.9075 -0.0619 -0.4154
vn -0.0000 -0.1408 0.9900
vn -0.9594 -0.0763 0.2715
vn -0.0000 -0.0991 -0.9951
vn 0.9594 -0.0763 0.2715
vn -0.7374 0.1232 0.6641
vn -0.9030 0.1456 -0.4043
vn -0.3013 0.0451 -0.9524
vn 0.5661 -0.0959 -0.8187
vn 0.9565 -0.1550 0.2472
vn 0.2381 -0.0347 0.9706
vn -0.9211 0.0311 -0.3881
vn -0.3237 -0.0518 -0.9447
vn 0.5282 -0.2117 -0.8223
vn 0.9167 -0.3159 0.2447
vn -0.7553 0.0151 0.6553
vn 0.1928 -0.1472 0.9701
vn 0.9963 -0.0513 0.0685
vn -0.0011 -0.0394 0.9992
vn -0.9962 0.0457 0.0735
vn -0.0023 0.0396 -0.9992
vn -0.0036 -0.1095 0.9940
vn -0.0056 -0.0411 -0.9991
vn 0.9934 -0.0929 0.0674
vn -0.9974 0.0026 0.0727
vn 0.3704 -0.4854 0.7919
vn -0.0000 -0.5189 0.8548
vn 0.3996 -0.4316 0.8087
vn 0.4410 -0.3852 0.8107
vn 0.8804 -0.4137 -0.2317
vn 0.6192 -0.3763 -0.6892
vn 0.8555 -0.4674 0.2230
vn 0.8737 -0.4065 0.2673
vn 0.8404 -0.4039 -0.3615
vn 0.8559 -0.4109 -0.3139
vn 0.8381 -0.4445 0.3162
vn 0.7264 -0.4262 0.5392
vn 0.2945 -0.3344 -0.8952
vn -0.0000 -0.3664 -0.9305
vn 0.3677 -0.3671 -0.8544
vn 0.3364 -0.3592 -0.8705
vn -0.3704 -0.4854 0.7919
vn -0.3996 -0.4316 0.8087
vn -0.4410 -0.3852 0.8107
vn -0.8804 -0.4137 -0.2317
vn -0.6192 -0.3763 -0.6892
vn -0.8497 -0.4746 0.2295
vn -0.8744 -0.4036 0.2693
vn -0.8404 -0.4039 -0.3615
vn -0.8559 -0.4109 -0.3139
vn -0.8364 -0.4531 0.3083
vn -0.7264 -0.4262 0.5392
vn -0.2945 -0.3344 -0.8952
vn -0.3677 -0.3671 -0.8544
vn -0.3364 -0.3592 -0.8705
vn -0.0000 -0.9765 0.2156
vn -0.0932 -0.9762 0.1959
vn -0.1572 -0.9769 0.1447
vn -0.1941 -0.9779 0.0777
vn -0.0000 -0.9823 -0.1874
vn -0.0879 -0.9807 -0.1747
vn -0.2070 -0.9783 0.0070
vn -0.1974 -0.9787 -0.0568
vn -0.1461 -0.9806 -0.1307
vn -0.1729 -0.9794 -0.1046
vn -0.1213 -0.9811 -0.1507
vn 0.0932 -0.9762 0.1959
vn 0.1572 -0.9769 0.1447
vn 0.1941 -0.9779 0.0777
vn 0.0879 -0.9807 -0.1747
vn 0.2070 -0.9783 0.0070
vn 0.1974 -0.9787 -0.0568
vn 0.1461 -0.9806 -0.1307
vn 0.1729 -0.9794 -0.1046
vn 0.1213 -0.9811 -0.1507
vn 0.4411 0.0324 0.8969
vn -0.0000 0.0275 0.9996
vn 0.4640 0.0377 0.8850
vn 0.9456 0.0303 0.3239
vn 0.4535 0.0469 0.8900
vn 0.7870 0.0457 0.6152
vn 0.9625 0.0225 0.2705
vn 0.9541 0.0195 -0.2987
vn 0.9594 0.0512 0.2773
vn 0.9695 0.0491 -0.2402
vn 0.6964 0.0783 -0.7134
vn 0.9392 0.0339 -0.3416
vn 0.4307 0.0701 -0.8997
vn 0.3911 0.0641 -0.9181
vn 0.3190 0.0826 -0.9442
vn -0.0000 0.0910 -0.9958
vn -0.4411 0.0324 0.8969
vn -0.4640 0.0377 0.8850
vn -0.9477 0.0473 0.3156
vn -0.4535 0.0469 0.8900
vn -0.7870 0.0457 0.6152
vn -0.9582 0.0378 0.2837
vn -0.9519 0.0352 -0.3043
vn -0.9601 0.0553 0.2742
vn -0.9688 0.0521 -0.2421
vn -0.6964 0.0783 -0.7134
vn -0.9412 0.0453 -0.3347
vn -0.3669 0.0679 -0.9278
vn -0.1994 0.0832 -0.9764
vn -0.3186 0.0882 -0.9438
vn -0.0000 0.8318 0.5551
vn 0.2510 0.8091 0.5314
vn 0.2553 0.7910 0.5560
vn 0.2357 0.8150 0.5294
vn 0.4276 0.8453 0.3205
vn 0.5749 0.8134 0.0885
vn 0.5855 0.8027 0.1128
vn 0.5534 0.8220 -0.1346
vn 0.5578 0.8271 0.0693
vn 0.5750 0.8099 -0.1160
vn 0.5261 0.8205 -0.2234
vn 0.3316 0.8043 -0.4931
vn 0.1790 0.7637 -0.6202
vn 0.2841 0.7695 -0.5720
vn 0.2896 0.8072 -0.5143
vn -0.0000 0.8408 -0.5413
vn -0.2633 0.8010 0.5376
vn -0.2590 0.7741 0.5777
vn -0.2220 0.8076 0.5463
vn -0.4340 0.8438 0.3157
vn -0.5694 0.8169 0.0924
vn -0.5794 0.8064 0.1183
vn -0.5765 0.8090 -0.1147
vn -0.5595 0.8259 0.0705
vn -0.6000 0.7919 -0.1134
vn -0.5292 0.8137 -0.2406
vn -0.3316 0.8043 -0.4931
vn -0.1790 0.7637 -0.6202
vn -0.2841 0.7695 -0.5720
vn -0.2896 0.8072 -0.5143
vt 0.358003 0.110038
vt 0.318820 0.098492
vt 0.313832 0.068859
vt 0.352808 0.080297
vt 0.307709 0.046498
vt 0.340476 0.052069
vt 0.137669 0.449956
vt 0.174157 0.461825
vt 0.173586 0.496537
vt 0.135354 0.488489
vt 0.101689 0.443335
vt 0.099510 0.483844
vt 0.197421 0.472172
vt 0.197655 0.503701
vt 0.679038 0.606730
vt 0.656115 0.636315
vt 0.634952 0.617021
vt 0.654670 0.592126
vt 0.638441 0.582767
vt 0.621899 0.603590
vt 0.608847 0.590159
vt 0.622213 0.573407
vt 0.587428 0.573473
vt 0.596386 0.559185
vt 0.563938 0.552121
vt 0.568738 0.544409
vt 0.548366 0.538850
vt 0.550759 0.534956
vt 0.668010 0.648481
vt 0.631491 0.669961
vt 0.622936 0.654841
vt 0.608756 0.635045
vt 0.600092 0.621463
vt 0.572765 0.588029
vt 0.556015 0.560227
vt 0.590058 0.608468
vt 0.586033 0.656721
vt 0.577037 0.640009
vt 0.556014 0.667051
vt 0.551830 0.648615
vt 0.526515 0.671561
vt 0.527001 0.653176
vt 0.500679 0.665526
vt 0.503511 0.649656
vt 0.568041 0.623297
vt 0.560989 0.596253
vt 0.546303 0.566741
vt 0.544741 0.542713
vt 0.540052 0.545699
vt 0.547645 0.630179
vt 0.544189 0.602368
vt 0.537088 0.569879
vt 0.534500 0.547405
vt 0.527299 0.570547
vt 0.529513 0.547579
vt 0.518452 0.569502
vt 0.525041 0.546509
vt 0.527488 0.634792
vt 0.527433 0.604069
vt 0.506344 0.633786
vt 0.513158 0.598813
vt 0.485319 0.631271
vt 0.501822 0.592970
vt 0.474396 0.662567
vt 0.479858 0.646919
vt 0.453535 0.644094
vt 0.461324 0.633128
vt 0.433031 0.630430
vt 0.443780 0.620397
vt 0.405871 0.608217
vt 0.420886 0.596569
vt 0.391540 0.582008
vt 0.410706 0.573029
vt 0.389951 0.550507
vt 0.407731 0.547678
vt 0.393989 0.524233
vt 0.410300 0.523653
vt 0.397313 0.491909
vt 0.416627 0.495860
vt 0.408473 0.466413
vt 0.426161 0.474420
vt 0.469112 0.622161
vt 0.487033 0.587483
vt 0.533956 0.526202
vt 0.435941 0.499811
vt 0.443849 0.482428
vt 0.465941 0.492815
vt 0.463783 0.507214
vt 0.458374 0.523589
vt 0.426612 0.523073
vt 0.454530 0.610363
vt 0.471068 0.583988
vt 0.435901 0.584921
vt 0.463111 0.567448
vt 0.429871 0.564049
vt 0.457159 0.553852
vt 0.425510 0.544848
vt 0.454826 0.538637
vt 0.489315 0.524951
vt 0.488557 0.533314
vt 0.492402 0.516003
vt 0.495912 0.507331
vt 0.516240 0.517369
vt 0.514315 0.521876
vt 0.513231 0.525176
vt 0.490166 0.542780
vt 0.493695 0.550172
vt 0.510871 0.566536
vt 0.497579 0.557028
vt 0.502623 0.563266
vt 0.512655 0.528852
vt 0.512819 0.533137
vt 0.513592 0.536679
vt 0.515155 0.539807
vt 0.518066 0.542802
vt 0.521306 0.544915
vt 0.305275 0.439008
vt 0.294810 0.471654
vt 0.262093 0.470464
vt 0.280689 0.438025
vt 0.595650 0.683980
vt 0.562477 0.694497
vt 0.525103 0.697814
vt 0.500049 0.688977
vt 0.465021 0.688357
vt 0.438411 0.672784
vt 0.419944 0.652320
vt 0.384731 0.629956
vt 0.365776 0.591468
vt 0.686581 0.486038
vt 0.682255 0.454586
vt 0.708639 0.443917
vt 0.717591 0.478883
vt 0.689485 0.512818
vt 0.721764 0.506828
vt 0.679038 0.544747
vt 0.711147 0.543801
vt 0.364231 0.491143
vt 0.377869 0.453510
vt 0.288071 0.502193
vt 0.253613 0.499013
vt 0.284959 0.533201
vt 0.246460 0.528770
vt 0.287446 0.569067
vt 0.242321 0.566072
vt 0.290979 0.039776
vt 0.292487 0.066130
vt 0.254226 0.052119
vt 0.257473 0.027952
vt 0.224850 0.533432
vt 0.233103 0.496848
vt 0.604265 0.700297
vt 0.566898 0.716379
vt 0.495977 0.710243
vt 0.455929 0.711714
vt 0.426379 0.696672
vt 0.523718 0.719859
vt 0.776540 0.361779
vt 0.757987 0.361511
vt 0.739077 0.328428
vt 0.762824 0.324414
vt 0.409410 0.672068
vt 0.370065 0.640469
vt 0.711224 0.407821
vt 0.736264 0.397239
vt 0.737111 0.435185
vt 0.210478 0.002727
vt 0.252652 0.004605
vt 0.212193 0.023048
vt 0.181346 0.007535
vt 0.180055 0.027469
vt 0.142279 0.000000
vt 0.138687 0.018725
vt 0.104488 0.020924
vt 0.110659 0.003040
vt 0.730812 0.299944
vt 0.757896 0.296026
vt 0.045942 0.017595
vt 0.089439 0.018998
vt 0.080947 0.038628
vt 0.036380 0.038160
vt 0.765271 0.387456
vt 0.760267 0.426518
vt 0.213054 0.046705
vt 0.177370 0.048067
vt 0.137823 0.039223
vt 0.099472 0.039724
vt 0.727690 0.274148
vt 0.757024 0.268016
vt 0.071028 0.060254
vt 0.030146 0.060863
vt 0.794487 0.381392
vt 0.787867 0.422041
vt 0.742611 0.475028
vt 0.767310 0.471928
vt 0.790818 0.468456
vt 0.705019 0.582405
vt 0.739790 0.542393
vt 0.730341 0.588431
vt 0.746634 0.504400
vt 0.767755 0.503890
vt 0.795935 0.502043
vt 0.765104 0.542919
vt 0.752103 0.592318
vt 0.792705 0.542811
vt 0.786018 0.595940
vt 0.074887 0.440680
vt 0.072610 0.482758
vt 0.045710 0.481672
vt 0.048084 0.438025
vt 0.341479 0.177002
vt 0.364231 0.199671
vt 0.345740 0.221227
vt 0.323852 0.199319
vt 0.300216 0.183194
vt 0.310672 0.163191
vt 0.317594 0.121603
vt 0.355653 0.132891
vt 0.353303 0.155744
vt 0.316368 0.144714
vt 0.292689 0.594661
vt 0.297931 0.620255
vt 0.250108 0.622917
vt 0.246215 0.594495
vt 0.282082 0.133960
vt 0.272001 0.155498
vt 0.290428 0.090534
vt 0.288368 0.114937
vt 0.252524 0.100614
vt 0.253375 0.076367
vt 0.174968 0.069424
vt 0.211035 0.068055
vt 0.209015 0.089404
vt 0.179360 0.095346
vt 0.135481 0.061826
vt 0.133139 0.084429
vt 0.092704 0.087995
vt 0.096088 0.063860
vt 0.763928 0.249730
vt 0.730200 0.245991
vt 0.732709 0.217834
vt 0.767969 0.227026
vt 0.026043 0.080049
vt 0.064857 0.078794
vt 0.060561 0.099348
vt 0.021941 0.099235
vt 0.811019 0.423021
vt 0.816353 0.381441
vt 0.838218 0.381491
vt 0.834171 0.424001
vt 0.093708 0.111917
vt 0.132556 0.106573
vt 0.133235 0.132158
vt 0.097290 0.139099
vt 0.066475 0.148771
vt 0.061688 0.122610
vt 0.025624 0.158255
vt 0.021269 0.127377
vt 0.862657 0.432288
vt 0.864811 0.391205
vt 0.891793 0.405350
vt 0.891606 0.443616
vt 0.176991 0.117271
vt 0.208822 0.116891
vt 0.253270 0.124008
vt 0.251197 0.150254
vt 0.207312 0.147470
vt 0.179932 0.147113
vt 0.813757 0.546596
vt 0.817409 0.501244
vt 0.838883 0.500446
vt 0.834809 0.550382
vt 0.837273 0.597111
vt 0.811646 0.596525
vt 0.813209 0.469594
vt 0.835600 0.470731
vt 0.864837 0.502448
vt 0.862334 0.474492
vt 0.889542 0.479866
vt 0.891180 0.505119
vt 0.862984 0.594602
vt 0.862265 0.552689
vt 0.890197 0.553964
vt 0.889146 0.589645
vt 0.569452 0.016029
vt 0.593767 0.021084
vt 0.591891 0.032033
vt 0.572443 0.026479
vt 0.629082 0.041738
vt 0.629233 0.048644
vt 0.651140 0.043185
vt 0.650929 0.058319
vt 0.672780 0.057434
vt 0.670500 0.063013
vt 0.007499 0.182030
vt 0.034062 0.171070
vt 0.038659 0.186322
vt 0.013162 0.187032
vt 0.073190 0.161625
vt 0.102467 0.150207
vt 0.107645 0.161314
vt 0.079906 0.174479
vt 0.134816 0.145502
vt 0.134224 0.165868
vt 0.182035 0.157292
vt 0.184138 0.167471
vt 0.209486 0.157850
vt 0.209186 0.168059
vt 0.249002 0.158792
vt 0.239997 0.169921
vt 0.266914 0.163992
vt 0.292112 0.190649
vt 0.282537 0.200004
vt 0.262149 0.178083
vt 0.318821 0.212104
vt 0.310158 0.225403
vt 0.593020 0.361136
vt 0.567304 0.371917
vt 0.569563 0.362441
vt 0.583397 0.350036
vt 0.621796 0.331111
vt 0.581545 0.339803
vt 0.617355 0.317292
vt 0.657816 0.319273
vt 0.646837 0.311995
vt 0.335778 0.225061
vt 0.000000 0.174546
vt 0.649150 0.034936
vt 0.675829 0.049996
vt 0.628931 0.034832
vt 0.595643 0.010136
vt 0.566461 0.005579
vt 0.223914 0.182943
vt 0.206891 0.182060
vt 0.184159 0.181679
vt 0.141641 0.175693
vt 0.675706 0.091261
vt 0.688073 0.137426
vt 0.673830 0.139927
vt 0.666756 0.103124
vt 0.706001 0.171057
vt 0.689371 0.161042
vt 0.643842 0.073694
vt 0.623549 0.062746
vt 0.587273 0.052165
vt 0.586127 0.038442
vt 0.573048 0.333656
vt 0.612686 0.309504
vt 0.643843 0.294002
vt 0.667321 0.264588
vt 0.666403 0.282196
vt 0.656936 0.280801
vt 0.658171 0.260968
vt 0.637951 0.274514
vt 0.641685 0.255089
vt 0.607447 0.298128
vt 0.670773 0.241811
vt 0.660250 0.240163
vt 0.671182 0.195596
vt 0.690261 0.202836
vt 0.670746 0.171908
vt 0.661358 0.144593
vt 0.647705 0.235565
vt 0.653722 0.196908
vt 0.572757 0.314539
vt 0.655292 0.174276
vt 0.645995 0.150344
vt 0.645760 0.101011
vt 0.617623 0.080005
vt 0.576880 0.066535
vt 0.630786 0.122164
vt 0.609213 0.101693
vt 0.576047 0.094828
vt 0.570441 0.275333
vt 0.594023 0.269657
vt 0.610058 0.258436
vt 0.616464 0.246532
vt 0.623788 0.229500
vt 0.626127 0.201820
vt 0.623598 0.184695
vt 0.591751 0.140721
vt 0.571696 0.138144
vt 0.606036 0.152698
vt 0.615041 0.165939
vt 0.569149 0.154982
vt 0.584083 0.157615
vt 0.576416 0.174509
vt 0.566602 0.171820
vt 0.593750 0.167145
vt 0.600994 0.178290
vt 0.586947 0.190640
vt 0.581463 0.181591
vt 0.586527 0.259855
vt 0.569454 0.265302
vt 0.568467 0.255271
vt 0.579030 0.250054
vt 0.607652 0.193579
vt 0.610202 0.208034
vt 0.594277 0.214247
vt 0.591705 0.202463
vt 0.607861 0.230363
vt 0.603591 0.242257
vt 0.597704 0.251532
vt 0.585349 0.244627
vt 0.590717 0.237982
vt 0.591934 0.231227
vt 0.564553 0.217159
vt 0.948278 0.011404
vt 0.966876 0.007532
vt 0.962098 0.016412
vt 0.950085 0.016751
vt 0.110638 0.170184
vt 0.129328 0.172360
vt 0.137650 0.180847
vt 0.133660 0.186002
vt 0.123899 0.180974
vt 0.962508 0.354862
vt 0.981157 0.354050
vt 0.977351 0.359886
vt 0.965097 0.359541
vt 0.694582 0.165785
vt 0.697897 0.169979
vt 0.685674 0.179561
vt 0.678210 0.175735
vt 0.679069 0.193556
vt 0.686956 0.191515
vt 0.495818 0.967097
vt 0.483617 0.964758
vt 0.487666 0.960638
vt 0.493946 0.961256
vt 0.391108 0.941437
vt 0.381965 0.940414
vt 0.383072 0.935704
vt 0.388645 0.935846
vt 0.369249 0.934858
vt 0.374266 0.930826
vt 0.928001 0.637197
vt 0.906435 0.636811
vt 0.907794 0.632435
vt 0.924595 0.632715
vt 0.648369 0.074327
vt 0.655564 0.061786
vt 0.660198 0.065253
vt 0.652896 0.074960
vt 0.650534 0.096624
vt 0.655308 0.092237
vt 0.667890 0.098830
vt 0.669024 0.094537
vt 0.036089 0.191124
vt 0.047375 0.198381
vt 0.042704 0.202022
vt 0.033518 0.195926
vt 0.015566 0.191606
vt 0.017971 0.196179
vt 0.405560 0.727365
vt 0.417062 0.728752
vt 0.415596 0.735825
vt 0.407594 0.733641
vt 0.398108 0.730900
vt 0.401843 0.735835
vt 0.514395 0.726785
vt 0.523133 0.725855
vt 0.523552 0.731686
vt 0.516554 0.732858
vt 0.239749 0.175476
vt 0.259151 0.181513
vt 0.256152 0.184943
vt 0.239501 0.181032
vt 0.226261 0.185163
vt 0.228607 0.187382
vt 0.887882 0.284554
vt 0.886983 0.281628
vt 0.899414 0.280487
vt 0.900518 0.283532
vt 0.658685 0.284226
vt 0.660433 0.287651
vt 0.650818 0.296793
vt 0.647331 0.295398
vt 0.649933 0.311418
vt 0.653030 0.310842
vt 0.894973 0.645362
vt 0.914749 0.650874
vt 0.913229 0.653280
vt 0.895757 0.649045
vt 0.250851 0.194128
vt 0.238218 0.191596
vt 0.876299 0.283478
vt 0.877381 0.271816
vt 0.886124 0.271808
vt 0.895353 0.271172
vt 0.668123 0.292976
vt 0.662612 0.300679
vt 0.663818 0.310537
vt 0.907762 0.662409
vt 0.895205 0.660306
vt 0.247375 0.201271
vt 0.237694 0.198271
vt 0.876343 0.263460
vt 0.885186 0.264075
vt 0.892290 0.263399
vt 0.674712 0.296144
vt 0.670626 0.302613
vt 0.672659 0.310966
vt 0.903338 0.670338
vt 0.893477 0.669787
vt 0.899969 0.678958
vt 0.891159 0.677931
vt 0.681221 0.311049
vt 0.679823 0.304425
vt 0.462275 0.980396
vt 0.454372 0.981197
vt 0.454025 0.973005
vt 0.460067 0.972121
vt 0.883082 0.255396
vt 0.889091 0.254553
vt 0.874528 0.255323
vt 0.244763 0.207001
vt 0.236521 0.204323
vt 0.243056 0.212442
vt 0.235894 0.209267
vt 0.896940 0.686387
vt 0.889091 0.685540
vt 0.688565 0.311490
vt 0.687352 0.305235
vt 0.452596 0.965864
vt 0.457720 0.965219
vt 0.885786 0.246815
vt 0.880935 0.248367
vt 0.872238 0.248227
vt 0.241487 0.218083
vt 0.234768 0.215050
vt 0.240100 0.223774
vt 0.233220 0.220461
vt 0.886545 0.693654
vt 0.893978 0.694835
vt 0.892049 0.702733
vt 0.883652 0.702018
vt 0.696486 0.312072
vt 0.695267 0.306042
vt 0.703160 0.312711
vt 0.703219 0.306707
vt 0.450463 0.958077
vt 0.455272 0.957649
vt 0.452802 0.949436
vt 0.448381 0.950400
vt 0.878104 0.239748
vt 0.882360 0.238441
vt 0.874787 0.231412
vt 0.879582 0.230289
vt 0.869114 0.239638
vt 0.866122 0.231527
vt 0.231590 0.225918
vt 0.239232 0.229392
vt 0.238364 0.235010
vt 0.229961 0.231375
vt 0.863342 0.223480
vt 0.860562 0.215434
vt 0.869596 0.216368
vt 0.872191 0.223890
vt 0.875788 0.215695
vt 0.877685 0.222992
vt 0.446597 0.943430
vt 0.444814 0.936460
vt 0.450155 0.936211
vt 0.451479 0.942824
vt 0.881408 0.709887
vt 0.889621 0.710384
vt 0.887193 0.718034
vt 0.879163 0.717755
vt 0.709731 0.314280
vt 0.708977 0.307597
vt 0.228464 0.240328
vt 0.236785 0.244054
vt 0.235059 0.257228
vt 0.226675 0.252565
vt 0.857835 0.203390
vt 0.856571 0.188386
vt 0.865177 0.188509
vt 0.867386 0.202438
vt 0.716302 0.315850
vt 0.714734 0.308487
vt 0.894189 0.641679
vt 0.916269 0.648468
vt 0.888781 0.287479
vt 0.901622 0.286577
vt 0.959919 0.350182
vt 0.984963 0.348214
vt 0.113592 0.180462
vt 0.943608 0.006752
vt 0.971210 0.000000
vt 0.052047 0.194740
vt 0.931406 0.641679
vt 0.905077 0.641187
vt 0.380859 0.945124
vt 0.364231 0.938890
vt 0.393571 0.947028
vt 0.497690 0.972939
vt 0.479568 0.968879
vt 0.512237 0.720713
vt 0.524918 0.719859
vt 0.393571 0.724909
vt 0.402591 0.719859
vt 0.418529 0.721678
vt 0.876030 0.730152
vt 0.884125 0.732488
vt 0.453482 0.922190
vt 0.448238 0.922948
vt 0.446320 0.909685
vt 0.452651 0.909403
vt 0.873942 0.202191
vt 0.872096 0.188688
vt 0.442939 0.923353
vt 0.441065 0.910246
vt 0.876893 0.760041
vt 0.882401 0.760236
vt 0.884473 0.775277
vt 0.878328 0.775464
vt 0.233198 0.270142
vt 0.231157 0.284097
vt 0.224931 0.281768
vt 0.225487 0.265086
vt 0.856770 0.173953
vt 0.859597 0.156294
vt 0.866360 0.157042
vt 0.864941 0.173291
vt 0.872403 0.157725
vt 0.872291 0.172447
vt 0.441153 0.894194
vt 0.441214 0.879655
vt 0.446200 0.879122
vt 0.446260 0.894403
vt 0.451284 0.894955
vt 0.724752 0.310109
vt 0.727690 0.318196
vt 0.875540 0.745784
vt 0.882787 0.745627
vt 0.888146 0.759363
vt 0.888469 0.774787
vt 0.113483 0.195088
vt 0.121564 0.194629
vt 0.119100 0.208524
vt 0.111626 0.209314
vt 0.128512 0.198305
vt 0.971210 0.015947
vt 0.979162 0.016195
vt 0.981943 0.029161
vt 0.974138 0.028469
vt 0.975663 0.372885
vt 0.975704 0.385538
vt 0.968518 0.386807
vt 0.967068 0.373022
vt 0.959421 0.031315
vt 0.957786 0.046393
vt 0.952434 0.046903
vt 0.951125 0.031692
vt 0.988551 0.014748
vt 0.988658 0.029779
vt 0.952723 0.057093
vt 0.958352 0.057052
vt 0.958917 0.067711
vt 0.953429 0.067133
vt 0.946678 0.067598
vt 0.946334 0.056691
vt 0.976492 0.039877
vt 0.983987 0.040020
vt 0.986031 0.050880
vt 0.978845 0.051286
vt 0.969360 0.398267
vt 0.976108 0.397004
vt 0.976513 0.408471
vt 0.970077 0.409416
vt 0.109552 0.218578
vt 0.117054 0.217922
vt 0.114581 0.228304
vt 0.107478 0.227842
vt 0.122219 0.220781
vt 0.118945 0.230529
vt 0.991293 0.000000
vt 0.975933 0.003231
vt 0.697401 0.181473
vt 0.697430 0.191084
vt 0.125296 0.210693
vt 0.945990 0.045784
vt 0.947011 0.080752
vt 0.954102 0.081347
vt 0.954822 0.095038
vt 0.947616 0.097673
vt 0.959445 0.081033
vt 0.106031 0.239568
vt 0.113338 0.240129
vt 0.117406 0.242356
vt 0.970795 0.422893
vt 0.977922 0.421441
vt 0.988801 0.063988
vt 0.990209 0.080805
vt 0.981266 0.079475
vt 0.980909 0.064359
vt 0.104437 0.265080
vt 0.112243 0.265804
vt 0.113300 0.281243
vt 0.105789 0.280583
vt 0.967687 0.452504
vt 0.971496 0.453228
vt 0.972305 0.470138
vt 0.968309 0.470110
vt 0.979713 0.452674
vt 0.979825 0.470188
vt 0.981252 0.095369
vt 0.989473 0.096620
vt 0.987784 0.113205
vt 0.980849 0.112564
vt 0.948378 0.113634
vt 0.957159 0.110829
vt 0.958549 0.128094
vt 0.949757 0.130436
vt 0.961764 0.110476
vt 0.963026 0.128139
vt 0.971514 0.436369
vt 0.978913 0.436636
vt 0.112095 0.251954
vt 0.115866 0.254182
vt 0.104584 0.251294
vt 0.959974 0.094356
vt 0.967977 0.436146
vt 0.112922 0.296567
vt 0.106659 0.296601
vt 0.963869 0.146205
vt 0.959691 0.146077
vt 0.952375 0.147400
vt 0.986975 0.129849
vt 0.980305 0.129801
vt 0.979383 0.487862
vt 0.972858 0.488204
vt 0.968626 0.487851
vt 0.919281 0.618388
vt 0.907032 0.619002
vt 0.904901 0.606217
vt 0.915343 0.606506
vt 0.428973 0.975014
vt 0.428450 0.964152
vt 0.435436 0.962492
vt 0.437955 0.973404
vt 0.668754 0.088644
vt 0.667016 0.077846
vt 0.679191 0.080178
vt 0.680537 0.088792
vt 0.113330 0.714004
vt 0.127092 0.714035
vt 0.121484 0.724740
vt 0.112132 0.725802
vt 0.029397 0.208120
vt 0.037061 0.211344
vt 0.031419 0.220666
vt 0.026060 0.217209
vt 0.019589 0.207185
vt 0.019079 0.216772
vt 0.909985 0.593430
vt 0.901774 0.594232
vt 0.898996 0.582751
vt 0.906114 0.582151
vt 0.432802 0.950880
vt 0.426205 0.952249
vt 0.424424 0.941836
vt 0.429809 0.939766
vt 0.692437 0.088862
vt 0.691891 0.082540
vt 0.703831 0.084097
vt 0.705609 0.089622
vt 0.108928 0.736168
vt 0.116207 0.735984
vt 0.110219 0.748631
vt 0.105724 0.746534
vt 0.017798 0.225096
vt 0.023424 0.225024
vt 0.020836 0.232998
vt 0.015922 0.233149
vt 0.028001 0.227847
vt 0.024583 0.235028
vt 0.903112 0.571447
vt 0.896432 0.572966
vt 0.894414 0.562704
vt 0.900446 0.562937
vt 0.014535 0.239918
vt 0.018946 0.239758
vt 0.016659 0.247258
vt 0.012612 0.247353
vt 0.022182 0.242236
vt 0.103041 0.756569
vt 0.107584 0.757219
vt 0.105536 0.766328
vt 0.100357 0.766603
vt 0.713445 0.089928
vt 0.712740 0.084577
vt 0.720407 0.085477
vt 0.721171 0.090159
vt 0.422943 0.931829
vt 0.421230 0.923879
vt 0.425357 0.922760
vt 0.427136 0.930879
vt 0.114528 0.702205
vt 0.132034 0.702128
vt 0.427895 0.987816
vt 0.441065 0.984572
vt 0.019781 0.249444
vt 0.898543 0.546056
vt 0.892413 0.545569
vt 0.891793 0.536509
vt 0.897731 0.536868
vt 0.423560 0.907289
vt 0.419688 0.907564
vt 0.418835 0.898633
vt 0.423057 0.898489
vt 0.426330 0.907487
vt 0.425785 0.898915
vt 0.098229 0.782007
vt 0.102924 0.782403
vt 0.102197 0.791112
vt 0.096793 0.789973
vt 0.014085 0.259908
vt 0.017528 0.261586
vt 0.016188 0.267688
vt 0.012400 0.266946
vt 0.009469 0.260517
vt 0.008531 0.267759
vt 0.015454 0.253253
vt 0.010872 0.253686
vt 0.018655 0.255406
vt 0.103964 0.774405
vt 0.099258 0.774200
vt 0.727136 0.086407
vt 0.727690 0.090705
vt 0.420481 0.915891
vt 0.424031 0.915128
vt 0.893538 0.554500
vt 0.899183 0.554598
vt 0.427299 0.915350
vt 0.899572 0.509632
vt 0.893446 0.510853
vt 0.895570 0.496812
vt 0.902305 0.497145
vt 0.006704 0.278058
vt 0.011276 0.278130
vt 0.010458 0.290038
vt 0.014407 0.291768
vt 0.013586 0.304732
vt 0.009590 0.303018
vt 0.098298 0.817019
vt 0.104076 0.817542
vt 0.105562 0.830740
vt 0.100055 0.831020
vt 0.422828 0.872218
vt 0.418684 0.871482
vt 0.419716 0.858738
vt 0.424165 0.859567
vt 0.426023 0.872403
vt 0.426683 0.859132
vt 0.422641 0.884914
vt 0.425351 0.885630
vt 0.418529 0.885293
vt 0.102760 0.804356
vt 0.097091 0.803557
vt 0.015174 0.279545
vt 0.005769 0.290114
vt 0.892012 0.524300
vt 0.898223 0.523418
vt 0.004510 0.303027
vt 0.003457 0.313934
vt 0.009053 0.313757
vt 0.009147 0.325300
vt 0.003372 0.325636
vt 0.898585 0.485740
vt 0.902942 0.474660
vt 0.909568 0.475629
vt 0.905152 0.486074
vt 0.420927 0.847375
vt 0.423270 0.836403
vt 0.428593 0.837105
vt 0.426317 0.847925
vt 0.107795 0.841613
vt 0.111537 0.840923
vt 0.115079 0.851478
vt 0.110329 0.852328
vt 0.102565 0.842025
vt 0.105478 0.853392
vt 0.013172 0.315505
vt 0.013003 0.326807
vt 0.107015 0.829731
vt 0.492747 0.954829
vt 0.486604 0.954213
vt 0.488415 0.948359
vt 0.492228 0.948775
vt 0.384126 0.930825
vt 0.376468 0.927132
vt 0.378535 0.923821
vt 0.383569 0.925082
vt 0.387082 0.930706
vt 0.386324 0.924690
vt 0.913211 0.464732
vt 0.907088 0.464438
vt 0.911302 0.453232
vt 0.917359 0.453420
vt 0.425256 0.825119
vt 0.427284 0.813321
vt 0.433317 0.814247
vt 0.430864 0.826082
vt 0.114049 0.863881
vt 0.118671 0.862229
vt 0.122519 0.873773
vt 0.118101 0.874714
vt 0.109421 0.864602
vt 0.112952 0.875566
vt 0.009282 0.336966
vt 0.013079 0.338506
vt 0.012897 0.349771
vt 0.008865 0.348238
vt 0.003691 0.336526
vt 0.004502 0.348311
vt 0.107202 0.325349
vt 0.112277 0.325504
vt 0.111653 0.337378
vt 0.107070 0.336895
vt 0.961962 0.179385
vt 0.965953 0.178969
vt 0.967073 0.192288
vt 0.963646 0.192783
vt 0.956381 0.179879
vt 0.956448 0.192599
vt 0.982483 0.161347
vt 0.986570 0.161824
vt 0.987108 0.174493
vt 0.983522 0.174763
vt 0.974572 0.520013
vt 0.980353 0.519744
vt 0.981304 0.533190
vt 0.975278 0.533542
vt 0.971026 0.520250
vt 0.971610 0.533811
vt 0.973391 0.507037
vt 0.969882 0.506486
vt 0.979885 0.506682
vt 0.987334 0.148677
vt 0.981948 0.148421
vt 0.960328 0.165686
vt 0.955140 0.166554
vt 0.964722 0.165652
vt 0.112639 0.313149
vt 0.107254 0.313847
vt 0.224213 0.318552
vt 0.230021 0.319115
vt 0.229064 0.337707
vt 0.223367 0.337660
vt 0.217388 0.318681
vt 0.217533 0.337547
vt 0.880967 0.123293
vt 0.875045 0.122156
vt 0.880273 0.103428
vt 0.885392 0.105504
vt 0.450059 0.844651
vt 0.444324 0.844375
vt 0.445930 0.826148
vt 0.452052 0.826842
vt 0.454627 0.845122
vt 0.457135 0.828023
vt 0.887899 0.810426
vt 0.894748 0.808746
vt 0.900084 0.825295
vt 0.892744 0.829150
vt 0.889947 0.792980
vt 0.883493 0.794247
vt 0.893642 0.793065
vt 0.442910 0.860406
vt 0.448305 0.860315
vt 0.870561 0.138157
vt 0.877075 0.138939
vt 0.217478 0.284093
vt 0.224422 0.301031
vt 0.217524 0.302569
vt 0.230347 0.302911
vt 0.452102 0.861351
vt 0.096277 0.530633
vt 0.132500 0.533334
vt 0.127755 0.577570
vt 0.092236 0.574298
vt 0.169502 0.536908
vt 0.157781 0.577495
vt 0.193197 0.540316
vt 0.224850 0.515240
vt 0.222200 0.546495
vt 0.627683 0.552798
vt 0.645293 0.557190
vt 0.602499 0.543579
vt 0.572072 0.535988
vt 0.552466 0.530717
vt 0.185304 0.582487
vt 0.209610 0.581597
vt 0.648167 0.527560
vt 0.666140 0.527032
vt 0.662903 0.561582
vt 0.573840 0.524871
vt 0.605421 0.523257
vt 0.632199 0.519597
vt 0.647993 0.499270
vt 0.665826 0.498455
vt 0.639468 0.472226
vt 0.655248 0.465100
vt 0.628833 0.451197
vt 0.642482 0.441546
vt 0.610790 0.433581
vt 0.620420 0.422579
vt 0.605089 0.508783
vt 0.630160 0.500086
vt 0.573335 0.513124
vt 0.553418 0.525503
vt 0.553036 0.519946
vt 0.600067 0.491535
vt 0.623688 0.479352
vt 0.570420 0.503767
vt 0.551118 0.514444
vt 0.548307 0.510301
vt 0.565154 0.495464
vt 0.544805 0.507308
vt 0.559053 0.488973
vt 0.591350 0.477292
vt 0.615185 0.460847
vt 0.578529 0.469154
vt 0.601160 0.444583
vt 0.567222 0.463254
vt 0.587017 0.429556
vt 0.595622 0.417306
vt 0.604226 0.405056
vt 0.572335 0.410006
vt 0.577223 0.398764
vt 0.550071 0.403827
vt 0.553889 0.390714
vt 0.520627 0.398737
vt 0.520229 0.381392
vt 0.495697 0.404452
vt 0.490626 0.385476
vt 0.473301 0.417623
vt 0.464117 0.403402
vt 0.455334 0.434331
vt 0.445243 0.422572
vt 0.437481 0.454498
vt 0.422000 0.442943
vt 0.551125 0.454146
vt 0.567447 0.421249
vt 0.452961 0.466052
vt 0.476263 0.482461
vt 0.465425 0.446089
vt 0.486048 0.468698
vt 0.541721 0.443850
vt 0.546253 0.416940
vt 0.524020 0.446638
vt 0.521024 0.416083
vt 0.509593 0.449852
vt 0.500768 0.423427
vt 0.482484 0.431843
vt 0.495939 0.457090
vt 0.512281 0.486258
vt 0.506061 0.491735
vt 0.500775 0.499395
vt 0.518715 0.513150
vt 0.520715 0.510332
vt 0.520868 0.481884
vt 0.528911 0.480322
vt 0.552179 0.484602
vt 0.536694 0.479446
vt 0.544645 0.479917
vt 0.523317 0.507704
vt 0.530143 0.503851
vt 0.526847 0.505315
vt 0.533576 0.503270
vt 0.537702 0.503855
vt 0.541315 0.505226
vt 0.220172 0.609723
vt 0.190791 0.617535
vt 0.224850 0.641869
vt 0.196770 0.654541
vt 0.660978 0.428312
vt 0.679038 0.455383
vt 0.202504 0.702128
vt 0.223282 0.703946
vt 0.214380 0.737245
vt 0.190457 0.734349
vt 0.617697 0.385531
vt 0.635960 0.407895
vt 0.679038 0.775657
vt 0.707469 0.790753
vt 0.705748 0.819872
vt 0.679394 0.801910
vt 0.684624 0.753763
vt 0.718405 0.763566
vt 0.683922 0.721198
vt 0.717694 0.729899
vt 0.686163 0.691287
vt 0.716845 0.687004
vt 0.689430 0.662859
vt 0.725137 0.653566
vt 0.056939 0.702128
vt 0.040843 0.737807
vt 0.017613 0.738131
vt 0.035931 0.703343
vt 0.784125 0.195801
vt 0.767690 0.158369
vt 0.801983 0.147041
vt 0.810816 0.183862
vt 0.399533 0.421123
vt 0.164549 0.621862
vt 0.135580 0.623331
vt 0.099255 0.627753
vt 0.132028 0.663625
vt 0.098329 0.670745
vt 0.167030 0.658276
vt 0.159892 0.868835
vt 0.142887 0.834325
vt 0.170333 0.831680
vt 0.180544 0.864390
vt 0.745043 0.806641
vt 0.739356 0.835795
vt 0.209067 0.772489
vt 0.183395 0.769569
vt 0.192208 0.680035
vt 0.160640 0.692374
vt 0.753953 0.772362
vt 0.745208 0.731903
vt 0.748376 0.685057
vt 0.129657 0.699043
vt 0.208630 0.800372
vt 0.180544 0.802617
vt 0.134678 0.804628
vt 0.165009 0.804820
vt 0.771428 0.816107
vt 0.768369 0.845702
vt 0.780954 0.776148
vt 0.775842 0.736033
vt 0.773128 0.688188
vt 0.098016 0.702128
vt 0.210781 0.829859
vt 0.182184 0.834939
vt 0.132034 0.776512
vt 0.163740 0.775589
vt 0.797203 0.820108
vt 0.795766 0.853210
vt 0.805993 0.778143
vt 0.805876 0.739184
vt 0.801909 0.688468
vt 0.752647 0.648650
vt 0.779085 0.645589
vt 0.803766 0.644893
vt 0.741310 0.168023
vt 0.727690 0.140300
vt 0.759057 0.126608
vt 0.797319 0.119952
vt 0.034494 0.764232
vt 0.008915 0.765135
vt 0.032018 0.786148
vt 0.003513 0.791244
vt 0.030434 0.815129
vt 0.000000 0.815834
vt 0.752916 0.099502
vt 0.793657 0.097492
vt 0.767383 0.637165
vt 0.741919 0.630439
vt 0.749671 0.070774
vt 0.792003 0.068145
vt 0.795095 0.641679
vt 0.069280 0.531116
vt 0.042283 0.531599
vt 0.020817 0.533082
vt 0.000000 0.535505
vt 0.000782 0.490391
vt 0.022958 0.484745
vt 0.021292 0.569914
vt 0.002874 0.568796
vt 0.066289 0.572512
vt 0.040342 0.570726
vt 0.070632 0.627769
vt 0.042008 0.627785
vt 0.022206 0.627413
vt 0.003005 0.624790
vt 0.070566 0.669277
vt 0.042803 0.667808
vt 0.217031 0.853483
vt 0.223282 0.877107
vt 0.196065 0.882567
vt 0.189125 0.858753
vt 0.073192 0.702002
vt 0.133108 0.749902
vt 0.134183 0.723292
vt 0.167368 0.726446
vt 0.165554 0.751018
vt 0.822157 0.854912
vt 0.825381 0.821130
vt 0.853558 0.822152
vt 0.848547 0.856613
vt 0.829105 0.776511
vt 0.852216 0.774879
vt 0.827950 0.738276
vt 0.850023 0.737368
vt 0.825285 0.686544
vt 0.848661 0.684621
vt 0.384882 0.194690
vt 0.410364 0.198030
vt 0.405379 0.235731
vt 0.381949 0.234911
vt 0.401444 0.152258
vt 0.425221 0.157764
vt 0.407028 0.106794
vt 0.435518 0.111408
vt 0.430234 0.064262
vt 0.458792 0.074217
vt 0.141414 0.702128
vt 0.180544 0.703086
vt 0.405609 0.302444
vt 0.434083 0.300368
vt 0.445115 0.338881
vt 0.420731 0.341450
vt 0.403328 0.270611
vt 0.431707 0.272748
vt 0.021644 0.658753
vt 0.001106 0.646387
vt 0.746141 0.049685
vt 0.742611 0.028597
vt 0.792605 0.024706
vt 0.810816 0.046531
vt 0.816010 0.639790
vt 0.836926 0.637901
vt 0.826246 0.643286
vt 0.848726 0.641679
vt 0.006820 0.838878
vt 0.002957 0.838094
vt 0.042956 0.883130
vt 0.056939 0.907530
vt 0.033796 0.910352
vt 0.017116 0.885589
vt 0.460325 0.039841
vt 0.483696 0.053399
vt 0.891793 0.619964
vt 0.864153 0.630769
vt 0.517835 0.000000
vt 0.538813 0.016478
vt 0.505371 0.048620
vt 0.484771 0.034811
vt 0.554370 0.036220
vt 0.546592 0.026349
vt 0.513651 0.061542
vt 0.509511 0.055081
vt 0.494961 0.075725
vt 0.486341 0.061576
vt 0.473498 0.084997
vt 0.467528 0.080339
vt 0.471777 0.114019
vt 0.451285 0.116188
vt 0.441190 0.160480
vt 0.457160 0.163195
vt 0.438352 0.200926
vt 0.424358 0.199478
vt 0.446218 0.225858
vt 0.421417 0.233263
vt 0.457064 0.269957
vt 0.444385 0.271353
vt 0.460029 0.294613
vt 0.447269 0.298692
vt 0.466350 0.323138
vt 0.454768 0.334477
vt 0.465906 0.346976
vt 0.457235 0.353493
vt 0.481385 0.338962
vt 0.518251 0.342666
vt 0.509161 0.353671
vt 0.559746 0.352676
vt 0.543440 0.366669
vt 0.527850 0.327280
vt 0.563973 0.341764
vt 0.501789 0.328181
vt 0.528350 0.375874
vt 0.565044 0.381392
vt 0.502874 0.361896
vt 0.478727 0.285634
vt 0.480711 0.302918
vt 0.460149 0.228515
vt 0.475906 0.263557
vt 0.484135 0.123503
vt 0.475702 0.162037
vt 0.461920 0.186424
vt 0.526481 0.073578
vt 0.508105 0.088841
vt 0.565070 0.054643
vt 0.562565 0.041071
vt 0.533403 0.318351
vt 0.505187 0.309475
vt 0.489229 0.279821
vt 0.491709 0.299239
vt 0.505474 0.270289
vt 0.509363 0.288864
vt 0.538565 0.305815
vt 0.487341 0.259459
vt 0.478799 0.217065
vt 0.488686 0.163862
vt 0.479608 0.193238
vt 0.494307 0.214698
vt 0.499511 0.252103
vt 0.502985 0.166303
vt 0.493530 0.192327
vt 0.506578 0.116543
vt 0.534921 0.089234
vt 0.519443 0.134589
vt 0.542127 0.109180
vt 0.548448 0.274743
vt 0.533436 0.266986
vt 0.526981 0.256518
vt 0.519741 0.241111
vt 0.516905 0.214009
vt 0.519196 0.196346
vt 0.551718 0.145188
vt 0.536734 0.160432
vt 0.527408 0.175718
vt 0.556628 0.176718
vt 0.554173 0.160953
vt 0.537711 0.719859
vt 0.549993 0.727586
vt 0.549665 0.739110
vt 0.537284 0.734460
vt 0.543900 0.172708
vt 0.551065 0.184984
vt 0.553313 0.263562
vt 0.558179 0.252381
vt 0.530679 0.202169
vt 0.542161 0.207992
vt 0.540905 0.220203
vt 0.528905 0.217106
vt 0.536641 0.185471
vt 0.532162 0.238811
vt 0.536753 0.249716
vt 0.546526 0.242914
vt 0.551926 0.248357
vt 0.542681 0.257672
vt 0.544584 0.236511
vt 0.545875 0.195224
vt 0.462104 0.191729
vt 0.464853 0.195985
vt 0.457146 0.206082
vt 0.447155 0.203468
vt 0.451508 0.221261
vt 0.999981 0.345540
vt 0.999666 0.352868
vt 0.986452 0.353281
vt 0.985707 0.348537
vt 0.920740 0.894798
vt 0.925211 0.890471
vt 0.934442 0.894041
vt 0.933256 0.902027
vt 0.955107 0.648199
vt 0.977129 0.647907
vt 0.973836 0.654135
vt 0.956210 0.653601
vt 0.946395 0.894202
vt 0.950751 0.901463
vt 0.575620 0.032700
vt 0.578797 0.038920
vt 0.574896 0.043783
vt 0.568731 0.042427
vt 0.574787 0.050406
vt 0.569929 0.052524
vt 0.581614 0.057585
vt 0.579247 0.062060
vt 0.495040 0.079700
vt 0.495119 0.083675
vt 0.481656 0.090517
vt 0.477577 0.087757
vt 0.266535 0.649692
vt 0.263615 0.652833
vt 0.250175 0.650649
vt 0.251389 0.646240
vt 0.073155 0.943462
vt 0.076382 0.938707
vt 0.093785 0.938821
vt 0.095289 0.942904
vt 0.062069 0.934325
vt 0.067199 0.931409
vt 0.476399 0.110978
vt 0.481022 0.107937
vt 0.489701 0.114549
vt 0.486918 0.119026
vt 0.985918 0.914708
vt 0.988861 0.908661
vt 0.997646 0.908825
vt 0.997908 0.916448
vt 0.570117 0.345748
vt 0.574350 0.349945
vt 0.572998 0.356335
vt 0.567485 0.354381
vt 0.576443 0.339684
vt 0.579838 0.345713
vt 0.319823 0.737994
vt 0.322631 0.733704
vt 0.338413 0.734460
vt 0.339591 0.738238
vt 0.482253 0.306031
vt 0.483795 0.309143
vt 0.476811 0.322313
vt 0.471580 0.322726
vt 0.493220 0.302691
vt 0.494732 0.306142
vt 0.838108 0.002971
vt 0.854627 0.002603
vt 0.852683 0.005093
vt 0.839158 0.005943
vt 0.285870 0.907869
vt 0.286077 0.904673
vt 0.300541 0.904717
vt 0.302512 0.907840
vt 0.351094 0.730940
vt 0.353170 0.733481
vt 0.323440 0.722085
vt 0.335137 0.722957
vt 0.945401 0.348214
vt 0.959919 0.350991
vt 0.957465 0.360408
vt 0.946250 0.359806
vt 0.838178 0.015274
vt 0.829544 0.015019
vt 0.828220 0.005274
vt 0.847329 0.015705
vt 0.285446 0.893361
vt 0.295802 0.892753
vt 0.344861 0.721410
vt 0.322865 0.713686
vt 0.332063 0.713259
vt 0.956056 0.368021
vt 0.945218 0.368161
vt 0.836784 0.023099
vt 0.829556 0.022751
vt 0.843847 0.023477
vt 0.284466 0.883936
vt 0.293561 0.884203
vt 0.340250 0.713185
vt 0.329023 0.704909
vt 0.336294 0.704303
vt 0.284314 0.874211
vt 0.291560 0.874139
vt 0.839950 0.032732
vt 0.834976 0.032021
vt 0.828278 0.031490
vt 0.954061 0.376726
vt 0.943971 0.376439
vt 0.321230 0.705456
vt 0.319515 0.698254
vt 0.326762 0.697145
vt 0.333037 0.696660
vt 0.283829 0.865906
vt 0.290614 0.865784
vt 0.836587 0.040366
vt 0.832334 0.039883
vt 0.826572 0.038602
vt 0.952381 0.383873
vt 0.942104 0.383643
vt 0.316917 0.689514
vt 0.324253 0.688862
vt 0.314106 0.681246
vt 0.321615 0.680323
vt 0.329838 0.687999
vt 0.327695 0.679953
vt 0.283414 0.856713
vt 0.289800 0.856832
vt 0.283298 0.848537
vt 0.289388 0.847514
vt 0.833219 0.048663
vt 0.829170 0.048410
vt 0.830141 0.057516
vt 0.826419 0.056700
vt 0.824015 0.047347
vt 0.820719 0.055846
vt 0.950440 0.392717
vt 0.939783 0.392435
vt 0.948431 0.401384
vt 0.937839 0.400812
vt 0.311402 0.673051
vt 0.308699 0.664856
vt 0.317996 0.664339
vt 0.319806 0.672331
vt 0.936112 0.409124
vt 0.946986 0.409196
vt 0.945541 0.417009
vt 0.934385 0.417436
vt 0.817996 0.063506
vt 0.824362 0.064105
vt 0.822304 0.071509
vt 0.815273 0.071166
vt 0.828457 0.064541
vt 0.826773 0.071566
vt 0.323883 0.664397
vt 0.325789 0.672175
vt 0.282174 0.840704
vt 0.288997 0.840452
vt 0.306407 0.652676
vt 0.305275 0.637603
vt 0.314834 0.636061
vt 0.315317 0.651757
vt 0.932370 0.429658
vt 0.944223 0.431158
vt 0.942905 0.445307
vt 0.931475 0.444747
vt 0.281051 0.832870
vt 0.288606 0.833391
vt 0.269456 0.910018
vt 0.272067 0.906114
vt 0.285664 0.911066
vt 0.304483 0.910962
vt 0.837057 0.000000
vt 0.856571 0.000112
vt 0.317015 0.742283
vt 0.340770 0.742016
vt 0.932070 0.910014
vt 0.955107 0.908723
vt 0.956289 0.643163
vt 0.980421 0.641679
vt 0.916269 0.899126
vt 1.000000 0.340215
vt 0.984963 0.343793
vt 0.458490 0.216366
vt 0.056939 0.937241
vt 0.069928 0.948218
vt 0.096793 0.946988
vt 0.269456 0.646550
vt 0.252604 0.641831
vt 0.980421 0.920570
vt 0.998170 0.924072
vt 0.321242 0.649755
vt 0.280068 0.818544
vt 0.279585 0.806274
vt 0.288657 0.807009
vt 0.288631 0.820200
vt 0.820451 0.085119
vt 0.818598 0.098730
vt 0.810816 0.099274
vt 0.813045 0.085220
vt 0.824908 0.085330
vt 0.823044 0.099094
vt 0.276846 0.790942
vt 0.278604 0.777446
vt 0.283461 0.779421
vt 0.280288 0.792792
vt 0.315611 0.621815
vt 0.305650 0.623181
vt 0.308737 0.605674
vt 0.316409 0.606400
vt 0.931406 0.459102
vt 0.942023 0.460353
vt 0.942445 0.476336
vt 0.932811 0.476384
vt 0.811401 0.114479
vt 0.819389 0.114953
vt 0.820054 0.129661
vt 0.813282 0.130663
vt 0.823756 0.114518
vt 0.824468 0.129942
vt 0.288902 0.793464
vt 0.320360 0.636537
vt 0.289147 0.779919
vt 0.319705 0.621854
vt 0.468837 0.734545
vt 0.471291 0.749279
vt 0.464553 0.748757
vt 0.462275 0.733841
vt 0.998925 0.359717
vt 0.987506 0.360045
vt 0.936422 0.880719
vt 0.938511 0.868728
vt 0.946675 0.867008
vt 0.945800 0.879997
vt 0.930034 0.877846
vt 0.933046 0.865356
vt 0.477317 0.734206
vt 0.476512 0.749260
vt 0.959129 0.668434
vt 0.970201 0.668115
vt 0.968222 0.681636
vt 0.960003 0.683674
vt 0.477396 0.759494
vt 0.478250 0.769714
vt 0.472959 0.770821
vt 0.472125 0.760050
vt 0.959962 0.693879
vt 0.967879 0.692580
vt 0.967536 0.703524
vt 0.959240 0.704004
vt 0.940455 0.858069
vt 0.942400 0.847410
vt 0.950714 0.847217
vt 0.948695 0.857112
vt 0.935660 0.854705
vt 0.938364 0.844213
vt 0.467993 0.770509
vt 0.466137 0.759064
vt 0.991318 0.392109
vt 0.998382 0.391712
vt 0.998908 0.403039
vt 0.993107 0.403276
vt 0.957669 0.661017
vt 0.972018 0.661125
vt 0.467713 0.727463
vt 0.478443 0.727033
vt 0.935432 0.887380
vt 0.927622 0.884158
vt 0.946097 0.887100
vt 0.998050 0.381481
vt 0.989760 0.380630
vt 0.988561 0.366810
vt 0.998184 0.366565
vt 0.462926 0.207062
vt 0.468706 0.208043
vt 0.468917 0.216162
vt 0.463703 0.216264
vt 0.966967 0.716725
vt 0.967578 0.733642
vt 0.959368 0.731979
vt 0.958941 0.718272
vt 0.479298 0.784035
vt 0.473476 0.784096
vt 0.468311 0.783912
vt 0.999310 0.416497
vt 0.993730 0.416767
vt 0.989136 0.415488
vt 0.988376 0.402484
vt 0.953461 0.835225
vt 0.944879 0.835829
vt 0.945616 0.822724
vt 0.955107 0.820362
vt 0.472788 0.813372
vt 0.471135 0.830590
vt 0.465770 0.830535
vt 0.467146 0.813407
vt 1.000000 0.446302
vt 0.998962 0.463916
vt 0.993155 0.464035
vt 0.994213 0.447112
vt 0.988517 0.464266
vt 0.988672 0.446755
vt 0.945888 0.808943
vt 0.945273 0.793790
vt 0.953343 0.792723
vt 0.954831 0.806877
vt 0.969429 0.749537
vt 0.971649 0.766293
vt 0.961055 0.765170
vt 0.959340 0.747921
vt 0.478117 0.813476
vt 0.476706 0.830408
vt 0.994352 0.430258
vt 0.988973 0.430702
vt 0.999712 0.429955
vt 0.473992 0.797371
vt 0.468628 0.797316
vt 0.479568 0.797673
vt 0.470091 0.848208
vt 0.464959 0.848046
vt 0.475151 0.847922
vt 0.972559 0.783372
vt 0.963446 0.783080
vt 0.944102 0.778375
vt 0.951591 0.777687
vt 0.993281 0.482109
vt 0.988591 0.481924
vt 0.999146 0.481660
vt 0.800713 0.210688
vt 0.798823 0.223026
vt 0.790544 0.224889
vt 0.790848 0.211927
vt 0.247978 0.664911
vt 0.257097 0.665800
vt 0.252218 0.678069
vt 0.245478 0.676828
vt 0.079065 0.923802
vt 0.078228 0.911090
vt 0.087142 0.911031
vt 0.089834 0.924264
vt 0.925456 0.246280
vt 0.921836 0.234087
vt 0.929696 0.235857
vt 0.935562 0.247143
vt 0.917770 0.247121
vt 0.915538 0.235352
vt 0.783934 0.227352
vt 0.781743 0.215596
vt 0.796798 0.236817
vt 0.795668 0.248599
vt 0.789794 0.249072
vt 0.789879 0.237244
vt 0.247243 0.691058
vt 0.242426 0.703371
vt 0.237678 0.701439
vt 0.240995 0.690046
vt 0.077677 0.897988
vt 0.076476 0.883474
vt 0.082720 0.883867
vt 0.084501 0.897103
vt 0.918021 0.223325
vt 0.914206 0.212563
vt 0.918120 0.210808
vt 0.924039 0.224048
vt 0.785338 0.250002
vt 0.784654 0.238575
vt 0.912701 0.224296
vt 0.909884 0.213036
vt 0.795103 0.259679
vt 0.794718 0.268549
vt 0.789871 0.269685
vt 0.789446 0.259175
vt 0.786155 0.270539
vt 0.785659 0.259741
vt 0.907618 0.203453
vt 0.911459 0.202234
vt 0.908711 0.191905
vt 0.912876 0.192553
vt 0.915273 0.201922
vt 0.076432 0.874201
vt 0.076772 0.864676
vt 0.081673 0.864616
vt 0.082288 0.873637
vt 0.235068 0.712240
vt 0.238934 0.713003
vt 0.236416 0.721747
vt 0.232466 0.720861
vt 0.791332 0.198621
vt 0.776540 0.202625
vt 0.917926 0.260536
vt 0.929076 0.258472
vt 0.943608 0.259849
vt 0.804577 0.195801
vt 0.905005 0.192823
vt 0.230561 0.737853
vt 0.229647 0.747104
vt 0.225029 0.747550
vt 0.225512 0.738457
vt 0.234110 0.737947
vt 0.233684 0.746985
vt 0.077061 0.848652
vt 0.077167 0.840436
vt 0.081253 0.840452
vt 0.081196 0.848876
vt 0.907030 0.176282
vt 0.905777 0.168167
vt 0.909717 0.167371
vt 0.910220 0.176164
vt 0.902685 0.176148
vt 0.901622 0.167196
vt 0.791579 0.287023
vt 0.792382 0.296094
vt 0.788612 0.296233
vt 0.787395 0.287300
vt 0.790891 0.277982
vt 0.786567 0.278666
vt 0.903740 0.184766
vt 0.907833 0.184195
vt 0.911223 0.184289
vt 0.076898 0.856466
vt 0.081227 0.856441
vt 0.234578 0.729871
vt 0.231343 0.729253
vt 0.795048 0.277011
vt 0.226712 0.729456
vt 0.231054 0.774388
vt 0.233559 0.786832
vt 0.228149 0.787280
vt 0.226309 0.773250
vt 0.794603 0.308178
vt 0.790607 0.309148
vt 0.903190 0.140632
vt 0.905468 0.126846
vt 0.910605 0.127379
vt 0.908409 0.141243
vt 0.074729 0.816099
vt 0.075783 0.804389
vt 0.080433 0.806131
vt 0.079332 0.817326
vt 0.234759 0.773467
vt 0.237455 0.785834
vt 0.083578 0.806566
vt 0.082478 0.816736
vt 0.078381 0.828555
vt 0.082117 0.828124
vt 0.234032 0.760659
vt 0.229939 0.760590
vt 0.906659 0.154604
vt 0.910181 0.154108
vt 0.902010 0.154086
vt 0.797311 0.321262
vt 0.792993 0.322310
vt 0.224850 0.759820
vt 0.800785 0.334839
vt 0.796511 0.335618
vt 0.074011 0.827539
vt 0.557175 0.719859
vt 0.556808 0.729562
vt 0.550846 0.730029
vt 0.551455 0.720482
vt 0.230627 0.798325
vt 0.236230 0.797849
vt 0.240584 0.808171
vt 0.234811 0.809296
vt 0.242040 0.796702
vt 0.246107 0.806955
vt 0.081354 0.797552
vt 0.082376 0.789263
vt 0.087339 0.790880
vt 0.085918 0.798554
vt 0.077088 0.795703
vt 0.078421 0.786943
vt 0.913373 0.116576
vt 0.908072 0.115997
vt 0.912083 0.105100
vt 0.916658 0.105457
vt 0.804577 0.345343
vt 0.799882 0.345973
vt 0.535480 0.725932
vt 0.534242 0.731774
vt 0.530293 0.732269
vt 0.529387 0.726744
vt 0.361259 0.443327
vt 0.359182 0.448649
vt 0.354295 0.448875
vt 0.353556 0.445518
vt 0.560985 0.725118
vt 0.561317 0.719956
vt 0.564484 0.719859
vt 0.564484 0.724848
vt 0.530817 0.720618
vt 0.526190 0.727309
vt 0.524918 0.721989
vt 0.361697 0.438025
vt 0.353170 0.441538
vt 0.537284 0.719859
vt 0.244246 0.818967
vt 0.248242 0.830177
vt 0.243697 0.830438
vt 0.239032 0.819393
vt 0.250208 0.817403
vt 0.254616 0.828622
vt 0.084037 0.780715
vt 0.085181 0.773247
vt 0.090374 0.774629
vt 0.088812 0.783043
vt 0.920901 0.094581
vt 0.924622 0.083905
vt 0.928319 0.085089
vt 0.923424 0.095524
vt 0.916167 0.094096
vt 0.919688 0.083345
vt 0.556181 0.738741
vt 0.554955 0.748684
vt 0.549993 0.748840
vt 0.550201 0.739691
vt 0.080168 0.778805
vt 0.468366 0.880388
vt 0.467657 0.893559
vt 0.464705 0.893359
vt 0.464870 0.879934
vt 0.471941 0.880331
vt 0.470840 0.893672
vt 0.974132 0.816012
vt 0.975172 0.828668
vt 0.968319 0.829743
vt 0.967991 0.816257
vt 0.945908 0.750089
vt 0.947196 0.738283
vt 0.951089 0.738093
vt 0.949966 0.748959
vt 0.940878 0.748294
vt 0.941640 0.736475
vt 0.998023 0.514107
vt 0.998126 0.527678
vt 0.993068 0.527493
vt 0.992896 0.513950
vt 0.998539 0.500319
vt 0.993450 0.500950
vt 0.989652 0.500751
vt 0.945396 0.761542
vt 0.950798 0.760412
vt 0.972846 0.802685
vt 0.966492 0.802543
vt 0.473968 0.866940
vt 0.469207 0.867215
vt 0.464761 0.866378
vt 0.940232 0.759285
vt 0.318482 0.569327
vt 0.323750 0.550844
vt 0.330000 0.553402
vt 0.325559 0.571904
vt 0.947048 0.510150
vt 0.949847 0.528242
vt 0.942259 0.530402
vt 0.938472 0.512161
vt 0.828563 0.163766
vt 0.832960 0.181386
vt 0.828155 0.183678
vt 0.822585 0.165177
vt 0.833962 0.163069
vt 0.838867 0.180184
vt 0.287455 0.754657
vt 0.289733 0.742444
vt 0.295975 0.741204
vt 0.293649 0.754393
vt 0.336349 0.557640
vt 0.330919 0.573898
vt 0.321206 0.587860
vt 0.325815 0.589392
vt 0.320064 0.606787
vt 0.285621 0.766328
vt 0.291603 0.765992
vt 0.829648 0.148016
vt 0.824697 0.148269
vt 0.817982 0.149359
vt 0.944492 0.494656
vt 0.935238 0.495625
vt 0.313193 0.586154
vt 0.527406 0.732410
vt 0.530968 0.743768
vt 0.383120 0.913195
vt 0.387222 0.914368
vt 0.488842 0.936815
vt 0.493141 0.937470
vt 0.536379 0.743265
vt 0.359786 0.459675
vt 0.356268 0.459865
vt 0.489232 0.927233
vt 0.493531 0.927888
vt 0.384529 0.904789
vt 0.388513 0.905787
vt 0.537284 0.752886
vt 0.531873 0.753390
vt 0.360115 0.469229
vt 0.356248 0.469408
vt 0.388178 0.896169
vt 0.384194 0.895171
vt 0.383858 0.885553
vt 0.387843 0.886552
vt 0.531044 0.763854
vt 0.536455 0.763351
vt 0.535626 0.773815
vt 0.530215 0.774319
vt 0.357020 0.479900
vt 0.360887 0.479722
vt 0.361660 0.490215
vt 0.357792 0.490393
vt 0.494403 0.917406
vt 0.490104 0.916751
vt 0.490976 0.906270
vt 0.495274 0.906924
vt 0.528960 0.798148
vt 0.533857 0.797692
vt 0.532089 0.821569
vt 0.527705 0.821977
vt 0.357097 0.514617
vt 0.360598 0.514455
vt 0.359536 0.538695
vt 0.356403 0.538840
vt 0.494545 0.882615
vt 0.490654 0.882022
vt 0.490333 0.857775
vt 0.493816 0.858305
vt 0.386783 0.865427
vt 0.383177 0.864523
vt 0.382495 0.843493
vt 0.385723 0.844302
vt 0.493865 0.840440
vt 0.490580 0.839940
vt 0.490827 0.822106
vt 0.493913 0.822576
vt 0.386447 0.828547
vt 0.383403 0.827784
vt 0.384311 0.812074
vt 0.387171 0.812791
vt 0.528037 0.839681
vt 0.532171 0.839296
vt 0.532253 0.857023
vt 0.528369 0.857385
vt 0.356437 0.556637
vt 0.359392 0.556500
vt 0.359248 0.574306
vt 0.356472 0.574434
vt 0.388220 0.797947
vt 0.385360 0.797230
vt 0.386491 0.782508
vt 0.389150 0.782928
vt 0.528896 0.874120
vt 0.532780 0.873758
vt 0.533455 0.890464
vt 0.529927 0.890756
vt 0.356578 0.591211
vt 0.359355 0.591083
vt 0.358626 0.607834
vt 0.356441 0.607981
vt 0.494149 0.805770
vt 0.491063 0.805300
vt 0.491649 0.788490
vt 0.494139 0.788968
vt 0.387313 0.875989
vt 0.383518 0.875038
vt 0.494910 0.894770
vt 0.490815 0.894146
vt 0.357445 0.502505
vt 0.361129 0.502335
vt 0.529587 0.786234
vt 0.534742 0.785754
vt 0.503987 0.735112
vt 0.509233 0.735562
vt 0.506958 0.749863
vt 0.502409 0.749424
vt 0.995419 0.894211
vt 0.988922 0.894170
vt 0.988883 0.879672
vt 0.994403 0.879686
vt 0.410438 0.748624
vt 0.417161 0.749894
vt 0.418283 0.763380
vt 0.412359 0.762391
vt 0.405141 0.750514
vt 0.407583 0.764068
vt 0.498705 0.734240
vt 0.497690 0.748635
vt 0.514987 0.747376
vt 0.520063 0.746407
vt 0.518925 0.760953
vt 0.514638 0.761803
vt 0.504104 0.791513
vt 0.508155 0.791899
vt 0.508813 0.805856
vt 0.504934 0.805487
vt 0.995535 0.837409
vt 0.990606 0.837395
vt 0.991623 0.823334
vt 0.996342 0.823348
vt 0.407522 0.801692
vt 0.411754 0.800202
vt 0.411400 0.812606
vt 0.407348 0.814031
vt 0.499917 0.790815
vt 0.500927 0.804818
vt 0.516810 0.804047
vt 0.520641 0.803291
vt 0.521634 0.817372
vt 0.517967 0.818096
vt 0.417019 0.801096
vt 0.416440 0.813461
vt 0.501300 0.848237
vt 0.505394 0.848921
vt 0.505547 0.863398
vt 0.501424 0.862710
vt 0.519369 0.861718
vt 0.523115 0.860979
vt 0.523609 0.875514
vt 0.519836 0.876259
vt 0.412176 0.851415
vt 0.417325 0.852289
vt 0.417620 0.865231
vt 0.412435 0.864351
vt 0.509356 0.849297
vt 0.509537 0.863778
vt 0.997339 0.779773
vt 0.992519 0.779758
vt 0.992817 0.765233
vt 0.997672 0.765248
vt 0.408037 0.852871
vt 0.408267 0.865818
vt 0.505055 0.878420
vt 0.509045 0.878800
vt 0.508847 0.893759
vt 0.505072 0.893334
vt 0.996489 0.750275
vt 0.991635 0.750260
vt 0.991357 0.735353
vt 0.995795 0.735337
vt 0.408811 0.879812
vt 0.412979 0.878345
vt 0.413497 0.892305
vt 0.409307 0.893743
vt 0.500933 0.877732
vt 0.500986 0.892638
vt 0.518817 0.891252
vt 0.522589 0.890508
vt 0.521701 0.905491
vt 0.518288 0.906209
vt 0.418164 0.879225
vt 0.418529 0.892984
vt 0.407578 0.826978
vt 0.411659 0.825542
vt 0.411917 0.838478
vt 0.407807 0.839924
vt 0.996675 0.808823
vt 0.991922 0.808809
vt 0.992220 0.794284
vt 0.997007 0.794298
vt 0.505088 0.819965
vt 0.508994 0.820337
vt 0.509175 0.834817
vt 0.505241 0.834443
vt 0.416735 0.826403
vt 0.417030 0.839346
vt 0.518434 0.832636
vt 0.522128 0.831908
vt 0.522621 0.846443
vt 0.518901 0.847177
vt 0.501051 0.819291
vt 0.501176 0.833764
vt 0.412462 0.775396
vt 0.418177 0.776366
vt 0.417598 0.788731
vt 0.412108 0.787799
vt 0.514497 0.775949
vt 0.518655 0.775128
vt 0.519648 0.789210
vt 0.515653 0.789998
vt 0.497899 0.762808
vt 0.502442 0.763566
vt 0.503273 0.777540
vt 0.498908 0.776811
vt 0.407869 0.777012
vt 0.407695 0.789352
vt 0.993921 0.865531
vt 0.988571 0.865515
vt 0.989588 0.851455
vt 0.994728 0.851470
vt 0.506840 0.763984
vt 0.507497 0.777942
vt 0.499659 0.719859
vt 0.505617 0.720789
vt 0.512237 0.721107
vt 0.993129 0.608726
vt 0.998188 0.608911
vt 0.995600 0.635583
vt 0.557175 0.722097
vt 0.560985 0.719859
vt 0.560985 0.741155
vt 0.954706 0.667647
vt 0.950813 0.667838
vt 0.950880 0.641679
vt 0.945257 0.666030
vt 0.973568 0.910865
vt 0.980421 0.909790
vt 0.978554 0.937555
vt 0.467426 0.973882
vt 0.470610 0.973995
vt 0.469094 1.000000
vt 0.557175 0.763168
vt 0.552213 0.763324
vt 0.363474 0.759918
vt 0.358517 0.759842
vt 0.353170 0.744626
vt 0.358126 0.744702
vt 0.261023 0.843484
vt 0.254650 0.845040
vt 0.925891 0.068567
vt 0.930825 0.069127
vt 0.934522 0.070311
vt 0.090581 0.762374
vt 0.095774 0.763755
vt 0.363474 0.709974
vt 0.359026 0.710185
vt 0.359731 0.676318
vt 0.941266 0.035418
vt 0.937569 0.034235
vt 0.943608 0.000000
vt 0.261634 0.879930
vt 0.268008 0.878375
vt 0.269456 0.914769
vt 0.932635 0.033675
vt 0.096793 0.734785
vt 0.091599 0.733403
vt 0.094266 0.702128
vt 0.354070 0.710109
vt 0.122467 0.946075
vt 0.127615 0.945223
vt 0.128508 0.968841
vt 0.132034 0.944282
vt 0.002648 0.414052
vt 0.007011 0.413978
vt 0.006201 0.438025
vt 0.929943 0.383406
vt 0.923885 0.383218
vt 0.931406 0.359883
vt 0.440925 0.743564
vt 0.434893 0.742638
vt 0.441065 0.719859
vt 0.011042 0.415512
vt 0.967783 0.269494
vt 0.971210 0.268999
vt 0.968713 0.294968
vt 0.975268 0.610482
vt 0.978937 0.610213
vt 0.980729 0.635583
vt 0.102278 0.404155
vt 0.106861 0.404637
vt 0.104160 0.428827
vt 0.987046 0.250832
vt 0.990632 0.250562
vt 0.991293 0.275381
vt 0.984963 0.609861
vt 0.960585 0.269310
vt 0.462275 0.748617
vt 0.457191 0.747435
vt 0.456814 0.719859
vt 0.451070 0.746741
vt 0.899936 0.027279
vt 0.894818 0.025203
vt 0.901622 0.000000
vt 0.889640 0.022453
vt 0.907453 0.907340
vt 0.914793 0.903484
vt 0.916269 0.931942
vt 0.220368 0.412550
vt 0.226064 0.412597
vt 0.219906 0.438025
vt 0.504375 0.962718
vt 0.508462 0.963413
vt 0.508952 0.986176
vt 0.521505 0.976522
vt 0.524918 0.975804
vt 0.524405 0.999337
vt 0.412214 0.954685
vt 0.417247 0.955365
vt 0.410903 0.977531
vt 0.512237 0.963838
vt 0.998170 0.665121
vt 0.993732 0.665137
vt 0.996646 0.641679
vt 0.408025 0.956123
vt 0.304483 0.669931
vt 0.298241 0.671170
vt 0.303943 0.641831
vt 0.850014 0.269183
vt 0.855921 0.267981
vt 0.856571 0.299557
vt 0.845209 0.271475
vt 0.951403 0.616902
vt 0.958991 0.614742
vt 0.959919 0.641679
vt 0.353170 0.470060
vt 0.346821 0.465822
vt 0.351873 0.438025
vt 0.340571 0.463264
vt 0.392633 0.736095
vt 0.389974 0.735675
vt 0.393571 0.719859
vt 0.531061 0.942436
vt 0.534589 0.942145
vt 0.532438 0.959445
vt 0.359513 0.659442
vt 0.361697 0.659296
vt 0.361483 0.676318
vt 0.497605 0.737442
vt 0.495115 0.736964
vt 0.497690 0.719859
vt 0.008247 0.370151
vt 0.012279 0.371685
vt 0.011660 0.393598
vt 0.007629 0.392065
vt 0.435853 0.790686
vt 0.429821 0.789760
vt 0.432357 0.766199
vt 0.438389 0.767125
vt 0.921554 0.430082
vt 0.915496 0.429894
vt 0.919691 0.406556
vt 0.925748 0.406744
vt 0.003884 0.370225
vt 0.003266 0.392138
vt 0.121272 0.898217
vt 0.125691 0.897276
vt 0.128862 0.920779
vt 0.124444 0.921720
vt 0.116124 0.899069
vt 0.119295 0.922572
vt 0.957827 0.218169
vt 0.965025 0.218354
vt 0.966404 0.243924
vt 0.959206 0.243740
vt 0.976498 0.559099
vt 0.982524 0.558747
vt 0.983743 0.584304
vt 0.977718 0.584656
vt 0.984697 0.200119
vt 0.988283 0.199850
vt 0.989458 0.225206
vt 0.985872 0.225475
vt 0.105472 0.359315
vt 0.110055 0.359798
vt 0.108458 0.382218
vt 0.103875 0.381735
vt 0.972829 0.559368
vt 0.974049 0.584925
vt 0.968452 0.217859
vt 0.969831 0.243429
vt 0.362574 0.744491
vt 0.467580 0.920334
vt 0.470763 0.920446
vt 0.470686 0.947221
vt 0.467503 0.947108
vt 0.970069 0.856784
vt 0.976922 0.855709
vt 0.978672 0.882750
vt 0.971819 0.883824
vt 0.948401 0.714801
vt 0.942845 0.712993
vt 0.944051 0.689512
vt 0.949607 0.691319
vt 0.952295 0.714611
vt 0.953500 0.691129
vt 0.464628 0.920133
vt 0.464551 0.946908
vt 0.993088 0.554571
vt 0.998147 0.554756
vt 0.998168 0.581833
vt 0.993109 0.581648
vt 0.464475 0.973682
vt 0.466588 0.720380
vt 0.479568 0.719859
vt 0.335607 0.524209
vt 0.329357 0.521651
vt 0.334964 0.492457
vt 0.341214 0.495016
vt 0.341956 0.528446
vt 0.347563 0.499253
vt 0.945307 0.559235
vt 0.952895 0.557075
vt 0.955943 0.585909
vt 0.948355 0.588069
vt 0.833840 0.212944
vt 0.838644 0.210652
vt 0.844329 0.239917
vt 0.839525 0.242209
vt 0.844552 0.209450
vt 0.850236 0.238716
vt 0.298811 0.717446
vt 0.292569 0.718686
vt 0.295405 0.694928
vt 0.301647 0.693688
vt 0.408879 0.914536
vt 0.413069 0.913098
vt 0.412642 0.933892
vt 0.408452 0.935330
vt 0.996586 0.711932
vt 0.992148 0.711948
vt 0.992940 0.688542
vt 0.997378 0.688527
vt 0.506202 0.916694
vt 0.509977 0.917119
vt 0.511107 0.940479
vt 0.507332 0.940054
vt 0.418101 0.913778
vt 0.417674 0.934571
vt 0.519361 0.929646
vt 0.522774 0.928929
vt 0.523846 0.952366
vt 0.520433 0.953084
vt 0.502115 0.915998
vt 0.503245 0.939358
vt 0.222367 0.362624
vt 0.228064 0.362671
vt 0.227064 0.387634
vt 0.221367 0.387587
vt 0.897647 0.855213
vt 0.904987 0.851358
vt 0.909890 0.877421
vt 0.902550 0.881276
vt 0.885121 0.077353
vt 0.879943 0.074603
vt 0.884791 0.048528
vt 0.889970 0.051278
vt 0.890240 0.079429
vt 0.895088 0.053354
vt 0.453765 0.800373
vt 0.447644 0.799679
vt 0.449357 0.773210
vt 0.455478 0.773904
vt 0.458849 0.801554
vt 0.460562 0.775085
vt 0.875095 0.100678
vt 0.495295 0.771793
vt 0.492805 0.771315
vt 0.493960 0.754140
vt 0.496450 0.754617
vt 0.357465 0.625134
vt 0.359650 0.624988
vt 0.360673 0.642142
vt 0.358489 0.642288
vt 0.530305 0.907983
vt 0.533833 0.907691
vt 0.534211 0.924918
vt 0.530683 0.925209
vt 0.390311 0.767317
vt 0.387652 0.766897
vt 0.388813 0.751286
vt 0.391472 0.751706
vt 0.745929 0.002679
vt 0.795227 0.000000
vt 0.873925 0.643042
vt 0.875540 0.681606
vt 0.033576 0.858340
vt 0.005914 0.860353
vt 0.382048 0.300784
vt 0.379938 0.265814
vt 0.400748 0.338965
vt 0.875498 0.731196
vt 0.382721 0.148095
vt 0.383402 0.105062
vt 0.874379 0.772827
vt 0.875540 0.818773
vt 0.365014 0.191259
vt 0.364231 0.232639
vt 0.742843 0.195801
vt 0.776540 0.204681
vt 0.305275 0.638434
vt 0.257463 0.641831
vt 0.026388 0.443218
vt 0.549993 0.752539
vt 0.537831 0.752330
vt 0.048369 0.701876
s 1
f 1/1/1 2/2/2 4/3/4 3/4/3
f 3/4/3 4/3/4 6/5/6 5/6/5
f 3/7/3 5/8/5 547/9/547 546/10/546
f 1/11/1 3/7/3 546/10/546 548/12/548
f 547/9/547 5/8/5 7/13/7 550/14/550
f 550/15/550 7/16/7 8/17/8 552/18/552
f 1469/19/1408 1470/20/1409 9/21/9 554/22/554
f 554/22/554 9/21/9 10/23/10 556/24/556
f 556/24/556 10/23/10 11/25/11 558/26/558
f 558/26/558 11/25/11 12/27/12 560/28/560
f 7/16/7 5/29/5 6/30/6 14/31/14
f 8/17/8 7/16/7 14/31/14 15/32/15
f 1470/20/1409 8/17/8 15/32/15 1471/33/1410
f 11/25/11 10/23/10 13/34/13 17/35/17
f 13/34/13 10/23/10 9/21/9 16/36/16
f 1471/33/1410 15/32/15 18/37/18 1472/38/1411
f 1472/38/1411 18/37/18 20/39/20 1473/40/1412
f 1473/40/1412 20/39/20 22/41/22 1474/42/1413
f 1474/42/1413 22/41/22 24/43/24 1475/44/1414
f 13/34/13 16/36/16 19/45/19 26/46/26
f 17/35/17 13/34/13 26/46/26 28/47/28
f 12/27/12 11/25/11 17/35/17 29/48/29
f 29/48/29 17/35/17 28/47/28 30/49/30
f 26/46/26 19/45/19 21/50/21 31/51/31
f 28/47/28 26/46/26 31/51/31 32/52/32
f 30/49/30 28/47/28 32/52/32 33/53/33
f 33/53/33 32/52/32 27/54/27 34/55/34
f 34/55/34 27/54/27 35/56/35 36/57/36
f 31/51/31 21/50/21 23/58/23 38/59/38
f 38/59/38 23/58/23 25/60/25 39/61/39
f 39/61/39 25/60/25 37/62/37 40/63/40
f 1475/44/1414 24/43/24 41/64/41 1477/65/1416
f 1477/65/1416 41/64/41 43/66/43 1476/67/1415
f 1476/67/1415 43/66/43 45/68/45 1478/69/1417
f 1478/69/1417 45/68/45 47/70/47 1479/71/1418
f 1479/71/1418 47/70/47 49/72/49 1480/73/1419
f 1480/73/1419 49/72/49 51/74/51 1481/75/1420
f 1481/75/1420 51/74/51 53/76/53 1482/77/1421
f 1482/77/1421 53/76/53 55/78/55 1483/79/1422
f 1483/79/1422 55/78/55 605/80/605 1484/81/1423
f 40/63/40 37/62/37 42/82/42 56/83/56
f 33/53/33 34/55/34 607/84/607
f 560/28/560 12/27/12 607/84/607
f 607/84/607 12/27/12 29/48/29
f 607/84/607 29/48/29 30/49/30
f 607/84/607 30/49/30 33/53/33
f 54/85/54 604/86/604 609/87/609 57/88/57
f 54/85/54 57/88/57 59/89/59 52/90/52
f 56/83/56 42/82/42 44/91/44 60/92/60
f 60/92/60 44/91/44 46/93/46 61/94/61
f 61/94/61 46/93/46 48/95/48 62/96/62
f 50/97/50 52/90/52 59/89/59 58/98/58
f 62/96/62 48/95/48 50/97/50 58/98/58
f 32/52/32 31/51/31 38/59/38 27/54/27
f 35/56/35 27/54/27 38/59/38 39/61/39
f 58/98/58 59/89/59 63/99/63 64/100/64
f 63/99/63 59/89/59 57/88/57 66/101/66
f 66/101/66 57/88/57 609/87/609 619/102/619
f 66/101/66 619/102/619 620/103/620 65/104/65
f 66/101/66 65/104/65 67/105/67 63/99/63
f 58/98/58 64/100/64 69/106/69 62/96/62
f 62/96/62 69/106/69 70/107/70 61/94/61
f 35/56/35 39/61/39 40/63/40 68/108/68
f 61/94/61 70/107/70 72/109/72 60/92/60
f 68/108/68 40/63/40 56/83/56 73/110/73
f 73/110/73 56/83/56 60/92/60 72/109/72
f 63/99/63 67/105/67 74/111/74 64/100/64
f 70/107/70 69/106/69 71/112/71 75/113/75
f 64/100/64 74/111/74 71/112/71 69/106/69
f 70/107/70 75/113/75 76/114/76 72/109/72
f 72/109/72 76/114/76 77/115/77 73/110/73
f 73/110/73 77/115/77 78/116/78 68/108/68
f 68/108/68 78/116/78 36/57/36 35/56/35
f 607/84/607 34/55/34 36/57/36
f 36/57/36 78/116/78 607/84/607
f 65/104/65 620/103/620 607/84/607
f 67/105/67 65/104/65 607/84/607
f 74/111/74 67/105/67 607/84/607
f 71/112/71 74/111/74 607/84/607
f 78/116/78 77/115/77 607/84/607
f 77/115/77 76/114/76 607/84/607
f 76/114/76 75/113/75 607/84/607
f 75/113/75 71/112/71 607/84/607
f 15/117/15 14/118/14 79/119/79 18/120/18
f 20/39/20 18/37/18 79/121/79 81/122/81
f 20/39/20 81/122/81 82/123/82 22/41/22
f 22/41/22 82/123/82 83/124/83 24/43/24
f 41/64/41 24/43/24 83/124/83 84/125/84
f 43/66/43 41/64/41 84/125/84 85/126/85
f 43/66/43 85/126/85 86/127/86 45/68/45
f 47/70/47 45/68/45 86/127/86 88/128/88
f 49/72/49 47/70/47 88/128/88 80/129/80
f 51/130/51 49/131/49 80/132/80 89/133/89
f 53/134/53 51/130/51 89/133/89 90/135/90
f 55/136/55 53/134/53 90/135/90 91/137/91
f 605/80/605 55/78/55 91/138/91 645/139/645
f 79/119/79 14/118/14 6/140/6 92/141/92
f 92/141/92 6/140/6 4/142/4 93/143/93
f 93/143/93 4/142/4 2/144/2 94/145/94
f 93/146/93 94/147/94 95/148/95 87/149/87
f 93/143/93 87/150/87 96/151/96 92/141/92
f 81/122/81 79/121/79 92/152/92 96/153/96
f 84/125/84 83/124/83 97/154/97 98/155/98
f 84/125/84 98/155/98 100/156/100 85/126/85
f 83/124/83 82/123/82 99/157/99 97/154/97
f 81/122/81 96/153/96 99/157/99 82/123/82
f 86/158/86 85/159/85 100/160/100 101/161/101
f 88/128/88 86/127/86 101/162/101 103/163/103
f 80/132/80 88/164/88 103/165/103 102/166/102
f 99/167/99 96/168/96 87/149/87 105/169/105
f 97/170/97 99/167/99 105/169/105 104/171/104
f 98/172/98 97/170/97 104/171/104 107/173/107
f 98/172/98 107/173/107 108/174/108 100/175/100
f 101/161/101 100/160/100 108/176/108 109/177/109
f 103/178/103 101/179/101 109/180/109 110/181/110
f 102/166/102 103/165/103 110/182/110 106/183/106
f 105/169/105 87/149/87 95/148/95 112/184/112
f 104/171/104 105/169/105 112/184/112 111/185/111
f 107/173/107 104/171/104 111/185/111 114/186/114
f 107/173/107 114/186/114 115/187/115 108/174/108
f 109/177/109 108/176/108 115/188/115 116/189/116
f 110/181/110 109/180/109 116/190/116 117/191/117
f 106/183/106 110/182/110 117/192/117 113/193/113
f 80/132/80 102/166/102 118/194/118 89/133/89
f 118/194/118 102/166/102 106/183/106 119/195/119
f 119/195/119 106/183/106 113/193/113 120/196/120
f 645/197/645 91/137/91 121/198/121 673/199/673
f 121/198/121 91/137/91 90/135/90 123/200/123
f 123/200/123 90/135/90 89/133/89 118/194/118
f 123/200/123 118/194/118 119/195/119 122/201/122
f 119/195/119 120/196/120 125/202/125 122/201/122
f 121/198/121 123/200/123 122/201/122 124/203/124
f 673/199/673 121/198/121 124/203/124 682/204/682
f 124/203/124 122/201/122 125/202/125 127/205/127
f 682/204/682 124/203/124 127/205/127 685/206/685
f 1439/207/1378 1440/208/1379 686/209/686 126/210/126
f 1389/211/1328 1390/212/1329 688/213/688 128/214/128
f 1389/211/1328 128/214/128 130/215/130 1391/216/1330
f 1441/217/1380 1439/218/1378 126/219/126 129/220/129
f 1441/221/1380 129/222/129 131/223/131 1443/224/1382
f 1392/225/1331 1391/216/1330 130/215/130 133/226/133
f 1443/227/1382 131/228/131 134/229/134 1444/230/1383
f 1442/231/1381 1445/232/1384 135/233/135 132/234/132
f 1445/232/1384 112/184/112 95/148/95 1444/230/1383
f 1447/235/1386 1442/231/1381 132/234/132 136/236/136
f 1447/235/1386 136/236/136 138/237/138 1448/238/1387
f 1446/239/1385 1448/240/1387 138/241/138 139/242/139
f 1450/243/1389 1446/244/1385 139/245/139 143/246/143
f 1449/247/1388 1450/248/1389 143/249/143 137/250/137
f 1393/251/1332 1396/252/1335 141/253/141 142/254/142
f 1393/251/1332 142/254/142 144/255/144 1398/256/1337
f 1398/256/1337 144/255/144 145/257/145 1397/258/1336
f 1394/259/1333 1397/260/1336 145/261/145 140/262/140
f 1396/252/1335 136/236/136 132/234/132 1399/263/1338
f 1395/264/1334 1400/265/1339 146/266/146 148/267/148
f 1395/264/1334 148/267/148 147/268/147 1399/263/1338
f 1392/225/1331 133/226/133 146/266/146 1400/265/1339
f 1451/269/1390 1452/270/1391 149/271/149 150/272/150
f 1451/269/1390 150/272/150 712/273/712 1454/274/1393
f 1453/275/1392 1449/247/1388 137/250/137 152/276/152
f 1452/270/1391 125/202/125 120/196/120 1453/275/1392
f 1404/277/1343 1401/278/1340 153/279/153 155/280/155
f 1401/278/1340 1394/259/1333 140/262/140 153/279/153
f 1402/281/1341 1403/282/1342 154/283/154 716/284/716
f 1403/282/1342 1404/277/1343 155/280/155 154/283/154
f 735/285/735 172/286/172 151/287/151 718/288/718
f 172/286/172 173/289/173 156/290/156 151/287/151
f 173/289/173 175/291/175 157/292/157 156/290/156
f 175/291/175 176/293/176 158/294/158 157/292/157
f 176/295/176 177/296/177 160/297/160 158/298/158
f 174/299/174 178/300/178 159/301/159 161/302/161
f 177/296/177 174/299/174 161/302/161 160/297/160
f 178/300/178 179/303/179 163/304/163 159/301/159
f 179/303/179 180/305/180 164/306/164 163/304/163
f 180/305/180 181/307/181 165/308/165 164/306/164
f 181/307/181 182/309/182 162/310/162 165/308/165
f 182/309/182 146/266/146 133/226/133 183/311/183
f 183/311/183 184/312/184 166/313/166 167/314/167
f 184/312/184 185/315/185 168/316/168 166/313/166
f 185/317/185 751/318/751 732/319/732 168/320/168
f 166/321/166 168/320/168 170/322/170 169/323/169
f 167/324/167 166/321/166 169/323/169 171/325/171
f 128/214/128 688/213/688 751/326/751 185/315/185
f 130/215/130 128/214/128 185/315/185 184/312/184
f 133/226/133 130/215/130 184/312/184 183/311/183
f 162/310/162 182/309/182 183/311/183 167/314/167
f 148/267/148 146/266/146 182/309/182 181/307/181
f 147/268/147 148/267/148 181/307/181 180/305/180
f 141/253/141 147/268/147 180/305/180 179/303/179
f 142/254/142 141/253/141 179/303/179 178/300/178
f 145/257/145 144/255/144 174/299/174 177/296/177
f 144/255/144 142/254/142 178/300/178 174/299/174
f 140/327/140 145/257/145 177/296/177 176/295/176
f 153/328/153 140/329/140 176/293/176 175/291/175
f 155/330/155 153/328/153 175/291/175 173/289/173
f 154/331/154 155/330/155 173/289/173 172/286/172
f 716/332/716 154/331/154 172/286/172 735/285/735
f 165/308/165 162/310/162 186/333/186 187/334/187
f 163/304/163 164/306/164 189/335/189 188/336/188
f 164/306/164 165/308/165 187/334/187 189/335/189
f 160/337/160 161/338/161 190/339/190 191/340/191
f 161/338/161 159/341/159 192/342/192 190/339/190
f 156/290/156 157/292/157 194/343/194 193/344/193
f 151/287/151 156/290/156 193/344/193 195/345/195
f 151/287/151 195/345/195 196/346/196 718/288/718
f 169/323/169 170/322/170 764/347/764 197/348/197
f 171/325/171 169/323/169 197/348/197 199/349/199
f 187/350/187 186/351/186 198/352/198 200/353/200
f 200/353/200 198/352/198 201/354/201 202/355/202
f 199/349/199 197/348/197 203/356/203 201/354/201
f 201/354/201 198/352/198 199/349/199
f 189/357/189 187/350/187 200/353/200 205/358/205
f 189/357/189 205/358/205 206/359/206 188/360/188
f 190/339/190 192/342/192 207/361/207 204/362/204
f 206/359/206 205/358/205 208/363/208 209/364/209
f 208/363/208 205/358/205 200/353/200 202/355/202
f 197/348/197 764/347/764 777/365/777 203/356/203
f 204/362/204 207/361/207 211/366/211 210/367/210
f 206/359/206 209/364/209 211/366/211 207/361/207
f 191/340/191 190/339/190 204/362/204 213/368/213
f 193/344/193 194/343/194 213/368/213 212/369/212
f 195/345/195 193/344/193 212/369/212 783/370/783
f 213/368/213 204/362/204 210/367/210 215/371/215
f 212/369/212 213/368/213 215/371/215 214/372/214
f 783/370/783 212/369/212 214/372/214 786/373/786
f 203/356/203 777/365/777 787/374/787 216/375/216
f 201/354/201 203/356/203 216/375/216 217/376/217
f 202/355/202 201/354/201 217/376/217 218/377/218
f 208/363/208 202/355/202 218/377/218 219/378/219
f 209/364/209 208/363/208 219/378/219 220/379/220
f 211/366/211 209/364/209 220/379/220 221/380/221
f 786/373/786 214/372/214 222/381/222 794/382/794
f 214/372/214 215/371/215 224/383/224 222/381/222
f 215/371/215 210/367/210 223/384/223 224/383/224
f 223/384/223 210/367/210 211/366/211 221/380/221
f 1419/385/1358 1420/386/1359 225/387/225 798/388/798
f 1421/389/1360 1422/390/1361 226/391/226 227/392/227
f 1421/389/1360 227/392/227 225/387/225 1420/386/1359
f 1424/393/1363 1423/394/1362 801/395/801 228/396/228
f 1425/397/1364 1426/398/1365 229/399/229 230/400/230
f 1422/390/1361 223/384/223 221/380/221 1425/397/1364
f 1426/398/1365 220/379/220 219/378/219 1428/401/1367
f 1427/402/1366 1429/403/1368 232/404/232 233/405/233
f 1429/403/1368 217/376/217 216/375/216 1424/393/1363
f 1427/402/1366 233/405/233 231/406/231 1428/401/1367
f 227/392/227 226/391/226 808/407/808
f 225/387/225 227/392/227 808/407/808
f 226/391/226 230/400/230 808/407/808
f 798/388/798 225/387/225 808/407/808
f 230/400/230 229/399/229 808/407/808
f 229/399/229 231/406/231 808/407/808
f 228/396/228 801/395/801 808/407/808
f 233/405/233 232/404/232 808/407/808
f 232/404/232 228/396/228 808/407/808
f 231/406/231 233/405/233 808/407/808
f 313/408/313 314/409/314 234/410/234 235/411/235
f 314/412/314 159/301/159 163/304/163 315/413/315
f 315/413/315 316/414/316 237/415/237 236/416/236
f 316/417/316 317/418/317 238/419/238 237/420/237
f 313/421/313 235/422/235 239/423/239 318/424/318
f 317/425/317 318/424/318 239/423/239 238/426/238
f 904/427/904 325/428/325 240/429/240 813/430/813
f 325/431/325 326/432/326 241/433/241 240/434/240
f 326/432/326 907/435/907 819/436/819 241/433/241
f 319/437/319 320/438/320 243/439/243 242/440/242
f 322/441/322 319/442/319 242/443/242 245/444/245
f 321/445/321 322/441/322 245/444/245 246/446/246
f 323/447/323 321/445/321 246/446/246 244/448/244
f 324/449/324 323/450/323 244/451/244 247/452/247
f 320/453/320 324/449/324 247/452/247 243/454/243
f 327/455/327 909/456/909 826/457/826 248/458/248
f 328/459/328 327/455/327 248/458/248 249/460/249
f 910/461/910 328/462/328 249/463/249 828/464/828
f 307/465/307 308/466/308 251/467/251 250/468/250
f 309/469/309 307/465/307 250/468/250 252/470/252
f 309/471/309 252/472/252 253/473/253 310/474/310
f 310/475/310 253/476/253 255/477/255 312/478/312
f 311/479/311 312/478/312 255/477/255 254/480/254
f 308/481/308 311/482/311 254/483/254 251/484/251
f 250/468/250 251/467/251 257/485/257 256/486/256
f 250/487/250 256/488/256 258/489/258 252/472/252
f 253/473/253 252/472/252 258/489/258 259/490/259
f 253/476/253 259/491/259 260/492/260 255/477/255
f 255/477/255 260/492/260 262/493/262 254/480/254
f 251/484/251 254/483/254 262/494/262 257/495/257
f 256/486/256 257/485/257 263/496/263 261/497/261
f 258/489/258 256/488/256 261/498/261 264/499/264
f 259/490/259 258/489/258 264/499/264 266/500/266
f 260/492/260 259/491/259 266/501/266 267/502/267
f 260/492/260 267/502/267 268/503/268 262/493/262
f 262/494/262 268/504/268 263/505/263 257/495/257
f 263/505/263 268/504/268 265/506/265 269/507/269
f 265/508/265 268/503/268 267/502/267 270/509/270
f 267/510/267 266/511/266 271/512/271 270/513/270
f 266/500/266 264/499/264 272/514/272 271/515/271
f 264/499/264 261/498/261 273/516/273 272/514/272
f 263/496/263 269/517/269 273/518/273 261/497/261
f 273/518/273 269/517/269 275/519/275 274/520/274
f 269/507/269 265/506/265 276/521/276 275/522/275
f 276/523/276 265/508/265 270/509/270 278/524/278
f 270/513/270 271/512/271 279/525/279 278/526/278
f 279/527/279 271/515/271 272/514/272 280/528/280
f 273/516/273 274/529/274 280/528/280 272/514/272
f 274/520/274 275/519/275 277/530/277 281/531/281
f 281/531/281 277/530/277 282/532/282 283/533/283
f 277/534/277 275/522/275 276/521/276 284/535/284
f 277/534/277 284/535/284 285/536/285 282/537/282
f 284/538/284 276/523/276 278/524/278 286/539/286
f 285/540/285 284/538/284 286/539/286 287/541/287
f 278/526/278 279/525/279 288/542/288 286/543/286
f 287/544/287 286/543/286 288/542/288 290/545/290
f 279/527/279 280/528/280 291/546/291 288/547/288
f 288/547/288 291/546/291 292/548/292 290/549/290
f 280/528/280 274/529/274 281/550/281 291/546/291
f 291/546/291 281/550/281 283/551/283 292/548/292
f 300/552/300 302/553/302 289/554/289 293/555/293
f 300/556/300 293/557/293 294/558/294 303/559/303
f 303/559/303 294/558/294 295/560/295 304/561/304
f 304/562/304 295/563/295 296/564/296 305/565/305
f 302/566/302 306/567/306 297/568/297 289/569/289
f 306/570/306 285/540/285 287/541/287 305/571/305
f 334/572/334 339/573/339 299/574/299 298/575/298
f 334/576/334 298/577/298 301/578/301 340/579/340
f 297/580/297 306/570/306 305/571/305 296/581/296
f 282/537/282 285/536/285 306/567/306 302/566/302
f 290/545/290 304/562/304 305/565/305 287/544/287
f 292/548/292 303/559/303 304/561/304 290/549/290
f 283/551/283 300/556/300 303/559/303 292/548/292
f 283/533/283 282/532/282 302/553/302 300/552/300
f 167/582/167 171/583/171 311/482/311 308/481/308
f 171/325/171 199/349/199 312/478/312 311/479/311
f 198/352/198 310/475/310 312/478/312 199/349/199
f 186/584/186 309/471/309 310/474/310 198/585/198
f 186/333/186 162/310/162 307/465/307 309/469/309
f 162/310/162 167/314/167 308/466/308 307/465/307
f 206/359/206 207/361/207 318/424/318 317/425/317
f 192/342/192 313/421/313 318/424/318 207/361/207
f 188/586/188 206/587/206 317/418/317 316/417/316
f 163/304/163 188/336/188 316/414/316 315/413/315
f 234/588/234 314/412/314 315/413/315 236/416/236
f 192/589/192 159/590/159 314/409/314 313/408/313
f 158/298/158 160/297/160 324/449/324 320/453/320
f 160/297/160 191/591/191 323/450/323 324/449/324
f 191/340/191 213/368/213 321/445/321 323/447/323
f 213/368/213 194/343/194 322/441/322 321/445/321
f 194/343/194 157/292/157 319/442/319 322/441/322
f 157/592/157 158/593/158 320/438/320 319/437/319
f 195/594/195 783/595/783 907/435/907 326/432/326
f 196/596/196 195/594/195 326/432/326 325/431/325
f 718/597/718 196/598/196 325/428/325 904/427/904
f 764/599/764 170/600/170 328/462/328 910/461/910
f 170/601/170 168/602/168 327/455/327 328/459/328
f 168/602/168 732/603/732 909/456/909 327/455/327
f 339/604/339 289/569/289 297/568/297 342/605/342
f 342/606/342 343/607/343 329/608/329 330/609/330
f 341/610/341 340/579/340 301/578/301 332/611/332
f 343/607/343 341/612/341 332/613/332 329/608/329
f 345/614/345 344/615/344 333/616/333 331/617/331
f 345/618/345 331/619/331 335/620/335 346/621/346
f 346/622/346 335/623/335 336/624/336 347/625/347
f 347/625/347 336/624/336 337/626/337 348/627/348
f 348/628/348 337/629/337 338/630/338 349/631/349
f 344/632/344 330/609/330 329/608/329 349/631/349
f 296/564/296 295/563/295 341/612/341 343/607/343
f 295/560/295 294/558/294 340/579/340 341/610/341
f 297/580/297 296/581/296 343/633/343 342/634/342
f 299/635/299 339/604/339 342/605/342 330/636/330
f 293/557/293 334/576/334 340/579/340 294/558/294
f 293/555/293 289/554/289 339/573/339 334/572/334
f 333/616/333 344/615/344 349/637/349 338/638/338
f 332/613/332 348/628/348 349/631/349 329/608/329
f 301/578/301 347/625/347 348/627/348 332/611/332
f 298/577/298 346/622/346 347/625/347 301/578/301
f 299/574/299 345/618/345 346/621/346 298/575/298
f 299/635/299 330/636/330 344/615/344 345/614/345
f 363/639/363 360/640/360 351/641/351 350/642/350
f 360/640/360 236/416/236 237/415/237 365/643/365
f 364/644/364 366/645/366 354/646/354 352/647/352
f 364/648/364 352/649/352 353/650/353 365/651/365
f 363/652/363 350/653/350 355/654/355 367/655/367
f 367/656/367 355/657/355 354/646/354 366/645/366
f 369/658/369 368/659/368 357/660/357 356/661/356
f 369/658/369 356/661/356 358/662/358 370/663/370
f 372/664/372 370/665/370 358/666/358 359/667/359
f 371/668/371 372/669/372 359/670/359 361/671/361
f 368/672/368 373/673/373 362/674/362 357/675/357
f 371/676/371 361/677/361 362/674/362 373/673/373
f 235/678/235 367/656/367 366/645/366 239/679/239
f 234/410/234 363/652/363 367/655/367 235/411/235
f 238/419/238 364/648/364 365/651/365 237/420/237
f 238/426/238 239/423/239 366/680/366 364/681/364
f 351/641/351 360/640/360 365/643/365 353/682/353
f 234/588/234 236/416/236 360/640/360 363/639/363
f 353/682/353 371/676/371 373/673/373 351/641/351
f 350/642/350 351/641/351 373/673/373 368/672/368
f 353/650/353 352/649/352 372/669/372 371/668/371
f 352/647/352 354/646/354 370/665/370 372/664/372
f 355/654/355 369/658/369 370/663/370 354/683/354
f 355/654/355 350/653/350 368/659/368 369/658/369
f 387/684/387 386/685/386 374/686/374 375/687/375
f 386/685/386 356/661/356 357/660/357 388/688/388
f 388/689/388 357/675/357 362/674/362 389/690/389
f 389/690/389 362/674/362 361/677/361 390/691/390
f 390/692/390 361/671/361 359/670/359 391/693/391
f 387/694/387 375/695/375 380/696/380 391/697/391
f 393/698/393 392/699/392 376/700/376 381/701/381
f 392/702/392 394/703/394 383/704/383 376/705/376
f 394/703/394 395/706/395 384/707/384 383/704/383
f 395/708/395 396/709/396 382/710/382 384/711/384
f 396/712/396 397/713/397 385/714/385 382/715/382
f 393/716/393 381/717/381 385/714/385 397/713/397
f 358/666/358 387/694/387 391/697/391 359/667/359
f 379/718/379 390/692/390 391/693/391 380/719/380
f 378/720/378 389/690/389 390/691/390 379/721/379
f 377/722/377 388/689/388 389/690/389 378/720/378
f 374/686/374 386/685/386 388/688/388 377/723/377
f 358/662/358 356/661/356 386/685/386 387/684/387
f 377/723/377 393/716/393 397/713/397 374/686/374
f 375/687/375 374/686/374 397/713/397 396/712/396
f 380/696/380 375/695/375 396/709/396 395/708/395
f 379/718/379 380/719/380 395/706/395 394/703/394
f 378/724/378 379/718/379 394/703/394 392/702/392
f 377/722/377 378/720/378 392/699/392 393/698/393
f 381/701/381 376/700/376 398/725/398 399/726/399
f 381/717/381 399/727/399 401/728/401 385/714/385
f 382/715/382 385/714/385 401/728/401 400/729/400
f 382/710/382 400/730/400 403/731/403 384/711/384
f 383/704/383 384/707/384 403/732/403 402/733/402
f 376/705/376 383/704/383 402/733/402 398/734/398
f 422/735/422 423/736/423 404/737/404 405/738/405
f 422/739/422 405/740/405 407/741/407 426/742/426
f 424/743/424 426/744/426 407/745/407 408/746/408
f 425/747/425 424/748/424 408/749/408 406/750/406
f 427/751/427 425/752/425 406/753/406 410/754/410
f 423/755/423 427/751/427 410/754/410 404/756/404
f 429/757/429 428/758/428 411/759/411 409/760/409
f 431/761/431 429/762/429 409/763/409 413/764/413
f 430/765/430 431/766/431 413/767/413 414/768/414
f 432/769/432 430/770/430 414/771/414 412/772/412
f 428/773/428 433/774/433 416/775/416 411/776/411
f 433/774/433 432/777/432 412/778/412 416/775/416
f 435/779/435 434/780/434 417/781/417 415/782/415
f 434/783/434 436/784/436 418/785/418 417/786/417
f 436/784/436 416/775/416 412/778/412 437/787/437
f 437/788/437 438/789/438 421/790/421 419/791/419
f 438/792/438 439/793/439 420/794/420 421/795/421
f 435/796/435 415/797/415 420/798/420 439/799/439
f 243/454/243 247/452/247 427/751/427 423/755/423
f 247/452/247 244/451/244 425/752/425 427/751/427
f 244/800/244 246/801/246 424/748/424 425/747/425
f 246/446/246 245/444/245 426/744/426 424/743/424
f 242/802/242 422/739/422 426/742/426 245/803/245
f 242/440/242 243/439/243 423/736/423 422/735/422
f 410/754/410 406/753/406 432/777/432 433/774/433
f 404/756/404 410/754/410 433/774/433 428/773/428
f 406/750/406 408/749/408 430/770/430 432/769/432
f 408/746/408 407/745/407 431/766/431 430/765/430
f 407/741/407 405/740/405 429/762/429 431/761/431
f 405/738/405 404/737/404 428/758/428 429/757/429
f 409/763/409 435/796/435 439/799/439 413/764/413
f 414/768/414 413/767/413 439/793/439 438/792/438
f 412/772/412 414/771/414 438/789/438 437/788/437
f 418/785/418 436/784/436 437/787/437 419/804/419
f 411/776/411 416/775/416 436/784/436 434/783/434
f 409/760/409 411/759/411 434/780/434 435/779/435
f 453/805/453 452/806/452 441/807/441 440/808/440
f 455/809/455 453/810/453 440/811/440 443/812/443
f 454/813/454 455/809/455 443/812/443 444/814/444
f 456/815/456 454/816/454 444/817/444 442/818/442
f 457/819/457 456/820/456 442/821/442 445/822/445
f 452/823/452 457/819/457 445/822/445 441/824/441
f 417/786/417 418/785/418 451/825/451 447/826/447
f 418/785/418 419/804/419 450/827/450 451/825/451
f 419/791/419 421/790/421 448/828/448 450/829/450
f 421/795/421 420/794/420 449/830/449 448/831/448
f 420/798/420 415/797/415 446/832/446 449/833/449
f 415/782/415 417/781/417 447/834/447 446/835/446
f 447/826/447 451/825/451 457/819/457 452/823/452
f 451/825/451 450/827/450 456/820/456 457/819/457
f 450/829/450 448/828/448 454/816/454 456/815/456
f 448/836/448 449/833/449 455/809/455 454/813/454
f 449/833/449 446/832/446 453/810/453 455/809/455
f 446/835/446 447/834/447 452/806/452 453/805/453
f 475/837/475 470/838/470 459/839/459 458/840/458
f 465/841/465 441/824/441 445/822/445 467/842/467
f 472/843/472 473/844/473 460/845/460 461/846/461
f 473/847/473 474/848/474 463/849/463 460/850/460
f 471/851/471 475/852/475 458/853/458 464/854/464
f 474/855/474 471/851/471 464/854/464 463/856/463
f 444/814/444 443/812/443 466/857/466 469/858/469
f 443/812/443 440/811/440 462/859/462 466/857/466
f 442/818/442 444/817/444 469/860/469 468/861/468
f 445/822/445 442/821/442 468/862/468 467/842/467
f 470/863/470 465/841/465 467/842/467 472/843/472
f 440/808/440 441/807/441 465/864/465 462/865/462
f 459/866/459 470/863/470 472/843/472 461/846/461
f 469/858/469 466/857/466 471/851/471 474/855/474
f 466/857/466 462/859/462 475/852/475 471/851/471
f 468/861/468 469/860/469 474/848/474 473/847/473
f 467/842/467 468/862/468 473/844/473 472/843/472
f 462/865/462 465/864/465 470/838/470 475/837/475
f 482/867/482 483/868/483 477/869/477 476/870/476
f 482/871/482 476/872/476 479/873/479 486/874/486
f 486/875/486 479/876/479 480/877/480 487/878/487
f 484/879/484 487/880/487 480/881/480 478/882/478
f 485/883/485 484/879/484 478/882/478 481/884/481
f 485/885/485 481/886/481 477/869/477 483/868/483
f 460/845/460 485/885/485 483/868/483 461/846/461
f 460/850/460 463/849/463 484/879/484 485/883/485
f 463/849/463 464/887/464 487/880/487 484/879/484
f 458/853/458 486/875/486 487/878/487 464/854/464
f 459/839/459 482/871/482 486/874/486 458/840/458
f 459/866/459 461/846/461 483/868/483 482/867/482
f 1072/888/1072 491/889/491 489/890/489 1071/891/1071
f 490/892/490 1077/893/1077 1074/894/1074 488/895/488
f 491/896/491 490/892/490 488/895/488 489/897/489
f 240/434/240 241/433/241 490/892/490 491/896/491
f 241/433/241 819/436/819 1077/893/1077 490/892/490
f 813/430/813 240/429/240 491/889/491 1072/888/1072
f 498/898/498 499/899/499 492/900/492 493/901/493
f 498/902/498 493/903/493 495/904/495 502/905/502
f 500/906/500 502/907/502 495/908/495 494/909/494
f 501/910/501 500/906/500 494/909/494 497/911/497
f 503/912/503 501/913/501 497/914/497 496/915/496
f 499/916/499 503/912/503 496/915/496 492/917/492
f 476/870/476 477/869/477 503/912/503 499/916/499
f 477/869/477 481/886/481 501/913/501 503/912/503
f 481/884/481 478/882/478 500/906/500 501/910/501
f 478/882/478 480/881/480 502/907/502 500/906/500
f 479/876/479 498/902/498 502/905/502 480/877/480
f 479/873/479 476/872/476 499/899/499 498/898/498
f 519/918/519 516/919/516 504/920/504 505/921/505
f 520/922/520 519/923/519 505/924/505 507/925/507
f 518/926/518 520/922/520 507/925/507 508/927/508
f 521/928/521 518/929/518 508/930/508 509/931/509
f 517/932/517 521/933/521 509/934/509 506/935/506
f 516/936/516 517/932/517 506/935/506 504/937/504
f 398/734/398 402/733/402 512/938/512 510/939/510
f 402/733/402 403/732/403 514/940/514 512/938/512
f 403/731/403 400/730/400 515/941/515 514/942/514
f 400/729/400 401/728/401 513/943/513 515/944/515
f 401/728/401 399/727/399 511/945/511 513/943/513
f 399/726/399 398/725/398 510/946/510 511/947/511
f 510/939/510 512/938/512 517/932/517 516/936/516
f 512/938/512 514/940/514 521/933/521 517/932/517
f 514/942/514 515/941/515 518/929/518 521/928/521
f 515/944/515 513/943/513 520/922/520 518/926/518
f 513/943/513 511/945/511 519/923/519 520/922/520
f 511/947/511 510/946/510 516/919/516 519/918/519
f 536/948/536 534/949/534 522/950/522 523/951/523
f 537/952/537 536/948/536 523/951/523 525/953/525
f 535/954/535 537/955/537 525/956/525 526/957/526
f 538/958/538 535/959/535 526/960/526 527/961/527
f 539/962/539 538/958/538 527/961/527 524/963/524
f 534/964/534 539/965/539 524/966/524 522/967/522
f 331/617/331 333/616/333 533/968/533 529/969/529
f 333/616/333 338/638/338 532/970/532 533/968/533
f 338/630/338 337/629/337 530/971/530 532/972/532
f 337/626/337 336/624/336 531/973/531 530/974/530
f 336/975/336 335/620/335 528/976/528 531/977/531
f 335/620/335 331/619/331 529/978/529 528/976/528
f 529/969/529 533/968/533 539/965/539 534/964/534
f 533/979/533 532/972/532 538/958/538 539/962/539
f 532/972/532 530/971/530 535/959/535 538/958/538
f 530/974/530 531/973/531 537/955/537 535/954/535
f 531/977/531 528/976/528 536/948/536 537/952/537
f 528/976/528 529/978/529 534/949/534 536/948/536
f 540/980/540 542/981/542 543/982/543 541/983/541
f 542/981/542 544/984/544 545/985/545 543/982/543
f 542/981/542 546/10/546 547/9/547 544/984/544
f 540/980/540 548/12/548 546/10/546 542/981/542
f 547/9/547 550/14/550 549/986/549 544/984/544
f 550/14/550 552/987/552 551/988/551 549/986/549
f 1469/19/1408 554/22/554 553/989/553 1485/990/1424
f 554/22/554 556/24/556 555/991/555 553/989/553
f 556/24/556 558/26/558 557/992/557 555/991/555
f 558/26/558 560/28/560 559/993/559 557/992/557
f 549/986/549 562/994/562 545/985/545 544/984/544
f 551/988/551 563/995/563 562/994/562 549/986/549
f 1485/990/1424 1486/996/1425 563/997/563 551/998/551
f 557/992/557 565/999/565 561/1000/561 555/991/555
f 561/1000/561 564/1001/564 553/989/553 555/991/555
f 1486/996/1425 1487/1002/1426 566/1003/566 563/997/563
f 1487/1002/1426 1488/1004/1427 568/1005/568 566/1003/566
f 1488/1004/1427 1489/1006/1428 570/1007/570 568/1005/568
f 1489/1006/1428 1490/1008/1429 572/1009/572 570/1007/570
f 561/1000/561 574/1010/574 567/1011/567 564/1001/564
f 565/999/565 576/1012/576 574/1010/574 561/1000/561
f 559/993/559 577/1013/577 565/999/565 557/992/557
f 577/1013/577 578/1014/578 576/1012/576 565/999/565
f 574/1010/574 579/1015/579 569/1016/569 567/1011/567
f 576/1012/576 580/1017/580 579/1015/579 574/1010/574
f 578/1014/578 581/1018/581 580/1017/580 576/1012/576
f 581/1018/581 582/1019/582 575/1020/575 580/1017/580
f 582/1019/582 584/1021/584 583/1022/583 575/1020/575
f 579/1015/579 586/1023/586 571/1024/571 569/1016/569
f 586/1023/586 587/1025/587 573/1026/573 571/1024/571
f 587/1025/587 588/1027/588 585/1028/585 573/1026/573
f 1490/1008/1429 1492/1029/1431 589/1030/589 572/1009/572
f 1492/1029/1431 1491/1031/1430 591/1032/591 589/1030/589
f 1491/1031/1430 1493/1033/1432 593/1034/593 591/1032/591
f 1493/1033/1432 1494/1035/1433 595/1036/595 593/1034/593
f 1494/1035/1433 1495/1037/1434 597/1038/597 595/1036/595
f 1495/1037/1434 1496/1039/1435 599/1040/599 597/1038/597
f 1496/1039/1435 1497/1041/1436 601/1042/601 599/1040/599
f 1497/1041/1436 1498/1043/1437 603/1044/603 601/1042/601
f 1498/1043/1437 1484/81/1423 605/80/605 603/1044/603
f 588/1027/588 606/1045/606 590/1046/590 585/1028/585
f 581/1018/581 607/84/607 582/1019/582
f 560/28/560 607/84/607 559/993/559
f 607/84/607 577/1013/577 559/993/559
f 607/84/607 578/1014/578 577/1013/577
f 607/84/607 581/1018/581 578/1014/578
f 602/1047/602 608/1048/608 609/87/609 604/86/604
f 602/1047/602 600/1049/600 611/1050/611 608/1048/608
f 606/1045/606 612/1051/612 592/1052/592 590/1046/590
f 612/1051/612 613/1053/613 594/1054/594 592/1052/592
f 613/1053/613 614/1055/614 596/1056/596 594/1054/594
f 598/1057/598 610/1058/610 611/1050/611 600/1049/600
f 614/1055/614 610/1058/610 598/1057/598 596/1056/596
f 580/1017/580 575/1020/575 586/1023/586 579/1015/579
f 583/1022/583 587/1025/587 586/1023/586 575/1020/575
f 610/1058/610 616/1059/616 615/1060/615 611/1050/611
f 615/1060/615 618/1061/618 608/1048/608 611/1050/611
f 618/1061/618 619/102/619 609/87/609 608/1048/608
f 618/1061/618 617/1062/617 620/103/620 619/102/619
f 618/1061/618 615/1060/615 621/1063/621 617/1062/617
f 610/1058/610 614/1055/614 623/1064/623 616/1059/616
f 614/1055/614 613/1053/613 624/1065/624 623/1064/623
f 583/1022/583 622/1066/622 588/1027/588 587/1025/587
f 613/1053/613 612/1051/612 626/1067/626 624/1065/624
f 622/1066/622 627/1068/627 606/1045/606 588/1027/588
f 627/1068/627 626/1067/626 612/1051/612 606/1045/606
f 615/1060/615 616/1059/616 628/1069/628 621/1063/621
f 624/1065/624 629/1070/629 625/1071/625 623/1064/623
f 616/1059/616 623/1064/623 625/1071/625 628/1069/628
f 624/1065/624 626/1067/626 630/1072/630 629/1070/629
f 626/1067/626 627/1068/627 631/1073/631 630/1072/630
f 627/1068/627 622/1066/622 632/1074/632 631/1073/631
f 622/1066/622 583/1022/583 584/1021/584 632/1074/632
f 607/84/607 584/1021/584 582/1019/582
f 584/1021/584 607/84/607 632/1074/632
f 617/1062/617 607/84/607 620/103/620
f 621/1063/621 607/84/607 617/1062/617
f 628/1069/628 607/84/607 621/1063/621
f 625/1071/625 607/84/607 628/1069/628
f 632/1074/632 607/84/607 631/1073/631
f 631/1073/631 607/84/607 630/1072/630
f 630/1072/630 607/84/607 629/1070/629
f 629/1070/629 607/84/607 625/1071/625
f 563/995/563 566/1075/566 633/1076/633 562/994/562
f 568/1077/568 635/1078/635 633/1076/633 566/1075/566
f 568/1005/568 570/1007/570 636/1079/636 635/1080/635
f 570/1081/570 572/1082/572 637/1083/637 636/1084/636
f 589/1030/589 638/1085/638 637/1086/637 572/1009/572
f 591/1087/591 639/1088/639 638/1089/638 589/1090/589
f 591/1087/591 593/1091/593 640/1092/640 639/1088/639
f 595/1093/595 642/1094/642 640/1092/640 593/1091/593
f 597/1095/597 634/1096/634 642/1094/642 595/1093/595
f 599/1097/599 643/1098/643 634/1096/634 597/1095/597
f 601/1099/601 644/1100/644 643/1101/643 599/1102/599
f 603/1103/603 646/1104/646 644/1105/644 601/1106/601
f 605/80/605 645/139/645 646/1107/646 603/1044/603
f 633/1076/633 647/1108/647 545/985/545 562/994/562
f 647/1108/647 648/1109/648 543/982/543 545/985/545
f 648/1109/648 649/1110/649 541/983/541 543/982/543
f 648/1109/648 641/1111/641 650/1112/650 649/1110/649
f 648/1109/648 647/1108/647 651/1113/651 641/1111/641
f 635/1078/635 651/1113/651 647/1108/647 633/1076/633
f 638/1114/638 653/1115/653 652/1116/652 637/1117/637
f 638/1089/638 639/1088/639 655/1118/655 653/1119/653
f 637/1083/637 652/1120/652 654/1121/654 636/1084/636
f 635/1078/635 636/1122/636 654/1123/654 651/1113/651
f 640/1092/640 656/1124/656 655/1118/655 639/1088/639
f 642/1094/642 658/1125/658 656/1124/656 640/1092/640
f 634/1096/634 657/1126/657 658/1125/658 642/1094/642
f 654/1123/654 660/1127/660 641/1111/641 651/1113/651
f 652/1120/652 659/1128/659 660/1129/660 654/1121/654
f 653/1115/653 662/1130/662 659/1131/659 652/1116/652
f 653/1119/653 655/1118/655 663/1132/663 662/1133/662
f 656/1124/656 664/1134/664 663/1132/663 655/1118/655
f 658/1125/658 665/1135/665 664/1134/664 656/1124/656
f 657/1126/657 661/1136/661 665/1135/665 658/1125/658
f 660/1127/660 667/1137/667 650/1112/650 641/1111/641
f 659/1128/659 666/1138/666 667/1139/667 660/1129/660
f 662/1130/662 669/1140/669 666/1141/666 659/1131/659
f 662/1133/662 663/1132/663 670/1142/670 669/1143/669
f 664/1134/664 671/1144/671 670/1142/670 663/1132/663
f 665/1135/665 672/1145/672 671/1144/671 664/1134/664
f 661/1136/661 668/1146/668 672/1145/672 665/1135/665
f 634/1096/634 643/1098/643 674/1147/674 657/1126/657
f 674/1147/674 675/1148/675 661/1136/661 657/1126/657
f 675/1148/675 676/1149/676 668/1146/668 661/1136/661
f 645/1150/645 673/1151/673 677/1152/677 646/1104/646
f 677/1152/677 679/1153/679 644/1105/644 646/1104/646
f 679/1154/679 674/1155/674 643/1101/643 644/1100/644
f 679/1154/679 678/1156/678 675/1157/675 674/1155/674
f 675/1157/675 678/1156/678 681/1158/681 676/1159/676
f 677/1152/677 680/1160/680 678/1161/678 679/1153/679
f 673/199/673 682/204/682 680/1162/680 677/1163/677
f 680/1160/680 684/1164/684 681/1165/681 678/1161/678
f 682/204/682 685/206/685 684/1166/684 680/1162/680
f 1455/1167/1394 683/1168/683 686/209/686 1440/208/1379
f 1405/1169/1344 687/1170/687 688/1171/688 1390/1172/1329
f 1405/1169/1344 1406/1173/1345 690/1174/690 687/1170/687
f 1456/1175/1395 689/1176/689 683/1168/683 1455/1167/1394
f 1456/1175/1395 1458/1177/1397 691/1178/691 689/1176/689
f 1407/1179/1346 693/1180/693 690/1174/690 1406/1173/1345
f 1458/1177/1397 1459/1181/1398 694/1182/694 691/1178/691
f 1457/1183/1396 692/1184/692 695/1185/695 1460/1186/1399
f 1460/1187/1399 1459/1181/1398 650/1112/650 667/1137/667
f 1462/1188/1401 696/1189/696 692/1190/692 1457/1191/1396
f 1462/1192/1401 1463/1193/1402 698/1194/698 696/1195/696
f 1461/1196/1400 699/1197/699 698/1194/698 1463/1193/1402
f 1465/1198/1404 703/1199/703 699/1197/699 1461/1196/1400
f 1464/1200/1403 697/1201/697 703/1199/703 1465/1198/1404
f 1408/1202/1347 702/1203/702 701/1204/701 1411/1205/1350
f 1408/1202/1347 1413/1206/1352 704/1207/704 702/1203/702
f 1413/1206/1352 1412/1208/1351 705/1209/705 704/1207/704
f 1409/1210/1348 700/1211/700 705/1209/705 1412/1208/1351
f 1411/1212/1350 1414/1213/1353 692/1190/692 696/1189/696
f 1410/1214/1349 708/1215/708 706/1216/706 1415/1217/1354
f 1410/1214/1349 1414/1218/1353 707/1219/707 708/1215/708
f 1407/1179/1346 1415/1220/1354 706/1221/706 693/1180/693
f 1466/1222/1405 710/1223/710 709/1224/709 1467/1225/1406
f 1466/1226/1405 1454/274/1393 712/273/712 710/1227/710
f 1468/1228/1407 713/1229/713 697/1201/697 1464/1200/1403
f 1467/1230/1406 1468/1231/1407 676/1159/676 681/1158/681
f 1418/1232/1357 717/1233/717 714/1234/714 1416/1235/1355
f 1416/1236/1355 714/1237/714 700/1211/700 1409/1210/1348
f 1402/281/1341 716/284/716 715/1238/715 1417/1239/1356
f 1417/1240/1356 715/1241/715 717/1242/717 1418/1243/1357
f 735/285/735 718/288/718 711/1244/711 737/1245/737
f 737/1245/737 711/1244/711 719/1246/719 738/1247/738
f 738/1247/738 719/1246/719 720/1248/720 740/1249/740
f 740/1249/740 720/1248/720 721/1250/721 741/1251/741
f 741/1251/741 721/1250/721 723/1252/723 742/1253/742
f 739/1254/739 724/1255/724 722/1256/722 743/1257/743
f 742/1253/742 723/1252/723 724/1255/724 739/1254/739
f 743/1257/743 722/1256/722 726/1258/726 744/1259/744
f 744/1259/744 726/1258/726 727/1260/727 745/1261/745
f 745/1261/745 727/1260/727 728/1262/728 746/1263/746
f 746/1263/746 728/1262/728 725/1264/725 747/1265/747
f 747/1265/747 748/1266/748 693/1267/693 706/1216/706
f 748/1266/748 730/1268/730 729/1269/729 749/1270/749
f 749/1270/749 729/1269/729 731/1271/731 750/1272/750
f 750/1272/750 731/1271/731 732/319/732 751/318/751
f 729/1269/729 733/1273/733 734/1274/734 731/1271/731
f 730/1268/730 736/1275/736 733/1273/733 729/1269/729
f 687/1276/687 750/1272/750 751/318/751 688/1277/688
f 690/1278/690 749/1270/749 750/1272/750 687/1276/687
f 693/1267/693 748/1266/748 749/1270/749 690/1278/690
f 725/1264/725 730/1268/730 748/1266/748 747/1265/747
f 708/1215/708 746/1263/746 747/1265/747 706/1216/706
f 707/1219/707 745/1261/745 746/1263/746 708/1215/708
f 701/1204/701 744/1259/744 745/1261/745 707/1219/707
f 702/1203/702 743/1257/743 744/1259/744 701/1204/701
f 705/1209/705 742/1253/742 739/1254/739 704/1207/704
f 704/1207/704 739/1254/739 743/1257/743 702/1203/702
f 700/1211/700 741/1251/741 742/1253/742 705/1209/705
f 714/1237/714 740/1249/740 741/1251/741 700/1211/700
f 717/1242/717 738/1247/738 740/1249/740 714/1237/714
f 715/1241/715 737/1245/737 738/1247/738 717/1242/717
f 716/332/716 735/285/735 737/1245/737 715/1241/715
f 728/1262/728 753/1279/753 752/1280/752 725/1264/725
f 726/1258/726 754/1281/754 755/1282/755 727/1260/727
f 727/1260/727 755/1282/755 753/1279/753 728/1262/728
f 723/1252/723 757/1283/757 756/1284/756 724/1255/724
f 724/1255/724 756/1284/756 758/1285/758 722/1256/722
f 719/1246/719 759/1286/759 760/1287/760 720/1248/720
f 711/1244/711 761/1288/761 759/1286/759 719/1246/719
f 711/1244/711 718/288/718 762/1289/762 761/1288/761
f 733/1273/733 763/1290/763 764/347/764 734/1274/734
f 736/1275/736 766/1291/766 763/1290/763 733/1273/733
f 753/1279/753 767/1292/767 765/1293/765 752/1280/752
f 767/1292/767 769/1294/769 768/1295/768 765/1293/765
f 766/1291/766 768/1295/768 770/1296/770 763/1290/763
f 768/1295/768 766/1291/766 765/1293/765
f 755/1282/755 772/1297/772 767/1292/767 753/1279/753
f 755/1282/755 754/1281/754 773/1298/773 772/1297/772
f 756/1284/756 771/1299/771 774/1300/774 758/1285/758
f 773/1298/773 776/1301/776 775/1302/775 772/1297/772
f 775/1302/775 769/1294/769 767/1292/767 772/1297/772
f 763/1290/763 770/1296/770 777/365/777 764/347/764
f 771/1299/771 778/1303/778 779/1304/779 774/1300/774
f 773/1298/773 774/1300/774 779/1304/779 776/1301/776
f 757/1283/757 781/1305/781 771/1299/771 756/1284/756
f 759/1286/759 780/1306/780 781/1305/781 760/1287/760
f 761/1288/761 783/370/783 780/1306/780 759/1286/759
f 781/1305/781 784/1307/784 778/1303/778 771/1299/771
f 780/1306/780 782/1308/782 784/1307/784 781/1305/781
f 783/370/783 786/373/786 782/1308/782 780/1306/780
f 770/1296/770 785/1309/785 787/374/787 777/365/777
f 768/1295/768 788/1310/788 785/1309/785 770/1296/770
f 769/1294/769 789/1311/789 788/1310/788 768/1295/768
f 775/1302/775 790/1312/790 789/1311/789 769/1294/769
f 776/1301/776 791/1313/791 790/1312/790 775/1302/775
f 779/1304/779 792/1314/792 791/1313/791 776/1301/776
f 786/373/786 794/382/794 793/1315/793 782/1308/782
f 782/1308/782 793/1315/793 796/1316/796 784/1307/784
f 784/1307/784 796/1316/796 795/1317/795 778/1303/778
f 795/1317/795 792/1314/792 779/1304/779 778/1303/778
f 1419/385/1358 798/388/798 797/1318/797 1430/1319/1369
f 1431/1320/1370 800/1321/800 799/1322/799 1432/1323/1371
f 1431/1324/1370 1430/1319/1369 797/1318/797 800/1325/800
f 1433/1326/1372 802/1327/802 801/395/801 1423/394/1362
f 1434/1328/1373 804/1329/804 803/1330/803 1435/1331/1374
f 1432/1332/1371 1434/1328/1373 792/1314/792 795/1317/795
f 1435/1331/1374 1437/1333/1376 790/1312/790 791/1313/791
f 1436/1334/1375 807/1335/807 806/1336/806 1438/1337/1377
f 1438/1337/1377 1433/1326/1372 785/1309/785 788/1310/788
f 1436/1334/1375 1437/1333/1376 805/1338/805 807/1335/807
f 800/1325/800 808/407/808 799/1339/799
f 797/1318/797 808/407/808 800/1325/800
f 799/1339/799 808/407/808 804/1329/804
f 798/388/798 808/407/808 797/1318/797
f 804/1329/804 808/407/808 803/1330/803
f 803/1330/803 808/407/808 805/1338/805
f 802/1327/802 808/407/808 801/395/801
f 807/1335/807 808/407/808 806/1336/806
f 806/1336/806 808/407/808 802/1327/802
f 805/1338/805 808/407/808 807/1335/807
f 892/1340/892 810/1341/810 809/1342/809 893/1343/893
f 893/1343/893 894/1344/894 726/1258/726 722/1256/722
f 894/1345/894 811/1346/811 812/1347/812 895/1348/895
f 895/1349/895 812/1350/812 814/1351/814 896/1352/896
f 892/1353/892 897/1354/897 815/1355/815 810/1356/810
f 896/1352/896 814/1351/814 815/1357/815 897/1358/897
f 904/1359/904 813/1360/813 816/1361/816 905/1362/905
f 905/1362/905 816/1361/816 817/1363/817 906/1364/906
f 906/1364/906 817/1363/817 819/1365/819 907/1366/907
f 898/1367/898 818/1368/818 820/1369/820 899/1370/899
f 901/1371/901 822/1372/822 818/1373/818 898/1374/898
f 900/1375/900 823/1376/823 822/1377/822 901/1378/901
f 902/1379/902 821/1380/821 823/1376/823 900/1375/900
f 903/1381/903 824/1382/824 821/1383/821 902/1384/902
f 899/1370/899 820/1369/820 824/1382/824 903/1381/903
f 908/1385/908 825/1386/825 826/1387/826 909/1388/909
f 911/1389/911 827/1390/827 825/1391/825 908/1392/908
f 910/1393/910 828/1394/828 827/1390/827 911/1389/911
f 886/1395/886 829/1396/829 830/1397/830 887/1398/887
f 888/1399/888 831/1400/831 829/1401/829 886/1402/886
f 888/1399/888 889/1403/889 832/1404/832 831/1400/831
f 889/1405/889 891/1406/891 834/1407/834 832/1408/832
f 890/1409/890 833/1410/833 834/1411/834 891/1412/891
f 887/1398/887 830/1397/830 833/1413/833 890/1414/890
f 829/1396/829 835/1415/835 836/1416/836 830/1397/830
f 829/1417/829 831/1418/831 837/1419/837 835/1420/835
f 832/1408/832 838/1421/838 837/1422/837 831/1423/831
f 832/1408/832 834/1407/834 839/1424/839 838/1421/838
f 834/1411/834 833/1410/833 841/1425/841 839/1426/839
f 830/1397/830 836/1416/836 841/1427/841 833/1413/833
f 835/1415/835 840/1428/840 842/1429/842 836/1416/836
f 837/1419/837 843/1430/843 840/1431/840 835/1420/835
f 838/1421/838 845/1432/845 843/1433/843 837/1422/837
f 839/1424/839 846/1434/846 845/1432/845 838/1421/838
f 839/1426/839 841/1425/841 847/1435/847 846/1436/846
f 841/1427/841 836/1416/836 842/1429/842 847/1437/847
f 842/1429/842 848/1438/848 844/1439/844 847/1437/847
f 844/1440/844 849/1441/849 846/1436/846 847/1435/847
f 846/1434/846 849/1442/849 850/1443/850 845/1432/845
f 845/1432/845 850/1443/850 851/1444/851 843/1433/843
f 843/1430/843 851/1445/851 852/1446/852 840/1431/840
f 842/1429/842 840/1428/840 852/1447/852 848/1438/848
f 852/1447/852 853/1448/853 854/1449/854 848/1438/848
f 848/1438/848 854/1449/854 855/1450/855 844/1439/844
f 855/1451/855 857/1452/857 849/1441/849 844/1440/844
f 849/1442/849 857/1453/857 858/1454/858 850/1443/850
f 858/1454/858 859/1455/859 851/1444/851 850/1443/850
f 852/1446/852 851/1445/851 859/1456/859 853/1457/853
f 853/1448/853 860/1458/860 856/1459/856 854/1449/854
f 860/1458/860 862/1460/862 861/1461/861 856/1459/856
f 856/1459/856 863/1462/863 855/1450/855 854/1449/854
f 856/1459/856 861/1461/861 864/1463/864 863/1462/863
f 863/1464/863 865/1465/865 857/1452/857 855/1451/855
f 864/1466/864 866/1467/866 865/1465/865 863/1464/863
f 857/1453/857 865/1468/865 867/1469/867 858/1454/858
f 866/1470/866 869/1471/869 867/1469/867 865/1468/865
f 858/1454/858 867/1469/867 870/1472/870 859/1455/859
f 867/1469/867 869/1471/869 871/1473/871 870/1472/870
f 859/1456/859 870/1474/870 860/1475/860 853/1457/853
f 870/1474/870 871/1476/871 862/1477/862 860/1475/860
f 879/1478/879 872/1479/872 868/1480/868 881/1481/881
f 879/1482/879 882/1483/882 873/1484/873 872/1485/872
f 882/1486/882 883/1487/883 874/1488/874 873/1489/873
f 883/1487/883 884/1490/884 875/1491/875 874/1488/874
f 881/1481/881 868/1480/868 876/1492/876 885/1493/885
f 885/1494/885 884/1495/884 866/1467/866 864/1466/864
f 917/1496/917 877/1497/877 878/1498/878 922/1499/922
f 917/1500/917 923/1501/923 880/1502/880 877/1503/877
f 876/1504/876 875/1505/875 884/1495/884 885/1494/885
f 861/1461/861 881/1481/881 885/1493/885 864/1463/864
f 869/1471/869 866/1470/866 884/1490/884 883/1487/883
f 871/1473/871 869/1471/869 883/1487/883 882/1486/882
f 862/1477/862 871/1476/871 882/1483/882 879/1482/879
f 862/1460/862 879/1478/879 881/1481/881 861/1461/861
f 730/1506/730 887/1507/887 890/1409/890 736/1508/736
f 736/1508/736 890/1409/890 891/1412/891 766/1509/766
f 765/1510/765 766/1511/766 891/1406/891 889/1405/889
f 752/1280/752 765/1293/765 889/1403/889 888/1399/888
f 752/1280/752 888/1399/888 886/1402/886 725/1264/725
f 725/1512/725 886/1395/886 887/1398/887 730/1513/730
f 773/1514/773 896/1352/896 897/1358/897 774/1515/774
f 758/1516/758 774/1517/774 897/1354/897 892/1353/892
f 754/1518/754 895/1349/895 896/1352/896 773/1514/773
f 726/1519/726 894/1345/894 895/1348/895 754/1520/754
f 809/1342/809 811/1521/811 894/1344/894 893/1343/893
f 758/1285/758 892/1340/892 893/1343/893 722/1256/722
f 721/1250/721 899/1370/899 903/1381/903 723/1252/723
f 723/1252/723 903/1381/903 902/1384/902 757/1283/757
f 757/1522/757 902/1379/902 900/1375/900 781/1523/781
f 781/1523/781 900/1375/900 901/1378/901 760/1524/760
f 760/1525/760 901/1371/901 898/1374/898 720/1526/720
f 720/1248/720 898/1367/898 899/1370/899 721/1250/721
f 761/1288/761 906/1364/906 907/1366/907 783/370/783
f 762/1289/762 905/1362/905 906/1364/906 761/1288/761
f 718/288/718 904/1359/904 905/1362/905 762/1289/762
f 764/347/764 910/1393/910 911/1389/911 734/1274/734
f 734/1274/734 911/1389/911 908/1392/908 731/1271/731
f 731/1527/731 908/1385/908 909/1388/909 732/1528/732
f 922/1499/922 925/1529/925 876/1492/876 868/1480/868
f 925/1530/925 913/1531/913 912/1532/912 926/1533/926
f 924/1534/924 915/1535/915 880/1536/880 923/1537/923
f 926/1538/926 912/1539/912 915/1535/915 924/1534/924
f 928/1540/928 914/1541/914 916/1542/916 927/1543/927
f 928/1544/928 929/1545/929 918/1546/918 914/1547/914
f 929/1548/929 930/1549/930 919/1550/919 918/1551/918
f 930/1552/930 931/1553/931 920/1554/920 919/1555/919
f 931/1553/931 932/1556/932 921/1557/921 920/1554/920
f 927/1543/927 932/1558/932 912/1532/912 913/1531/913
f 875/1491/875 926/1538/926 924/1534/924 874/1488/874
f 874/1488/874 924/1534/924 923/1537/923 873/1489/873
f 876/1504/876 925/1530/925 926/1533/926 875/1505/875
f 878/1498/878 913/1559/913 925/1529/925 922/1499/922
f 872/1485/872 873/1484/873 923/1501/923 917/1500/917
f 872/1479/872 917/1496/917 922/1499/922 868/1480/868
f 916/1542/916 921/1560/921 932/1558/932 927/1543/927
f 915/1535/915 912/1539/912 932/1556/932 931/1553/931
f 880/1536/880 915/1535/915 931/1553/931 930/1552/930
f 877/1503/877 880/1502/880 930/1549/930 929/1548/929
f 878/1498/878 877/1497/877 929/1545/929 928/1544/928
f 878/1498/878 928/1544/928 927/1561/927 913/1559/913
f 946/1562/946 933/1563/933 934/1564/934 943/1565/943
f 1320/1566/1280 1321/1567/1281 812/1347/812 811/1346/811
f 947/1568/947 935/1569/935 937/1570/937 949/1571/949
f 947/1568/947 948/1572/948 936/1573/936 935/1569/935
f 946/1562/946 950/1574/950 938/1575/938 933/1563/933
f 950/1576/950 949/1577/949 937/1578/937 938/1579/938
f 952/1580/952 939/1581/939 940/1582/940 951/1583/951
f 952/1584/952 953/1585/953 941/1586/941 939/1587/939
f 955/1588/955 942/1589/942 941/1590/941 953/1591/953
f 954/1592/954 944/1593/944 942/1589/942 955/1588/955
f 951/1583/951 940/1582/940 945/1594/945 956/1595/956
f 954/1596/954 956/1597/956 945/1598/945 944/1599/944
f 1319/1600/1279 1322/1601/1282 949/1577/949 950/1576/950
f 1317/1602/1277 1319/1603/1279 950/1574/950 946/1562/946
f 1318/1604/1278 1321/1605/1281 948/1572/948 947/1568/947
f 1318/1604/1278 947/1568/947 949/1571/949 1322/1606/1282
f 934/1607/934 936/1608/936 948/1609/948 943/1610/943
f 1317/1611/1277 946/1612/946 943/1613/943 1320/1614/1280
f 936/1608/936 934/1607/934 956/1597/956 954/1596/954
f 933/1563/933 951/1583/951 956/1595/956 934/1564/934
f 936/1573/936 954/1592/954 955/1588/955 935/1569/935
f 935/1569/935 955/1588/955 953/1591/953 937/1570/937
f 938/1579/938 937/1578/937 953/1585/953 952/1584/952
f 938/1575/938 952/1580/952 951/1583/951 933/1563/933
f 970/1615/970 958/1616/958 957/1617/957 969/1618/969
f 969/1619/969 971/1620/971 940/1582/940 939/1581/939
f 971/1620/971 972/1621/972 945/1594/945 940/1582/940
f 972/1622/972 973/1623/973 944/1599/944 945/1598/945
f 973/1623/973 974/1624/974 942/1625/942 944/1599/944
f 970/1626/970 974/1627/974 963/1628/963 958/1629/958
f 976/1630/976 964/1631/964 959/1632/959 975/1633/975
f 975/1634/975 959/1635/959 966/1636/966 977/1637/977
f 977/1637/977 966/1636/966 967/1638/967 978/1639/978
f 978/1640/978 967/1641/967 965/1642/965 979/1643/979
f 979/1644/979 965/1645/965 968/1646/968 980/1647/980
f 976/1630/976 980/1648/980 968/1649/968 964/1631/964
f 941/1590/941 942/1589/942 974/1627/974 970/1626/970
f 962/1650/962 963/1651/963 974/1624/974 973/1623/973
f 961/1652/961 962/1650/962 973/1623/973 972/1622/972
f 960/1653/960 961/1654/961 972/1621/972 971/1620/971
f 957/1655/957 960/1653/960 971/1620/971 969/1619/969
f 941/1586/941 970/1615/970 969/1618/969 939/1587/939
f 960/1653/960 957/1655/957 980/1648/980 976/1630/976
f 958/1616/958 979/1644/979 980/1647/980 957/1617/957
f 963/1628/963 978/1640/978 979/1643/979 958/1629/958
f 962/1650/962 977/1637/977 978/1639/978 963/1651/963
f 961/1652/961 975/1634/975 977/1637/977 962/1650/962
f 960/1653/960 976/1630/976 975/1633/975 961/1654/961
f 964/1631/964 982/1656/982 981/1657/981 959/1632/959
f 964/1631/964 968/1649/968 984/1658/984 982/1656/982
f 965/1645/965 983/1659/983 984/1660/984 968/1646/968
f 965/1642/965 967/1641/967 986/1661/986 983/1662/983
f 966/1636/966 985/1663/985 986/1664/986 967/1638/967
f 959/1635/959 981/1665/981 985/1663/985 966/1636/966
f 1005/1666/1005 988/1667/988 987/1668/987 1006/1669/1006
f 1005/1670/1005 1009/1671/1009 990/1672/990 988/1673/988
f 1007/1674/1007 991/1675/991 990/1676/990 1009/1677/1009
f 1008/1678/1008 989/1679/989 991/1680/991 1007/1681/1007
f 1010/1682/1010 993/1683/993 989/1679/989 1008/1678/1008
f 1006/1669/1006 987/1668/987 993/1684/993 1010/1685/1010
f 1012/1686/1012 992/1687/992 994/1688/994 1011/1689/1011
f 1014/1690/1014 996/1691/996 992/1692/992 1012/1693/1012
f 1013/1694/1013 997/1695/997 996/1696/996 1014/1697/1014
f 1015/1698/1015 995/1699/995 997/1700/997 1013/1701/1013
f 1011/1689/1011 994/1688/994 999/1702/999 1016/1703/1016
f 1016/1704/1016 999/1705/999 995/1699/995 1015/1698/1015
f 1018/1706/1018 998/1707/998 1000/1708/1000 1017/1709/1017
f 1017/1709/1017 1000/1708/1000 1001/1710/1001 1019/1711/1019
f 1019/1712/1019 1020/1713/1020 995/1699/995 999/1705/999
f 1020/1713/1020 1002/1714/1002 1004/1715/1004 1021/1716/1021
f 1021/1717/1021 1004/1718/1004 1003/1719/1003 1022/1720/1022
f 1018/1721/1018 1022/1722/1022 1003/1723/1003 998/1724/998
f 820/1725/820 1006/1669/1006 1010/1685/1010 824/1726/824
f 824/1727/824 1010/1682/1010 1008/1678/1008 821/1728/821
f 821/1728/821 1008/1678/1008 1007/1681/1007 823/1729/823
f 823/1376/823 1007/1674/1007 1009/1677/1009 822/1377/822
f 818/1373/818 822/1372/822 1009/1671/1009 1005/1670/1005
f 818/1730/818 1005/1666/1005 1006/1669/1006 820/1725/820
f 993/1683/993 1016/1704/1016 1015/1698/1015 989/1679/989
f 987/1668/987 1011/1689/1011 1016/1703/1016 993/1684/993
f 989/1679/989 1015/1698/1015 1013/1701/1013 991/1680/991
f 991/1675/991 1013/1694/1013 1014/1697/1014 990/1676/990
f 990/1672/990 1014/1690/1014 1012/1693/1012 988/1673/988
f 988/1667/988 1012/1686/1012 1011/1689/1011 987/1668/987
f 992/1692/992 996/1691/996 1022/1722/1022 1018/1721/1018
f 997/1695/997 1021/1717/1021 1022/1720/1022 996/1696/996
f 995/1699/995 1020/1713/1020 1021/1716/1021 997/1700/997
f 1001/1731/1001 1002/1714/1002 1020/1713/1020 1019/1712/1019
f 994/1688/994 1017/1709/1017 1019/1711/1019 999/1702/999
f 992/1687/992 1018/1706/1018 1017/1709/1017 994/1688/994
f 1036/1732/1036 1023/1733/1023 1024/1734/1024 1035/1735/1035
f 1038/1736/1038 1026/1737/1026 1023/1733/1023 1036/1732/1036
f 1037/1738/1037 1027/1739/1027 1026/1740/1026 1038/1741/1038
f 1039/1742/1039 1025/1743/1025 1027/1744/1027 1037/1745/1037
f 1040/1746/1040 1028/1747/1028 1025/1743/1025 1039/1742/1039
f 1035/1748/1035 1024/1749/1024 1028/1750/1028 1040/1751/1040
f 1000/1708/1000 1030/1752/1030 1034/1753/1034 1001/1710/1001
f 1001/1731/1001 1034/1754/1034 1033/1755/1033 1002/1714/1002
f 1002/1714/1002 1033/1755/1033 1031/1756/1031 1004/1715/1004
f 1004/1718/1004 1031/1757/1031 1032/1758/1032 1003/1719/1003
f 1003/1723/1003 1032/1759/1032 1029/1760/1029 998/1724/998
f 998/1707/998 1029/1761/1029 1030/1752/1030 1000/1708/1000
f 1030/1752/1030 1035/1748/1035 1040/1751/1040 1034/1753/1034
f 1034/1754/1034 1040/1746/1040 1039/1742/1039 1033/1755/1033
f 1033/1755/1033 1039/1742/1039 1037/1745/1037 1031/1756/1031
f 1031/1757/1031 1037/1738/1037 1038/1741/1038 1032/1758/1032
f 1032/1759/1032 1038/1736/1038 1036/1732/1036 1029/1760/1029
f 1029/1760/1029 1036/1732/1036 1035/1735/1035 1030/1762/1030
f 1058/1763/1058 1041/1764/1041 1042/1765/1042 1053/1766/1053
f 1048/1767/1048 1050/1768/1050 1028/1750/1028 1024/1749/1024
f 1055/1769/1055 1044/1770/1044 1043/1771/1043 1056/1772/1056
f 1056/1773/1056 1043/1774/1043 1046/1775/1046 1057/1776/1057
f 1054/1777/1054 1047/1778/1047 1041/1764/1041 1058/1763/1058
f 1057/1776/1057 1046/1775/1046 1047/1779/1047 1054/1780/1054
f 1027/1739/1027 1052/1781/1052 1049/1782/1049 1026/1740/1026
f 1026/1737/1026 1049/1783/1049 1045/1784/1045 1023/1733/1023
f 1025/1743/1025 1051/1785/1051 1052/1786/1052 1027/1744/1027
f 1028/1747/1028 1050/1787/1050 1051/1785/1051 1025/1743/1025
f 1053/1788/1053 1055/1789/1055 1050/1768/1050 1048/1767/1048
f 1023/1733/1023 1045/1784/1045 1048/1790/1048 1024/1734/1024
f 1042/1791/1042 1044/1792/1044 1055/1789/1055 1053/1788/1053
f 1052/1781/1052 1057/1776/1057 1054/1780/1054 1049/1782/1049
f 1049/1783/1049 1054/1777/1054 1058/1763/1058 1045/1784/1045
f 1051/1793/1051 1056/1773/1056 1057/1776/1057 1052/1781/1052
f 1050/1787/1050 1055/1769/1055 1056/1772/1056 1051/1785/1051
f 1045/1784/1045 1058/1763/1058 1053/1766/1053 1048/1790/1048
f 1065/1794/1065 1059/1795/1059 1060/1796/1060 1066/1797/1066
f 1065/1798/1065 1069/1799/1069 1062/1800/1062 1059/1801/1059
f 1069/1799/1069 1070/1802/1070 1063/1803/1063 1062/1800/1062
f 1067/1804/1067 1061/1805/1061 1063/1806/1063 1070/1807/1070
f 1068/1808/1068 1064/1809/1064 1061/1805/1061 1067/1804/1067
f 1068/1810/1068 1066/1811/1066 1060/1812/1060 1064/1813/1064
f 1043/1771/1043 1044/1770/1044 1066/1811/1066 1068/1810/1068
f 1043/1774/1043 1068/1808/1068 1067/1804/1067 1046/1775/1046
f 1046/1775/1046 1067/1804/1067 1070/1807/1070 1047/1779/1047
f 1041/1764/1041 1047/1778/1047 1070/1802/1070 1069/1799/1069
f 1042/1765/1042 1041/1764/1041 1069/1799/1069 1065/1798/1065
f 1042/1791/1042 1065/1814/1065 1066/1815/1066 1044/1792/1044
f 1072/1816/1072 1071/1817/1071 1075/1818/1075 1078/1819/1078
f 1076/1820/1076 1073/1821/1073 1074/1822/1074 1077/1823/1077
f 1078/1824/1078 1075/1825/1075 1073/1826/1073 1076/1827/1076
f 816/1828/816 1078/1819/1078 1076/1829/1076 817/1830/817
f 817/1831/817 1076/1820/1076 1077/1823/1077 819/1832/819
f 813/1833/813 1072/1816/1072 1078/1819/1078 816/1828/816
f 1085/1834/1085 1080/1835/1080 1079/1836/1079 1086/1837/1086
f 1085/1834/1085 1089/1838/1089 1082/1839/1082 1080/1835/1080
f 1087/1840/1087 1081/1841/1081 1082/1842/1082 1089/1843/1089
f 1088/1844/1088 1084/1845/1084 1081/1846/1081 1087/1847/1087
f 1090/1848/1090 1083/1849/1083 1084/1845/1084 1088/1844/1088
f 1086/1850/1086 1079/1851/1079 1083/1852/1083 1090/1853/1090
f 1059/1795/1059 1086/1850/1086 1090/1853/1090 1060/1796/1060
f 1060/1812/1060 1090/1848/1090 1088/1844/1088 1064/1813/1064
f 1064/1809/1064 1088/1854/1088 1087/1840/1087 1061/1805/1061
f 1061/1805/1061 1087/1840/1087 1089/1843/1089 1063/1806/1063
f 1062/1800/1062 1063/1803/1063 1089/1838/1089 1085/1834/1085
f 1062/1800/1062 1085/1834/1085 1086/1837/1086 1059/1801/1059
f 1106/1855/1106 1092/1856/1092 1091/1857/1091 1103/1858/1103
f 1107/1859/1107 1094/1860/1094 1092/1856/1092 1106/1855/1106
f 1105/1861/1105 1095/1862/1095 1094/1863/1094 1107/1864/1107
f 1108/1865/1108 1096/1866/1096 1095/1867/1095 1105/1868/1105
f 1104/1869/1104 1093/1870/1093 1096/1866/1096 1108/1865/1108
f 1103/1871/1103 1091/1872/1091 1093/1873/1093 1104/1874/1104
f 981/1665/981 1097/1875/1097 1099/1876/1099 985/1663/985
f 985/1663/985 1099/1876/1099 1101/1877/1101 986/1664/986
f 986/1661/986 1101/1878/1101 1102/1879/1102 983/1662/983
f 983/1659/983 1102/1880/1102 1100/1881/1100 984/1660/984
f 984/1658/984 1100/1882/1100 1098/1883/1098 982/1656/982
f 982/1656/982 1098/1883/1098 1097/1884/1097 981/1657/981
f 1097/1875/1097 1103/1871/1103 1104/1874/1104 1099/1876/1099
f 1099/1885/1099 1104/1869/1104 1108/1865/1108 1101/1878/1101
f 1101/1878/1101 1108/1865/1108 1105/1868/1105 1102/1879/1102
f 1102/1880/1102 1105/1861/1105 1107/1864/1107 1100/1881/1100
f 1100/1882/1100 1107/1859/1107 1106/1855/1106 1098/1883/1098
f 1098/1883/1098 1106/1855/1106 1103/1858/1103 1097/1884/1097
f 1123/1886/1123 1110/1887/1110 1109/1888/1109 1121/1889/1121
f 1124/1890/1124 1112/1891/1112 1110/1892/1110 1123/1893/1123
f 1122/1894/1122 1113/1895/1113 1112/1896/1112 1124/1897/1124
f 1125/1898/1125 1114/1899/1114 1113/1895/1113 1122/1894/1122
f 1126/1900/1126 1111/1901/1111 1114/1902/1114 1125/1903/1125
f 1121/1889/1121 1109/1888/1109 1111/1904/1111 1126/1905/1126
f 914/1547/914 1116/1906/1116 1120/1907/1120 916/1908/916
f 916/1542/916 1120/1909/1120 1119/1910/1119 921/1560/921
f 921/1557/921 1119/1911/1119 1117/1912/1117 920/1554/920
f 920/1554/920 1117/1912/1117 1118/1913/1118 919/1555/919
f 919/1550/919 1118/1914/1118 1115/1915/1115 918/1551/918
f 918/1546/918 1115/1916/1115 1116/1906/1116 914/1547/914
f 1116/1906/1116 1121/1889/1121 1126/1905/1126 1120/1907/1120
f 1120/1909/1120 1126/1900/1126 1125/1903/1125 1119/1910/1119
f 1119/1911/1119 1125/1898/1125 1122/1894/1122 1117/1912/1117
f 1117/1912/1117 1122/1894/1122 1124/1897/1124 1118/1913/1118
f 1118/1914/1118 1124/1890/1124 1123/1893/1123 1115/1915/1115
f 1115/1916/1115 1123/1886/1123 1121/1889/1121 1116/1906/1116
f 1073/1917/1073 1075/1818/1075 1129/1918/1129
f 488/895/488 1074/894/1074 1130/1919/1130 1127/1920/1127
f 1071/891/1071 489/890/489 1127/1921/1127 1128/1922/1128
f 1075/1818/1075 1071/1817/1071 1128/1923/1128 1129/1918/1129
f 1074/1822/1074 1073/1821/1073 1129/1924/1129 1130/1925/1130
f 489/897/489 488/895/488 1127/1920/1127
f 1128/1922/1128 1127/1921/1127 1131/1926/1131 1132/1927/1132
f 1127/1920/1127 1130/1919/1130 1134/1928/1134 1131/1929/1131
f 1129/1918/1129 1128/1923/1128 1132/1930/1132 1133/1931/1133
f 1130/1925/1130 1129/1924/1129 1133/1932/1133 1134/1933/1134
f 1167/1934/1163 1168/1935/1164 1138/1936/1138 1135/1937/1135
f 1169/1938/1165 1170/1939/1166 1136/1940/1136 1137/1941/1137
f 1168/1942/1164 1169/1943/1165 1137/1944/1137 1138/1945/1138
f 1170/1946/1166 1167/1947/1163 1135/1948/1135 1136/1949/1136
f 1151/1950/1151 1152/1951/1152 1140/1952/1140 1141/1953/1141
f 1153/1954/1153 1151/1955/1151 1141/1956/1141 1142/1957/1142
f 1152/1958/1152 1154/1959/1154 1139/1960/1139 1140/1961/1140
f 1154/1962/1154 1153/1963/1153 1142/1964/1142 1139/1965/1139
f 1155/1966/1155 1156/1967/1156 1143/1968/1143 1144/1969/1144
f 1156/1970/1156 1157/1971/1157 1146/1972/1146 1143/1973/1143
f 1158/1974/1158 1155/1975/1155 1144/1976/1144 1145/1977/1145
f 1157/1978/1157 1158/1979/1158 1145/1980/1145 1146/1981/1146
f 1159/1982/1159 1160/1983/1160 1150/1984/1150 1147/1985/1147
f 1161/1986/1161 1162/1987/1162 1148/1988/1148 1149/1989/1149
f 1160/1990/1160 1161/1991/1161 1149/1992/1149 1150/1993/1150
f 1162/1994/1162 1159/1995/1159 1147/1996/1147 1148/1997/1148
f 1166/1998/1154 1164/1999/1153 1153/1963/1153 1154/1962/1154
f 1165/2000/1152 1166/2001/1154 1154/1959/1154 1152/1958/1152
f 1164/2002/1153 1163/2003/1151 1151/1955/1151 1153/1954/1153
f 1163/2004/1151 1165/2005/1152 1152/1951/1152 1151/1950/1151
f 1142/1957/1142 1141/1956/1141 1158/1979/1158 1157/1978/1157
f 1141/1953/1141 1140/1952/1140 1155/1975/1155 1158/1974/1158
f 1139/1965/1139 1142/1964/1142 1157/1971/1157 1156/1970/1156
f 1140/1961/1140 1139/1960/1139 1156/1967/1156 1155/1966/1155
f 1144/1969/1144 1143/1968/1143 1159/1995/1159 1162/1994/1162
f 1146/1981/1146 1145/1980/1145 1161/1991/1161 1160/1990/1160
f 1145/1977/1145 1144/1976/1144 1162/1987/1162 1161/1986/1161
f 1143/1973/1143 1146/1972/1146 1160/1983/1160 1159/1982/1159
f 1137/1941/1137 1136/1940/1136 1165/2005/1152 1163/2004/1151
f 1138/1945/1138 1137/1944/1137 1163/2003/1151 1164/2002/1153
f 1136/1949/1136 1135/1948/1135 1166/2001/1154 1165/2000/1152
f 1135/1937/1135 1138/1936/1138 1164/1999/1153 1166/1998/1154
f 1132/1927/1132 1131/1926/1131 1167/1947/1163 1170/1946/1166
f 1134/1933/1134 1133/1932/1133 1169/1943/1165 1168/1942/1164
f 1133/1931/1133 1132/1930/1132 1170/1939/1166 1169/1938/1165
f 1131/1929/1131 1134/1928/1134 1168/1935/1164 1167/1934/1163
f 1207/2006/1203 1208/2007/1204 1176/2008/1172 1175/2009/1171
f 1209/2010/1205 1210/2011/1206 1173/2012/1169 1174/2013/1170
f 1211/2014/1207 1209/2015/1205 1174/2016/1170 1171/2017/1167
f 1212/2018/1208 1211/2014/1207 1171/2017/1167 1172/2019/1168
f 1210/2020/1206 1207/2006/1203 1175/2009/1171 1173/2021/1169
f 1208/2022/1204 1212/2023/1208 1172/2024/1168 1176/2025/1172
f 1222/2026/1197 1219/2027/1198 1182/2028/1178 1181/2029/1177
f 1223/2030/1199 1220/2031/1200 1179/2032/1175 1180/2033/1176
f 1224/2034/1201 1221/2035/1202 1177/2036/1173 1178/2037/1174
f 1220/2038/1200 1222/2026/1197 1181/2029/1177 1179/2039/1175
f 1219/2040/1198 1224/2041/1201 1178/2042/1174 1182/2043/1178
f 1221/2035/1202 1223/2044/1199 1180/2045/1176 1177/2036/1173
f 1234/2046/1191 1231/2047/1192 1187/2048/1183 1185/2049/1181
f 1235/2050/1193 1232/2051/1194 1184/2052/1180 1188/2053/1184
f 1236/2054/1195 1233/2055/1196 1186/2056/1182 1183/2057/1179
f 1231/2047/1192 1235/2058/1193 1188/2059/1184 1187/2048/1183
f 1233/2060/1196 1234/2061/1191 1185/2062/1181 1186/2063/1182
f 1232/2064/1194 1236/2054/1195 1183/2057/1179 1184/2065/1180
f 1237/2066/1215 1238/2067/1216 1194/2068/1190 1193/2069/1189
f 1239/2070/1217 1240/2071/1218 1191/2072/1187 1192/2073/1188
f 1241/2074/1219 1242/2075/1220 1189/2076/1185 1190/2077/1186
f 1240/2078/1218 1237/2066/1215 1193/2069/1189 1191/2079/1187
f 1238/2080/1216 1241/2081/1219 1190/2082/1186 1194/2083/1190
f 1242/2075/1220 1239/2084/1217 1192/2085/1188 1189/2076/1185
f 1229/2086/1194 1227/2087/1195 1199/2088/1195 1198/2089/1194
f 1230/2090/1196 1225/2091/1191 1195/2092/1191 1200/2093/1196
f 1228/2094/1192 1226/2095/1193 1197/2096/1193 1196/2097/1192
f 1227/2087/1195 1230/2098/1196 1200/2099/1196 1199/2088/1195
f 1226/2100/1193 1229/2101/1194 1198/2102/1194 1197/2103/1193
f 1225/2104/1191 1228/2094/1192 1196/2097/1192 1195/2105/1191
f 1218/2106/1214 1214/2107/1210 1203/2108/1199 1206/2109/1202
f 1216/2110/1212 1215/2111/1211 1205/2112/1201 1202/2113/1198
f 1217/2114/1213 1213/2115/1209 1201/2116/1197 1204/2117/1200
f 1215/2118/1211 1218/2106/1214 1206/2109/1202 1205/2119/1201
f 1214/2120/1210 1217/2121/1213 1204/2122/1200 1203/2123/1199
f 1213/2115/1209 1216/2124/1212 1202/2125/1198 1201/2116/1197
f 828/464/828 249/463/249 1212/2023/1208 1208/2022/1204
f 825/2126/825 827/2127/827 1207/2006/1203 1210/2020/1206
f 249/460/249 248/458/248 1211/2014/1207 1212/2018/1208
f 248/458/248 826/457/826 1209/2015/1205 1211/2014/1207
f 826/1387/826 825/1386/825 1210/2011/1206 1209/2010/1205
f 827/2127/827 828/2128/828 1208/2007/1204 1207/2006/1203
f 1175/2009/1171 1176/2008/1172 1216/2124/1212 1213/2115/1209
f 1174/2013/1170 1173/2012/1169 1217/2121/1213 1214/2120/1210
f 1172/2019/1168 1171/2017/1167 1218/2106/1214 1215/2118/1211
f 1173/2021/1169 1175/2009/1171 1213/2115/1209 1217/2114/1213
f 1176/2025/1172 1172/2024/1168 1215/2111/1211 1216/2110/1212
f 1171/2017/1167 1174/2016/1170 1214/2107/1210 1218/2106/1214
f 1206/2109/1202 1203/2108/1199 1223/2044/1199 1221/2035/1202
f 1202/2113/1198 1205/2112/1201 1224/2041/1201 1219/2040/1198
f 1204/2117/1200 1201/2116/1197 1222/2026/1197 1220/2038/1200
f 1205/2119/1201 1206/2109/1202 1221/2035/1202 1224/2034/1201
f 1203/2123/1199 1204/2122/1200 1220/2031/1200 1223/2030/1199
f 1201/2116/1197 1202/2125/1198 1219/2027/1198 1222/2026/1197
f 1179/2039/1175 1181/2029/1177 1228/2094/1192 1225/2104/1191
f 1182/2043/1178 1178/2042/1174 1229/2101/1194 1226/2100/1193
f 1177/2036/1173 1180/2045/1176 1230/2098/1196 1227/2087/1195
f 1181/2029/1177 1182/2028/1178 1226/2095/1193 1228/2094/1192
f 1180/2033/1176 1179/2032/1175 1225/2091/1191 1230/2090/1196
f 1178/2037/1174 1177/2036/1173 1227/2087/1195 1229/2086/1194
f 1198/2089/1194 1199/2088/1195 1236/2054/1195 1232/2064/1194
f 1200/2093/1196 1195/2092/1191 1234/2061/1191 1233/2060/1196
f 1196/2097/1192 1197/2096/1193 1235/2058/1193 1231/2047/1192
f 1199/2088/1195 1200/2099/1196 1233/2055/1196 1236/2054/1195
f 1197/2103/1193 1198/2102/1194 1232/2051/1194 1235/2050/1193
f 1195/2105/1191 1196/2097/1192 1231/2047/1192 1234/2046/1191
f 1183/2057/1179 1186/2056/1182 1239/2084/1217 1242/2075/1220
f 1188/2053/1184 1184/2052/1180 1241/2081/1219 1238/2080/1216
f 1185/2049/1181 1187/2048/1183 1237/2066/1215 1240/2078/1218
f 1184/2065/1180 1183/2057/1179 1242/2075/1220 1241/2074/1219
f 1186/2063/1182 1185/2062/1181 1240/2071/1218 1239/2070/1217
f 1187/2048/1183 1188/2059/1184 1238/2067/1216 1237/2066/1215
f 1314/2129/1274 1311/2130/1271 1243/2131/1221
f 1311/2132/1271 1312/2133/1272 1243/2134/1221
f 1315/2135/1275 1313/2136/1273 1243/2137/1221
f 1313/2136/1273 1314/2138/1274 1243/2137/1221
f 1316/2139/1276 1315/2140/1275 1243/2141/1221
f 1312/2142/1272 1316/2143/1276 1243/2144/1221
f 1083/1852/1083 1079/1851/1079 1244/2145/1222 1248/2146/1226
f 1079/2147/1079 1080/2148/1080 1245/2149/1223 1244/2150/1222
f 1080/1835/1080 1082/1839/1082 1247/2151/1225 1245/2152/1223
f 1084/1845/1084 1083/1849/1083 1248/2153/1226 1249/2154/1227
f 1081/1846/1081 1084/1845/1084 1249/2154/1227 1246/2155/1224
f 1082/1842/1082 1081/1841/1081 1246/2156/1224 1247/2157/1225
f 1293/2158/1259 1294/2159/1260 1250/2160/1228
f 1295/2161/1261 1296/2162/1262 1250/2163/1228
f 1297/2164/1263 1298/2165/1264 1250/2166/1228
f 1296/2162/1262 1293/2167/1259 1250/2163/1228
f 1298/2168/1264 1295/2169/1261 1250/2170/1228
f 1294/2159/1260 1297/2171/1263 1250/2160/1228
f 1272/2172/1244 1269/2173/1241 1251/2174/1229
f 1269/2173/1241 1270/2175/1242 1251/2174/1229
f 1273/2176/1245 1271/2177/1243 1251/2178/1229
f 1274/2179/1246 1273/2180/1245 1251/2181/1229
f 1270/2182/1242 1274/2183/1246 1251/2184/1229
f 1271/2177/1243 1272/2185/1244 1251/2178/1229
f 1290/2186/1256 1287/2187/1253 1252/2188/1230
f 1291/2189/1257 1288/2190/1254 1252/2191/1230
f 1287/2192/1253 1291/2193/1257 1252/2194/1230
f 1292/2195/1258 1289/2196/1255 1252/2197/1230
f 1288/2190/1254 1292/2198/1258 1252/2191/1230
f 1289/2199/1255 1290/2186/1256 1252/2188/1230
f 1375/2200/1318 1371/2201/1314 1253/2202/1231
f 1371/2201/1314 1372/2203/1315 1253/2202/1231
f 1372/2204/1315 1373/2205/1316 1253/2206/1231
f 1373/2205/1316 1374/2207/1317 1253/2206/1231
f 1376/2208/1319 1375/2209/1318 1253/2210/1231
f 1374/2211/1317 1376/2212/1319 1253/2213/1231
f 1356/2214/1305 1353/2215/1302 1254/2216/1232
f 1357/2217/1306 1354/2218/1303 1254/2219/1232
f 1358/2220/1307 1355/2221/1304 1254/2222/1232
f 1353/2215/1302 1357/2223/1306 1254/2216/1232
f 1355/2224/1304 1356/2225/1305 1254/2226/1232
f 1354/2227/1303 1358/2220/1307 1254/2222/1232
f 1337/2228/1292 1335/2229/1290 1255/2230/1233
f 1338/2231/1293 1337/2232/1292 1255/2233/1233
f 1339/2234/1294 1338/2231/1293 1255/2233/1233
f 1340/2235/1295 1339/2236/1294 1255/2237/1233
f 1335/2238/1290 1336/2239/1291 1255/2240/1233
f 1336/2239/1291 1340/2241/1295 1255/2240/1233
f 1387/2242/1326 1385/2243/1324 1256/2244/1234
f 1388/2245/1327 1386/2246/1325 1256/2247/1234
f 1385/2248/1324 1388/2249/1327 1256/2250/1234
f 1386/2251/1325 1387/2252/1326 1256/2253/1234
f 1268/2254/1239 1263/2255/1235 1257/2256/1235 1261/2257/1239
f 1267/2258/1237 1265/2259/1240 1262/2260/1240 1259/2261/1237
f 1265/2262/1240 1264/2263/1238 1260/2264/1238 1262/2265/1240
f 1264/2266/1238 1268/2254/1239 1261/2257/1239 1260/2267/1238
f 1266/2268/1236 1267/2269/1237 1259/2270/1237 1258/2271/1236
f 1263/2272/1235 1266/2268/1236 1258/2271/1236 1257/2273/1235
f 497/911/497 494/909/494 1266/2268/1236 1263/2272/1235
f 494/909/494 495/908/495 1267/2269/1237 1266/2268/1236
f 492/917/492 496/915/496 1268/2254/1239 1264/2266/1238
f 493/901/493 492/900/492 1264/2263/1238 1265/2262/1240
f 495/904/495 493/903/493 1265/2259/1240 1267/2258/1237
f 496/915/496 497/914/497 1263/2255/1235 1268/2254/1239
f 1261/2257/1239 1257/2256/1235 1272/2185/1244 1271/2177/1243
f 1259/2261/1237 1262/2260/1240 1274/2183/1246 1270/2182/1242
f 1262/2265/1240 1260/2264/1238 1273/2180/1245 1274/2179/1246
f 1260/2267/1238 1261/2257/1239 1271/2177/1243 1273/2176/1245
f 1258/2271/1236 1259/2270/1237 1270/2175/1242 1269/2173/1241
f 1257/2273/1235 1258/2271/1236 1269/2173/1241 1272/2172/1244
f 1286/2274/1252 1281/2275/1247 1275/2276/1247 1280/2277/1252
f 1285/2278/1250 1283/2279/1251 1279/2280/1251 1278/2281/1250
f 1283/2282/1251 1286/2283/1252 1280/2284/1252 1279/2285/1251
f 1284/2286/1248 1282/2287/1249 1277/2288/1249 1276/2289/1248
f 1282/2290/1249 1285/2278/1250 1278/2281/1250 1277/2291/1249
f 1281/2275/1247 1284/2292/1248 1276/2293/1248 1275/2276/1247
f 507/925/507 505/924/505 1284/2292/1248 1281/2275/1247
f 504/937/504 506/935/506 1285/2278/1250 1282/2290/1249
f 505/921/505 504/920/504 1282/2287/1249 1284/2286/1248
f 509/931/509 508/930/508 1286/2283/1252 1283/2282/1251
f 506/935/506 509/934/509 1283/2279/1251 1285/2278/1250
f 508/927/508 507/925/507 1281/2275/1247 1286/2274/1252
f 1280/2277/1252 1275/2276/1247 1290/2186/1256 1289/2199/1255
f 1278/2281/1250 1279/2280/1251 1292/2198/1258 1288/2190/1254
f 1279/2285/1251 1280/2284/1252 1289/2196/1255 1292/2195/1258
f 1276/2289/1248 1277/2288/1249 1291/2193/1257 1287/2192/1253
f 1277/2291/1249 1278/2281/1250 1288/2190/1254 1291/2189/1257
f 1275/2276/1247 1276/2293/1248 1287/2187/1253 1290/2186/1256
f 1244/2150/1222 1245/2149/1223 1297/2171/1263 1294/2159/1260
f 1247/2157/1225 1246/2156/1224 1295/2169/1261 1298/2168/1264
f 1249/2154/1227 1248/2153/1226 1293/2167/1259 1296/2162/1262
f 1245/2152/1223 1247/2151/1225 1298/2165/1264 1297/2164/1263
f 1246/2155/1224 1249/2154/1227 1296/2162/1262 1295/2161/1261
f 1248/2294/1226 1244/2150/1222 1294/2159/1260 1293/2158/1259
f 1309/2295/1267 1307/2296/1270 1304/2297/1270 1301/2298/1267
f 1307/2299/1270 1306/2300/1268 1302/2301/1268 1304/2302/1270
f 1310/2303/1269 1305/2304/1265 1299/2305/1265 1303/2306/1269
f 1306/2307/1268 1310/2303/1269 1303/2306/1269 1302/2308/1268
f 1308/2309/1266 1309/2295/1267 1301/2298/1267 1300/2310/1266
f 1305/2311/1265 1308/2312/1266 1300/2313/1266 1299/2314/1265
f 1093/1873/1093 1091/1872/1091 1308/2312/1266 1305/2311/1265
f 1091/1857/1091 1092/1856/1092 1309/2295/1267 1308/2309/1266
f 1095/1867/1095 1096/1866/1096 1310/2303/1269 1306/2307/1268
f 1096/1866/1096 1093/1870/1093 1305/2304/1265 1310/2303/1269
f 1094/1863/1094 1095/1862/1095 1306/2300/1268 1307/2299/1270
f 1092/1856/1092 1094/1860/1094 1307/2296/1270 1309/2295/1267
f 1301/2298/1267 1304/2297/1270 1316/2143/1276 1312/2142/1272
f 1304/2302/1270 1302/2301/1268 1315/2140/1275 1316/2139/1276
f 1303/2306/1269 1299/2305/1265 1314/2138/1274 1313/2136/1273
f 1302/2308/1268 1303/2306/1269 1313/2136/1273 1315/2135/1275
f 1300/2310/1266 1301/2298/1267 1312/2142/1272 1311/2315/1271
f 1299/2314/1265 1300/2313/1266 1311/2130/1271 1314/2129/1274
f 809/1342/809 1317/1611/1277 1320/1614/1280 811/1521/811
f 814/1351/814 1318/1604/1278 1322/1606/1282 815/1357/815
f 814/1351/814 812/1350/812 1321/1605/1281 1318/1604/1278
f 809/2316/809 810/2317/810 1319/1603/1279 1317/1602/1277
f 810/1356/810 815/1355/815 1322/1601/1282 1319/1600/1279
f 943/1610/943 948/1609/948 1321/1567/1281 1320/1566/1280
f 1334/2318/1289 1332/2319/1287 1327/2320/1287 1328/2321/1288
f 1333/2322/1284 1334/2318/1289 1328/2321/1288 1324/2323/1284
f 1332/2324/1287 1331/2325/1286 1326/2326/1286 1327/2327/1287
f 1331/2328/1286 1330/2329/1285 1325/2330/1285 1326/2331/1286
f 1330/2329/1285 1329/2332/1283 1323/2333/1283 1325/2330/1285
f 1329/2334/1283 1333/2335/1284 1324/2336/1284 1323/2337/1283
f 1114/1902/1114 1111/1901/1111 1333/2335/1284 1329/2334/1283
f 1113/1895/1113 1114/1899/1114 1329/2332/1283 1330/2329/1285
f 1112/1896/1112 1113/1895/1113 1330/2329/1285 1331/2328/1286
f 1110/1892/1110 1112/1891/1112 1331/2325/1286 1332/2324/1287
f 1111/1904/1111 1109/1888/1109 1334/2318/1289 1333/2322/1284
f 1109/1888/1109 1110/1887/1110 1332/2319/1287 1334/2318/1289
f 1328/2321/1288 1327/2320/1287 1340/2241/1295 1336/2239/1291
f 1324/2323/1284 1328/2321/1288 1336/2239/1291 1335/2238/1290
f 1327/2327/1287 1326/2326/1286 1339/2236/1294 1340/2235/1295
f 1326/2331/1286 1325/2330/1285 1338/2231/1293 1339/2234/1294
f 1325/2330/1285 1323/2333/1283 1337/2232/1292 1338/2231/1293
f 1323/2337/1283 1324/2336/1284 1335/2229/1290 1337/2228/1292
f 1351/2338/1299 1349/2339/1300 1345/2340/1300 1344/2341/1299
f 1352/2342/1301 1347/2343/1296 1341/2344/1296 1346/2345/1301
f 1350/2346/1297 1348/2347/1298 1343/2348/1298 1342/2349/1297
f 1349/2339/1300 1352/2350/1301 1346/2351/1301 1345/2340/1300
f 1348/2352/1298 1351/2353/1299 1344/2354/1299 1343/2355/1298
f 1347/2356/1296 1350/2346/1297 1342/2349/1297 1341/2357/1296
f 1191/2079/1187 1193/2069/1189 1350/2346/1297 1347/2356/1296
f 1194/2083/1190 1190/2082/1186 1351/2353/1299 1348/2352/1298
f 1189/2076/1185 1192/2085/1188 1352/2350/1301 1349/2339/1300
f 1193/2069/1189 1194/2068/1190 1348/2347/1298 1350/2346/1297
f 1192/2073/1188 1191/2072/1187 1347/2343/1296 1352/2342/1301
f 1190/2077/1186 1189/2076/1185 1349/2339/1300 1351/2338/1299
f 1344/2341/1299 1345/2340/1300 1358/2220/1307 1354/2227/1303
f 1346/2345/1301 1341/2344/1296 1356/2225/1305 1355/2224/1304
f 1342/2349/1297 1343/2348/1298 1357/2223/1306 1353/2215/1302
f 1345/2340/1300 1346/2351/1301 1355/2221/1304 1358/2220/1307
f 1343/2355/1298 1344/2354/1299 1354/2218/1303 1357/2217/1306
f 1341/2357/1296 1342/2349/1297 1353/2215/1302 1356/2214/1305
f 1370/2358/1312 1366/2359/1313 1364/2360/1313 1363/2361/1312
f 1366/2362/1313 1365/2363/1308 1359/2364/1308 1364/2365/1313
f 1369/2366/1311 1370/2367/1312 1363/2368/1312 1362/2369/1311
f 1368/2370/1310 1369/2366/1311 1362/2369/1311 1361/2371/1310
f 1367/2372/1309 1368/2373/1310 1361/2374/1310 1360/2375/1309
f 1365/2376/1308 1367/2372/1309 1360/2375/1309 1359/2377/1308
f 524/963/524 527/961/527 1367/2372/1309 1365/2376/1308
f 527/961/527 526/960/526 1368/2373/1310 1367/2372/1309
f 526/957/526 525/956/525 1369/2366/1311 1368/2370/1310
f 525/956/525 523/2378/523 1370/2367/1312 1369/2366/1311
f 522/967/522 524/966/524 1365/2363/1308 1366/2362/1313
f 523/951/523 522/950/522 1366/2359/1313 1370/2358/1312
f 1363/2361/1312 1364/2360/1313 1376/2212/1319 1374/2211/1317
f 1364/2365/1313 1359/2364/1308 1375/2209/1318 1376/2208/1319
f 1362/2369/1311 1363/2368/1312 1374/2207/1317 1373/2205/1316
f 1361/2371/1310 1362/2369/1311 1373/2205/1316 1372/2204/1315
f 1360/2375/1309 1361/2374/1310 1372/2203/1315 1371/2201/1314
f 1359/2377/1308 1360/2375/1309 1371/2201/1314 1375/2200/1318
f 1384/2379/1323 1381/2380/1320 1377/2381/1320 1380/2382/1323
f 1383/2383/1321 1382/2384/1322 1379/2385/1322 1378/2386/1321
f 1382/2387/1322 1384/2388/1323 1380/2389/1323 1379/2390/1322
f 1381/2391/1320 1383/2392/1321 1378/2393/1321 1377/2394/1320
f 1147/1985/1147 1150/1984/1150 1383/2392/1321 1381/2391/1320
f 1149/1989/1149 1148/1988/1148 1384/2388/1323 1382/2387/1322
f 1150/1993/1150 1149/1992/1149 1382/2384/1322 1383/2383/1321
f 1148/1997/1148 1147/1996/1147 1381/2380/1320 1384/2379/1323
f 1380/2382/1323 1377/2381/1320 1387/2252/1326 1386/2251/1325
f 1378/2386/1321 1379/2385/1322 1388/2249/1327 1385/2248/1324
f 1379/2390/1322 1380/2389/1323 1386/2246/1325 1388/2245/1327
f 1377/2394/1320 1378/2393/1321 1385/2243/1324 1387/2242/1326
f 710/1223/710 1417/2395/1356 1418/2396/1357 709/1224/709
f 712/273/712 1402/281/1341 1417/1239/1356 710/1227/710
f 713/1229/713 1416/2397/1355 1409/2398/1348 697/1201/697
f 709/2399/709 1418/1232/1357 1416/1235/1355 713/2400/713
f 691/1178/691 694/1182/694 1415/1220/1354 1407/1179/1346
f 695/2401/695 692/2402/692 1414/1218/1353 1410/1214/1349
f 695/2401/695 1410/1214/1349 1415/1217/1354 694/2403/694
f 701/1204/701 707/1219/707 1414/1218/1353 1411/1205/1350
f 697/1201/697 1409/2398/1348 1412/2404/1351 703/1199/703
f 699/2405/699 703/2406/703 1412/1208/1351 1413/1206/1352
f 698/1194/698 699/1197/699 1413/2407/1352 1408/2408/1347
f 698/2409/698 1408/1202/1347 1411/1205/1350 696/2410/696
f 691/1178/691 1407/1179/1346 1406/1173/1345 689/1176/689
f 683/1168/683 689/1176/689 1406/1173/1345 1405/1169/1344
f 683/1168/683 1405/1169/1344 1390/1172/1329 686/209/686
f 150/272/150 149/271/149 1404/277/1343 1403/282/1342
f 712/273/712 150/272/150 1403/282/1342 1402/281/1341
f 152/276/152 137/250/137 1394/259/1333 1401/278/1340
f 149/271/149 152/276/152 1401/278/1340 1404/277/1343
f 131/228/131 1392/225/1331 1400/265/1339 134/229/134
f 135/233/135 1395/264/1334 1399/263/1338 132/234/132
f 135/233/135 134/229/134 1400/265/1339 1395/264/1334
f 141/253/141 1396/252/1335 1399/263/1338 147/268/147
f 137/250/137 143/249/143 1397/260/1336 1394/259/1333
f 139/245/139 1398/256/1337 1397/258/1336 143/246/143
f 138/241/138 1393/2411/1332 1398/2412/1337 139/242/139
f 138/237/138 136/236/136 1396/252/1335 1393/251/1332
f 131/223/131 129/222/129 1391/2413/1330 1392/2414/1331
f 126/219/126 1389/211/1328 1391/216/1330 129/220/129
f 126/210/126 686/209/686 1390/1172/1329 1389/2415/1328
f 789/1311/789 790/1312/790 1437/1333/1376 1436/1334/1375
f 806/1336/806 802/1327/802 1433/1326/1372 1438/1337/1377
f 789/1311/789 1436/1334/1375 1438/1337/1377 788/1310/788
f 803/1330/803 805/1338/805 1437/1333/1376 1435/1331/1374
f 799/1322/799 804/2416/804 1434/2417/1373 1432/1323/1371
f 792/1314/792 1434/1328/1373 1435/1331/1374 791/1313/791
f 785/1309/785 1433/1326/1372 1423/394/1362 787/374/787
f 796/1316/796 793/1315/793 1430/1319/1369 1431/1324/1370
f 796/1316/796 1431/1324/1370 1432/1332/1371 795/1317/795
f 794/382/794 1419/385/1358 1430/1319/1369 793/1315/793
f 218/377/218 1427/402/1366 1428/401/1367 219/378/219
f 232/404/232 1429/403/1368 1424/393/1363 228/396/228
f 218/377/218 217/376/217 1429/403/1368 1427/402/1366
f 229/399/229 1426/398/1365 1428/401/1367 231/406/231
f 226/391/226 1422/390/1361 1425/397/1364 230/400/230
f 221/380/221 220/379/220 1426/398/1365 1425/397/1364
f 216/375/216 787/374/787 1423/394/1362 1424/393/1363
f 224/383/224 1421/389/1360 1420/386/1359 222/381/222
f 224/383/224 223/384/223 1422/390/1361 1421/389/1360
f 794/382/794 222/381/222 1420/386/1359 1419/385/1358
f 709/2399/709 713/2400/713 1468/1231/1407 1467/1230/1406
f 676/1149/676 1468/1228/1407 1464/1200/1403 668/1146/668
f 684/1166/684 685/206/685 1454/274/1393 1466/1226/1405
f 684/1164/684 1466/1222/1405 1467/1225/1406 681/1165/681
f 668/1146/668 1464/1200/1403 1465/1198/1404 672/1145/672
f 672/1145/672 1465/1198/1404 1461/1196/1400 671/1144/671
f 671/1144/671 1461/1196/1400 1463/1193/1402 670/1142/670
f 669/1143/669 670/1142/670 1463/1193/1402 1462/1192/1401
f 669/1140/669 1462/1188/1401 1457/1191/1396 666/1141/666
f 695/2418/695 694/1182/694 1459/1181/1398 1460/1187/1399
f 666/1138/666 1457/1183/1396 1460/1186/1399 667/1139/667
f 649/1110/649 650/1112/650 1459/1181/1398 1458/1177/1397
f 541/983/541 649/1110/649 1458/1177/1397 1456/1175/1395
f 541/983/541 1456/1175/1395 1455/1167/1394 540/980/540
f 540/980/540 1455/1167/1394 1440/208/1379 548/12/548
f 149/271/149 1452/270/1391 1453/275/1392 152/276/152
f 120/196/120 113/193/113 1449/247/1388 1453/275/1392
f 127/205/127 1451/269/1390 1454/274/1393 685/206/685
f 127/205/127 125/202/125 1452/270/1391 1451/269/1390
f 113/193/113 117/192/117 1450/248/1389 1449/247/1388
f 117/191/117 116/190/116 1446/244/1385 1450/243/1389
f 116/189/116 115/188/115 1448/240/1387 1446/239/1385
f 114/186/114 1447/235/1386 1448/238/1387 115/187/115
f 114/186/114 111/185/111 1442/231/1381 1447/235/1386
f 135/233/135 1445/232/1384 1444/230/1383 134/229/134
f 111/185/111 112/184/112 1445/232/1384 1442/231/1381
f 94/147/94 1443/227/1382 1444/230/1383 95/148/95
f 2/144/2 1441/221/1380 1443/224/1382 94/145/94
f 2/2/2 1/1/1 1439/218/1378 1441/217/1380
f 1/11/1 548/12/548 1440/208/1379 1439/207/1378
f 602/1047/602 604/86/604 1484/81/1423 1498/1043/1437
f 600/1049/600 602/1047/602 1498/1043/1437 1497/1041/1436
f 598/1057/598 600/1049/600 1497/1041/1436 1496/1039/1435
f 596/1056/596 598/1057/598 1496/1039/1435 1495/1037/1434
f 594/1054/594 596/1056/596 1495/1037/1434 1494/1035/1433
f 592/1052/592 594/1054/594 1494/1035/1433 1493/1033/1432
f 590/1046/590 592/1052/592 1493/1033/1432 1491/1031/1430
f 585/1028/585 590/1046/590 1491/1031/1430 1492/1029/1431
f 573/1026/573 585/1028/585 1492/1029/1431 1490/1008/1429
f 571/1024/571 573/1026/573 1490/1008/1429 1489/1006/1428
f 569/1016/569 571/1024/571 1489/1006/1428 1488/1004/1427
f 567/1011/567 569/1016/569 1488/1004/1427 1487/1002/1426
f 564/1001/564 567/1011/567 1487/1002/1426 1486/996/1425
f 553/989/553 564/1001/564 1486/996/1425 1485/990/1424
f 552/18/552 1469/19/1408 1485/990/1424 551/998/551
f 54/85/54 1483/79/1422 1484/81/1423 604/86/604
f 52/90/52 1482/77/1421 1483/79/1422 54/85/54
f 50/97/50 1481/75/1420 1482/77/1421 52/90/52
f 48/95/48 1480/73/1419 1481/75/1420 50/97/50
f 46/93/46 1479/71/1418 1480/73/1419 48/95/48
f 44/91/44 1478/69/1417 1479/71/1418 46/93/46
f 42/82/42 1476/67/1415 1478/69/1417 44/91/44
f 37/62/37 1477/65/1416 1476/67/1415 42/82/42
f 25/60/25 1475/44/1414 1477/65/1416 37/62/37
f 23/58/23 1474/42/1413 1475/44/1414 25/60/25
f 21/50/21 1473/40/1412 1474/42/1413 23/58/23
f 19/45/19 1472/38/1411 1473/40/1412 21/50/21
f 16/36/16 1471/33/1410 1472/38/1411 19/45/19
f 9/21/9 1470/20/1409 1471/33/1410 16/36/16
f 552/18/552 8/17/8 1470/20/1409 1469/19/1408
