# Blender 5.1.2
# www.blender.org
o Eroded_Canyon_Terrain
v 608.734680 241.622559 201.551956
v 471.552399 239.840836 210.346634
v 734.983582 253.511124 325.496704
v 679.951050 242.946167 177.451324
v 558.537842 213.240341 99.601501
v 610.057678 226.106735 100.758377
v 578.206238 213.044434 86.382996
v 575.802795 176.528702 61.611599
v 561.779053 153.063599 26.942505
v 543.328064 161.077301 61.299011
v 541.960083 135.069946 0.311078
v 539.441650 200.430084 90.221436
v 529.180115 185.871246 87.746643
v 527.498840 163.984924 76.240662
v 525.729248 202.331833 105.665184
v 562.147583 173.082382 70.458565
v 552.483643 190.057373 75.542236
v 550.479553 226.913284 147.809265
v 502.882507 229.614868 152.294006
v 638.869019 248.012146 309.851868
v 508.141571 244.053970 348.939392
v 540.433411 244.669006 406.634094
v 525.504456 245.176193 469.923798
v 513.409363 229.610748 518.419128
v 877.333435 245.409988 50.020546
v 802.291870 244.294754 37.280155
v 758.205322 218.831390 -25.591125
v 951.936646 246.297302 85.058853
v 972.915771 235.962830 15.870737
v 794.861511 223.181900 -43.514450
v 678.692993 206.361740 42.077568
v 674.639709 226.589783 69.596115
v 701.749939 241.090485 76.642029
v 703.822998 230.497665 43.903450
v 667.412659 189.589935 20.510416
v 648.236511 169.893402 2.796574
v 655.532959 232.043365 77.009132
v 720.525146 206.931885 11.206635
v 745.019348 230.760956 14.201861
v 694.869141 200.055740 21.897894
v 693.285095 188.416077 -3.956446
v 709.395630 185.147385 -12.158707
v 668.050171 173.618118 -2.447085
v 589.848083 153.225235 19.992451
v 594.190735 171.057816 34.685749
v 621.907959 166.877396 24.215731
v 599.420898 189.862198 46.028103
v 607.217407 186.657806 45.683346
v 644.395142 182.286987 18.309345
v 625.639587 145.058472 -7.080635
v 624.236328 151.496475 11.936879
v 584.190369 130.103973 -5.999196
v 575.826599 166.543762 29.605309
v 613.484070 214.535583 66.680283
v 631.472290 186.121521 25.275942
v 643.205811 214.742691 47.737938
v 619.229248 202.969086 46.415318
v 330.365295 177.352386 111.716652
v 319.573181 182.468307 117.693810
v 322.473328 169.214279 98.165588
v 281.752289 170.924362 101.860435
v 321.163086 175.443497 133.659302
v 357.593140 188.538361 115.401726
v 352.356842 193.807404 128.437027
v 356.830872 178.665894 96.607681
v 333.658325 188.593445 140.506241
v 373.712708 192.388351 110.129379
v 367.151184 186.914291 119.118118
v 379.666565 213.877426 143.201355
v 369.323639 202.632492 139.670059
v 389.695282 208.914734 136.384766
v 385.674347 201.295776 124.746109
v 321.963654 155.338486 45.173622
v 278.558594 158.487488 45.036297
v 270.743652 139.443558 27.907852
v 293.064606 145.640137 24.753689
v 241.572388 137.691147 27.480938
v 310.834076 176.140396 186.902252
v 288.625732 172.441879 205.656448
v 301.755188 174.098801 154.507660
v 264.778564 178.547134 271.385651
v 252.976440 173.224167 284.817596
v 323.514221 189.532379 166.295486
v 358.633179 214.602219 178.601669
v 341.910248 195.746338 175.742523
v 364.251160 204.644821 146.138626
v 371.185608 216.533325 164.482971
v 396.856201 170.395981 66.954659
v 426.625153 157.722122 18.972847
v 362.295807 155.416260 -19.325111
v 394.150024 175.922379 99.202126
v 431.291473 178.407654 107.081535
v 409.872894 191.907059 111.855339
v 383.600159 183.571533 100.673019
v 400.045868 196.928070 120.398254
v 419.108368 183.875549 110.058884
v 431.723663 167.517792 65.825165
v 468.458038 159.636108 30.279991
v 504.864960 140.111465 11.362580
v 436.773315 143.741318 1.201622
v 339.886597 152.012741 -1.165740
v 341.363220 161.918915 25.271791
v 292.412659 133.792740 -16.214039
v 363.017242 176.731476 79.847137
v 368.575500 187.536545 91.589561
v 376.646332 174.602631 90.347267
v 149.720276 117.706474 42.052391
v 161.687973 146.536118 62.235466
v 168.519333 128.187012 41.349697
v 123.381920 120.252213 59.142651
v 179.534637 156.675064 62.747223
v 148.649521 94.296425 9.486692
v 128.583511 100.927490 31.455830
v 155.599670 118.445831 27.128555
v 138.105637 94.554581 12.384175
v 132.167831 78.175781 9.167002
v 141.625580 107.788895 41.935146
v 150.313217 154.406906 92.290146
v 139.504837 140.947372 84.492325
v 126.695015 118.932060 103.834946
v 134.030502 125.497818 126.080589
v 203.934799 123.235023 11.737713
v 219.696213 145.009842 25.142879
v 199.664383 102.781525 -0.317917
v 201.102463 153.911987 40.477745
v 230.361572 123.341858 4.291011
v 206.396103 108.443848 -9.371551
v 178.900085 112.070244 -1.085818
v 182.577545 129.652145 22.314388
v 68.735809 50.374531 35.851387
v 75.249527 56.933102 2.743469
v 66.035522 39.446507 21.084444
v 67.346230 66.265648 59.282970
v 90.897720 68.778046 44.254478
v 104.102882 65.910873 32.685390
v 118.943947 64.657158 -1.578277
v 82.463326 64.100281 23.171587
v 44.155933 15.993333 7.708565
v 48.216579 22.120531 36.982391
v 47.880062 55.585033 59.953735
v 98.792900 102.368797 73.407188
v 118.185486 126.581299 80.769142
v 83.113861 91.278488 93.111877
v 83.983765 72.811485 66.326050
v 110.688080 112.722504 99.280220
v 120.075226 116.521919 119.998871
v 117.403694 107.082298 53.159355
v 119.909615 76.060677 25.211180
v 104.669701 83.499763 55.977928
v 196.017105 162.616974 163.714355
v 221.663193 166.215164 93.447990
v 170.034531 137.600479 144.013077
v 170.068115 145.792847 167.565384
v 189.193008 162.482315 133.799591
v 151.878937 133.704407 124.580208
v 151.981918 136.085144 151.036804
v 213.718124 157.645462 220.089859
v 193.680450 157.998840 62.396904
v 253.197372 151.757080 37.974533
v 187.584167 167.255188 98.354637
v 159.242767 146.706421 122.332489
v 410.069000 204.876144 316.183228
v 449.697876 231.043625 339.359253
v 412.339752 229.338806 272.269958
v 382.032806 222.289734 254.002640
v 385.713623 200.411606 286.786041
v 406.586212 192.799026 350.247620
v 405.358612 189.891922 365.981720
v 389.329193 187.628204 353.830231
v 418.574249 203.481995 371.790802
v 421.688690 214.943954 338.582581
v 324.390381 186.985474 268.606873
v 375.659119 207.553085 266.740356
v 327.838165 189.806549 287.032349
v 298.773834 179.202240 303.462524
v 279.931732 184.630981 274.003418
v 320.225983 183.227585 310.703308
v 323.753815 185.556656 324.702698
v 373.345398 181.696686 338.271240
v 363.813599 185.040070 322.804413
v 348.419312 186.692139 331.791077
v 384.329926 181.987885 387.184052
v 359.113312 191.751083 306.667297
v 471.212677 219.868027 463.178558
v 445.965210 212.607666 442.697968
v 495.588440 237.960114 438.266846
v 475.453400 231.730347 374.566498
v 425.741577 201.518250 405.619324
v 412.901184 192.783356 416.659912
v 491.303467 223.252747 485.349579
v 460.721100 218.451447 377.644836
v 416.017914 194.870682 383.907379
v 462.102661 222.965027 155.279388
v 462.229553 203.473740 120.218414
v 464.002930 240.883286 182.665039
v 430.355194 227.580231 153.167740
v 501.616913 236.225647 196.097595
v 494.623474 168.392883 98.407509
v 513.212830 166.060837 82.874176
v 495.849884 160.561554 68.157074
v 466.833282 172.572815 95.580711
v 514.351318 193.138214 105.531166
v 452.608337 176.302383 103.826790
v 440.717285 202.031891 117.207756
v 464.103760 172.482132 101.731796
v 414.407440 199.240402 118.948082
v 419.174530 199.447495 125.313820
v 497.772461 209.000717 119.687057
v 473.646545 191.995148 114.115852
v 366.517242 206.541901 228.977798
v 381.303558 226.914673 218.792007
v 398.783417 228.630615 200.143509
v 346.844666 191.343307 208.689880
v 348.828613 195.166855 185.369202
v 345.598877 203.121490 221.575867
v 322.688873 188.507645 227.901443
v 298.232330 185.767639 235.936646
v 407.206757 226.389999 158.894058
v 965.307983 259.129028 682.702820
v 797.340515 249.523453 728.265625
v 846.635620 257.622009 773.479492
v 600.841064 250.073654 543.979187
v 641.646362 246.242279 687.476074
v 554.983093 231.751495 548.418274
v 566.704285 244.061279 521.386658
v 755.927551 255.594223 695.381470
v 1047.657959 258.161682 696.689941
v 1047.668945 261.070129 1047.159302
v 908.088501 254.015259 711.782837
v 1047.671997 247.899536 80.106728
v 826.161682 239.457092 -408.835846
v 849.381226 251.090057 -483.539825
v 842.098083 231.460785 -306.960449
v 1047.670288 252.900116 -580.542847
v 661.130859 233.905975 -457.437195
v 634.501221 226.838623 -458.233307
v 673.216675 230.788254 -367.799744
v 782.702698 248.569626 -543.828064
v 600.576843 237.059204 -479.468353
v 613.633789 247.865768 -585.314697
v 580.178528 227.848511 -470.248535
v 906.556824 234.005264 -195.730515
v 993.194275 238.191711 -169.871277
v 1047.665527 251.871246 -314.779846
v 901.674561 227.144608 -128.631653
v 1009.412781 179.395828 -117.128754
v 1000.020264 176.126816 -96.675392
v 965.259033 177.411575 -100.186096
v 983.784485 203.527374 -119.803909
v 980.264648 179.862808 -108.660927
v 1001.622864 175.397552 -82.263977
v 979.476379 178.488556 -71.994217
v 1030.104614 180.806091 -112.710014
v 1035.613770 202.850082 -119.115578
v 1020.134338 203.196671 -127.806038
v 1047.810791 213.393219 -122.401779
v 1026.332397 224.814026 -136.101379
v 1001.437439 203.919937 -126.142220
v 953.154358 204.645279 -116.234352
v 945.763062 179.934738 -98.739288
v 959.733948 202.409149 -111.145348
v 962.416626 224.216858 -127.209534
v 974.913391 223.571609 -125.273521
v 925.606140 229.082657 -135.900803
v 927.738708 203.671036 -113.337891
v 932.654541 224.713974 -123.576752
v 972.798157 202.701706 -114.893570
v 1015.542419 212.700714 -46.586628
v 1028.683716 192.978394 -59.561546
v 1048.069214 189.532166 -61.740715
v 990.254700 187.256073 -63.769260
v 1003.642578 192.591934 -51.109890
v 1047.647705 221.783966 -39.751373
v 1034.374146 174.802521 -88.302460
v 1031.156494 189.219894 -79.970184
v 1047.812866 175.533173 -81.771553
v 1047.807495 180.450821 -99.622826
v 1048.327515 200.566422 -115.503967
v 1005.799133 188.388702 -75.618195
v 1022.779297 174.819748 -85.961281
v 1047.666504 237.201050 -172.893112
v 981.377930 231.378067 -160.672363
v 1001.223938 225.889603 -138.543564
v 837.572998 247.568573 -571.136475
v 644.408630 246.934402 -657.867859
v 1047.669189 257.704163 -1047.669067
v 416.010925 176.713211 -220.265823
v 454.540009 201.874054 -210.278046
v 431.215088 178.516418 -204.271500
v 395.199036 176.673920 -239.605392
v 400.121674 199.899094 -256.747467
v 388.693787 177.357117 -269.197205
v 387.024933 156.259766 -182.927719
v 395.254425 119.564789 -155.383484
v 409.183380 118.643806 -146.134079
v 426.283905 155.844940 -166.270462
v 459.915344 210.882385 -276.220306
v 516.364746 213.351868 -239.400528
v 452.780579 204.565552 -267.724152
v 418.334381 200.755997 -238.335144
v 343.018982 123.004089 -232.894165
v 349.256287 128.133591 -218.940903
v 338.195251 113.224358 -252.927078
v 337.429779 113.710266 -239.632248
v 325.134644 111.168304 -265.288300
v 340.521698 114.322006 -227.055359
v 371.207367 160.669174 -237.387360
v 357.316162 131.652573 -247.403717
v 372.491974 165.746231 -269.707550
v 343.713989 124.432968 -251.572891
v 297.189026 91.990250 -211.443436
v 346.230347 117.091385 -182.295425
v 340.453613 116.184151 -196.644730
v 382.711029 119.546028 -156.930405
v 367.479645 161.562241 -209.855209
v 461.537537 120.550110 -134.076660
v 438.540802 106.337578 -94.536781
v 502.396576 121.720795 -131.196426
v 525.263428 122.552734 -124.940834
v 524.233887 115.191689 -37.515568
v 506.811646 111.565895 -73.384377
v 524.564636 131.721146 -17.962507
v 503.960114 180.087677 -184.229507
v 474.496277 173.995316 -185.433197
v 504.058289 161.394012 -158.152664
v 497.429047 203.603195 -201.198456
v 529.835999 202.792160 -207.096558
v 531.353027 136.685165 -142.339081
v 451.321411 157.960297 -157.493805
v 439.695465 120.386871 -140.498672
v 488.922485 122.043495 -130.068588
v 462.855927 217.230713 -366.110260
v 531.423157 215.528839 -334.196503
v 459.571838 209.970581 -323.291138
v 415.865936 190.810333 -381.365753
v 438.218018 199.735397 -345.051086
v 411.285065 192.731171 -402.074615
v 448.345306 202.071091 -370.083588
v 478.431976 226.795959 -448.511566
v 458.321838 209.899963 -463.395416
v 453.757904 204.545303 -485.428802
v 448.448608 204.144348 -417.981476
v 438.460693 204.667191 -392.762939
v 457.219604 215.969635 -429.773071
v 444.843903 203.589508 -443.215332
v 396.839752 178.521576 -406.947235
v 366.947815 158.034439 -303.348877
v 402.670715 184.995087 -322.932495
v 347.338470 147.642715 -325.361725
v 333.749756 125.228470 -298.733185
v 362.022980 162.782578 -365.340973
v 391.663483 174.639679 -350.102448
v 406.246368 177.155594 -367.950439
v 351.661163 145.292725 -341.371124
v 304.513733 95.063271 -280.058258
v 327.250366 108.053719 -293.868530
v 326.633026 105.868759 -323.153473
v 359.749542 148.721344 -277.217743
v 348.522675 138.523849 -293.381409
v 444.764252 201.054428 -297.253937
v 407.470276 196.856705 -306.804962
v 396.810913 181.109970 -293.217377
v 213.427444 58.114635 -103.288414
v 232.803940 75.462921 -94.429688
v 247.566467 66.361076 -120.595245
v 217.943237 43.148369 -119.985252
v 260.772858 63.168823 -141.147812
v 189.414597 49.217922 -105.298370
v 161.361771 30.502861 -142.943710
v 151.604630 29.796431 -96.892845
v 156.643295 40.936619 -84.182053
v 223.181427 98.583076 -52.709145
v 242.356247 96.136337 -61.362900
v 233.629410 83.750526 -75.033455
v 263.064423 129.844025 -18.002123
v 254.654312 107.387093 -56.412491
v 270.308136 105.762863 -102.201881
v 255.992981 61.033081 -190.856644
v 226.331558 42.006268 -185.218353
v 264.750183 61.007000 -173.336517
v 263.307434 88.577858 -223.722321
v 244.445541 75.878555 -235.506790
v 233.952209 52.020569 -218.956436
v 159.303192 34.478317 -172.885544
v 209.833862 35.219780 -159.457642
v 126.774094 39.688366 -54.341366
v 65.552956 38.256943 -50.346016
v 98.489433 59.791386 -9.737243
v 137.037415 60.275043 -39.916115
v 90.044380 24.928360 -85.223808
v 53.954872 30.763014 -37.876282
v 59.399975 38.098991 -8.408355
v 199.453552 90.432167 -26.219234
v 177.322342 95.088638 -34.331360
v 162.704147 77.680832 -34.560097
v 198.914017 94.814972 -17.079746
v 187.500687 95.364319 -12.445402
v 178.024841 83.960510 -49.484859
v 165.175446 101.579453 -10.904233
v 174.654922 96.948059 -19.674675
v 154.109650 78.817307 -18.187420
v 137.270782 66.133553 -14.086045
v 228.686050 119.603149 -14.486517
v 160.459244 62.355160 -65.535278
v 388.684784 136.103561 -45.105610
v 325.395813 120.522781 -72.060959
v 412.450348 121.400032 -61.952358
v 393.624115 139.586777 -30.320776
v 403.173553 114.371178 -72.324203
v 394.216187 105.504715 -121.173279
v 317.234344 127.056007 -33.888424
v 340.174805 126.123581 -52.853420
v 456.316132 138.797211 -12.208046
v 414.876709 142.539169 -21.367451
v 433.195404 113.567802 -61.838928
v 400.606476 128.901520 -49.699059
v 297.699219 84.754944 -170.988831
v 324.524414 109.755981 -188.918686
v 314.829437 98.804352 -140.553360
v 292.154907 79.267685 -146.122131
v 287.253418 105.712509 -124.913063
v 350.659027 105.079102 -130.016663
v 302.964050 91.970932 -189.022247
v 288.977142 73.915199 -174.591064
v 305.606537 111.055573 -90.495865
v 345.747864 113.177101 -93.648842
v 748.440247 174.704681 -103.942024
v 722.262207 161.829086 -92.722809
v 744.200562 189.240311 -92.164062
v 720.551575 164.581009 -111.524719
v 734.423523 187.282333 -79.652718
v 741.717957 173.471771 -96.989586
v 765.377991 174.872681 -110.696701
v 773.109192 175.564865 -120.548103
v 770.910522 179.841583 -130.425476
v 761.661865 194.425568 -133.337692
v 734.193420 175.311234 -119.883286
v 743.715820 179.763474 -129.330872
v 727.200012 192.604218 -126.813332
v 693.490662 187.200714 -119.316429
v 687.892700 148.256851 -105.205154
v 720.097290 199.192612 -134.519272
v 712.151794 186.790726 -117.647682
v 678.347412 174.426147 -116.929108
v 669.006287 195.008163 -144.818817
v 660.635925 172.750381 -124.474731
v 705.793152 155.243866 -83.845734
v 715.383545 170.769196 -72.819336
v 703.991089 159.892365 -105.664474
v 759.622803 211.552765 -55.594109
v 741.644348 187.954681 -70.683113
v 743.091858 188.172653 -43.126091
v 726.675781 187.817673 -59.433872
v 754.967224 188.661957 -90.175163
v 786.889771 215.869324 -79.605232
v 776.323120 187.734085 -105.145416
v 798.023010 175.054657 -114.848900
v 676.566162 224.464920 -193.511139
v 757.902161 223.477509 -153.384979
v 770.899109 206.654434 -147.217087
v 783.856384 204.367447 -147.961365
v 720.088684 211.664993 -140.585815
v 672.685303 202.142563 -162.716385
v 692.655396 202.090134 -147.183136
v 742.377197 208.606842 -140.643341
v 757.434387 205.178055 -140.031616
v 650.332947 140.198914 -66.472916
v 631.239685 129.540268 -45.137764
v 665.522583 142.209381 -74.859306
v 639.384216 133.296234 -73.964127
v 608.745117 127.529732 -57.119244
v 592.863708 117.951080 -44.209232
v 606.385620 139.474747 -66.551437
v 592.306885 126.551231 -66.817070
v 648.427307 147.811569 -16.911898
v 662.878113 169.378616 -11.037233
v 664.780579 148.618713 -47.666130
v 646.262817 164.471481 -90.924232
v 625.283264 171.564407 -112.889175
v 655.979187 168.108322 -104.416534
v 625.845215 148.686905 -78.420677
v 555.860718 116.307953 -23.494217
v 616.336609 131.913651 -15.317077
v 693.284607 186.883331 -26.700155
v 684.626648 169.919830 -40.021217
v 719.272461 186.763046 -41.934772
v 717.176697 176.587555 -57.490135
v 680.632935 174.622101 -24.977402
v 694.748230 182.468277 -17.566299
v 729.924133 196.431274 -19.376350
v 679.835693 146.708817 -86.524742
v 697.412354 176.782776 -51.930283
v 666.455017 167.565536 -110.165192
v 671.429688 143.067886 -102.204674
v 659.289673 141.757568 -95.473190
v 880.526306 214.581573 -72.573181
v 897.617920 226.451401 -11.861672
v 895.124329 194.921539 -76.500267
v 906.212219 221.927979 -50.524845
v 909.223694 188.345230 -83.958076
v 900.613403 175.075226 -96.843643
v 916.684387 176.389816 -92.825539
v 915.075623 179.072342 -109.155510
v 919.852295 203.936890 -117.293594
v 878.176453 174.726822 -104.776115
v 899.884766 176.275299 -104.173256
v 846.740662 217.062683 -82.821236
v 870.465881 189.596375 -95.478363
v 971.497253 223.011459 -28.295225
v 939.256653 216.735931 -44.888737
v 982.753235 191.151718 -50.126987
v 979.294556 211.230667 -42.180965
v 936.286255 174.463058 -77.669334
v 939.015625 176.842224 -84.847168
v 941.002319 187.795639 -68.053192
v 922.934082 188.442673 -75.228310
v 917.899292 174.864563 -82.561470
v 964.423401 188.957642 -72.083412
v 959.490173 175.244247 -79.878181
v 926.928894 180.255707 -99.042038
v 956.542603 193.022141 -53.972664
v 834.134888 225.601028 -141.292908
v 852.842590 212.718384 -139.034027
v 805.005615 205.085251 -139.944092
v 793.849548 226.190872 -157.290192
v 820.463928 203.520798 -132.665649
v 794.139954 179.972290 -134.215057
v 796.253601 204.156525 -144.991058
v 842.345337 203.353577 -131.758667
v 863.510010 228.085617 -150.482941
v 889.720398 223.661865 -132.409851
v 879.793884 203.578384 -126.875313
v 867.553467 204.232574 -134.586227
v 857.797546 200.175598 -131.704254
v 828.051025 222.729385 -70.253197
v 817.969055 188.682999 -98.664543
v 800.257141 188.294876 -108.518509
v 810.876648 205.871338 -89.229286
v 851.250610 174.751114 -110.140724
v 871.131348 176.908096 -116.376465
v 850.271301 188.406769 -104.377197
v 881.060181 188.081100 -98.645744
v 862.599060 179.342239 -123.684006
v 848.771362 178.728134 -124.095398
v 898.492981 204.391129 -120.910332
v 891.661072 178.258850 -112.586075
v 836.558044 177.215469 -118.318954
v 817.689758 180.103653 -123.357513
v 811.681335 174.845215 -113.162888
v 836.962036 188.309418 -101.916031
v 836.210510 175.198120 -107.831841
v 621.275818 227.850006 -304.090240
v 610.212708 222.565384 -335.965729
v 637.921448 227.734909 -384.444733
v 566.574951 216.492310 -277.021393
v 586.658508 173.462860 -158.182175
v 552.256226 149.129822 -146.386032
v 591.115479 189.743149 -173.492233
v 614.646484 184.442078 -136.880493
v 621.464417 187.518860 -158.022720
v 601.181030 167.794113 -130.835846
v 628.642639 190.373138 -131.146774
v 641.414185 196.255783 -153.245193
v 609.133972 197.790237 -174.112915
v 568.833313 204.519089 -206.727783
v 566.490723 210.038330 -234.245819
v 532.289795 178.757919 -192.359879
v 556.328003 174.567978 -184.598129
v 573.764587 124.940491 -83.689949
v 554.410339 123.706810 -122.809875
v 582.489380 140.759628 -82.619987
v 593.698547 142.740463 -73.081009
v 574.771973 145.083588 -113.036087
v 658.111694 215.816666 -216.115112
v 652.256836 225.156158 -239.066086
v 670.192810 209.524490 -171.458389
v 687.102783 218.837860 -161.826324
v 667.639160 211.742020 -189.487961
v 606.658020 210.214478 -240.670242
v 609.263000 221.574966 -248.652390
v 565.236694 220.008682 -246.349014
v 578.035095 218.953201 -243.264709
v 650.655273 207.531540 -209.194229
v -209.567062 70.411797 630.602478
v -194.320496 55.727211 650.128662
v -207.646255 52.173992 602.033691
v -201.075439 43.021828 581.309021
v -250.084763 78.933578 641.149719
v -215.507080 75.883995 648.276428
v -153.886536 40.434418 639.831177
v -179.425781 49.273468 641.827271
v -154.935715 29.325943 615.044800
v -237.002655 73.203560 589.883545
v -232.935822 59.109333 568.190125
v -247.059998 63.851501 547.892517
v -260.939423 73.210854 641.138428
v -229.480896 78.915939 606.509399
v -222.529465 82.620537 735.333130
v -183.955093 80.806641 750.159058
v -266.561493 80.683624 669.837952
v -251.910355 84.613815 752.424438
v -260.446045 78.191368 762.391296
v -221.703262 82.091896 792.833374
v -254.921677 79.992241 812.907776
v -180.737869 66.333000 683.488281
v -165.181686 51.840252 683.420837
v -180.320572 77.900040 702.893921
v -185.079315 62.909943 663.054688
v -195.449844 76.601906 675.307678
v -150.363663 42.489002 665.213684
v -127.428970 0.298722 579.265015
v -106.568810 13.832369 571.602112
v -74.141685 19.998817 603.361389
v -65.926971 20.486240 565.586487
v -136.543198 10.468935 514.434326
v -101.409973 0.317397 626.245300
v -129.950470 20.142376 638.007019
v -103.674713 0.024309 600.811279
v -48.529373 17.265375 528.246216
v 0.018118 17.997995 511.020355
v -90.819794 16.706337 532.622681
v -185.467346 5.086957 525.245667
v -184.088028 22.941090 571.333008
v -144.814758 1.319425 538.202454
v -218.619598 27.742281 534.093262
v -238.776245 49.753616 543.972107
v -256.117523 40.830826 517.437622
v -145.872910 6.888417 593.155212
v -389.885101 55.290005 570.191406
v -384.537750 54.243237 485.802124
v -379.379517 59.938900 618.656677
v -302.389374 66.742485 512.693359
v -357.893799 63.932652 508.023956
v -466.462860 64.919678 567.394470
v -474.806183 63.911625 578.538879
v -478.416901 89.226791 537.222351
v -488.570984 95.856148 560.645142
v -469.939575 63.779354 533.697754
v -474.336304 88.910194 525.380493
v -512.014221 105.817383 522.264038
v -531.577454 117.049370 509.583008
v -466.451172 63.490685 547.947144
v -485.131195 80.252899 577.959045
v -471.820404 84.774948 555.033142
v -296.731720 74.483841 645.104309
v -335.108765 75.264229 731.280579
v -287.932007 75.312996 692.773376
v -362.995941 66.269424 629.838196
v -275.633026 84.102966 703.387146
v -154.369736 78.408531 827.971863
v -105.140152 72.719833 788.015015
v -116.453049 77.877716 871.841125
v -126.308189 80.140839 937.912476
v -60.757179 52.422085 785.936951
v -76.471176 70.074959 802.670227
v -69.043671 70.922691 828.171570
v -23.513588 44.609566 804.798218
v 10.610183 20.913708 793.139832
v -203.134644 85.934624 797.111267
v -205.144653 95.145187 873.894958
v -241.013550 90.027443 795.855530
v -46.042912 69.412666 941.324707
v -45.669254 71.962746 927.291260
v -62.374924 65.529808 946.112915
v -30.320660 48.960300 946.876526
v -78.228729 76.959961 935.328430
v -64.598679 55.397106 959.203247
v -41.902916 48.101677 959.733765
v -24.285666 41.547676 910.759766
v -18.232067 40.844856 940.983337
v -16.806499 32.132111 917.250366
v -53.553883 70.895142 909.927429
v -91.477173 85.220695 937.876221
v -93.432999 77.671562 945.231445
v -71.484810 82.007240 918.508179
v -74.295090 77.250854 942.079285
v -72.780968 62.945610 965.846008
v -77.459808 68.905197 981.927612
v -35.427528 38.174377 995.901794
v -9.238947 28.334026 995.339355
v -48.834980 41.959450 985.753540
v -6.929446 31.429443 1024.386597
v -17.908184 25.875443 950.547424
v -12.366069 12.156219 960.231262
v 3.674820 17.320595 942.587280
v -28.730341 34.100285 966.908264
v -23.038689 38.538128 860.976013
v -7.506305 25.506397 865.874634
v -32.188549 50.556458 843.644470
v -42.375332 50.075352 883.151611
v -41.773590 50.137146 855.878174
v -51.279572 64.203926 852.833191
v -62.568439 75.382561 861.020691
v -19.197214 28.613276 892.385193
v -16.521223 42.664234 826.518738
v 4.105470 26.480272 851.899658
v -20.110533 35.719845 840.125244
v 0.418125 32.815208 800.614990
v -58.981552 77.649178 886.579102
v -53.017647 0.642833 695.054810
v -63.120888 8.031457 711.547729
v -28.488176 7.218018 693.272583
v -30.493990 11.164839 659.114319
v 18.136541 16.868898 652.322144
v -66.716248 0.837358 649.537781
v -106.354668 19.593651 666.496399
v -90.057411 27.786345 720.344177
v -20.463366 9.479033 756.547913
v -24.988371 -0.517564 725.176392
v 11.604810 13.260176 715.691772
v -48.690914 19.705404 735.296326
v -5.118213 14.806905 765.668518
v -30.607523 25.185163 757.560486
v 5.011207 23.143553 772.774719
v -29.205999 18.307552 604.066040
v 2.281072 28.163660 613.758301
v -1.389233 29.085264 550.278748
v -68.603645 12.555734 629.381409
v -147.962997 54.792999 723.178284
v -164.601624 73.311623 734.617065
v -141.321716 73.182938 751.120117
v -123.931755 50.165661 735.401672
v -124.047043 24.434282 682.394287
v -156.222046 62.099876 708.394592
v -79.204117 54.745235 776.491943
v -65.335396 36.935387 756.967590
v -83.345734 45.410515 742.850647
v -43.331333 33.621918 759.666138
v -113.864937 43.868706 716.920044
v -127.249001 0.319726 317.050262
v -86.736099 17.847334 308.566467
v -99.022682 1.714976 272.397675
v -76.937698 37.950600 332.905823
v -118.198715 0.033508 280.620605
v -135.684921 16.675055 290.089661
v -134.386826 24.149866 276.038818
v -136.836014 9.387584 306.456482
v -127.096336 2.070492 342.212677
v -124.896667 1.334209 363.939697
v -123.794975 0.376129 383.965057
v -53.530651 67.681953 284.836578
v -51.572910 56.158615 272.591858
v -75.531616 12.362297 260.050903
v -71.185547 45.096943 288.985199
v -65.145584 71.934364 298.305054
v -68.027611 61.440159 318.918182
v -41.493809 81.274384 305.473572
v -11.371232 96.450050 267.897369
v -30.856146 85.938469 266.982758
v -37.165737 55.511166 257.225372
v 0.580119 98.141937 256.194611
v -47.248802 47.197418 264.893677
v -39.546574 77.645111 273.722504
v -45.580364 34.495415 251.770432
v -79.420097 14.513181 277.896057
v -126.572990 18.379786 256.632996
v -73.772858 44.431015 310.315857
v -174.783005 55.632996 278.099823
v -207.835831 57.734615 272.291656
v -160.596680 54.449177 263.414581
v -163.526413 51.228016 296.812347
v -139.198181 38.633160 261.669922
v -254.147171 63.702179 273.818146
v -266.376343 83.199936 264.338959
v -162.766785 57.020889 348.711975
v -144.419144 36.662746 327.887543
v -136.806412 14.209554 328.925201
v -143.991776 22.408697 371.880554
v -146.927414 38.606102 354.365448
v -156.541550 44.333008 371.274536
v -143.242935 33.461964 296.499725
v -51.363029 43.657455 437.113647
v -35.009556 49.710831 410.324646
v -66.599632 39.107880 404.856781
v -56.296349 49.054058 392.886108
v -12.784129 69.098686 385.133789
v 5.163272 69.217590 398.909393
v -95.841766 15.081527 420.189240
v -75.129898 18.231234 387.793427
v -92.226761 34.647621 433.374023
v -85.624100 37.020443 418.807343
v -12.011219 41.245258 473.299316
v -24.831844 45.224705 450.926605
v -12.653321 48.464775 421.908844
v -15.008944 51.506607 435.736237
v -32.515152 75.189049 337.932587
v -17.656925 91.480080 321.623352
v -6.480897 91.389885 352.151184
v -14.636829 92.088966 294.319397
v -22.525198 92.323341 312.659576
v -72.248932 30.496655 367.315369
v -70.933990 54.353710 337.330048
v -62.592312 52.166256 361.987091
v -83.425835 22.459597 349.320831
v -43.899998 66.794815 364.753204
v -60.953217 50.300869 374.754120
v -62.402645 34.041889 151.667969
v -57.058720 38.751347 171.258621
v -36.242504 53.164524 153.862671
v -37.284664 56.893421 177.199341
v -23.508366 47.847828 133.293060
v -4.772881 65.607872 142.508270
v -0.451561 62.787800 132.237366
v -44.003437 42.731247 143.092896
v -54.180107 31.387918 114.794823
v -99.128304 9.542527 129.050903
v -95.861717 18.201424 161.616928
v -76.819473 18.450781 128.670410
v -108.679008 0.197381 150.020248
v -122.984848 0.783469 127.608871
v -134.372955 22.306534 125.939041
v -72.011345 24.330559 169.811005
v -16.545458 99.462158 205.062408
v -31.134684 50.881042 212.941025
v -31.536903 71.937912 199.279572
v -29.987715 50.750919 229.077881
v -4.934776 114.545143 196.732498
v -20.882917 86.820374 199.198593
v -44.901516 56.919567 204.698120
v -50.050396 44.687065 205.818237
v -58.615177 50.040089 203.318832
v -36.712723 47.608860 219.983200
v -19.617037 87.202087 235.578949
v -11.602252 110.143097 238.350418
v -20.916567 102.090096 254.628067
v -16.228920 96.140160 220.435349
v -4.313082 129.894745 225.947708
v -13.435745 69.972824 177.465881
v -26.899220 75.722000 160.978363
v 2.384778 79.526878 168.898956
v 3.738131 103.794479 181.534286
v -2.382298 80.079742 157.567001
v -31.425358 70.389793 181.611221
v -47.836002 56.493309 183.363434
v -17.236061 82.349747 186.378311
v -19.633780 29.355839 79.767609
v -25.947159 36.818947 96.971519
v -14.373943 33.042179 67.554062
v -44.058842 16.617579 76.293213
v -73.437721 4.877628 52.427052
v -38.853554 29.997667 89.700310
v -21.060900 47.630898 109.269646
v -9.120547 60.313854 121.448753
v 16.356558 71.156929 105.221527
v -6.536797 52.795528 92.903923
v -20.012495 12.057111 31.224663
v -34.995560 17.040926 56.405132
v -67.079552 11.077012 100.180756
v -120.414352 1.232741 105.863693
v -30.456539 51.467316 115.454971
v -45.074280 45.722965 115.207169
v -153.262497 64.064522 186.594604
v -170.318787 57.772781 220.833557
v -140.758850 48.549675 203.906982
v -189.706924 70.061035 192.261520
v -144.369095 51.767250 231.634369
v -155.676361 50.303764 241.761520
v -131.175827 43.510616 242.022766
v -130.236038 39.834400 216.185776
v -143.380203 40.021996 169.553482
v -161.394455 74.522346 154.631256
v -131.264008 31.005283 180.412445
v -135.056671 19.756104 157.540726
v -132.923798 11.329458 145.663239
v -146.829590 45.323002 148.780838
v -209.604294 65.671127 224.086823
v -229.671890 93.554916 233.227249
v -214.438492 94.650566 209.578629
v -255.890182 92.184158 249.705627
v -229.753860 80.811058 250.668961
v -242.874420 77.715996 260.149841
v -223.162445 64.385262 253.527222
v -66.184792 19.902020 233.418320
v -59.876846 30.903250 251.836456
v -78.954376 28.627573 218.178329
v -60.648922 34.285965 220.249390
v -110.196945 1.224760 254.409546
v -109.315804 1.470748 239.665558
v -37.553543 43.341343 235.197723
v -23.774874 74.660385 233.879791
v -45.887104 31.571066 224.063202
v -108.252533 0.872271 189.660934
v -100.848747 7.458126 169.980637
v -124.557480 33.310932 194.478027
v -76.805443 24.812187 198.266235
v -123.804649 29.167421 233.163147
v -112.802673 0.448939 221.730453
v -105.176163 10.271333 207.899292
v -112.399330 0.638699 207.222046
v -124.005363 23.032320 248.682678
v -307.587891 55.936291 388.183929
v -280.018433 54.193100 426.157745
v -381.478088 62.633446 418.639160
v -363.253265 61.407352 386.454285
v -382.503815 87.852715 403.864929
v -262.422974 65.221550 453.053741
v -327.204468 58.272137 478.271820
v -276.000061 65.599297 497.433289
v -284.418213 61.481285 316.959595
v -262.382935 63.350685 296.619843
v -315.090210 61.387081 331.432800
v -326.686768 78.361786 323.668274
v -283.151794 74.606255 291.989868
v -287.560059 76.086929 304.300415
v -266.912872 70.290924 284.709442
v -276.449585 76.317017 284.283203
v -303.710602 79.342094 319.185059
v -292.618469 71.385757 313.551086
v -341.329620 61.049381 355.284271
v -350.661133 63.269176 374.464325
v -351.343872 77.823799 349.981201
v -365.601562 84.141045 370.623016
v -343.149780 63.830788 339.711823
v -368.560364 81.969139 380.639954
v -429.217621 62.390152 466.499817
v -433.731659 55.068165 503.947327
v -440.669556 77.814774 474.448883
v -452.160248 86.992493 462.012756
v -412.685242 59.596130 443.965393
v -410.127655 62.670704 424.491333
v -417.291840 75.555588 421.653839
v -399.474976 84.770424 411.075104
v -430.759033 75.660545 448.058960
v -463.124207 78.685341 489.273560
v -494.906250 104.266045 501.708710
v -468.090393 85.891434 511.514038
v -457.437592 61.922684 508.487549
v -505.036224 109.422943 506.342438
v -449.477295 61.730873 488.537964
v -269.237091 53.901840 517.759033
v -122.460533 12.380958 450.013824
v -180.461609 0.444395 468.669067
v -206.856506 10.096660 473.407959
v -188.846436 19.199337 453.867493
v -130.207520 22.071732 472.732544
v -154.764633 1.259855 434.310089
v -169.846069 17.311247 435.587524
v -138.183243 1.100490 420.700684
v -128.975891 1.902294 402.739868
v -147.957642 30.150572 396.458862
v -172.088623 1.435716 454.999878
v -165.980453 1.150843 449.786804
v -209.684738 4.873065 498.055481
v -241.629791 31.817987 507.185791
v -229.821762 24.158524 504.457825
v -191.661331 0.578611 485.221222
v -104.148499 27.215136 456.019928
v -120.091530 23.599676 494.865875
v -219.070435 54.360332 380.544800
v -194.889587 60.502850 379.981476
v -170.351440 44.301311 387.834015
v -196.501114 55.965542 407.580292
v -238.070724 43.695374 468.741577
v -234.501160 64.450066 425.657166
v -213.600464 26.444794 461.066376
v -215.332794 46.533638 440.958038
v -256.225800 55.729492 502.580658
v -167.145233 34.573143 410.696228
v -191.500229 46.324883 422.883820
v -219.953156 62.427715 409.015350
v -622.136475 148.191620 832.318054
v -635.841003 162.622711 830.179749
v -636.818359 149.394272 857.623352
v -598.122925 133.164352 856.711365
v -596.519592 132.080688 833.820251
v -633.689087 162.014099 807.767212
v -658.534729 166.789719 791.494995
v -649.949890 170.424850 803.469604
v -651.669617 169.813629 834.453979
v -646.490295 164.217758 853.472168
v -634.442932 163.826492 891.786865
v -663.109985 170.489044 873.053223
v -659.647766 172.411194 934.455933
v -574.052185 117.862030 809.742554
v -555.265991 91.651207 819.795227
v -590.056580 119.375290 793.256714
v -568.261841 108.198364 828.159546
v -567.585144 109.524544 844.569153
v -589.780579 121.545525 827.543701
v -581.089050 122.750282 840.902771
v -555.058350 102.367912 799.412109
v -560.201050 98.502930 792.224365
v -524.191956 90.849121 792.860901
v -545.967407 104.061737 784.759705
v -570.434326 110.865982 785.739563
v -610.274292 144.499557 792.397705
v -610.327637 136.824432 808.429138
v -619.188171 160.356064 786.485291
v -593.055420 132.666992 783.545227
v -639.076050 166.004379 778.729858
v -640.963074 171.174347 773.649902
v -712.745178 219.973495 816.971069
v -696.658691 190.305954 831.234741
v -723.485901 224.715012 815.276917
v -709.622620 211.572083 798.404114
v -696.958374 191.576035 804.681763
v -664.461182 177.912048 777.549561
v -760.395203 243.861420 811.798157
v -722.061401 222.119904 782.075562
v -761.974548 243.456696 773.770874
v -735.323547 229.601181 834.782532
v -696.522888 190.147934 850.706055
v -707.860352 193.621826 864.574585
v -719.392334 212.317383 856.063232
v -672.959534 168.853699 889.582153
v -669.409729 182.001907 814.534424
v -666.045593 170.955399 835.521912
v -675.007996 167.790985 858.375916
v -660.819580 167.578125 811.940613
v -575.861023 117.226982 941.354126
v -578.626099 103.574425 928.696167
v -583.334167 129.816895 952.958435
v -566.620789 86.652847 937.224426
v -556.919739 81.581680 962.260254
v -577.692810 126.452774 971.182190
v -605.173950 133.735306 986.749695
v -589.629395 127.711784 986.529724
v -567.242859 103.516830 959.674011
v -525.420105 69.974655 925.065918
v -541.678955 70.641304 966.118652
v -578.651733 92.818069 915.086121
v -618.783142 139.350693 904.769958
v -619.019409 147.837524 939.423523
v -592.448425 131.780930 941.024231
v -549.304077 80.815178 991.613525
v -565.307861 91.123039 974.730469
v -490.143280 91.503708 975.082214
v -569.900146 95.567650 989.777954
v -575.564697 113.773010 987.666504
v -553.258240 88.315720 1009.741028
v -514.560669 96.156281 1047.284180
v -517.272827 67.372276 950.199402
v -553.716675 88.598747 868.439087
v -553.857239 89.625282 848.341797
v -527.697266 77.003204 847.252563
v -554.278320 81.316505 893.641968
v -566.351562 112.436905 855.021484
v -568.870422 91.113106 877.037170
v -584.709229 124.166435 862.804871
v -510.732208 76.757042 892.616699
v -536.015442 79.815247 814.120728
v -599.396301 125.472313 886.386169
v -604.323364 126.211319 882.443420
v -601.807190 125.063187 905.083130
v -578.249023 85.742500 890.017334
v -598.363647 123.347641 865.814758
v -578.443909 88.145142 903.878052
v -579.724060 105.149475 876.225098
v -587.058777 168.549973 688.337219
v -560.776733 149.670349 677.068787
v -578.106201 165.468262 647.803406
v -599.632874 169.732986 719.509338
v -550.312378 133.191879 666.242432
v -538.345825 111.533577 650.211182
v -552.467896 124.210396 645.917847
v -625.402039 177.739624 677.861023
v -618.246704 183.461716 650.524170
v -657.035767 179.170395 668.757263
v -559.795471 127.376427 726.671143
v -548.181335 107.945992 746.854858
v -529.401855 108.876976 731.864502
v -568.161438 122.271919 735.331421
v -581.442871 149.893600 731.591675
v -525.856445 87.785210 765.948914
v -538.159424 103.419601 764.580505
v -528.942566 94.026474 782.178650
v -523.487549 104.421005 713.947510
v -523.805725 104.704872 675.689819
v -541.957031 122.658539 698.644287
v -532.909729 114.535934 671.881653
v -563.550659 150.364182 707.933289
v -553.244385 134.549408 701.375122
v -543.830872 125.868805 715.022522
v -546.880127 130.871521 595.874329
v -567.812256 149.584412 596.663025
v -555.308899 145.731964 621.714111
v -544.001770 121.595100 621.526550
v -538.364563 111.355659 570.311890
v -522.703796 108.077797 627.325256
v -524.578430 110.120987 601.142700
v -534.990662 108.426010 543.053833
v -554.166748 143.587265 583.726196
v -567.064270 137.110794 563.514954
v -603.262512 176.296097 636.649475
v -624.721802 179.241516 612.484436
v -604.504639 181.493027 611.046448
v -586.839417 165.381882 602.350708
v -609.484253 174.703308 589.904541
v -642.595642 180.918945 636.461182
v -560.856445 146.739288 647.593262
v -574.915222 163.405930 619.637573
v -684.712524 184.956589 729.934937
v -655.461365 181.314178 720.542847
v -689.829712 186.854523 762.411926
v -709.702515 213.997559 723.983154
v -698.617920 187.287903 734.324890
v -647.749512 166.349548 762.790955
v -676.231873 182.905594 700.265991
v -652.559021 184.519363 677.900208
v -678.187744 191.718231 671.059204
v -667.224609 181.845261 658.928650
v -687.591980 186.892624 712.089417
v -701.848022 212.271820 706.915222
v -695.490906 194.904999 701.400208
v -719.919495 217.257309 756.373657
v -729.112000 222.638184 737.625854
v -704.472778 191.192673 770.243896
v -705.343994 189.779861 749.105835
v -714.613953 207.527863 745.656250
v -605.306274 159.432114 765.502563
v -600.018066 155.890930 747.107178
v -565.284241 116.118423 766.114746
v -550.785889 101.349403 772.895325
v -587.185791 134.856659 753.917358
v -636.295105 179.181458 718.986145
v -629.258667 176.790436 696.420227
v -644.198059 173.109360 729.531067
v -622.601440 170.329315 715.731628
v -618.934021 166.743729 727.556763
v -618.629333 169.562363 735.426147
v -807.128113 260.102356 942.252869
v -774.985718 251.977280 987.405273
v -785.146057 249.076340 888.881470
v -786.877808 259.629974 836.677063
v -1047.133423 268.865570 1046.807861
v -670.635071 177.165100 996.179871
v -691.591370 192.209351 980.606079
v -686.884583 191.803513 998.460693
v -654.872131 169.090057 986.777405
v -702.937805 211.966492 984.448364
v -715.524658 207.126434 971.890991
v -720.880432 226.559494 987.561157
v -703.731079 220.095871 1007.618286
v -679.489197 186.034866 1018.728516
v -666.417175 174.525513 1030.957886
v -646.780029 153.459869 999.374512
v -686.996399 176.852722 940.589233
v -674.627197 170.399017 965.755554
v -664.842468 173.205856 968.704773
v -667.079834 168.719818 927.291443
v -695.959839 191.987869 963.976624
v -747.082336 238.499191 1035.489746
v -728.987732 235.529175 1011.878113
v -753.616882 241.107422 1012.016113
v -730.309509 231.087204 1029.283813
v -717.399231 218.234283 1033.121338
v -715.061646 231.049728 1022.416748
v -754.991699 243.767273 1047.145874
v -726.290466 216.620117 1046.902100
v -695.596558 192.683578 1029.979736
v -676.551819 188.046677 1047.189575
v -700.406555 214.354279 1019.811462
v -714.693726 199.054428 1047.240601
v -660.907227 172.384567 1047.126953
v -602.047913 108.306908 1012.160034
v -591.781799 100.607750 1010.917236
v -617.861694 118.316978 1047.280029
v -588.071838 97.877144 1047.019409
v -587.836243 100.434944 999.504517
v -618.069031 135.107285 1003.348877
v -637.356873 144.020187 1029.059448
v -619.392700 122.040199 1032.890381
v -641.218018 143.179993 1047.286011
v -650.608582 154.904861 1035.418457
v -634.754578 149.248672 971.671326
v -616.339905 142.490158 969.021973
v -635.542786 162.549805 949.988037
v -634.498962 140.803650 993.626892
v -739.595337 230.574631 921.192078
v -733.427490 222.050934 882.481445
v -717.641785 201.228226 908.666138
v -726.368835 215.549942 910.983765
v -684.117004 170.873230 907.961365
v -692.942383 188.439102 927.441833
v -703.735046 192.248718 897.518799
v -748.491638 249.838257 980.855469
v -769.120544 241.718277 934.582764
v -701.074097 191.037827 945.101074
v -726.943726 231.165375 949.060791
v -706.580383 196.455627 931.359436
v -712.844116 206.575485 956.517517
v -682.033386 174.540787 922.966064
v -283.633789 88.104248 966.551208
v -329.316010 83.074524 977.387024
v -422.009705 77.602150 901.085938
v -294.895599 95.423546 995.104858
v -269.000305 117.396179 1046.808594
v -276.012543 109.454262 993.440430
v -253.886963 93.977074 956.260132
v -273.345886 96.518089 983.440308
v -261.431610 109.599129 973.813293
v -279.981781 81.346786 844.337952
v -252.520065 86.965866 846.092590
v -261.875549 90.649300 890.585449
v -339.678101 79.352524 888.897644
v -426.749390 97.210136 985.629578
v -403.479492 113.858299 1002.565308
v -426.727692 122.568405 1005.951843
v -446.884460 92.919685 997.715759
v -400.058105 120.268784 1019.570251
v -395.246307 93.475136 990.634033
v -463.274261 93.381645 1013.285645
v -469.800598 101.267914 1029.955688
v -488.956604 93.039436 1019.984192
v -458.821838 122.749214 1033.521606
v -471.114471 124.770317 1047.026733
v -485.134369 105.032051 1046.740845
v -418.586853 123.200523 1047.255493
v -448.340668 123.227852 1020.546143
v -346.656799 96.140175 1038.499268
v -319.527832 97.563896 1018.215149
v -374.174072 98.153221 1031.811035
v -352.665344 107.639297 1046.879150
v -381.028717 122.424583 1047.026123
v -339.815948 110.230568 1047.395264
v -311.118713 113.166588 1024.608032
v -293.339172 118.635689 1046.832764
v -323.720947 114.091316 1047.001587
v -271.202209 119.560249 1036.488403
v -139.570084 85.407715 978.282715
v -172.445297 105.526649 1011.314026
v -148.976410 105.023453 1009.581055
v -165.813263 111.125053 1016.932617
v -120.554695 90.661789 979.936584
v -203.962341 105.977829 986.774170
v -146.417496 85.572136 1023.092285
v -136.804230 63.805027 1030.661255
v -134.709778 78.862640 1012.215942
v -173.481995 98.886749 969.429199
v -220.202087 126.667702 1027.696655
v -199.256592 117.397331 1020.726562
v -244.943115 117.888786 1022.702515
v -197.644974 119.732887 1047.337769
v -243.722214 131.404068 1047.163452
v -163.391113 93.086395 1029.441895
v -181.550980 115.160324 1027.562622
v -171.782516 79.370583 1047.244751
v -185.281570 94.266052 1047.068359
v -150.078766 66.654457 1047.242310
v -159.595062 73.744637 1039.012207
v -74.035370 50.697193 1025.288696
v -82.309990 59.557037 1012.157104
v -58.006527 48.927986 1012.369873
v -63.649204 35.050331 1047.256714
v -106.110733 48.294819 1046.924316
v -105.093330 60.329159 1022.245667
v -50.847279 40.653690 1047.313110
v -19.326525 31.857599 1047.049438
v -32.361420 37.291481 1023.836426
v -110.732681 87.202034 961.735107
v -111.576164 90.154816 985.453247
v -88.676918 84.269196 979.963501
v -119.102623 88.503906 960.287048
v -120.967506 60.422489 1011.208496
v -107.879120 58.730793 1007.373840
v -131.411484 99.132950 995.437195
v -105.130753 72.477997 990.265320
v -246.958084 102.670158 906.479065
v -242.068481 98.395905 834.751465
v -232.248749 91.515648 846.767578
v -247.160431 101.352333 857.289978
v -251.170441 104.423035 892.998291
v -225.041931 103.391907 966.757996
v -218.246750 101.308357 946.034729
v -256.533661 107.648590 987.281616
v -242.145264 105.462296 922.914185
v -242.719208 106.834023 957.116089
v -369.735840 73.609047 742.929443
v -444.561951 57.454441 707.587036
v -408.072937 55.469780 643.260071
v -500.986572 73.948730 762.000977
v -454.342041 61.645397 762.189941
v -499.635620 76.261749 787.387512
v -355.036530 74.518250 793.691895
v -445.436005 60.512650 637.925354
v -478.834778 65.441635 617.696960
v -498.852692 71.486893 642.772888
v -516.678040 100.653282 658.933350
v -505.775574 98.247993 634.062256
v -493.701141 94.994530 595.589355
v -513.633057 107.304405 569.031921
v -487.410004 85.972801 611.590698
v -487.640442 69.393333 705.658142
v -502.652252 71.587120 724.775085
v -513.047302 82.240952 720.990601
v -511.138611 84.864052 686.646423
v -518.974060 103.320908 683.297058
v -518.594055 84.521027 744.018066
v -499.321594 68.524338 662.708923
v -471.758270 76.889633 919.263306
v -464.429108 63.854691 816.684082
v -497.366058 66.411102 901.230957
v -506.904083 79.895584 835.495911
v -518.326477 77.370934 807.998108
v -481.335571 88.161682 939.356323
v -423.042480 70.271118 812.840759
v 388.052216 173.041779 832.663452
v 443.504028 186.334320 867.946838
v 455.413452 187.859207 854.093811
v 410.806427 171.886261 805.125061
v 476.572388 167.283554 804.463562
v 464.641083 157.511871 794.837830
v 472.723724 187.719391 830.768250
v 486.585419 146.630310 798.808533
v 505.826599 135.094284 786.727234
v 515.454163 151.224869 777.827515
v 476.796387 121.846085 773.493347
v 461.484314 146.892120 783.562012
v 442.255646 161.362442 790.538086
v 450.909668 147.325470 783.563477
v 455.680786 156.912323 799.109558
v 415.490753 155.081833 786.307007
v 445.810303 175.153595 822.623596
v 456.352539 171.459213 820.136902
v 340.699921 133.924255 809.061646
v 343.765106 143.602112 831.345886
v 322.660431 119.149689 775.408142
v 323.986237 130.538193 841.514954
v 339.738281 142.814896 856.380920
v 377.257050 148.158554 777.603516
v 301.890900 120.322014 815.457825
v 266.140076 107.994759 776.445557
v 269.886841 104.469978 803.972961
v 361.162567 166.026260 865.317444
v 353.688202 174.355103 893.514832
v 439.920471 215.638580 948.281738
v 472.939514 227.289261 970.469360
v 496.046204 215.101013 880.502441
v 442.521851 203.485657 924.379761
v 430.131012 197.650269 909.204102
v 427.568329 203.468216 952.273560
v 413.400574 191.996780 926.781738
v 418.849640 184.797775 895.209167
v 481.871185 227.453857 1047.178345
v 500.550690 215.747391 858.242554
v 522.006653 217.874420 858.697510
v 500.848145 195.818588 851.538574
v 510.506897 149.173828 815.660828
v 506.884369 185.207947 840.937561
v 530.225708 178.751282 837.212158
v 518.114258 142.167633 807.395020
v 481.661438 204.894241 854.768188
v 461.405701 202.830383 880.405579
v 489.219635 166.441071 695.776428
v 466.675842 150.888626 684.647583
v 467.566498 159.753906 657.720154
v 470.854279 146.201462 702.403625
v 466.574554 141.790512 714.487549
v 443.624207 121.454163 707.558655
v 488.761292 175.363007 662.246521
v 501.403595 180.768814 654.941956
v 516.637634 194.664551 655.703552
v 442.856079 147.425476 669.631653
v 432.360413 107.800987 693.689148
v 409.082092 104.915977 669.743103
v 393.622833 103.507469 653.977417
v 499.640900 162.615891 716.638428
v 484.651825 130.626801 747.103333
v 517.652161 181.351059 733.801270
v 480.196503 139.963516 719.424316
v 509.756805 148.082687 756.839600
v 500.223816 144.533066 751.647827
v 518.138855 190.486496 684.015137
v 506.345337 183.442429 714.153503
v 509.075592 203.554550 600.128906
v 502.824341 202.883896 581.693420
v 480.556854 189.437805 594.731140
v 523.806641 222.834213 588.277100
v 507.316864 220.077606 574.193787
v 483.940826 201.764938 560.191284
v 447.729126 152.428558 641.661865
v 446.417511 166.342346 610.945129
v 472.100952 172.233383 630.118958
v 431.624847 147.335938 648.798584
v 403.129608 117.188721 641.272644
v 376.741913 109.201248 726.451111
v 391.102234 89.481812 717.083435
v 327.248108 117.840118 727.316162
v 352.767120 124.222046 739.752258
v 382.184937 134.151794 760.958130
v 369.005951 140.499252 761.659241
v 396.354584 140.948257 772.801270
v 394.303223 120.878136 745.443909
v 384.946350 85.327148 698.241333
v 368.840424 88.757523 693.594299
v 381.646118 99.393532 709.773865
v 371.229492 81.189491 670.555359
v 353.093964 91.055824 706.659241
v 445.927216 99.764191 751.146851
v 440.258698 126.900406 766.973267
v 434.316956 122.625092 757.493530
v 462.162170 114.094017 768.906006
v 450.065125 111.135719 736.771729
v 432.766022 98.971313 744.687622
v 428.247803 150.258881 776.292664
v 501.070984 132.996185 771.098999
v 473.405182 127.656654 756.747925
v 469.825287 127.092468 733.943054
v 415.650269 89.552254 693.281616
v 426.173523 96.071838 721.405029
v 408.611206 92.276482 722.296204
v 441.486542 117.040077 724.818970
v 407.774902 110.006210 745.142700
v 395.818878 105.134827 731.437378
v 407.416260 128.318420 755.128967
v 180.036926 55.325459 948.958496
v 243.661484 84.503441 946.095093
v 222.419479 78.616264 908.568115
v 159.710312 59.978233 928.287476
v 269.372833 87.508545 965.846252
v 244.078003 101.485695 869.198059
v 230.318451 90.203865 871.967407
v 272.896454 97.890770 844.913269
v 223.733490 95.284492 851.833557
v 256.527679 94.093071 883.919495
v 264.328522 89.478439 894.551147
v 244.431015 102.298088 826.973389
v 219.305313 98.923798 828.595520
v 186.819809 77.556244 868.297363
v 75.590111 16.503769 962.203552
v 79.324989 8.149118 1047.119263
v 53.504314 12.626437 972.994629
v 114.257057 23.073666 1047.296509
v 116.457436 34.340492 920.161133
v 118.447182 33.850758 905.258423
v 38.824741 -1.297884 1009.242737
v 59.144527 11.220976 1009.562988
v 32.715851 5.248934 1047.212769
v 208.317856 36.909336 1047.082031
v 153.971512 34.308872 978.578857
v 203.952133 58.243290 1002.502808
v 237.724762 60.508968 1025.202148
v 369.043549 163.323257 991.449951
v 353.978882 144.570190 993.474792
v 378.509796 175.475174 1002.388977
v 366.037354 151.863953 1013.023132
v 390.786652 184.621490 979.179871
v 372.524170 174.234604 980.607605
v 353.473724 151.014313 977.257080
v 335.791992 118.873817 990.464600
v 349.934265 125.479164 1005.045166
v 381.058807 172.716354 1028.389404
v 400.669037 183.895172 1023.033691
v 395.203949 184.695984 1003.020996
v 394.280121 185.075287 955.209534
v 367.197693 165.937164 960.008484
v 372.108795 177.009735 946.263123
v 356.041504 147.620377 956.923035
v 343.551666 130.212433 974.780701
v 313.089386 87.763161 1018.852539
v 323.993591 103.568863 1025.767090
v 306.127045 84.647430 1005.600220
v 312.471252 100.518845 993.775024
v 318.622833 89.753288 1047.043701
v 343.720154 117.295395 1024.423340
v 359.524414 133.519577 1022.549377
v 360.170410 128.524353 1047.210815
v 378.427551 171.526993 1047.197632
v 365.222076 140.170944 1036.424194
v 430.900787 215.849792 1047.203491
v 421.432892 213.309570 1006.053650
v 412.897797 201.360352 1029.611694
v 425.899780 202.211273 1046.965942
v 423.143982 215.417908 1034.369751
v 415.038635 189.953918 1047.276611
v 409.576691 200.898331 966.340271
v 404.861908 200.972565 1009.303894
v 397.241638 198.520554 987.644165
v 324.016571 121.323349 898.666504
v 296.458679 105.787010 887.441528
v 333.344635 134.822388 882.281494
v 324.575348 120.247925 856.886169
v 287.308289 103.593506 903.401062
v 273.547699 93.681198 904.745483
v 290.988556 103.338066 918.250427
v 362.364929 176.515167 906.477112
v 337.964447 139.145309 907.382019
v 351.873383 157.555969 919.454651
v 340.550873 151.810776 890.037109
v 278.109680 104.477722 830.923828
v 268.249054 91.991264 879.054626
v 275.471466 94.419800 866.719971
v 294.716583 89.921227 968.366028
v 283.037292 93.374718 966.660889
v 290.416443 92.978683 960.237000
v 294.626160 93.565048 943.551514
v 312.198944 97.776070 942.966980
v 285.020203 95.158859 942.537415
v 270.823853 91.136032 926.399353
v 338.990051 120.014709 949.056946
v 348.235229 131.490021 938.233887
v 346.673981 137.417755 928.671753
v 336.299286 128.020935 916.940857
v 328.011108 117.222229 962.365723
v 304.884766 98.134621 922.867676
v 785.709290 257.402985 940.728882
v 652.583557 238.787048 857.567749
v 721.556458 253.961960 787.232178
v 623.249084 241.354767 965.800720
v 708.836792 254.312241 1047.150635
v 598.666077 228.784897 1047.169434
v 649.064575 237.006485 744.586670
v 600.371948 227.762054 707.800415
v 620.088989 233.794952 755.389343
v 595.239563 224.491791 744.256287
v 637.032654 241.645981 758.208679
v 644.870300 232.481262 767.426025
v 656.250488 234.306137 780.354187
v 655.500000 240.516418 788.320557
v 579.358398 211.892914 731.441467
v 582.946899 206.669586 772.448425
v 556.202881 197.672638 772.736633
v 531.386475 173.510757 774.637207
v 540.803772 183.503525 784.020752
v 571.871704 204.871414 789.210449
v 623.506897 223.516342 766.148682
v 593.102356 211.632477 787.939758
v 596.957092 223.341583 770.719360
v 691.385193 242.254791 769.125732
v 669.998657 239.388550 763.714355
v 582.393127 245.836838 635.218506
v 552.200256 230.150574 624.261292
v 556.505859 224.259460 643.715881
v 534.445496 211.767853 646.194885
v 524.272522 206.616470 625.095459
v 551.365479 213.208221 681.552368
v 551.444336 198.646622 732.474915
v 582.795410 218.057877 705.657715
v 529.767029 201.935059 649.681702
v 535.156921 187.492523 733.771851
v 566.808105 228.435898 895.136475
v 623.391724 229.373718 890.219421
v 594.228516 228.866089 828.355042
v 557.197937 202.590286 836.030273
v 540.723938 188.828873 834.506592
v 550.889160 180.813538 823.057251
v 521.159302 202.704453 852.208374
v 543.654114 208.979385 849.711975
v 547.084351 221.674469 852.306641
v 565.468506 228.470383 842.536987
v 569.114868 218.264114 831.260193
v 533.676819 169.572205 798.106140
v 534.112549 168.656708 818.465393
v 540.230957 172.666611 825.945618
v 597.646057 223.598541 815.006287
v 614.384521 238.496964 824.667419
v 630.808777 234.674347 807.117493
v 565.999756 200.318680 800.476013
v 552.964844 178.345734 802.551392
v 567.181030 201.512329 812.075195
v 577.454163 216.954636 813.345886
v 211.851944 86.284492 407.280548
v 198.771927 79.765602 437.797882
v 249.351440 93.949905 412.376129
v 224.276779 101.383202 390.192200
v 243.001053 102.487419 398.421600
v 256.069397 132.056839 386.976715
v 165.276840 74.109535 416.570465
v 155.159119 80.835762 394.309875
v 129.021942 91.769386 392.517578
v 187.679901 77.921181 455.897827
v 266.657745 98.928421 457.320312
v 234.432846 77.935364 472.555450
v 228.819321 83.952438 452.456726
v 253.125031 77.633163 499.851929
v 234.035202 70.536583 490.420593
v 246.351608 40.339237 525.974365
v 275.685242 94.481155 498.465210
v 248.940308 92.166275 434.505859
v 213.573105 151.288025 332.018524
v 225.447876 133.750427 369.644745
v 245.672745 161.239990 305.006348
v 249.274506 158.232422 303.006592
v 236.109207 159.070831 298.325439
v 212.770050 157.161499 298.683929
v 199.027618 127.827934 362.534698
v 192.302109 104.098419 376.431915
v 168.989227 96.254700 382.160187
v 157.118439 115.926147 369.352325
v 182.230057 83.028961 395.518494
v 216.430557 115.956673 376.497040
v 120.538696 73.424400 460.686951
v 100.265007 54.579910 480.046814
v 57.652721 62.961746 464.066010
v 108.264648 36.344189 502.046082
v 133.510742 27.719292 513.316406
v 124.727478 60.764668 483.318665
v 117.657425 69.549477 428.740875
v 115.476067 74.252937 437.792358
v 117.932091 84.983093 408.380890
v 85.897125 64.383705 442.689362
v 69.159988 51.928383 478.879059
v 57.357487 20.949545 534.804504
v 19.618990 30.141796 488.065094
v 80.758148 35.392059 509.252777
v 152.588486 41.403046 503.448364
v 168.245514 67.965584 478.148743
v 192.646698 61.822727 499.468109
v 194.156754 27.915298 526.921875
v 176.565948 33.046989 510.949005
v 218.909515 67.271690 495.514038
v 211.088730 37.572010 515.136780
v 358.923370 143.810532 464.036865
v 389.615479 162.255692 480.701721
v 356.936401 128.460861 489.850250
v 404.326355 182.438080 463.921844
v 383.107758 139.881104 501.063660
v 386.959015 132.802994 523.950195
v 373.683441 166.865326 431.024292
v 363.940674 152.251923 451.600433
v 392.369629 185.751755 426.699036
v 341.575134 134.047180 446.652344
v 307.569061 108.960854 500.502472
v 329.154602 121.183357 500.653351
v 327.171234 103.289452 517.683777
v 287.087494 86.590500 511.771149
v 269.619049 49.475246 523.950500
v 302.951508 87.052338 519.022400
v 365.029999 123.380173 509.023682
v 339.975159 101.877075 520.614685
v 450.156158 196.240799 507.846283
v 468.327728 201.514679 492.605896
v 444.618561 182.248856 531.035278
v 482.801453 206.425079 510.771484
v 435.435822 196.884659 463.062469
v 316.270508 167.781326 362.025726
v 319.874237 153.332794 393.904144
v 318.877167 175.934387 338.249725
v 337.535156 178.250214 343.047363
v 304.177307 174.469131 348.444183
v 299.760376 152.859665 378.161591
v 360.348511 173.836578 381.689301
v 285.196136 166.627457 308.281036
v 289.057556 171.015915 323.311188
v 270.702087 164.547501 305.045929
v 302.103180 171.194061 312.883331
v 275.545288 174.889755 299.100800
v 279.578522 147.599411 360.488434
v 286.886292 105.089951 443.028564
v 317.609558 130.396286 434.945892
v 310.907532 121.108788 450.194031
v 281.325287 108.323967 424.725830
v 276.649048 96.857643 477.787323
v 303.062469 117.014145 478.484344
v 326.324738 136.841537 411.811829
v 293.408966 127.841087 409.359070
v 298.869476 146.353806 397.528656
v 278.782379 136.711868 398.639832
v 111.101601 150.845535 227.132111
v 95.522141 157.547806 237.064575
v 95.856483 142.252014 194.814178
v 56.116371 142.511215 189.106262
v 134.257111 124.771248 176.922791
v 103.259178 120.144012 162.196747
v 127.594170 117.294342 158.359879
v 105.929756 131.146790 170.069168
v 138.210999 126.622200 142.649277
v 50.796856 132.856354 175.326385
v 50.953995 138.113220 237.203812
v 56.029446 149.789032 217.380463
v 30.455458 130.748230 231.471313
v 66.366791 143.763458 246.506882
v 31.870663 113.754593 244.277328
v 54.755169 122.590958 268.224518
v 86.514389 150.331146 269.694000
v 72.652229 144.971756 264.009186
v 146.594208 161.966919 266.833801
v 176.505157 158.736389 180.719833
v 151.478485 139.170868 179.691010
v 132.278091 143.760757 199.112045
v 145.976990 126.224136 162.312866
v 58.208290 74.182220 88.874428
v 44.613949 84.747391 111.409691
v 60.822075 97.962006 112.085777
v 80.589180 107.817490 129.977570
v 24.477942 74.586838 137.861084
v 42.404465 95.736847 140.929169
v 86.011612 108.709549 141.564819
v 78.755875 75.906815 85.675362
v 23.947668 20.694241 41.257053
v 11.004422 29.442125 55.748619
v 11.433109 45.576084 63.853378
v 26.831686 139.601166 202.952209
v 22.349194 119.971146 178.853409
v 35.726570 105.251930 163.994186
v 7.222369 131.596725 203.445724
v 16.082836 81.782417 154.402451
v 12.571554 96.506172 170.224426
v 9.163116 144.272125 213.171036
v 10.906866 105.514137 246.496140
v 32.596775 142.561035 217.210037
v 82.745453 118.619072 160.836868
v 71.350487 109.364479 140.486435
v 66.106743 104.801086 148.460236
v 104.368286 109.733749 142.750015
v 106.719490 113.867577 130.414001
v 50.571804 108.364456 153.902634
v 55.267559 99.493706 361.516571
v 66.014366 95.025139 387.229675
v 82.860428 113.670555 344.637024
v 40.573982 84.749161 379.575409
v 84.788254 96.801720 388.829010
v 78.337189 104.452400 369.848297
v 104.844116 92.345428 388.078003
v 114.686234 115.636848 360.209137
v 57.809093 118.722702 309.250153
v 35.859852 102.203888 342.292755
v 25.356426 107.209869 295.287048
v 8.817080 97.055580 333.066132
v 22.528294 49.171131 451.750336
v 29.026691 61.931519 442.145630
v 32.346191 52.675098 461.347382
v 37.355186 63.859341 412.301727
v 68.185059 61.658138 418.778656
v 69.925797 82.604813 402.103333
v 97.560257 69.690613 418.328094
v 67.797462 68.353706 435.647461
v 167.546310 152.638199 318.251740
v 147.649506 145.764496 307.475433
v 155.750290 137.431519 330.941010
v 168.525879 152.396179 303.795380
v 124.008560 156.855667 283.567535
v 130.155975 141.476974 295.245728
v 144.332077 104.296532 369.598877
v 148.727951 130.030518 345.935577
v 130.515549 116.571930 351.311005
v 209.868362 166.926636 290.656799
v 157.882492 161.722397 293.856812
v 80.984718 127.683449 299.354034
v 74.137924 127.109459 293.057465
v 98.477081 152.666351 282.072479
v 103.166183 117.342224 339.157379
v 106.752892 132.358170 292.454681
v 100.093315 131.171341 307.278931
v 119.553169 60.618164 737.961426
v 75.347313 21.154957 741.435913
v 69.150322 33.048233 701.076355
v 132.746506 57.487553 757.079956
v 100.627899 29.548639 775.143738
v 155.831619 68.277245 735.884827
v 98.553055 48.494114 693.573425
v 137.226456 71.849396 696.259644
v 113.328323 57.996246 666.342041
v 47.293106 0.507506 770.092896
v 28.524658 11.061133 780.258423
v 195.642441 88.310448 779.851074
v 199.270554 79.915192 741.051941
v 211.477554 102.034637 789.704895
v 214.587662 96.908012 765.200134
v 209.099823 88.164619 763.143921
v 228.263718 102.017509 749.907959
v 196.275116 80.548882 722.056824
v 55.658848 39.195351 617.378113
v 75.333969 33.464390 657.657959
v 31.234774 35.809376 599.375732
v 88.726944 48.437618 643.751221
v 82.500183 33.352299 615.136108
v 9.315836 0.367105 744.506653
v 106.616501 53.465450 652.224304
v 21.965155 12.263088 886.224426
v 62.193043 -0.015537 889.029663
v 66.077805 0.517167 911.562134
v 50.570309 1.361269 860.645630
v 7.242971 12.165081 898.589661
v 71.001770 11.989045 886.892395
v 71.619408 14.026690 915.561523
v 28.998739 17.941751 853.834351
v 29.970705 14.351470 824.195129
v 9.236035 25.462307 810.790283
v 37.130512 0.465332 949.925354
v 18.728685 13.494704 923.335999
v 50.873707 0.292221 927.392029
v 138.870026 57.437405 882.466614
v 143.450409 58.117821 813.641296
v 207.873474 88.302277 828.141724
v 201.164474 85.549278 803.597900
v 221.091354 95.293449 804.311462
v 77.304565 10.682312 811.627747
v 102.157707 31.942724 812.801697
v 71.217186 0.258301 812.200806
v 62.411880 1.170664 836.107361
v 34.235336 17.170097 802.106384
v 103.021332 32.767246 872.440857
v 110.187904 34.241638 841.242065
v 308.369507 55.003567 607.869690
v 325.148560 68.749146 656.325439
v 283.042145 64.682076 652.583130
v 357.020050 74.443306 613.536194
v 294.480072 50.051056 579.885864
v 292.819855 45.398041 561.766418
v 266.430969 41.131199 549.088867
v 308.789764 81.463768 707.274902
v 267.259216 79.004707 694.960510
v 299.787445 108.493652 723.430725
v 293.862762 78.600945 704.262878
v 273.211578 104.330582 713.474426
v 255.240128 76.773796 669.102356
v 336.435791 78.736687 694.053345
v 418.873383 140.869125 579.189819
v 407.341400 129.468857 564.822998
v 439.558777 170.706467 564.588989
v 444.139069 164.571518 592.587463
v 398.788666 129.986832 543.375671
v 399.178833 117.412964 601.965027
v 409.690674 120.433739 628.078308
v 423.418976 137.917328 616.300354
v 434.502258 149.377731 596.688904
v 467.437225 196.699951 537.041199
v 464.688538 185.659927 568.003784
v 494.326202 216.186584 554.560913
v 484.756805 202.329514 536.351135
v 421.075500 166.646622 542.888672
v 356.193604 102.017601 547.659729
v 340.743591 86.563110 559.719604
v 329.595367 80.559746 547.977234
v 338.105988 75.088669 577.527283
v 367.257019 109.181595 529.271118
v 316.365295 83.740494 525.829041
v 293.224152 59.597134 533.272583
v 309.800201 67.546837 552.698303
v 367.597839 88.535461 605.207153
v 376.583954 90.540260 621.395447
v 381.407654 110.799484 599.901672
v 364.840546 104.436401 590.133789
v 382.296112 98.129555 630.341003
v 375.427155 106.641151 549.212097
v 162.706848 28.752081 571.500183
v 213.108307 51.589615 627.630981
v 142.966003 35.533672 619.413818
v 217.438629 77.267868 662.170776
v 251.466309 87.165627 697.505676
v 247.060425 51.141491 631.017029
v 175.414810 47.372047 621.121399
v -619.193359 253.073029 -217.024399
v -773.332581 253.839798 -248.872620
v -547.937683 259.559082 -201.753754
v -480.272827 245.208313 -372.214264
v -840.593018 260.089508 -92.935730
v -284.703735 248.979202 -103.717781
v -381.457245 251.717041 -227.469711
v -245.188141 246.731842 -63.761230
v -248.449829 232.386490 8.637692
v -267.616852 220.114120 -211.081696
v -331.982178 237.868851 -225.885849
v -270.807800 234.157120 -167.845520
v -276.870697 215.993652 -229.031204
v -254.780655 205.498047 -220.248581
v -253.660461 216.476990 -251.407959
v -255.681747 209.976303 -235.661316
v -413.382019 258.250092 -32.658596
v -394.766754 249.743942 34.939922
v -338.081604 251.099625 29.254406
v -165.459412 97.929016 -55.198166
v -157.820862 106.481003 -40.071003
v -143.469101 91.432091 -61.028587
v -152.944229 98.654060 -61.089584
v -160.196884 92.804543 -65.098427
v -182.731506 173.021027 -56.904358
v -179.382767 162.431793 -49.123344
v -169.449646 118.246613 -60.064003
v -176.157776 160.670990 -63.491688
v -186.669556 183.482742 -69.516464
v -195.727661 212.518967 -63.872093
v -169.651138 101.597664 -41.005936
v -144.800156 118.179840 -29.724657
v -158.319122 116.470818 -26.059637
v -142.966248 126.640732 -10.762287
v -129.592743 124.509285 -17.412704
v -130.833984 122.971100 -7.874684
v -129.503891 125.694702 -5.448399
v -138.657501 102.889435 -40.722301
v -147.458694 68.040222 -92.926506
v -134.447006 61.323296 -83.515564
v -146.610916 71.498268 -85.664742
v -144.225769 61.934410 -104.526665
v -129.251053 57.148102 -96.758362
v -161.826355 124.363091 -91.425179
v -162.364166 124.684280 -100.800415
v -137.523560 52.607960 -111.514915
v -127.396492 49.582550 -105.245132
v -126.466476 40.053837 -121.694908
v -138.129166 68.151779 -120.772713
v -145.402344 76.621895 -116.119598
v -152.902435 88.069397 -106.023438
v -170.300842 141.995300 -79.342125
v -175.564636 166.799850 -79.745956
v -162.579880 110.298340 -70.842430
v -169.989960 137.931580 -89.776398
v -162.676773 118.085190 -82.317268
v -180.293091 176.849411 -80.676041
v -152.143814 75.186241 -80.884583
v -220.667068 208.599686 -18.437092
v -206.979263 218.160568 -39.977238
v -205.790863 185.082184 -25.084032
v -222.354706 234.236511 -32.692177
v -199.778351 126.386734 -12.206419
v -211.068069 170.747803 -12.522116
v -184.937515 139.279083 -5.652102
v -197.131805 150.695770 -23.259315
v -191.328918 199.166718 -47.030964
v -195.284424 184.992325 -36.278996
v -201.863541 215.257065 -72.215057
v -239.775696 231.779114 -15.927557
v -235.849625 214.329666 1.010749
v -219.831985 192.101547 -4.773317
v -212.995605 168.365143 -1.400564
v -203.261749 135.830887 -2.018433
v -213.862762 145.826889 7.286269
v -169.187073 131.451721 -9.095808
v -172.013290 145.560440 5.540829
v -155.129364 131.539886 -10.238388
v -160.165878 141.326965 -1.409193
v -142.317047 133.758026 -3.265239
v -182.636948 127.799759 -37.108635
v -189.173019 133.667267 -31.691147
v -174.347321 126.680969 -43.897327
v -190.742432 115.756844 -20.352631
v -179.137970 106.035156 -26.535072
v -69.368805 71.701332 -25.368082
v -80.696274 83.478897 -33.006485
v -69.249550 71.272751 -4.093980
v -61.982468 47.194649 -31.465574
v -91.182777 92.556465 -27.308130
v -79.345818 68.453629 -51.835289
v -60.273655 43.042419 -61.815937
v -93.981209 86.819069 -38.651539
v -106.201302 108.637581 -15.926350
v -94.946808 93.808723 -11.630407
v -104.993935 95.774536 -27.325401
v -120.479782 119.492699 -11.904426
v -106.731354 108.886299 2.861382
v -84.227364 80.157837 1.985656
v -45.413857 31.726887 -8.291393
v -30.878437 1.337479 -8.570615
v -42.504681 28.994886 -29.015936
v -31.602449 13.385447 -32.374390
v -54.655338 37.453236 -7.877290
v -59.871765 54.164890 -6.952359
v -17.122147 1.600495 -10.709094
v -56.952824 45.500393 -43.091064
v -53.588070 25.891064 -52.118786
v -62.858528 56.743931 -21.747343
v -107.516113 50.875587 -91.790314
v -113.079613 67.797539 -64.055077
v -93.441864 52.860058 -80.058876
v -113.327545 63.546921 -75.141159
v -84.921021 34.028000 -98.593086
v -90.991066 63.655823 -72.592239
v -78.143791 56.128574 -60.765350
v -115.669701 51.209530 -114.515816
v -124.587067 111.130623 -28.569357
v -124.610374 101.419212 -47.479950
v -100.773483 76.028374 -58.861385
v -122.513885 88.793716 -58.351067
v -202.564423 219.894302 -156.793747
v -213.627899 230.822632 -149.034775
v -195.053894 194.840500 -157.176559
v -195.583984 205.389786 -132.172165
v -194.787170 193.619766 -148.120148
v -202.477341 225.128128 -169.883560
v -201.655396 214.675735 -185.156403
v -211.993408 227.582489 -117.501862
v -173.625305 162.429962 -140.547180
v -173.812271 155.820908 -148.664368
v -167.865646 149.577728 -132.551254
v -164.306793 130.182861 -155.842453
v -171.435730 141.994186 -160.407745
v -182.720963 186.369781 -139.013580
v -145.641846 86.953957 -134.349731
v -145.060287 78.930496 -130.516235
v -146.745819 83.495735 -143.909592
v -136.318680 59.503723 -136.677643
v -162.638550 131.843246 -148.551514
v -153.206955 116.326370 -149.720184
v -158.666290 115.696617 -158.441467
v -156.018356 123.437508 -143.206223
v -179.017517 186.953583 -182.577774
v -189.377136 196.457108 -168.151154
v -171.533142 162.798035 -168.358109
v -187.763458 194.192093 -182.737885
v -181.536163 158.551178 -149.029373
v -182.070374 156.162247 -159.302643
v -226.983780 216.928757 -216.810852
v -235.423340 208.065018 -220.635818
v -223.382019 199.252579 -231.963791
v -243.375565 214.698929 -207.896072
v -211.529495 223.297256 -193.689346
v -246.969940 209.674042 -229.767700
v -240.190292 193.043961 -240.431778
v -216.292542 230.445801 -98.924637
v -216.726852 232.167465 -74.553787
v -187.062424 186.621567 -96.141113
v -176.276932 166.512802 -96.406227
v -199.899399 194.436371 -92.171883
v -174.573120 149.492294 -101.210884
v -167.498627 127.425285 -103.351860
v -179.596390 167.566406 -108.035995
v -190.963730 194.844681 -115.487480
v -182.239929 167.760666 -117.860435
v -196.761948 188.406372 -86.660416
v -155.395981 108.743866 -114.681435
v -167.763931 129.378433 -116.038315
v -149.214401 90.930252 -114.972748
v -165.634415 132.772812 -125.638039
v -153.657913 121.063545 -132.565125
v -173.498123 158.412384 -121.570183
v -179.188110 182.416458 -129.278748
v -174.658035 159.197311 -115.026794
v -203.712875 205.345047 -102.260086
v -465.908508 248.533218 -325.670715
v -405.174469 231.757126 -354.151581
v -464.427673 251.445572 -250.691116
v -330.976654 228.402527 -301.666809
v -354.651459 237.671982 -270.297607
v -317.965149 213.519104 -319.869019
v -299.503723 226.134048 -275.352448
v -292.985504 219.986588 -265.010162
v -273.287506 214.890518 -276.257812
v -304.908783 217.170502 -303.165009
v -290.997223 217.007538 -286.853424
v -335.324646 222.417053 -335.617645
v -340.903992 226.781830 -391.754150
v -459.976501 246.045624 -411.579987
v -432.934204 233.610565 -419.060242
v -502.502533 247.060654 -494.639343
v -1047.142212 259.406067 -339.251099
v -565.532654 246.096802 -611.051575
v -1047.185303 258.121246 -1047.625122
v -718.003296 258.708679 404.165161
v -843.642883 257.396210 526.892883
v -718.063477 258.946808 267.353455
v -664.945679 242.343262 456.508148
v -668.140625 241.023849 514.605103
v -647.120361 217.113235 449.969482
v -708.898010 252.561020 477.873596
v -647.571411 212.812317 504.524506
v -651.348511 217.194199 484.616241
v -646.360596 209.313934 468.553467
v -670.223877 243.280731 441.007294
v -657.479431 228.365372 433.706635
v -666.014771 234.238129 446.946136
v -647.365295 233.045166 435.988831
v -653.996948 236.076050 434.460388
v -655.079224 224.769852 410.828766
v -679.116272 246.896973 516.753418
v -592.778442 161.735703 506.327026
v -613.673462 173.314774 476.189697
v -590.632019 157.473373 468.771423
v -622.106750 178.173050 510.053406
v -632.265198 190.329910 484.527008
v -637.756958 203.439682 518.702332
v -634.470337 185.384399 529.450745
v -553.617126 134.205994 502.961060
v -570.249268 146.516357 492.569031
v -575.885010 147.309372 522.575012
v -548.970398 134.579102 519.024597
v -627.489136 181.527740 425.419952
v -629.442688 173.913330 459.031586
v -638.219788 188.056030 453.441681
v -645.288147 234.814499 412.792389
v -634.088745 207.177399 422.764191
v -631.763245 202.194412 497.672943
v -667.059326 243.646515 388.858063
v -669.366882 240.121613 366.033722
v -653.873413 222.466507 381.497650
v -811.901062 258.946747 694.898804
v -726.864014 238.765335 627.966370
v -789.800293 255.343796 625.608276
v -746.597717 233.015961 666.250183
v -704.711487 233.169418 650.435059
v -682.386292 227.065338 625.363770
v -688.753784 210.780563 667.449402
v -667.766357 202.194000 643.780151
v -719.145264 255.652542 595.348999
v -739.918518 227.037369 704.318726
v -781.247375 239.637085 683.263000
v -767.821472 248.138092 742.385437
v -790.284546 257.029236 746.100525
v -730.001038 232.289764 685.406067
v -704.122742 209.028580 685.402466
v -695.445862 190.106934 688.355103
v -626.446533 176.599091 565.926208
v -624.590576 176.398987 589.927917
v -636.943481 203.629669 584.818054
v -658.262817 233.838333 587.793030
v -612.931702 173.497513 565.582092
v -634.296143 183.776703 558.713562
v -654.688477 223.532944 560.949646
v -655.140930 220.532547 529.477905
v -641.228210 203.231079 555.157166
v -637.041626 201.749741 609.816711
v -646.492188 187.525696 633.542603
v -615.732605 180.281494 589.637817
v -582.525696 151.189941 553.917603
v -561.290649 127.012009 545.830078
v -557.075867 131.399323 527.602905
v -619.217957 176.780945 542.524963
v -602.017639 167.261124 546.245544
v -690.262817 251.648483 573.751465
v -664.788940 235.769516 602.107422
v -659.790161 201.705429 631.498535
v -435.212921 198.925430 204.411423
v -416.896362 198.657394 201.987579
v -450.695831 212.739395 197.938599
v -440.380463 176.169891 217.502151
v -453.393646 191.861923 215.072968
v -425.312103 172.940903 218.473190
v -426.197449 161.528107 236.835129
v -410.514313 158.536789 225.900406
v -399.580170 141.490158 253.038910
v -398.725342 158.766891 218.572449
v -405.145264 172.622131 212.645477
v -386.463623 211.365891 168.811768
v -409.987518 204.889618 160.124710
v -437.108582 209.541183 161.362320
v -390.181885 199.907867 183.489746
v -399.473999 202.205597 146.022995
v -401.208252 188.200256 132.475876
v -420.394989 212.288574 186.863693
v -475.696106 198.497955 239.280029
v -473.783234 203.531540 221.540253
v -466.312622 168.777664 253.406845
v -457.056885 184.548157 223.830063
v -467.766388 213.714249 201.907837
v -506.657837 184.462921 260.160706
v -498.266632 169.227951 265.130524
v -483.157227 169.019913 257.425903
v -436.005249 156.513977 259.342194
v -414.837219 141.988937 261.027679
v -434.610931 168.562866 228.481491
v -453.270813 168.565659 240.493805
v -333.170868 115.995522 230.497559
v -344.298981 104.451408 250.980453
v -316.650726 145.775116 205.936157
v -335.110748 148.986221 202.712128
v -356.855560 113.170471 246.883377
v -365.080536 140.190186 234.114960
v -380.541656 124.764977 258.225586
v -305.504211 104.996315 242.792770
v -282.406647 104.789032 227.549866
v -304.201538 133.533478 215.666901
v -313.235840 105.586815 242.451248
v -367.812408 183.820984 183.064056
v -353.625641 152.595139 196.761002
v -350.768372 163.371979 176.272659
v -324.036102 146.169617 193.852188
v -377.693054 211.308243 160.053741
v -384.624084 207.517273 139.559067
v -352.749756 187.558502 156.114777
v -390.370209 157.683609 226.300949
v -375.305725 157.430206 208.345596
v -386.287354 186.089020 198.052765
v -353.352997 154.380417 205.394943
v -371.157227 156.567978 216.179337
v -469.400330 234.829636 112.600784
v -452.037445 217.624878 101.757622
v -497.716644 256.137939 108.477570
v -453.101166 209.932602 115.373230
v -467.476624 224.515503 130.708450
v -472.330170 237.311340 73.593391
v -434.800354 184.285812 114.487305
v -419.105286 179.912308 122.329887
v -428.518585 180.742432 127.731773
v -428.974548 196.367401 104.964371
v -442.145660 193.211929 124.483025
v -437.597900 190.738159 122.545357
v -412.382538 190.355728 132.589966
v -404.554230 186.753937 121.068367
v -419.893250 178.287994 111.360252
v -411.572021 178.259598 113.521477
v -443.016418 215.619751 89.224892
v -449.679474 217.935028 95.905869
v -433.938293 208.927231 99.395782
v -431.646027 219.320892 78.250168
v -445.020264 200.771057 108.433167
v -494.857788 257.430695 45.514507
v -503.208130 231.010132 182.563950
v -489.447083 192.934143 184.349884
v -492.884369 205.152847 200.003448
v -525.383484 241.592270 199.583420
v -502.746643 194.870697 196.283890
v -473.833038 212.259430 190.273209
v -483.430817 194.219635 176.265060
v -523.037354 216.616760 232.913452
v -510.852264 206.879395 211.676788
v -503.891083 219.572144 227.835648
v -515.437500 198.524307 213.061249
v -509.728149 197.154114 202.189911
v -519.798889 220.245117 237.490952
v -485.623779 217.329453 220.252747
v -485.776825 210.659912 197.629486
v -450.975586 192.835983 160.801346
v -446.774353 184.639175 146.096451
v -455.321869 208.893738 143.600021
v -456.680542 188.892929 155.950470
v -463.160187 196.437195 173.910721
v -445.287384 210.496506 176.747696
v -421.698364 194.156189 150.431625
v -440.215027 183.380127 138.393204
v -445.417114 196.903900 134.386642
v -499.488922 247.240799 156.651535
v -474.803650 233.809845 147.473083
v -478.444824 231.033020 158.041992
v -471.341980 190.963165 164.722900
v -476.773743 102.068382 380.505920
v -455.579224 138.610992 328.466705
v -470.170441 118.972275 343.119873
v -483.668274 115.000191 355.521973
v -490.773224 105.815331 387.915100
v -516.533569 141.168549 386.600555
v -416.467102 105.281433 373.376587
v -436.837372 103.280617 369.711975
v -498.241730 163.884827 309.522308
v -498.216461 152.046768 329.909668
v -527.742798 172.460831 315.826904
v -474.196472 141.072464 325.274170
v -473.711182 156.019913 305.370667
v -509.568970 170.593735 284.926056
v -516.708923 171.635590 295.520813
v -521.447205 189.847427 279.427917
v -519.725403 181.854019 295.195801
v -514.971191 139.839508 354.549469
v -510.955566 141.045425 366.485138
v -501.780792 105.229019 443.156616
v -471.000000 96.810852 427.834045
v -508.744904 115.349846 404.710388
v -531.684448 123.829659 423.859955
v -507.363647 106.456207 484.577789
v -524.014221 106.570526 460.973663
v -439.247864 90.125648 416.275208
v -420.403717 87.889099 409.725983
v -488.023895 105.313461 415.756378
v -358.327820 93.905090 320.559906
v -360.621399 104.484245 275.936096
v -404.856903 104.370384 341.911346
v -410.522949 112.866325 284.351044
v -348.785248 78.345169 335.295715
v -303.049561 81.934196 291.590729
v -319.036926 88.819153 308.281372
v -283.457428 88.006767 271.173096
v -448.154907 141.138550 299.215454
v -435.553131 140.646805 288.354187
v -398.038849 122.240746 267.009064
v -464.169525 160.750137 277.363312
v -398.139465 102.730080 300.811859
v -430.544708 115.023422 316.413239
v -206.566162 150.842484 100.364372
v -221.262268 155.608841 110.146980
v -205.595184 117.147644 117.206085
v -194.147186 121.983795 115.823502
v -204.854294 151.098465 91.768578
v -213.431564 172.334015 85.391281
v -195.623535 151.657608 80.008270
v -193.772446 169.798996 64.453842
v -200.396561 150.969498 79.131134
v -246.285965 166.909576 127.704636
v -231.347839 176.460709 104.793686
v -262.904999 162.794998 138.153961
v -223.434723 150.176132 124.653458
v -173.374786 106.687004 119.270836
v -159.006378 99.952408 126.110985
v -168.600159 105.313202 104.791084
v -182.156479 106.619186 128.117401
v -147.805267 88.286247 126.446579
v -151.505844 87.322563 137.347443
v -145.063232 79.690804 136.863144
v -137.972534 38.486267 131.861328
v -139.284653 56.496117 118.161583
v -186.013901 119.432373 98.975784
v -183.007126 114.590096 86.367302
v -195.698196 116.602127 96.953308
v -169.691315 109.447289 93.851692
v -168.011292 117.694160 80.131935
v -228.878922 163.210129 44.585052
v -238.298798 164.100464 56.873573
v -242.601974 188.195496 45.811634
v -229.597580 172.497330 35.130798
v -253.542114 224.931946 54.019943
v -255.514999 207.106995 63.222366
v -241.709900 163.970764 63.911457
v -222.086136 182.606339 56.276016
v -216.338989 184.255096 66.470795
v -224.895157 158.883545 37.411869
v -207.298828 181.854752 43.484722
v -244.807312 225.925476 21.044073
v -260.484283 235.748672 37.677944
v -240.416260 200.502258 36.070896
v -266.131042 235.339172 54.363178
v -232.561050 187.993301 94.529991
v -264.137329 187.623032 100.189880
v -262.610229 164.960205 78.915924
v -249.605179 191.320602 105.471130
v -271.179291 195.092636 114.351349
v -225.034409 187.369232 79.666771
v -241.370926 184.982086 76.183899
v -250.344284 163.743973 70.576454
v -227.156540 115.278664 182.006622
v -247.008591 109.125435 199.993073
v -203.561844 100.626221 187.131866
v -218.892197 111.571030 184.034821
v -220.247131 115.037407 165.875076
v -245.601624 133.368546 155.703323
v -237.175430 125.786263 158.243149
v -261.664795 157.196518 147.458679
v -275.972137 165.003616 147.997025
v -262.540833 137.821518 158.869659
v -273.040833 140.262146 184.675735
v -269.767365 133.549088 176.534561
v -246.747253 133.788467 182.588333
v -266.702179 106.282333 214.517944
v -185.733215 105.060646 144.496964
v -166.393539 84.170723 143.897995
v -192.979446 107.816406 142.227844
v -197.947586 110.221367 154.434967
v -187.430313 85.127678 168.576630
v -196.689346 103.645622 169.667023
v -177.340866 105.533035 137.363174
v -213.067856 124.823524 141.728439
v -218.451935 121.336189 136.559067
v -229.891907 127.549896 166.749222
v -232.837769 146.710526 141.520340
v -245.276825 145.841980 151.739487
v -205.655106 111.321564 165.565186
v -111.355591 57.540653 50.150684
v -104.314331 2.833210 59.548832
v -101.378403 39.584484 42.058754
v -93.840370 42.612598 32.458191
v -99.787735 60.753624 32.863575
v -113.871536 47.782787 56.723324
v -125.904602 61.935574 66.726921
v -118.093185 50.144241 71.132690
v -86.941757 0.238849 53.988880
v -75.492035 0.377811 46.645966
v -88.608490 14.385230 43.858421
v -98.943504 10.446329 48.031685
v -120.959106 94.963150 36.226959
v -123.077049 112.374130 17.998590
v -101.622017 87.732445 20.149887
v -129.979980 96.656197 37.027920
v -124.670891 73.271683 49.378487
v -111.320496 0.877504 87.894005
v -116.728096 12.277205 81.839882
v -134.232422 51.874996 103.613197
v -125.012405 54.816864 84.868698
v -126.756531 14.320452 103.421158
v -112.475647 13.899557 68.948936
v -105.842590 2.952183 74.327759
v -62.720909 2.937921 30.236944
v -54.806900 1.717608 18.821201
v -61.602665 3.107142 13.096129
v -59.709591 15.777859 6.725941
v -62.548923 30.386414 1.054052
v -66.459213 2.157421 36.374084
v -46.784954 0.716173 6.070961
v -89.267548 54.708088 24.476898
v -82.908302 55.546421 12.710930
v -75.803658 46.083977 8.996047
v -78.677971 8.346371 35.464741
v -85.659454 34.865917 31.261862
v -71.155434 20.087580 13.960891
v -80.959488 28.587519 22.773645
v -193.806961 178.319931 38.012630
v -184.933975 184.900787 34.821770
v -175.285645 173.204758 20.458925
v -195.226074 161.303787 15.534048
v -187.533096 160.005035 4.738007
v -171.206772 173.780350 40.090214
v -200.895752 184.670578 51.603733
v -153.812897 135.615967 6.239273
v -153.330200 140.114471 19.586407
v -165.438843 157.082031 14.505562
v -215.953537 144.717407 17.548960
v -231.212738 195.627853 9.883698
v -228.777710 176.990616 23.359648
v -221.102020 152.137238 27.391651
v -200.108200 154.963104 6.394092
v -209.042816 154.297256 23.655508
v -148.277664 107.330124 84.755287
v -150.449371 116.515350 64.807121
v -160.027512 114.468681 66.721970
v -153.794144 105.839371 96.100143
v -143.698181 95.102242 66.712090
v -135.537949 70.734520 62.156052
v -174.579315 114.114098 75.898598
v -180.452530 151.505081 69.590958
v -145.857422 94.233757 106.028191
v -132.693466 39.199726 114.942894
v -137.488358 90.939758 85.432564
v -143.144943 126.937675 32.078251
v -139.356171 111.930840 37.513962
v -156.978195 153.491364 34.330284
v -142.824661 86.121841 58.177723
v -137.999313 87.158905 46.240879
v -175.122055 152.095428 60.029373
v -162.452621 151.091858 46.836502
v -150.463608 112.823685 51.458317
v -370.526855 228.983765 58.958050
v -355.240906 234.997452 59.428532
v -368.812714 211.672394 66.316216
v -385.830994 233.541550 56.325077
v -337.546417 233.288239 54.503452
v -339.153870 213.711929 63.387650
v -350.143341 211.890503 66.676689
v -378.078308 188.492981 82.970879
v -381.129150 174.932800 94.992393
v -370.244446 173.821487 89.652534
v -355.626953 183.138184 94.974167
v -385.449646 189.404282 75.896904
v -393.750885 197.582382 73.200714
v -388.450348 176.672211 87.649544
v -388.247345 185.054520 118.533661
v -381.122253 177.372375 105.701538
v -373.717896 176.640747 115.356377
v -373.357819 175.629059 103.529968
v -364.870819 172.905548 101.230431
v -355.171448 191.736374 82.168335
v -362.587769 181.205719 90.614540
v -347.947510 174.503159 91.175117
v -336.047180 197.395569 79.253357
v -326.236755 225.831207 64.652191
v -370.114410 187.557480 75.265228
v -452.845917 248.193649 40.731426
v -418.562256 203.422897 83.928856
v -418.143799 223.516373 73.043633
v -422.968170 206.159607 92.097397
v -392.724152 209.651306 66.406540
v -440.402588 233.325455 71.361748
v -414.985565 183.403641 101.870689
v -398.613281 177.822449 108.375771
v -397.776154 177.867340 97.677841
v -397.526886 184.891388 80.490646
v -411.640350 195.059341 89.067062
v -411.881958 234.782059 63.289932
v -320.265778 187.993179 162.526749
v -307.347992 188.044540 154.843262
v -288.782623 157.423370 164.464615
v -309.851532 201.807449 143.540787
v -318.439728 194.399963 123.650642
v -313.752808 160.407547 175.011917
v -327.487976 174.432617 167.900864
v -304.342041 147.541214 179.537155
v -293.669098 199.184448 136.526123
v -282.084930 180.656540 145.208008
v -266.160156 179.477524 123.729591
v -298.714966 189.804611 155.070328
v -340.851562 203.991226 139.022049
v -355.686157 192.047150 119.917969
v -344.493317 197.058594 122.098701
v -364.283783 208.750885 139.343842
v -351.393219 175.930664 168.388000
v -280.681793 119.007500 204.085175
v -291.339996 144.020569 191.425079
v -268.921478 139.269928 167.875244
v -285.419434 138.577667 178.219955
v -306.642883 144.767746 186.079941
v -294.275635 146.438965 177.993576
v -289.237732 188.696655 77.392998
v -288.750458 167.880341 86.194435
v -281.682495 167.753525 88.950821
v -276.707489 188.039215 79.353729
v -272.718170 233.064056 64.813683
v -287.975983 234.902496 61.353386
v -303.608765 208.548523 71.856796
v -319.300354 193.242538 81.689461
v -298.162903 188.572296 74.177582
v -312.349457 235.095871 61.999660
v -320.084839 208.387512 77.471359
v -303.161407 169.340393 87.062996
v -299.014893 169.749023 84.465157
v -278.676422 189.234879 104.554214
v -265.929413 179.294083 87.378189
v -272.595367 166.943161 83.729530
v -265.903778 182.981201 75.660400
v -343.972626 180.958679 105.012474
v -332.782715 171.205933 93.783058
v -352.998657 172.342194 100.559387
v -341.761017 185.331589 116.559578
v -325.231567 177.160461 89.374748
v -327.452545 173.848068 95.859756
v -341.449371 170.790634 91.250595
v -300.919739 193.467438 107.688728
v -314.076569 169.789154 89.308922
v -315.400421 180.733383 95.865913
v -309.767914 181.079453 102.639259
v -636.658630 256.071625 233.024384
v -637.886780 216.009399 308.328735
v -629.970703 227.990540 317.798676
v -632.223145 214.610458 298.704163
v -645.382812 213.453461 318.547729
v -649.966675 213.409988 330.277374
v -645.463989 218.061859 328.708649
v -617.655762 217.194138 328.913208
v -597.723022 218.023651 309.758698
v -609.801025 219.406525 315.725464
v -605.990784 198.976440 327.351990
v -603.972290 227.355499 302.341125
v -624.328186 210.592178 292.581482
v -652.707214 238.616684 309.086365
v -640.691223 227.493347 345.957733
v -659.709778 220.622711 361.777252
v -652.496704 214.771194 344.275208
v -640.260864 230.951340 368.987396
v -633.743347 220.891068 362.963867
v -619.869019 200.077698 344.868530
v -620.359619 195.478500 354.887726
v -626.752808 219.467743 349.404968
v -586.830566 226.089630 294.819427
v -567.809021 224.864304 291.132812
v -572.369202 218.098526 296.756744
v -584.399048 209.125732 275.428955
v -586.033264 238.383820 262.182526
v -591.170044 199.595856 316.680115
v -568.749207 195.864456 315.573761
v -574.264343 215.189621 305.123413
v -557.750977 216.455826 299.618561
v -548.903809 225.701096 279.561462
v -527.702209 221.597931 257.137756
v -533.468445 221.090363 253.487717
v -571.397644 208.123016 266.371094
v -605.609497 237.442123 278.041046
v -631.179504 239.190964 284.913818
v -610.921143 212.197037 289.753479
v -598.145447 210.705719 283.590607
v -669.400635 240.390533 342.519073
v -660.216919 216.839951 349.287201
v -582.968079 153.594086 411.067841
v -558.276917 140.632156 420.518494
v -562.622742 140.309128 437.888031
v -584.609985 158.232819 440.976532
v -550.689026 154.505768 385.181580
v -536.411072 141.176880 414.587097
v -567.792053 150.520340 391.260651
v -612.027344 172.198898 396.038025
v -625.467224 187.193207 411.793518
v -626.784058 198.885529 392.416138
v -639.892639 232.934937 397.499939
v -547.021240 109.485664 469.827545
v -552.614929 114.922165 483.137512
v -573.253723 142.504349 459.529480
v -567.436646 142.960495 476.438202
v -554.708984 120.605774 451.616516
v -547.468567 115.301872 436.115967
v -542.713928 164.863998 343.128601
v -536.913513 196.562057 302.684296
v -536.021423 213.944946 295.102631
v -529.097839 211.608582 277.086823
v -544.846497 173.291565 322.885559
v -549.686035 208.307114 305.013489
v -586.179749 168.637192 350.790558
v -608.412354 174.076309 373.782227
v -591.280701 172.106506 332.362000
v -628.669434 219.625687 373.157623
v -621.456482 200.200729 379.979462
v -576.919617 161.900406 365.842041
v -569.240417 255.083649 218.940231
v -545.537781 239.081146 240.094315
v -538.582886 238.643234 228.284012
v -526.934937 203.100861 228.486893
v -535.289001 204.054703 242.008438
v -527.008301 235.654083 213.915665
v -561.155029 238.950867 247.678452
v -550.329468 207.278580 255.102005
v 201.294220 77.758575 -630.947998
v 259.125793 95.354675 -652.854126
v 245.672150 95.446953 -680.265198
v 129.188919 76.458649 -659.497986
v 136.439606 73.557220 -606.419067
v 216.804306 73.706741 -538.065491
v 275.690613 95.645798 -607.929077
v 229.169876 96.383949 -701.777588
v 252.862534 139.370438 -707.845520
v 252.519531 166.403763 -719.134949
v 251.471252 113.608414 -689.455872
v 269.619293 107.484451 -653.585144
v 262.236359 134.150345 -691.526001
v 244.140381 167.041977 -737.386719
v 240.233139 174.753906 -750.953369
v 257.106567 185.409348 -736.617310
v 250.522507 189.023239 -763.510071
v 253.549210 207.254700 -805.699890
v 212.770859 98.293312 -736.112061
v 230.639648 132.461700 -742.109985
v 238.938049 132.843643 -723.493042
v 114.574081 78.437279 -709.164551
v 95.389099 60.887703 -594.274048
v 90.468872 49.230629 -550.068848
v 68.083656 44.802734 -599.049866
v 105.209000 58.866562 -542.746704
v 52.139168 51.735401 -540.205872
v 18.556599 41.141590 -541.212952
v -0.397831 52.241032 -530.363525
v 168.430969 71.069534 -550.110046
v 158.838181 72.785347 -509.742706
v 369.091431 195.653931 -582.582520
v 362.698059 174.922836 -560.576050
v 345.128815 192.008591 -588.188904
v 339.125793 173.961807 -576.725464
v 327.062592 173.202011 -591.534241
v 380.502899 170.265778 -544.252625
v 391.609039 191.628632 -544.658936
v 365.788666 159.808289 -546.140564
v 388.181946 197.259644 -574.317688
v 367.317352 215.788345 -636.660217
v 405.187653 213.746552 -604.269470
v 409.319275 235.685760 -624.690308
v 377.925873 229.932129 -646.858215
v 354.281982 209.180420 -625.103394
v 317.675049 126.466125 -548.159180
v 303.123138 117.058075 -566.349548
v 330.526733 121.756798 -530.507690
v 312.981018 144.264053 -571.713074
v 329.769592 149.557602 -574.409241
v 291.698273 96.239014 -546.436279
v 311.735626 94.160736 -516.241089
v 348.135345 148.440170 -545.753296
v 353.970276 142.408524 -525.566101
v 364.112244 156.098251 -534.371826
v 385.270538 179.594299 -523.187317
v 332.050385 149.000931 -559.526550
v 348.815826 158.410080 -561.900269
v 338.162781 134.642365 -546.161865
v 434.239441 210.041565 -561.204529
v 439.044067 233.843399 -590.623840
v 479.159973 244.131271 -594.704834
v 481.124512 222.064194 -541.637451
v 516.032349 234.569550 -526.674561
v 407.077087 208.706863 -558.314758
v 297.756714 185.678009 -675.796631
v 314.597076 187.129120 -663.290344
v 323.593597 228.085571 -710.276917
v 306.754700 208.382614 -700.454285
v 283.866882 162.149551 -666.208069
v 292.214569 156.691818 -650.504578
v 277.731689 126.918076 -658.095520
v 361.946716 226.383972 -662.462524
v 339.733337 220.598602 -682.089844
v 331.935120 205.320862 -659.925415
v 290.722046 206.432327 -720.703857
v 305.705444 210.704956 -723.776978
v 279.079956 205.767914 -743.301025
v 270.115295 187.382050 -735.013367
v 271.529236 187.170044 -719.554688
v 320.684326 231.600403 -741.391357
v 295.999847 213.739426 -747.983582
v 270.267517 210.086929 -761.503052
v 280.803589 214.322632 -777.146362
v 265.102600 166.126663 -701.327332
v 276.406921 158.311569 -681.314270
v 288.348816 186.412292 -703.596008
v 294.242554 120.143654 -601.404297
v 294.536102 121.622337 -615.035889
v 284.221527 95.540634 -580.312805
v 305.128815 158.345749 -592.330444
v 318.828125 161.059525 -614.846313
v 303.214142 141.334564 -607.307617
v 301.419067 136.463623 -621.707031
v 271.262238 97.140343 -634.393616
v 295.175507 112.796646 -585.021667
v 334.135834 191.844757 -645.689514
v 322.196869 164.480591 -632.946228
v 327.837036 175.659637 -605.313232
v 309.560944 156.341873 -633.254761
v 299.392212 131.538818 -630.039185
v 316.280487 171.923386 -647.450867
v 87.751640 85.335098 -853.734619
v 78.004089 72.578537 -842.573486
v 88.734535 86.743057 -895.866455
v 126.189980 91.609795 -910.275391
v 55.661903 72.924103 -799.038452
v 13.093495 67.229454 -804.608215
v 103.346878 81.516823 -814.712769
v 71.774620 67.252121 -769.479431
v 77.383217 69.266525 -811.758118
v 182.620453 111.651932 -803.109619
v 193.771957 133.173218 -806.317017
v 197.654724 137.346695 -835.766602
v 167.529465 118.667702 -850.501526
v 198.309937 150.792923 -852.181458
v 169.127060 91.435944 -787.600037
v 172.569397 103.142517 -796.043091
v 227.025192 189.544357 -797.016968
v 213.605942 157.065216 -806.680054
v 207.171295 133.115967 -793.973572
v 228.192932 173.249817 -781.740967
v 205.958115 160.430740 -826.033081
v 214.733032 189.961258 -834.469971
v 222.403687 186.986755 -814.492676
v 208.802460 158.200470 -846.663574
v 196.662674 135.122269 -813.628845
v 150.938461 110.159210 -859.722290
v 188.598541 140.605637 -865.623596
v 174.446548 130.309830 -858.142456
v 170.325150 124.614204 -880.032166
v 145.948807 96.238663 -829.217041
v 37.118649 69.424820 -931.136169
v 64.763420 82.007843 -931.439331
v 36.175716 67.629089 -946.546387
v 94.312141 86.120392 -952.013123
v 77.947266 79.899635 -926.793335
v 80.770317 79.504356 -989.352051
v 48.516125 80.166023 -1010.171509
v 41.366550 68.156120 -993.647705
v -1.784534 75.618919 -963.100220
v 45.818478 75.092125 -836.384033
v -3.463495 75.284531 -901.966858
v 12.379397 74.979301 -857.357666
v 26.043022 59.179611 -827.958313
v 8.005366 71.737320 -828.794495
v 80.118584 77.379868 -881.968933
v 61.279617 78.277336 -874.846924
v 46.306526 67.312477 -883.947449
v 48.737717 66.064346 -689.085449
v 66.042313 59.768280 -681.786438
v 61.310146 53.443905 -638.760315
v 54.672283 65.621727 -722.761841
v 7.358497 55.300251 -649.286499
v 30.249912 60.261559 -642.401611
v 16.067970 55.831825 -712.053650
v 44.468346 71.763779 -753.549988
v 25.895996 67.963867 -705.888245
v 3.421535 45.241951 -731.162720
v 9.668923 47.881744 -752.664673
v -4.772719 59.002769 -770.719238
v -32.998249 53.989349 -737.377625
v 3.851044 50.134724 -614.196472
v 6.847160 52.572521 -553.431702
v 25.058924 52.997944 -584.291870
v 32.591434 43.342201 -574.750610
v 217.961121 132.143295 -773.065735
v 226.502487 134.948166 -759.030579
v 195.899078 103.241699 -768.404663
v 240.797607 191.427551 -774.167175
v 232.714737 176.564346 -767.632446
v 92.879570 76.341507 -761.530945
v 23.386730 49.542633 -777.704956
v 130.690826 40.513966 -283.514038
v 118.243614 40.907433 -335.387329
v 87.619331 32.302216 -367.800293
v 121.191223 51.320515 -404.120667
v 45.874920 26.287809 -226.693863
v 190.614471 59.748016 -300.649292
v 163.804092 47.272423 -251.618698
v 225.601257 60.552811 -290.633118
v 233.321030 70.634384 -273.114502
v 225.463043 58.919052 -253.002609
v 207.619125 58.410202 -265.745331
v 225.765030 62.829983 -330.146637
v 156.896698 53.190186 -342.340973
v 91.360107 47.511757 -430.023102
v 1.468138 31.943277 -448.153137
v -4.228772 26.300341 -391.134216
v 29.142996 39.205799 -491.259003
v 43.988575 46.655029 -461.220795
v 12.188275 32.486008 -465.512970
v 77.044304 63.779022 -483.210541
v 8.683372 36.672768 -498.362610
v 2.022583 47.027763 -489.954346
v -0.091033 51.205585 -511.949768
v -0.314757 43.851608 -467.337341
v 13.354053 19.206028 -333.360840
v 52.065693 28.309916 -313.124268
v 8.458724 24.175327 -327.804047
v 2.725534 19.515154 -354.441589
v 8.408992 17.190794 -303.374969
v 40.904152 22.473211 -214.904007
v 45.153187 24.449507 -114.950630
v 45.204918 7.187435 -80.841621
v -5.492094 1.390674 -58.762970
v 61.531986 12.044546 -70.857727
v -11.814141 23.048052 -135.618240
v 11.610219 6.732014 -41.228706
v 16.012922 0.706541 -29.323389
v -19.288048 12.449097 -18.118526
v 25.192528 0.548393 -49.676559
v 126.007286 25.998257 -186.216248
v 190.775330 46.653137 -202.710999
v 130.323746 40.885712 -234.221542
v 157.560623 32.289524 -185.175629
v 97.916138 27.354465 -218.686081
v 308.854462 85.597969 -406.430115
v 322.045959 93.998749 -414.022095
v 330.035065 89.271339 -440.257355
v 328.296906 90.818405 -461.019196
v 351.402771 149.016327 -398.458954
v 375.125793 166.127869 -397.021973
v 366.504028 145.638794 -422.194214
v 342.408905 113.807625 -442.287598
v 334.347229 111.257721 -422.767303
v 301.284149 85.132942 -454.470856
v 289.206726 78.775383 -324.825836
v 298.901672 83.195343 -367.367737
v 261.515778 72.676651 -343.221222
v 319.774200 102.152306 -344.363312
v 323.057404 98.980797 -375.711151
v 340.391479 132.530014 -375.945557
v 337.336121 120.204445 -348.924072
v 332.438843 119.175064 -395.050262
v 332.246643 117.988716 -341.085999
v 420.304596 206.885025 -489.958466
v 398.382507 191.365448 -469.445099
v 421.580444 197.136673 -432.797485
v 404.697052 188.761795 -498.027252
v 388.805389 176.642944 -484.454315
v 393.603271 170.922897 -502.112000
v 401.387360 187.195328 -424.320099
v 390.584412 174.500031 -438.093109
v 470.061157 213.631378 -514.065186
v 349.791382 144.358398 -496.539368
v 325.960968 93.669434 -493.952026
v 370.692413 168.761765 -493.166656
v 336.802399 113.150696 -511.928528
v 322.257690 94.527817 -483.641083
v 371.624298 173.558502 -509.492310
v 356.435364 159.830353 -506.754608
v 388.312195 179.405212 -513.297180
v 377.749359 154.568939 -437.304474
v 372.426392 152.598694 -453.944305
v 384.839325 175.529953 -445.693298
v 380.792206 171.853531 -462.200287
v 358.369995 139.931366 -448.187836
v 338.024414 114.249138 -459.435211
v 347.828888 138.649734 -478.612732
v 364.985291 164.256927 -477.202667
v 140.055557 68.595940 -447.875305
v 239.019394 66.184357 -422.404297
v 102.759026 59.179703 -466.580566
v 226.338760 66.790451 -376.239288
v 161.473892 51.618233 -398.769958
v 234.336990 63.619343 -314.866608
v 236.897293 70.935875 -334.918060
v 231.037216 63.587357 -352.650299
v 186.565933 66.951149 -423.222656
v 455.554016 247.838272 -805.765808
v 434.075836 253.810074 -1047.620972
v 507.210602 246.394730 -570.489563
v 305.488281 229.579803 -958.437988
v 372.599518 232.954407 -866.401733
v 291.043030 231.114151 -913.816956
v 264.791168 217.249741 -908.736694
v 361.661102 234.876083 -962.057190
v 413.388123 245.658234 -951.412415
v 280.610413 225.637238 -984.733215
v 266.926697 227.356583 -1047.738647
v 260.326111 227.686188 -948.724915
v 276.872528 220.413086 -865.745789
v 305.260468 230.713181 -831.222290
v 289.603821 216.274078 -828.116821
v 273.409760 212.877304 -813.759216
v 335.401459 239.733841 -1047.699951
v 177.463425 123.114265 -986.717957
v 143.068451 111.083115 -1023.695740
v 161.368927 118.277229 -1013.312683
v 140.313309 92.297134 -985.772217
v 151.765289 104.590134 -963.393066
v 182.189453 144.999649 -1004.664185
v 159.521057 125.906601 -1047.653320
v 129.624619 92.761406 -1017.711975
v 116.239746 86.799416 -932.618469
v 133.528275 91.820389 -933.609070
v 143.610443 110.745224 -926.662476
v 196.554062 174.035172 -975.525574
v 210.843109 218.125549 -1020.738647
v 227.384583 226.255402 -999.058777
v 197.452194 200.003296 -1048.058594
v 188.739563 194.702484 -1026.301270
v 206.742020 197.951706 -997.883484
v 210.802780 222.433762 -1047.856812
v 187.656647 189.020569 -1047.610718
v 173.572601 143.624664 -1023.593079
v 196.312988 192.937317 -1010.006958
v 92.965919 85.900620 -999.055237
v 65.779739 86.010956 -1047.450073
v 65.656998 81.095192 -983.452209
v 112.193634 93.867287 -1047.752075
v 118.144646 100.375046 -1034.183105
v 127.283051 112.651985 -1047.562012
v 29.404116 81.561005 -1047.516968
v 51.036087 80.120583 -1047.691284
v 9.698482 69.067406 -1047.822021
v 208.834244 178.464920 -878.061584
v 203.611008 164.197678 -888.936951
v 222.221542 198.669403 -878.436096
v 214.819702 184.730713 -900.195618
v 201.560562 191.122940 -916.220032
v 197.432678 158.146606 -903.354797
v 197.488953 156.288681 -879.583984
v 207.536224 158.006073 -862.118713
v 226.356796 198.550629 -908.468201
v 232.493881 199.323441 -889.392212
v 164.169861 117.634819 -898.900879
v 162.153458 116.286781 -944.362549
v 182.141083 140.500854 -901.599487
v 237.215485 196.866684 -859.044434
v 243.887787 196.382523 -803.725830
v 246.767059 206.160507 -841.122925
v 244.155807 197.126205 -825.818298
v 227.082336 197.750244 -863.433105
v 215.167603 182.071503 -850.057129
v 221.212769 217.830688 -958.582275
v 203.480621 192.424377 -982.995544
v 242.559586 206.538727 -935.988586
v 183.569839 156.530884 -948.108826
v 177.664688 141.367020 -937.032532
v 199.991653 196.661240 -938.172607
v 193.113373 180.361832 -925.116638
v 187.628006 159.379120 -923.619385
v 189.710602 180.999237 -943.367004
v 217.767700 200.649918 -945.452393
v 201.566986 195.175919 -964.298279
v 406.934357 239.047684 -785.085510
v 365.798737 237.471512 -695.785583
v 459.462921 241.687775 -679.813599
v 288.903534 223.821045 -765.448608
v 299.103455 232.073486 -789.423645
v 430.257324 242.044037 -644.430115
v -430.419586 215.528351 -796.377991
v -370.931061 196.444427 -864.531738
v -366.966370 201.656693 -788.363281
v -379.866547 192.467087 -886.089172
v -379.625458 153.445923 -916.378540
v -495.011536 228.772812 -766.172791
v -448.886871 226.060867 -804.418396
v -337.688171 172.505798 -815.613281
v -330.348450 162.229797 -803.367859
v -335.976288 161.447617 -787.947571
v -337.118958 152.222092 -779.270996
v -328.323883 151.381668 -818.696106
v -339.001434 165.093140 -832.507874
v -323.353333 151.888535 -839.091309
v -356.573486 194.379593 -803.862000
v -299.486847 144.218582 -800.762573
v -292.227722 132.033478 -809.705627
v -309.271332 145.632492 -787.830994
v -316.040863 151.842209 -803.506958
v -282.537506 103.496727 -780.850342
v -261.930878 82.820297 -773.040771
v -275.931915 102.519485 -797.140076
v -308.579773 145.112610 -821.121582
v -349.987946 174.025894 -856.824280
v -362.685822 161.369431 -896.091736
v -330.131042 155.599213 -870.845215
v -338.931183 156.488174 -851.640442
v -351.727661 167.280426 -884.365662
v -355.594513 192.445145 -833.803345
v -495.663818 226.025620 -968.483215
v -466.723206 225.547516 -899.755798
v -408.457397 196.123413 -918.401123
v -480.410034 211.572235 -987.058167
v -530.528809 225.833862 -1004.982056
v -528.116455 221.833893 -1047.894043
v -457.439514 226.317551 -668.382812
v -417.205841 210.942581 -649.994873
v -442.128265 214.496628 -687.981201
v -553.336731 246.748184 -734.203979
v -448.452332 224.555939 -632.538696
v -361.117920 189.296021 -735.012939
v -373.348663 199.185013 -759.669800
v -344.056763 167.121048 -726.571106
v -324.215393 145.925797 -703.472900
v -367.502747 190.628250 -685.920227
v -382.520142 192.851349 -660.724121
v -349.391876 168.944199 -704.594177
v -339.790955 153.660736 -702.204041
v -332.425201 151.203735 -713.966675
v -311.160889 145.182144 -766.159363
v -328.806488 145.522125 -746.104065
v -300.385498 117.214218 -739.368530
v -299.873718 123.656593 -763.413452
v -327.027740 145.769836 -760.418823
v -318.704803 125.271667 -746.423096
v -311.673584 121.302895 -738.580322
v -316.436218 143.589355 -717.770691
v -299.479492 122.916946 -776.479309
v -349.328400 176.240417 -769.234192
v -338.857574 150.105942 -732.337891
v -338.246094 151.946777 -757.825073
v -194.924286 6.860293 -915.012695
v -222.901855 22.749439 -934.899170
v -223.190063 12.197263 -960.028748
v -196.829376 0.785337 -976.592407
v -244.226028 27.987152 -927.517700
v -246.380905 27.527094 -957.022400
v -258.344910 42.379341 -929.662354
v -257.795197 37.541374 -908.836365
v -174.004013 1.875779 -915.370117
v -177.316757 0.507344 -943.290894
v -115.585724 19.054670 -913.545227
v -168.554672 7.941665 -962.941589
v -250.706299 27.582010 -977.959412
v -262.548035 9.262004 -1025.784912
v -282.213623 13.280036 -1047.722778
v -263.662598 42.193153 -956.697388
v -231.269867 44.141102 -856.175415
v -246.830536 70.897560 -869.610413
v -242.796722 62.408382 -861.115967
v -262.652313 99.128304 -860.713440
v -206.997406 28.232851 -855.388306
v -225.018784 31.982098 -884.637695
v -252.433441 37.546188 -895.053162
v -252.328842 59.787899 -885.233582
v -230.572098 28.130690 -893.611450
v -240.448624 59.587009 -879.361450
v -243.621796 63.440582 -830.186096
v -238.440399 54.988312 -824.796875
v -271.780731 106.112907 -811.066895
v -265.098907 99.287361 -833.497681
v -254.084824 90.721802 -823.248291
v -252.603455 82.404907 -846.824036
v -254.410370 79.890434 -801.156555
v -253.023972 61.345264 -793.739136
v -234.720566 29.811924 -803.711304
v -221.554932 46.864128 -839.457581
v -226.673035 43.506550 -832.127258
v -243.548447 59.424694 -840.454285
v -237.147614 59.061726 -845.985718
v -193.598709 16.624563 -866.181396
v -147.197067 2.289632 -891.264771
v -124.495392 16.638201 -1025.192505
v -79.711479 26.777979 -998.680359
v -65.535934 24.261703 -958.824768
v -60.038754 40.269650 -1025.067627
v -51.097195 62.309803 -1031.302490
v -65.217995 60.127548 -1047.876465
v -55.717514 45.384945 -992.842163
v -47.740189 62.726467 -999.908569
v -30.292006 74.685837 -1047.694702
v -40.680717 64.315369 -1047.783447
v -98.322289 30.403746 -1047.607300
v -172.391220 0.558441 -1025.092651
v -185.261490 8.587625 -1005.085205
v -143.811920 7.108975 -987.985901
v -198.542908 9.234883 -1047.746704
v -166.669510 9.239310 -1047.908325
v -221.374680 0.022309 -1047.622192
v -203.917770 0.795894 -1002.114868
v -364.479004 140.432968 -997.112305
v -358.599548 125.862442 -986.663391
v -369.142578 133.620285 -1007.212646
v -368.927795 145.200790 -976.169678
v -384.468170 152.269989 -981.376831
v -351.007599 114.094254 -1010.826050
v -333.702911 95.148781 -984.353210
v -378.608215 128.170624 -1023.854797
v -387.285492 144.425217 -1018.349487
v -364.764160 116.858864 -1025.406372
v -392.437042 143.976837 -1047.869995
v -391.123688 152.412338 -998.278442
v -372.061676 145.040329 -943.060059
v -387.228516 151.910004 -959.679626
v -392.042603 170.130447 -966.689575
v -387.904114 153.313293 -940.434448
v -387.267914 152.837753 -925.832092
v -358.691772 124.628731 -963.792175
v -340.363312 101.668549 -956.419495
v -322.733795 55.379513 -1014.131897
v -306.351776 28.969070 -1028.113892
v -318.493195 37.593849 -1047.530396
v -331.074005 58.217606 -1035.383789
v -327.394348 62.063972 -1025.404663
v -313.532898 41.230801 -1003.895203
v -328.855499 95.040268 -998.674316
v -281.836914 27.621811 -1002.325073
v -345.672333 97.064491 -1030.338989
v -346.698242 95.635391 -1047.652588
v -331.354401 61.357368 -1047.902588
v -373.251404 110.795219 -1047.682861
v -338.037170 100.313705 -1015.060730
v -445.113464 195.331757 -1026.368774
v -416.740204 191.936996 -1007.865417
v -444.065674 197.514572 -1047.733765
v -415.259186 198.408142 -980.004028
v -418.725311 151.039825 -1039.241577
v -424.983154 166.955154 -1036.205078
v -417.650574 155.452560 -1047.540527
v -399.432983 175.377579 -980.247681
v -404.998352 169.116898 -1010.900513
v -399.714233 152.151901 -1009.224915
v -405.916107 153.078262 -1025.275146
v -309.885956 121.265114 -895.308960
v -315.974762 145.088425 -882.972839
v -292.130280 102.817398 -884.450806
v -320.036957 104.347900 -917.958130
v -301.284149 100.748924 -908.794067
v -279.829529 96.016106 -896.702026
v -274.214569 65.915649 -916.060669
v -269.294403 58.302723 -907.553284
v -347.000854 150.814255 -891.562805
v -330.313049 143.096649 -903.163269
v -346.656708 144.280457 -920.372864
v -367.196167 149.295715 -908.863464
v -295.162506 128.214462 -839.815308
v -284.956268 111.251442 -833.968750
v -300.650635 130.279388 -852.300049
v -296.385101 124.832985 -826.910522
v -280.637695 110.970520 -854.435120
v -306.822479 145.042938 -859.829895
v -284.208801 112.240997 -815.635254
v -275.884644 92.651466 -884.396729
v -267.041901 65.040146 -894.244263
v -298.214752 130.215805 -866.887451
v -283.183746 32.685257 -970.968323
v -300.660065 38.323524 -980.561035
v -293.607910 59.330917 -960.690308
v -294.528168 65.582520 -944.775208
v -278.700623 39.940376 -955.718567
v -310.372009 65.933846 -967.343384
v -316.692474 61.152042 -990.170166
v -275.149536 43.964371 -942.280334
v -269.855713 49.715858 -927.820068
v -340.435425 112.587151 -936.609314
v -348.039062 125.786613 -941.434448
v -325.292664 100.916359 -935.061646
v -316.818634 85.783691 -952.150269
v -361.416351 143.758789 -929.198608
v -361.959808 132.432846 -943.101318
v -294.698395 87.270271 -927.834534
v -309.847198 90.633057 -934.002991
v -281.036163 57.875557 -925.416748
v -301.505341 62.828049 -955.569824
v -630.856262 246.645386 -887.525940
v -640.326172 246.132095 -970.613647
v -639.308472 245.227951 -1047.662964
v -609.155029 233.597031 -924.643616
v -612.717285 245.583282 -823.573059
v -209.452011 126.415520 -426.491974
v -193.339294 126.066521 -420.111267
v -232.153549 129.795380 -435.128662
v -214.872833 126.379532 -412.768646
v -184.894760 125.207230 -396.153992
v -200.124008 110.771767 -441.093384
v -202.883057 116.808022 -460.168762
v -195.698792 86.089561 -450.873779
v -254.254593 142.494354 -403.770874
v -234.900421 144.385910 -394.849182
v -159.519043 102.224083 -395.988159
v -180.573410 105.335472 -419.138977
v -174.673538 110.154282 -403.453857
v -170.952866 99.698029 -422.121338
v -142.134491 66.544144 -404.965149
v -153.440140 84.651764 -407.758545
v -174.872513 80.785484 -436.115875
v -185.416229 100.501076 -438.027130
v -240.884293 141.577667 -476.630859
v -239.081207 125.034859 -452.439972
v -231.267197 126.638199 -468.290497
v -243.653427 135.441620 -464.113586
v -214.625671 123.629417 -453.056427
v -198.790924 117.309914 -471.582031
v -227.122849 125.429192 -479.535370
v -246.509323 148.435425 -508.063232
v -256.494446 146.884613 -502.101044
v -254.828125 153.907394 -487.563141
v -244.927094 143.651352 -493.649048
v -235.382889 130.057434 -499.770447
v -255.703384 164.874969 -516.872559
v -251.041656 157.211777 -475.894043
v -259.589447 161.488083 -464.567719
v -237.120285 132.139191 -486.256073
v -263.074768 150.727966 -417.607727
v -258.612640 141.108475 -444.436859
v -235.198105 145.157578 -335.898071
v -241.678452 148.659698 -342.231049
v -257.488373 175.804321 -330.388245
v -214.907425 121.504456 -339.593079
v -223.677399 127.635910 -333.002106
v -207.833847 123.432022 -324.631836
v -198.889359 99.136284 -332.982300
v -222.717316 126.475090 -348.346527
v -248.131363 146.732162 -376.406708
v -231.795868 138.502472 -368.269653
v -247.906631 153.110352 -386.958893
v -260.066925 157.017441 -381.894897
v -265.249695 159.073730 -351.737091
v -248.565491 191.972610 -291.342010
v -244.866547 182.002869 -305.883850
v -264.112061 203.208542 -289.354065
v -236.617386 187.077103 -286.235260
v -226.963577 164.297745 -318.858185
v -253.981949 184.970276 -314.448883
v -250.788620 213.379013 -272.313080
v -216.847519 136.174759 -325.801697
v -222.164627 161.924820 -306.869263
v -240.260376 165.381653 -321.705750
v -181.969238 109.363525 -364.840881
v -205.278687 112.322388 -347.042664
v -164.441864 107.959404 -358.446472
v -173.914261 118.298172 -374.485901
v -178.575989 93.594017 -349.888092
v -155.612976 105.463516 -379.447754
v -164.675751 119.289665 -385.470245
v -140.895844 87.530205 -384.310791
v -217.783875 137.420135 -381.669922
v -204.692108 128.360825 -369.828735
v -79.934822 13.251698 -476.332733
v -112.693527 0.411581 -458.484528
v -123.762169 1.880742 -495.305023
v -136.430664 0.670024 -519.066162
v -132.020828 7.450761 -470.305878
v -138.375732 29.169418 -438.867676
v -121.111183 33.578640 -402.411438
v -115.815697 17.085594 -407.842468
v -130.588318 58.322670 -401.190277
v -85.233871 13.219419 -440.030670
v -16.562103 32.276718 -476.191650
v -58.417397 26.740795 -513.192932
v -82.369492 18.313520 -518.181519
v -102.628067 12.823292 -521.381836
v -188.031906 36.652164 -504.204010
v -194.977402 72.160461 -491.475647
v -173.677658 39.861034 -488.764954
v -194.597733 40.753277 -521.674683
v -196.724533 51.297722 -504.450684
v -184.140564 60.021660 -475.091766
v -195.622116 72.841072 -482.571045
v -192.040634 78.446419 -469.661621
v -194.245850 84.380508 -460.298065
v -187.631729 58.807808 -487.659668
v -160.616577 25.292364 -509.291016
v -142.636200 6.190972 -503.773163
v -181.028961 21.052740 -532.969604
v -224.953918 120.439186 -500.185181
v -219.825409 108.148682 -512.714294
v -231.034821 119.682014 -511.475250
v -228.702164 114.778381 -526.360046
v -211.144058 100.670944 -513.192200
v -214.519974 111.261971 -512.468994
v -210.671051 66.928818 -529.005371
v -218.508316 102.567513 -524.762146
v -240.222137 119.465813 -526.687073
v -213.057678 122.949814 -491.492798
v -204.342102 107.068375 -490.466827
v -202.540894 87.932762 -511.105164
v -161.325699 54.713951 -452.303040
v -164.929596 70.541618 -442.554199
v -146.949524 32.678417 -460.674133
v -155.779099 62.379971 -431.042419
v -170.924362 53.578354 -453.282684
v -181.985458 57.426552 -465.543427
v -183.985580 65.811035 -454.907379
v -166.525070 72.483757 -435.764069
v -152.058533 61.757759 -417.549835
v -135.396759 58.159180 -412.688629
v -148.844116 25.525202 -484.245331
v -355.666260 202.678894 -486.563995
v -345.588226 194.888046 -467.899353
v -326.341095 195.179504 -439.342957
v -394.395538 225.604599 -466.036285
v -404.951263 223.447983 -530.222839
v -341.789673 206.551758 -443.116302
v -301.589752 181.871460 -481.401001
v -325.714294 191.996490 -523.321594
v -310.501648 191.427780 -479.251434
v -298.798004 173.816696 -521.765015
v -277.484100 177.001602 -506.593903
v -283.090881 171.317322 -530.267334
v -432.319397 225.526093 -570.064697
v -313.211121 198.990417 -349.597046
v -329.045959 220.154510 -364.597198
v -295.364716 181.829727 -368.387238
v -322.188049 204.228470 -380.908630
v -277.047455 152.992462 -386.754089
v -292.671478 164.100021 -397.232086
v -310.330475 183.398087 -388.356689
v -290.678925 199.037231 -312.760590
v -266.742096 189.167282 -307.238251
v -279.174896 182.331406 -332.681824
v -283.708618 174.997253 -352.169373
v -269.350342 169.705521 -367.502380
v -294.133148 193.271378 -337.264008
v -292.246216 180.362534 -452.500122
v -296.948120 178.498871 -431.068970
v -286.299194 171.258377 -434.078369
v -273.323853 164.144028 -456.566956
v -267.518921 157.696838 -396.749725
v -273.538788 174.314011 -489.284302
v -324.101685 207.769516 -403.103180
v -293.402557 173.713608 -410.698364
v -105.020073 33.758652 -208.924988
v -111.477249 50.190563 -211.452316
v -100.914017 1.735537 -193.565659
v -98.891228 5.668279 -211.499695
v -118.863014 59.655987 -205.711548
v -127.840363 73.290627 -197.586517
v -105.406792 9.644296 -198.777435
v -79.358528 0.295331 -217.582993
v -116.436668 47.396664 -236.343475
v -122.859039 70.193214 -240.139938
v -100.443459 8.629041 -229.223694
v -112.676399 38.684074 -227.902420
v -110.081902 25.207487 -243.288574
v -135.651642 56.667130 -250.008606
v -124.778610 58.282032 -248.963684
v -124.569778 84.697952 -211.283127
v -120.199394 61.322685 -222.939865
v -130.694763 101.183548 -217.568604
v -119.326508 82.785614 -213.011017
v -130.703705 88.368309 -228.417084
v -136.380951 99.317566 -204.563705
v -131.049957 78.192429 -198.697067
v -110.250626 32.340687 -219.799225
v -116.943680 45.241455 -176.560059
v -112.095268 36.884079 -165.359512
v -123.199562 75.690216 -172.729599
v -122.369591 70.254646 -162.072693
v -133.237274 96.859215 -168.926407
v -120.437935 46.852802 -184.360886
v -128.297302 67.013458 -188.539963
v -133.668350 109.399841 -179.572449
v -110.574753 24.760307 -144.270203
v -128.725464 76.981438 -154.845688
v -122.016335 45.145081 -136.755630
v -130.721695 66.795738 -138.329544
v -104.576309 11.675980 -162.819458
v -97.990082 -0.536127 -172.476913
v -117.541969 27.065598 -195.475388
v -111.063644 25.523819 -180.697601
v -42.891178 8.512804 -243.008347
v -35.137211 16.484739 -231.461136
v -78.568741 8.270475 -237.781296
v -95.083435 0.724367 -237.852463
v -97.976044 0.860435 -259.348999
v -90.918457 1.354420 -283.135773
v -106.630219 17.440847 -255.513428
v -112.108734 15.949350 -263.746704
v -106.732262 5.408562 -246.537033
v -178.690323 147.526779 -239.276337
v -187.849716 172.668304 -232.171600
v -174.988876 143.048569 -233.271072
v -184.254196 127.931747 -256.285919
v -181.581924 130.294418 -246.887100
v -186.997238 140.173141 -249.059906
v -193.893082 134.874588 -255.939911
v -189.357681 164.726822 -238.171173
v -201.821915 188.866974 -233.594360
v -202.995193 214.051682 -217.189514
v -191.513199 191.525879 -226.562683
v -187.152252 195.783127 -204.975266
v -178.752487 179.830185 -216.848328
v -162.283859 154.743454 -219.844193
v -154.570862 89.501808 -247.569550
v -153.885895 69.102013 -257.380646
v -160.064240 118.639305 -238.444427
v -160.584274 80.508247 -255.318695
v -147.310898 72.083153 -255.392349
v -142.431259 86.159683 -245.638702
v -136.668610 52.675537 -263.210724
v -152.691360 66.570068 -263.773773
v -178.889069 114.631783 -255.674484
v -169.331390 90.659538 -259.444397
v -187.245590 106.592041 -265.942139
v -170.387268 131.824448 -247.631561
v -218.524658 181.539719 -247.647247
v -213.477966 169.795532 -237.738724
v -230.156921 185.802872 -247.349503
v -228.029800 194.532013 -239.463272
v -207.822617 160.721115 -250.702026
v -207.786407 148.166687 -266.475403
v -216.869125 170.384384 -261.821716
v -198.811707 134.982574 -256.659241
v -233.453323 180.832855 -261.632782
v -197.033463 137.374222 -250.065201
v -157.218079 151.251572 -180.371490
v -153.430252 160.637375 -191.139999
v -163.600815 167.446198 -183.548111
v -146.491043 123.545486 -176.675705
v -163.237274 146.519974 -174.918671
v -157.239746 122.738228 -166.803146
v -150.266815 127.090370 -174.435562
v -139.122238 114.690918 -187.559082
v -141.977127 112.263390 -181.204269
v -141.209534 133.746201 -193.734940
v -175.367935 181.141647 -191.938721
v -174.289780 173.546921 -185.676987
v -169.611359 165.480255 -176.964310
v -144.441071 98.961227 -154.552460
v -138.942703 94.510475 -164.813171
v -144.605438 106.164299 -165.836563
v -132.349533 80.987656 -158.792816
v -138.431793 85.667519 -149.991058
v -148.303345 122.815376 -223.307434
v -138.324829 110.600044 -224.347015
v -157.733383 130.629333 -232.570297
v -137.763275 112.112175 -213.306122
v -174.913620 182.235504 -203.178711
v -160.498520 156.241180 -209.564667
v -149.028854 142.787262 -209.168182
v -57.446533 0.067478 -104.873451
v -64.423035 28.387331 -94.557358
v -64.337486 39.093697 -78.223526
v -55.671310 26.370592 -79.391785
v -93.183220 37.474312 -117.552658
v -103.800316 34.282639 -122.587852
v -75.303062 0.147460 -126.255577
v -112.359436 27.810535 -132.783905
v -122.948715 32.704144 -128.429642
v -73.264008 20.046532 -114.112015
v -37.872272 18.479231 -52.872330
v -35.568550 5.746134 -64.403023
v -18.831333 12.385037 -45.449352
v -19.934824 0.764538 -63.570679
v -49.208950 23.363438 -66.143944
v -39.535439 0.704771 -78.776260
v -42.871853 21.585981 -166.354202
v -90.076630 0.449446 -151.829361
v -54.340641 13.334423 -167.611481
v -98.231667 19.227280 -148.693359
v -62.911137 17.992994 -382.898315
v -44.714790 24.330320 -370.532288
v -73.063271 14.114204 -362.261719
v -9.758558 28.279959 -361.309937
v -16.775776 40.228180 -421.624908
v -95.350563 1.071713 -369.408600
v -78.645058 8.512745 -371.428284
v -101.064552 0.718198 -402.119720
v -81.025505 16.119761 -403.759705
v -108.786880 16.620672 -370.039978
v -89.429955 0.005773 -336.746887
v -8.760984 14.797129 -285.878937
v -17.628548 46.627319 -445.361237
v -34.024891 32.788036 -463.874054
v -54.170238 23.159485 -429.517822
v -70.302963 25.079185 -440.605957
v -99.624680 1.087395 -419.398590
v -153.580780 50.665195 -302.573975
v -127.076515 45.710796 -315.645172
v -166.788895 52.507812 -293.188721
v -146.508606 64.232811 -328.245483
v -182.379944 77.573143 -332.077820
v -177.347244 58.553322 -305.499451
v -134.038300 36.448387 -292.913605
v -136.241425 37.424332 -272.231720
v -121.982559 28.453405 -269.158295
v -144.422012 91.098656 -343.729156
v -130.111038 77.391655 -349.598633
v -125.255775 68.677094 -365.142090
v -151.847565 80.387505 -335.286987
v -218.703766 159.653137 -287.422241
v -215.381760 158.663361 -274.226501
v -192.345245 75.688660 -292.962341
v -204.599365 96.866531 -293.887024
v -199.770218 124.625000 -265.571350
v -201.260361 102.974640 -280.593018
v -201.166840 93.675346 -308.429108
v -207.987289 121.231445 -306.361176
v -194.934586 84.823441 -319.515198
v -234.032257 192.590271 -272.091370
v -228.903198 175.551651 -283.620514
v -175.229675 66.667496 -276.363770
v -173.015259 75.631653 -263.231628
v -179.873978 58.381054 -288.879913
v -160.191818 55.099514 -269.004883
v -192.366699 75.276756 -303.811127
v -192.604004 89.932556 -282.071808
v -186.572159 95.117371 -273.821442
v -65.529861 10.082848 -305.650024
v -114.911407 28.628023 -282.124969
v -111.929359 21.279217 -294.649933
v -110.869904 20.099262 -333.348785
v -123.269646 38.272663 -328.660828
v -118.307350 40.314415 -345.901428
v -125.676605 38.261532 -301.232208
v -110.188972 10.233762 -314.782623
v -109.029182 0.187334 -756.356140
v -96.775070 13.993946 -705.459839
v -91.864769 12.478555 -738.590088
v -63.527000 26.007198 -732.516846
v -156.986496 10.625150 -792.623169
v -116.485535 0.751095 -697.967590
v -121.060966 11.497046 -662.885010
v -140.710648 1.163283 -664.217468
v -72.168236 22.441212 -704.419861
v -43.363380 31.165091 -750.563904
v -49.574604 26.696266 -780.083740
v -32.206440 36.446064 -775.262878
v -24.011707 58.781837 -799.934570
v -22.645435 53.016209 -763.443787
v -20.694437 56.090675 -779.262512
v -91.718147 0.467554 -770.919678
v -158.575470 5.439612 -727.003662
v -205.319580 17.031494 -753.346619
v -187.624481 22.604738 -725.157471
v -194.698471 28.339384 -708.296082
v -233.981766 36.463196 -763.523376
v -243.058578 38.893539 -783.062805
v -255.262192 69.965279 -782.557068
v -245.125549 47.587399 -771.015564
v -162.267563 1.955618 -672.958252
v -60.148499 29.264170 -591.378723
v -58.379963 39.530083 -645.883850
v -76.352356 30.237053 -580.926331
v -19.383295 36.380867 -663.251282
v -90.734352 25.210859 -643.319153
v -86.611404 25.987909 -629.732300
v -75.353737 34.946747 -627.367188
v -36.294071 30.695183 -547.225159
v -20.063805 40.800320 -564.240112
v -23.731785 32.435455 -595.847046
v -34.187180 48.130295 -709.476990
v -8.334763 41.196964 -711.429688
v -85.183655 22.987635 -680.648621
v -60.182751 43.070393 -684.429688
v -63.334576 34.220398 -713.343201
v -88.834671 27.411472 -660.178772
v -67.077698 33.934113 -693.634827
v -34.875061 49.494713 -857.480042
v -50.334469 38.419895 -897.585693
v -30.788378 62.497868 -883.356750
v -62.172211 25.887980 -892.916382
v -72.803772 20.777239 -853.052856
v -32.059639 62.236477 -911.812683
v -11.721462 64.373451 -886.242676
v -87.692162 20.166178 -902.485840
v -25.506069 60.771809 -838.701904
v -29.121195 61.833637 -857.322388
v -36.397305 39.605064 -801.707703
v -40.401958 30.990101 -828.108643
v -15.001666 60.653717 -824.647034
v -17.860041 64.750526 -978.059265
v -33.532074 62.796425 -958.603577
v -44.723923 61.884651 -981.924805
v -38.846420 47.232838 -953.935364
v -79.118240 20.412491 -924.427124
v -54.617188 31.235777 -934.858948
v -186.117279 20.874500 -833.239685
v -223.634094 31.818226 -818.459167
v -242.044128 39.589466 -798.178528
v -194.910950 14.980042 -792.547424
v -106.750931 1.707695 -811.167664
v -64.574333 18.515789 -815.029785
v -125.646790 -0.022253 -871.585266
v -122.544685 1.487548 -839.574829
v -326.049438 150.795624 -621.086609
v -300.948151 145.888824 -638.523926
v -330.115021 147.182068 -645.322021
v -329.990143 152.907990 -635.406494
v -308.168091 145.425171 -600.618469
v -325.506927 152.991959 -589.257080
v -283.302216 129.408569 -634.820374
v -284.876221 103.238159 -648.328430
v -294.152374 116.324829 -652.951172
v -273.477753 103.898766 -642.897156
v -270.659027 96.062927 -664.493652
v -256.763458 86.908157 -653.197327
v -305.702759 128.266571 -650.131226
v -317.098694 145.880081 -650.508606
v -354.667877 165.789902 -645.758667
v -348.219879 153.768906 -641.717957
v -352.876801 154.497955 -654.985046
v -359.595428 172.839981 -624.054199
v -343.691162 164.271774 -628.210876
v -373.484894 183.974091 -642.935974
v -343.506775 164.086655 -620.266235
v -341.119415 163.364746 -612.929382
v -349.087006 159.414017 -616.014526
v -337.713043 155.042496 -601.340332
v -274.965759 150.982590 -580.243713
v -295.071808 160.474670 -571.496887
v -290.112885 160.037674 -560.822021
v -269.311584 116.245850 -592.713745
v -262.892883 117.806816 -586.076477
v -283.468597 151.949310 -593.823486
v -306.543182 154.945190 -589.590027
v -311.091705 162.223083 -581.378174
v -281.804688 162.019302 -544.143616
v -263.896515 149.845062 -549.684021
v -260.893341 138.062790 -554.101318
v -259.577942 156.055527 -533.262268
v -266.689392 128.308456 -571.189331
v -273.939423 151.618195 -563.238647
v -271.488525 122.735977 -614.619629
v -264.498962 100.866333 -620.399780
v -288.907135 145.364746 -619.010376
v -265.295868 113.851791 -597.981445
v -280.455170 142.078934 -602.641541
v -265.136169 105.809212 -610.862000
v -260.499603 96.803261 -636.134216
v -282.446442 132.577881 -628.304443
v -288.377289 141.641602 -609.723267
v -281.656189 110.506088 -708.869751
v -271.848480 101.242386 -702.779541
v -256.506927 99.143616 -729.107971
v -307.573792 133.073975 -724.314148
v -314.303650 128.491028 -701.632996
v -297.364838 112.769485 -702.881592
v -257.853577 94.187141 -692.610046
v -292.955902 107.582748 -682.127686
v -255.693604 69.104431 -670.217102
v -254.267487 86.184135 -743.092407
v -287.087708 103.249725 -759.562195
v -285.494995 103.384377 -732.780518
v -299.130341 127.027321 -726.327026
v -342.009705 149.957413 -671.915405
v -341.401794 155.051025 -689.008301
v -347.580139 160.907928 -679.067444
v -326.271729 144.191757 -679.274292
v -358.395905 164.533890 -662.115723
v -304.483307 117.019409 -671.145752
v -287.608215 102.313255 -662.473511
v -308.925079 113.601662 -680.438110
v -414.674866 213.453201 -570.719177
v -383.798431 195.665771 -626.707336
v -335.882812 199.288666 -562.696777
v -347.069733 205.749680 -529.561890
v -347.445587 193.788101 -583.181885
v -330.050476 173.549911 -581.250977
v -295.229004 163.213409 -545.595642
v -305.239899 174.789230 -535.194458
v -305.500275 177.553864 -551.247925
v -295.050751 170.996536 -553.682312
v -316.404053 182.729156 -565.071106
v -373.254333 193.334900 -604.408020
v -355.811707 172.887299 -604.612000
v -160.693542 0.792544 -574.428345
v -177.285645 7.722911 -579.455750
v -150.642471 11.161201 -570.359680
v -158.657837 0.583584 -542.587463
v -118.020706 25.072945 -552.707520
v -127.816200 17.605463 -560.001465
v -141.954926 8.597900 -610.299316
v -167.056290 0.434432 -626.874878
v -138.077316 12.671169 -639.860107
v -159.629059 0.094404 -597.737854
v -217.117828 39.579094 -558.261353
v -215.991623 55.986809 -545.810974
v -224.020477 73.771538 -551.235962
v -204.706711 35.942234 -535.513916
v -201.316284 28.384209 -548.464233
v -242.883453 115.220596 -541.780090
v -230.236603 101.090607 -540.075500
v -231.131332 97.263939 -551.400513
v -227.479645 82.018196 -557.250061
v -218.854309 79.647293 -540.125854
v -91.418732 26.014051 -557.507874
v -71.173752 31.397928 -537.602356
v -98.065117 21.592613 -529.646667
v -96.264809 26.082956 -586.619263
v -224.171936 33.198017 -684.425354
v -210.982590 30.148180 -639.351013
v -215.087372 50.277180 -705.820190
v -235.720444 37.230511 -654.930359
v -241.873093 47.234257 -673.985596
v -248.437469 60.457298 -654.392456
v -235.439667 58.511768 -734.466858
v -233.989944 71.826340 -721.231628
v -233.051910 40.163841 -745.430359
v -239.369446 61.137302 -741.324646
v -248.932541 99.392853 -720.562073
v -211.255646 37.805199 -721.295288
v -221.522186 32.034008 -734.768738
v -245.162537 61.583412 -754.187988
v -257.077881 80.196556 -757.440186
v -249.663223 71.061935 -685.023499
v -238.445129 57.047958 -688.678345
v -222.173859 61.993717 -717.565491
v -232.399277 69.343918 -697.042786
v -243.855362 90.270615 -701.278442
v -234.904526 37.574078 -603.800354
v -232.640747 41.477959 -589.024109
v -246.667450 80.560509 -608.776306
v -230.166397 35.953560 -621.194946
v -242.756607 63.998455 -598.527588
v -245.202011 75.659744 -588.513855
v -256.911224 102.569321 -587.445923
v -215.998215 25.147259 -585.443359
v -252.239029 85.509148 -627.867676
v -247.234802 73.086731 -619.835449
v -238.598022 54.263496 -624.431580
v -252.686523 72.825699 -639.052734
v -257.150391 97.768150 -606.630249
v -250.537277 89.044495 -599.123108
v -243.014709 108.139030 -566.693176
v -254.579300 119.303185 -575.083618
v -253.142700 135.438583 -552.533081
v -249.137131 141.570663 -531.157837
v -226.054733 47.959949 -570.452026
v -246.606079 100.251511 -579.491272
v -234.291855 83.742065 -573.613708
v -185.976196 13.006534 -657.138855
v -200.661545 17.592434 -605.907349
v -236.071136 44.717411 -633.927979
vn -0.0751 0.9948 -0.0685
vn -0.0497 0.9919 -0.1166
vn -0.0421 0.9986 -0.0326
vn -0.2097 0.9544 -0.2126
vn -0.0615 0.9981 -0.0061
vn -0.0004 0.9648 -0.2630
vn -0.0279 0.9993 -0.0251
vn -0.3271 0.7835 -0.5283
vn -0.2783 0.8723 -0.4020
vn -0.5521 0.6524 -0.5191
vn -0.2171 0.6252 -0.7497
vn -0.3476 0.7377 -0.5788
vn -0.0435 0.9526 -0.3011
vn -0.2373 0.5894 -0.7722
vn -0.2913 0.8073 -0.5133
vn -0.2458 0.8131 -0.5277
vn -0.3205 0.7436 -0.5868
vn 0.0441 0.8837 -0.4659
vn 0.2158 0.8427 -0.4932
vn 0.1050 0.9444 -0.3117
vn -0.4025 0.6768 -0.6163
vn -0.2907 0.7615 -0.5794
vn -0.4859 0.5079 -0.7113
vn -0.1682 0.5189 -0.8381
vn -0.1730 0.9384 -0.2990
vn -0.1326 0.7150 -0.6865
vn -0.1406 0.9884 0.0567
vn -0.1035 0.9946 -0.0057
vn -0.3232 0.9021 0.2860
vn -0.2514 0.9632 0.0951
vn -0.4091 0.8968 0.1683
vn 0.0119 0.9884 -0.1513
vn -0.0408 0.9844 -0.1710
vn -0.0002 0.9965 -0.0840
vn 0.0031 0.9751 -0.2218
vn 0.0185 0.9030 -0.4292
vn 0.0091 0.9764 -0.2160
vn -0.1324 0.9742 -0.1825
vn -0.2003 0.7515 -0.6286
vn -0.2490 0.7602 -0.6001
vn -0.1545 0.9262 -0.3440
vn -0.1788 0.9659 -0.1871
vn -0.4048 0.7796 -0.4779
vn -0.3768 0.7586 -0.5315
vn -0.2282 0.7795 -0.5834
vn -0.1767 0.8137 -0.5538
vn -0.3124 0.8648 -0.3930
vn -0.5057 0.6732 -0.5395
vn -0.2817 0.9285 -0.2421
vn -0.2413 0.8724 -0.4251
vn -0.3732 0.8421 -0.3893
vn -0.4890 0.6259 -0.6075
vn -0.2107 0.7140 -0.6676
vn -0.3788 0.5231 -0.7634
vn -0.1402 0.6842 -0.7156
vn -0.1939 0.5553 -0.8088
vn -0.4845 0.6326 -0.6042
vn -0.3842 0.7051 -0.5960
vn -0.3113 0.6310 -0.7106
vn -0.3039 0.8579 -0.4143
vn -0.1437 0.8420 -0.5200
vn -0.3034 0.8137 -0.4959
vn -0.4136 0.4740 -0.7773
vn -0.4485 0.8321 -0.3262
vn -0.2370 0.8436 -0.4819
vn -0.5202 0.8534 -0.0323
vn -0.8404 0.2271 -0.4921
vn -0.4883 0.8653 -0.1130
vn -0.1152 0.9277 -0.3551
vn -0.0526 0.9897 -0.1334
vn 0.0385 0.9063 -0.4208
vn -0.2009 0.8968 -0.3942
vn -0.3990 0.7584 -0.5153
vn -0.3338 0.8787 -0.3411
vn -0.2997 0.8502 -0.4328
vn -0.2770 0.8917 -0.3579
vn 0.0675 0.8203 -0.5679
vn -0.3924 0.8795 -0.2693
vn -0.0824 0.9475 -0.3090
vn -0.2115 0.9534 -0.2152
vn -0.1173 0.9203 -0.3733
vn -0.0286 0.8992 -0.4366
vn -0.1210 0.9923 0.0259
vn -0.1998 0.9089 -0.3659
vn 0.0525 0.7586 -0.6494
vn -0.0211 0.7700 -0.6377
vn -0.2563 0.9646 -0.0623
vn -0.2387 0.9650 -0.1082
vn -0.3669 0.9302 -0.0065
vn -0.5084 0.8463 -0.1588
vn -0.2488 0.9530 -0.1732
vn -0.3619 0.9311 -0.0462
vn -0.5165 0.8509 0.0960
vn -0.4571 0.8894 -0.0021
vn -0.4616 0.8180 -0.3434
vn -0.6155 0.7853 -0.0670
vn -0.3702 0.8894 -0.2681
vn -0.5980 0.7715 0.2173
vn -0.3490 0.9058 -0.2403
vn -0.0184 0.8137 -0.5810
vn 0.0545 0.9779 -0.2017
vn 0.0748 0.9721 -0.2222
vn 0.1309 0.9304 -0.3425
vn -0.0925 0.9078 -0.4090
vn 0.1342 0.8126 -0.5671
vn -0.0010 0.7571 -0.6534
vn 0.3500 0.8162 -0.4597
vn 0.1257 0.6404 -0.7577
vn 0.3037 0.6813 -0.6660
vn -0.0694 0.7869 -0.6131
vn 0.0890 0.5389 -0.8376
vn 0.0826 0.7535 -0.6522
vn 0.2025 0.8998 -0.3864
vn 0.1583 0.9256 -0.3439
vn 0.2012 0.8768 -0.4368
vn -0.2438 0.9525 -0.1827
vn -0.3252 0.8788 -0.3492
vn -0.1409 0.9116 -0.3862
vn -0.0427 0.8593 -0.5097
vn -0.5514 0.6391 -0.5362
vn -0.4366 0.7274 -0.5294
vn -0.4976 0.7344 -0.4615
vn -0.5332 0.6446 -0.5478
vn -0.6651 0.7401 -0.1001
vn -0.2690 0.8596 -0.4345
vn -0.4351 0.7096 -0.5543
vn -0.4540 0.6884 -0.5656
vn -0.4372 0.7111 -0.5506
vn -0.5096 0.7136 -0.4807
vn -0.6154 0.7003 -0.3617
vn -0.6367 0.7711 -0.0011
vn -0.5278 0.8232 0.2092
vn -0.3551 0.9314 -0.0803
vn -0.6057 0.7623 0.2282
vn -0.4784 0.8733 -0.0923
vn -0.5819 0.8130 0.0208
vn -0.2686 0.6397 -0.7202
vn -0.0959 0.9314 -0.3510
vn -0.0304 0.7787 -0.6267
vn -0.2581 0.8621 -0.4362
vn -0.5852 0.6572 -0.4751
vn -0.3537 0.7182 -0.5992
vn -0.3135 0.7509 -0.5813
vn -0.0755 0.7794 -0.6219
vn -0.1063 0.9349 -0.3386
vn -0.6635 0.7481 0.0019
vn -0.7955 0.6036 -0.0537
vn -0.5805 0.7812 -0.2295
vn -0.4503 0.8882 -0.0911
vn -0.7220 0.6193 -0.3085
vn -0.3737 0.8604 -0.3465
vn -0.3966 0.8077 -0.4361
vn -0.3663 0.8552 -0.3667
vn -0.3148 0.9113 -0.2654
vn -0.2384 0.9282 -0.2857
vn -0.6691 0.5798 -0.4650
vn -0.2055 0.8402 -0.5018
vn -0.4363 0.7860 -0.4379
vn -0.5225 0.8525 -0.0166
vn -0.0930 0.9948 0.0414
vn -0.3263 0.7018 -0.6333
vn -0.7384 0.5826 -0.3397
vn -0.5189 0.8544 0.0270
vn -0.5299 0.7009 -0.4774
vn -0.6175 0.5386 -0.5733
vn -0.4790 0.8006 -0.3599
vn -0.4373 0.7322 -0.5222
vn -0.7066 0.5562 -0.4375
vn -0.6945 0.5258 -0.4911
vn -0.3080 0.9513 -0.0095
vn -0.0412 0.9939 -0.1019
vn -0.3822 0.9100 0.1606
vn -0.4567 0.8864 0.0754
vn -0.4834 0.8736 -0.0567
vn -0.4812 0.8147 -0.3236
vn -0.4847 0.8713 0.0764
vn -0.3568 0.9259 -0.1238
vn -0.1458 0.9888 -0.0325
vn -0.2715 0.9295 0.2495
vn -0.1772 0.9841 -0.0073
vn -0.6257 0.6651 0.4077
vn -0.6141 0.7857 0.0745
vn -0.3811 0.9008 0.2080
vn -0.5440 0.8016 0.2479
vn -0.3596 0.9088 0.2117
vn -0.5161 0.8085 0.2829
vn -0.4417 0.8196 0.3648
vn -0.3320 0.8845 0.3278
vn -0.4822 0.8700 0.1029
vn -0.5193 0.8320 0.1951
vn -0.2897 0.9464 0.1427
vn -0.3814 0.9193 0.0967
vn -0.6358 0.7623 0.1215
vn -0.6202 0.7542 0.2156
vn -0.2149 0.9697 0.1165
vn -0.3300 0.9241 0.1930
vn -0.1776 0.9498 0.2574
vn -0.1131 0.9904 -0.0796
vn -0.2785 0.8218 0.4971
vn -0.2535 0.9640 0.0802
vn -0.2066 0.9723 0.1091
vn -0.0295 0.9365 0.3493
vn -0.1733 0.9259 0.3357
vn -0.4045 0.9027 0.1464
vn -0.2436 0.9627 0.1177
vn -0.0985 0.9330 0.3461
vn -0.3437 0.8959 0.2816
vn -0.4952 0.8675 0.0472
vn -0.3746 0.9264 0.0389
vn -0.4846 0.8358 0.2581
vn -0.4163 0.8954 0.1581
vn -0.3639 0.9289 0.0687
vn -0.5055 0.8347 0.2183
vn -0.4317 0.9009 0.0442
vn -0.5265 0.8083 0.2636
vn 0.0026 0.7030 -0.7112
vn 0.1901 0.8431 -0.5030
vn -0.0530 0.8763 -0.4789
vn -0.0659 0.6609 -0.7476
vn 0.2675 0.8199 -0.5062
vn -0.0013 0.7521 -0.6591
vn -0.2185 0.9235 -0.3154
vn 0.0599 0.9662 -0.2508
vn 0.0721 0.9601 -0.2703
vn -0.2419 0.8084 -0.5367
vn -0.1041 0.7888 -0.6058
vn -0.0705 0.9355 -0.3462
vn -0.3795 0.5081 -0.7732
vn -0.2535 0.8317 -0.4940
vn -0.0365 0.5087 -0.8601
vn -0.4413 0.8956 0.0565
vn -0.4365 0.8721 -0.2212
vn -0.2566 0.9256 -0.2783
vn -0.1984 0.9779 -0.0655
vn -0.0306 0.9960 0.0837
vn -0.0332 0.9988 0.0348
vn -0.1131 0.9914 -0.0651
vn -0.0053 0.9999 -0.0110
vn -0.1517 0.9879 0.0312
vn -0.3153 0.9375 0.1475
vn -0.1757 0.9713 0.1604
vn -0.3005 0.9476 0.1082
vn -0.0548 0.9985 -0.0048
vn -0.0378 0.9976 -0.0572
vn -0.0110 0.9999 0.0010
vn 0.0120 0.9998 -0.0142
vn -0.0010 0.9939 -0.1101
vn -0.0031 0.8264 -0.5631
vn -0.0712 0.9965 0.0440
vn -0.0263 0.9993 0.0275
vn -0.1010 0.9910 0.0877
vn -0.1011 0.9949 -0.0003
vn -0.0583 0.9964 0.0612
vn -0.0127 0.9999 0.0071
vn -0.0157 0.9999 -0.0007
vn -0.1453 0.9316 0.3333
vn -0.0817 0.9966 0.0111
vn -0.1075 0.9862 0.1257
vn -0.0260 0.9983 0.0517
vn -0.1849 0.9441 0.2729
vn -0.0813 0.9866 0.1418
vn -0.0805 0.9964 0.0267
vn -0.0450 0.9453 0.3229
vn -0.0737 0.9950 0.0679
vn 0.0069 0.9793 0.2022
vn -0.0231 0.9294 0.3683
vn -0.0534 0.9970 0.0563
vn -0.0797 0.9073 0.4129
vn -0.1781 0.7642 0.6199
vn -0.0052 0.7697 0.6383
vn 0.2034 0.7300 0.6525
vn 0.0128 0.9908 0.1349
vn 0.1648 0.8431 0.5119
vn 0.3189 0.3796 0.8684
vn 0.2217 0.4306 0.8749
vn 0.1190 0.7557 0.6440
vn 0.0296 0.9284 -0.3704
vn -0.1362 0.9087 -0.3947
vn 0.0908 0.7422 -0.6640
vn -0.2795 0.7105 0.6458
vn -0.3037 0.4811 0.8224
vn -0.2028 0.4596 0.8647
vn -0.0955 0.6467 0.7567
vn -0.0265 0.7782 0.6275
vn -0.0928 0.5654 0.8196
vn 0.0467 0.8141 0.5789
vn -0.0437 0.5485 0.8350
vn 0.2951 0.3715 0.8803
vn 0.0193 0.8150 0.5791
vn -0.1807 0.4860 0.8551
vn 0.0046 0.7243 0.6895
vn -0.2693 0.4440 0.8546
vn -0.1106 0.5904 -0.7995
vn -0.0397 0.8286 -0.5584
vn -0.1569 0.6944 -0.7023
vn -0.0784 0.8944 -0.4404
vn 0.0411 0.7444 -0.6665
vn 0.2128 0.7851 -0.5816
vn -0.0848 0.8750 -0.4767
vn -0.0207 0.9636 -0.2666
vn 0.1122 0.7945 -0.5969
vn 0.2644 0.8936 -0.3626
vn -0.2810 0.8304 0.4811
vn -0.1327 0.5573 0.8197
vn -0.2657 0.7979 -0.5411
vn 0.0449 0.9702 0.2380
vn 0.0766 0.8177 0.5706
vn -0.0173 0.9998 0.0094
vn -0.1811 0.9708 0.1571
vn -0.3939 0.8435 0.3651
vn -0.4814 0.7530 0.4487
vn -0.3585 0.7636 0.5370
vn -0.5864 0.7525 0.2997
vn -0.6009 0.7864 0.1434
vn -0.7314 0.6819 -0.0037
vn -0.6192 0.7616 0.1911
vn -0.3692 0.7327 0.5717
vn -0.1787 0.8266 0.5337
vn -0.2736 0.6956 0.6643
vn -0.2282 0.8039 0.5492
vn -0.1669 0.7019 0.6925
vn -0.1513 0.7545 0.6387
vn -0.2544 0.8168 0.5178
vn -0.0429 0.9864 0.1584
vn -0.3174 0.9483 0.0075
vn -0.6571 0.5320 -0.5341
vn -0.6776 0.7350 0.0236
vn -0.6437 0.7610 0.0809
vn -0.7715 0.6300 0.0885
vn -0.8337 0.5494 -0.0558
vn -0.7236 0.6841 0.0922
vn -0.6998 0.6889 0.1888
vn -0.6339 0.7285 0.2598
vn -0.6902 0.7043 0.1659
vn -0.4638 0.8822 0.0813
vn -0.6090 0.7909 0.0602
vn -0.7465 0.6640 -0.0435
vn -0.7093 0.7035 0.0449
vn -0.3201 0.9474 -0.0052
vn -0.6065 0.7943 -0.0369
vn -0.4034 0.8996 0.1671
vn -0.3853 0.9201 -0.0703
vn -0.5263 0.7211 0.4505
vn -0.2375 0.8153 0.5281
vn -0.1029 0.2862 0.9526
vn -0.0956 0.9171 0.3870
vn 0.0098 0.9150 0.4034
vn -0.1367 0.8078 0.5734
vn -0.1861 0.7670 0.6140
vn -0.0348 0.9990 0.0297
vn -0.0605 0.9895 0.1312
vn 0.0812 0.9346 -0.3462
vn -0.0838 0.9948 0.0586
vn 0.1468 0.9171 -0.3707
vn -0.0135 0.7286 0.6848
vn 0.0420 0.7143 0.6986
vn -0.0190 0.8103 0.5857
vn 0.0528 0.7170 0.6951
vn 0.0551 0.8056 0.5899
vn -0.1097 0.6272 0.7711
vn -0.4006 0.9152 -0.0427
vn -0.4349 0.8819 0.1823
vn -0.4592 0.8863 0.0602
vn -0.5946 0.7820 0.1869
vn -0.3772 0.9169 0.1306
vn -0.5670 0.8159 0.1135
vn -0.6762 0.7330 0.0737
vn -0.5133 0.8578 0.0260
vn -0.2968 0.9540 0.0426
vn -0.1662 0.9856 -0.0317
vn -0.0696 0.9957 0.0615
vn -0.5993 0.7994 -0.0427
vn -0.2940 0.9558 -0.0060
vn -0.5313 0.8411 -0.1017
vn -0.3045 0.9524 0.0137
vn -0.3933 0.9188 0.0340
vn -0.5775 0.7997 -0.1642
vn -0.3313 0.9422 0.0494
vn -0.7303 0.6814 -0.0479
vn -0.6378 0.7672 0.0684
vn -0.5926 0.7878 -0.1680
vn -0.6986 0.6981 0.1569
vn -0.8397 0.5418 0.0375
vn -0.7529 0.6499 -0.1038
vn -0.7714 0.6233 0.1285
vn -0.5911 0.8024 0.0821
vn -0.4388 0.8937 -0.0933
vn -0.5078 0.8406 -0.1883
vn -0.7492 0.6550 -0.0985
vn -0.8072 0.5806 -0.1062
vn -0.7227 0.6912 0.0043
vn -0.7793 0.6222 -0.0748
vn -0.6968 0.7138 -0.0706
vn -0.3139 0.9491 -0.0247
vn -0.5409 0.8267 -0.1549
vn -0.2928 0.8343 -0.4671
vn -0.2747 0.7398 -0.6141
vn -0.3208 0.8565 -0.4043
vn -0.3651 0.8126 -0.4542
vn -0.5645 0.7139 -0.4143
vn -0.5785 0.6417 -0.5036
vn -0.5245 0.7872 -0.3245
vn -0.1564 0.9869 -0.0401
vn -0.3154 0.9213 -0.2274
vn -0.5037 0.7036 -0.5012
vn -0.3405 0.8117 -0.4746
vn -0.3228 0.8728 -0.3662
vn -0.4104 0.7457 -0.5249
vn -0.4277 0.7846 -0.4488
vn -0.4098 0.8644 -0.2912
vn -0.4372 0.8469 -0.3027
vn -0.2319 0.9721 0.0345
vn -0.5236 0.8049 0.2791
vn -0.3177 0.9431 0.0982
vn -0.4435 0.8517 0.2790
vn -0.4445 0.8939 0.0580
vn -0.6830 0.6964 0.2205
vn -0.6566 0.7436 0.1259
vn -0.1213 0.9692 0.2142
vn -0.3098 0.8266 -0.4698
vn -0.4840 0.7841 -0.3885
vn -0.4977 0.7603 -0.4175
vn -0.4644 0.8203 -0.3339
vn -0.1825 0.9731 -0.1407
vn -0.3473 0.8790 -0.3267
vn -0.6295 0.7484 -0.2090
vn -0.2604 0.9576 -0.1231
vn -0.2207 0.8862 -0.4074
vn -0.2849 0.8825 -0.3742
vn -0.1807 0.9284 -0.3246
vn -0.1045 0.8700 -0.4819
vn -0.5898 0.7384 -0.3269
vn 0.1759 0.8924 -0.4156
vn -0.6448 0.6702 -0.3676
vn -0.7474 0.6570 0.0991
vn -0.4082 0.6790 -0.6102
vn -0.2136 0.9267 -0.3092
vn 0.1330 0.8589 -0.4946
vn 0.2125 0.7952 -0.5678
vn 0.3287 0.8938 -0.3050
vn -0.1087 0.9592 -0.2611
vn 0.1362 0.9033 -0.4067
vn 0.0019 0.9673 -0.2538
vn 0.0976 0.9099 -0.4032
vn -0.2181 0.8820 -0.4178
vn 0.1135 0.9262 -0.3597
vn -0.7237 0.6897 0.0215
vn -0.3021 0.9363 -0.1793
vn -0.5811 0.7883 0.2021
vn -0.5346 0.7469 -0.3953
vn -0.6025 0.7869 0.1338
vn -0.2780 0.8427 -0.4611
vn -0.1240 0.9923 0.0078
vn -0.0154 0.9372 -0.3485
vn -0.4804 0.8619 -0.1625
vn -0.6172 0.5621 -0.5506
vn -0.3627 0.8643 -0.3484
vn 0.0404 0.7735 0.6325
vn 0.1650 0.5937 0.7876
vn -0.1363 0.7853 0.6040
vn -0.5345 0.7210 -0.4409
vn -0.4428 0.8469 -0.2944
vn -0.4403 0.8184 -0.3693
vn -0.4078 0.8327 -0.3746
vn 0.1375 0.7540 0.6423
vn 0.3214 0.5129 0.7960
vn 0.2045 0.6546 0.7278
vn -0.1137 0.9347 -0.3366
vn -0.1325 0.7280 0.6726
vn 0.1242 0.9610 0.2471
vn 0.1029 0.5272 0.8435
vn -0.2036 0.6598 0.7233
vn 0.1130 0.5828 0.8047
vn -0.0995 0.6755 0.7306
vn -0.1999 0.8208 0.5352
vn -0.1974 0.6012 0.7744
vn 0.0302 0.8690 0.4938
vn 0.1804 0.6959 0.6951
vn -0.2565 0.7828 0.5670
vn -0.2662 0.7217 0.6390
vn -0.3951 0.8745 -0.2812
vn 0.0314 0.8373 0.5459
vn -0.5681 0.7847 -0.2479
vn -0.4925 0.8442 -0.2114
vn -0.3203 0.9405 -0.1132
vn -0.4007 0.9068 -0.1308
vn -0.2415 0.9365 -0.2541
vn -0.2215 0.8526 -0.4732
vn -0.2223 0.9552 -0.1952
vn -0.1968 0.6320 -0.7496
vn -0.0246 0.9224 -0.3855
vn -0.3814 0.8978 0.2201
vn 0.0234 0.8401 0.5419
vn -0.1078 0.8693 0.4823
vn 0.2090 0.4730 0.8559
vn 0.0016 0.4477 0.8942
vn -0.3601 0.4141 0.8360
vn -0.1478 0.6810 0.7172
vn -0.2942 0.8345 0.4658
vn -0.3163 0.7216 0.6159
vn 0.0021 0.8055 0.5926
vn 0.1863 0.5112 0.8390
vn -0.1026 0.9602 0.2599
vn -0.2166 0.8395 0.4982
vn -0.3496 0.9366 -0.0249
vn -0.0458 0.9371 0.3460
vn -0.1179 0.6590 0.7429
vn -0.4581 0.6778 0.5751
vn -0.2234 0.9747 0.0104
vn -0.5220 0.6746 -0.5220
vn -0.5463 0.7005 -0.4592
vn -0.4901 0.7815 -0.3860
vn -0.5882 0.7632 -0.2673
vn -0.2171 0.9595 0.1797
vn 0.0732 0.6829 0.7268
vn 0.2769 0.6964 0.6621
vn -0.2728 0.7982 0.5372
vn 0.2727 0.8175 0.5073
vn 0.3709 0.7286 0.5758
vn -0.4097 0.6574 0.6324
vn -0.0096 0.9343 -0.3565
vn -0.4331 0.9013 0.0079
vn -0.3978 0.9163 0.0471
vn -0.5171 0.7653 -0.3833
vn -0.4042 0.8113 -0.4224
vn -0.6467 0.6801 -0.3453
vn -0.5663 0.7796 -0.2674
vn -0.3284 0.9207 -0.2108
vn 0.1410 0.8900 -0.4336
vn 0.3091 0.5456 -0.7790
vn 0.3066 0.7169 -0.6261
vn 0.3370 0.6647 -0.6667
vn 0.0864 0.8035 -0.5890
vn -0.1390 0.9713 0.1928
vn 0.1832 0.9184 -0.3507
vn 0.2777 0.8273 -0.4884
vn 0.4055 0.6651 -0.6271
vn 0.2002 0.7086 -0.6766
vn -0.1506 0.7206 0.6768
vn -0.2900 0.6990 0.6537
vn -0.2184 0.3605 0.9068
vn 0.0936 0.9034 -0.4186
vn -0.0898 0.9695 0.2281
vn 0.1929 0.8272 -0.5277
vn -0.0283 0.9478 -0.3177
vn 0.1766 0.7516 -0.6355
vn 0.2338 0.6412 -0.7309
vn 0.0102 0.5800 -0.8146
vn 0.1682 0.6569 -0.7350
vn 0.0780 0.9135 -0.3992
vn 0.0840 0.7747 -0.6267
vn -0.0217 0.9635 0.2670
vn -0.2230 0.8183 0.5298
vn -0.0394 0.7691 0.6380
vn -0.3978 0.4272 0.8120
vn 0.0641 0.4166 0.9068
vn -0.2116 0.4233 0.8809
vn 0.1421 0.5078 0.8497
vn -0.3950 0.4748 0.7865
vn -0.2315 0.4764 0.8482
vn 0.0693 0.4211 0.9044
vn -0.3870 0.4289 0.8163
vn 0.0140 0.6720 -0.7404
vn 0.0802 0.6037 -0.7932
vn 0.1227 0.5502 -0.8260
vn 0.0147 0.9269 -0.3751
vn -0.2018 0.8182 0.5384
vn 0.0377 0.5208 -0.8529
vn 0.0938 0.7002 0.7077
vn -0.1819 0.6931 0.6975
vn -0.1671 0.7012 0.6931
vn 0.0918 0.9610 -0.2610
vn 0.0279 0.8354 0.5490
vn -0.0480 0.8766 -0.4788
vn -0.1314 0.4816 -0.8665
vn -0.1065 0.9540 0.2801
vn -0.1149 0.9924 -0.0431
vn -0.1205 0.9025 0.4134
vn -0.3397 0.8882 0.3094
vn -0.2289 0.7545 0.6151
vn -0.3962 0.7754 0.4917
vn -0.3688 0.7067 0.6038
vn -0.4102 0.8032 0.4320
vn -0.3014 0.7275 0.6164
vn -0.6185 0.6907 0.3747
vn -0.4744 0.8023 0.3623
vn -0.3312 0.9037 0.2715
vn -0.6341 0.7530 0.1759
vn -0.1550 0.8984 0.4109
vn -0.2225 0.9393 0.2610
vn -0.0996 0.8690 0.4847
vn -0.1299 0.8965 0.4236
vn 0.0027 0.8961 0.4438
vn -0.5002 0.7944 0.3447
vn -0.6295 0.6452 0.4330
vn -0.6173 0.6776 0.3998
vn -0.6031 0.7655 0.2242
vn -0.3138 0.8936 0.3210
vn -0.4609 0.8088 0.3652
vn 0.0258 0.7997 0.5999
vn -0.1220 0.8163 0.5646
vn 0.5135 0.8468 -0.1387
vn 0.3223 0.9292 -0.1807
vn 0.4489 0.8590 -0.2462
vn 0.5227 0.7709 -0.3641
vn 0.0844 0.8672 -0.4908
vn -0.1707 0.9709 -0.1681
vn 0.2379 0.9365 -0.2577
vn 0.4378 0.8677 -0.2354
vn 0.5097 0.8540 -0.1047
vn 0.4518 0.8531 -0.2610
vn 0.5278 0.7560 -0.3871
vn 0.4812 0.7676 -0.4234
vn 0.3578 0.9005 -0.2472
vn 0.4903 0.8283 -0.2712
vn 0.6260 0.6962 -0.3512
vn 0.5451 0.7632 -0.3469
vn 0.5984 0.6565 -0.4593
vn 0.2887 0.9190 -0.2686
vn 0.6411 0.7634 -0.0788
vn 0.4988 0.7622 -0.4127
vn 0.5059 0.8584 -0.0844
vn -0.2168 0.9652 -0.1465
vn -0.3430 0.9117 -0.2262
vn 0.0427 0.9976 -0.0554
vn -0.1843 0.9819 0.0435
vn 0.3622 0.8937 -0.2649
vn 0.1428 0.9865 -0.0800
vn 0.0608 0.9936 -0.0955
vn 0.3628 0.9094 -0.2036
vn 0.6363 0.6842 -0.3562
vn 0.5852 0.7582 -0.2875
vn -0.1771 0.9772 0.1172
vn -0.3351 0.9235 0.1869
vn -0.0626 0.9967 0.0526
vn -0.2599 0.9385 0.2275
vn -0.1314 0.9901 -0.0490
vn -0.3120 0.9222 0.2283
vn 0.1601 0.9821 -0.0989
vn 0.3847 0.8679 -0.3142
vn -0.0640 0.9878 -0.1417
vn -0.0657 0.9940 -0.0879
vn -0.0132 0.9855 0.1693
vn -0.1132 0.9885 0.1002
vn 0.3114 0.9207 -0.2351
vn 0.5366 0.7448 -0.3966
vn -0.1482 0.9861 0.0750
vn 0.5998 0.7986 -0.0500
vn -0.1854 0.9803 -0.0680
vn -0.1246 0.9919 -0.0260
vn -0.2784 0.9583 -0.0642
vn -0.0653 0.9971 -0.0395
vn -0.1583 0.9795 -0.1245
vn -0.0518 0.9980 -0.0360
vn 0.0228 0.9962 -0.0839
vn 0.8920 -0.0220 0.4515
vn 0.1605 0.9853 0.0592
vn 0.6189 0.7772 -0.1132
vn 0.5792 0.7897 0.2024
vn 0.6102 0.7730 0.1735
vn 0.7489 0.6212 0.2310
vn 0.7141 0.6985 0.0450
vn 0.6944 0.7164 0.0671
vn 0.3406 0.9211 0.1887
vn 0.5668 0.8145 0.1237
vn 0.8126 0.5721 0.1112
vn 0.8289 0.5138 0.2212
vn 0.1431 0.9896 0.0114
vn -0.0462 0.9971 -0.0610
vn -0.2146 0.9752 -0.0545
vn -0.3111 0.9497 0.0357
vn -0.3666 0.9293 0.0445
vn -0.0555 0.9977 -0.0378
vn 0.3356 0.9066 -0.2557
vn 0.0896 0.9927 -0.0801
vn 0.3243 0.9357 -0.1388
vn 0.1525 0.9852 -0.0779
vn 0.2298 0.9488 -0.2169
vn 0.2939 0.9179 0.2666
vn 0.0350 0.9911 -0.1285
vn 0.3796 0.9105 0.1639
vn 0.3134 0.9358 -0.1616
vn 0.5861 0.8002 0.1271
vn 0.3821 0.8409 -0.3833
vn 0.3531 0.9099 -0.2177
vn 0.6827 0.7284 -0.0571
vn 0.5569 0.8235 -0.1079
vn 0.5074 0.8464 -0.1618
vn 0.2544 0.7939 -0.5523
vn 0.4114 0.8145 -0.4091
vn 0.0101 0.9974 -0.0707
vn 0.1266 0.9850 -0.1170
vn 0.3253 0.9228 0.2066
vn 0.5271 0.8477 -0.0599
vn 0.5798 0.8145 -0.0201
vn 0.2808 0.9523 0.1198
vn 0.4466 0.7772 0.4433
vn 0.3284 0.6358 0.6985
vn 0.6891 0.6499 0.3206
vn 0.4318 0.7637 0.4799
vn 0.5649 0.7411 0.3627
vn 0.7708 0.6149 -0.1663
vn 0.6812 0.6905 0.2434
vn 0.7286 0.6700 -0.1422
vn 0.3556 0.9259 0.1277
vn 0.4409 0.8538 0.2766
vn 0.4681 0.7886 0.3986
vn 0.7453 0.6544 0.1275
vn 0.6090 0.7586 0.2317
vn 0.4108 0.9113 0.0275
vn 0.3843 0.9173 -0.1045
vn 0.2938 0.9540 0.0599
vn 0.3864 0.8937 -0.2280
vn 0.5015 0.8623 0.0701
vn 0.7172 0.6548 0.2387
vn 0.4913 0.8700 0.0416
vn 0.7819 0.4015 0.4769
vn 0.6570 0.5363 0.5298
vn 0.2867 0.9575 0.0311
vn 0.6198 0.7785 0.0988
vn 0.6560 0.7141 0.2445
vn 0.7594 0.6400 -0.1168
vn 0.4169 0.8883 0.1928
vn 0.6324 0.7739 -0.0348
vn 0.3285 0.9290 0.1707
vn 0.4886 0.8638 0.1228
vn 0.5270 0.7870 0.3208
vn 0.5045 0.8634 -0.0062
vn 0.4954 0.8651 -0.0789
vn -0.1684 0.9744 0.1489
vn 0.1151 0.9929 -0.0292
vn -0.2147 0.9633 0.1611
vn -0.0709 0.9879 0.1381
vn 0.4407 0.8386 -0.3201
vn 0.4604 0.7600 -0.4586
vn 0.4767 0.6668 -0.5728
vn 0.2543 0.9372 -0.2386
vn 0.3374 0.8072 -0.4843
vn -0.0392 0.9992 -0.0076
vn 0.0319 0.9986 -0.0417
vn 0.7148 0.6288 0.3060
vn 0.0743 0.7835 -0.6169
vn -0.2554 0.9399 0.2267
vn -0.2585 0.9518 0.1649
vn -0.3003 0.9262 0.2280
vn -0.1113 0.9781 0.1759
vn -0.2583 0.9084 0.3287
vn 0.4933 0.7798 -0.3854
vn 0.3979 0.8810 -0.2559
vn 0.2125 0.8954 -0.3912
vn 0.3355 0.8642 -0.3749
vn 0.3197 0.8196 -0.4754
vn 0.7528 0.6170 -0.2294
vn -0.1108 0.9848 -0.1341
vn -0.3809 0.9203 -0.0889
vn 0.5193 0.7147 -0.4686
vn 0.3753 0.8070 -0.4560
vn 0.3900 0.8050 -0.4471
vn -0.3129 0.9477 -0.0629
vn 0.2598 0.9648 -0.0398
vn -0.6969 0.7031 -0.1414
vn -0.9288 0.3675 -0.0481
vn -0.9251 0.3795 -0.0116
vn -0.7734 0.6138 0.1584
vn -0.7661 0.6191 0.1726
vn 0.8245 0.4980 0.2687
vn 0.3751 0.9192 0.1196
vn 0.8095 0.5384 0.2342
vn 0.7587 0.6294 0.1683
vn 0.2013 0.9795 0.0041
vn 0.9165 0.3967 -0.0520
vn -0.6855 0.7179 0.1213
vn 0.8831 0.4646 -0.0653
vn 0.7838 0.6196 -0.0416
vn -0.6763 0.7067 -0.2076
vn -0.6015 0.6406 -0.4773
vn -0.8406 0.3836 -0.3825
vn -0.6436 0.4261 -0.6357
vn -0.5376 0.8222 0.1868
vn -0.4294 0.9017 -0.0516
vn -0.7029 0.6587 -0.2686
vn -0.2831 0.9356 0.2109
vn -0.7615 0.6467 0.0433
vn -0.4012 0.9160 -0.0019
vn -0.5826 0.7987 0.1503
vn -0.6061 0.4450 -0.6592
vn -0.8399 0.3738 -0.3935
vn -0.6789 0.6680 -0.3048
vn -0.5849 0.8070 -0.0815
vn -0.6972 0.6645 -0.2691
vn 0.3726 0.9207 0.1160
vn 0.7653 0.5362 0.3560
vn 0.7241 0.6044 0.3322
vn 0.5707 0.8210 -0.0155
vn 0.2112 0.9774 -0.0040
vn 0.1320 0.9906 0.0362
vn 0.3324 0.8602 0.3868
vn 0.4585 0.8041 0.3784
vn 0.3825 0.5478 0.7440
vn 0.3317 0.7779 0.5338
vn 0.4124 0.9092 0.0577
vn 0.8291 0.5413 0.1398
vn 0.8474 0.5309 -0.0084
vn 0.6545 0.7040 0.2757
vn 0.8201 0.5699 0.0509
vn 0.2548 0.9658 0.0480
vn 0.6329 0.7265 0.2676
vn 0.8128 0.5823 0.0176
vn -0.1984 0.9728 0.1196
vn -0.2375 0.9221 0.3056
vn -0.5075 0.8439 -0.1741
vn -0.2076 0.9677 0.1431
vn -0.2421 0.8290 0.5042
vn -0.2142 0.8254 0.5224
vn -0.5848 0.7650 0.2699
vn -0.5946 0.7467 -0.2981
vn -0.5706 0.7716 -0.2810
vn -0.6568 0.7508 -0.0700
vn -0.6127 0.7842 -0.0977
vn -0.2450 0.8456 0.4744
vn -0.1616 0.9473 0.2767
vn -0.0188 0.9331 0.3590
vn -0.1407 0.8784 0.4568
vn -0.1826 0.9821 0.0471
vn -0.3387 0.9000 0.2745
vn -0.2656 0.9569 0.1171
vn -0.4140 0.8735 0.2560
vn -0.3932 0.9175 0.0605
vn -0.8407 0.4904 0.2297
vn -0.7631 0.6131 0.2045
vn -0.7253 0.6534 0.2168
vn -0.5318 0.8254 0.1897
vn -0.6267 0.7741 -0.0902
vn -0.6172 0.6963 -0.3663
vn -0.4934 0.8442 -0.2096
vn -0.6789 0.7174 -0.1565
vn -0.6183 0.7137 -0.3292
vn -0.6870 0.5839 -0.4325
vn -0.3740 0.7478 -0.5486
vn -0.3785 0.9161 -0.1325
vn -0.4343 0.8900 -0.1390
vn -0.6186 0.7141 -0.3276
vn -0.1457 0.9886 -0.0389
vn -0.3721 0.9264 -0.0575
vn 0.3779 0.9239 0.0591
vn -0.6717 0.7397 0.0420
vn -0.5694 0.8108 0.1356
vn -0.6288 0.7570 -0.1778
vn -0.5783 0.8147 -0.0433
vn -0.4883 0.8432 -0.2250
vn -0.8731 0.4741 -0.1138
vn -0.5450 0.7227 0.4250
vn -0.8805 0.4692 -0.0678
vn -0.7265 0.5979 0.3387
vn -0.9290 0.3700 -0.0006
vn -0.8335 0.5261 -0.1689
vn -0.7224 0.5646 -0.3992
vn -0.5255 0.7884 0.3197
vn -0.5096 0.6922 0.5111
vn -0.2669 0.5503 0.7911
vn -0.5775 0.7526 0.3165
vn -0.6871 0.6696 0.2819
vn -0.9296 0.3294 -0.1651
vn -0.6667 0.6687 0.3292
vn -0.1368 0.9555 0.2614
vn -0.6022 0.6079 -0.5175
vn -0.8987 0.3144 -0.3059
vn -0.2182 0.9451 -0.2433
vn -0.3231 0.8992 -0.2952
vn -0.5579 0.7531 -0.3487
vn -0.5117 0.8259 -0.2366
vn -0.6291 0.7478 -0.2124
vn -0.5786 0.4476 -0.6818
vn -0.5062 0.5672 -0.6497
vn -0.3094 0.9140 -0.2627
vn -0.5957 0.7530 -0.2795
vn -0.4966 0.7460 -0.4438
vn -0.2421 0.7785 -0.5791
vn -0.4004 0.8759 -0.2692
vn -0.3077 0.7665 -0.5637
vn -0.5490 0.7541 -0.3605
vn -0.4279 0.8239 -0.3717
vn -0.3940 0.8805 -0.2636
vn -0.5341 0.8448 -0.0330
vn -0.1507 0.9547 -0.2565
vn -0.2719 0.6143 -0.7408
vn -0.3949 0.8824 -0.2556
vn 0.4249 0.8975 0.1180
vn 0.3066 0.9468 0.0974
vn -0.5736 0.6686 -0.4733
vn -0.0683 0.9628 -0.2613
vn -0.2892 0.9124 -0.2896
vn 0.5834 0.8028 0.1229
vn 0.2765 0.9431 0.1847
vn 0.6106 0.7916 0.0228
vn 0.0176 0.9957 -0.0910
vn 0.5161 0.7589 0.3972
vn 0.7292 0.6600 0.1807
vn 0.8066 0.4758 0.3506
vn 0.1918 0.9794 -0.0639
vn 0.7834 0.6212 -0.0185
vn 0.7796 0.5988 -0.1834
vn 0.6340 0.6461 0.4249
vn 0.8412 0.4964 -0.2144
vn 0.7483 0.5571 -0.3602
vn 0.7927 0.5676 -0.2224
vn 0.7619 0.6319 -0.1418
vn 0.8589 0.3519 0.3721
vn 0.9334 0.2796 0.2247
vn 0.9833 0.1736 0.0544
vn 0.4965 0.7537 0.4306
vn 0.5497 0.7507 0.3665
vn 0.1287 0.9871 0.0949
vn 0.5919 0.6505 0.4760
vn 0.1668 0.8422 0.5127
vn 0.6099 0.5465 0.5740
vn -0.4106 0.8726 0.2644
vn -0.4224 0.8601 0.2860
vn -0.5033 0.8164 0.2831
vn -0.1364 0.7377 0.6612
vn 0.2563 0.9611 0.1024
vn -0.8425 0.5292 -0.1010
vn -0.5324 0.7766 0.3368
vn -0.6687 0.7432 -0.0234
vn -0.0546 0.9874 -0.1488
vn 0.2494 0.9684 0.0047
vn 0.1640 0.9859 0.0334
vn 0.9030 0.4295 0.0141
vn -0.0963 0.9901 -0.1026
vn 0.0556 0.9963 0.0652
vn -0.0983 0.9884 -0.1159
vn 0.3049 0.8510 0.4276
vn 0.5054 0.7683 0.3929
vn 0.7819 0.4699 0.4096
vn 0.4925 0.7064 0.5085
vn 0.0951 0.9954 -0.0076
vn -0.0817 0.9787 -0.1886
vn 0.5929 0.7368 0.3249
vn 0.2368 0.9538 0.1849
vn 0.1113 0.9911 0.0726
vn 0.1816 0.8413 0.5091
vn 0.2781 0.8967 0.3443
vn 0.2376 0.9497 0.2042
vn 0.4197 0.8237 0.3813
vn 0.5165 0.7699 0.3748
vn 0.3220 0.9198 0.2242
vn 0.6118 0.7436 0.2696
vn 0.3095 0.8605 0.4046
vn 0.4276 0.7602 0.4891
vn 0.6176 0.6012 0.5071
vn 0.3796 0.7103 0.5928
vn 0.3140 0.8991 0.3052
vn 0.2499 0.6441 0.7229
vn 0.7716 0.5991 0.2138
vn 0.4481 0.8382 0.3108
vn 0.4449 0.8871 0.1229
vn 0.5879 0.7675 0.2554
vn 0.5611 0.7261 0.3975
vn 0.6312 0.7234 0.2799
vn 0.4331 0.8798 0.1960
vn 0.6205 0.6147 0.4869
vn 0.6167 0.7085 0.3429
vn 0.5199 0.7409 0.4252
vn 0.3304 0.9198 0.2119
vn 0.4333 0.7500 0.4997
vn 0.4556 0.6741 0.5814
vn 0.1526 0.6958 0.7018
vn 0.1950 0.8104 0.5525
vn 0.6937 0.6317 0.3461
vn 0.4440 0.8929 0.0742
vn 0.7828 0.6094 0.1259
vn 0.4167 0.8984 0.1388
vn 0.1730 0.9617 0.2125
vn -0.2683 0.9583 -0.0986
vn -0.0796 0.9879 -0.1329
vn 0.5532 0.7307 0.4001
vn 0.4914 0.6144 0.6173
vn 0.1089 0.9904 0.0851
vn 0.2040 0.9669 0.1535
vn 0.5849 0.6089 0.5358
vn 0.2314 0.9214 0.3122
vn 0.7018 -0.4640 0.5405
vn 0.5325 0.7366 0.4170
vn -0.3466 0.8752 -0.3375
vn 0.5022 0.8603 -0.0871
vn 0.5439 0.6613 0.5166
vn 0.6389 0.7406 0.2082
vn -0.3911 0.9159 -0.0900
vn 0.0743 0.9970 -0.0204
vn 0.5033 0.7990 0.3291
vn 0.4065 0.8668 0.2888
vn 0.0093 0.9960 -0.0893
vn 0.4385 0.7440 0.5042
vn 0.6006 0.7386 0.3062
vn 0.4741 0.7607 0.4433
vn 0.0402 0.9965 -0.0729
vn 0.5917 0.8020 0.0812
vn 0.6134 0.7839 0.0959
vn 0.5907 0.7973 0.1240
vn 0.7065 0.7062 0.0466
vn 0.5369 0.8178 0.2073
vn 0.7090 0.7005 -0.0815
vn 0.6900 0.7157 0.1081
vn 0.2386 0.9701 0.0452
vn 0.0667 0.9978 -0.0037
vn 0.3500 0.9363 0.0283
vn 0.3831 0.9232 0.0315
vn 0.5478 0.8096 0.2107
vn 0.5734 0.8120 0.1086
vn 0.5901 0.8035 -0.0787
vn 0.0338 0.9990 -0.0292
vn 0.4908 0.8708 0.0282
vn 0.0093 0.9995 -0.0292
vn 0.4929 0.8700 0.0107
vn 0.5816 0.8014 0.1394
vn 0.5610 0.8200 -0.1134
vn 0.3940 0.9115 -0.1183
vn 0.7438 0.6554 -0.1311
vn 0.7279 0.6857 -0.0017
vn 0.6633 0.7286 0.1708
vn 0.4140 0.9089 0.0506
vn 0.3406 0.9095 0.2384
vn 0.4424 0.8361 0.3243
vn 0.0894 0.9861 0.1404
vn 0.5615 0.8274 -0.0106
vn 0.2572 0.9613 -0.0983
vn 0.5861 0.7901 0.1794
vn 0.7082 0.5954 0.3795
vn 0.4910 0.8276 0.2721
vn 0.8109 0.4924 0.3161
vn 0.1972 0.9765 0.0864
vn 0.6931 0.7194 0.0453
vn 0.8326 0.5115 -0.2125
vn 0.6821 0.7305 0.0327
vn 0.6091 0.7914 -0.0516
vn 0.7256 0.6603 0.1938
vn 0.6851 0.7129 0.1497
vn 0.6145 0.7802 0.1166
vn 0.5480 0.8304 0.1006
vn 0.6600 0.7455 -0.0926
vn 0.4610 0.8874 -0.0001
vn 0.4858 0.8738 -0.0189
vn 0.2870 0.9573 0.0346
vn 0.4292 0.9031 -0.0123
vn 0.5126 0.8509 0.1145
vn 0.2141 0.9763 0.0309
vn 0.3143 0.9446 0.0947
vn 0.5893 0.8069 -0.0401
vn 0.6501 0.7227 0.2348
vn -0.0685 0.9965 -0.0475
vn 0.3705 0.9148 0.1607
vn 0.9563 0.2910 -0.0276
vn 0.7026 0.7023 -0.1144
vn 0.7551 0.5108 -0.4110
vn 0.6745 0.7004 -0.2334
vn 0.5625 0.7870 -0.2535
vn 0.7573 0.4577 -0.4657
vn 0.7306 0.6718 -0.1218
vn 0.5696 0.8130 -0.1207
vn 0.3495 0.9164 0.1950
vn 0.6901 0.7118 0.1309
vn 0.4977 0.7325 0.4645
vn 0.2506 0.9609 0.1177
vn 0.2620 0.9599 0.0996
vn 0.2021 0.9556 -0.2143
vn 0.6220 0.7735 -0.1220
vn 0.5903 0.8024 -0.0879
vn 0.7382 0.6745 -0.0112
vn 0.5400 0.8282 0.1499
vn 0.4421 0.8759 0.1932
vn 0.1492 0.9519 -0.2677
vn -0.1575 0.9705 -0.1827
vn 0.6990 0.6699 0.2503
vn 0.8149 0.5795 -0.0103
vn -0.1380 0.9407 -0.3098
vn -0.1538 0.9606 -0.2316
vn 0.7114 0.4357 0.5515
vn 0.1464 0.9882 0.0454
vn 0.6705 0.7418 -0.0099
vn 0.5581 0.7824 0.2763
vn 0.6844 0.7228 0.0956
vn 0.5212 0.8115 0.2642
vn 0.4356 0.7235 0.5355
vn 0.3243 0.9331 0.1555
vn 0.2039 0.9637 0.1724
vn 0.4839 0.8647 0.1345
vn 0.5431 0.8077 0.2295
vn 0.6892 0.4974 0.5269
vn 0.4723 0.8208 0.3212
vn 0.5208 0.8180 -0.2439
vn 0.3877 0.9184 0.0795
vn 0.7500 0.6611 0.0229
vn 0.5494 0.8353 0.0227
vn 0.7093 0.6476 0.2782
vn 0.2050 0.9673 0.1497
vn 0.7670 0.6273 0.1351
vn 0.8101 0.5747 -0.1156
vn 0.6973 0.7129 -0.0736
vn 0.7122 0.6982 0.0729
vn 0.5903 0.8041 -0.0703
vn 0.8348 0.5502 -0.0212
vn 0.8198 0.5726 0.0087
vn 0.2632 0.9494 0.1714
vn 0.1766 0.9813 0.0761
vn 0.0421 0.9889 -0.1424
vn -0.0831 0.9886 -0.1252
vn 0.3963 0.9068 0.1441
vn 0.0164 0.9999 -0.0056
vn 0.3583 0.9284 0.0986
vn 0.3956 0.7201 0.5701
vn 0.5334 0.7113 0.4578
vn 0.4772 0.8191 0.3184
vn 0.6567 0.6516 0.3797
vn 0.6433 0.5970 0.4793
vn 0.6743 0.7304 0.1089
vn 0.4316 0.9002 0.0583
vn 0.6374 0.7691 -0.0473
vn 0.8069 0.5841 0.0879
vn 0.5763 0.8171 0.0138
vn 0.7169 0.6971 -0.0040
vn 0.6467 0.7615 0.0425
vn 0.5623 0.8014 0.2039
vn 0.6738 0.7296 -0.1170
vn 0.5789 0.8036 -0.1380
vn 0.7776 0.6287 -0.0128
vn 0.7893 0.6137 0.0190
vn 0.7595 0.6310 0.1582
vn 0.5053 0.8627 0.0222
vn 0.4948 0.8539 -0.1615
vn 0.5507 0.8279 -0.1062
vn 0.3985 0.9146 0.0687
vn 0.3037 0.9528 0.0024
vn 0.3924 0.9137 0.1060
vn 0.7124 0.5775 -0.3988
vn 0.3575 0.9296 -0.0893
vn 0.5337 0.8247 -0.1875
vn 0.5583 0.7985 -0.2254
vn 0.4804 0.8763 0.0357
vn 0.3642 0.9296 0.0569
vn 0.5061 0.7688 0.3910
vn 0.2059 0.9722 0.1112
vn 0.3187 0.9449 0.0747
vn 0.2585 0.9659 -0.0174
vn 0.1933 0.9788 0.0677
vn 0.6078 0.7617 0.2246
vn 0.4631 0.8016 0.3781
vn 0.6051 0.7960 -0.0173
vn 0.6310 0.7740 0.0518
vn 0.6649 0.7105 0.2303
vn 0.6288 0.7055 0.3271
vn 0.5581 0.7961 0.2339
vn 0.8655 0.4497 -0.2206
vn 0.7282 0.6831 0.0554
vn 0.4213 0.9037 -0.0763
vn 0.7429 0.6641 -0.0836
vn 0.6117 0.7853 -0.0957
vn 0.8142 0.5655 0.1316
vn 0.5555 0.8314 0.0095
vn 0.3019 0.9509 -0.0684
vn 0.2172 0.9756 0.0336
vn 0.6414 0.7197 0.2659
vn 0.5988 0.7707 0.2178
vn 0.7237 0.6141 0.3149
vn -0.0394 0.9983 -0.0428
vn 0.1703 0.9733 0.1540
vn 0.5642 0.7842 0.2584
vn 0.2837 0.9233 0.2588
vn 0.3396 0.8734 0.3491
vn 0.1857 0.9826 0.0010
vn 0.5468 0.8339 0.0754
vn 0.3689 0.9181 -0.1448
vn 0.0474 0.9986 0.0244
vn 0.4062 0.9112 0.0691
vn 0.1314 0.9828 0.1301
vn 0.2566 0.9550 -0.1487
vn 0.7727 0.6045 -0.1939
vn 0.7492 0.6578 -0.0775
vn 0.6117 0.7896 -0.0491
vn 0.7154 0.6918 -0.0978
vn 0.6461 0.6622 -0.3794
vn 0.7794 0.5865 -0.2206
vn 0.6210 0.7714 -0.1388
vn 0.6882 0.7132 0.1332
vn 0.7260 0.6823 -0.0858
vn 0.5658 0.8242 -0.0207
vn 0.7611 0.6369 0.1225
vn 0.7602 0.6302 -0.1579
vn 0.7265 0.6759 0.1242
vn 0.6258 0.7685 0.1330
vn 0.1547 0.9869 -0.0464
vn 0.5117 0.7957 0.3241
vn 0.6240 0.7812 0.0179
vn 0.6835 0.6952 -0.2226
vn 0.5259 0.8422 0.1187
vn 0.4224 0.7990 0.4281
vn 0.3149 0.9463 -0.0726
vn 0.3905 0.9193 0.0497
vn 0.6355 0.6248 0.4536
vn 0.5935 0.5415 0.5954
vn 0.5021 0.8090 0.3055
vn 0.6264 0.6525 0.4263
vn 0.5710 0.8003 0.1828
vn 0.5265 0.8432 -0.1084
vn 0.7958 0.5004 0.3411
vn 0.6795 0.7290 0.0828
vn 0.4644 0.8808 0.0923
vn 0.6808 0.6600 0.3177
vn 0.5058 0.8268 0.2462
vn 0.7386 0.6524 0.1698
vn 0.3687 0.9279 -0.0562
vn 0.5346 0.6968 0.4781
vn 0.7333 0.6691 0.1208
vn -0.0965 0.9757 -0.1965
vn 0.5237 0.8383 0.1517
vn 0.6425 0.7654 0.0370
vn 0.5370 0.8329 -0.1334
vn 0.8266 0.5397 0.1594
vn 0.6897 0.7205 -0.0713
vn 0.5387 0.8420 -0.0300
vn 0.5932 0.7948 -0.1280
vn 0.6621 0.7460 -0.0713
vn 0.6781 0.7346 0.0224
vn 0.3953 0.9167 0.0577
vn 0.6519 0.7362 -0.1817
vn 0.6990 0.7126 -0.0598
vn 0.8149 0.5794 -0.0166
vn -0.2643 0.9450 -0.1924
vn -0.0755 0.9958 -0.0510
vn -0.0581 0.9847 -0.1643
vn -0.4680 0.8823 -0.0499
vn -0.0447 0.9880 -0.1478
vn -0.3500 0.8070 -0.4756
vn -0.2915 0.8493 -0.4402
vn -0.6097 0.6880 -0.3936
vn -0.2703 0.9200 -0.2837
vn -0.4958 0.6770 -0.5440
vn 0.0699 0.9936 -0.0884
vn -0.0788 0.9873 -0.1382
vn -0.1603 0.9209 -0.3553
vn -0.0575 0.9982 0.0187
vn -0.1749 0.9069 -0.3833
vn -0.5032 0.8012 -0.3238
vn -0.5737 0.7979 -0.1849
vn -0.1132 0.9888 -0.0975
vn -0.0978 0.8573 -0.5054
vn 0.4536 0.6856 -0.5694
vn -0.1800 -0.1605 -0.9705
vn 0.2420 0.8879 -0.3913
vn -0.2879 0.8608 -0.4198
vn 0.4067 0.8632 -0.2991
vn -0.4752 0.6881 -0.5484
vn -0.3881 0.8366 -0.3867
vn -0.4788 0.6886 -0.5447
vn -0.3403 0.8604 -0.3792
vn -0.0592 0.9800 -0.1902
vn -0.4006 0.7669 -0.5014
vn -0.3737 0.8441 -0.3844
vn 0.0368 0.9980 -0.0514
vn 0.4013 0.7584 -0.5135
vn -0.0504 0.8382 -0.5430
vn -0.3644 0.8208 -0.4399
vn 0.3841 0.7887 -0.4801
vn 0.1332 0.6019 -0.7874
vn -0.1339 0.5747 -0.8073
vn -0.4139 0.8193 -0.3967
vn 0.2510 0.9602 -0.1223
vn 0.1061 0.8955 -0.4322
vn 0.0681 0.9588 -0.2759
vn 0.2950 0.9553 -0.0216
vn 0.4017 0.9100 0.1026
vn 0.3366 0.9403 0.0515
vn 0.0256 0.9415 -0.3361
vn 0.5347 0.5044 0.6780
vn 0.6014 0.4890 0.6318
vn 0.6846 0.4596 0.5658
vn 0.3966 0.8856 0.2416
vn 0.4125 0.8401 0.3523
vn 0.0876 0.9601 -0.2657
vn 0.4844 0.8601 0.1601
vn 0.2784 0.9261 -0.2544
vn 0.1047 0.9655 -0.2383
vn -0.2161 0.9147 -0.3416
vn 0.5915 0.5657 0.5746
vn 0.4688 0.8721 0.1401
vn 0.5479 0.6845 0.4809
vn 0.6263 0.4693 0.6225
vn 0.4083 0.8894 0.2056
vn 0.4189 0.8980 0.1348
vn 0.2257 0.9048 0.3612
vn 0.2426 0.8886 0.3893
vn 0.0743 0.9424 0.3263
vn 0.1645 0.9728 0.1632
vn 0.2926 0.8496 0.4389
vn -0.0975 0.7883 0.6075
vn 0.1247 0.9442 0.3050
vn 0.3173 0.9382 0.1379
vn 0.4230 0.8496 0.3150
vn -0.0803 0.9964 -0.0275
vn 0.3334 0.5993 0.7278
vn -0.1263 0.9847 -0.1205
vn -0.2856 0.9582 0.0159
vn 0.3105 0.9461 -0.0925
vn -0.1094 0.9866 -0.1213
vn -0.2278 0.9592 -0.1674
vn -0.2865 0.9559 0.0651
vn -0.1794 0.9726 -0.1481
vn 0.0768 0.9939 -0.0786
vn 0.1370 0.9875 -0.0782
vn 0.0591 0.9973 -0.0435
vn -0.1147 0.9926 -0.0391
vn 0.0523 0.9970 -0.0573
vn -0.0836 0.9962 -0.0257
vn 0.3399 0.9404 -0.0083
vn 0.3978 0.9158 -0.0552
vn 0.4164 0.9090 -0.0173
vn 0.0823 0.9961 -0.0324
vn -0.1098 0.9906 -0.0811
vn 0.5137 0.8474 0.1346
vn 0.8119 0.5452 0.2087
vn 0.6912 0.6797 0.2455
vn 0.7231 0.6380 0.2648
vn 0.5834 0.8120 0.0167
vn 0.6734 0.7364 0.0646
vn 0.4817 0.8753 -0.0421
vn 0.8157 0.5753 0.0611
vn 0.4048 0.9139 0.0295
vn 0.7914 0.6001 0.1166
vn -0.2501 0.8710 -0.4228
vn 0.1154 0.9931 0.0214
vn 0.1707 0.9842 0.0463
vn -0.3013 0.8833 -0.3591
vn -0.0641 0.8953 -0.4408
vn -0.3346 0.9163 -0.2201
vn -0.3390 0.9013 -0.2698
vn 0.1105 0.9046 -0.4116
vn -0.4392 0.8370 -0.3266
vn -0.6224 0.7821 -0.0320
vn -0.3078 0.9247 -0.2240
vn -0.0138 0.8656 -0.5006
vn 0.1571 0.7013 -0.6953
vn -0.1627 0.7962 -0.5828
vn -0.1009 0.8333 -0.5436
vn -0.1677 0.8219 -0.5445
vn 0.1043 0.6913 -0.7149
vn 0.3963 0.6082 -0.6878
vn -0.1659 0.9167 -0.3635
vn -0.4361 0.8817 -0.1800
vn 0.1377 0.5654 -0.8132
vn -0.0546 0.7990 -0.5989
vn 0.0876 0.9958 -0.0264
vn 0.2257 0.5914 -0.7741
vn 0.0899 0.7055 -0.7030
vn 0.0074 0.7709 -0.6369
vn -0.5888 0.7819 -0.2049
vn -0.6632 0.7303 0.1640
vn -0.7489 0.6616 -0.0384
vn -0.4713 0.8588 -0.2008
vn -0.6698 0.7254 0.1587
vn -0.2041 0.8696 -0.4497
vn -0.3140 0.9383 -0.1448
vn -0.1658 0.9860 -0.0164
vn -0.3988 0.9160 0.0428
vn -0.2390 0.9624 0.1289
vn -0.6529 0.7003 -0.2888
vn -0.4772 0.8725 0.1049
vn -0.3719 0.9139 -0.1629
vn -0.1610 0.9851 -0.0604
vn -0.0792 0.9963 -0.0347
vn -0.2589 0.9557 -0.1402
vn -0.4731 0.8372 -0.2744
vn -0.4448 0.8549 -0.2670
vn -0.4244 0.8805 -0.2111
vn -0.5403 0.6986 -0.4690
vn -0.1164 0.9932 0.0056
vn -0.1807 0.8132 -0.5533
vn -0.1962 0.8134 -0.5476
vn 0.0423 0.5927 -0.8043
vn -0.1470 0.4593 -0.8760
vn -0.2489 0.8334 -0.4934
vn 0.1277 0.6514 -0.7480
vn -0.2833 0.5891 -0.7568
vn -0.5532 0.7919 -0.2586
vn -0.4286 0.8461 -0.3168
vn -0.7001 0.6861 0.1975
vn -0.7958 0.5793 0.1765
vn -0.4054 0.8779 -0.2550
vn -0.4852 0.8470 0.2174
vn -0.5354 0.7803 0.3232
vn -0.6520 0.7123 0.2599
vn -0.5326 0.7602 0.3721
vn -0.3740 0.8476 0.3765
vn -0.3707 0.8335 0.4097
vn -0.5410 0.8231 0.1727
vn -0.4748 0.8799 0.0196
vn -0.5805 0.8065 0.1119
vn -0.5761 0.6505 0.4949
vn -0.4702 0.8547 0.2199
vn -0.7598 0.5626 0.3258
vn -0.7214 0.6392 0.2665
vn -0.6049 0.7299 0.3184
vn -0.7621 0.5153 0.3920
vn -0.4873 0.8309 0.2685
vn -0.4601 0.7501 0.4750
vn -0.6311 0.7277 0.2687
vn -0.4240 0.8999 0.1017
vn -0.4875 0.7859 0.3805
vn -0.5211 0.7296 0.4429
vn -0.6019 0.7786 0.1776
vn -0.6951 0.6018 0.3934
vn -0.6129 0.6123 0.4994
vn -0.7596 0.6104 0.2246
vn -0.5520 0.8260 0.1143
vn -0.5880 0.7993 -0.1239
vn -0.4928 0.8464 0.2018
vn -0.4482 0.8450 0.2917
vn -0.5624 0.7897 0.2450
vn -0.6207 0.7338 0.2762
vn -0.5191 0.8177 0.2489
vn -0.6612 0.7159 0.2242
vn -0.5118 0.7702 0.3808
vn -0.6546 0.7434 0.1376
vn -0.6162 0.7581 0.2135
vn -0.5520 0.8020 0.2281
vn -0.6596 0.7252 0.1974
vn -0.4679 0.8756 0.1201
vn -0.4882 0.8257 0.2827
vn -0.5257 0.8446 0.1010
vn -0.7017 0.7057 0.0980
vn -0.7386 0.6571 0.1505
vn -0.7032 0.7100 0.0378
vn -0.8371 0.5453 -0.0448
vn -0.5831 0.7648 0.2740
vn -0.0897 0.8643 -0.4949
vn -0.0966 0.8975 -0.4303
vn 0.1341 0.7861 -0.6034
vn 0.2417 0.8155 -0.5258
vn 0.3804 0.7369 -0.5588
vn 0.3639 0.6713 -0.6457
vn 0.3900 0.7726 -0.5010
vn 0.1694 0.7224 -0.6704
vn 0.1570 0.9326 -0.3250
vn 0.0233 0.9096 -0.4148
vn -0.3147 0.9489 -0.0256
vn -0.0872 0.8203 -0.5652
vn -0.1350 0.8665 -0.4805
vn -0.0720 0.8575 -0.5094
vn -0.1331 0.9620 -0.2385
vn 0.4016 0.5167 -0.7561
vn 0.4664 0.5132 -0.7205
vn -0.2213 0.8200 -0.5279
vn -0.0483 0.8997 -0.4338
vn 0.1204 0.6646 -0.7375
vn -0.3772 0.9004 0.2170
vn -0.5133 0.8570 0.0450
vn 0.0026 0.9244 -0.3813
vn -0.3979 0.8285 0.3941
vn 0.4016 0.5527 -0.7303
vn -0.3799 0.8862 0.2650
vn -0.2949 0.9488 0.1134
vn -0.2761 0.9473 0.1627
vn -0.3494 0.9348 0.0635
vn -0.3933 0.8365 0.3816
vn -0.3359 0.8867 0.3178
vn -0.2494 0.9447 0.2129
vn -0.4148 0.8578 0.3034
vn -0.3620 0.8662 0.3444
vn -0.1829 0.9466 0.2655
vn -0.3104 0.9365 0.1630
vn -0.2279 0.9521 0.2039
vn -0.1801 0.9760 0.1224
vn -0.0708 0.9859 0.1519
vn 0.0341 0.9387 0.3431
vn -0.3172 0.9248 0.2098
vn -0.0951 0.9843 0.1489
vn -0.3497 0.9310 0.1048
vn -0.5141 0.8574 0.0216
vn -0.4356 0.8996 0.0322
vn -0.5840 0.7186 0.3775
vn -0.5018 0.8617 0.0750
vn -0.2517 0.9570 0.1441
vn -0.2615 0.9624 0.0735
vn -0.3363 0.9266 0.1682
vn -0.2997 0.9540 -0.0048
vn -0.2848 0.9561 0.0689
vn -0.4410 0.8897 0.1181
vn -0.3141 0.9322 0.1797
vn 0.0433 0.9988 0.0235
vn -0.3900 0.9200 -0.0382
vn 0.2909 0.9540 -0.0719
vn -0.3541 0.8793 0.3185
vn -0.6441 0.7574 0.1071
vn -0.8206 0.5019 0.2732
vn -0.7810 0.5949 0.1898
vn -0.6631 0.7363 0.1347
vn -0.8434 0.4798 0.2417
vn -0.7290 0.6220 0.2858
vn -0.8129 0.5714 0.1132
vn -0.8485 0.5278 0.0371
vn -0.8568 0.5148 -0.0291
vn -0.6714 0.7254 0.1518
vn -0.8730 0.4793 0.0900
vn -0.7043 0.7077 0.0560
vn -0.7486 0.6618 -0.0401
vn -0.6666 0.7193 0.1956
vn -0.7202 0.6662 0.1935
vn -0.7380 0.6706 -0.0759
vn -0.5043 0.8616 -0.0567
vn -0.6232 0.7750 0.1047
vn -0.8511 0.5248 0.0105
vn -0.8601 0.5011 -0.0954
vn -0.6450 0.7603 0.0772
vn -0.6241 0.7776 0.0765
vn -0.6802 0.7073 -0.1926
vn -0.5956 0.7875 0.1586
vn -0.5103 0.8317 0.2189
vn -0.6883 0.6793 0.2546
vn -0.7787 0.6015 0.1786
vn -0.5042 0.8379 0.2090
vn -0.4596 0.8881 -0.0023
vn -0.5076 0.8404 0.1900
vn -0.7780 0.5432 0.3156
vn -0.7466 0.4360 0.5024
vn -0.6661 0.6750 0.3174
vn -0.5568 0.8065 -0.1988
vn -0.6907 0.7229 -0.0191
vn -0.7264 0.6646 0.1750
vn -0.8662 0.4996 -0.0116
vn -0.6899 0.7117 0.1324
vn -0.4284 0.9029 0.0350
vn -0.5183 0.8488 0.1042
vn -0.0939 0.9775 0.1887
vn -0.3905 0.9201 0.0311
vn -0.2477 0.9339 0.2579
vn -0.8273 0.4738 0.3020
vn -0.8696 0.4938 -0.0036
vn -0.8531 0.4586 0.2490
vn -0.7611 0.5898 0.2701
vn -0.0218 0.9875 0.1563
vn -0.2289 0.8564 0.4629
vn -0.2689 0.9346 0.2329
vn -0.5400 0.8410 0.0332
vn -0.0341 0.9931 0.1125
vn -0.1395 0.9759 0.1681
vn -0.7035 0.6535 0.2794
vn -0.4669 0.8761 0.1206
vn -0.4926 0.8698 0.0270
vn -0.7990 0.4784 0.3645
vn -0.4347 0.8986 -0.0600
vn -0.1562 0.9862 0.0556
vn -0.1090 0.9940 0.0025
vn -0.1339 0.9832 -0.1242
vn -0.1431 0.9894 0.0262
vn -0.1784 0.9837 -0.0214
vn -0.3854 0.9033 0.1886
vn -0.2537 0.9348 0.2485
vn -0.5148 0.8490 0.1189
vn -0.5422 0.8378 0.0636
vn -0.2531 0.9504 0.1808
vn -0.4713 0.8663 0.1655
vn -0.6013 0.7906 -0.1158
vn -0.3881 0.8719 0.2988
vn -0.4891 0.8689 -0.0763
vn -0.6179 0.7461 0.2481
vn -0.5100 0.8485 0.1413
vn -0.3029 0.9517 0.0496
vn -0.2076 0.8912 0.4032
vn -0.3432 0.9051 -0.2510
vn -0.2750 0.8278 0.4891
vn -0.1707 0.9781 -0.1189
vn -0.1405 0.9804 0.1383
vn -0.5531 0.7762 0.3028
vn -0.5555 0.8008 0.2238
vn -0.6643 0.7183 0.2067
vn -0.4981 0.8341 0.2371
vn -0.4487 0.8413 0.3015
vn -0.3107 0.9270 -0.2103
vn -0.2447 0.9693 -0.0261
vn -0.6400 0.4805 -0.5997
vn -0.4868 0.4948 -0.7198
vn -0.4102 0.3976 -0.8207
vn -0.4150 0.7617 -0.4976
vn -0.3726 0.8455 -0.3826
vn -0.6949 0.6326 -0.3419
vn -0.4303 0.8024 -0.4135
vn -0.6241 0.5843 -0.5188
vn -0.6689 0.7316 0.1314
vn -0.3360 0.9302 -0.1480
vn -0.3711 0.8337 -0.4090
vn -0.4973 0.7124 -0.4952
vn -0.3430 0.9079 -0.2409
vn -0.5402 0.7821 -0.3107
vn -0.7179 0.6945 0.0487
vn -0.7982 0.5784 -0.1681
vn -0.1086 0.9838 0.1427
vn -0.2491 0.9144 0.3192
vn -0.1720 0.8266 0.5358
vn -0.1678 0.9814 0.0936
vn -0.3983 0.8360 0.3773
vn -0.4496 0.6008 0.6610
vn -0.3004 0.6686 0.6803
vn -0.3804 0.7326 0.5644
vn -0.3291 0.9412 0.0759
vn 0.0386 0.8398 0.5415
vn -0.1134 0.6250 0.7723
vn -0.0864 0.9829 0.1625
vn -0.3113 0.8948 0.3199
vn -0.3070 0.9197 0.2448
vn -0.3978 0.6915 0.6029
vn -0.2587 0.8359 0.4842
vn -0.3586 0.7231 0.5904
vn -0.4344 0.7725 0.4631
vn -0.3128 0.9422 0.1202
vn -0.2763 0.9480 0.1577
vn -0.3613 0.7307 0.5793
vn -0.2915 0.7253 0.6236
vn -0.3532 0.8711 0.3411
vn -0.1319 0.9248 0.3568
vn -0.0567 0.9729 -0.2240
vn -0.1031 0.9010 0.4214
vn -0.1495 0.9712 -0.1856
vn -0.2785 0.7769 0.5647
vn -0.0375 0.8609 0.5074
vn -0.1613 0.7014 0.6943
vn -0.2533 0.6780 0.6900
vn -0.3686 0.8282 0.4222
vn -0.1687 0.7060 0.6879
vn -0.1422 0.7150 0.6845
vn 0.1204 0.8567 0.5015
vn -0.3341 0.5231 0.7841
vn -0.1281 0.7826 0.6092
vn -0.2724 0.9427 0.1927
vn -0.1425 0.8049 0.5761
vn -0.1305 0.9600 0.2476
vn 0.0051 0.7926 0.6097
vn -0.0461 0.8737 0.4842
vn -0.1530 0.7674 0.6226
vn 0.0546 0.8271 0.5593
vn -0.1486 0.8977 0.4148
vn -0.0137 0.9960 0.0882
vn -0.1671 0.9373 0.3059
vn 0.2448 0.9562 -0.1608
vn -0.1455 0.9853 0.0893
vn -0.0387 0.9967 0.0712
vn 0.0325 0.8516 0.5231
vn -0.1240 0.7155 0.6875
vn -0.1433 0.9730 0.1809
vn -0.1908 0.7213 0.6658
vn -0.1450 0.7122 0.6869
vn -0.1193 0.8654 0.4866
vn -0.1596 0.8113 0.5625
vn -0.0951 0.6386 0.7637
vn -0.6143 0.6928 0.3777
vn -0.5433 0.7961 0.2667
vn -0.2840 0.8499 0.4439
vn -0.5765 0.7569 0.3078
vn -0.4812 0.8644 0.1455
vn -0.5078 0.7485 0.4264
vn -0.5783 0.6920 0.4320
vn -0.4286 0.7644 0.4817
vn -0.6380 0.6685 0.3822
vn -0.5199 0.8460 0.1179
vn -0.5953 0.7697 0.2305
vn -0.5403 0.7990 0.2640
vn -0.4974 0.8371 0.2277
vn -0.2292 0.5995 0.7668
vn -0.2978 0.8253 0.4798
vn -0.4350 0.7392 0.5142
vn -0.4612 0.8700 0.1741
vn -0.2874 0.9492 0.1283
vn -0.5448 0.6597 0.5176
vn -0.4136 0.5591 0.7186
vn -0.3326 0.5695 0.7516
vn -0.4117 0.6581 0.6304
vn -0.3290 0.7370 0.5904
vn -0.4730 0.7934 0.3831
vn -0.4248 0.8806 0.2098
vn -0.4567 0.8598 0.2282
vn -0.4168 0.8859 0.2036
vn -0.4482 0.8725 0.1945
vn -0.5265 0.8350 0.1602
vn -0.5651 0.7847 0.2547
vn -0.3821 0.8711 0.3086
vn -0.2176 0.7993 0.5602
vn -0.2745 0.8557 0.4386
vn -0.3219 0.8880 0.3283
vn -0.2789 0.7864 0.5512
vn -0.2239 0.9123 0.3428
vn -0.2919 0.9549 0.0542
vn -0.2362 0.9232 0.3031
vn -0.3336 0.8970 0.2899
vn -0.4684 0.8701 0.1534
vn -0.4445 0.7869 0.4282
vn -0.2034 0.6409 0.7401
vn -0.4140 0.8168 0.4017
vn 0.0634 0.9449 -0.3211
vn -0.1412 0.9068 -0.3972
vn 0.0376 0.9140 -0.4040
vn -0.1078 0.8893 -0.4444
vn -0.0924 0.9883 -0.1217
vn -0.1012 0.9928 -0.0647
vn -0.2062 0.8475 -0.4891
vn -0.0102 0.8040 -0.5945
vn 0.1041 0.7880 -0.6068
vn -0.0728 0.9897 0.1231
vn -0.0810 0.8014 -0.5926
vn -0.2174 0.7563 -0.6170
vn -0.2386 0.9705 0.0337
vn -0.4841 0.7432 0.4618
vn -0.4926 0.8249 0.2771
vn -0.1999 0.9455 0.2573
vn -0.2613 0.6590 0.7053
vn -0.4044 0.7691 0.4949
vn -0.2029 0.7821 0.5891
vn -0.5689 0.7803 0.2597
vn -0.5582 0.7858 0.2664
vn -0.4337 0.8620 0.2624
vn -0.5330 0.7193 -0.4455
vn -0.6552 0.7536 -0.0532
vn -0.3060 0.7966 -0.5213
vn -0.4931 0.7749 -0.3954
vn -0.3618 0.8349 -0.4148
vn -0.5164 0.7971 -0.3130
vn -0.5072 0.7676 -0.3920
vn -0.2634 0.9464 -0.1868
vn -0.2746 0.9601 0.0530
vn -0.1272 0.9781 -0.1648
vn -0.3220 0.6566 -0.6821
vn -0.4156 0.6015 -0.6823
vn -0.2165 0.8737 -0.4356
vn -0.4691 0.5999 -0.6481
vn -0.4476 0.7197 -0.5307
vn -0.5207 0.4880 -0.7005
vn -0.4076 0.9110 -0.0635
vn -0.2415 0.8733 -0.4230
vn -0.6512 0.7190 -0.2428
vn -0.2327 0.9661 -0.1113
vn -0.2668 0.7109 -0.6507
vn -0.1786 0.9088 0.3771
vn -0.1901 0.8229 0.5354
vn -0.2897 0.8419 0.4553
vn -0.2534 0.8856 0.3891
vn -0.2062 0.9296 0.3054
vn -0.2245 0.9309 0.2881
vn 0.0155 0.8735 0.4865
vn 0.0875 0.9221 0.3770
vn -0.0117 0.8912 0.4535
vn -0.3106 0.9291 0.2009
vn -0.3580 0.9319 0.0576
vn -0.4284 0.8614 0.2728
vn -0.1350 0.8894 0.4368
vn -0.1362 0.9145 0.3809
vn -0.3454 0.6445 0.6821
vn -0.1949 0.9534 0.2305
vn -0.1301 0.9108 0.3919
vn -0.1418 0.8928 0.4276
vn -0.3367 0.8156 0.4705
vn -0.2537 0.9091 0.3304
vn -0.3002 0.8512 0.4305
vn -0.2545 0.8410 0.4774
vn -0.4494 0.7230 0.5248
vn -0.1259 0.8626 0.4899
vn -0.0676 0.8753 0.4788
vn -0.2910 0.8887 0.3543
vn -0.1893 0.8343 0.5178
vn -0.2593 0.8056 0.5327
vn -0.4418 0.8405 0.3138
vn -0.2449 0.9491 0.1982
vn -0.1415 0.9365 0.3208
vn -0.4355 0.8615 0.2611
vn -0.4617 0.8466 0.2648
vn -0.5281 0.8476 0.0516
vn -0.4672 0.8621 0.1961
vn -0.5599 0.8202 0.1174
vn -0.5001 0.8650 0.0407
vn -0.2651 0.9529 0.1471
vn -0.4729 0.8799 -0.0458
vn -0.2819 0.9544 -0.0981
vn -0.3411 0.9250 0.1674
vn -0.0701 0.9975 0.0118
vn 0.3923 0.9012 -0.1841
vn -0.4408 0.8969 0.0359
vn -0.6939 0.7198 0.0218
vn -0.4922 0.8695 -0.0415
vn -0.4246 0.9049 -0.0299
vn -0.4538 0.8782 0.1509
vn -0.3356 0.9255 -0.1759
vn -0.6305 0.6899 -0.3557
vn -0.5498 0.7765 -0.3078
vn -0.2661 0.9627 -0.0487
vn -0.2204 0.9461 -0.2375
vn 0.0660 0.9592 -0.2750
vn -0.0972 0.9940 -0.0502
vn -0.0700 0.9911 -0.1131
vn -0.2252 0.9660 0.1267
vn -0.2767 0.9609 -0.0044
vn -0.3181 0.9425 0.1028
vn 0.2660 0.9571 0.1144
vn -0.4853 0.8538 -0.1887
vn -0.6344 0.7659 0.1041
vn 0.0925 0.9921 0.0850
vn 0.2331 0.9691 0.0808
vn -0.5295 0.8477 0.0323
vn -0.6099 0.7842 -0.1139
vn -0.4707 0.8823 -0.0083
vn -0.1180 0.9925 -0.0313
vn 0.3770 0.9242 0.0609
vn 0.4144 0.9044 0.1016
vn 0.0353 0.9992 -0.0172
vn -0.0678 0.9957 0.0630
vn -0.4735 0.8630 0.1760
vn -0.5750 0.8181 -0.0048
vn 0.3546 0.9298 -0.0992
vn -0.4366 0.8996 -0.0081
vn -0.1797 0.9640 -0.1961
vn -0.2538 0.9600 -0.1185
vn -0.0252 0.9448 -0.3267
vn -0.5340 0.8363 0.1244
vn -0.6904 0.7106 0.1352
vn -0.2089 0.9767 0.0495
vn -0.3743 0.9256 0.0566
vn -0.3385 0.9386 -0.0667
vn -0.0080 0.9355 -0.3533
vn -0.0333 0.8452 -0.5335
vn -0.0816 0.7181 -0.6911
vn 0.0871 0.7722 -0.6293
vn 0.2592 0.8186 -0.5126
vn 0.1656 0.9057 -0.3902
vn -0.0237 0.9050 -0.4248
vn -0.3159 0.8754 -0.3659
vn -0.7297 0.6659 0.1552
vn -0.6019 0.7484 0.2787
vn -0.6923 0.6951 0.1938
vn -0.5572 0.8079 0.1917
vn -0.6694 0.7266 0.1550
vn -0.6986 0.5937 0.3994
vn -0.6349 0.7654 0.1048
vn -0.4408 0.8816 0.1686
vn -0.5512 0.7547 0.3558
vn -0.6825 0.6952 0.2256
vn -0.6257 0.7235 0.2918
vn -0.4727 0.8680 0.1521
vn -0.3972 0.6461 0.6518
vn -0.7256 0.6881 0.0064
vn -0.6919 0.5845 0.4239
vn -0.4933 0.8355 0.2422
vn -0.6172 0.7123 0.3342
vn -0.0981 0.9821 -0.1609
vn -0.1495 0.9270 -0.3440
vn -0.1371 0.9369 -0.3217
vn -0.0718 0.9224 -0.3794
vn -0.0933 0.9064 -0.4120
vn 0.0194 0.9996 -0.0221
vn 0.1466 0.9841 0.1000
vn 0.0078 0.9990 -0.0445
vn 0.0394 0.9987 -0.0333
vn 0.1225 0.7238 -0.6790
vn 0.0953 0.9949 -0.0332
vn 0.0996 0.9895 -0.1047
vn 0.2746 0.9604 0.0482
vn 0.0822 0.9965 -0.0164
vn 0.0064 0.9999 -0.0086
vn 0.3391 0.8560 -0.3902
vn 0.2826 0.9464 -0.1564
vn 0.1809 0.9565 -0.2290
vn -0.0327 0.8808 -0.4724
vn 0.3340 0.9331 -0.1337
vn 0.1659 0.9627 -0.2139
vn 0.4660 0.8772 0.1158
vn 0.4405 0.8772 0.1910
vn 0.1322 0.9855 -0.1064
vn 0.1420 0.9869 -0.0771
vn 0.0653 0.9614 0.2673
vn 0.0230 0.9992 0.0313
vn 0.0207 0.9391 0.3430
vn 0.2689 0.9631 -0.0052
vn 0.5108 0.8349 0.2051
vn 0.7417 0.6459 0.1808
vn -0.1146 0.8299 -0.5460
vn 0.3325 0.7265 -0.6014
vn 0.1980 0.8405 -0.5043
vn 0.6119 0.7260 -0.3139
vn 0.5573 0.8263 -0.0811
vn 0.8873 0.2389 0.3945
vn 0.9501 0.2378 0.2016
vn 0.9488 0.2780 0.1499
vn 0.9308 0.3624 0.0489
vn 0.3715 0.8955 0.2451
vn 0.8782 0.4713 -0.0808
vn 0.8522 0.4016 0.3353
vn -0.2666 0.7307 -0.6285
vn 0.4016 0.9113 -0.0903
vn 0.9412 0.2331 0.2447
vn 0.5921 0.1994 0.7808
vn 0.0875 0.7798 -0.6199
vn 0.3620 0.7533 -0.5491
vn 0.0681 0.7750 -0.6283
vn 0.2286 0.8878 -0.3995
vn 0.1816 0.8837 -0.4313
vn 0.2524 0.8394 -0.4814
vn 0.1438 0.7796 -0.6095
vn 0.2429 0.6424 -0.7268
vn 0.8183 0.5746 0.0106
vn 0.3619 0.8024 -0.4746
vn 0.8489 0.4960 -0.1828
vn 0.8087 0.5880 0.0143
vn 0.8936 0.4483 0.0242
vn 0.9388 0.2837 0.1951
vn 0.7758 0.6309 -0.0066
vn 0.8956 0.4328 0.1032
vn 0.2234 0.8925 -0.3919
vn 0.7760 0.6307 0.0070
vn 0.8896 0.4053 0.2106
vn 0.5247 0.7867 -0.3254
vn 0.4672 0.6428 0.6071
vn 0.8246 0.2142 0.5236
vn 0.9151 0.2857 0.2847
vn 0.9669 0.2396 0.0875
vn 0.9375 0.2784 0.2087
vn 0.9450 0.3184 -0.0749
vn 0.9405 0.3349 0.0577
vn 0.8238 0.5658 0.0356
vn 0.7899 0.6121 -0.0369
vn 0.7261 0.2690 0.6327
vn 0.7711 0.5266 0.3580
vn 0.7149 0.3941 0.5776
vn 0.7370 0.2423 0.6310
vn 0.5384 0.7533 0.3777
vn 0.6695 0.7167 -0.1952
vn 0.8053 0.1838 0.5637
vn 0.8707 0.2665 0.4133
vn 0.4902 0.6763 -0.5498
vn 0.0251 0.5688 -0.8221
vn 0.6485 0.7422 -0.1690
vn 0.7727 0.5853 -0.2456
vn 0.6540 0.7550 -0.0486
vn 0.8416 0.3477 0.4132
vn 0.6181 0.7023 0.3531
vn 0.8144 0.4475 0.3696
vn 0.8587 0.3498 0.3746
vn 0.8557 0.2654 0.4443
vn 0.4713 0.8734 0.1228
vn -0.0203 0.6569 -0.7537
vn 0.3904 0.8874 -0.2451
vn 0.1498 0.6195 -0.7706
vn 0.3044 0.7722 -0.5577
vn 0.0916 0.7481 -0.6572
vn 0.6251 0.7755 -0.0882
vn 0.1530 0.9263 -0.3443
vn 0.4393 0.8519 -0.2851
vn 0.7237 0.2635 0.6379
vn 0.7912 0.2166 0.5719
vn 0.8171 0.5237 -0.2409
vn 0.5119 0.8191 -0.2590
vn 0.7372 0.5219 0.4292
vn 0.7463 0.6373 -0.1922
vn 0.8970 0.4089 -0.1677
vn 0.6565 0.7038 -0.2714
vn 0.3009 0.8016 -0.5166
vn 0.3724 0.7355 -0.5660
vn 0.6105 0.3048 0.7310
vn 0.8766 0.3194 0.3599
vn 0.6040 0.6226 -0.4976
vn 0.8003 0.5944 -0.0795
vn 0.7999 0.5440 -0.2534
vn 0.5233 0.7198 -0.4560
vn 0.6231 0.7327 -0.2737
vn 0.7302 0.6635 0.1629
vn 0.5627 0.8139 -0.1445
vn 0.6987 0.6682 0.2556
vn 0.7092 0.4784 0.5178
vn 0.6586 0.5885 0.4689
vn 0.6898 0.2571 0.6768
vn 0.7156 0.4694 0.5173
vn 0.2149 0.9128 0.3474
vn 0.5442 0.6747 0.4986
vn 0.5357 0.3642 0.7618
vn 0.2786 0.8335 0.4771
vn 0.4370 0.7839 0.4411
vn 0.4509 0.8689 -0.2044
vn 0.7239 0.6563 -0.2127
vn 0.0870 0.9604 0.2645
vn 0.7657 0.6171 -0.1815
vn 0.3525 0.8515 -0.3882
vn 0.4503 0.6252 -0.6375
vn -0.0242 0.7213 -0.6922
vn 0.5104 0.7254 -0.4618
vn 0.2583 0.7645 -0.5906
vn 0.4669 0.7876 -0.4020
vn 0.0543 0.8961 -0.4405
vn 0.6368 0.7691 -0.0541
vn 0.3022 0.6869 -0.6610
vn 0.6603 0.7479 -0.0679
vn 0.4521 0.8917 -0.0190
vn 0.8709 0.4721 0.1368
vn 0.9206 0.3235 0.2188
vn 0.8465 0.5323 -0.0120
vn 0.8975 0.3849 -0.2153
vn 0.8599 0.4238 0.2844
vn 0.8025 0.5717 -0.1710
vn 0.6384 0.7653 0.0824
vn 0.5173 0.5018 -0.6932
vn 0.8234 0.4144 -0.3877
vn 0.8982 0.3929 -0.1973
vn 0.9267 0.3457 0.1475
vn 0.8454 0.3972 -0.3571
vn 0.7269 0.4848 -0.4865
vn 0.8594 0.4102 -0.3054
vn 0.8986 0.4079 0.1618
vn 0.8014 0.4534 -0.3901
vn 0.9661 0.2518 0.0566
vn 0.8516 0.3759 0.3654
vn 0.9159 0.3785 0.1337
vn 0.9297 0.3390 0.1439
vn 0.8592 0.4823 -0.1708
vn 0.7957 0.5974 0.0995
vn 0.8149 0.4412 0.3759
vn 0.8158 0.4878 0.3108
vn 0.8066 0.5822 0.1023
vn 0.6575 0.4368 0.6139
vn 0.6571 0.4438 0.6093
vn 0.7666 0.4690 0.4386
vn 0.7574 0.6485 0.0768
vn -0.1218 0.8016 -0.5853
vn -0.1492 0.8439 -0.5154
vn 0.3430 0.9096 -0.2345
vn 0.4650 0.7502 -0.4700
vn 0.7777 0.6201 -0.1034
vn 0.2627 0.5877 -0.7652
vn 0.5082 0.7614 -0.4024
vn 0.2302 0.9516 -0.2035
vn 0.3005 0.6912 -0.6572
vn 0.6416 0.7663 -0.0339
vn 0.7498 0.6482 0.1331
vn 0.8297 0.3380 -0.4443
vn 0.9626 0.2607 -0.0738
vn 0.9289 0.3701 -0.0105
vn 0.7546 0.6561 -0.0001
vn 0.8916 0.4226 0.1626
vn 0.9001 0.3945 0.1848
vn 0.8700 0.4515 0.1981
vn 0.8285 0.5255 0.1933
vn 0.8208 0.5647 0.0861
vn 0.7709 0.6367 0.0181
vn 0.8207 0.3633 0.4410
vn 0.9044 0.3389 0.2593
vn 0.9025 0.3513 0.2494
vn 0.8398 0.4900 0.2337
vn 0.4196 0.9018 -0.1033
vn 0.2654 0.9346 -0.2370
vn 0.5153 0.7876 -0.3380
vn 0.4097 0.9122 0.0052
vn 0.2128 0.9299 -0.2999
vn 0.3162 0.9260 -0.2065
vn 0.4692 0.8761 -0.1111
vn 0.4230 0.7945 -0.4357
vn 0.1996 0.9672 -0.1571
vn 0.1521 0.9844 -0.0880
vn 0.4382 0.8925 -0.1072
vn 0.2156 0.9753 -0.0479
vn -0.1730 0.9780 0.1163
vn 0.4710 0.8262 -0.3093
vn 0.0221 0.9997 -0.0078
vn 0.2113 0.9764 -0.0447
vn 0.0290 0.9996 -0.0039
vn 0.1528 0.9882 0.0127
vn 0.1362 0.9904 -0.0225
vn 0.8694 0.4923 -0.0421
vn 0.8739 0.3949 0.2836
vn 0.5492 0.8356 -0.0111
vn 0.5982 0.8014 0.0061
vn 0.3456 0.8170 -0.4615
vn 0.6219 0.7822 0.0363
vn 0.1561 0.9875 0.0228
vn 0.8305 0.5538 -0.0606
vn 0.7007 0.7122 0.0422
vn 0.7773 0.6290 -0.0128
vn -0.2685 0.8837 -0.3833
vn 0.0724 0.9946 -0.0740
vn 0.7384 0.6370 0.2215
vn -0.2352 0.9199 -0.3137
vn 0.5824 0.8092 -0.0780
vn 0.4036 0.9137 -0.0479
vn 0.5315 0.8205 -0.2107
vn 0.5502 0.8350 0.0028
vn 0.5470 0.8370 -0.0140
vn 0.8281 0.5575 -0.0591
vn 0.8061 0.5744 0.1425
vn 0.6810 0.7302 0.0557
vn 0.8295 0.5089 -0.2301
vn 0.8005 0.5819 0.1433
vn 0.5614 0.8269 0.0334
vn 0.4599 0.8169 0.3481
vn 0.6447 0.7440 -0.1757
vn 0.6319 0.7680 0.1045
vn 0.5745 0.8181 -0.0257
vn 0.3051 0.9374 0.1677
vn 0.6764 0.7060 -0.2098
vn 0.6219 0.7672 -0.1570
vn 0.6859 0.7273 0.0252
vn 0.6318 0.7725 -0.0637
vn 0.7618 0.6139 0.2070
vn 0.8975 0.4360 0.0665
vn 0.1621 0.9865 0.0219
vn 0.9148 0.3196 0.2472
vn 0.1109 0.9834 -0.1437
vn 0.6426 0.7589 -0.1056
vn 0.6176 0.7775 0.1185
vn 0.0796 0.9959 0.0433
vn 0.2351 0.9716 -0.0264
vn 0.1214 0.9872 0.1033
vn 0.1578 0.9833 0.0911
vn 0.3964 0.9178 0.0243
vn 0.2891 0.9285 0.2332
vn 0.2034 0.9271 0.3149
vn 0.4014 0.8847 0.2371
vn 0.1716 0.9583 0.2285
vn 0.6664 0.5842 0.4633
vn 0.4463 0.7869 0.4263
vn 0.6374 0.5990 0.4847
vn 0.3461 0.9316 0.1111
vn 0.7526 0.6190 0.2247
vn 0.8306 0.5493 -0.0916
vn 0.8632 0.5011 -0.0622
vn 0.5229 0.8467 -0.0990
vn 0.3695 0.9291 -0.0154
vn 0.0992 0.9921 -0.0767
vn 0.4107 0.9079 -0.0837
vn 0.8869 0.4595 -0.0475
vn 0.7656 0.6404 -0.0615
vn 0.2136 0.9688 -0.1255
vn 0.7360 0.5900 0.3319
vn 0.6047 0.6363 0.4789
vn 0.5456 0.5892 0.5960
vn 0.6479 0.7568 -0.0871
vn 0.6606 0.7477 0.0671
vn 0.4387 0.8975 0.0437
vn 0.3178 0.9421 0.1070
vn 0.5434 0.7637 0.3486
vn 0.2357 0.6376 0.7334
vn 0.1601 0.7059 0.6900
vn 0.3184 0.5239 0.7900
vn 0.2273 0.8489 0.4772
vn 0.3019 0.8367 0.4569
vn 0.4437 0.5750 0.6873
vn 0.1976 0.5849 0.7867
vn 0.4186 0.5529 0.7204
vn 0.2864 0.6575 0.6969
vn 0.1386 0.9123 0.3852
vn 0.4618 0.6930 0.5536
vn 0.2115 0.9188 0.3333
vn 0.3442 0.8777 0.3333
vn 0.3514 0.6764 0.6473
vn 0.2588 0.8240 0.5041
vn 0.2224 0.9491 0.2230
vn -0.1098 0.9000 -0.4218
vn 0.1639 0.9485 0.2712
vn 0.4158 0.6879 0.5949
vn -0.2587 0.8624 -0.4351
vn -0.1401 0.8859 -0.4422
vn -0.4436 0.7804 -0.4406
vn -0.2360 0.8451 -0.4798
vn -0.1562 0.7910 -0.5916
vn -0.2436 0.9127 -0.3281
vn 0.4581 0.7740 0.4371
vn 0.6098 0.5961 0.5222
vn 0.5044 0.6316 0.5887
vn 0.3575 0.7893 0.4992
vn 0.6551 0.6397 0.4020
vn 0.3050 0.9353 0.1794
vn 0.2389 0.9479 0.2106
vn 0.0435 0.9947 0.0931
vn 0.6013 0.5314 0.5968
vn 0.4779 0.8665 0.1445
vn 0.7620 0.5605 0.3244
vn 0.2038 0.8326 0.5150
vn 0.3671 0.8517 0.3739
vn 0.3588 0.6598 0.6602
vn 0.4032 0.8368 0.3704
vn 0.2847 0.8723 0.3975
vn 0.2026 0.6552 0.7278
vn 0.4551 0.6829 0.5715
vn 0.4059 0.6484 0.6441
vn 0.1948 0.8990 0.3922
vn 0.2224 0.9535 0.2032
vn 0.4463 0.3663 0.8165
vn 0.1283 0.9508 0.2819
vn 0.1253 0.8450 0.5200
vn 0.2299 0.8683 0.4396
vn 0.3848 0.6344 0.6704
vn 0.4009 0.6459 0.6497
vn 0.6129 0.5725 0.5446
vn 0.1876 0.9457 0.2653
vn 0.4274 0.6356 0.6429
vn 0.3554 0.9011 0.2483
vn 0.4110 0.6029 0.6838
vn 0.2769 0.9320 0.2339
vn 0.3021 0.7083 0.6380
vn 0.2719 0.9147 0.2990
vn 0.3501 0.8291 0.4359
vn 0.2131 0.9676 0.1354
vn 0.6717 0.5793 0.4618
vn 0.6902 0.7114 0.1323
vn 0.6835 0.6086 0.4030
vn 0.7980 0.5633 0.2141
vn 0.8247 0.5532 0.1177
vn 0.7540 0.5029 0.4225
vn 0.4318 0.8083 0.4003
vn 0.4296 0.8589 0.2788
vn 0.3345 0.9398 0.0699
vn 0.7155 0.6324 0.2968
vn -0.3783 0.9041 -0.1989
vn 0.6011 0.7416 0.2980
vn 0.1275 0.9736 -0.1895
vn 0.5290 0.8392 -0.1259
vn 0.3259 0.9409 -0.0917
vn 0.7696 0.6236 0.1373
vn 0.8468 0.4727 0.2438
vn -0.1440 0.8992 -0.4131
vn -0.0379 0.9069 -0.4196
vn 0.1467 0.9760 0.1609
vn 0.0681 0.9363 -0.3444
vn 0.0218 0.8082 -0.5885
vn 0.3824 0.7242 0.5739
vn 0.4762 0.4672 0.7450
vn 0.4364 0.7008 0.5643
vn 0.6081 0.6627 0.4371
vn 0.1781 0.7727 0.6093
vn 0.6263 0.5648 0.5374
vn -0.5135 0.6221 -0.5910
vn 0.1012 0.9912 0.0855
vn 0.2629 0.9644 0.0279
vn 0.6602 0.4379 0.6103
vn 0.3559 0.9207 0.1601
vn 0.7247 0.4700 0.5039
vn 0.3564 0.9343 0.0076
vn 0.6027 0.7010 0.3812
vn -0.2289 0.8615 -0.4533
vn -0.2591 0.7558 -0.6014
vn -0.4471 0.7525 -0.4837
vn 0.3656 0.8801 0.3029
vn -0.5268 0.6148 -0.5869
vn -0.5485 0.6508 -0.5249
vn 0.0922 0.9794 -0.1794
vn 0.8006 0.4491 0.3966
vn 0.1687 0.9840 -0.0571
vn 0.1202 0.9927 -0.0137
vn 0.1954 0.9800 -0.0382
vn -0.4330 0.7402 -0.5145
vn 0.3186 0.9419 0.1064
vn 0.3912 0.8894 0.2363
vn 0.0151 0.9473 0.3201
vn 0.4159 0.7846 0.4599
vn 0.2317 0.9396 0.2519
vn 0.1077 0.7532 0.6489
vn 0.2979 0.8488 0.4368
vn 0.3980 0.9171 0.0234
vn 0.4952 0.8485 0.1865
vn 0.5916 0.7583 0.2739
vn 0.6268 0.7442 0.2308
vn 0.1274 0.9647 0.2303
vn 0.2886 0.9144 0.2837
vn 0.5539 0.7976 0.2388
vn 0.3152 0.8934 0.3200
vn 0.3965 0.7290 0.5579
vn 0.4365 0.8034 0.4050
vn 0.4482 0.7403 0.5011
vn 0.3189 0.7430 0.5885
vn 0.5396 0.7993 0.2644
vn 0.8113 0.4318 0.3941
vn 0.6515 0.6720 0.3521
vn 0.8299 0.4471 0.3337
vn 0.4886 0.8250 0.2838
vn 0.2875 0.8754 0.3886
vn 0.2938 0.9401 0.1731
vn 0.2782 0.9513 0.1325
vn 0.3430 0.9335 0.1041
vn 0.3798 0.7433 0.5507
vn 0.3979 0.6798 0.6160
vn 0.1835 0.9786 -0.0933
vn 0.1251 0.9910 0.0485
vn 0.3014 0.9125 0.2766
vn 0.2543 0.9278 0.2731
vn 0.2699 0.9442 0.1889
vn 0.6585 0.6103 0.4403
vn 0.4711 0.7522 0.4607
vn 0.3210 0.9426 0.0915
vn 0.3489 0.8838 0.3117
vn 0.5027 0.7672 0.3984
vn 0.5365 0.7010 0.4699
vn 0.7001 0.5461 0.4601
vn 0.4375 0.8616 0.2574
vn 0.8095 0.4070 0.4230
vn 0.6848 0.5648 0.4605
vn 0.5902 0.6507 0.4778
vn 0.5998 0.5537 0.5777
vn 0.1483 0.9886 0.0257
vn 0.3081 0.9511 0.0236
vn 0.8548 0.4108 0.3170
vn 0.3330 0.8817 0.3342
vn 0.4331 0.8137 0.3877
vn 0.5532 0.5786 0.5993
vn 0.3700 0.9231 0.1049
vn 0.4191 0.7024 0.5753
vn 0.5108 0.7712 0.3799
vn 0.3948 0.8978 0.1952
vn 0.4113 0.8100 0.4180
vn 0.4290 0.8783 0.2113
vn 0.1174 0.9912 0.0603
vn 0.5167 0.6247 0.5854
vn 0.8432 0.4983 0.2020
vn 0.9436 0.2264 0.2415
vn 0.8001 0.3557 0.4830
vn 0.8233 0.4963 0.2753
vn 0.3909 0.8765 0.2808
vn 0.2484 0.9645 0.0899
vn 0.1620 0.9833 -0.0828
vn 0.1943 0.9699 0.1468
vn 0.4081 0.8288 0.3829
vn 0.0708 0.9963 0.0489
vn 0.2951 0.8892 0.3497
vn 0.6165 0.4531 0.6439
vn -0.3588 0.8306 -0.4258
vn 0.1631 0.9667 -0.1972
vn 0.2342 0.9644 -0.1229
vn 0.8803 0.3608 0.3079
vn 0.3740 0.8166 -0.4396
vn 0.8835 0.3028 0.3573
vn 0.8214 0.3480 0.4519
vn 0.7808 0.4810 0.3987
vn -0.1325 0.9907 0.0294
vn 0.5984 0.2695 0.7545
vn -0.3229 0.8273 -0.4597
vn 0.1477 0.9877 0.0505
vn 0.2581 0.9563 0.1371
vn -0.0605 0.9717 -0.2285
vn 0.8285 0.5157 0.2184
vn 0.3748 0.8669 0.3286
vn 0.9191 0.3202 0.2298
vn 0.4493 0.8632 0.2302
vn -0.1099 0.8805 -0.4611
vn 0.0917 0.9955 -0.0252
vn -0.4005 0.6120 -0.6820
vn 0.0811 0.9959 0.0405
vn 0.4714 0.2365 0.8496
vn 0.2368 0.9701 0.0533
vn 0.2553 0.9335 0.2518
vn 0.5360 0.5990 0.5950
vn 0.3777 0.7324 0.5665
vn -0.7107 0.6044 0.3601
vn 0.5503 0.7823 0.2919
vn 0.4489 0.8848 0.1247
vn 0.4680 0.7566 0.4566
vn 0.3698 0.8607 0.3499
vn 0.2867 0.7742 0.5643
vn 0.3555 0.8599 0.3663
vn 0.5563 0.6321 0.5394
vn 0.2831 0.9375 0.2022
vn 0.2987 0.5072 0.8084
vn 0.4823 0.6724 0.5615
vn 0.5490 0.5022 0.6681
vn 0.3554 0.6791 0.6423
vn 0.3239 0.4462 0.8343
vn 0.2427 0.9630 0.1172
vn 0.1580 0.9762 -0.1487
vn -0.0634 0.9951 0.0754
vn 0.6556 0.6274 0.4203
vn 0.5035 0.7664 0.3988
vn 0.6944 0.6234 0.3594
vn 0.7158 0.5480 0.4328
vn 0.4042 0.6840 0.6072
vn 0.1558 0.9876 -0.0172
vn 0.2251 0.9728 0.0538
vn 0.6171 0.5164 0.5937
vn 0.3853 0.9043 0.1837
vn 0.7774 0.1990 0.5967
vn 0.5183 0.8015 0.2982
vn 0.5178 0.4505 0.7273
vn 0.8437 0.2438 0.4783
vn 0.7292 0.3843 0.5662
vn 0.6011 0.2944 0.7430
vn 0.7047 0.3124 0.6371
vn 0.7961 0.5877 0.1444
vn 0.8940 0.3611 0.2653
vn 0.8807 0.3255 0.3441
vn 0.0404 0.9814 -0.1876
vn -0.0278 0.9995 0.0163
vn 0.4341 0.4892 0.7565
vn 0.4388 0.5482 0.7120
vn 0.6177 0.6500 0.4426
vn 0.4131 0.4892 0.7681
vn 0.7778 0.5238 0.3475
vn 0.5806 0.4953 0.6462
vn 0.7957 0.5947 0.1148
vn -0.4801 0.8593 -0.1765
vn 0.8519 0.3690 0.3718
vn 0.9381 0.3379 0.0754
vn 0.8951 0.2840 0.3437
vn 0.9269 0.2322 0.2948
vn 0.9021 0.4244 0.0782
vn 0.9290 0.2276 0.2918
vn 0.1568 0.9864 0.0493
vn -0.7816 0.3014 -0.5462
vn 0.5724 0.7193 0.3937
vn -0.2986 0.9536 -0.0380
vn 0.7589 0.2809 0.5875
vn 0.7899 0.2748 0.5482
vn 0.6194 0.6258 0.4740
vn 0.7438 0.3458 0.5719
vn 0.8392 0.2992 0.4541
vn 0.7101 0.3998 0.5796
vn 0.3394 0.7771 -0.5300
vn -0.3423 0.7208 -0.6027
vn 0.0246 0.9548 -0.2961
vn 0.7106 0.6580 0.2494
vn 0.8573 0.5070 0.0891
vn 0.5918 0.6025 -0.5356
vn -0.0296 0.6694 -0.7423
vn -0.4475 0.7711 -0.4530
vn -0.4280 0.6714 -0.6050
vn 0.8436 0.4931 -0.2124
vn 0.1663 0.9795 -0.1132
vn 0.4950 0.8076 -0.3204
vn -0.5326 0.6628 -0.5264
vn 0.6612 0.7152 0.2266
vn 0.5009 0.8609 -0.0889
vn 0.2742 0.9480 0.1619
vn 0.9222 0.3480 -0.1685
vn 0.6953 0.4583 0.5536
vn 0.8437 0.3996 0.3584
vn 0.7015 0.3550 0.6179
vn 0.6376 0.4948 0.5904
vn 0.7495 0.3974 0.5294
vn 0.8942 0.4357 0.1027
vn -0.0845 0.4010 0.9122
vn 0.0501 0.6119 0.7894
vn -0.1280 0.5003 0.8563
vn 0.2149 0.4020 0.8901
vn 0.1409 0.6511 0.7458
vn 0.0602 0.5163 0.8543
vn -0.0357 0.6700 0.7415
vn -0.1171 0.5290 0.8405
vn -0.3298 0.5079 0.7958
vn -0.1814 0.9283 0.3247
vn 0.0851 0.8528 0.5152
vn 0.0906 0.9817 0.1674
vn 0.3142 0.9401 0.1323
vn 0.0058 0.8831 0.4691
vn 0.1474 0.9884 -0.0354
vn -0.3884 0.8587 0.3343
vn -0.1031 0.6336 0.7667
vn 0.2858 0.4301 0.8564
vn 0.4028 0.6551 0.6392
vn 0.0059 0.6405 0.7679
vn 0.0231 0.8457 -0.5332
vn 0.0898 0.9939 -0.0642
vn 0.0335 0.9780 0.2061
vn 0.2586 0.9540 0.1515
vn -0.0850 0.5210 0.8493
vn -0.1697 0.5542 0.8149
vn 0.3187 0.8439 0.4315
vn -0.0140 0.4238 0.9056
vn -0.0058 0.7346 0.6785
vn 0.1603 0.9386 0.3055
vn 0.3009 0.4858 0.8207
vn 0.6253 0.6114 0.4850
vn 0.3196 0.6138 0.7219
vn 0.6323 0.6486 0.4237
vn 0.2035 0.6980 0.6866
vn -0.1573 0.9725 -0.1721
vn 0.1108 0.5939 0.7969
vn 0.4481 0.5349 0.7163
vn 0.2625 0.5538 0.7902
vn 0.0694 0.9558 0.2858
vn -0.0242 0.8857 -0.4635
vn 0.0635 0.9920 0.1087
vn 0.1290 0.6682 0.7327
vn 0.2738 0.9145 0.2977
vn 0.1801 0.5584 0.8098
vn 0.3763 0.7185 0.5850
vn -0.0329 0.4860 0.8734
vn 0.6421 0.4962 0.5844
vn 0.3231 0.9351 0.1453
vn -0.1774 0.7024 -0.6894
vn 0.2041 0.9575 -0.2040
vn -0.0806 0.7677 -0.6358
vn 0.3242 0.9253 0.1969
vn 0.3423 0.9160 0.2094
vn 0.3558 0.6307 0.6896
vn 0.1294 0.6908 0.7114
vn 0.1639 0.3262 0.9310
vn -0.2096 0.3782 0.9017
vn -0.0205 0.8052 0.5927
vn 0.0455 0.3753 0.9258
vn 0.2353 0.9664 0.1034
vn -0.1168 0.9910 -0.0653
vn -0.2900 0.4246 0.8577
vn 0.2396 0.6556 0.7161
vn 0.2797 0.2761 0.9195
vn 0.1653 0.3427 0.9248
vn -0.0828 0.9179 -0.3882
vn -0.1073 0.8199 -0.5624
vn 0.1471 0.9870 0.0644
vn 0.0215 0.8030 -0.5956
vn -0.0974 0.8321 -0.5460
vn -0.1689 0.9417 -0.2911
vn -0.1663 0.9827 0.0818
vn 0.1700 0.5740 0.8010
vn 0.1628 0.9388 0.3034
vn -0.0155 0.9890 -0.1471
vn -0.2626 0.7605 -0.5939
vn -0.0073 0.9140 -0.4057
vn 0.2156 0.9618 0.1688
vn 0.0811 0.9861 0.1453
vn 0.3331 0.8310 0.4455
vn -0.1458 0.9839 -0.1033
vn 0.6317 0.6450 0.4300
vn 0.3902 0.9164 0.0891
vn 0.1027 0.9919 0.0752
vn -0.6921 0.6779 -0.2478
vn 0.1573 0.9749 0.1576
vn 0.1422 0.9880 0.0603
vn 0.3795 0.6264 0.6809
vn 0.6351 0.4337 0.6392
vn 0.3198 0.4654 0.8253
vn 0.0566 0.9967 -0.0589
vn 0.1941 0.9602 0.2006
vn 0.3749 0.7476 0.5482
vn 0.5351 0.7662 0.3558
vn 0.7332 0.6579 0.1720
vn 0.5567 0.8278 -0.0695
vn 0.5796 0.6003 0.5511
vn 0.8685 0.4723 0.1504
vn -0.0992 0.9885 -0.1141
vn -0.0317 0.9954 -0.0907
vn 0.3424 0.8974 -0.2781
vn 0.2126 0.9740 -0.0777
vn 0.8342 0.4177 0.3601
vn 0.3644 0.7786 0.5108
vn 0.0142 0.9995 -0.0273
vn 0.0829 0.9959 -0.0364
vn 0.1999 0.9738 0.1086
vn 0.1734 0.7663 0.6186
vn 0.1293 0.8499 0.5109
vn 0.1165 0.7831 0.6109
vn 0.1499 0.4817 0.8634
vn 0.1591 0.7413 0.6520
vn -0.3589 0.8523 -0.3805
vn 0.0520 0.9854 0.1624
vn 0.1825 0.9554 0.2320
vn 0.3623 0.7026 0.6125
vn 0.0524 0.9877 0.1472
vn 0.3509 0.6767 0.6473
vn 0.2018 0.9739 0.1043
vn 0.5991 0.7891 0.1354
vn 0.7416 0.6287 0.2342
vn 0.5558 0.8277 0.0776
vn 0.4299 0.8302 0.3548
vn 0.4926 0.8692 0.0432
vn 0.1207 0.9606 0.2504
vn 0.1980 0.9421 0.2708
vn 0.6567 0.7404 0.1436
vn 0.8897 0.3888 0.2394
vn 0.6279 0.7767 0.0495
vn 0.8898 0.3642 0.2748
vn 0.4887 0.8722 -0.0202
vn 0.4744 0.7674 0.4314
vn 0.7995 0.5916 0.1041
vn 0.2223 0.7487 0.6245
vn 0.2340 0.9536 0.1897
vn 0.5791 0.6340 0.5124
vn 0.5956 0.4394 0.6724
vn 0.2878 0.5428 0.7890
vn 0.6456 0.7456 0.1651
vn 0.9011 0.3852 0.1992
vn 0.2812 0.9194 0.2749
vn 0.1754 0.9582 0.2262
vn 0.6568 0.6315 0.4121
vn 0.5508 0.6166 0.5626
vn 0.0461 0.9983 -0.0356
vn 0.3486 0.6550 0.6704
vn -0.5091 0.8130 0.2826
vn -0.5303 0.7749 0.3440
vn -0.1528 0.9825 0.1062
vn -0.1568 0.9848 0.0753
vn -0.1545 0.9842 0.0864
vn -0.1460 0.9869 0.0683
vn -0.5452 0.8272 0.1363
vn -0.7670 0.3267 0.5523
vn -0.4776 0.8079 0.3453
vn -0.7254 0.4673 0.5054
vn -0.7711 0.4168 0.4813
vn -0.8108 0.3882 0.4381
vn -0.5341 0.7986 0.2775
vn -0.7874 0.3950 0.4733
vn -0.6331 0.4595 0.6230
vn -0.7845 0.3545 0.5088
vn -0.6875 0.4681 0.5552
vn -0.4929 0.8073 0.3247
vn -0.8019 0.4262 0.4187
vn -0.8593 0.3753 0.3475
vn -0.8616 0.3902 0.3245
vn -0.8225 0.3847 0.4190
vn -0.5725 0.7657 0.2932
vn -0.5340 0.8455 -0.0028
vn -0.2821 0.9287 0.2406
vn -0.4252 0.8596 0.2833
vn -0.2129 0.9727 0.0928
vn -0.2503 0.9645 -0.0839
vn -0.3904 0.9109 0.1335
vn -0.3164 0.9130 -0.2574
vn -0.2333 0.9589 0.1616
vn -0.1031 0.9945 0.0181
vn 0.2385 0.9591 0.1525
vn -0.1778 0.9706 -0.1620
vn 0.4198 0.9017 0.1034
vn 0.1593 0.9783 0.1325
vn -0.0262 0.9908 0.1329
vn -0.0888 0.9960 -0.0077
vn -0.5889 0.4825 0.6484
vn -0.4942 0.7367 0.4616
vn -0.6361 0.6728 0.3777
vn -0.2856 0.8198 0.4964
vn -0.4590 0.6207 0.6356
vn -0.5626 0.7179 0.4100
vn -0.7052 0.6703 0.2311
vn -0.6614 0.7496 0.0256
vn -0.7704 0.6183 0.1555
vn -0.5261 0.7570 0.3876
vn -0.4832 0.8087 0.3355
vn -0.4570 0.8063 0.3756
vn -0.4392 0.7925 0.4232
vn -0.4913 0.8580 0.1496
vn -0.3554 0.8716 0.3377
vn -0.3794 0.8728 0.3070
vn -0.7410 0.6703 -0.0401
vn -0.4912 0.8430 0.2191
vn -0.5689 0.6529 0.5000
vn -0.8102 0.4955 0.3130
vn -0.5618 0.6774 0.4748
vn -0.5752 0.6343 0.5165
vn -0.5673 0.5784 0.5862
vn -0.5146 0.7175 0.4694
vn -0.4007 0.7423 0.5371
vn -0.2261 0.9704 0.0848
vn -0.3766 0.8707 0.3163
vn -0.5882 0.6657 0.4592
vn -0.8050 0.5871 0.0848
vn -0.6899 0.7224 0.0461
vn -0.5439 0.5986 0.5881
vn -0.4864 0.8721 0.0539
vn -0.3744 0.8451 0.3816
vn -0.2606 0.9270 0.2698
vn -0.3617 0.8932 0.2672
vn -0.3062 0.9477 0.0895
vn -0.3717 0.9197 0.1267
vn -0.3851 0.9216 0.0474
vn -0.1656 0.9727 0.1628
vn -0.6551 0.6073 0.4494
vn -0.4731 0.7979 0.3734
vn -0.6166 0.7027 0.3550
vn -0.5806 0.6600 0.4767
vn -0.5754 0.5067 0.6421
vn -0.6929 0.5862 0.4198
vn -0.5036 0.8238 0.2602
vn -0.7714 0.4618 0.4379
vn -0.8014 0.4141 0.4316
vn -0.6779 0.4537 0.5785
vn -0.5543 0.6022 0.5746
vn -0.4775 0.8185 0.3195
vn -0.1967 0.9691 0.1489
vn -0.4888 0.8148 0.3117
vn -0.5215 0.8352 0.1745
vn -0.5489 0.7608 0.3462
vn -0.4361 0.8265 0.3561
vn -0.6077 0.6702 0.4260
vn -0.5709 0.7973 0.1957
vn -0.4461 0.8752 0.1872
vn -0.2792 0.9058 0.3188
vn -0.6161 0.7870 0.0318
vn -0.6556 0.5988 0.4601
vn -0.8931 0.4376 0.1044
vn -0.3440 0.9349 0.0872
vn -0.8536 0.4544 0.2546
vn -0.7880 0.6070 -0.1031
vn -0.7968 0.5873 0.1419
vn -0.8775 0.4413 -0.1879
vn -0.8470 0.5268 0.0707
vn -0.5866 0.7765 0.2302
vn -0.7452 0.6310 0.2155
vn -0.8472 0.4440 0.2918
vn -0.8944 0.4473 0.0067
vn -0.6679 0.6144 0.4200
vn -0.4396 0.8499 0.2905
vn -0.4487 0.8695 0.2065
vn -0.2882 0.9522 0.1011
vn -0.5555 0.8314 -0.0133
vn -0.1829 0.9831 0.0009
vn -0.3635 0.9293 0.0651
vn -0.3299 0.9430 0.0433
vn -0.3711 0.9265 0.0627
vn -0.3704 0.9252 0.0822
vn -0.1364 0.9860 0.0956
vn -0.1520 0.9856 0.0739
vn -0.2174 0.9758 0.0251
vn -0.3475 0.9373 0.0281
vn 0.2839 0.9418 0.1800
vn -0.0972 0.9910 0.0916
vn 0.0416 0.9883 0.1466
vn -0.0945 0.9942 0.0511
vn -0.6143 0.7193 0.3244
vn -0.6664 0.7117 0.2222
vn -0.8173 0.5613 0.1304
vn -0.5873 0.7033 0.4005
vn -0.7455 0.5010 0.4396
vn -0.6859 0.7099 0.1601
vn -0.6110 0.7519 0.2475
vn -0.7993 0.5753 0.1736
vn -0.6948 0.6876 0.2110
vn -0.8719 0.3861 0.3012
vn -0.7350 0.6179 0.2793
vn -0.8703 0.3350 0.3609
vn -0.7845 0.4513 0.4253
vn -0.5331 0.8367 0.1257
vn -0.7642 0.6392 0.0866
vn -0.9189 0.3737 0.1261
vn -0.8918 0.4517 0.0236
vn -0.7258 0.6339 0.2670
vn -0.6485 0.7600 0.0425
vn -0.6415 0.7505 0.1587
vn -0.7181 0.6800 0.1482
vn -0.6101 0.7835 -0.1176
vn -0.3145 0.9248 -0.2139
vn -0.1669 0.9857 -0.0222
vn -0.1565 0.9876 0.0125
vn -0.1482 0.9882 -0.0391
vn -0.1507 0.9882 0.0287
vn -0.3511 0.9351 0.0489
vn -0.1995 0.9794 0.0319
vn -0.1517 0.9884 -0.0000
vn -0.2101 0.9776 -0.0154
vn -0.2641 0.9581 0.1105
vn -0.3180 0.9322 0.1727
vn -0.0977 0.9922 0.0771
vn -0.1818 0.9832 0.0158
vn -0.3931 0.9116 0.1204
vn -0.2481 0.9687 0.0047
vn 0.0104 0.9925 0.1215
vn 0.0324 0.9896 0.1403
vn -0.4950 0.8633 0.0985
vn -0.0288 0.9896 0.1411
vn 0.1378 0.9848 0.1057
vn -0.0638 0.9834 0.1698
vn 0.0156 0.9963 0.0848
vn -0.4224 0.9050 0.0502
vn -0.0422 0.9922 0.1173
vn -0.6195 0.7764 -0.1157
vn -0.2035 0.9789 -0.0178
vn -0.1338 0.9851 0.1078
vn -0.3818 0.9239 -0.0251
vn -0.2302 0.9712 0.0622
vn -0.3122 0.9477 -0.0661
vn -0.1300 0.9865 0.0996
vn -0.2235 0.9723 0.0681
vn -0.3986 0.9166 0.0311
vn 0.2411 0.9502 0.1974
vn 0.0908 0.9913 0.0951
vn -0.3267 0.9422 0.0749
vn -0.6344 0.6449 0.4262
vn -0.8627 0.3988 0.3111
vn 0.0111 0.9725 0.2326
vn -0.2178 0.9753 0.0362
vn -0.2413 0.9695 0.0425
vn -0.1847 0.9825 0.0223
vn -0.2188 0.9709 0.0974
vn -0.2006 0.9545 0.2206
vn -0.1284 0.9806 0.1481
vn -0.1395 0.9895 0.0373
vn -0.2001 0.9761 0.0843
vn -0.1677 0.9830 0.0745
vn -0.3675 0.9299 -0.0175
vn -0.4773 0.8591 0.1847
vn -0.6137 0.7886 -0.0380
vn -0.1224 0.9864 0.1100
vn -0.2444 0.9659 0.0852
vn -0.2395 0.9547 0.1767
vn -0.2412 0.9705 -0.0022
vn 0.2571 0.9435 0.2091
vn -0.2309 0.9444 0.2341
vn -0.3282 0.9305 0.1628
vn 0.2885 0.9511 0.1099
vn 0.0644 0.9972 0.0368
vn -0.3449 0.9354 0.0783
vn 0.2897 0.9374 0.1930
vn 0.1159 0.9903 0.0763
vn 0.2324 0.9705 0.0636
vn 0.0921 0.9949 0.0417
vn 0.1405 0.9898 0.0227
vn 0.4114 0.9066 0.0940
vn -0.0720 0.9955 0.0608
vn -0.1437 0.9839 0.1063
vn -0.0833 0.9810 0.1753
vn -0.0708 0.9912 0.1121
vn -0.1526 0.9791 0.1345
vn 0.0535 0.9908 -0.1245
vn -0.1875 0.9661 0.1775
vn 0.3316 0.9420 -0.0518
vn -0.1875 0.9692 0.1597
vn -0.3052 0.9399 0.1533
vn -0.1274 0.9384 0.3212
vn -0.7508 0.6199 -0.2281
vn -0.6271 0.7768 -0.0575
vn -0.3955 0.9168 -0.0550
vn -0.1955 0.9806 -0.0160
vn -0.7502 0.6593 -0.0509
vn -0.8742 0.4796 -0.0760
vn -0.6587 0.7172 -0.2277
vn -0.7033 0.6758 -0.2205
vn -0.8565 0.5156 -0.0235
vn -0.3559 0.9151 0.1895
vn -0.8359 0.4824 -0.2617
vn -0.1353 0.9903 0.0303
vn -0.7519 0.6440 -0.1412
vn -0.4202 0.9070 -0.0285
vn -0.8059 0.5792 -0.1231
vn -0.8566 0.5135 0.0495
vn -0.5491 0.8153 0.1839
vn -0.5881 0.7846 -0.1964
vn -0.8054 0.5627 0.1861
vn -0.6619 0.7496 -0.0078
vn -0.6528 0.7524 0.0879
vn -0.7462 0.6430 0.1726
vn -0.7172 0.6796 0.1540
vn -0.8682 0.4957 0.0240
vn -0.6176 0.7861 0.0237
vn -0.8222 0.5361 0.1910
vn -0.7830 0.5824 0.2183
vn -0.8532 0.4697 0.2270
vn -0.5025 0.8594 0.0945
vn -0.8017 0.5948 -0.0599
vn -0.7983 0.6022 -0.0013
vn -0.7722 0.5802 0.2589
vn -0.7466 0.6647 -0.0275
vn -0.2750 0.9586 0.0743
vn -0.7172 0.6763 0.1682
vn -0.1041 0.9868 0.1237
vn -0.1653 0.9731 0.1604
vn -0.2130 0.9703 0.1147
vn -0.1316 0.9666 0.2199
vn -0.1159 0.9932 0.0110
vn -0.5141 0.8419 0.1641
vn -0.2975 0.9458 0.1303
vn -0.3430 0.9392 0.0153
vn -0.0970 0.9942 0.0465
vn -0.0977 0.9947 0.0332
vn -0.0591 0.9982 0.0078
vn -0.1682 0.9666 0.1932
vn -0.0063 0.9999 0.0103
vn -0.0849 0.9964 0.0024
vn -0.2616 0.9508 0.1658
vn -0.1871 0.9792 0.0790
vn -0.4711 0.8725 0.1297
vn -0.1357 0.9907 0.0072
vn -0.2039 0.9781 0.0414
vn -0.1434 0.9880 0.0567
vn -0.1044 0.9944 0.0181
vn -0.1047 0.9945 0.0090
vn -0.5550 0.8209 -0.1343
vn -0.5967 0.7850 0.1667
vn -0.4163 0.9076 -0.0543
vn -0.2930 0.9534 -0.0714
vn -0.3290 0.9404 0.0858
vn -0.1449 0.9864 0.0776
vn -0.5637 0.7741 0.2882
vn -0.7824 0.6181 0.0767
vn -0.6119 0.7672 0.1922
vn -0.6179 0.7830 -0.0712
vn -0.5649 0.8210 0.0830
vn -0.8764 0.3814 0.2941
vn -0.6944 0.6796 0.2364
vn -0.4602 0.8451 0.2721
vn -0.5543 0.8310 -0.0464
vn -0.6784 0.7262 -0.1117
vn -0.9310 0.3466 -0.1146
vn -0.8731 0.4870 0.0229
vn -0.8116 0.4660 0.3524
vn -0.7030 0.6844 0.1932
vn -0.8547 0.4970 0.1503
vn -0.7698 0.6347 -0.0677
vn -0.7262 0.6595 0.1941
vn -0.3973 0.9140 0.0827
vn -0.5656 0.8237 0.0398
vn -0.8730 0.4134 0.2590
vn -0.8806 0.4724 -0.0369
vn -0.5308 0.7783 0.3353
vn -0.0963 0.9927 0.0720
vn -0.2463 0.9648 0.0920
vn -0.2991 0.9389 0.1702
vn -0.4920 0.8560 0.1589
vn -0.7647 0.4193 0.4894
vn -0.3272 0.9205 0.2137
vn -0.8753 0.4733 0.0994
vn -0.9219 0.3640 0.1326
vn -0.7961 0.5887 0.1401
vn -0.7584 0.6010 0.2524
vn -0.5075 0.8568 0.0911
vn -0.2810 0.9586 0.0461
vn -0.4403 0.8873 0.1375
vn -0.6449 0.6292 0.4338
vn -0.8022 0.5308 0.2735
vn -0.7890 0.5795 0.2041
vn -0.3599 0.9306 0.0665
vn -0.7884 0.6030 0.1217
vn -0.8949 0.3708 0.2483
vn -0.8851 0.3509 0.3058
vn -0.4281 0.8985 0.0976
vn -0.3694 0.9245 0.0937
vn -0.9221 0.3819 -0.0625
vn -0.5651 0.7556 0.3313
vn -0.8073 0.5830 -0.0913
vn -0.4458 0.8309 0.3331
vn -0.9244 0.3793 -0.0401
vn -0.5784 0.8123 0.0749
vn -0.9273 0.3684 -0.0659
vn -0.8751 0.4621 0.1436
vn -0.4081 0.8592 0.3086
vn -0.1117 0.9937 0.0017
vn -0.3519 0.9356 0.0296
vn -0.1543 0.9879 -0.0182
vn 0.3655 0.9291 0.0572
vn 0.5285 0.8088 -0.2580
vn 0.2599 0.9656 0.0068
vn 0.5060 0.8590 0.0780
vn 0.6231 0.6424 -0.4463
vn 0.5746 0.7873 -0.2237
vn 0.5944 0.5797 -0.5573
vn 0.6847 0.6831 0.2539
vn 0.7559 0.6487 0.0888
vn 0.8636 0.3911 0.3182
vn 0.6093 0.7817 -0.1331
vn 0.7705 0.6106 -0.1832
vn 0.7785 0.6031 -0.1737
vn 0.4486 0.8937 0.0032
vn 0.6323 0.7746 -0.0115
vn 0.6960 0.7157 0.0580
vn 0.5405 0.8132 0.2159
vn 0.6047 0.7918 0.0852
vn 0.5682 0.8178 -0.0912
vn 0.5194 0.8545 -0.0019
vn 0.8230 0.5444 -0.1621
vn 0.8301 0.5154 0.2126
vn 0.7069 0.6990 0.1080
vn 0.7265 0.6461 0.2341
vn 0.8079 0.5093 0.2965
vn 0.7884 0.6143 0.0328
vn 0.8332 0.5499 -0.0580
vn 0.5467 0.5589 -0.6235
vn 0.7497 0.6250 -0.2176
vn 0.4949 0.8479 -0.1904
vn 0.2588 0.8472 -0.4639
vn 0.6794 0.7242 -0.1185
vn 0.2521 0.9639 -0.0857
vn 0.3403 0.9269 -0.1585
vn 0.2931 0.9389 -0.1803
vn 0.5489 0.8288 -0.1084
vn 0.2034 0.9767 -0.0689
vn 0.1429 0.9887 -0.0443
vn 0.6668 0.7011 -0.2528
vn 0.1246 0.9910 -0.0495
vn 0.3716 0.9277 -0.0364
vn 0.3009 0.9512 -0.0685
vn 0.3476 0.9317 -0.1056
vn 0.5477 0.8240 -0.1453
vn 0.4087 0.9085 -0.0866
vn 0.4685 0.8834 -0.0027
vn 0.8333 0.5525 -0.0198
vn 0.7170 0.6970 -0.0142
vn 0.7923 0.5959 0.1307
vn 0.7491 0.6561 -0.0914
vn 0.7415 0.6650 -0.0889
vn 0.6488 0.7528 0.1114
vn 0.7127 0.6997 0.0501
vn 0.5460 0.8282 0.1266
vn 0.5352 0.8367 0.1160
vn 0.5936 0.7846 0.1790
vn 0.6730 0.7277 0.1322
vn 0.5085 0.7926 0.3366
vn 0.4722 0.8459 0.2480
vn 0.7023 0.6995 0.1320
vn 0.6750 0.7373 -0.0274
vn 0.5981 0.7762 -0.1994
vn 0.7901 0.5753 0.2114
vn 0.6599 0.7512 0.0147
vn 0.4700 0.8283 -0.3049
vn 0.6983 0.7148 0.0380
vn 0.7843 0.5576 0.2720
vn 0.6492 0.7557 -0.0867
vn 0.0263 0.9996 -0.0041
vn 0.4288 0.8751 -0.2244
vn -0.1961 0.9806 0.0068
vn 0.5595 0.8170 -0.1395
vn 0.4554 0.8726 -0.1766
vn 0.3499 0.9265 -0.1382
vn 0.4527 0.8903 -0.0494
vn 0.5752 0.8177 -0.0228
vn 0.6847 0.7132 -0.1499
vn 0.4796 0.7966 -0.3681
vn 0.0176 0.9985 -0.0527
vn -0.2275 0.9707 0.0778
vn 0.4514 0.8296 -0.3287
vn 0.3079 0.9320 -0.1912
vn -0.0808 0.9967 -0.0030
vn 0.2373 0.9302 -0.2800
vn 0.8466 0.5322 -0.0005
vn 0.7184 0.6487 -0.2511
vn 0.7781 0.5709 -0.2620
vn 0.6639 0.5791 -0.4732
vn 0.7398 0.6708 0.0521
vn 0.8669 0.4858 0.1120
vn 0.6840 0.6938 -0.2254
vn 0.6693 0.7252 0.1618
vn 0.5398 0.8288 -0.1472
vn 0.7956 0.3693 -0.4803
vn 0.5099 0.4715 -0.7195
vn 0.5262 0.6400 -0.5599
vn 0.7681 0.4009 -0.4992
vn 0.8772 0.4177 -0.2367
vn 0.8158 0.5334 0.2237
vn 0.8958 0.4054 -0.1822
vn 0.8247 0.5647 -0.0313
vn 0.6734 0.6952 0.2516
vn 0.6754 0.7363 -0.0398
vn 0.9394 0.3348 0.0731
vn 0.9240 0.3014 0.2355
vn 0.8740 0.4345 0.2177
vn 0.8427 0.5171 0.1499
vn 0.6098 0.7679 0.1960
vn 0.5204 0.7760 0.3564
vn 0.5407 0.7100 0.4511
vn 0.4280 0.8884 -0.1662
vn -0.0292 0.9939 0.1066
vn -0.1935 0.9680 0.1597
vn -0.3744 0.8768 0.3017
vn -0.2991 0.9389 0.1701
vn -0.3933 0.9128 0.1097
vn -0.2160 0.9665 -0.1387
vn -0.4180 0.8980 0.1373
vn -0.5212 0.7139 0.4677
vn -0.6779 0.6793 0.2811
vn -0.5087 0.8451 0.1642
vn -0.7948 0.5985 0.1003
vn -0.5683 0.8190 0.0795
vn -0.3949 0.9127 0.1055
vn -0.1782 0.9359 0.3039
vn 0.0289 0.9985 0.0466
vn -0.0885 0.9959 -0.0175
vn -0.1476 0.9781 0.1466
vn -0.0324 0.9994 0.0099
vn 0.3911 0.9135 -0.1118
vn 0.5693 0.7720 -0.2826
vn 0.6763 0.7045 -0.2150
vn 0.5891 0.5643 -0.5784
vn 0.8542 0.5186 0.0378
vn 0.6647 0.7471 0.0023
vn 0.6925 0.6697 -0.2682
vn 0.7773 0.6287 0.0209
vn 0.5764 0.6895 -0.4386
vn 0.6966 0.6074 -0.3818
vn 0.6689 0.6849 -0.2888
vn 0.5894 0.8061 -0.0527
vn 0.6532 0.6895 -0.3129
vn 0.7939 0.5426 -0.2745
vn 0.6576 0.7432 -0.1235
vn 0.7193 0.6947 -0.0038
vn 0.5724 0.8103 -0.1259
vn 0.7514 0.6583 0.0447
vn 0.8250 0.5594 0.0804
vn 0.7043 0.6839 -0.1902
vn 0.8019 0.5927 -0.0751
vn 0.6034 0.7137 -0.3558
vn 0.8933 0.3810 -0.2386
vn 0.5863 0.7908 -0.1756
vn 0.7490 0.6526 -0.1145
vn 0.8311 0.5076 -0.2273
vn 0.8620 0.3930 -0.3202
vn 0.8373 0.5466 -0.0149
vn 0.7395 0.6288 -0.2404
vn 0.8840 0.3901 -0.2576
vn 0.3372 0.9003 -0.2753
vn 0.9103 0.4096 0.0594
vn 0.7383 0.5927 -0.3218
vn 0.7403 0.6650 -0.0988
vn 0.7482 0.5592 -0.3571
vn 0.5414 0.8323 -0.1195
vn 0.5943 0.7129 -0.3722
vn 0.7969 0.5252 -0.2984
vn 0.7033 0.7076 -0.0676
vn 0.7182 0.6106 0.3337
vn 0.6443 0.5730 -0.5065
vn 0.6271 0.7778 0.0423
vn 0.2431 0.9670 -0.0765
vn 0.6932 0.5989 -0.4011
vn 0.8070 0.4072 -0.4278
vn 0.4950 0.7366 -0.4608
vn 0.5864 0.7082 -0.3933
vn 0.7517 0.5070 -0.4217
vn 0.8107 0.5435 -0.2176
vn 0.6820 0.7260 -0.0890
vn 0.6184 0.7102 -0.3366
vn 0.5625 0.6095 -0.5587
vn 0.5071 0.7309 -0.4567
vn 0.6696 0.7019 -0.2431
vn 0.7841 0.4105 -0.4656
vn 0.5413 0.6207 -0.5672
vn 0.4075 0.7961 -0.4473
vn 0.4151 0.7495 -0.5157
vn 0.4285 0.8007 -0.4187
vn 0.6721 0.7388 0.0495
vn 0.8179 0.5741 0.0365
vn 0.6478 0.7512 -0.1269
vn 0.8595 0.4951 -0.1270
vn 0.6251 0.6689 -0.4024
vn 0.6865 0.6344 -0.3554
vn 0.5729 0.6928 -0.4381
vn 0.3331 0.8413 -0.4257
vn 0.5914 0.7032 -0.3946
vn 0.3644 0.8280 -0.4262
vn 0.7338 0.5521 -0.3958
vn 0.4951 0.7952 -0.3500
vn 0.6831 0.5983 -0.4188
vn 0.4365 0.8542 -0.2824
vn 0.5803 0.7216 -0.3776
vn 0.6737 0.6522 -0.3476
vn 0.5668 0.7425 -0.3570
vn 0.7536 0.5250 -0.3956
vn 0.7044 0.5802 -0.4088
vn 0.3638 0.8487 -0.3839
vn 0.5039 0.7241 -0.4708
vn 0.6108 0.5458 -0.5737
vn 0.1333 0.9910 0.0115
vn 0.1095 0.9938 -0.0186
vn 0.2313 0.9721 -0.0402
vn 0.2167 0.9740 -0.0666
vn 0.2473 0.9515 -0.1830
vn 0.3056 0.9393 -0.1560
vn 0.2128 0.9659 -0.1474
vn 0.4291 0.8986 -0.0919
vn 0.4178 0.8553 -0.3064
vn 0.8178 0.4213 -0.3920
vn 0.7865 0.5804 0.2109
vn 0.7100 0.5819 -0.3965
vn 0.4071 0.9127 -0.0344
vn 0.4912 0.8199 -0.2940
vn 0.3537 0.8924 -0.2802
vn 0.5036 0.8639 -0.0050
vn 0.3773 0.9242 0.0592
vn 0.7460 0.5446 -0.3833
vn 0.6740 0.5984 -0.4332
vn 0.6303 0.6202 -0.4670
vn 0.4104 0.6382 -0.6514
vn 0.6104 0.7914 -0.0332
vn 0.7485 0.6614 -0.0477
vn 0.7717 0.4600 -0.4392
vn 0.8213 0.4587 -0.3392
vn 0.5064 0.4028 -0.7624
vn 0.7441 0.4606 -0.4840
vn 0.8246 0.4512 -0.3413
vn 0.7091 0.6172 -0.3410
vn 0.6468 0.4731 -0.5982
vn 0.3198 0.2079 -0.9244
vn 0.7479 0.5043 -0.4316
vn 0.9394 0.3355 0.0704
vn 0.4282 0.8993 0.0893
vn 0.8265 0.5572 0.0801
vn 0.6911 0.6000 0.4030
vn 0.3407 0.9395 -0.0353
vn 0.4592 0.8117 -0.3610
vn 0.7490 0.6590 -0.0689
vn 0.7638 0.6452 0.0141
vn 0.5751 0.7258 0.3776
vn 0.7026 0.7087 0.0645
vn 0.2522 0.9676 -0.0103
vn 0.8207 0.5700 -0.0387
vn 0.7526 0.6568 0.0476
vn 0.3883 0.9178 0.0828
vn 0.6774 0.6664 -0.3116
vn 0.7857 0.6063 0.1224
vn 0.7853 0.6141 -0.0789
vn 0.7233 0.6863 -0.0765
vn 0.4959 0.8604 0.1173
vn 0.6720 0.7394 -0.0410
vn 0.3680 0.9282 0.0544
vn 0.5965 0.5951 -0.5386
vn 0.6586 0.6269 -0.4162
vn 0.7105 0.5632 -0.4218
vn 0.6574 0.7402 0.1411
vn 0.4622 0.8755 0.1410
vn 0.5848 0.7405 -0.3312
vn 0.4397 0.6422 -0.6279
vn 0.4286 0.7173 -0.5493
vn 0.6375 0.7530 -0.1632
vn 0.8593 0.4478 -0.2473
vn 0.6162 0.4065 -0.6746
vn 0.8506 0.5089 0.1319
vn 0.6096 0.7659 -0.2047
vn 0.5371 0.8310 0.1451
vn 0.6001 0.7924 -0.1101
vn 0.3320 0.9300 -0.1576
vn 0.6908 0.6181 -0.3751
vn 0.4442 0.7215 -0.5311
vn 0.8257 0.5455 -0.1438
vn 0.5231 0.7328 -0.4351
vn 0.2964 0.8328 -0.4676
vn 0.3419 0.8190 -0.4608
vn 0.2364 0.7375 -0.6326
vn 0.8631 0.4794 -0.1590
vn 0.9364 0.2922 0.1941
vn 0.9203 0.3572 0.1598
vn 0.0761 0.8962 0.4371
vn 0.1759 0.7864 0.5922
vn 0.2057 0.8200 0.5341
vn 0.4577 0.8130 0.3600
vn 0.6260 0.6807 0.3805
vn 0.4304 0.7056 0.5629
vn 0.1796 0.6736 0.7170
vn 0.6969 0.6077 -0.3808
vn -0.5597 0.8287 0.0070
vn -0.4664 0.8844 0.0184
vn 0.0993 0.9898 -0.1020
vn -0.0269 0.9984 0.0491
vn -0.3708 0.8583 0.3547
vn 0.5897 0.7725 -0.2356
vn 0.7968 0.5689 -0.2036
vn -0.0387 0.9986 -0.0358
vn 0.7366 0.5850 -0.3394
vn 0.6188 0.6005 -0.5064
vn 0.9008 0.3563 -0.2482
vn -0.3636 0.9302 0.0503
vn -0.2788 0.9512 -0.1319
vn -0.2283 0.9684 0.1005
vn -0.3559 0.9228 -0.1476
vn -0.2325 0.9719 0.0360
vn -0.2188 0.9246 0.3118
vn -0.1588 0.9675 0.1966
vn -0.2196 0.9631 0.1557
vn -0.0293 0.9985 0.0462
vn -0.2906 0.9537 0.0770
vn 0.6030 0.6791 -0.4186
vn 0.7811 0.4655 -0.4163
vn 0.4980 0.7576 -0.4219
vn 0.7854 0.4834 -0.3866
vn 0.9023 0.3194 -0.2897
vn 0.9069 0.3187 -0.2757
vn 0.8617 0.4784 -0.1690
vn 0.9255 0.3328 -0.1806
vn 0.8920 0.3948 -0.2201
vn 0.5103 0.7695 -0.3840
vn 0.5983 0.7845 -0.1631
vn 0.5035 0.7929 -0.3432
vn 0.5968 0.7055 -0.3822
vn 0.2254 0.8724 -0.4337
vn 0.5688 0.7603 -0.3137
vn 0.4399 0.8356 -0.3291
vn 0.3552 0.7707 -0.5290
vn 0.8103 0.2553 -0.5275
vn 0.7940 0.3580 -0.4914
vn 0.8757 0.2917 -0.3849
vn 0.7611 0.4463 -0.4708
vn 0.6986 0.6388 -0.3224
vn 0.8723 0.4059 -0.2727
vn 0.8811 0.3189 -0.3493
vn 0.4543 0.6499 -0.6093
vn 0.7834 0.5780 -0.2285
vn 0.5014 0.6643 -0.5543
vn 0.3417 0.6916 -0.6363
vn 0.7843 0.5763 -0.2297
vn 0.7046 0.6449 -0.2961
vn 0.4718 0.8811 0.0321
vn 0.5574 0.7613 -0.3314
vn 0.5473 0.8305 -0.1036
vn 0.4250 0.9050 -0.0195
vn 0.2536 0.9623 -0.0983
vn 0.2486 0.9575 -0.1464
vn 0.5188 0.8391 -0.1638
vn 0.2897 0.9439 -0.1583
vn 0.4546 0.8890 -0.0543
vn 0.5596 0.8260 -0.0678
vn 0.5107 0.8530 -0.1073
vn 0.2663 0.9565 -0.1193
vn 0.2527 0.8887 -0.3825
vn 0.6245 0.7586 -0.1859
vn 0.5490 0.8074 -0.2163
vn 0.7972 0.5911 -0.1227
vn 0.6829 0.7293 -0.0420
vn 0.5694 0.8153 0.1048
vn 0.3240 0.9310 -0.1679
vn 0.7422 0.6600 -0.1168
vn 0.7319 0.6715 -0.1157
vn 0.4888 0.7618 -0.4252
vn 0.4940 0.7563 -0.4290
vn 0.6251 0.7635 -0.1624
vn 0.5599 0.7691 -0.3082
vn 0.5134 0.8462 0.1429
vn 0.6056 0.7884 0.1080
vn 0.5728 0.8187 0.0409
vn 0.5695 0.7933 0.2155
vn 0.5927 0.7848 0.1812
vn 0.9521 0.2781 0.1275
vn 0.9203 0.3559 0.1627
vn 0.6753 0.7158 0.1780
vn 0.8384 0.4524 0.3039
vn 0.4305 0.9025 0.0127
vn 0.9285 0.3150 -0.1967
vn 0.7597 0.6194 -0.1981
vn 0.5974 0.7933 -0.1176
vn 0.7754 0.2342 0.5865
vn 0.8870 0.3972 0.2355
vn 0.7944 0.4135 0.4449
vn -0.1418 0.9848 -0.1005
vn 0.8378 0.3740 -0.3977
vn 0.9102 0.2975 -0.2881
vn 0.6923 0.5244 -0.4957
vn 0.9525 0.3022 -0.0377
vn 0.8592 0.2728 -0.4328
vn 0.9355 0.3522 -0.0281
vn 0.5759 0.4654 -0.6721
vn 0.5037 0.5790 -0.6411
vn 0.6818 0.7073 -0.1866
vn 0.5251 0.7454 -0.4106
vn 0.8692 0.4558 0.1918
vn 0.9064 0.4215 -0.0272
vn 0.9462 0.2916 0.1405
vn 0.8610 0.3924 0.3234
vn 0.9492 0.3148 -0.0002
vn 0.9241 0.2928 -0.2457
vn 0.9218 0.3335 0.1977
vn 0.9504 0.2884 -0.1166
vn 0.9006 0.3817 -0.2078
vn 0.7572 0.5912 -0.2779
vn 0.9563 0.2610 -0.1317
vn 0.8987 0.2866 -0.3319
vn 0.6840 0.4499 0.5742
vn 0.7211 0.6503 0.2388
vn 0.7766 0.5007 0.3824
vn 0.8200 0.3795 0.4285
vn 0.3956 0.7535 0.5251
vn 0.3759 0.5276 0.7618
vn 0.7068 0.7029 -0.0796
vn 0.2736 0.9615 -0.0241
vn -0.2647 0.9491 -0.1708
vn -0.2480 0.9662 -0.0707
vn -0.1976 0.9601 0.1980
vn 0.2999 0.9519 0.0620
vn 0.1366 0.9839 -0.1151
vn 0.1320 0.9912 -0.0083
vn 0.7814 0.5936 -0.1923
vn 0.8965 0.4391 -0.0597
vn 0.8113 0.5844 -0.0189
vn 0.6764 0.4385 -0.5917
vn 0.5370 0.3987 -0.7434
vn 0.6538 0.3771 -0.6560
vn 0.6992 0.4934 -0.5174
vn 0.4228 0.4623 -0.7795
vn 0.4966 0.4615 -0.7351
vn 0.1349 0.6521 -0.7460
vn 0.3449 0.6491 -0.6780
vn 0.6385 0.4096 -0.6516
vn 0.0014 0.4969 -0.8678
vn 0.7491 0.4900 -0.4457
vn 0.6228 0.4698 -0.6257
vn 0.6728 0.5017 -0.5437
vn 0.5967 0.3619 -0.7162
vn 0.6811 0.3625 -0.6361
vn 0.3577 0.3778 -0.8540
vn 0.5756 0.3797 -0.7242
vn 0.5697 0.5981 -0.5637
vn 0.5142 0.4256 -0.7446
vn 0.3487 0.6692 -0.6562
vn 0.3677 0.4222 -0.8286
vn 0.3656 0.6379 -0.6779
vn 0.5016 0.2957 -0.8130
vn 0.5013 0.5189 -0.6924
vn 0.3892 0.2500 -0.8866
vn 0.4814 0.3789 -0.7903
vn 0.6476 0.3644 -0.6693
vn 0.6474 0.5173 -0.5597
vn 0.6875 0.6753 -0.2670
vn 0.2767 0.7709 -0.5738
vn 0.7386 0.5971 -0.3130
vn 0.7507 0.6575 -0.0634
vn 0.2943 0.7461 -0.5973
vn 0.8618 0.3339 -0.3818
vn 0.7514 0.4430 -0.4890
vn 0.7528 0.3678 -0.5458
vn 0.8141 0.5730 0.0941
vn 0.5907 0.6073 0.5312
vn 0.6157 0.3661 0.6978
vn 0.6447 0.3847 0.6606
vn 0.8347 0.3738 0.4044
vn 0.8025 0.5870 0.1070
vn 0.7063 0.3698 0.6037
vn 0.7305 0.6021 0.3222
vn 0.9149 0.3314 0.2307
vn 0.9287 0.3319 0.1651
vn 0.7114 0.6001 0.3658
vn 0.8523 0.4967 0.1639
vn 0.6548 0.4790 0.5847
vn 0.6811 0.5001 0.5348
vn 0.6195 0.4552 0.6395
vn 0.7485 0.4296 -0.5053
vn 0.8210 0.4451 -0.3575
vn 0.9141 0.4020 -0.0531
vn 0.7475 0.5285 -0.4024
vn 0.8036 0.5886 -0.0889
vn 0.7565 0.5897 -0.2826
vn 0.6189 0.6115 -0.4930
vn 0.6209 0.6573 -0.4271
vn 0.7944 0.5099 -0.3299
vn 0.3037 0.9309 -0.2028
vn 0.3275 0.9310 -0.1614
vn 0.2922 0.9168 -0.2723
vn 0.6247 0.5134 -0.5883
vn 0.4888 0.6845 -0.5408
vn 0.2877 0.6244 -0.7262
vn 0.4121 0.8707 -0.2685
vn 0.1246 0.9542 -0.2719
vn 0.4882 0.8508 -0.1946
vn 0.2507 0.9427 -0.2203
vn 0.5010 0.7024 -0.5056
vn 0.6171 0.7707 -0.1587
vn -0.3314 0.9194 0.2118
vn 0.3803 0.9054 -0.1885
vn 0.5376 0.7269 -0.4274
vn -0.4286 0.8109 0.3984
vn -0.2615 0.9579 0.1184
vn -0.2753 0.9594 0.0618
vn -0.4975 0.8648 0.0676
vn -0.2572 0.9649 0.0525
vn 0.1052 0.9780 0.1800
vn 0.2007 0.9744 0.1014
vn 0.2062 0.9785 0.0102
vn -0.4670 0.8788 0.0985
vn 0.1501 0.9886 -0.0139
vn -0.6261 0.7646 0.1529
vn 0.8505 0.5175 -0.0940
vn 0.9008 0.4286 -0.0691
vn 0.0560 0.9957 0.0734
vn -0.0208 0.9981 0.0581
vn -0.2094 0.9703 0.1215
vn 0.7009 0.6902 0.1795
vn 0.3845 0.6349 0.6701
vn 0.4173 0.8165 0.3990
vn 0.8502 0.4869 0.2002
vn 0.8164 0.5146 0.2621
vn 0.5167 0.8406 0.1626
vn 0.4004 0.9096 0.1113
vn 0.1047 0.5393 0.8356
vn 0.3995 0.8852 0.2384
vn 0.5653 0.7900 0.2374
vn 0.4331 0.7092 0.5563
vn 0.8142 0.5211 0.2561
vn 0.8998 0.4065 -0.1583
vn 0.7588 0.3945 -0.5182
vn 0.9155 0.3770 -0.1408
vn 0.8728 0.3955 -0.2858
vn 0.6876 0.4203 -0.5921
vn 0.8241 0.4988 -0.2684
vn 0.8054 0.5815 0.1146
vn 0.8881 0.4597 -0.0033
vn 0.4138 0.6256 -0.6614
vn 0.7145 0.4583 -0.5287
vn 0.6542 0.7495 -0.1014
vn 0.6980 0.3936 -0.5982
vn 0.7928 0.5942 -0.1356
vn 0.7119 0.6908 0.1263
vn 0.9218 0.3493 0.1685
vn 0.8034 0.5703 0.1714
vn 0.7154 0.6982 0.0263
vn -0.3118 0.9408 -0.1327
vn -0.4654 0.8727 -0.1473
vn -0.4684 0.8699 -0.1547
vn -0.0817 0.9960 -0.0363
vn -0.5375 0.8202 -0.1958
vn -0.3972 0.8809 -0.2576
vn -0.5910 0.7897 -0.1644
vn -0.7472 0.6347 -0.1971
vn -0.5732 0.7754 -0.2647
vn -0.5130 0.8582 -0.0196
vn -0.5562 0.8190 0.1410
vn -0.7067 0.7071 0.0244
vn -0.6063 0.7843 -0.1313
vn -0.6028 0.7976 0.0221
vn 0.1631 0.9860 0.0352
vn -0.2813 0.9560 -0.0835
vn 0.2685 0.9581 0.0999
vn 0.4223 0.8987 -0.1181
vn 0.2643 0.9644 0.0024
vn 0.4268 0.8672 -0.2564
vn 0.6773 0.7171 -0.1646
vn 0.8452 0.4708 -0.2530
vn 0.6320 0.7743 -0.0306
vn 0.6138 0.6666 -0.4228
vn 0.5319 0.8461 0.0333
vn 0.2805 0.9564 0.0808
vn -0.2156 0.9627 -0.1636
vn -0.0916 0.9892 0.1144
vn 0.0434 0.9946 0.0948
vn 0.0404 0.9779 0.2053
vn -0.3691 0.9294 -0.0086
vn -0.3916 0.9200 0.0163
vn -0.4961 0.8682 0.0097
vn -0.4005 0.9158 -0.0313
vn -0.4665 0.8823 -0.0632
vn -0.3657 0.9213 -0.1321
vn -0.3599 0.9324 -0.0324
vn -0.5240 0.8503 -0.0503
vn 0.1453 0.9672 0.2082
vn -0.4935 0.8348 -0.2441
vn -0.7077 0.6692 -0.2266
vn -0.4859 0.8735 0.0297
vn -0.7935 0.5897 0.1504
vn -0.7604 0.6488 0.0273
vn -0.5063 0.8599 0.0657
vn -0.6375 0.7701 -0.0212
vn -0.4299 0.8961 0.1102
vn -0.4250 0.8991 0.1049
vn -0.3713 0.9245 0.0862
vn -0.5263 0.8503 0.0077
vn -0.2327 0.9679 0.0946
vn -0.2380 0.9707 -0.0330
vn -0.5697 0.8144 0.1100
vn -0.5408 0.8058 0.2414
vn -0.6350 0.7599 0.1392
vn -0.7708 0.6370 -0.0119
vn -0.5114 0.8547 0.0894
vn -0.5455 0.8197 0.1748
vn -0.8867 0.4577 -0.0652
vn -0.1088 0.9924 0.0569
vn -0.0592 0.9982 -0.0063
vn -0.1268 0.9877 0.0919
vn 0.4465 0.8928 -0.0592
vn -0.4210 0.9031 0.0843
vn 0.4170 0.7863 -0.4558
vn 0.3991 0.9167 -0.0209
vn 0.5347 0.8448 -0.0198
vn 0.4207 0.8669 -0.2675
vn 0.2318 0.9607 -0.1526
vn 0.6596 0.6779 -0.3248
vn 0.5677 0.7861 -0.2444
vn 0.1014 0.9559 -0.2756
vn 0.3391 0.7222 -0.6029
vn 0.4574 0.7735 -0.4386
vn 0.6901 0.4917 -0.5310
vn 0.5762 0.7118 -0.4017
vn 0.6512 0.5277 -0.5454
vn 0.6072 0.5410 -0.5819
vn 0.7621 0.5580 -0.3283
vn 0.8382 0.5002 -0.2174
vn 0.5903 0.8051 -0.0583
vn 0.5236 0.8450 -0.1090
vn 0.5876 0.7840 -0.2000
vn 0.5863 0.7058 -0.3976
vn 0.7704 0.5540 -0.3154
vn 0.7083 0.7043 -0.0481
vn 0.7852 0.6051 0.1316
vn 0.6285 0.7772 0.0310
vn 0.0897 0.9323 0.3505
vn 0.3051 0.9101 0.2803
vn 0.3385 0.9161 0.2149
vn 0.6779 0.5890 -0.4400
vn 0.7010 0.6653 -0.2569
vn 0.0611 0.8169 -0.5736
vn 0.4397 0.8127 -0.3824
vn 0.5741 0.7961 -0.1914
vn 0.6739 0.7048 -0.2216
vn 0.4223 0.8255 -0.3745
vn 0.7161 0.6953 0.0609
vn 0.2905 0.6675 -0.6856
vn 0.5789 0.5950 -0.5576
vn 0.6682 0.6994 -0.2534
vn 0.7056 0.5757 -0.4132
vn 0.6180 0.6481 -0.4450
vn 0.3004 0.8628 -0.4066
vn 0.7423 0.5795 -0.3365
vn 0.7116 0.5203 -0.4721
vn 0.8857 0.4449 -0.1328
vn 0.8484 0.4824 -0.2177
vn 0.8273 0.5336 -0.1756
vn 0.4698 0.8689 -0.1561
vn 0.7430 0.5594 -0.3675
vn 0.7937 0.5760 -0.1956
vn 0.8096 0.5373 -0.2363
vn 0.7294 0.6691 -0.1426
vn 0.4345 0.8987 0.0599
vn 0.3945 0.8924 0.2191
vn 0.4692 0.8055 0.3619
vn 0.4818 0.8356 0.2638
vn 0.3954 0.8157 -0.4222
vn 0.5447 0.7990 -0.2549
vn 0.6126 0.7450 -0.2640
vn 0.5624 0.7956 -0.2253
vn 0.7776 0.5740 0.2568
vn 0.5460 0.7552 0.3627
vn 0.8885 0.4533 0.0715
vn 0.5570 0.8152 -0.1588
vn 0.6832 0.6280 -0.3726
vn 0.7574 0.5859 -0.2882
vn 0.7796 0.5789 0.2390
vn 0.5239 0.8404 0.1387
vn 0.6808 0.7213 0.1272
vn 0.6467 0.7624 -0.0227
vn 0.6747 0.6635 -0.3233
vn 0.6395 0.7526 -0.1569
vn 0.4448 0.8808 -0.1626
vn 0.5078 0.8026 -0.3129
vn 0.5771 0.7349 -0.3562
vn 0.4667 0.8577 -0.2160
vn -0.5844 0.7617 -0.2797
vn 0.5132 0.4751 -0.7147
vn 0.5143 0.8459 -0.1414
vn 0.5183 0.8444 -0.1357
vn 0.5198 0.8537 0.0310
vn -0.1372 0.9881 -0.0688
vn -0.5032 0.8641 -0.0146
vn -0.0867 0.9955 -0.0382
vn 0.4530 0.8903 0.0471
vn 0.4185 0.9011 -0.1136
vn 0.1745 0.9820 -0.0729
vn -0.0932 0.8387 -0.5365
vn -0.3478 0.9376 -0.0014
vn 0.2592 0.9620 -0.0859
vn 0.7737 0.4691 -0.4258
vn 0.8963 0.2694 -0.3521
vn 0.8541 0.2893 -0.4322
vn 0.8246 0.2955 -0.4823
vn 0.6077 0.7405 -0.2869
vn 0.7459 0.5373 -0.3937
vn 0.5805 0.7955 -0.1735
vn 0.9169 0.2822 -0.2822
vn 0.8572 0.3314 -0.3942
vn 0.8132 0.5090 -0.2820
vn 0.7533 0.4874 -0.4416
vn 0.8663 0.4264 -0.2603
vn -0.1218 0.9902 0.0685
vn -0.2741 0.9614 -0.0238
vn 0.4883 0.8696 0.0733
vn 0.5671 0.7442 0.3529
vn 0.5024 0.8639 0.0362
vn 0.8051 0.5358 0.2545
vn 0.7165 0.4406 -0.5408
vn 0.6306 0.7719 -0.0807
vn 0.7876 0.5679 0.2391
vn 0.8886 0.4435 -0.1173
vn 0.7735 0.5519 -0.3116
vn 0.7393 0.5273 -0.4188
vn 0.8111 0.3908 -0.4352
vn 0.7960 0.5248 -0.3016
vn 0.8445 0.3905 -0.3664
vn 0.8275 0.4410 -0.3474
vn 0.6820 0.6314 0.3691
vn 0.7440 0.4175 0.5217
vn 0.6523 0.4772 0.5888
vn 0.5864 0.4356 0.6829
vn 0.8148 0.4596 -0.3533
vn 0.8035 0.5943 -0.0331
vn 0.9506 0.3059 -0.0527
vn 0.6694 0.7264 0.1557
vn 0.9150 0.3902 -0.1030
vn 0.9017 0.4134 -0.1264
vn 0.9012 0.4306 -0.0497
vn 0.8593 0.3290 -0.3915
vn 0.8628 0.3943 -0.3163
vn 0.9131 0.3604 -0.1908
vn 0.8829 0.4646 -0.0671
vn 0.8739 0.4620 -0.1509
vn 0.7778 0.6171 -0.1194
vn 0.7756 0.3164 -0.5462
vn 0.6843 0.5860 -0.4340
vn 0.7913 0.4712 -0.3895
vn 0.6574 0.5674 -0.4959
vn 0.7962 0.3283 -0.5082
vt 1.232602 3.335521
vt 1.344700 3.060184
vt 1.833623 3.197794
vt 0.920563 3.064146
vt 1.370637 2.498246
vt 1.303750 2.608776
vt 1.840151 3.516536
vt 0.866200 2.939455
vt 0.928769 2.848548
vt 0.757328 2.930978
vt 0.795634 2.864524
vt 0.948262 2.710788
vt 1.132316 2.808107
vt 0.698465 3.020588
vt 0.606705 2.869755
vt 0.762567 2.777449
vt 0.638750 2.932053
vt 0.508658 2.785712
vt 0.433183 2.698568
vt 0.549204 2.629647
vt 0.886606 2.771514
vt 0.822618 2.721792
vt 0.874414 2.732650
vt 0.824591 2.825942
vt 1.151781 2.613360
vt 1.012061 2.589506
vt 1.961595 2.619691
vt 2.207403 2.763854
vt 2.701176 2.876352
vt 2.491759 2.706948
vt 2.696373 2.661676
vt 0.698861 4.184783
vt 0.643051 3.866837
vt 0.840223 4.496365
vt 0.571466 4.601251
vt 0.396279 4.597864
vt 0.455520 4.275573
vt 0.321051 3.849952
vt 0.787452 3.340672
vt 0.678621 3.349197
vt 0.827343 3.263489
vt 0.819821 3.449528
vt 0.692244 3.461785
vt 0.592799 3.414669
vt 0.577110 3.309561
vt 0.703094 3.208705
vt 0.560604 3.634588
vt 0.549091 3.529876
vt 0.448910 3.505011
vt 0.492717 3.423211
vt 0.492913 3.315253
vt 0.517845 3.226072
vt 0.650501 2.998500
vt 0.608625 3.120041
vt 0.585971 2.975737
vt 0.697653 3.049560
vt 0.699007 3.104688
vt 0.550138 3.118679
vt 0.580057 3.213988
vt 0.443910 3.100068
vt 0.477471 2.960901
vt 0.771848 3.092520
vt 0.612841 3.155231
vt 0.401167 3.684469
vt 0.976042 1.892937
vt 1.068465 1.847471
vt 1.003038 1.843429
vt 1.096439 1.900270
vt 0.913291 1.856870
vt 0.938694 1.675961
vt 0.991307 2.001005
vt 1.041975 1.981900
vt 1.084664 2.057693
vt 1.004129 2.044033
vt 1.110584 2.102791
vt 0.963696 2.073713
vt 1.028902 2.116018
vt 0.911662 2.006911
vt 0.840093 2.023287
vt 0.691358 1.838562
vt 0.613472 1.730705
vt 0.691431 1.674065
vt 0.620922 1.639292
vt 0.423584 1.592221
vt 0.607327 1.515026
vt 0.670903 1.565977
vt 1.157501 1.776457
vt 1.382538 1.708556
vt 1.286946 1.815325
vt 1.645138 1.620244
vt 1.502879 1.760514
vt 1.453932 1.868994
vt 1.242046 1.930799
vt 1.205663 1.853159
vt 1.127664 2.033316
vt 1.249047 2.014002
vt 1.372986 1.960807
vt 1.279677 1.964829
vt 1.200307 2.057082
vt 1.079752 2.137831
vt 0.788398 2.166322
vt 0.807596 2.343666
vt 0.583133 2.297182
vt 0.423014 2.027305
vt 0.915538 2.165009
vt 0.953574 2.313934
vt 0.882406 2.089742
vt 0.977024 2.225112
vt 0.926283 2.109703
vt 1.011038 2.183325
vt 0.974563 2.263770
vt 0.933143 2.400136
vt 0.500745 2.335100
vt 0.640176 2.466796
vt 0.414442 2.244225
vt 0.617353 1.939126
vt 0.501550 1.929093
vt 0.446313 1.732006
vt 0.890054 2.051358
vt 0.676539 1.129498
vt 0.763654 1.178930
vt 0.674651 1.200957
vt 0.762652 1.022861
vt 0.860104 1.095824
vt 0.772463 1.244778
vt 0.555701 1.080309
vt 0.676199 1.091357
vt 0.545599 1.125629
vt 0.636263 1.040717
vt 0.620045 1.157456
vt 0.836657 1.003066
vt 0.942760 1.030971
vt 1.006741 1.002787
vt 1.032168 1.131528
vt 1.034286 1.066306
vt 0.889343 1.141613
vt 0.552269 1.367491
vt 0.676369 1.347024
vt 0.612162 1.424729
vt 0.528463 1.463771
vt 0.465078 1.367993
vt 0.500082 1.338915
vt 0.597512 1.267755
vt 0.496812 1.240642
vt 0.741906 1.331727
vt 0.467653 0.752375
vt 0.583141 0.769151
vt 0.517426 0.823058
vt 0.598309 0.851448
vt 0.656759 0.785523
vt 0.682097 0.875266
vt 0.752408 0.781897
vt 0.627697 0.941341
vt 0.500199 0.997115
vt 0.454920 0.918671
vt 0.607020 1.002100
vt 0.685574 0.592240
vt 0.652506 0.704100
vt 0.538423 0.682618
vt 0.378123 0.563138
vt 0.749792 0.684550
vt 0.823026 0.919491
vt 0.916205 0.961941
vt 0.891680 0.849439
vt 0.725663 0.997139
vt 0.784562 0.852693
vt 0.860949 0.826999
vt 0.540602 1.056188
vt 0.742257 0.934748
vt 1.198920 1.319620
vt 0.896668 1.431548
vt 1.062931 1.289589
vt 1.098206 1.081239
vt 1.136448 1.137090
vt 1.211921 1.212054
vt 1.110729 1.211173
vt 1.257763 1.236163
vt 1.433748 1.407338
vt 1.701292 1.558495
vt 0.929889 1.297961
vt 1.009623 1.170174
vt 1.931337 2.278804
vt 1.935008 2.380251
vt 1.839116 2.218317
vt 1.641152 2.235125
vt 1.570582 2.111547
vt 1.634348 2.084882
vt 1.709070 2.115193
vt 2.047595 2.206306
vt 1.981695 2.206715
vt 1.996098 2.151600
vt 2.130875 2.115953
vt 2.118500 2.250402
vt 2.073208 2.268347
vt 1.710986 1.873638
vt 1.809408 1.850443
vt 1.803138 2.015263
vt 1.638120 1.861677
vt 1.777076 1.768296
vt 1.661502 1.683751
vt 1.932098 2.075759
vt 1.903966 1.962205
vt 1.949541 1.916347
vt 1.872814 1.859692
vt 1.919760 1.842216
vt 1.862546 2.037084
vt 2.111264 1.998689
vt 2.202443 2.288677
vt 2.364166 2.378601
vt 2.455381 2.489030
vt 2.081960 2.501456
vt 2.353757 2.586809
vt 2.093958 2.431404
vt 2.270162 2.227671
vt 2.551163 2.570389
vt 1.010775 2.450020
vt 1.166556 2.449478
vt 1.141315 2.310437
vt 0.999198 2.355393
vt 1.028113 2.258895
vt 1.007363 2.242725
vt 1.175361 2.207778
vt 1.268649 2.453751
vt 0.756058 2.575046
vt 0.849391 2.661389
vt 0.916339 2.583749
vt 0.902174 2.467758
vt 0.952559 2.652253
vt 0.928296 2.454806
vt 0.981588 2.493808
vt 1.423529 2.092729
vt 1.466274 2.039299
vt 1.435640 1.961433
vt 1.343084 2.191762
vt 3.454218 3.699244
vt 3.618068 3.878302
vt 3.487144 4.320800
vt 3.401378 4.483025
vt 2.794339 3.011727
vt 3.176798 2.946445
vt 3.414658 3.194160
vt 2.812106 2.830761
vt 4.410798 3.743651
vt 3.736132 4.039545
vt 4.911670 4.909389
vt 3.436136 4.908775
vt 0.844763 4.909292
vt 0.338743 4.904336
vt -1.527314 4.080026
vt -1.773566 3.811383
vt -1.259504 3.948059
vt -0.751165 3.104995
vt -0.789458 4.033376
vt -1.935847 4.903848
vt -1.903522 4.029620
vt -1.423899 3.169771
vt -1.045802 3.340797
vt -1.415228 3.260982
vt -1.916376 2.961664
vt -1.508595 3.026146
vt -1.483639 2.944853
vt -1.103783 3.190223
vt -0.172257 4.627746
vt -0.323596 4.323832
vt -0.070326 4.396912
vt -0.210317 4.681034
vt -0.834986 4.891623
vt -0.132760 4.131123
vt -0.042130 4.295134
vt 0.016237 4.749898
vt 0.049111 4.625717
vt 0.096778 4.708224
vt 0.080739 4.568382
vt -0.001901 4.640492
vt -0.027987 4.712278
vt -0.022150 4.612930
vt 0.160407 4.532097
vt 0.157486 4.713875
vt 0.199423 4.625203
vt 0.027698 4.834425
vt 0.001084 4.858192
vt -0.033447 4.793298
vt -0.010936 4.908913
vt -0.069605 4.821373
vt 0.012112 4.510016
vt 0.088796 4.482710
vt 0.036353 4.538743
vt 0.019890 4.592993
vt -0.034045 4.550417
vt 0.026817 4.408672
vt -0.021455 4.430667
vt 0.009218 4.373264
vt 0.306156 4.767927
vt 0.254546 4.826474
vt 0.287785 4.729394
vt 0.236983 4.673851
vt 0.295369 4.642133
vt 0.245784 4.905707
vt 0.141896 4.804940
vt 0.132083 4.860532
vt 0.170620 4.838933
vt 0.154367 4.908929
vt 0.086653 4.908258
vt 0.022127 4.908391
vt 0.184083 4.733938
vt -0.222594 4.909422
vt -0.083258 4.714874
vt -2.409436 3.220331
vt -1.715736 2.664894
vt -0.490278 2.260702
vt -0.422582 2.251425
vt -0.357324 2.323939
vt -0.507581 2.163036
vt -0.579663 2.190731
vt -0.629264 2.136703
vt -0.381510 2.053117
vt -0.263612 2.126370
vt -0.149739 2.160198
vt -0.199233 2.280915
vt -0.115093 2.224013
vt -0.161456 2.393950
vt -0.279282 2.501056
vt -0.376102 2.412505
vt -0.489514 2.679552
vt -0.660347 2.446535
vt -0.625106 2.406575
vt -0.509493 1.919630
vt -0.451640 1.932246
vt -0.478399 1.946363
vt -0.427197 1.964578
vt -0.534357 2.001664
vt -0.555766 1.943060
vt -0.560400 1.921097
vt -0.614715 1.874140
vt -0.289609 1.866144
vt -0.322751 1.934090
vt -0.496232 2.063486
vt -0.632601 2.069638
vt -0.403182 1.755772
vt -0.693796 1.778668
vt -0.441477 1.614099
vt -0.849315 1.720045
vt -0.256865 1.968245
vt -0.161747 2.110184
vt -0.047258 2.557930
vt -0.026469 2.711132
vt -0.048186 2.624316
vt -0.058769 2.453218
vt -0.083691 2.353049
vt 0.089995 2.343977
vt -0.000397 2.154680
vt 0.349659 2.704207
vt 0.194551 2.628139
vt 0.243461 2.324545
vt -0.160924 2.619420
vt -0.270308 2.618110
vt -0.346286 2.599066
vt -0.304113 2.730039
vt -0.358404 2.736240
vt -0.091671 2.732399
vt -0.947092 2.331716
vt -1.052769 2.385041
vt -1.168287 2.336418
vt -1.104357 2.248688
vt -1.038826 2.441304
vt -1.186900 2.234713
vt -1.212574 2.171371
vt -1.046087 2.208199
vt -0.863431 2.433858
vt -0.644466 2.863012
vt -0.900812 2.747187
vt -1.309923 2.412999
vt -1.387062 2.510010
vt -1.436156 2.424690
vt -1.530649 2.414979
vt -1.355496 2.363967
vt -1.256753 2.385978
vt -1.330672 2.289254
vt -0.863102 1.970274
vt -0.772413 2.039902
vt -0.854333 2.195178
vt -0.725993 1.959392
vt -0.754713 1.910712
vt -0.729764 2.171570
vt -0.664244 2.009898
vt -1.051861 2.025628
vt -0.967058 2.145613
vt -1.168467 2.075366
vt -0.931569 1.982228
vt -0.938187 1.897513
vt -0.852628 1.870396
vt -0.735256 1.874722
vt -0.943098 1.841990
vt -0.750585 2.363341
vt -0.787376 2.217710
vt 0.065321 1.280893
vt 0.068848 1.393003
vt -0.005529 1.414857
vt 0.300274 1.245813
vt 0.097675 1.485508
vt 0.000518 1.538323
vt -0.087709 1.600544
vt -0.103153 1.181347
vt 0.097750 1.138974
vt 0.145924 1.161397
vt 0.289149 1.435292
vt 0.259227 1.596066
vt 0.239740 1.517407
vt 0.189624 1.481117
vt 0.435394 1.456992
vt 0.062021 1.635815
vt -0.164724 1.385072
vt -0.304552 1.567829
vt -0.287592 1.443203
vt -0.422218 1.485625
vt -0.236891 1.615344
vt -0.492659 1.525924
vt -0.219571 1.173573
vt -0.355489 1.304016
vt 0.277598 1.033893
vt 0.291011 0.780034
vt 0.347493 1.075050
vt 0.442960 1.076360
vt 0.151483 0.856327
vt 0.209763 0.767846
vt 0.343357 0.730170
vt 0.299799 0.601914
vt 0.359458 1.246144
vt 0.438234 1.333421
vt 0.390586 1.342109
vt 0.420969 1.228143
vt 0.362998 1.188911
vt 0.451488 1.288631
vt 0.426234 1.145139
vt 0.453493 1.199267
vt 0.225169 1.174022
vt 0.279896 1.925625
vt 0.312115 2.138692
vt 0.239953 2.239564
vt 0.290859 2.182100
vt 0.196795 1.868206
vt 0.375129 2.155634
vt 0.114678 1.949714
vt 0.190388 2.194329
vt 0.368754 1.835845
vt 0.446360 2.403725
vt -0.211207 1.760966
vt -0.069847 1.825670
vt -0.304012 1.774853
vt -0.112930 1.728877
vt -0.226022 1.707889
vt -0.028539 1.714001
vt -0.051636 1.993559
vt 0.122981 1.776275
vt 0.110876 3.541830
vt 0.102611 3.616147
vt 0.067094 3.653022
vt 0.000488 3.588941
vt -0.033127 3.559054
vt 0.033822 3.532948
vt 0.196296 3.512356
vt 0.173587 3.592611
vt 0.258807 3.514474
vt 0.120479 3.633889
vt -0.050538 3.745077
vt -0.057586 3.705352
vt -0.041158 3.631634
vt 0.032713 3.718596
vt -0.059157 3.840804
vt -0.006160 3.753243
vt -0.087351 3.620213
vt -0.000852 3.422552
vt 0.006170 3.493401
vt -0.066377 3.531999
vt -0.106017 3.309096
vt 0.009871 3.354246
vt -0.020412 3.274440
vt 0.037345 3.302672
vt 0.063328 3.397582
vt 0.061932 3.469918
vt 0.148014 3.466433
vt 0.075591 3.329769
vt 0.269360 3.696560
vt 0.323345 3.624094
vt 0.223301 3.627563
vt 0.252698 3.555105
vt 0.321263 3.519980
vt 0.176362 3.816225
vt 0.127800 3.678239
vt 0.065703 3.765561
vt 0.021638 3.857139
vt -0.307634 3.352338
vt -0.141670 3.688807
vt -0.152035 3.839579
vt -0.115893 3.749638
vt -0.118794 3.795160
vt -0.105896 3.849838
vt -0.089164 3.532229
vt -0.182893 3.390750
vt -0.111640 3.419840
vt -0.179471 3.330319
vt -0.090260 3.687428
vt 0.220407 3.233105
vt 0.258697 3.076467
vt 0.312390 3.156630
vt 0.190547 3.187793
vt 0.221252 3.047915
vt 0.221816 2.991247
vt 0.316889 2.992295
vt 0.430244 3.231274
vt 0.474273 3.134756
vt 0.453375 3.287323
vt 0.306160 3.291830
vt 0.211750 3.292008
vt 0.170654 3.133890
vt 0.114150 3.220258
vt 0.026627 3.138665
vt 0.105279 3.279982
vt 0.067745 3.253144
vt 0.193630 3.002170
vt 0.405884 2.833069
vt 0.390106 3.416436
vt 0.426867 3.424824
vt 0.427780 3.571012
vt 0.291640 3.438136
vt 0.332645 3.384023
vt 0.396239 3.363904
vt 0.144071 3.361139
vt 0.293505 4.306951
vt 0.186792 4.383155
vt 0.180678 4.268021
vt 0.196368 4.202845
vt 0.155766 4.063573
vt 0.112309 4.358330
vt 0.095383 4.289782
vt 0.152348 4.365438
vt 0.150984 4.325182
vt 0.091470 4.206555
vt 0.031829 4.252632
vt 0.047449 4.349340
vt -0.005810 4.281447
vt 0.062738 4.195710
vt 0.065635 4.285712
vt 0.103919 4.165197
vt 0.203849 3.986280
vt 0.278582 4.528769
vt 0.311630 4.455957
vt 0.327729 4.622374
vt 0.211079 4.462400
vt 0.178402 4.444427
vt 0.203186 4.557532
vt 0.141882 4.451607
vt 0.082829 4.401229
vt -0.101193 4.007787
vt -0.084503 3.890907
vt -0.050136 4.045867
vt -0.056289 3.955938
vt -0.083786 4.088091
vt -0.052956 4.242275
vt -0.063034 4.154545
vt -0.050781 4.110684
vt -0.030971 4.206818
vt 0.130205 3.914648
vt 0.048228 3.868434
vt 0.086963 3.943511
vt 0.040377 4.082524
vt 0.015892 4.166196
vt 0.065659 4.079496
vt -0.015134 4.072078
vt -0.015086 4.128669
vt -0.019880 3.944429
vt 0.024009 3.919871
vt 0.006954 4.016458
vt 0.048674 4.018503
vt 0.073843 4.025493
vt -0.529975 2.879307
vt -0.914429 3.066721
vt -0.536332 3.064898
vt -0.502945 3.241425
vt -0.270664 2.838235
vt -0.173543 2.972309
vt -0.227916 2.985252
vt -0.011605 2.831169
vt -0.100867 2.802201
vt 0.039680 2.921620
vt -0.052406 3.026963
vt -0.161430 3.109782
vt -0.070138 3.081990
vt -0.048107 3.146159
vt -0.140663 3.197438
vt -0.241333 3.063928
vt -0.358371 2.899523
vt -0.486496 2.883936
vt 0.150413 2.916268
vt 0.156370 2.954032
vt -0.397015 3.274242
vt -0.298391 3.309152
vt -0.373422 3.229059
vt -0.216086 3.317484
vt -0.518743 2.933259
vt -0.501613 3.049941
vt 3.134809 -0.384363
vt 3.228829 -0.406900
vt 3.242436 -0.316839
vt 2.945051 -0.340359
vt 3.036391 -0.377079
vt 3.202549 -0.549076
vt 3.054125 -0.467650
vt 3.208042 -0.249075
vt 3.297947 -0.127611
vt 3.203353 -0.145467
vt 3.085592 -0.166029
vt 3.296145 -0.282729
vt 3.377204 -0.023675
vt 3.184790 -0.050699
vt 2.892551 -0.482901
vt 2.759743 -0.410255
vt 2.791315 -0.500530
vt 2.987808 -0.500886
vt 2.680203 -0.576791
vt 2.813144 -0.541096
vt 2.680834 -0.632103
vt 3.203519 -0.601820
vt 3.322897 -0.623458
vt 3.599124 -0.428588
vt 3.671456 -0.562471
vt 3.351454 -0.325990
vt 3.641279 -0.279445
vt 3.841014 -0.448034
vt 3.462780 -0.257221
vt 3.378765 -0.260970
vt 3.376161 -0.193794
vt 3.029927 0.056987
vt 2.911462 0.051305
vt 2.943701 -0.032315
vt 3.030343 0.183048
vt 2.897410 0.219141
vt 2.674156 -0.084973
vt 3.143217 0.078372
vt 3.001674 -0.118936
vt 2.813128 0.488158
vt 2.726910 0.298532
vt 2.667607 0.502165
vt 2.743913 0.136824
vt 2.717710 -0.291279
vt 2.901816 -0.274238
vt 2.770803 -0.116720
vt 2.623819 -0.449795
vt 3.151872 -1.029216
vt 2.900450 -1.141540
vt 3.105776 -1.105785
vt 3.203637 -1.215643
vt 2.662008 -0.997284
vt 2.580609 -1.094888
vt 2.663750 -0.771536
vt 2.885084 -1.459682
vt 2.630849 -1.300780
vt 2.805852 -1.463057
vt 2.939104 -1.496773
vt 2.639261 -1.424211
vt 2.708157 -1.499446
vt 2.763559 -1.522128
vt 2.746326 -1.475672
vt 2.701960 -1.651647
vt 2.863704 -1.561656
vt 2.840249 -1.495423
vt 2.938506 -1.542543
vt 3.194735 -1.385147
vt 3.227491 -0.733688
vt 3.417217 -0.706124
vt 3.709209 -0.596143
vt 3.464510 -0.656736
vt 3.579563 -0.875286
vt 3.881079 0.177677
vt 4.180114 0.000974
vt 3.992329 0.211990
vt 3.993012 -0.142667
vt 3.812119 0.069371
vt 4.447326 0.112143
vt 4.452731 -0.029959
vt 4.370794 0.197465
vt 4.123479 0.239325
vt 4.050953 0.360555
vt 3.809993 0.241609
vt 3.884475 0.395302
vt 4.092170 0.291259
vt 3.876277 0.500213
vt 3.846896 0.544846
vt 3.755528 0.521351
vt 3.772563 0.164246
vt 3.865330 -0.354986
vt 4.176581 -0.347152
vt 4.441376 0.171832
vt 4.401642 0.305345
vt 4.333971 0.269428
vt 4.474727 0.192493
vt 4.468315 0.304124
vt 4.486332 0.233545
vt 4.484266 0.373154
vt 4.542741 0.318275
vt 4.543642 0.231970
vt 4.339736 0.396566
vt 4.465679 0.423020
vt 4.357126 0.434343
vt 4.554618 0.032845
vt 4.484974 0.107019
vt 4.624658 0.121226
vt 4.572947 0.192079
vt 4.644615 0.173126
vt 4.812188 0.479400
vt 4.697681 0.346886
vt 4.815969 0.353879
vt 4.697180 0.460884
vt 4.549407 0.449941
vt 4.578048 0.377396
vt 4.651075 0.290420
vt 4.463666 0.508047
vt 4.510223 0.424103
vt 4.295855 0.536947
vt 4.121935 0.397431
vt 4.110058 0.324563
vt 4.212220 0.319288
vt 4.147305 0.467538
vt 4.263903 0.421558
vt 4.084441 0.523025
vt 3.984231 0.426931
vt 4.042775 0.412705
vt 3.917685 0.538883
vt 4.230302 0.254622
vt 3.295510 0.367221
vt 3.425569 0.278626
vt 3.403444 0.379721
vt 3.247311 0.228227
vt 3.491133 0.248108
vt 3.527241 0.121194
vt 3.600955 0.292530
vt 3.304306 0.052183
vt 3.687958 0.405752
vt 3.639100 0.542991
vt 3.551302 0.392234
vt 3.691754 0.369427
vt 3.731100 0.477464
vt 3.514050 0.547793
vt 3.248944 0.584333
vt 3.080433 0.520385
vt 3.049226 0.375296
vt 3.154346 0.206017
vt 3.544095 -0.120003
vt 3.591428 -0.193174
vt 3.596994 -0.022468
vt 3.670086 -0.093252
vt 3.519847 0.023141
vt 3.486060 -0.157159
vt 3.853469 -0.517472
vt 3.911164 -0.560634
vt 3.632608 0.148968
vt 3.690913 0.217431
vt 3.701121 0.309873
vt 1.643218 0.090713
vt 1.837782 -0.035907
vt 1.800349 0.124303
vt 1.809626 0.188323
vt 1.910931 0.177815
vt 1.846631 0.215685
vt 1.924780 0.203600
vt 1.723990 -0.073452
vt 1.682959 -0.005295
vt 1.663297 -0.066248
vt 1.792535 -0.076195
vt 2.117837 -0.021138
vt 2.031951 -0.033170
vt 1.981440 0.149532
vt 1.887327 -0.077436
vt 1.937045 -0.041294
vt 1.760926 0.230525
vt 1.707477 0.277535
vt 1.722329 0.201106
vt 1.652083 0.281207
vt 1.927307 0.355672
vt 1.791969 0.329117
vt 1.657362 0.335759
vt 1.627897 0.454011
vt 1.624513 0.370417
vt 1.734327 0.445973
vt 1.571985 0.414369
vt 1.619917 0.300692
vt 1.581760 0.345180
vt 1.565020 0.306414
vt 1.598164 0.182522
vt 1.673136 0.167175
vt 1.572737 0.033389
vt 1.588547 -0.037726
vt 1.605954 -0.087869
vt 1.752935 -0.187993
vt 1.612838 -0.176159
vt 1.673666 -0.236499
vt 1.653194 -0.568565
vt 1.567789 -0.441659
vt 1.602514 -0.523833
vt 1.618065 -0.624381
vt 1.961984 -0.181910
vt 1.993955 -0.121547
vt 1.882803 -0.110548
vt 2.166218 -0.125935
vt 2.067763 -0.111200
vt 2.199091 -0.044031
vt 2.062463 -0.158085
vt 1.750594 -0.106246
vt 2.336540 0.290725
vt 2.222736 0.344406
vt 2.212347 0.218965
vt 2.277628 0.444360
vt 2.123343 0.448552
vt 2.184781 0.516173
vt 2.159984 0.260340
vt 2.270680 0.097974
vt 2.267005 0.139171
vt 2.141619 0.167557
vt 2.330508 0.112353
vt 2.411823 0.593659
vt 2.400027 0.399881
vt 2.498631 0.444214
vt 2.553653 0.576648
vt 2.341540 0.434252
vt 2.002234 0.477650
vt 1.908861 0.546382
vt 1.857025 0.427893
vt 1.821095 0.403319
vt 2.052321 0.193823
vt 2.086112 0.243164
vt 2.027993 0.233617
vt 2.027540 0.317543
vt 1.139229 0.241902
vt 1.157732 0.356163
vt 1.098869 0.311001
vt 1.226624 0.251196
vt 1.287980 0.302600
vt 1.247079 0.341287
vt 1.104209 0.479362
vt 1.059608 0.396038
vt 1.055509 0.497436
vt 0.984903 0.268769
vt 1.132377 0.035376
vt 1.050392 0.080927
vt 1.039626 -0.020701
vt 1.217641 0.081183
vt 1.183575 0.096965
vt 1.339243 0.173789
vt 1.219052 0.197304
vt 1.048423 0.182120
vt 1.334857 0.417106
vt 1.402277 0.367890
vt 1.374469 0.432762
vt 1.340084 0.361835
vt 1.425421 0.432974
vt 1.469298 0.371411
vt 1.327738 0.480738
vt 1.351860 0.251855
vt 1.348868 0.319120
vt 1.371821 0.286537
vt 1.427988 0.340349
vt 1.454134 0.483174
vt 1.498840 0.416627
vt 1.511643 0.447731
vt 1.577903 0.502772
vt 1.359262 0.530726
vt 1.486009 0.399850
vt 1.170926 0.490731
vt 1.249654 0.439988
vt 1.212119 0.507166
vt 1.179428 0.390906
vt 1.268011 0.368230
vt 1.265544 0.513109
vt 1.284435 0.431022
vt 0.736598 0.361238
vt 0.850644 0.413199
vt 0.797195 0.434882
vt 0.910606 0.386569
vt 0.831734 0.309689
vt 0.887148 0.332133
vt 0.882434 0.475004
vt 0.959747 0.418128
vt 0.939822 0.571737
vt 1.013128 0.461763
vt 0.633300 0.413314
vt 0.741481 0.552563
vt 0.920159 0.216871
vt 0.949891 -0.000972
vt 0.817965 0.055289
vt 0.990777 0.313046
vt 0.991824 0.370914
vt 0.730211 0.188695
vt 1.293462 -0.148254
vt 1.440261 -0.211555
vt 1.366582 -0.090966
vt 1.518834 -0.162607
vt 1.312943 -0.294543
vt 1.517949 -0.054387
vt 1.551340 -0.024536
vt 1.475725 -0.115894
vt 1.414037 -0.046046
vt 1.315114 -0.029645
vt 1.162841 -0.179120
vt 1.217649 -0.101371
vt 1.263204 -0.053755
vt 1.171941 -0.064540
vt 1.117533 -0.054897
vt 1.136023 -0.118606
vt 1.031901 -0.062842
vt 1.053533 -0.081945
vt 1.486098 -0.467606
vt 1.449785 -0.379175
vt 1.640182 -0.384632
vt 1.395563 -0.410259
vt 1.555993 -0.575144
vt 1.559098 -0.468562
vt 1.563451 0.249573
vt 1.489704 0.218606
vt 1.416681 0.171096
vt 1.432071 0.245209
vt 1.510762 0.037828
vt 1.490379 0.344842
vt 1.448997 0.302998
vt 1.377748 0.060777
vt 1.301224 0.041797
vt 1.435980 0.029167
vt 1.376677 0.028979
vt 1.487509 -0.022025
vt 2.298851 -0.684855
vt 2.134569 -0.807077
vt 2.105932 -0.439264
vt 2.261144 -1.116374
vt 2.132588 -1.030584
vt 2.103765 -1.048784
vt 2.194418 -1.111743
vt 2.419568 -0.601996
vt 2.520566 -0.869823
vt 2.619295 -0.579595
vt 2.597454 -0.662128
vt 2.302389 -0.485502
vt 1.899887 -0.822429
vt 1.840418 -0.701698
vt 1.751609 -0.606690
vt 1.734715 -0.693136
vt 1.700872 -0.619530
vt 1.731776 -0.782920
vt 1.780044 -0.713102
vt 1.644273 -0.695440
vt 1.708807 -0.667480
vt 1.821936 -0.733688
vt 1.843749 -0.779991
vt 1.796626 -0.838184
vt 1.865146 -0.878308
vt 1.973965 -0.981723
vt 2.082995 -0.982101
vt 2.001462 -0.937832
vt 2.055761 -1.040050
vt 1.938024 -0.939178
vt 2.390434 -1.313520
vt 2.446956 -1.402675
vt 2.497212 -1.364279
vt 2.462661 -1.310041
vt 2.561472 -1.392443
vt 2.355378 -1.244331
vt 2.290233 -1.224973
vt 2.282714 -1.266467
vt 2.230356 -1.180259
vt 2.230388 -1.274350
vt 2.560926 -1.445159
vt 2.611724 -1.591932
vt 2.656017 -1.471581
vt 2.636055 -1.626269
vt 2.428725 -0.226025
vt 2.493631 -0.053385
vt 2.398410 -0.199395
vt 2.499690 -0.366790
vt 2.413678 -0.299305
vt 2.540831 -0.300187
vt 2.475536 -0.257069
vt 2.331450 -0.215573
vt 2.334842 -0.148149
vt 2.276234 -0.089884
vt 2.244424 -0.206837
vt 2.392556 -0.028635
vt 2.598404 -0.379635
vt 2.446516 -0.407640
vt 2.632203 -0.518020
vt 2.420110 0.060173
vt 2.587077 -0.000626
vt 2.134052 -0.206886
vt 2.222687 -0.331027
vt 2.099553 -0.320825
vt 2.365169 -0.401226
vt 2.482429 -0.504732
vt 2.287242 -0.295633
vt 2.231209 -0.429071
vt 4.096718 -2.215143
vt 4.007415 -2.116478
vt 3.993501 -2.176998
vt 4.112338 -2.175549
vt 4.115479 -2.016378
vt 4.011583 -2.015020
vt 3.906960 -2.066845
vt 4.015545 -2.251590
vt 3.887010 -2.234660
vt 3.833726 -2.274907
vt 3.921351 -2.278735
vt 3.783546 -2.187501
vt 3.908932 -2.160930
vt 4.259173 -2.169105
vt 4.173892 -2.275905
vt 4.214245 -2.044360
vt 4.441683 -2.275012
vt 3.913937 -1.920873
vt 3.846286 -1.984667
vt 3.989535 -1.985958
vt 4.039007 -1.945770
vt 4.058827 -1.890160
vt 3.992850 -1.896304
vt 3.953169 -1.833334
vt 3.861599 -1.840134
vt 3.931469 -1.753184
vt 3.837995 -1.704436
vt 3.810033 -1.796691
vt 3.795779 -1.731288
vt 3.837797 -1.856971
vt 3.814047 -1.898754
vt 3.841771 -2.067617
vt 3.814282 -2.102354
vt 3.799785 -2.000036
vt 3.761010 -2.196750
vt 4.000438 -2.436146
vt 3.866527 -2.488746
vt 3.943512 -2.505935
vt 3.889949 -2.435782
vt 4.105979 -2.532785
vt 4.145061 -2.478814
vt 3.938066 -2.311977
vt 3.771355 -2.292243
vt 3.787730 -2.554768
vt 3.766604 -2.702588
vt 3.908362 -2.705419
vt 4.026088 -2.808656
vt 3.940423 -2.552448
vt 4.021038 -2.588503
vt 4.237000 -2.334714
vt 4.114756 -2.343876
vt 4.282454 -2.464667
vt 4.083317 -2.433768
vt 4.406934 -2.313252
vt 4.008964 -2.303746
vt 4.543748 -1.892622
vt 4.447480 -1.888104
vt 4.471294 -1.927300
vt 4.358986 -1.929732
vt 4.454457 -2.006159
vt 4.405345 -1.940288
vt 4.314183 -2.038046
vt 4.514653 -1.957674
vt 4.655474 -2.048451
vt 4.589367 -1.933736
vt 4.655620 -1.981765
vt 4.399314 -1.726128
vt 4.260483 -1.828635
vt 4.569967 -1.781150
vt 4.549848 -1.847492
vt 4.454587 -2.108385
vt 4.319786 -2.101575
vt 4.506249 -2.178347
vt 4.572724 -2.098186
vt 4.678613 -1.815202
vt 4.606398 -1.570529
vt 4.670888 -1.902231
vt 4.609090 -1.873683
vt 4.759863 -1.826133
vt 4.503177 -1.674261
vt 4.656590 -1.924634
vt 4.077678 -1.711090
vt 4.075567 -1.830307
vt 4.158171 -1.834145
vt 4.104710 -1.884992
vt 4.134127 -1.966858
vt 4.194800 -1.897794
vt 4.260515 -1.656723
vt 3.904377 -1.683199
vt 4.236002 -2.021676
vt 4.252984 -1.930164
vt 4.200129 -1.949400
vt 4.151720 -2.021516
vt 4.315715 -1.940036
vt 3.394227 -1.967222
vt 3.351882 -1.862281
vt 3.237799 -1.931088
vt 3.480926 -1.878922
vt 3.524120 -2.017761
vt 3.458931 -1.831323
vt 3.321915 -1.822460
vt 3.332050 -1.745194
vt 3.281858 -1.680955
vt 3.240302 -1.762535
vt 3.222074 -1.824178
vt 3.231901 -1.858026
vt 3.348393 -2.127518
vt 3.233805 -2.100511
vt 3.317622 -2.267443
vt 3.362089 -2.240271
vt 3.514960 -2.121960
vt 3.567880 -2.107269
vt 3.431935 -2.157127
vt 3.559399 -1.850550
vt 3.600151 -1.886289
vt 3.645969 -1.808700
vt 3.587527 -1.732083
vt 3.584305 -1.948394
vt 3.643095 -1.684424
vt 3.717880 -1.768400
vt 3.727077 -1.714249
vt 3.507061 -1.704796
vt 3.350334 -1.715801
vt 3.445644 -1.780471
vt 3.378854 -1.688210
vt 3.506527 -1.794397
vt 2.968247 -1.838181
vt 3.012115 -1.886198
vt 3.010753 -1.803154
vt 3.119343 -1.842127
vt 3.120212 -1.794508
vt 3.024946 -1.707850
vt 2.911312 -1.777017
vt 3.110704 -1.921465
vt 3.148731 -1.701811
vt 2.909550 -1.655065
vt 2.791667 -1.751862
vt 2.872205 -1.889578
vt 3.074931 -2.044785
vt 3.038412 -1.977382
vt 2.985657 -2.063756
vt 3.180473 -2.039970
vt 3.089561 -2.139442
vt 3.180639 -2.207098
vt 3.540161 -2.265419
vt 3.579886 -2.387385
vt 3.702822 -2.407541
vt 3.452843 -2.346794
vt 3.559844 -2.494740
vt 3.596828 -2.441150
vt 3.496284 -2.393625
vt 3.657017 -2.467556
vt 3.398193 -2.425853
vt 3.335272 -2.355116
vt 3.280509 -2.308310
vt 3.455620 -2.428130
vt 3.481799 -2.458181
vt 3.617946 -2.725761
vt 3.690913 -2.537636
vt 3.748393 -2.470994
vt 3.637803 -2.506028
vt 3.600107 -2.564610
vt 3.647315 -2.828424
vt 3.713842 -2.231519
vt 3.647537 -2.025173
vt 3.731100 -2.048451
vt 3.682541 -1.971175
vt 3.601578 -2.102845
vt 3.760691 -1.823726
vt 3.729515 -1.874332
vt 3.528381 -2.180693
vt 3.574704 -2.212621
vt 4.455060 -2.865999
vt 4.252276 -2.800822
vt 4.432143 -2.727637
vt 4.911670 -3.909176
vt 4.905032 -2.668530
vt 4.662322 -2.760418
vt 4.564975 -2.338976
vt 4.631336 -2.411593
vt 4.715384 -2.392741
vt 4.694459 -2.312832
vt 4.740415 -2.464558
vt 4.646803 -2.460716
vt 4.595443 -2.511227
vt 4.665495 -2.541418
vt 4.828238 -2.182186
vt 4.848721 -2.304195
vt 4.793112 -2.360594
vt 4.862578 -2.239446
vt 4.911884 -2.281864
vt 4.703050 -2.229858
vt 4.657471 -2.257809
vt 4.581249 -2.299414
vt 4.607983 -2.177813
vt 4.464046 -2.394055
vt 4.562310 -2.432576
vt 4.856786 -2.644382
vt 4.839418 -2.572462
vt 4.760170 -2.569879
vt 4.766088 -2.669751
vt 4.905218 -2.560205
vt 4.852193 -2.516793
vt 4.806331 -2.513139
vt 4.911521 -2.508914
vt 4.837389 -2.429815
vt 4.911718 -2.359618
vt 4.792037 -2.451345
vt 4.908634 -2.100725
vt 4.757522 -1.995279
vt 4.765890 -2.037935
vt 4.732471 -2.098958
vt 4.848490 -2.110451
vt 4.913336 -1.962914
vt 4.713083 -1.976083
vt 4.911654 -2.196414
vt 4.912151 -1.666002
vt 4.684907 -2.169293
vt 4.215469 -2.592585
vt 4.385464 -2.600798
vt 4.336016 -2.558202
vt 4.329096 -2.523613
vt 4.326431 -2.380596
vt 4.389510 -2.373301
vt 4.424135 -2.476320
vt 4.408021 -2.420133
vt 4.628810 -2.654349
vt 4.497146 -2.560011
vt 4.481316 -2.452635
vt 4.531281 -2.505448
vt 4.574867 -0.698379
vt 4.247147 -0.945094
vt 4.616633 -0.888972
vt 4.259848 -0.593135
vt 4.317688 -1.270081
vt 4.696981 -0.751081
vt 4.692745 -0.662557
vt 4.640455 -0.658496
vt 4.605844 -0.598987
vt 4.791555 -0.841350
vt 4.661440 -0.578503
vt 4.898608 -0.728168
vt 4.813103 -0.536540
vt 4.911799 -0.619648
vt 4.864673 -0.644780
vt 4.524239 -0.570194
vt 4.065946 -0.567166
vt 4.058205 -0.708882
vt 4.743535 -1.293051
vt 4.728158 -1.200286
vt 4.660199 -1.308040
vt 4.679898 -1.172528
vt 4.701558 -1.375720
vt 4.799742 -1.191726
vt 4.911189 -1.481471
vt 4.857432 -1.431071
vt 4.841000 -1.482419
vt 4.772964 -1.451005
vt 4.798868 -1.568614
vt 4.911670 -1.543491
vt 4.795869 -1.385832
vt 4.911868 -1.266540
vt 4.908400 -1.110342
vt 4.869224 -0.962476
vt 4.908125 -0.863474
vt 4.840850 -1.074316
vt 4.911751 -0.985937
vt 4.910554 -0.930303
vt 4.815932 -0.807866
vt 4.584593 -0.225633
vt 4.764297 -0.229399
vt 4.618825 -0.089531
vt 4.784615 -0.196879
vt 4.752137 -0.129788
vt 4.692608 -0.056403
vt 4.623025 -0.009156
vt 4.837531 -0.190629
vt 4.809246 -0.117206
vt 4.767981 -0.067982
vt 4.846808 -0.077136
vt 4.770325 -0.013136
vt 4.828868 -0.430478
vt 4.906160 -0.326315
vt 4.802608 -0.338772
vt 4.653708 -0.359391
vt 4.912191 -0.521399
vt 4.907619 -0.218933
vt 4.828605 -0.257666
vt 4.878356 -0.172337
vt 4.908917 -0.279657
vt 4.892679 -0.117123
vt 4.769917 0.250406
vt 4.760165 0.152709
vt 4.819219 0.185686
vt 4.752583 0.047673
vt 4.810204 0.062220
vt 4.906152 0.047780
vt 4.910485 0.232863
vt 4.903581 0.276755
vt 4.908501 0.414035
vt 4.651629 0.029209
vt 4.542575 -0.005065
vt 4.681463 0.053816
vt 4.384490 -0.520265
vt 4.318108 -0.539338
vt 4.071331 -0.471580
vt 4.015848 -0.518020
vt 4.112483 -0.539138
vt 4.263438 -0.555374
vt 4.531398 -0.527930
vt 4.572170 -0.450361
vt 4.483459 -0.415763
vt 3.698331 -1.399817
vt 3.633279 -1.068792
vt 3.482568 -1.392189
vt 3.815753 -0.979429
vt 3.474567 -1.554013
vt 3.720565 -1.606883
vt 3.806795 -1.598262
vt 3.934113 -1.474221
vt 3.941612 -1.309685
vt 3.104968 -1.518991
vt 3.080292 -1.551178
vt 3.169425 -1.633046
vt 3.214959 -1.603894
vt 3.290546 -1.602812
vt 3.014084 -1.576047
vt 2.637891 -1.731977
vt 3.401827 -1.650164
vt 3.554257 -1.619485
vt 3.541034 -1.664929
vt 4.379445 -1.487462
vt 4.293069 -1.598181
vt 4.013972 -1.636215
vt 4.457133 -1.530898
vt 3.887313 2.234062
vt 4.011300 2.129738
vt 4.166346 2.361736
vt 3.969736 2.381370
vt 4.097748 2.420752
vt 4.254451 1.990749
vt 4.269320 2.261434
vt 3.868378 2.417328
vt 3.891764 2.504209
vt 3.852236 2.457571
vt 3.960365 2.433789
vt 4.000709 2.487975
vt 3.937905 2.643865
vt 3.865354 2.558386
vt 3.756490 2.507213
vt 3.815466 2.626531
vt 3.802647 2.437157
vt 3.813635 2.257630
vt 3.831717 2.359238
vt 3.804660 2.399008
vt 3.768391 2.305759
vt 3.755921 2.174872
vt 4.000373 1.949605
vt 4.053985 1.865598
vt 4.112677 1.915114
vt 3.891129 1.927096
vt 4.114275 1.858871
vt 3.775963 2.087146
vt 3.764705 1.867085
vt 3.783345 1.617769
vt 3.930976 1.772593
vt 3.891683 1.639498
vt 4.144346 2.019843
vt 4.320142 2.018101
vt 4.403405 2.233913
vt 4.585364 2.489923
vt 4.277643 2.856228
vt 4.221893 2.595695
vt 4.497247 2.357540
vt 4.396472 2.364081
vt 4.331934 2.308036
vt 4.512641 2.297711
vt 4.880466 2.546870
vt 4.115071 2.696850
vt 4.119445 2.609132
vt 4.087251 2.611197
vt 4.088588 2.693333
vt 4.102470 2.525877
vt 4.035955 2.640853
vt 4.028246 2.731704
vt 3.945024 2.745162
vt 3.898394 2.679827
vt 3.862606 2.746508
vt 3.775724 2.672142
vt 4.212272 2.441074
vt 3.275896 2.465406
vt 3.380046 2.464848
vt 3.430310 2.556753
vt 3.319283 2.366013
vt 3.455471 2.482283
vt 3.511778 2.463125
vt 3.262988 2.610155
vt 3.291682 2.548600
vt 3.235030 2.313190
vt 3.315953 2.220771
vt 3.417827 2.247758
vt 3.436770 2.323005
vt 3.479681 2.367412
vt 3.606243 2.673197
vt 3.522710 2.602057
vt 3.644829 2.547371
vt 3.533248 2.519381
vt 3.511726 2.633625
vt 3.590438 2.755631
vt 3.591787 2.481046
vt 3.605261 2.392742
vt 3.744331 2.603464
vt 3.689130 2.644625
vt 3.670777 2.603602
vt 3.759902 2.738552
vt 3.377010 2.682151
vt 3.265458 2.678008
vt 2.977791 2.711973
vt 2.952925 2.615563
vt 3.026980 2.640384
vt 3.132315 2.706770
vt 3.006117 2.523269
vt 3.242117 2.717224
vt 2.918217 2.636229
vt 2.831287 2.570910
vt 2.860716 2.540668
vt 2.893343 2.460187
vt 3.006848 2.371608
vt 3.201207 2.380735
vt 3.162492 2.484143
vt 3.071698 2.378419
vt 3.097182 2.283114
vt 3.020476 2.322039
vt 3.146556 2.222820
vt 3.203559 2.199325
vt 3.251875 2.151038
vt 3.618432 1.974082
vt 3.712338 2.041159
vt 3.566959 2.078592
vt 3.711995 2.108600
vt 3.489958 2.108652
vt 3.582465 2.176174
vt 3.520992 2.145633
vt 3.643240 2.154712
vt 3.451307 2.115682
vt 3.422112 2.048152
vt 3.320982 2.061594
vt 3.474361 1.984908
vt 3.556549 1.864689
vt 3.558283 1.767293
vt 3.659236 2.379361
vt 3.686887 2.321056
vt 3.730841 2.349499
vt 3.739460 2.448003
vt 3.638094 2.317895
vt 3.681082 2.213344
vt 3.680637 2.486390
vt 3.536438 2.295609
vt 3.552668 2.219194
vt 3.553897 2.360503
vt 3.639650 2.221878
vt 4.496349 1.249297
vt 4.487654 1.535072
vt 4.335649 1.434354
vt 4.402431 1.651545
vt 4.412694 1.167906
vt 4.827255 1.496560
vt 4.570472 1.636171
vt 4.721354 1.349126
vt 4.170275 1.466047
vt 4.163285 1.526070
vt 4.101564 1.442868
vt 4.054987 1.645901
vt 4.140849 1.648298
vt 4.201818 1.628304
vt 4.228370 1.581153
vt 4.006368 1.663373
vt 3.984349 1.527004
vt 4.177406 1.287139
vt 3.987833 1.374768
vt 3.994237 1.422255
vt 3.888364 1.417602
vt 4.225358 1.083547
vt 4.266858 1.608003
vt 4.907425 0.974970
vt 4.622354 1.146198
vt 4.554558 0.822605
vt 4.911229 0.833213
vt 4.390162 0.980597
vt 4.750217 0.765537
vt 4.742848 0.665983
vt 4.598111 0.725367
vt 4.912305 0.640257
vt 4.901536 1.372031
vt 4.620575 2.058845
vt 4.688303 1.989820
vt 4.674579 2.052522
vt 4.726941 2.092781
vt 4.760101 2.040504
vt 4.728902 1.971523
vt 4.805773 2.010804
vt 4.618937 1.990268
vt 4.604805 1.944693
vt 4.667784 1.906815
vt 4.866867 2.035204
vt 4.820464 2.104537
vt 4.911012 2.097358
vt 4.809209 2.185483
vt 4.726654 2.161997
vt 4.624997 2.148244
vt 4.523964 2.155420
vt 4.491220 2.060850
vt 4.541831 2.040549
vt 4.531960 1.999643
vt 4.816086 1.942264
vt 4.796022 1.823237
vt 4.821858 1.864563
vt 4.904584 1.842948
vt 4.742743 1.786802
vt 4.686609 1.818438
vt 4.911104 2.009033
vt 4.911371 2.315575
vt 4.734776 2.275667
vt 4.856652 2.282697
vt 4.838452 2.238238
vt 4.911012 2.291271
vt 4.908250 2.244197
vt 4.575720 2.217294
vt 4.662508 2.173498
vt 4.740932 2.195735
vt 4.222217 1.901010
vt 4.288013 1.854594
vt 4.243359 1.746252
vt 4.318512 1.647514
vt 4.370681 1.725975
vt 4.308516 1.703430
vt 4.387877 1.782008
vt 4.379817 1.983319
vt 4.251662 1.937364
vt 4.315222 1.922719
vt 4.363958 1.908735
vt 4.542746 1.720893
vt 4.573048 1.691282
vt 4.586864 1.734108
vt 4.472632 1.813519
vt 4.471379 1.741457
vt 4.470118 1.690130
vt 4.452808 1.961558
vt 4.497853 1.924574
vt 4.554966 1.877265
vt 4.404718 1.952778
vt 4.558070 3.143540
vt 4.136965 3.233376
vt 4.900250 3.537456
vt 3.814468 3.537945
vt 4.889311 3.003335
vt 3.641724 3.229686
vt 3.476334 3.030225
vt 3.682808 3.105217
vt 3.581471 2.935656
vt 3.623824 3.011044
vt 3.693023 3.182978
vt 3.585942 2.819745
vt 3.755031 2.950002
vt 3.749040 3.010449
vt 3.829231 2.912330
vt 3.814237 2.774146
vt 3.756078 2.834553
vt 3.821777 3.001863
vt 3.732886 3.118299
vt 3.797578 3.262724
vt 3.734390 3.212137
vt 3.759862 3.426106
vt 3.714380 3.316413
vt 3.132610 2.818007
vt 3.209886 2.844085
vt 3.225154 2.748872
vt 3.376206 2.819046
vt 3.477365 2.949064
vt 3.997386 3.000756
vt 4.254985 3.125102
vt 4.028218 2.831974
vt 4.015306 2.775355
vt 4.076651 2.786217
vt 4.093977 2.802403
vt 4.051171 2.881490
vt 3.968502 2.815824
vt 3.980905 2.771308
vt 4.001404 2.896609
vt 3.886723 2.823024
vt 3.973810 3.085045
vt 3.822702 3.256099
vt 3.905965 3.153557
vt 3.930402 3.016715
vt 3.933507 2.933145
vt 3.866252 2.867859
vt 3.925280 2.889353
vt 2.269095 1.196122
vt 2.210811 1.399374
vt 2.156039 1.276386
vt 2.350308 1.348641
vt 2.238073 1.548158
vt 2.182485 1.528119
vt 2.144882 1.445281
vt 2.134683 1.578214
vt 2.326502 1.550616
vt 2.164762 1.155900
vt 2.111099 1.210619
vt 2.420704 1.290122
vt 2.491767 1.486352
vt 2.413161 1.471824
vt 2.603332 1.561337
vt 2.709633 1.525977
vt 2.712244 1.635225
vt 2.598149 1.657730
vt 2.429667 1.610501
vt 2.566286 1.484299
vt 2.181826 1.671139
vt 2.056695 1.459676
vt 2.019678 1.677057
vt 1.900607 1.395288
vt 1.786237 1.538315
vt 1.759920 1.495072
vt 1.775387 1.549496
vt 1.760975 1.659080
vt 1.761456 1.394269
vt 2.083395 1.304320
vt 2.026384 1.334173
vt 1.964340 1.125047
vt 2.060212 1.162352
vt 2.066676 1.103913
vt 2.149344 1.041651
vt 2.092689 1.413798
vt 2.526363 0.923437
vt 2.457920 0.747116
vt 2.521690 0.795581
vt 2.441232 1.007367
vt 2.619008 0.958416
vt 2.667530 1.065510
vt 2.542508 1.027498
vt 2.223625 0.995870
vt 2.262045 0.903475
vt 2.309055 0.997847
vt 2.374022 0.858539
vt 2.346480 0.981996
vt 2.340671 0.786287
vt 2.739588 0.760504
vt 2.637418 0.826098
vt 2.658018 1.240056
vt 2.737235 1.317081
vt 2.673477 1.394091
vt 2.608057 1.318646
vt 2.515893 1.206750
vt 2.590040 1.401040
vt 2.617840 1.145668
vt 2.512739 2.138979
vt 2.453659 2.006269
vt 2.562575 1.998616
vt 2.408929 2.035876
vt 2.398737 1.810139
vt 2.399651 1.933487
vt 2.613300 2.114461
vt 2.644072 2.037052
vt 2.711225 2.130656
vt 2.305498 2.144744
vt 2.313530 2.075735
vt 2.451459 2.191831
vt 2.341067 1.840462
vt 2.681206 1.876387
vt 2.601585 1.877814
vt 2.611077 1.793900
vt 2.516293 1.775479
vt 2.509485 1.664343
vt 2.750086 1.727511
vt 2.660512 1.715666
vt 2.689477 1.772940
vt 2.721247 1.832041
vt 2.694170 1.930759
vt 2.727205 2.044660
vt 2.580180 2.468813
vt 2.450214 2.335731
vt 2.645268 2.395826
vt 2.755596 2.462426
vt 2.654441 2.535644
vt 2.750753 2.360111
vt 2.100543 1.763093
vt 2.161569 1.836185
vt 2.026898 1.833181
vt 1.956344 1.784753
vt 2.178653 1.756750
vt 1.792575 1.645068
vt 1.870300 1.709073
vt 1.804610 1.699492
vt 1.820856 1.771533
vt 2.369773 1.704024
vt 2.280992 1.675331
vt 2.222542 1.732168
vt 2.234568 1.874835
vt 1.467103 0.954693
vt 1.338430 1.056345
vt 1.315918 0.910412
vt 1.296837 0.735983
vt 1.495157 0.905456
vt 1.618461 1.131176
vt 1.247345 1.063331
vt 1.176913 0.934889
vt 1.223103 0.942893
vt 1.169430 1.036667
vt 1.177152 0.840562
vt 1.237199 0.717205
vt 1.409008 0.733040
vt 1.504108 0.713155
vt 1.546364 0.779629
vt 1.418468 0.639287
vt 1.481676 0.630074
vt 1.534568 0.633045
vt 1.541594 0.541454
vt 1.639454 0.739362
vt 1.613222 0.798892
vt 1.640833 0.861178
vt 1.258842 1.133618
vt 1.184756 1.103368
vt 0.879209 0.756070
vt 0.975937 0.683548
vt 0.977126 0.755835
vt 1.081296 0.603971
vt 1.096864 0.676910
vt 1.051265 0.839555
vt 1.057688 0.945201
vt 1.105628 0.861195
vt 0.774233 0.545756
vt 1.263774 0.601833
vt 1.356565 0.610831
vt 1.193115 0.648237
vt 1.163848 0.571393
vt 1.219581 0.552676
vt 1.398352 0.537901
vt 1.124547 0.780782
vt 1.096840 0.798831
vt 1.099164 0.940431
vt 1.153131 0.725189
vt 2.064161 0.830734
vt 2.100879 0.670305
vt 2.135252 0.777366
vt 2.025394 0.732049
vt 1.957363 0.819844
vt 1.948837 0.657530
vt 2.140168 0.850300
vt 2.138773 0.941980
vt 2.015122 0.986536
vt 1.791007 0.733638
vt 1.743641 0.599581
vt 2.451359 0.639772
vt 2.365901 0.620630
vt 2.241036 0.658601
vt 2.199216 0.796976
vt 2.266257 0.778663
vt 1.785743 1.209875
vt 1.744082 1.161216
vt 1.800446 1.120803
vt 1.837843 1.202150
vt 1.896827 1.156902
vt 1.689108 1.022599
vt 1.748953 1.045225
vt 1.983603 1.046563
vt 1.727463 1.379489
vt 1.752910 0.860520
vt 1.733919 0.946802
vt 1.701535 0.923105
vt 1.735002 0.811403
vt 1.801651 0.921626
vt 1.928196 0.938164
vt 3.631760 0.810922
vt 3.605548 0.997240
vt 3.422767 0.914834
vt 3.695178 1.057457
vt 3.766811 0.925515
vt 3.921157 1.098250
vt 3.620125 1.156086
vt 3.309351 0.980525
vt 3.436055 1.089559
vt 3.439859 0.787452
vt 3.751211 0.697919
vt 3.783252 0.608758
vt 3.921169 0.794732
vt 3.919010 0.820398
vt 3.780608 1.321318
vt 3.621355 1.338559
vt 3.827594 1.389705
vt 3.669868 1.447686
vt 3.720322 1.398275
vt 3.715160 1.377965
vt 3.499194 1.319103
vt 3.254976 0.954568
vt 3.091510 0.852774
vt 3.028884 0.639553
vt 3.106022 0.733315
vt 3.271946 0.818292
vt 3.212425 0.874818
vt 4.233616 0.764862
vt 4.225616 0.601303
vt 4.340220 0.768056
vt 4.237756 0.802720
vt 4.125217 0.721385
vt 4.399556 0.582102
vt 4.173792 0.944886
vt 4.361953 0.803743
vt 4.314158 0.998186
vt 4.019749 0.766111
vt 3.969109 0.627632
vt 4.091414 0.624831
vt 4.495751 0.666424
vt 4.410402 0.717662
vt 3.886153 1.343532
vt 3.932193 0.912453
vt 3.870986 0.647610
vt 4.044897 0.963494
vt 3.249890 1.862461
vt 3.072700 1.793306
vt 3.245108 1.691096
vt 3.090855 1.992589
vt 3.154791 2.107787
vt 2.811697 1.586032
vt 2.871486 1.733696
vt 2.943474 1.737265
vt 3.158413 1.534624
vt 3.512935 1.656060
vt 3.481973 1.799645
vt 3.463261 1.736327
vt 3.435372 1.625414
vt 3.317792 1.572126
vt 3.440182 1.563103
vt 3.425803 1.912099
vt 2.942864 2.269470
vt 2.873434 2.347268
vt 2.877840 2.208526
vt 3.038141 2.181126
vt 2.792859 2.268520
vt 2.794743 2.175462
vt 2.760249 2.539132
vt 2.804247 1.994270
vt 2.811229 1.881744
vt 2.866158 1.931519
vt 2.927333 1.926365
vt 2.816609 2.072638
vt 2.822349 1.803324
vt 3.119674 2.083819
vt 3.042673 2.044656
vt 3.032433 2.104165
vt 2.990771 2.034970
vt 2.902609 1.169127
vt 3.121028 1.243804
vt 3.107401 1.115325
vt 3.161340 1.389390
vt 3.281337 1.405972
vt -0.502302 -2.775674
vt 0.704929 -1.558454
vt -0.351374 -1.801126
vt -0.541860 -1.437054
vt -0.419249 -2.118202
vt -1.075401 -1.527365
vt -0.862906 -1.460038
vt -1.243627 -1.429961
vt -2.069144 -1.861935
vt 0.076780 -3.024497
vt -0.390889 -0.629904
vt -0.444913 -0.884447
vt -0.186818 -0.650106
vt -0.371738 -0.520718
vt -0.462132 -0.661217
vt -0.424442 -0.573673
vt -0.554943 -0.573202
vt -0.492064 -0.576971
vt -0.462942 -1.121896
vt 0.048951 -0.720348
vt 0.628866 -0.941868
vt 0.359503 -1.246809
vt 0.654895 -1.143086
vt 0.242958 -0.532061
vt 0.638487 -0.588094
vt 0.540699 -0.543863
vt 0.322613 -0.159840
vt 0.247358 -0.094022
vt 0.248306 -0.143809
vt 0.231205 -0.174421
vt 0.269580 -0.196264
vt 0.297479 -0.259234
vt 0.250847 -0.212161
vt 0.229893 -0.239192
vt 0.269358 -0.268716
vt 0.240132 -0.326424
vt 0.202335 -0.289882
vt 0.297263 -0.306893
vt 0.389896 -0.173054
vt 0.329617 -0.217502
vt 0.204090 -0.183878
vt 0.330684 -0.247287
vt 0.379990 -0.109381
vt 0.382919 -0.022128
vt 0.330221 -0.088597
vt 0.470691 -0.052415
vt 0.427669 -0.048176
vt 0.455702 -0.101644
vt 0.306011 -0.032912
vt 0.259833 -0.022357
vt 0.142118 -0.117903
vt 0.149862 -0.066143
vt 0.112339 -0.119847
vt 0.066831 -0.104431
vt 0.099806 -0.046820
vt 0.063605 -0.143611
vt 0.074953 -0.186251
vt 0.118935 -0.184802
vt 0.062316 -0.030818
vt 0.032682 -0.081510
vt -0.000436 -0.086113
vt -0.012262 -0.031315
vt -0.068440 -0.072572
vt 0.015391 -0.115116
vt 0.022809 -0.129388
vt 0.167135 -0.216238
vt 0.153225 -0.182114
vt 0.128467 -0.215571
vt 0.162662 -0.240958
vt 0.164718 -0.261047
vt 0.162642 -0.141992
vt 0.397433 -0.367302
vt 0.329778 -0.371251
vt 0.419372 -0.423529
vt 0.354749 -0.326778
vt 0.363487 -0.441530
vt 0.453860 -0.339271
vt 0.406707 -0.331946
vt 0.450810 -0.387373
vt 0.496153 -0.356749
vt 0.478392 -0.279871
vt 0.419218 -0.302349
vt 0.200061 -0.350273
vt 0.180922 -0.413190
vt 0.481572 -0.432590
vt 0.430155 -0.510784
vt 0.509166 -0.494953
vt 0.544264 -0.473336
vt 0.499167 -0.397210
vt 0.537784 -0.396375
vt 0.462760 -0.210423
vt 0.391455 -0.252144
vt 0.525978 -0.223214
vt 0.492919 -0.177548
vt 0.459920 -0.154839
vt 0.527967 -0.145450
vt 0.492468 -0.099346
vt 0.483235 -0.046341
vt 0.348204 -0.267584
vt 0.372241 -0.297852
vt 0.398238 0.205421
vt 0.387364 0.114429
vt 0.481942 0.209120
vt 0.376095 0.241278
vt 0.412332 0.235630
vt 0.363937 0.160363
vt 0.337453 0.103698
vt 0.389530 0.060581
vt 0.503611 0.243087
vt 0.475815 0.244431
vt 0.282766 0.165532
vt 0.320735 0.260597
vt 0.249095 0.244752
vt 0.250317 0.170817
vt 0.437377 0.049428
vt 0.455944 0.098960
vt 0.453458 -0.004321
vt 0.515343 0.045644
vt 0.586929 0.069406
vt 0.511607 0.146340
vt 0.544353 0.176766
vt 0.466198 0.272294
vt 0.537461 0.298477
vt 0.467660 0.308033
vt 0.534902 0.246725
vt 0.470241 0.370613
vt 0.423993 0.418971
vt 0.367760 0.367541
vt 0.380120 0.322665
vt 0.455821 0.424843
vt 0.280018 0.280981
vt 0.114051 0.056470
vt 0.229911 0.025007
vt 0.162015 0.105810
vt 0.180896 0.010961
vt 0.198018 0.112842
vt 0.091541 0.142504
vt 0.021790 0.011634
vt -0.036869 -0.015911
vt 0.258097 0.076179
vt -0.216197 -0.356009
vt -0.113104 -0.404513
vt -0.161563 -0.359409
vt -0.164637 -0.316415
vt -0.048107 -0.324326
vt -0.105183 -0.318744
vt -0.208565 -0.301395
vt -0.274939 -0.353760
vt 0.000805 -0.399747
vt -0.122005 -0.233607
vt -0.085671 -0.232489
vt -0.101007 -0.159662
vt -0.055878 -0.206233
vt -0.122151 -0.184808
vt -0.123630 -0.260534
vt -0.153353 -0.193756
vt -0.038520 -0.257558
vt -0.071583 -0.276336
vt -0.065358 -0.113187
vt -0.100752 -0.116235
vt -0.056467 -0.150271
vt -0.042900 -0.110073
vt -0.127204 -0.146584
vt -0.162616 -0.168478
vt -0.168692 -0.224012
vt -0.164003 -0.267012
vt -0.265643 -0.259111
vt -0.194778 -0.161657
vt -0.206398 -0.226747
vt -0.244974 -0.214094
vt -0.265317 -0.290784
vt -0.427255 -0.491283
vt -0.403694 -0.453306
vt -0.315543 -0.393515
vt -0.411013 -0.359439
vt -0.353862 -0.289755
vt -0.469865 -0.443379
vt -0.511212 -0.507716
vt -0.461810 -0.541986
vt -0.502255 -0.463917
vt 0.083668 -0.406724
vt 0.095773 -0.284475
vt 0.098840 -0.244897
vt 0.075276 -0.235628
vt 0.049333 -0.257716
vt 0.067496 -0.206544
vt 0.007948 -0.202466
vt 0.019884 -0.239974
vt 0.008169 -0.267081
vt 0.014558 -0.302454
vt 0.119159 -0.334624
vt 0.139365 -0.325699
vt -0.028879 -0.193087
vt 0.018485 -0.154417
vt -0.015460 -0.229954
vt 0.070863 -0.358133
vt -0.938536 -0.904479
vt -0.770420 -0.897708
vt -0.834826 -0.834574
vt -0.603544 -0.732872
vt -0.656565 -0.650642
vt -0.692244 -0.724843
vt -0.645410 -0.770614
vt -0.766587 -0.779724
vt -0.633909 -0.998853
vt -0.989732 -1.194827
vt -1.145908 -0.939970
vt -1.256223 -1.334579
vt -1.581889 -1.585829
vt -0.641945 -0.560338
vt -0.997690 -3.836221
vt -3.232957 -2.156956
vt -3.906885 -3.909029
vt 2.191787 -2.527433
vt 2.726825 -3.052143
vt 2.481605 -2.219467
vt 2.399008 -2.224338
vt 2.426841 -2.297062
vt 2.356942 -2.323560
vt 2.383635 -2.307122
vt 2.654898 -2.303914
vt 2.508988 -2.494980
vt 2.733346 -2.253130
vt 2.623006 -2.226442
vt 2.543931 -2.243594
vt 2.327950 -2.269389
vt 2.230287 -2.259574
vt 2.337514 -2.230009
vt 2.331838 -2.255208
vt 2.142824 -2.305333
vt 2.676169 -2.356909
vt 2.505742 -2.089979
vt 2.633295 -2.002314
vt 2.490272 -1.986753
vt 2.603000 -2.166461
vt 2.684068 -2.187618
vt 2.644783 -2.116137
vt 2.540281 -2.161861
vt 2.733213 -2.167161
vt 2.804849 -2.039212
vt 2.723450 -1.846509
vt 2.630849 -1.828763
vt 2.702037 -1.919743
vt 2.579206 -1.907963
vt 2.688297 -1.808562
vt 2.534698 -1.820673
vt 2.509247 -1.886190
vt 2.437889 -1.913117
vt 2.439393 -2.140739
vt 2.304014 -2.132448
vt 2.411605 -2.187535
vt 2.236945 -2.213923
vt 2.283163 -2.170348
vt 2.109393 -2.255220
vt 2.045396 -2.319152
vt 1.941209 -2.324363
vt 1.598124 -2.512824
vt 3.427990 -2.882852
vt 3.306469 -2.638713
vt 3.148973 -2.832158
vt 3.377887 -2.783387
vt 3.386551 -2.561673
vt 3.144183 -2.555732
vt 3.239800 -2.460807
vt 3.026976 -2.535190
vt 3.212493 -2.312431
vt 3.126611 -2.367905
vt 3.313697 -2.406363
vt 3.474381 -2.618531
vt 3.389829 -2.457346
vt 2.853966 -2.170409
vt 2.966767 -2.180238
vt 2.882416 -2.133291
vt 2.985662 -2.126471
vt 2.984368 -2.088795
vt 2.883471 -2.079045
vt 2.830742 -2.205667
vt 2.855122 -2.260124
vt 2.976546 -2.272328
vt 3.069531 -2.186088
vt 3.157164 -2.268358
vt 3.176224 -2.219513
vt 2.834287 -1.953681
vt 2.799590 -1.865680
vt 2.794674 -2.107005
vt 2.931869 -2.419935
vt 3.039754 -2.303067
vt 1.351079 -1.253604
vt 1.418916 -1.300843
vt 1.398106 -1.215251
vt 1.464245 -1.333140
vt 1.503142 -1.298138
vt 1.340638 -1.131675
vt 1.360595 -1.338788
vt 1.408192 -1.403888
vt 1.425538 -1.357314
vt 1.334428 -1.397292
vt 1.606847 -1.260252
vt 1.454320 -1.145890
vt 1.454878 -1.230463
vt 1.565634 -1.177112
vt 1.427058 -1.179172
vt 1.218199 -1.133280
vt 1.176986 -1.234275
vt 1.285066 -1.269269
vt 1.281274 -1.147263
vt 1.095255 -1.122868
vt 1.064156 -1.188856
vt 1.118204 -1.180690
vt 1.183470 -1.338306
vt 1.134920 -1.274405
vt 1.243157 -1.375451
vt 1.511590 -1.406858
vt 1.451935 -1.431404
vt 1.510855 -1.505922
vt 1.572135 -1.473155
vt 1.438329 -1.495884
vt 1.426205 -1.545128
vt 1.354782 -1.457234
vt 1.466929 -1.622353
vt 1.583886 -1.618634
vt 1.589533 -1.725327
vt 1.671745 -1.725835
vt 1.590204 -1.535388
vt 1.624117 -1.595641
vt 1.620402 -1.172573
vt 1.591381 -1.337981
vt 1.568068 -0.946084
vt 1.477860 -0.906328
vt 1.543829 -1.004872
vt 1.485294 -1.043132
vt 1.368167 -0.832438
vt 1.365612 -0.905995
vt 1.591300 -1.101221
vt 1.528084 -0.781658
vt 1.525129 -0.829713
vt 1.463169 -0.691871
vt 1.407112 -0.778946
vt 1.364602 -0.680928
vt 1.273411 -1.052464
vt 1.316193 -0.861168
vt 1.247095 -0.973983
vt 1.331178 -0.983548
vt 1.215442 -0.979487
vt 1.175656 -1.092727
vt 1.160860 -0.980183
vt 1.409833 -1.068877
vt 1.380016 -1.081667
vt 1.369812 -0.987825
vt 0.906936 -1.393605
vt 0.978027 -1.480032
vt 0.934146 -1.404459
vt 0.992366 -1.410836
vt 1.052441 -1.468395
vt 1.101557 -1.422079
vt 0.877349 -1.365987
vt 0.814282 -1.488317
vt 0.963413 -1.603386
vt 1.118730 -1.500129
vt 1.015537 -1.269895
vt 0.988525 -1.331256
vt 1.040532 -1.305336
vt 1.017910 -1.342292
vt 1.084676 -1.351200
vt 1.028263 -1.360720
vt 1.067410 -1.375119
vt 1.064706 -1.240387
vt 1.015169 -1.204684
vt 0.974623 -1.267294
vt 0.976705 -1.233184
vt 1.002925 -1.141199
vt 0.930245 -1.247411
vt 0.945069 -1.306144
vt 0.923320 -1.327389
vt 0.887981 -1.282514
vt 0.804483 -1.353025
vt 0.960774 -1.374798
vt 1.346431 -1.575089
vt 1.280029 -1.555887
vt 1.331922 -1.615671
vt 1.265662 -1.617228
vt 1.243440 -1.533431
vt 1.169455 -1.526256
vt 1.354495 -1.647257
vt 1.334489 -1.712533
vt 1.307902 -1.500464
vt 1.236940 -1.452579
vt 1.335993 -1.547679
vt 1.158306 -1.598387
vt 1.394156 -1.647740
vt 1.484465 -1.703066
vt 1.399383 -1.672543
vt 1.404574 -1.722366
vt 1.466606 -1.719897
vt 1.506954 -1.684076
vt 1.118160 -1.380469
vt 1.182391 -1.400684
vt 1.159070 -1.423158
vt 1.197546 -1.483231
vt 2.049681 -1.334106
vt 2.012454 -1.544732
vt 2.106470 -1.510688
vt 1.952043 -1.479413
vt 1.882702 -1.420674
vt 2.040181 -1.647936
vt 2.133094 -1.564956
vt 2.205571 -1.643556
vt 2.137104 -1.680062
vt 2.064198 -1.262522
vt 2.256167 -1.377684
vt 1.835082 -1.310170
vt 1.792612 -1.605844
vt 1.889445 -1.598941
vt 1.794212 -1.496565
vt 1.822102 -1.718061
vt 1.868351 -1.497521
vt 1.700730 -1.645662
vt 1.747287 -1.690370
vt 1.746887 -1.678772
vt 1.678250 -1.691413
vt 1.998430 -1.669351
vt 1.951659 -1.782737
vt 2.308970 -1.482779
vt 2.361074 -1.611803
vt 2.252109 -1.565799
vt 2.241182 -1.762680
vt 2.287654 -1.732897
vt 2.552372 -1.633028
vt 2.444195 -1.707535
vt 1.872592 -1.008913
vt 1.661207 -1.020250
vt 1.770714 -1.173274
vt 1.916821 -0.966652
vt 1.691913 -1.218610
vt 1.937955 -1.214964
vt 1.678319 -1.456888
vt 1.765632 -1.397755
vt 1.715756 -1.335379
vt 1.028489 -0.441896
vt 0.913982 -0.320965
vt 0.929841 -0.373604
vt 0.863281 -0.402211
vt 0.968078 -0.429012
vt 0.942409 -0.477605
vt 0.991339 -0.316678
vt 0.998223 -0.364670
vt 0.887233 -0.362950
vt 0.840005 -0.321678
vt 0.838537 -0.343872
vt 0.776679 -0.315455
vt 1.076862 -0.420913
vt 1.041834 -0.540916
vt 1.036392 -0.172883
vt 1.002581 -0.233002
vt 1.081361 -0.247042
vt 1.102725 -0.313108
vt 1.040115 -0.269166
vt 1.080144 -0.143455
vt 1.034727 -0.130952
vt 1.006890 -0.089086
vt 1.067778 -0.108304
vt 0.945893 -0.118382
vt 0.907255 -0.149634
vt 0.947947 -0.207709
vt 0.911112 -0.281361
vt 0.865100 -0.268805
vt 0.900367 -0.207224
vt 0.837381 -0.206870
vt 0.824712 -0.229283
vt 0.799503 -0.266268
vt 0.741990 -0.432960
vt 0.692130 -0.462017
vt 0.742900 -0.505332
vt 0.647514 -0.467778
vt 0.657596 -0.443264
vt 0.699318 -0.521007
vt 0.654790 -0.515127
vt 0.731512 -0.574028
vt 0.768655 -0.519188
vt 0.771654 -0.577717
vt 0.831301 -0.522551
vt 0.724216 -0.348993
vt 0.780111 -0.414874
vt 0.686895 -0.376100
vt 0.591109 -0.535425
vt 0.726213 -0.615838
vt 0.603192 -0.465221
vt 0.897731 -0.486205
vt 0.924501 -0.611183
vt 0.835344 -0.606696
vt 0.873209 -0.618579
vt 0.800898 -0.555867
vt 0.822727 -0.624477
vt 0.989762 -0.644752
vt 0.946411 -0.552819
vt 1.029678 -0.624624
vt 1.083067 -0.606273
vt 0.840797 -0.448323
vt 1.202397 -0.426051
vt 1.204309 -0.467576
vt 1.267667 -0.455141
vt 1.272105 -0.542626
vt 1.353655 -0.550889
vt 1.276443 -0.422508
vt 1.174087 -0.606300
vt 1.160480 -0.503671
vt 1.156976 -0.536043
vt 1.205530 -0.631419
vt 1.126621 -0.661817
vt 1.123872 -0.585297
vt 1.138780 -0.534509
vt 1.279030 -0.650842
vt 1.246553 -0.635452
vt 1.407565 -0.624072
vt 1.291954 -0.360421
vt 1.119785 -0.286537
vt 1.220600 -0.329969
vt 1.216053 -0.287976
vt 1.111372 -0.204269
vt 1.155201 -0.331350
vt 1.100575 -0.400650
vt 1.094847 -0.481270
vt 1.194025 -0.369293
vt 0.678511 0.074598
vt 0.766302 0.063368
vt 0.708523 0.087587
vt 0.749154 0.016299
vt 0.711999 0.031422
vt 0.644684 0.104357
vt 0.640702 0.079289
vt 0.785233 -0.034927
vt 0.796548 0.002426
vt 0.790735 0.030311
vt 0.729705 0.130631
vt 0.700709 0.180406
vt 0.690861 0.125151
vt 0.652704 -0.010512
vt 0.576095 -0.016445
vt 0.664027 -0.051721
vt 0.633417 -0.100229
vt 0.703983 -0.030605
vt 0.761411 -0.066951
vt 0.873436 0.030660
vt 0.845648 0.012554
vt 0.949244 -0.039719
vt 0.857638 -0.026207
vt 0.936794 -0.061977
vt 0.858842 -0.079269
vt 0.985776 -0.059628
vt 0.632985 0.235831
vt 0.585199 0.269547
vt 0.562844 0.242341
vt 0.656330 0.217267
vt 0.594125 0.123486
vt 0.558660 0.149974
vt 0.653537 0.167066
vt 0.631332 0.142807
vt 0.602711 0.157598
vt 0.566846 0.199618
vt 0.588166 -0.244986
vt 0.665329 -0.320648
vt 0.650550 -0.278836
vt 0.674687 -0.226846
vt 0.652769 -0.163045
vt 0.568701 -0.195773
vt 0.526225 -0.293828
vt 0.566708 -0.319516
vt 0.530577 -0.341964
vt 0.594355 -0.144890
vt 0.580117 -0.409554
vt 0.620623 -0.430177
vt 0.600641 -0.380442
vt 0.857711 -0.123439
vt 0.775972 -0.135758
vt 0.775980 -0.171880
vt 0.788891 -0.106770
vt 0.758722 -0.239252
vt 0.725194 -0.133658
vt 0.660514 -0.086648
vt 0.698623 -0.077229
vt 0.699464 -0.183896
vt 0.746676 -0.099675
vt 0.781635 -1.058619
vt 0.748038 -0.996367
vt 0.751312 -1.056507
vt 0.782520 -1.149769
vt 0.740301 -1.124912
vt 0.786385 -0.980130
vt 0.736804 -0.920603
vt 0.770256 -0.925718
vt 0.778401 -0.872071
vt 0.883793 -1.061788
vt 0.849743 -1.092234
vt 0.899639 -1.103966
vt 0.914661 -1.172300
vt 0.873323 -1.135440
vt 0.937541 -1.076816
vt 0.887722 -1.025820
vt 0.831212 -1.056470
vt 0.804730 -1.156981
vt 0.843089 -1.172769
vt 0.824991 -1.120990
vt 0.983359 -1.073726
vt 0.945465 -1.104677
vt 0.931150 -1.035722
vt 0.903079 -0.996737
vt 0.837595 -0.913945
vt 0.847269 -0.994273
vt 0.890616 -0.968017
vt 0.824158 -0.847781
vt 0.763699 -0.809683
vt 0.686887 -1.395400
vt 0.807915 -1.258119
vt 0.860225 -1.259848
vt 0.837636 -1.314888
vt 0.875433 -1.236907
vt 0.770450 -1.236106
vt 0.958720 -1.182709
vt 1.149748 -0.796124
vt 1.194304 -0.716977
vt 1.153895 -0.754402
vt 1.107204 -0.804044
vt 1.018128 -0.847996
vt 1.092361 -0.943170
vt 1.179549 -0.847799
vt 1.282111 -0.789442
vt 1.238767 -0.829730
vt 1.258470 -0.778798
vt 1.205400 -0.878682
vt 1.116894 -0.692083
vt 1.073648 -0.741581
vt 1.014810 -1.013798
vt 1.093040 -1.035753
vt 1.018436 -0.951558
vt 1.309300 -0.728417
vt 1.253607 -0.702711
vt 1.249100 -0.739427
vt 0.857319 -0.755888
vt 0.835154 -0.666100
vt 0.829328 -0.708118
vt 0.763687 -0.710982
vt 0.816477 -0.752931
vt 0.870279 -0.779595
vt 0.876819 -0.686320
vt 0.867999 -0.716918
vt 0.770696 -0.650294
vt 0.805114 -0.783087
vt 0.846836 -0.850627
vt 0.954948 -0.764947
vt 0.944519 -0.677310
vt 0.856987 -0.647895
vt 1.002047 -0.934935
vt 0.946483 -0.950307
vt 0.908638 -0.877878
vt 0.898188 -0.903822
vt 0.879249 -0.870625
vt 0.889266 -0.936336
vt 0.925992 -0.987239
vt 0.935625 -0.806178
vt 0.909855 -0.827941
vt 0.879188 -0.821087
vt 1.521790 -2.195062
vt 1.833162 -2.070491
vt 1.846886 -2.146597
vt 1.885512 -2.101424
vt 1.765131 -2.160899
vt 1.803599 -2.186037
vt 1.886522 -2.216386
vt 1.844481 -2.219111
vt 1.892501 -2.237433
vt 1.807516 -2.015461
vt 1.883818 -2.053197
vt 1.834904 -1.987670
vt 1.774546 -2.044543
vt 1.737666 -2.129030
vt 1.706207 -2.157441
vt 1.807710 -2.246828
vt 1.969935 -2.142180
vt 2.031292 -2.169313
vt 2.072424 -2.151975
vt 2.005877 -2.108460
vt 1.960536 -2.197251
vt 1.953818 -2.246032
vt 2.023664 -2.278347
vt 2.056921 -2.194738
vt 1.956854 -2.107904
vt 1.911958 -1.986437
vt 1.744567 -1.965089
vt 1.682191 -1.815151
vt 1.660455 -1.957356
vt 1.766570 -1.845399
vt 1.727265 -1.891397
vt 1.755206 -1.908135
vt 1.828428 -1.899963
vt 1.792001 -1.918896
vt 1.570275 -1.748192
vt 1.577632 -1.816801
vt 1.626955 -1.905740
vt 1.611189 -1.971749
vt 1.724253 -2.072854
vt 1.673989 -2.056767
vt 1.698369 -2.018812
vt 1.975700 -2.276825
vt 2.341152 -1.869844
vt 2.359428 -1.957391
vt 2.273934 -1.851336
vt 2.251486 -1.948153
vt 2.130980 -1.814048
vt 2.150266 -1.884511
vt 2.178964 -2.074643
vt 2.235870 -2.133414
vt 2.177104 -2.195250
vt 2.160057 -2.138950
vt 2.473669 -1.797462
vt 2.344730 -1.799972
vt 2.403734 -1.836366
vt 1.861410 -1.791244
vt 1.976169 -1.978698
vt 1.744926 -1.759373
vt 1.779413 -1.764833
vt 1.786641 -1.813935
vt 2.071947 -2.071077
vt 2.104748 -2.119793
vt 2.046205 -1.933813
vt 1.412663 -1.920157
vt 1.464350 -1.771172
vt 1.510960 -1.803588
vt 1.522966 -1.754517
vt 1.545717 -1.862641
vt -2.245802 1.588178
vt -2.357893 1.530500
vt -2.145215 1.353355
vt -2.278448 1.035684
vt -2.040066 1.075321
vt -1.779907 1.428666
vt -2.054775 1.656472
vt -2.473946 1.562012
vt -2.446304 1.464402
vt -2.398134 1.557444
vt -2.524772 1.563568
vt -2.543161 1.506096
vt -2.599639 1.398133
vt -2.265083 1.667444
vt -2.245683 1.633042
vt -2.406528 1.601996
vt -2.458011 1.614952
vt -2.594117 1.579968
vt -2.663421 1.511230
vt -2.691634 1.451611
vt -2.619843 1.472333
vt -2.599779 1.529037
vt -2.710088 1.635876
vt -2.886629 1.568936
vt -2.713546 1.558753
vt -2.756217 1.515293
vt -2.498452 0.993513
vt -1.780072 0.951245
vt -1.995203 0.897977
vt -1.814957 0.879657
vt -2.022920 0.785847
vt -1.823003 1.205173
vt -1.915611 0.639343
vt -1.770346 0.727489
vt -1.596101 0.537695
vt -1.758795 0.563579
vt -1.726980 0.500092
vt -1.644797 1.169996
vt -1.924599 1.928782
vt -1.972765 1.959610
vt -1.989168 1.881408
vt -1.952575 2.051815
vt -1.857930 2.025773
vt -1.794134 2.040213
vt -1.785936 2.097919
vt -1.704449 2.115007
vt -1.789095 2.144412
vt -1.660570 2.130826
vt -1.919659 2.129467
vt -2.171340 2.043419
vt -2.043943 2.205134
vt -2.130234 1.987806
vt -2.120059 2.227517
vt -2.213263 2.099698
vt -2.053093 1.874722
vt -1.794243 1.720792
vt -1.808535 1.831439
vt -1.882494 1.773765
vt -1.732805 1.883361
vt -1.798726 1.923341
vt -1.912144 1.813207
vt -1.852695 1.896099
vt -1.911798 1.886101
vt -1.412352 1.743107
vt -1.678337 1.812059
vt -1.794241 1.965047
vt -1.710669 1.988971
vt -1.744260 2.027770
vt -1.859111 1.967016
vt -1.640356 2.065442
vt -1.978782 2.343642
vt -1.847196 2.335080
vt -1.804000 2.524891
vt -1.562213 2.264251
vt -1.851824 2.207237
vt -1.663321 2.475669
vt -1.990338 2.512217
vt -2.343786 1.751535
vt -2.369873 1.943679
vt -2.447343 1.795344
vt -2.273825 1.896066
vt -2.282318 1.821568
vt -2.221054 1.911888
vt -2.483974 1.866467
vt -2.302609 1.695664
vt -2.369682 1.665944
vt -2.234615 1.729823
vt -2.222534 1.826717
vt -2.281110 2.025842
vt -2.425614 2.043499
vt -2.534503 1.719697
vt -2.543117 1.782723
vt -2.624001 1.670496
vt -2.651383 1.745354
vt -2.531272 1.642982
vt -2.585943 1.635787
vt -2.614766 1.851469
vt -2.720582 1.714260
vt -2.769067 1.677610
vt -2.454809 1.713350
vt -2.026914 1.736760
vt -1.939916 1.694358
vt -1.959433 1.740564
vt -2.086126 1.838525
vt -1.987536 1.792837
vt -2.061429 1.775726
vt -2.080047 1.739501
vt -2.164672 1.644033
vt -2.159502 1.854186
vt -2.154637 1.758359
vt -2.110856 1.768918
vt -2.164446 1.801335
vt -2.809489 1.212862
vt -2.998309 1.114112
vt -2.915535 0.941592
vt -3.323072 1.036994
vt -3.415006 0.990983
vt -3.092103 0.873771
vt -3.267116 0.868317
vt -3.206337 0.831842
vt -3.044452 0.826631
vt -2.913966 0.825103
vt -2.845305 0.719000
vt -3.178021 0.760836
vt -3.015853 0.699689
vt -2.878356 0.546564
vt -2.774084 0.598490
vt -2.979970 0.619959
vt -2.734706 0.805441
vt -2.875001 1.275889
vt -2.894536 1.317587
vt -2.930718 1.330284
vt -2.847245 1.225952
vt -2.845869 1.366319
vt -3.118241 1.236078
vt -3.075363 1.211605
vt -3.014531 1.327277
vt -2.852537 1.461693
vt -2.893974 1.396347
vt -2.926573 1.438465
vt -2.780379 1.463892
vt -2.761460 1.403777
vt -2.888119 1.527493
vt -3.006802 1.409149
vt -2.971477 1.369238
vt -3.059985 1.376611
vt -3.085832 1.337217
vt -3.201130 1.217976
vt -3.114938 1.130003
vt -3.142449 1.295009
vt -3.395920 1.103461
vt -3.281351 1.188862
vt -3.406096 0.659507
vt -3.639850 0.773622
vt -3.481840 0.654806
vt -3.410371 0.792590
vt -3.294302 0.498766
vt -3.659810 0.836172
vt -3.396784 0.828826
vt -3.502625 0.897791
vt -3.676787 0.671958
vt -3.749030 0.695024
vt -3.905828 0.538346
vt -3.551262 0.483384
vt -3.906497 0.372893
vt -3.215966 0.684469
vt -3.108147 0.549964
vt -2.986925 0.531676
vt -2.967386 0.424861
vt -2.362030 0.777333
vt -2.398441 0.696953
vt -2.183720 0.747059
vt -2.536506 0.741776
vt -2.226494 0.533572
vt -2.196656 0.635749
vt -2.497648 0.565362
vt -2.673265 0.682634
vt -2.668543 0.543011
vt -2.473400 0.603612
vt -2.572631 0.514827
vt -2.600367 0.363660
vt -2.488754 0.463091
vt -2.284129 0.421203
vt -2.087999 0.523983
vt -1.954677 0.605415
vt -1.823840 0.527370
vt -2.715028 0.890761
vt -2.737423 1.321387
vt -2.728216 1.482092
vt -2.741546 0.479507
vt -0.704103 1.049946
vt -0.916485 0.983856
vt -0.835413 0.702495
vt -1.031809 0.890046
vt -1.198549 1.023492
vt -0.459565 0.692619
vt -0.699335 0.466430
vt -0.565668 1.184092
vt -0.766502 1.292067
vt -0.719933 1.447399
vt -0.563135 1.447387
vt -0.644088 1.477055
vt -0.612098 1.369492
vt -0.889313 1.453135
vt -1.181502 1.172627
vt -0.937692 1.159732
vt -1.371897 0.499400
vt -1.313733 0.875525
vt -1.423414 0.695574
vt -1.142817 0.486865
vt -1.459051 0.545210
vt -1.554880 0.624232
vt -1.557612 0.508403
vt -1.651319 0.497036
vt -1.468257 0.492306
vt -0.900290 0.551714
vt -0.988669 0.511188
vt -0.877481 0.522224
vt -0.775374 0.530770
vt -0.298726 1.030647
vt 0.022239 0.688031
vt -0.404791 0.682945
vt -0.064436 0.440407
vt 0.256478 0.477945
vt 0.178151 0.698727
vt 0.335020 0.542429
vt -0.476834 1.043094
vt -0.278067 1.160504
vt -0.412577 0.912239
vt -1.239061 1.853402
vt -1.351620 1.884589
vt -1.206800 1.795780
vt -0.941874 1.602946
vt -1.073848 1.849658
vt -1.162429 1.896741
vt -1.270543 2.041988
vt -1.175472 1.980117
vt -1.354160 1.936903
vt -1.436621 1.879601
vt -1.277753 1.908363
vt -1.277280 1.495836
vt -1.515460 1.858508
vt -1.044538 1.759075
vt -0.965512 1.920087
vt -1.072575 1.935521
vt -1.609488 2.152315
vt -1.540092 2.131735
vt -1.585014 2.202878
vt -1.471455 2.176243
vt -1.285317 2.180609
vt -1.347270 2.139480
vt -1.443667 2.104869
vt -1.586419 1.971923
vt -1.582041 1.866661
vt -1.510709 1.963818
vt -1.655139 1.917120
vt -1.430988 1.919262
vt -1.567470 2.063562
vt -1.629461 2.003139
vt -1.339502 2.087769
vt -1.406060 2.065539
vt -1.385083 2.009203
vt -1.378114 2.118435
vt -1.507488 2.037197
vt -1.268330 1.274720
vt -1.385156 1.081029
vt -1.531126 0.823325
vt -1.457755 0.928215
vt -1.083756 1.462276
vt -0.979618 1.470959
vt -0.906162 1.494918
vt -0.820617 1.482500
vt -3.894942 2.354880
vt -2.914545 2.416750
vt -2.354624 2.426229
vt -1.897157 2.636059
vt -3.906885 4.909389
vt -3.535462 1.814768
vt -3.480553 1.591958
vt -3.333629 1.718359
vt -3.325216 1.619609
vt -3.132937 2.056496
vt -3.490870 2.201524
vt -3.556785 2.032084
vt -3.914222 1.630459
vt -3.647819 1.685469
vt -2.981722 1.717413
vt -3.036177 1.541350
vt -2.919614 1.644377
vt -3.001110 1.781349
vt -3.152153 1.661950
vt -3.886081 1.926652
vt -3.800786 1.088924
vt -3.644933 1.237707
vt -3.761997 1.179645
vt -3.558257 1.129074
vt -3.646283 1.092206
vt -3.723435 1.258421
vt -3.905084 1.160415
vt -3.777584 1.040665
vt -3.425627 1.065284
vt -3.474343 1.183882
vt -3.605273 1.325316
vt -3.633310 1.357632
vt -3.746380 1.329068
vt -3.783213 1.381927
vt -3.817546 1.294613
vt -3.907025 1.332192
vt -3.699235 1.370794
vt -3.704516 1.456454
vt -3.906189 1.397822
vt -3.808085 1.229174
vt -3.904678 1.289702
vt -3.906379 1.036675
vt -3.903970 0.708441
vt -3.709424 0.888894
vt -3.907186 0.782419
vt -3.905986 0.963478
vt -3.851845 0.998021
vt -3.891706 0.639032
vt -3.192400 1.382263
vt -3.238701 1.354030
vt -3.192079 1.331093
vt -3.289893 1.397078
vt -3.190949 1.435874
vt -3.237785 1.480919
vt -3.311688 1.446388
vt -3.361983 1.346988
vt -3.297958 1.329807
vt -3.128052 1.370454
vt -3.119355 1.440365
vt -3.295470 1.261178
vt -3.385995 1.285413
vt -3.392554 1.313484
vt -3.113629 1.503468
vt -2.966305 1.527040
vt -3.075989 1.406804
vt -3.538330 1.440673
vt -3.557720 1.351831
vt -3.436360 1.523737
vt -3.467968 1.300374
vt -3.447831 1.341991
vt -3.487585 1.272069
vt -3.439825 1.248941
vt -3.477772 1.419215
vt -2.784358 2.220896
vt -2.826859 1.759018
vt -2.202789 2.327707
vt -2.850589 -1.311280
vt -3.126310 -1.056729
vt -2.890929 -1.397282
vt -2.810861 -1.052113
vt -3.232122 -1.100234
vt -3.361342 -1.221286
vt -3.351618 -1.095812
vt -2.776016 -0.916271
vt -2.872862 -0.892143
vt -2.817254 -0.918786
vt -2.944504 -0.882771
vt -2.925459 -0.920764
vt -3.001256 -0.927693
vt -3.035954 -0.861898
vt -3.080686 -0.927166
vt -2.878364 -1.004351
vt -2.808389 -0.800371
vt -2.867401 -0.763109
vt -2.951804 -0.797553
vt -2.879298 -0.836998
vt -2.905895 -0.729846
vt -2.768785 -0.760866
vt -2.913231 -0.651395
vt -2.789440 -0.689544
vt -2.851999 -0.663258
vt -2.751390 -0.603357
vt -2.971596 -0.748276
vt -3.255318 -1.029622
vt -3.112493 -0.975530
vt -3.163790 -0.890278
vt -3.219631 -0.982511
vt -3.007158 -0.999489
vt -3.273842 -1.466511
vt -3.648451 -1.523788
vt -3.571995 -1.586278
vt -3.616833 -1.258224
vt -3.735280 -1.716568
vt -2.743822 -1.616955
vt -3.399491 -1.129199
vt -2.572831 -1.827489
vt -2.315432 -1.418258
vt -2.156771 -1.384041
vt -1.892940 -1.317077
vt -2.139851 -1.116501
vt -2.226251 -1.250700
vt -2.400696 -1.363982
vt -2.559507 -0.946640
vt -2.590180 -1.033788
vt -2.465433 -0.968039
vt -2.499002 -0.905884
vt -2.580858 -0.924447
vt -2.459115 -0.863731
vt -2.691593 -0.925209
vt -2.687114 -1.067688
vt -2.297678 -1.098967
vt -2.387505 -1.047383
vt -2.451862 -0.925957
vt -2.726892 -0.815546
vt -2.702989 -0.876762
vt -2.638960 -0.837340
vt -2.637186 -0.878753
vt -2.609046 -0.765290
vt -2.706280 -0.765189
vt -2.521579 -0.837841
vt -2.613897 -0.805990
vt -2.687555 -0.708995
vt -2.734173 -0.973996
vt -2.202069 -1.075048
vt -3.605069 -0.333056
vt -3.547248 -0.442255
vt -3.463392 -0.259588
vt -3.521956 -0.540439
vt -3.438169 -0.440465
vt -3.341999 -0.317353
vt -3.400018 -0.535447
vt -3.408710 -0.590188
vt -3.322888 -0.586390
vt -3.282057 -0.483392
vt -3.338142 -0.207646
vt -3.551539 -0.208293
vt -3.604317 -0.564031
vt -3.804344 -0.599826
vt -3.715660 -0.359860
vt -3.526675 -0.611494
vt -3.118736 -0.524969
vt -3.106342 -0.473352
vt -3.151551 -0.541385
vt -3.197458 -0.517274
vt -3.055445 -0.502557
vt -3.061893 -0.563819
vt -3.116058 -0.610223
vt -3.030955 -0.435893
vt -3.094189 -0.372387
vt -3.213005 -0.447056
vt -3.225310 -0.565943
vt -3.268484 -0.563172
vt -3.255023 -0.619086
vt -3.316387 -0.633461
vt -2.968538 -0.492912
vt -2.992041 -0.529579
vt -2.956568 -0.571605
vt -3.031453 -0.523722
vt -2.994800 -0.615733
vt -2.784556 -0.573836
vt -2.837713 -0.565220
vt -2.859971 -0.574071
vt -2.846218 -0.517387
vt -2.874203 -0.483582
vt -2.946187 -0.435953
vt -3.001476 -0.456283
vt -3.126377 -0.299984
vt -3.253014 -0.121673
vt -3.353948 0.002662
vt -3.898299 0.097240
vt -3.808822 -0.041280
vt -3.686749 0.180540
vt -3.660118 -0.120365
vt -3.530649 0.228346
vt -3.906849 0.219764
vt -3.808196 0.244932
vt -3.833659 0.282503
vt -3.666394 0.271382
vt -3.705416 0.297810
vt -3.904341 0.319415
vt -3.906847 -0.203167
vt -3.815824 -0.228851
vt -3.724618 -0.281472
vt -3.905936 -0.340187
vt -3.906533 -0.427070
vt -3.906113 -0.684588
vt -3.785663 -1.130658
vt -3.695055 -1.037744
vt -3.736419 -1.055878
vt -3.647131 -1.009272
vt -3.605191 -1.060208
vt -3.745529 -0.976225
vt -3.635032 -0.904176
vt -3.817342 -1.041861
vt -3.804453 -1.099371
vt -3.904531 -1.069635
vt -3.906913 -1.151192
vt -3.707984 -1.151917
vt -3.616928 -1.180372
vt -3.629591 -1.124348
vt -3.461571 -1.134599
vt -3.461896 -1.060206
vt -3.535274 -1.128461
vt -3.564879 -1.150240
vt -3.524256 -0.933555
vt -3.546591 -1.009238
vt -3.468441 -1.014421
vt -3.767007 -0.857849
vt -3.820251 -0.789818
vt -3.899837 -0.831496
vt -3.861169 -0.894074
vt -3.816471 -0.882039
vt -3.703876 -0.891513
vt -3.723172 -0.814774
vt -3.664134 -0.835522
vt -3.725851 -0.690490
vt -3.908278 -0.900394
vt -3.839497 -0.957547
vt -3.906901 -0.962709
vt -3.767947 -0.928695
vt -3.822848 -1.375281
vt -3.737590 -1.258590
vt -3.855166 -1.288497
vt -3.865415 -1.258055
vt -3.906883 -1.261824
vt -3.810417 -1.212284
vt -3.906885 -1.379030
vt -3.906893 -1.720469
vt -3.747164 -1.182547
vt -3.753916 -1.208642
vt -3.298995 -0.895921
vt -3.211764 -0.832418
vt -3.257727 -0.795896
vt -3.138514 -0.758921
vt -3.118467 -0.795435
vt -3.218025 -0.728370
vt -3.399549 -0.738278
vt -3.329780 -0.772108
vt -3.282540 -0.683563
vt -3.350912 -0.652085
vt -3.365914 -0.846381
vt -3.328380 -1.048404
vt -3.248227 -0.962345
vt -3.375026 -0.960057
vt -3.009064 -0.697949
vt -3.028777 -0.743265
vt -3.092299 -0.681841
vt -3.085654 -0.763661
vt -2.931066 -0.696718
vt -3.220657 -0.660042
vt -3.539808 -0.738818
vt -3.581257 -0.685583
vt -3.622084 -0.768454
vt -3.520327 -0.674332
vt -3.563907 -0.805820
vt -3.517821 -0.769327
vt -3.467689 -0.739340
vt -3.463502 -0.654195
vt -3.404950 -0.631650
vt -3.504400 -0.833519
vt -3.434113 -0.870546
vt -3.442430 -0.933154
vt -3.463027 -0.966642
vt -3.407428 -1.021523
vt -3.421352 -0.794057
vt -3.392178 -0.681045
vt -3.580679 -2.192428
vt -3.905247 -2.194993
vt -3.388081 -2.067089
vt -2.963356 -2.036457
vt -1.292120 -0.377990
vt -1.319902 -0.468792
vt -1.240342 -0.412766
vt -1.168721 -0.290865
vt -1.260799 -0.310258
vt -1.395191 -0.320813
vt -1.434389 -0.353557
vt -1.357956 -0.350992
vt -1.403232 -0.405562
vt -1.190947 -0.568595
vt -1.157695 -0.486141
vt -1.130484 -0.546436
vt -1.105509 -0.418694
vt -1.162009 -0.175336
vt -1.254834 -0.254977
vt -1.197318 -0.238991
vt -1.268926 -0.220673
vt -1.116911 -0.198148
vt -1.076789 -0.162902
vt -1.218761 -0.146592
vt -1.188661 -0.051651
vt -1.202359 -0.098792
vt -1.254353 -0.136886
vt -1.314809 -0.162613
vt -1.331069 -0.205303
vt -1.335504 -0.274923
vt -1.332834 -0.234706
vt -1.411754 -0.275083
vt -1.429821 -0.317242
vt -1.465791 -0.470424
vt -1.498758 -0.519321
vt -1.455054 -0.525312
vt -1.511451 -0.457506
vt -1.605587 -0.453506
vt -1.546465 -0.502757
vt -1.499906 -0.562582
vt -1.452991 -0.598289
vt -1.372228 -0.585929
vt -1.403026 -0.505539
vt -1.479305 -0.342691
vt -1.635214 -0.540138
vt -1.608540 -0.579805
vt -1.558619 -0.575686
vt -1.578019 -0.532320
vt -1.594896 -0.493751
vt -1.677015 -0.587967
vt -1.565487 -0.648689
vt -1.263556 -0.607563
vt -1.166195 -0.626439
vt -0.837723 -0.459234
vt -0.899844 -0.441615
vt -0.918041 -0.493011
vt -0.963689 -0.440513
vt -1.049496 -0.473300
vt -0.939949 -0.520769
vt -0.849871 -0.513902
vt -0.884385 -0.579124
vt -0.926227 -0.406235
vt -0.870564 -0.380575
vt -0.858693 -0.408303
vt -0.898083 -0.339657
vt -0.978341 -0.607969
vt -1.083827 -0.545048
vt -1.050014 -0.635270
vt -1.104161 -0.597808
vt -0.702540 -0.499970
vt -0.723220 -0.550309
vt -0.693008 -0.464748
vt -0.783339 -0.531530
vt -0.790984 -0.620024
vt -0.819063 -0.573230
vt -0.711559 -0.608592
vt -0.794228 -0.435207
vt -0.786998 -0.379298
vt -0.787616 -0.347354
vt -1.073363 -0.235159
vt -1.032057 -0.274870
vt -1.001409 -0.190906
vt -1.063742 -0.365275
vt -0.959925 -0.364686
vt -0.894768 -0.263560
vt -0.956536 -0.248750
vt -1.119066 -0.099457
vt -1.350192 0.133058
vt -1.506918 0.160135
vt -1.425550 0.027734
vt -1.584752 -0.025641
vt -1.687946 0.069438
vt -1.475374 -0.063226
vt -1.218137 0.010367
vt -1.261567 0.081573
vt -1.342589 -0.080748
vt -1.228946 -0.069599
vt -1.195452 -0.017993
vt -1.350053 0.204388
vt -1.453318 0.357338
vt -1.647853 0.245419
vt -1.502507 0.414721
vt -1.800123 0.358427
vt -1.721873 0.082491
vt -1.678535 0.153619
vt -1.760401 0.201037
vt -1.676930 -0.074309
vt -1.815886 0.018355
vt -1.620408 -0.291299
vt -1.548703 -0.287940
vt -1.554188 -0.236469
vt -1.687035 -0.315910
vt -1.622377 -0.324177
vt -1.556650 -0.323441
vt -1.499851 -0.279600
vt -1.479906 -0.308047
vt -1.530459 -0.325391
vt -1.632619 -0.166667
vt -1.618288 -0.102471
vt -1.748765 -0.265779
vt -1.712122 -0.470603
vt -1.656160 -0.426882
vt -1.647887 -0.477041
vt -1.566672 -0.397816
vt -1.653360 -0.405069
vt -1.727061 -0.386326
vt -1.651653 -0.390016
vt -1.638472 -0.353592
vt -1.704251 -0.422488
vt -1.713771 -0.511624
vt -1.731900 -0.547277
vt -1.559680 -0.358467
vt -1.392250 -0.177875
vt -1.432536 -0.118721
vt -1.356266 -0.201057
vt -1.407295 -0.223151
vt -1.453157 -0.265583
vt -1.532628 -0.127825
vt -1.542398 -0.998529
vt -1.352307 -0.941446
vt -1.472926 -0.950687
vt -1.715277 -0.957630
vt -1.461369 -1.148445
vt -1.734873 -1.215403
vt -1.359092 -0.865461
vt -1.689822 -0.754659
vt -1.514627 -0.805238
vt -1.522117 -0.765652
vt -1.687554 -0.875373
vt -1.627353 -0.669593
vt -1.730101 -0.696499
vt -0.966702 -0.824468
vt -1.039322 -0.740083
vt -1.096290 -0.858775
vt -1.030820 -0.887711
vt -1.167703 -0.731895
vt -1.124555 -0.666892
vt -1.140665 -0.802972
vt -1.200386 -0.866856
vt -0.895660 -0.673320
vt -0.816130 -0.713300
vt -0.970878 -0.689142
vt -0.916632 -0.738656
vt -1.312365 -0.748686
vt -1.319678 -0.707928
vt -1.401184 -0.731713
vt -1.418393 -0.650462
vt -1.214177 -0.739323
vt -0.382194 0.027271
vt -0.375542 0.055570
vt -0.385745 0.080777
vt -0.333041 0.055613
vt -0.312307 0.076575
vt -0.423884 0.036963
vt -0.462680 0.072276
vt -0.395057 -0.006270
vt -0.361199 -0.002545
vt -0.316378 0.008000
vt -0.330175 -0.036902
vt -0.406337 0.165000
vt -0.453556 -0.050939
vt -0.438835 -0.007470
vt -0.503618 -0.020279
vt -0.491383 0.009553
vt -0.520782 0.034638
vt -0.457303 0.023950
vt -0.547554 -0.028271
vt -0.603702 -0.073454
vt -0.631900 -0.026686
vt -0.642431 -0.075954
vt -0.387170 -0.027396
vt -0.412316 -0.053007
vt -0.359105 -0.071554
vt -0.345809 -0.049169
vt -0.179481 0.028971
vt -0.238781 0.008970
vt -0.180828 -0.019992
vt -0.210554 -0.028528
vt -0.258924 0.032874
vt -0.181230 0.058780
vt -0.283238 -0.037166
vt -0.272085 -0.007327
vt -0.205879 -0.062638
vt -0.250443 -0.067275
vt -0.148079 -0.040136
vt -0.075765 -0.012976
vt -0.164005 -0.056932
vt -0.080530 -0.051291
vt -0.103313 0.037019
vt -0.221758 0.085406
vt -0.474716 0.348052
vt -0.521021 0.321830
vt -0.498609 0.168996
vt -0.589403 0.082606
vt -0.495294 0.101644
vt -0.693046 0.118873
vt -0.604593 0.033326
vt -0.574699 0.051412
vt -0.535590 0.052389
vt -0.504816 -0.251931
vt -0.500097 -0.300081
vt -0.472844 -0.290436
vt -0.477414 -0.230336
vt -0.539535 -0.266153
vt -0.545185 -0.289983
vt -0.575099 -0.314507
vt -0.550632 -0.326632
vt -0.571677 -0.278361
vt -0.476040 -0.353802
vt -0.410261 -0.253470
vt -0.450376 -0.307291
vt -0.419415 -0.189815
vt -0.470682 -0.163183
vt -0.507248 -0.181360
vt -0.539828 -0.150635
vt -0.569357 -0.171332
vt -0.578618 -0.143888
vt -0.529403 -0.102735
vt -0.551784 -0.068710
vt -0.571620 -0.120484
vt -0.606165 -0.139831
vt -0.570992 -0.255594
vt -0.531390 -0.216614
vt -0.586695 -0.215464
vt -0.609721 -0.232089
vt -0.609626 -0.291534
vt -0.581678 -0.337244
vt -0.542432 -0.422985
vt -0.536263 -0.468689
vt -0.596177 -0.418324
vt -0.594881 -0.482013
vt -0.500204 -0.395072
vt -0.609620 -0.374263
vt -0.550151 -0.373822
vt -0.611299 -0.343989
vt -0.299456 -0.148519
vt -0.270191 -0.191525
vt -0.258296 -0.159464
vt -0.230526 -0.134774
vt -0.238811 -0.114487
vt -0.307596 -0.238951
vt -0.232986 -0.188735
vt -0.262694 -0.093745
vt -0.282363 -0.086881
vt -0.307612 -0.099813
vt -0.278207 -0.232788
vt -0.149375 -0.107546
vt -0.191587 -0.082487
vt -0.195310 -0.111827
vt -0.117381 -0.086816
vt -0.437212 -0.126503
vt -0.375103 -0.132100
vt -0.395783 -0.079390
vt -0.439328 -0.082202
vt -0.347887 -0.242389
vt -0.377347 -0.173940
vt 0.102650 0.234689
vt 0.172443 0.228219
vt 0.172447 0.263326
vt 0.057535 0.254481
vt 0.169514 0.335749
vt -0.030091 0.187553
vt 0.019011 0.184158
vt 0.005596 0.104670
vt -0.020703 0.060654
vt -0.056883 0.024112
vt 0.236983 0.416776
vt 0.277996 0.341649
vt 0.317718 0.423978
vt 0.232822 0.350785
vt 0.226584 0.293307
vt -0.192468 0.319049
vt -0.139562 0.121285
vt -0.121415 0.085525
vt -0.188070 0.254266
vt -1.058828 0.326732
vt -1.113457 0.238864
vt -1.021333 0.193696
vt -0.774282 0.225856
vt -1.269078 0.437059
vt -1.019671 0.459554
vt -1.052403 0.097865
vt -1.197649 0.159230
vt -1.186731 0.073013
vt -1.057670 0.169028
vt -1.055314 0.041201
vt -1.041901 -0.034660
vt -0.907563 0.119268
vt -1.370468 0.421282
vt -1.306463 0.289355
vt -0.819926 -0.043149
vt -0.878447 -0.127775
vt -0.769874 -0.138796
vt -0.866154 -0.023466
vt -0.839120 -0.318649
vt -0.784298 -0.246244
vt -0.732746 -0.200774
vt -0.909817 -0.145303
vt -0.728269 -0.067891
vt -0.770939 -0.026595
vt -0.952602 -0.108747
vt -0.964800 -0.057264
vt -0.711015 -0.424996
vt -0.679759 -0.347368
vt -0.735054 -0.359544
vt -0.664486 -0.410708
vt -0.684070 -0.313727
vt -0.730456 -0.311132
vt -0.775897 -0.315182
vt -0.641903 -0.487060
vt -0.633838 -0.175528
vt -0.658022 -0.237170
vt -0.713596 -0.253001
vt -0.649244 -0.288469
vt -0.739300 0.027309
vt -0.678756 0.009595
vt -0.955630 0.002219
vt -0.897825 0.037563
vt -0.819819 0.039287
vt -2.436056 0.004504
vt -2.453831 0.082014
vt -2.604565 0.111352
vt -2.674979 0.039602
vt -2.580277 0.231242
vt -2.303085 -0.010664
vt -2.459256 0.193765
vt -2.493811 0.233466
vt -2.659369 0.318218
vt -2.797779 0.263216
vt -2.780494 0.412283
vt -2.762309 0.362360
vt -2.712394 0.399050
vt -2.860468 0.398227
vt -2.829394 -0.153784
vt -2.739841 0.108747
vt -2.834414 -0.321759
vt -2.668323 -0.361889
vt -2.550755 -0.170423
vt -2.553551 -0.289478
vt -2.711195 -0.483311
vt -2.733534 -0.535831
vt -2.791307 -0.522584
vt -2.595760 -0.427719
vt -2.475810 -0.325541
vt -2.316884 -0.181224
vt -2.290935 -0.090365
vt -2.217224 0.252845
vt -1.986431 0.240859
vt -1.946570 0.173681
vt -2.145446 0.170055
vt -2.205727 0.117192
vt -2.147849 0.135219
vt -2.376187 0.245118
vt -2.272671 0.127262
vt -2.187920 -0.079986
vt -2.009343 0.398720
vt -1.873174 0.426965
vt -2.482979 0.359345
vt -2.367227 0.146288
vt -2.411013 0.217152
vt -3.255342 0.239228
vt -3.096497 0.348094
vt -3.289590 0.299601
vt -3.215362 0.368018
vt -3.429058 0.259408
vt -3.105768 0.196691
vt -3.609457 0.418231
vt -3.230800 0.454410
vt -3.342512 0.358952
vt -3.294477 0.127563
vt -3.394256 0.163543
vt -3.108054 0.375895
vt -3.022341 0.389045
vt -2.978472 0.328899
vt -2.872547 0.351664
vt -3.533902 0.356175
vt -3.630456 0.306469
vt -3.512917 0.331736
vt -2.906195 0.054661
vt -3.019720 -0.009940
vt -3.167353 -0.038032
vt -3.015734 -0.292645
vt -2.919141 0.221160
vt -2.183601 -0.769545
vt -2.112868 -0.875622
vt -2.107435 -0.718646
vt -2.237051 -0.834483
vt -2.211462 -0.893227
vt -2.169410 -0.892374
vt -2.030009 -0.922409
vt -2.024701 -0.796341
vt -1.979013 -0.867872
vt -2.232586 -0.703659
vt -2.168050 -0.699230
vt -2.205236 -0.651086
vt -2.235589 -0.788302
vt -2.240752 -0.741692
vt -2.141355 -0.688570
vt -2.249243 -0.586026
vt -2.289233 -0.643197
vt -2.278361 -0.710719
vt -2.145031 -0.945682
vt -2.201054 -0.961440
vt -2.211793 -0.994788
vt -2.258041 -0.988700
vt -2.291735 -1.012191
vt -2.129211 -1.009844
vt -2.077957 -0.936119
vt -2.088008 -0.968611
vt -2.106571 -0.946668
vt -2.038722 -0.993064
vt -1.939875 -0.662118
vt -1.976935 -0.793396
vt -1.903805 -0.744516
vt -1.854638 -0.722018
vt -1.987199 -0.633934
vt -1.990113 -0.699705
vt -1.828812 -0.744015
vt -1.938311 -0.810596
vt -1.827604 -0.595310
vt -1.868287 -0.650787
vt -1.809115 -0.615943
vt -1.748990 -0.593279
vt -1.783045 -0.687939
vt -1.901716 -0.620410
vt -1.963854 -0.608335
vt -2.088150 -0.651189
vt -2.073098 -0.616060
vt -2.116971 -0.608288
vt -2.062401 -0.716837
vt -2.035533 -0.684018
vt -2.013541 -0.619060
vt -2.048835 -0.580672
vt -2.174804 -0.600905
vt -2.367120 -0.732858
vt -2.459830 -0.651038
vt -2.454607 -0.760409
vt -2.484705 -0.685601
vt -2.567125 -0.586875
vt -2.584017 -0.704350
vt -2.549933 -0.760171
vt -2.546717 -0.801485
vt -2.448103 -0.820725
vt -2.412832 -0.587928
vt -2.324726 -0.573812
vt -2.522122 -0.554689
vt -2.627423 -0.577946
vt -2.686255 -0.584013
vt -2.360372 -0.963271
vt -2.324623 -0.938816
vt -2.398515 -0.935521
vt -2.350517 -0.871404
vt -2.320661 -0.775839
vt -2.359795 -0.796539
vt -1.898765 -1.241588
vt -2.039929 -1.072907
vt -1.882769 -0.840949
vt -1.863944 -0.916180
vt -1.949944 -0.957895
vt -1.939970 -0.890933
vt -1.742835 -0.792721
vt -1.794755 -0.746224
vt -1.817140 -0.791963
vt -1.914899 -0.179229
vt -1.898224 -0.131971
vt -2.010839 -0.174892
vt -2.047879 -0.340446
vt -1.926849 -0.252582
vt -1.778623 -0.165327
vt -1.856040 -0.027139
vt -2.072285 -0.099791
vt -2.133905 -0.198997
vt -1.845809 -0.413546
vt -1.812598 -0.443379
vt -1.795763 -0.406417
vt -1.770071 -0.420285
vt -1.808897 -0.347876
vt -1.753084 -0.357351
vt -1.963439 -0.403945
vt -1.843086 -0.460002
vt -1.901272 -0.452762
vt -1.779049 -0.520081
vt -1.768755 -0.469736
vt -1.826935 -0.475497
vt -1.841320 0.106271
vt -1.963746 0.089349
vt -2.265208 -0.287012
vt -2.375584 -0.440192
vt -2.201307 -0.386880
vt -2.471194 -0.411523
vt -2.532635 -0.389335
vt -2.253601 -0.495527
vt -2.330444 -0.516892
vt -2.250562 -0.544492
vt -2.520459 -0.440388
vt -2.528154 -0.483873
vt -2.589339 -0.492051
vt -2.631098 -0.479279
vt -2.620803 -0.514860
vt -2.672533 -0.534250
vt -2.449101 -0.530667
vt -2.376724 -0.553044
vt -2.430150 -0.481603
vt -2.393934 -0.505824
vt -1.975537 -0.477053
vt -2.036657 -0.485009
vt -2.016304 -0.525213
vt -2.119568 -0.462985
vt -2.121060 -0.503552
vt -2.062260 -0.539283
vt -2.018914 -0.558982
vt -1.980424 -0.533967
vt -1.965228 -0.577287
vt -2.182578 -0.560508
vt -2.139855 -0.562467
vt -2.096835 -0.540358
vt -2.165945 -0.494798
vt -1.935560 -0.539985
vt -1.818765 -0.566602
vt -1.871919 -0.519338
vt -1.915279 -0.575318
vt -1.904150 -0.484981
s 1
f 4/1/1 1/2/2 20/3/3
f 1/2/2 4/1/1 6/4/4
f 2/5/5 1/2/2 197/6/6
f 3/7/7 4/1/1 20/3/3
f 7/8/8 5/9/9 6/4/4
f 7/8/8 8/10/10 16/11/11
f 15/12/12 18/13/13 5/9/9
f 7/8/8 47/14/14 8/10/10
f 9/15/15 10/16/16 16/11/11
f 53/17/17 9/15/15 8/10/10
f 9/15/15 16/11/11 8/10/10
f 11/18/18 322/19/19 99/20/20
f 11/18/18 10/16/16 9/15/15
f 12/21/21 14/22/22 13/23/23
f 15/12/12 5/9/9 12/21/21
f 13/23/23 15/12/12 12/21/21
f 7/8/8 16/11/11 17/24/24
f 17/24/24 5/9/9 7/8/8
f 10/16/16 12/21/21 17/24/24
f 12/21/21 10/16/16 14/22/22
f 5/9/9 17/24/24 12/21/21
f 10/16/16 17/24/24 16/11/11
f 1/2/2 18/13/13 197/6/6
f 19/25/25 18/13/13 208/26/26
f 197/6/6 18/13/13 19/25/25
f 5/9/9 1/2/2 6/4/4
f 1/2/2 5/9/9 18/13/13
f 15/12/12 208/26/26 18/13/13
f 20/3/3 21/27/27 22/28/28
f 22/28/28 3/7/7 20/3/3
f 20/3/3 2/5/5 21/27/27
f 225/29/29 23/30/30 24/31/31
f 2/5/5 20/3/3 1/2/2
f 3/7/7 25/32/32 26/33/33
f 3/7/7 28/34/34 25/32/32
f 29/35/35 25/32/32 28/34/34
f 509/36/36 497/37/37 25/32/32
f 509/36/36 25/32/32 29/35/35
f 26/33/33 497/37/37 30/38/38
f 497/37/37 26/33/33 25/32/32
f 32/39/39 31/40/40 37/41/41
f 32/39/39 33/42/42 34/43/43
f 34/43/43 40/44/44 31/40/40
f 31/40/40 32/39/39 34/43/43
f 35/45/45 31/40/40 40/44/44
f 35/45/45 56/46/46 31/40/40
f 31/40/40 56/46/46 37/41/41
f 37/41/41 4/1/1 33/42/42
f 37/41/41 33/42/42 32/39/39
f 39/47/47 38/48/48 34/43/43
f 34/43/43 33/42/42 39/47/47
f 40/44/44 42/49/49 41/50/50
f 35/45/45 41/50/50 43/51/51
f 36/52/52 35/45/45 43/51/51
f 40/44/44 41/50/50 35/45/45
f 42/49/49 40/44/44 38/48/48
f 40/44/44 34/43/43 38/48/48
f 45/53/53 46/54/54 44/55/55
f 48/56/56 45/53/53 47/14/14
f 46/54/54 48/56/56 57/57/57
f 46/54/54 45/53/53 48/56/56
f 36/52/52 51/58/58 49/59/59
f 49/59/59 51/58/58 46/54/54
f 51/58/58 483/60/60 44/55/55
f 46/54/54 51/58/58 44/55/55
f 11/18/18 9/15/15 52/61/61
f 45/53/53 8/10/10 47/14/14
f 45/53/53 53/17/17 8/10/10
f 53/17/17 45/53/53 44/55/55
f 44/55/55 483/60/60 52/61/61
f 52/61/61 9/15/15 44/55/55
f 44/55/55 9/15/15 53/17/17
f 7/8/8 54/62/62 47/14/14
f 6/4/4 54/62/62 7/8/8
f 6/4/4 37/41/41 54/62/62
f 4/1/1 37/41/41 6/4/4
f 56/46/46 35/45/45 55/63/63
f 35/45/45 36/52/52 49/59/59
f 49/59/59 46/54/54 55/63/63
f 55/63/63 46/54/54 57/57/57
f 35/45/45 49/59/59 55/63/63
f 48/56/56 47/14/14 54/62/62
f 54/62/62 57/57/57 48/56/56
f 37/41/41 56/46/46 57/57/57
f 54/62/62 37/41/41 57/57/57
f 57/57/57 56/46/46 55/63/63
f 26/33/33 27/64/64 39/47/47
f 26/33/33 39/47/47 33/42/42
f 4/1/1 3/7/7 26/33/33
f 4/1/1 26/33/33 33/42/42
f 58/65/65 62/66/66 59/67/67
f 62/66/66 66/68/68 59/67/67
f 60/69/69 61/70/70 58/65/65
f 61/70/70 62/66/66 58/65/65
f 63/71/71 58/65/65 64/72/72
f 66/68/68 64/72/72 59/67/67
f 64/72/72 70/73/73 68/74/74
f 69/75/75 67/76/76 68/74/74
f 70/73/73 69/75/75 68/74/74
f 67/76/76 69/75/75 72/77/77
f 65/78/78 63/71/71 68/74/74
f 68/74/74 67/76/76 65/78/78
f 63/71/71 64/72/72 68/74/74
f 65/78/78 104/79/79 60/69/69
f 104/79/79 73/80/80 60/69/69
f 58/65/65 59/67/67 64/72/72
f 63/71/71 65/78/78 58/65/65
f 65/78/78 60/69/69 58/65/65
f 73/80/80 76/81/81 74/82/82
f 76/81/81 75/83/83 74/82/82
f 76/81/81 375/84/84 77/85/85
f 76/81/81 77/85/85 75/83/83
f 159/86/86 74/82/82 75/83/83
f 73/80/80 61/70/70 60/69/69
f 61/70/70 73/80/80 74/82/82
f 80/87/87 79/88/88 78/89/89
f 79/88/88 81/90/90 217/91/91
f 216/92/92 78/89/89 79/88/88
f 79/88/88 217/91/91 216/92/92
f 85/93/93 66/68/68 83/94/94
f 86/95/95 85/93/93 84/96/96
f 66/68/68 85/93/93 86/95/95
f 83/94/94 78/89/89 85/93/93
f 85/93/93 78/89/89 213/97/97
f 85/93/93 214/98/98 84/96/96
f 86/95/95 69/75/75 70/73/73
f 86/95/95 70/73/73 64/72/72
f 86/95/95 84/96/96 87/99/99
f 72/77/77 69/75/75 71/100/100
f 86/95/95 64/72/72 66/68/68
f 62/66/66 61/70/70 80/87/87
f 78/89/89 83/94/94 80/87/87
f 62/66/66 83/94/94 66/68/68
f 80/87/87 83/94/94 62/66/66
f 88/101/101 97/102/102 89/103/103
f 89/103/103 90/104/104 88/101/101
f 91/105/105 92/106/106 88/101/101
f 106/107/107 91/105/105 88/101/101
f 93/108/108 94/109/109 95/110/110
f 96/111/111 91/105/105 93/108/108
f 92/106/106 91/105/105 96/111/111
f 97/102/102 92/106/106 203/112/112
f 92/106/106 97/102/102 88/101/101
f 100/113/113 98/114/114 99/20/20
f 100/113/113 414/115/115 89/103/103
f 97/102/102 98/114/114 89/103/103
f 98/114/114 100/113/113 89/103/103
f 104/79/79 102/116/116 73/80/80
f 90/104/104 101/117/117 102/116/116
f 76/81/81 103/118/118 375/84/84
f 102/116/116 103/118/118 73/80/80
f 101/117/117 103/118/118 102/116/116
f 73/80/80 103/118/118 76/81/81
f 104/79/79 65/78/78 105/119/119
f 105/119/119 106/107/107 104/79/79
f 106/107/107 88/101/101 104/79/79
f 94/109/109 67/76/76 72/77/77
f 67/76/76 94/109/109 105/119/119
f 67/76/76 105/119/119 65/78/78
f 95/110/110 72/77/77 71/100/100
f 95/110/110 94/109/109 72/77/77
f 91/105/105 94/109/109 93/108/108
f 94/109/109 106/107/107 105/119/119
f 106/107/107 94/109/109 91/105/105
f 90/104/104 102/116/116 88/101/101
f 102/116/116 104/79/79 88/101/101
f 107/120/120 108/121/121 109/122/122
f 110/123/123 119/124/124 108/121/121
f 108/121/121 107/120/120 110/123/123
f 111/125/125 109/122/122 108/121/121
f 115/126/126 117/127/127 112/128/128
f 117/127/127 107/120/120 112/128/128
f 117/127/127 115/126/126 113/129/129
f 114/130/130 112/128/128 107/120/120
f 107/120/120 117/127/127 110/123/123
f 114/130/130 107/120/120 109/122/122
f 119/124/124 110/123/123 142/131/131
f 142/131/131 120/132/132 119/124/124
f 120/132/132 146/133/133 155/134/134
f 155/134/134 146/133/133 121/135/135
f 119/124/124 120/132/132 118/136/136
f 118/136/136 120/132/132 155/134/134
f 108/121/121 119/124/124 118/136/136
f 111/125/125 108/121/121 118/136/136
f 122/137/137 125/138/138 123/139/139
f 77/85/85 375/84/84 126/140/140
f 126/140/140 127/141/141 122/137/137
f 127/141/141 124/142/142 122/137/137
f 126/140/140 122/137/137 123/139/139
f 77/85/85 126/140/140 123/139/139
f 129/143/143 128/144/144 114/130/130
f 109/122/122 129/143/143 114/130/130
f 129/143/143 124/142/142 128/144/144
f 128/144/144 112/128/128 114/130/130
f 111/125/125 129/143/143 109/122/122
f 129/143/143 111/125/125 158/145/145
f 125/138/138 129/143/143 158/145/145
f 125/138/138 122/137/137 129/143/143
f 129/143/143 122/137/137 124/142/142
f 392/146/146 132/147/147 131/148/148
f 137/149/149 132/147/147 130/150/150
f 137/149/149 131/148/148 132/147/147
f 134/151/151 130/150/150 133/152/152
f 135/153/153 137/149/149 134/151/151
f 137/149/149 130/150/150 134/151/151
f 135/153/153 136/154/154 388/155/155
f 135/153/153 148/156/156 136/154/154
f 135/153/153 388/155/155 137/149/149
f 1680/157/157 139/158/158 138/159/159
f 132/147/147 392/146/146 138/159/159
f 2772/160/160 1680/157/157 138/159/159
f 139/158/158 133/152/152 130/150/150
f 133/152/152 139/158/158 140/161/161
f 139/158/158 130/150/150 132/147/147
f 132/147/147 138/159/159 139/158/158
f 142/131/131 141/162/162 145/163/163
f 145/163/163 141/162/162 143/164/164
f 141/162/162 110/123/123 147/165/165
f 110/123/123 141/162/162 142/131/131
f 141/162/162 144/166/166 1679/167/167
f 141/162/162 1679/167/167 143/164/164
f 146/133/133 120/132/132 145/163/163
f 145/163/163 120/132/132 142/131/131
f 148/156/156 147/165/165 113/129/129
f 147/165/165 148/156/156 135/153/153
f 110/123/123 117/127/127 147/165/165
f 117/127/127 113/129/129 147/165/165
f 113/129/129 115/126/126 148/156/156
f 116/168/168 148/156/156 115/126/126
f 148/156/156 116/168/168 136/154/154
f 144/166/166 141/162/162 149/169/169
f 134/151/151 144/166/166 149/169/169
f 134/151/151 133/152/152 144/166/166
f 141/162/162 147/165/165 149/169/169
f 135/153/153 149/169/169 147/165/165
f 135/153/153 134/151/151 149/169/169
f 150/170/170 61/70/70 151/171/171
f 150/170/170 151/171/171 154/172/172
f 155/134/134 1657/173/173 156/174/174
f 155/134/134 121/135/135 1657/173/173
f 156/174/174 153/175/175 152/176/176
f 155/134/134 156/174/174 152/176/176
f 150/170/170 153/175/175 1668/177/177
f 150/170/170 154/172/172 152/176/176
f 153/175/175 150/170/170 152/176/176
f 79/88/88 150/170/170 157/178/178
f 150/170/170 1668/177/177 157/178/178
f 79/88/88 157/178/178 82/179/179
f 79/88/88 82/179/179 81/90/90
f 150/170/170 79/88/88 80/87/87
f 61/70/70 150/170/170 80/87/87
f 61/70/70 74/82/82 158/145/145
f 61/70/70 158/145/145 151/171/171
f 77/85/85 159/86/86 75/83/83
f 159/86/86 77/85/85 123/139/139
f 125/138/138 158/145/145 123/139/139
f 159/86/86 158/145/145 74/82/82
f 158/145/145 159/86/86 123/139/139
f 118/136/136 160/180/180 111/125/125
f 155/134/134 161/181/181 118/136/136
f 155/134/134 152/176/176 161/181/181
f 161/181/181 152/176/176 154/172/172
f 161/181/181 160/180/180 118/136/136
f 161/181/181 154/172/172 160/180/180
f 158/145/145 160/180/180 151/171/171
f 158/145/145 111/125/125 160/180/180
f 154/172/172 151/171/171 160/180/180
f 171/182/182 163/183/183 162/184/184
f 164/185/185 165/186/186 173/187/187
f 166/188/188 164/185/185 173/187/187
f 163/183/183 164/185/185 162/184/184
f 166/188/188 162/184/184 164/185/185
f 168/189/189 167/190/190 169/191/191
f 168/189/189 182/192/192 192/193/193
f 182/192/192 168/189/189 169/191/191
f 170/194/194 168/189/189 192/193/193
f 167/190/190 168/189/189 170/194/194
f 163/183/183 171/182/182 170/194/194
f 169/191/191 167/190/190 162/184/184
f 162/184/184 167/190/190 171/182/182
f 167/190/190 170/194/194 171/182/182
f 174/195/195 177/196/196 183/197/197
f 173/187/187 183/197/197 166/188/188
f 173/187/187 172/198/198 174/195/195
f 174/195/195 183/197/197 173/187/187
f 174/195/195 175/199/199 177/196/196
f 175/199/199 174/195/195 176/200/200
f 179/201/201 181/202/202 1629/203/203
f 181/202/202 178/204/204 1628/205/205
f 1629/203/203 181/202/202 1628/205/205
f 179/201/201 180/206/206 181/202/202
f 169/191/191 1629/203/203 1632/207/207
f 182/192/192 169/191/191 1632/207/207
f 169/191/191 162/184/184 179/201/201
f 1629/203/203 169/191/191 179/201/201
f 162/184/184 183/197/197 179/201/201
f 183/197/197 162/184/184 166/188/188
f 177/196/196 178/204/204 181/202/202
f 180/206/206 183/197/197 181/202/202
f 177/196/196 181/202/202 183/197/197
f 179/201/201 183/197/197 180/206/206
f 188/208/208 185/209/209 184/210/210
f 187/211/211 186/212/212 22/28/28
f 184/210/210 187/211/211 191/213/213
f 188/208/208 184/210/210 191/213/213
f 186/212/212 187/211/211 184/210/210
f 192/193/193 189/214/214 188/208/208
f 192/193/193 182/192/192 189/214/214
f 189/214/214 185/209/209 188/208/208
f 24/31/31 23/30/30 190/215/215
f 23/30/30 22/28/28 186/212/212
f 184/210/210 190/215/215 186/212/212
f 190/215/215 23/30/30 186/212/212
f 21/27/27 2/5/5 164/185/185
f 163/183/183 21/27/27 164/185/185
f 163/183/183 170/194/194 191/213/213
f 187/211/211 163/183/183 191/213/213
f 192/193/193 188/208/208 170/194/194
f 191/213/213 170/194/194 188/208/208
f 22/28/28 21/27/27 187/211/211
f 21/27/27 163/183/183 187/211/211
f 197/6/6 194/216/216 193/217/217
f 194/216/216 197/6/6 19/25/25
f 19/25/25 208/26/26 194/216/216
f 196/218/218 194/216/216 204/219/219
f 207/220/220 196/218/218 204/219/219
f 206/221/221 218/222/222 196/218/218
f 218/222/222 206/221/221 71/100/100
f 193/217/217 196/218/218 195/223/223
f 193/217/217 194/216/216 196/218/218
f 197/6/6 195/223/223 2/5/5
f 195/223/223 197/6/6 193/217/217
f 14/22/22 200/224/224 199/225/225
f 10/16/16 200/224/224 14/22/22
f 198/226/226 199/225/225 200/224/224
f 200/224/224 97/102/102 201/227/227
f 201/227/227 198/226/226 200/224/224
f 202/228/228 208/26/26 15/12/12
f 15/12/12 13/23/23 199/225/225
f 13/23/23 14/22/22 199/225/225
f 199/225/225 202/228/228 15/12/12
f 199/225/225 198/226/226 202/228/228
f 200/224/224 11/18/18 99/20/20
f 11/18/18 200/224/224 10/16/16
f 200/224/224 99/20/20 98/114/114
f 200/224/224 98/114/114 97/102/102
f 203/112/112 92/106/106 204/219/219
f 203/112/112 204/219/219 194/216/216
f 205/229/229 97/102/102 203/112/112
f 93/108/108 206/221/221 96/111/111
f 93/108/108 95/110/110 206/221/221
f 71/100/100 206/221/221 95/110/110
f 206/221/221 196/218/218 207/220/220
f 96/111/111 204/219/219 92/106/106
f 204/219/219 96/111/111 206/221/221
f 207/220/220 204/219/219 206/221/221
f 208/26/26 198/226/226 209/230/230
f 209/230/230 194/216/216 208/26/26
f 198/226/226 208/26/26 202/228/228
f 97/102/102 205/229/229 201/227/227
f 203/112/112 194/216/216 205/229/229
f 194/216/216 209/230/230 205/229/229
f 209/230/230 198/226/226 201/227/227
f 209/230/230 201/227/227 205/229/229
f 211/231/231 213/97/97 210/232/232
f 213/97/97 211/231/231 84/96/96
f 213/97/97 84/96/96 214/98/98
f 213/97/97 78/89/89 215/233/233
f 215/233/233 210/232/232 213/97/97
f 164/185/185 211/231/231 165/186/186
f 69/75/75 86/95/95 87/99/99
f 212/234/234 69/75/75 87/99/99
f 85/93/93 213/97/97 214/98/98
f 211/231/231 87/99/99 84/96/96
f 87/99/99 211/231/231 212/234/234
f 216/92/92 217/91/91 172/198/198
f 216/92/92 215/233/233 78/89/89
f 81/90/90 176/200/200 217/91/91
f 176/200/200 174/195/195 217/91/91
f 217/91/91 174/195/195 172/198/198
f 210/232/232 165/186/186 211/231/231
f 210/232/232 215/233/233 165/186/186
f 215/233/233 173/187/187 165/186/186
f 172/198/198 173/187/187 216/92/92
f 173/187/187 215/233/233 216/92/92
f 196/218/218 218/222/222 195/223/223
f 212/234/234 2/5/5 195/223/223
f 212/234/234 195/223/223 218/222/222
f 69/75/75 218/222/222 71/100/100
f 212/234/234 218/222/222 69/75/75
f 212/234/234 211/231/231 164/185/185
f 2/5/5 212/234/234 164/185/185
f 226/235/235 220/236/236 229/237/237
f 219/238/238 226/235/235 229/237/237
f 226/235/235 222/239/239 1521/240/240
f 223/241/241 226/235/235 1521/240/240
f 219/238/238 222/239/239 226/235/235
f 224/242/242 222/239/239 225/29/29
f 225/29/29 24/31/31 224/242/242
f 1496/243/243 219/238/238 221/244/244
f 228/245/245 227/246/246 219/238/238
f 1496/243/243 228/245/245 219/238/238
f 229/237/237 221/244/244 219/238/238
f 220/236/236 221/244/244 229/237/237
f 3/7/7 230/247/247 28/34/34
f 227/246/246 230/247/247 3/7/7
f 230/247/247 273/248/248 29/35/35
f 28/34/34 230/247/247 29/35/35
f 222/239/239 3/7/7 22/28/28
f 23/30/30 222/239/239 22/28/28
f 222/239/239 23/30/30 225/29/29
f 222/239/239 219/238/238 3/7/7
f 227/246/246 3/7/7 219/238/238
f 232/249/249 238/250/250 231/251/251
f 231/251/251 552/252/252 233/253/253
f 233/253/253 232/249/249 231/251/251
f 232/249/249 234/254/254 284/255/255
f 284/255/255 238/250/250 232/249/249
f 236/256/256 237/257/257 235/258/258
f 238/250/250 240/259/259 235/258/258
f 239/260/260 240/259/259 241/261/261
f 236/256/256 241/261/261 554/262/262
f 237/257/257 236/256/256 554/262/262
f 240/259/259 239/260/260 235/258/258
f 241/261/261 236/256/256 239/260/260
f 235/258/258 239/260/260 236/256/256
f 231/251/251 237/257/257 552/252/252
f 235/258/258 231/251/251 238/250/250
f 231/251/251 235/258/258 237/257/257
f 282/263/263 242/264/264 264/265/265
f 282/263/263 243/266/266 242/264/264
f 244/267/267 233/253/253 242/264/264
f 243/266/266 244/267/267 242/264/264
f 530/268/268 242/264/264 233/253/253
f 233/253/253 552/252/252 530/268/268
f 245/269/269 242/264/264 530/268/268
f 242/264/264 245/269/269 264/265/265
f 246/270/270 250/271/271 247/272/272
f 250/271/271 248/273/273 247/272/272
f 249/274/274 258/275/275 263/276/276
f 246/270/270 249/274/274 250/271/271
f 247/272/272 519/277/277 251/278/278
f 519/277/277 247/272/272 248/273/273
f 251/278/278 519/277/277 252/279/279
f 246/270/270 253/280/280 254/281/281
f 255/282/282 246/270/270 254/281/281
f 247/272/272 253/280/280 246/270/270
f 254/281/281 256/283/283 257/284/284
f 254/281/281 257/284/284 255/282/282
f 246/270/270 258/275/275 249/274/274
f 258/275/275 246/270/270 255/282/282
f 259/285/285 260/286/286 261/287/287
f 263/276/276 261/287/287 267/288/288
f 261/287/287 263/276/276 259/285/285
f 263/276/276 262/289/289 259/285/285
f 265/290/290 266/291/291 504/292/292
f 264/265/265 245/269/269 266/291/291
f 265/290/290 260/286/286 259/285/285
f 266/291/291 259/285/285 262/289/289
f 259/285/285 266/291/291 265/290/290
f 260/286/286 519/277/277 248/273/273
f 267/288/288 250/271/271 249/274/274
f 249/274/274 263/276/276 267/288/288
f 260/286/286 248/273/273 261/287/287
f 250/271/271 267/288/288 261/287/287
f 248/273/273 250/271/271 261/287/287
f 268/293/293 269/294/294 272/295/295
f 272/295/295 269/294/294 271/296/296
f 272/295/295 271/296/296 511/297/297
f 269/294/294 273/248/248 270/298/298
f 273/248/248 269/294/294 268/293/293
f 247/272/272 280/299/299 274/300/300
f 275/301/301 274/300/300 280/299/299
f 276/302/302 274/300/300 275/301/301
f 276/302/302 275/301/301 270/298/298
f 276/302/302 277/303/303 274/300/300
f 254/281/281 277/303/303 278/304/304
f 253/280/280 277/303/303 254/281/281
f 254/281/281 278/304/304 256/283/283
f 247/272/272 274/300/300 253/280/280
f 253/280/280 274/300/300 277/303/303
f 279/305/305 269/294/294 275/301/301
f 251/278/278 280/299/299 247/272/272
f 279/305/305 275/301/301 280/299/299
f 279/305/305 280/299/299 251/278/278
f 252/279/279 271/296/296 251/278/278
f 269/294/294 279/305/305 271/296/296
f 279/305/305 251/278/278 271/296/296
f 269/294/294 270/298/298 275/301/301
f 256/283/283 281/306/306 257/284/284
f 282/263/263 281/306/306 243/266/266
f 281/306/306 244/267/267 243/266/266
f 283/307/307 282/263/263 262/289/289
f 262/289/289 263/276/276 283/307/307
f 262/289/289 282/263/263 264/265/265
f 262/289/289 264/265/265 266/291/291
f 281/306/306 283/307/307 257/284/284
f 283/307/307 281/306/306 282/263/263
f 258/275/275 283/307/307 263/276/276
f 255/282/282 283/307/307 258/275/275
f 255/282/282 257/284/284 283/307/307
f 244/267/267 234/254/254 232/249/249
f 232/249/249 233/253/253 244/267/267
f 284/255/255 234/254/254 285/308/308
f 241/261/261 240/259/259 2626/309/309
f 284/255/255 285/308/308 238/250/250
f 300/310/310 287/311/311 289/312/312
f 287/311/311 300/310/310 290/313/313
f 290/313/313 291/314/314 292/315/315
f 300/310/310 291/314/314 290/313/313
f 315/316/316 287/311/311 290/313/313
f 293/317/317 287/311/311 315/316/316
f 293/317/317 294/318/318 296/319/319
f 296/319/319 294/318/318 295/320/320
f 329/321/321 289/312/312 296/319/319
f 289/312/312 329/321/321 324/322/322
f 289/312/312 324/322/322 288/323/323
f 293/317/317 289/312/312 287/311/311
f 289/312/312 293/317/317 296/319/319
f 288/323/323 298/324/324 297/325/325
f 291/314/314 300/310/310 299/326/326
f 297/325/325 300/310/310 288/323/323
f 288/323/323 300/310/310 289/312/312
f 300/310/310 297/325/325 299/326/326
f 304/327/327 306/328/328 301/329/329
f 301/329/329 302/330/330 308/331/331
f 308/331/331 310/332/332 301/329/329
f 303/333/333 305/334/334 304/327/327
f 310/332/332 303/333/333 304/327/327
f 310/332/332 304/327/327 301/329/329
f 306/328/328 418/335/335 313/336/336
f 304/327/327 418/335/335 306/328/328
f 306/328/328 302/330/330 301/329/329
f 302/330/330 306/328/328 313/336/336
f 308/331/331 302/330/330 307/337/337
f 307/337/337 290/313/313 309/338/338
f 309/338/338 290/313/313 292/315/315
f 309/338/338 308/331/331 307/337/337
f 310/332/332 305/334/334 303/333/333
f 311/339/339 304/327/327 355/340/340
f 355/340/340 304/327/327 305/334/334
f 381/341/341 311/339/339 2790/342/342
f 304/327/327 311/339/339 418/335/335
f 293/317/317 312/343/343 314/344/344
f 315/316/316 312/343/343 293/317/317
f 314/344/344 295/320/320 294/318/318
f 293/317/317 314/344/344 294/318/318
f 315/316/316 290/313/313 307/337/337
f 313/336/336 315/316/316 302/330/330
f 313/336/336 312/343/343 315/316/316
f 315/316/316 307/337/337 302/330/330
f 331/345/345 319/346/346 318/347/347
f 316/348/348 319/346/346 331/345/345
f 330/349/349 317/350/350 316/348/348
f 330/349/349 295/320/320 317/350/350
f 317/350/350 295/320/320 410/351/351
f 320/352/352 321/353/353 317/350/350
f 415/354/354 320/352/352 317/350/350
f 319/346/346 316/348/348 321/353/353
f 321/353/353 316/348/348 317/350/350
f 324/322/322 325/355/355 323/356/356
f 326/357/357 567/358/358 327/359/359
f 323/356/356 326/357/357 324/322/322
f 318/347/347 328/360/360 325/355/355
f 325/355/355 567/358/358 323/356/356
f 323/356/356 567/358/358 326/357/357
f 298/324/324 326/357/357 327/359/359
f 298/324/324 288/323/323 326/357/357
f 288/323/323 324/322/322 326/357/357
f 296/319/319 330/349/349 329/321/321
f 316/348/348 329/321/321 330/349/349
f 330/349/349 296/319/319 295/320/320
f 325/355/355 316/348/348 331/345/345
f 325/355/355 331/345/345 318/347/347
f 319/346/346 328/360/360 318/347/347
f 329/321/321 325/355/355 324/322/322
f 329/321/321 316/348/348 325/355/355
f 336/361/361 338/362/362 343/363/363
f 335/364/364 336/361/361 343/363/363
f 332/365/365 343/363/363 338/362/362
f 337/366/366 346/367/367 353/368/368
f 337/366/366 353/368/368 335/364/364
f 336/361/361 335/364/364 353/368/368
f 338/362/362 336/361/361 334/369/369
f 332/365/365 338/362/362 334/369/369
f 334/369/369 555/370/370 333/371/371
f 555/370/370 334/369/369 297/325/325
f 334/369/369 333/371/371 332/365/365
f 344/372/372 339/373/373 340/374/374
f 339/373/373 241/261/261 2626/309/309
f 339/373/373 341/375/375 340/374/374
f 345/376/376 343/363/363 342/377/377
f 332/365/365 344/372/372 343/363/363
f 343/363/363 344/372/372 342/377/377
f 345/376/376 344/372/372 340/374/374
f 344/372/372 345/376/376 342/377/377
f 337/366/366 335/364/364 343/363/363
f 343/363/363 2801/378/378 337/366/366
f 2801/378/378 343/363/363 345/376/376
f 333/371/371 339/373/373 332/365/365
f 332/365/365 339/373/373 344/372/372
f 349/379/379 347/380/380 348/381/381
f 359/382/382 349/379/379 350/383/383
f 347/380/380 349/379/379 359/382/382
f 347/380/380 309/338/338 292/315/315
f 362/384/384 347/380/380 292/315/315
f 309/338/338 347/380/380 358/385/385
f 347/380/380 362/384/384 348/381/381
f 351/386/386 352/387/387 353/368/368
f 2785/388/388 353/368/368 346/367/367
f 351/386/386 353/368/368 2785/388/388
f 354/389/389 2798/390/390 349/379/379
f 2798/390/390 357/391/391 349/379/379
f 349/379/379 352/387/387 354/389/389
f 349/379/379 348/381/381 352/387/387
f 354/389/389 352/387/387 351/386/386
f 355/340/340 356/392/392 357/391/391
f 356/392/392 355/340/340 305/334/334
f 355/340/340 357/391/391 2793/393/393
f 355/340/340 2790/342/342 311/339/339
f 358/385/385 347/380/380 359/382/382
f 310/332/332 359/382/382 305/334/334
f 358/385/385 310/332/332 308/331/331
f 359/382/382 310/332/332 358/385/385
f 308/331/331 309/338/338 358/385/385
f 350/383/383 349/379/379 357/391/391
f 350/383/383 357/391/391 356/392/392
f 305/334/334 350/383/383 356/392/392
f 359/382/382 350/383/383 305/334/334
f 299/326/326 297/325/325 360/394/394
f 360/394/394 297/325/325 334/369/369
f 291/314/314 360/394/394 361/395/395
f 291/314/314 299/326/326 360/394/394
f 298/324/324 555/370/370 297/325/325
f 348/381/381 336/361/361 353/368/368
f 348/381/381 361/395/395 336/361/361
f 348/381/381 353/368/368 352/387/387
f 348/381/381 362/384/384 361/395/395
f 292/315/315 291/314/314 362/384/384
f 362/384/384 291/314/314 361/395/395
f 361/395/395 360/394/394 336/361/361
f 336/361/361 360/394/394 334/369/369
f 368/396/396 363/397/397 366/398/398
f 363/397/397 368/396/396 398/399/399
f 364/400/400 365/401/401 366/398/398
f 367/402/402 366/398/398 365/401/401
f 363/397/397 364/400/400 366/398/398
f 368/396/396 369/403/403 370/404/404
f 368/396/396 366/398/398 369/403/403
f 368/396/396 370/404/404 371/405/405
f 372/406/406 376/407/407 373/408/408
f 374/409/409 372/406/406 373/408/408
f 374/409/409 398/399/399 372/406/406
f 372/406/406 375/84/84 376/407/407
f 403/410/410 375/84/84 372/406/406
f 364/400/400 373/408/408 377/411/411
f 377/411/411 373/408/408 376/407/407
f 365/401/401 377/411/411 367/402/402
f 365/401/401 364/400/400 377/411/411
f 363/397/397 374/409/409 364/400/400
f 363/397/397 398/399/399 374/409/409
f 373/408/408 364/400/400 374/409/409
f 385/412/412 378/413/413 379/414/414
f 379/414/414 378/413/413 383/415/415
f 367/402/402 380/416/416 385/412/412
f 378/413/413 385/412/412 380/416/416
f 383/415/415 378/413/413 382/417/417
f 384/418/418 369/403/403 385/412/412
f 369/403/403 366/398/398 385/412/412
f 385/412/412 2776/419/419 384/418/418
f 385/412/412 366/398/398 367/402/402
f 385/412/412 379/414/414 2776/419/419
f 386/420/420 387/421/421 388/155/155
f 388/155/155 136/154/154 389/422/422
f 116/168/168 402/423/423 136/154/154
f 402/423/423 389/422/422 136/154/154
f 386/420/420 388/155/155 389/422/422
f 369/403/403 390/424/424 370/404/404
f 2769/425/425 387/421/421 390/424/424
f 387/421/421 386/420/420 390/424/424
f 386/420/420 370/404/404 390/424/424
f 391/426/426 2772/160/160 392/146/146
f 2769/425/425 391/426/426 387/421/421
f 2772/160/160 391/426/426 2774/427/427
f 2772/160/160 138/159/159 392/146/146
f 388/155/155 131/148/148 137/149/149
f 388/155/155 392/146/146 131/148/148
f 391/426/426 392/146/146 387/421/421
f 392/146/146 388/155/155 387/421/421
f 394/428/428 396/429/429 393/430/430
f 400/431/431 394/428/428 395/432/432
f 124/142/142 396/429/429 397/433/433
f 394/428/428 397/433/433 396/429/429
f 394/428/428 400/431/431 397/433/433
f 398/399/399 395/432/432 394/428/428
f 394/428/428 393/430/430 398/399/399
f 401/434/434 128/144/144 399/435/435
f 401/434/434 399/435/435 395/432/432
f 112/128/128 401/434/434 402/423/423
f 115/126/126 402/423/423 116/168/168
f 112/128/128 402/423/423 115/126/126
f 128/144/144 401/434/434 112/128/128
f 397/433/433 128/144/144 124/142/142
f 400/431/431 128/144/144 397/433/433
f 400/431/431 395/432/432 399/435/435
f 128/144/144 400/431/431 399/435/435
f 403/410/410 127/141/141 126/140/140
f 375/84/84 403/410/410 126/140/140
f 393/430/430 403/410/410 372/406/406
f 398/399/399 393/430/430 372/406/406
f 127/141/141 403/410/410 396/429/429
f 127/141/141 396/429/429 124/142/142
f 403/410/410 393/430/430 396/429/429
f 398/399/399 371/405/405 404/436/436
f 368/396/396 371/405/405 398/399/399
f 389/422/422 401/434/434 395/432/432
f 389/422/422 402/423/423 401/434/434
f 389/422/422 404/436/436 371/405/405
f 371/405/405 370/404/404 386/420/420
f 386/420/420 389/422/422 371/405/405
f 398/399/399 389/422/422 395/432/432
f 398/399/399 404/436/436 389/422/422
f 412/437/437 90/104/104 405/438/438
f 407/439/439 405/438/438 416/440/440
f 406/441/441 412/437/437 405/438/438
f 90/104/104 89/103/103 414/115/115
f 90/104/104 414/115/115 408/442/442
f 405/438/438 90/104/104 408/442/442
f 410/351/351 426/443/443 409/444/444
f 406/441/441 405/438/438 409/444/444
f 405/438/438 407/439/439 409/444/444
f 426/443/443 406/441/441 409/444/444
f 103/118/118 101/117/117 411/445/445
f 90/104/104 411/445/445 101/117/117
f 411/445/445 90/104/104 412/437/437
f 415/354/354 414/115/115 413/446/446
f 413/446/446 414/115/115 100/113/113
f 99/20/20 322/19/19 413/446/446
f 100/113/113 99/20/20 413/446/446
f 322/19/19 320/352/352 413/446/446
f 320/352/352 415/354/354 413/446/446
f 415/354/354 317/350/350 409/444/444
f 409/444/444 317/350/350 410/351/351
f 405/438/438 414/115/115 416/440/440
f 414/115/115 405/438/438 408/442/442
f 414/115/115 415/354/354 407/439/439
f 415/354/354 409/444/444 407/439/439
f 407/439/439 416/440/440 414/115/115
f 418/335/335 417/447/447 419/448/448
f 423/449/449 417/447/447 418/335/335
f 420/450/450 417/447/447 424/451/451
f 421/452/452 420/450/450 367/402/402
f 420/450/450 419/448/448 417/447/447
f 421/452/452 419/448/448 420/450/450
f 314/344/344 422/453/453 295/320/320
f 418/335/335 314/344/344 312/343/343
f 313/336/336 418/335/335 312/343/343
f 419/448/448 422/453/453 418/335/335
f 422/453/453 314/344/344 418/335/335
f 378/413/413 423/449/449 381/341/341
f 423/449/449 311/339/339 381/341/341
f 423/449/449 418/335/335 311/339/339
f 382/417/417 378/413/413 381/341/341
f 424/451/451 378/413/413 380/416/416
f 420/450/450 380/416/416 367/402/402
f 380/416/416 420/450/450 424/451/451
f 424/451/451 423/449/449 378/413/413
f 417/447/447 423/449/449 424/451/451
f 377/411/411 406/441/441 425/454/454
f 411/445/445 376/407/407 375/84/84
f 411/445/445 375/84/84 103/118/118
f 376/407/407 406/441/441 377/411/411
f 376/407/407 411/445/445 412/437/437
f 406/441/441 376/407/407 412/437/437
f 422/453/453 419/448/448 426/443/443
f 426/443/443 410/351/351 422/453/453
f 295/320/320 422/453/453 410/351/351
f 377/411/411 421/452/452 367/402/402
f 421/452/452 377/411/411 425/454/454
f 406/441/441 426/443/443 425/454/454
f 425/454/454 419/448/448 421/452/452
f 426/443/443 419/448/448 425/454/454
f 428/455/455 432/456/456 427/457/457
f 428/455/455 427/457/457 437/458/458
f 439/459/459 430/460/460 437/458/458
f 428/455/455 437/458/458 430/460/460
f 448/461/461 431/462/462 428/455/455
f 448/461/461 487/463/463 431/462/462
f 429/464/464 427/457/457 432/456/456
f 428/455/455 431/462/462 432/456/456
f 432/456/456 431/462/462 429/464/464
f 435/465/465 436/466/466 438/467/467
f 433/468/468 438/467/467 437/458/458
f 429/464/464 433/468/468 427/457/457
f 527/469/469 435/465/465 434/470/470
f 438/467/467 433/468/468 435/465/465
f 434/470/470 435/465/465 433/468/468
f 465/471/471 437/458/458 438/467/467
f 437/458/458 465/471/471 439/459/459
f 437/458/458 427/457/457 433/468/468
f 440/472/472 443/473/473 442/474/474
f 440/472/472 445/475/475 444/476/476
f 445/475/475 446/477/477 444/476/476
f 444/476/476 493/478/478 441/479/479
f 444/476/476 441/479/479 440/472/472
f 449/480/480 447/481/481 428/455/455
f 447/481/481 449/480/480 441/479/479
f 494/482/482 447/481/481 441/479/479
f 447/481/481 448/461/461 428/455/455
f 443/473/473 440/472/472 449/480/480
f 443/473/473 449/480/480 430/460/460
f 439/459/459 443/473/473 430/460/460
f 443/473/473 439/459/459 442/474/474
f 441/479/479 449/480/480 440/472/472
f 449/480/480 428/455/455 430/460/460
f 27/64/64 450/483/483 452/484/484
f 451/485/485 452/484/484 450/483/483
f 451/485/485 453/486/486 486/487/487
f 452/484/484 451/485/485 486/487/487
f 30/38/38 455/488/488 450/483/483
f 30/38/38 450/483/483 27/64/64
f 454/489/489 456/490/490 429/464/464
f 455/488/488 456/490/490 454/489/489
f 433/468/468 456/490/490 457/491/491
f 457/491/491 527/469/469 434/470/470
f 433/468/468 457/491/491 434/470/470
f 456/490/490 433/468/468 429/464/464
f 451/485/485 454/489/489 431/462/462
f 431/462/462 454/489/489 429/464/464
f 431/462/462 487/463/463 453/486/486
f 451/485/485 431/462/462 453/486/486
f 451/485/485 450/483/483 455/488/488
f 451/485/485 455/488/488 454/489/489
f 458/492/492 459/493/493 525/494/494
f 525/494/494 459/493/493 460/495/495
f 460/495/495 435/465/465 461/496/496
f 461/496/496 527/469/469 528/497/497
f 527/469/469 461/496/496 435/465/465
f 461/496/496 525/494/494 460/495/495
f 552/252/252 525/494/494 530/268/268
f 525/494/494 552/252/252 458/492/492
f 462/498/498 458/492/492 577/499/499
f 445/475/475 464/500/500 463/501/501
f 445/475/475 440/472/472 464/500/500
f 464/500/500 577/499/499 463/501/501
f 462/498/498 464/500/500 442/474/474
f 464/500/500 440/472/472 442/474/474
f 464/500/500 462/498/498 577/499/499
f 438/467/467 466/502/502 465/471/471
f 438/467/467 436/466/466 466/502/502
f 442/474/474 465/471/471 462/498/498
f 439/459/459 465/471/471 442/474/474
f 436/466/466 435/465/465 466/502/502
f 435/465/465 460/495/495 466/502/502
f 459/493/493 465/471/471 466/502/502
f 466/502/502 460/495/495 459/493/493
f 458/492/492 462/498/498 459/493/493
f 465/471/471 459/493/493 462/498/498
f 467/503/503 471/504/504 468/505/505
f 471/504/504 467/503/503 470/506/506
f 471/504/504 473/507/507 474/508/508
f 472/509/509 468/505/505 471/504/504
f 475/510/510 468/505/505 483/60/60
f 50/511/511 476/512/512 475/510/510
f 475/510/510 477/513/513 468/505/505
f 469/514/514 467/503/503 468/505/505
f 477/513/513 469/514/514 468/505/505
f 481/515/515 478/516/516 479/517/517
f 478/516/516 495/518/518 480/519/519
f 481/515/515 470/506/506 478/516/516
f 470/506/506 495/518/518 478/516/516
f 478/516/516 480/519/519 479/517/517
f 479/517/517 572/520/520 481/515/515
f 473/507/507 572/520/520 474/508/508
f 471/504/504 481/515/515 473/507/507
f 481/515/515 572/520/520 473/507/507
f 470/506/506 481/515/515 471/504/504
f 52/61/61 472/509/509 482/521/521
f 11/18/18 52/61/61 482/521/521
f 483/60/60 51/58/58 50/511/511
f 50/511/511 51/58/58 476/512/512
f 36/52/52 476/512/512 51/58/58
f 50/511/511 475/510/510 483/60/60
f 474/508/508 472/509/509 471/504/504
f 483/60/60 472/509/509 52/61/61
f 468/505/505 472/509/509 483/60/60
f 42/49/49 484/522/522 489/523/523
f 484/522/522 42/49/49 486/487/487
f 42/49/49 489/523/523 41/50/50
f 42/49/49 38/48/48 490/524/524
f 492/525/525 486/487/487 487/463/463
f 487/463/463 486/487/487 453/486/486
f 492/525/525 484/522/522 486/487/487
f 484/522/522 492/525/525 485/526/526
f 488/527/527 43/51/51 489/523/523
f 476/512/512 43/51/51 488/527/527
f 43/51/51 41/50/50 489/523/523
f 489/523/523 484/522/522 488/527/527
f 43/51/51 476/512/512 36/52/52
f 484/522/522 485/526/526 488/527/527
f 490/524/524 39/47/47 27/64/64
f 38/48/48 39/47/47 490/524/524
f 490/524/524 486/487/487 42/49/49
f 27/64/64 452/484/484 490/524/524
f 486/487/487 490/524/524 452/484/484
f 492/525/525 491/528/528 469/514/514
f 492/525/525 448/461/461 447/481/481
f 447/481/481 494/482/482 491/528/528
f 491/528/528 492/525/525 447/481/481
f 495/518/518 494/482/482 493/478/478
f 441/479/479 493/478/478 494/482/482
f 446/477/477 493/478/478 444/476/476
f 493/478/478 446/477/477 480/519/519
f 493/478/478 480/519/519 495/518/518
f 470/506/506 467/503/503 495/518/518
f 491/528/528 495/518/518 467/503/503
f 469/514/514 491/528/528 467/503/503
f 495/518/518 491/528/528 494/482/482
f 485/526/526 477/513/513 488/527/527
f 475/510/510 476/512/512 477/513/513
f 477/513/513 476/512/512 488/527/527
f 487/463/463 448/461/461 492/525/525
f 477/513/513 492/525/525 469/514/514
f 485/526/526 492/525/525 477/513/513
f 499/529/529 516/530/530 498/531/531
f 499/529/529 496/532/532 507/533/533
f 502/534/534 501/535/535 517/536/536
f 500/537/537 517/536/536 501/535/535
f 542/538/538 500/537/537 501/535/535
f 498/531/531 516/530/530 500/537/537
f 546/539/539 503/540/540 265/290/290
f 266/291/291 245/269/269 504/292/292
f 546/539/539 265/290/290 504/292/292
f 546/539/539 504/292/292 545/541/541
f 542/538/538 501/535/535 505/542/542
f 506/543/543 505/542/542 501/535/535
f 501/535/535 502/534/534 506/543/543
f 502/534/534 503/540/540 506/543/543
f 503/540/540 546/539/539 506/543/543
f 508/544/544 507/533/533 496/532/532
f 498/531/531 508/544/544 496/532/532
f 498/531/531 496/532/532 499/529/529
f 498/531/531 542/538/538 508/544/544
f 498/531/531 500/537/537 542/538/538
f 497/37/37 507/533/533 535/545/545
f 30/38/38 497/37/37 535/545/545
f 30/38/38 27/64/64 26/33/33
f 507/533/533 497/37/37 499/529/529
f 509/36/36 29/35/35 273/248/248
f 271/296/296 521/546/546 511/297/297
f 510/547/547 509/36/36 512/548/548
f 521/546/546 512/548/548 511/297/297
f 509/36/36 510/547/547 499/529/529
f 509/36/36 273/248/248 268/293/293
f 512/548/548 268/293/293 272/295/295
f 509/36/36 268/293/293 512/548/548
f 512/548/548 272/295/295 511/297/297
f 515/549/549 519/277/277 513/550/550
f 513/550/550 517/536/536 516/530/530
f 513/550/550 516/530/530 515/549/549
f 519/277/277 515/549/549 518/551/551
f 515/549/549 521/546/546 518/551/551
f 518/551/551 271/296/296 252/279/279
f 519/277/277 518/551/551 252/279/279
f 513/550/550 519/277/277 514/552/552
f 519/277/277 260/286/286 514/552/552
f 520/553/553 260/286/286 265/290/290
f 265/290/290 503/540/540 520/553/553
f 514/552/552 517/536/536 513/550/550
f 517/536/536 514/552/552 502/534/534
f 516/530/530 517/536/536 500/537/537
f 520/553/553 514/552/552 260/286/286
f 520/553/553 502/534/534 514/552/552
f 503/540/540 502/534/534 520/553/553
f 510/547/547 516/530/530 499/529/529
f 509/36/36 499/529/529 497/37/37
f 510/547/547 512/548/548 521/546/546
f 521/546/546 271/296/296 518/551/551
f 521/546/546 515/549/549 510/547/547
f 515/549/549 516/530/530 510/547/547
f 530/268/268 525/494/494 522/554/554
f 522/554/554 525/494/494 524/555/555
f 525/494/494 528/497/497 524/555/555
f 524/555/555 528/497/497 527/469/469
f 529/556/556 522/554/554 526/557/557
f 523/558/558 522/554/554 529/556/556
f 526/557/557 522/554/554 524/555/555
f 531/559/559 245/269/269 530/268/268
f 530/268/268 523/558/558 533/560/560
f 523/558/558 534/561/561 533/560/560
f 531/559/559 533/560/560 532/562/562
f 531/559/559 530/268/268 533/560/560
f 529/556/556 534/561/561 523/558/558
f 530/268/268 522/554/554 523/558/558
f 528/497/497 525/494/494 461/496/496
f 455/488/488 535/545/545 538/563/563
f 535/545/545 507/533/533 538/563/563
f 457/491/491 456/490/490 537/564/564
f 456/490/490 455/488/488 538/563/563
f 537/564/564 538/563/563 536/565/565
f 537/564/564 456/490/490 538/563/563
f 30/38/38 535/545/545 455/488/488
f 505/542/542 539/566/566 542/538/538
f 539/566/566 505/542/542 540/567/567
f 541/568/568 508/544/544 542/538/538
f 542/538/538 539/566/566 541/568/568
f 544/569/569 539/566/566 543/570/570
f 540/567/567 543/570/570 539/566/566
f 534/561/561 544/569/569 543/570/570
f 534/561/561 529/556/556 544/569/569
f 541/568/568 507/533/533 508/544/544
f 531/559/559 532/562/562 545/541/541
f 545/541/541 540/567/567 546/539/539
f 505/542/542 506/543/543 546/539/539
f 545/541/541 504/292/292 245/269/269
f 531/559/559 545/541/541 245/269/269
f 532/562/562 543/570/570 540/567/567
f 543/570/570 533/560/560 534/561/561
f 533/560/560 543/570/570 532/562/562
f 546/539/539 540/567/567 505/542/542
f 540/567/567 545/541/541 532/562/562
f 548/571/571 549/572/572 547/573/573
f 551/574/574 549/572/572 536/565/565
f 551/574/574 547/573/573 549/572/572
f 529/556/556 547/573/573 544/569/569
f 529/556/556 526/557/557 548/571/571
f 548/571/571 547/573/573 529/556/556
f 548/571/571 527/469/469 549/572/572
f 526/557/557 524/555/555 548/571/571
f 548/571/571 524/555/555 527/469/469
f 457/491/491 549/572/572 527/469/469
f 457/491/491 537/564/564 549/572/572
f 549/572/572 537/564/564 536/565/565
f 541/568/568 550/575/575 507/533/533
f 538/563/563 550/575/575 536/565/565
f 550/575/575 538/563/563 507/533/533
f 551/574/574 541/568/568 539/566/566
f 544/569/569 547/573/573 539/566/566
f 550/575/575 551/574/574 536/565/565
f 550/575/575 541/568/568 551/574/574
f 539/566/566 547/573/573 551/574/574
f 555/370/370 552/252/252 333/371/371
f 552/252/252 555/370/370 581/576/576
f 553/577/577 333/371/371 552/252/252
f 580/578/578 552/252/252 581/576/576
f 552/252/252 580/578/578 575/579/579
f 554/262/262 553/577/577 237/257/257
f 553/577/577 552/252/252 237/257/257
f 333/371/371 241/261/261 339/373/373
f 241/261/261 553/577/577 554/262/262
f 241/261/261 333/371/371 553/577/577
f 568/580/580 556/581/581 558/582/582
f 328/360/360 319/346/346 570/583/583
f 557/584/584 328/360/360 570/583/583
f 573/585/585 556/581/581 557/584/584
f 573/585/585 561/586/586 556/581/581
f 560/587/587 561/586/586 559/588/588
f 562/589/589 446/477/477 563/590/590
f 562/589/589 560/587/587 559/588/588
f 563/590/590 560/587/587 562/589/589
f 564/591/591 565/592/592 558/582/582
f 561/586/586 560/587/587 556/581/581
f 560/587/587 564/591/591 556/581/581
f 564/591/591 558/582/582 556/581/581
f 565/592/592 566/593/593 327/359/359
f 565/592/592 327/359/359 567/358/358
f 298/324/324 327/359/359 566/593/593
f 568/580/580 325/355/355 557/584/584
f 325/355/355 568/580/580 567/358/358
f 328/360/360 557/584/584 325/355/355
f 568/580/580 557/584/584 556/581/581
f 558/582/582 565/592/592 568/580/580
f 567/358/358 568/580/580 565/592/592
f 321/353/353 472/509/509 569/594/594
f 570/583/583 321/353/353 569/594/594
f 472/509/509 474/508/508 569/594/594
f 321/353/353 570/583/583 319/346/346
f 482/521/521 321/353/353 320/352/352
f 11/18/18 482/521/521 320/352/352
f 322/19/19 11/18/18 320/352/352
f 482/521/521 472/509/509 321/353/353
f 561/586/586 572/520/520 479/517/517
f 572/520/520 561/586/586 573/585/585
f 479/517/517 562/589/589 559/588/588
f 480/519/519 562/589/589 479/517/517
f 446/477/477 562/589/589 480/519/519
f 561/586/586 479/517/517 559/588/588
f 573/585/585 557/584/584 570/583/583
f 571/595/595 572/520/520 573/585/585
f 573/585/585 569/594/594 571/595/595
f 474/508/508 571/595/595 569/594/594
f 474/508/508 572/520/520 571/595/595
f 569/594/594 573/585/585 570/583/583
f 458/492/492 574/596/596 578/597/597
f 578/597/597 574/596/596 583/598/598
f 574/596/596 458/492/492 575/579/579
f 445/475/475 563/590/590 446/477/477
f 577/499/499 576/599/599 463/501/501
f 576/599/599 445/475/475 463/501/501
f 576/599/599 458/492/492 578/597/597
f 577/499/499 458/492/492 576/599/599
f 458/492/492 552/252/252 575/579/579
f 580/578/578 581/576/576 582/600/600
f 582/600/600 566/593/593 579/601/601
f 580/578/578 582/600/600 579/601/601
f 566/593/593 565/592/592 579/601/601
f 580/578/578 579/601/601 583/598/598
f 298/324/324 566/593/593 581/576/576
f 555/370/370 298/324/324 581/576/576
f 581/576/576 566/593/593 582/600/600
f 583/598/598 564/591/591 560/587/587
f 576/599/599 563/590/590 445/475/475
f 560/587/587 576/599/599 578/597/597
f 583/598/598 560/587/587 578/597/597
f 560/587/587 563/590/590 576/599/599
f 575/579/579 583/598/598 574/596/596
f 583/598/598 575/579/579 580/578/578
f 565/592/592 564/591/591 583/598/598
f 579/601/601 565/592/592 583/598/598
f 584/602/602 589/603/603 585/604/604
f 584/602/602 587/605/605 586/606/606
f 584/602/602 588/607/607 589/603/603
f 597/608/608 588/607/607 584/602/602
f 591/609/609 610/610/610 590/611/611
f 591/609/609 590/611/611 592/612/612
f 608/613/613 591/609/609 585/604/604
f 723/614/614 617/615/615 610/610/610
f 610/610/610 617/615/615 590/611/611
f 585/604/604 591/609/609 584/602/602
f 592/612/612 587/605/605 591/609/609
f 587/605/605 584/602/602 591/609/609
f 594/616/616 587/605/605 625/617/617
f 625/617/617 626/618/618 594/616/616
f 586/606/606 594/616/616 593/619/619
f 587/605/605 594/616/616 586/606/606
f 626/618/618 627/620/620 595/621/621
f 627/620/620 930/622/622 595/621/621
f 593/619/619 594/616/616 595/621/621
f 594/616/616 626/618/618 595/621/621
f 593/619/619 596/623/623 597/608/608
f 600/624/624 588/607/607 596/623/623
f 596/623/623 588/607/607 597/608/608
f 597/608/608 586/606/606 593/619/619
f 584/602/602 586/606/606 597/608/608
f 598/625/625 589/603/603 601/626/626
f 609/627/627 598/625/625 599/628/628
f 589/603/603 598/625/625 609/627/627
f 601/626/626 589/603/603 588/607/607
f 598/625/625 601/626/626 603/629/629
f 607/630/630 605/631/631 609/627/627
f 606/632/632 608/613/613 605/631/631
f 608/613/613 609/627/627 605/631/631
f 609/627/627 599/628/628 607/630/630
f 606/632/632 591/609/609 608/613/613
f 610/610/610 591/609/609 606/632/632
f 589/603/603 609/627/627 585/604/604
f 585/604/604 609/627/627 608/613/613
f 618/633/633 612/634/634 611/635/635
f 613/636/636 614/637/637 612/634/634
f 612/634/634 615/638/638 611/635/635
f 616/639/639 618/633/633 617/615/615
f 628/640/640 618/633/633 611/635/635
f 618/633/633 628/640/640 617/615/615
f 613/636/636 612/634/634 618/633/633
f 614/637/637 717/641/641 619/642/642
f 717/641/641 620/643/643 619/642/642
f 615/638/638 612/634/634 621/644/644
f 621/644/644 614/637/637 619/642/642
f 621/644/644 612/634/634 614/637/637
f 628/640/640 622/645/645 623/646/646
f 622/645/645 628/640/640 624/647/647
f 945/648/648 626/618/618 625/617/617
f 945/648/648 627/620/620 626/618/618
f 623/646/646 622/645/645 625/617/617
f 623/646/646 625/617/617 587/605/605
f 628/640/640 587/605/605 592/612/612
f 592/612/612 590/611/611 617/615/615
f 628/640/640 592/612/612 617/615/615
f 624/647/647 628/640/640 611/635/635
f 611/635/635 615/638/638 624/647/647
f 587/605/605 628/640/640 623/646/646
f 648/649/649 629/650/650 631/651/651
f 629/650/650 1270/652/652 631/651/651
f 629/650/650 633/653/653 630/654/654
f 648/649/649 633/653/653 629/650/650
f 633/653/653 648/649/649 632/655/655
f 634/656/656 916/657/657 642/658/658
f 635/659/659 916/657/657 634/656/656
f 916/657/657 927/660/660 642/658/658
f 639/661/661 636/662/662 638/663/663
f 636/662/662 640/664/664 637/665/665
f 642/658/658 644/666/666 634/656/656
f 643/667/667 644/666/666 637/665/665
f 634/656/656 644/666/666 643/667/667
f 642/658/658 927/660/660 638/663/663
f 642/658/658 638/663/663 636/662/662
f 636/662/662 637/665/665 644/666/666
f 636/662/662 644/666/666 642/658/658
f 635/659/659 1275/668/668 1270/652/652
f 629/650/650 635/659/659 1270/652/652
f 1270/652/652 648/649/649 631/651/651
f 630/654/654 916/657/657 629/650/650
f 916/657/657 635/659/659 629/650/650
f 645/669/669 647/670/670 596/623/623
f 647/670/670 602/671/671 649/672/672
f 646/673/673 602/671/671 647/670/670
f 602/671/671 601/626/626 649/672/672
f 601/626/626 588/607/607 649/672/672
f 596/623/623 647/670/670 600/624/624
f 588/607/607 600/624/624 649/672/672
f 649/672/672 600/624/624 647/670/670
f 646/673/673 647/670/670 645/669/669
f 593/619/619 648/649/649 645/669/669
f 645/669/669 596/623/623 593/619/619
f 593/619/619 595/621/621 632/655/655
f 595/621/621 930/622/622 632/655/655
f 632/655/655 648/649/649 593/619/619
f 648/649/649 646/673/673 645/669/669
f 655/674/674 652/675/675 656/676/676
f 650/677/677 655/674/674 651/678/678
f 655/674/674 650/677/677 652/675/675
f 673/679/679 652/675/675 653/680/680
f 656/676/676 675/681/681 693/682/682
f 652/675/675 675/681/681 656/676/676
f 689/683/683 654/684/684 655/674/674
f 689/683/683 655/674/674 656/676/676
f 654/684/684 689/683/683 657/685/685
f 656/676/676 693/682/682 692/686/686
f 692/686/686 689/683/683 656/676/676
f 698/687/687 658/688/688 714/689/689
f 657/685/685 698/687/687 714/689/689
f 651/678/678 655/674/674 725/690/690
f 659/691/691 650/677/677 599/628/628
f 650/677/677 659/691/691 660/692/692
f 651/678/678 599/628/628 650/677/677
f 660/692/692 659/691/691 603/629/629
f 650/677/677 660/692/692 652/675/675
f 666/693/693 663/694/694 672/695/695
f 666/693/693 672/695/695 675/681/681
f 676/696/696 663/694/694 666/693/693
f 662/697/697 676/696/696 664/698/698
f 663/694/694 676/696/696 662/697/697
f 665/699/699 662/697/697 668/700/700
f 662/697/697 664/698/698 668/700/700
f 668/700/700 664/698/698 667/701/701
f 665/699/699 669/702/702 663/694/694
f 669/702/702 665/699/699 670/703/703
f 669/702/702 670/703/703 671/704/704
f 665/699/699 663/694/694 662/697/697
f 673/679/679 1250/705/705 674/706/706
f 676/696/696 1252/707/707 677/708/708
f 677/708/708 664/698/698 676/696/696
f 674/706/706 1252/707/707 676/696/696
f 678/709/709 667/701/701 677/708/708
f 664/698/698 677/708/708 667/701/701
f 675/681/681 673/679/679 666/693/693
f 676/696/696 666/693/693 674/706/706
f 666/693/693 673/679/679 674/706/706
f 682/710/710 679/711/711 1249/712/712
f 680/713/713 679/711/711 682/710/710
f 680/713/713 684/714/714 679/711/711
f 679/711/711 684/714/714 686/715/715
f 679/711/711 686/715/715 681/716/716
f 685/717/717 683/718/718 684/714/714
f 671/704/704 670/703/703 685/717/717
f 1764/719/719 671/704/704 685/717/717
f 683/718/718 670/703/703 665/699/699
f 670/703/703 683/718/718 685/717/717
f 681/716/716 686/715/715 668/700/700
f 686/715/715 665/699/699 668/700/700
f 668/700/700 667/701/701 681/716/716
f 683/718/718 686/715/715 684/714/714
f 665/699/699 686/715/715 683/718/718
f 687/720/720 691/721/721 690/722/722
f 687/720/720 689/683/683 691/721/721
f 691/721/721 692/686/686 690/722/722
f 688/723/723 694/724/724 1764/719/719
f 1764/719/719 694/724/724 671/704/704
f 694/724/724 688/723/723 687/720/720
f 687/720/720 690/722/722 694/724/724
f 696/725/725 695/726/726 697/727/727
f 697/727/727 688/723/723 696/725/725
f 696/725/725 1769/728/728 695/726/726
f 1769/728/728 698/687/687 695/726/726
f 698/687/687 657/685/685 695/726/726
f 689/683/683 692/686/686 691/721/721
f 697/727/727 689/683/683 687/720/720
f 688/723/723 697/727/727 687/720/720
f 695/726/726 689/683/683 697/727/727
f 657/685/685 689/683/683 695/726/726
f 693/682/682 675/681/681 699/729/729
f 675/681/681 652/675/675 673/679/679
f 669/702/702 699/729/729 672/695/695
f 672/695/695 663/694/694 669/702/702
f 669/702/702 690/722/722 699/729/729
f 690/722/722 669/702/702 694/724/724
f 671/704/704 694/724/724 669/702/702
f 690/722/722 692/686/686 699/729/729
f 692/686/686 693/682/682 699/729/729
f 675/681/681 672/695/695 699/729/729
f 703/730/730 700/731/731 702/732/732
f 703/730/730 705/733/733 700/731/731
f 705/733/733 701/734/734 700/731/731
f 707/735/735 711/736/736 701/734/734
f 701/734/734 705/733/733 707/735/735
f 707/735/735 705/733/733 706/737/737
f 708/738/738 1758/739/739 709/740/740
f 713/741/741 708/738/738 711/736/736
f 701/734/734 708/738/738 709/740/740
f 708/738/738 701/734/734 711/736/736
f 1758/739/739 708/738/738 712/742/742
f 709/740/740 1758/739/739 710/743/743
f 702/732/732 704/744/744 703/730/730
f 700/731/731 709/740/740 702/732/732
f 700/731/731 701/734/734 709/740/740
f 710/743/743 702/732/732 709/740/740
f 716/745/745 715/746/746 704/744/744
f 717/641/641 614/637/637 613/636/636
f 715/746/746 717/641/641 613/636/636
f 717/641/641 715/746/746 716/745/745
f 616/639/639 705/733/733 718/747/747
f 718/747/747 613/636/636 618/633/633
f 616/639/639 718/747/747 618/633/633
f 706/737/737 616/639/639 617/615/615
f 723/614/614 706/737/737 617/615/615
f 616/639/639 706/737/737 705/733/733
f 703/730/730 715/746/746 718/747/747
f 715/746/746 703/730/730 704/744/744
f 718/747/747 715/746/746 613/636/636
f 703/730/730 718/747/747 705/733/733
f 719/748/748 607/630/630 720/749/749
f 720/749/749 607/630/630 599/628/628
f 722/750/750 719/748/748 721/751/751
f 599/628/628 721/751/751 720/749/749
f 721/751/751 719/748/748 720/749/749
f 723/614/614 610/610/610 606/632/632
f 723/614/614 606/632/632 719/748/748
f 729/752/752 723/614/614 719/748/748
f 607/630/630 724/753/753 605/631/631
f 719/748/748 606/632/632 724/753/753
f 724/753/753 606/632/632 605/631/631
f 724/753/753 607/630/630 719/748/748
f 659/691/691 599/628/628 598/625/625
f 601/626/626 661/754/754 603/629/629
f 601/626/626 602/671/671 661/754/754
f 604/755/755 661/754/754 602/671/671
f 659/691/691 598/625/625 603/629/629
f 599/628/628 651/678/678 721/751/751
f 727/756/756 725/690/690 726/757/757
f 651/678/678 725/690/690 727/756/756
f 725/690/690 654/684/684 726/757/757
f 707/735/735 726/757/757 711/736/736
f 727/756/756 726/757/757 707/735/735
f 725/690/690 655/674/674 654/684/684
f 657/685/685 714/689/689 712/742/742
f 728/758/758 708/738/738 713/741/741
f 728/758/758 654/684/684 657/685/685
f 708/738/738 657/685/685 712/742/742
f 728/758/758 657/685/685 708/738/738
f 713/741/741 711/736/736 728/758/758
f 711/736/736 726/757/757 728/758/758
f 728/758/758 726/757/757 654/684/684
f 707/735/735 706/737/737 723/614/614
f 729/752/752 707/735/735 723/614/614
f 721/751/751 651/678/678 722/750/750
f 707/735/735 729/752/752 727/756/756
f 729/752/752 651/678/678 727/756/756
f 719/748/748 722/750/750 729/752/752
f 722/750/750 651/678/678 729/752/752
f 732/759/759 730/760/760 731/761/761
f 757/762/762 733/763/763 746/764/764
f 746/764/764 733/763/763 792/765/765
f 735/766/766 734/767/767 736/768/768
f 735/766/766 737/769/769 730/760/760
f 730/760/760 732/759/759 734/767/767
f 734/767/767 735/766/766 730/760/760
f 740/770/770 730/760/760 739/771/771
f 794/772/772 730/760/760 740/770/770
f 767/773/773 738/774/774 730/760/760
f 730/760/760 738/774/774 739/771/771
f 731/761/761 794/772/772 733/763/763
f 757/762/762 731/761/761 733/763/763
f 731/761/761 730/760/760 794/772/772
f 745/775/775 741/776/776 744/777/777
f 742/778/778 744/777/777 741/776/776
f 745/775/775 746/764/764 786/779/779
f 747/780/780 745/775/775 786/779/779
f 747/780/780 741/776/776 745/775/775
f 753/781/781 748/782/782 749/783/783
f 753/781/781 789/784/784 748/782/782
f 749/783/783 748/782/782 825/785/785
f 742/778/778 753/781/781 752/786/786
f 750/787/787 752/786/786 753/781/781
f 752/786/786 754/788/788 743/789/789
f 742/778/778 752/786/786 743/789/789
f 753/781/781 742/778/778 741/776/776
f 741/776/776 789/784/784 753/781/781
f 749/783/783 750/787/787 753/781/781
f 743/789/789 732/759/759 755/790/790
f 877/791/791 734/767/767 732/759/759
f 877/791/791 756/792/792 734/767/767
f 734/767/767 756/792/792 736/768/768
f 731/761/761 757/762/762 744/777/777
f 745/775/775 744/777/777 757/762/762
f 745/775/775 757/762/762 746/764/764
f 742/778/778 755/790/790 744/777/777
f 743/789/789 755/790/790 742/778/778
f 755/790/790 732/759/759 731/761/761
f 755/790/790 731/761/761 744/777/777
f 762/793/793 761/794/794 736/768/768
f 736/768/768 756/792/792 762/793/793
f 760/795/795 761/794/794 762/793/793
f 758/796/796 761/794/794 760/795/795
f 763/797/797 872/798/798 871/799/799
f 764/800/800 763/797/797 871/799/799
f 765/801/801 769/802/802 766/803/803
f 940/804/804 740/770/770 739/771/771
f 768/805/805 940/804/804 739/771/771
f 939/806/806 740/770/770 940/804/804
f 769/802/802 768/805/805 738/774/774
f 768/805/805 739/771/771 738/774/774
f 766/803/803 769/802/802 767/773/773
f 769/802/802 738/774/774 767/773/773
f 770/807/807 769/802/802 765/801/801
f 735/766/766 771/808/808 737/769/769
f 737/769/769 771/808/808 767/773/773
f 737/769/769 767/773/773 730/760/760
f 736/768/768 771/808/808 735/766/766
f 736/768/768 761/794/794 771/808/808
f 765/801/801 761/794/794 758/796/796
f 766/803/803 767/773/773 771/808/808
f 766/803/803 771/808/808 761/794/794
f 761/794/794 765/801/801 766/803/803
f 772/809/809 773/810/810 774/811/811
f 772/809/809 784/812/812 773/810/810
f 776/813/813 784/812/812 777/814/814
f 784/812/812 776/813/813 773/810/810
f 774/811/811 773/810/810 775/815/815
f 778/816/816 781/817/817 779/818/818
f 939/806/806 779/818/818 740/770/770
f 779/818/818 939/806/806 778/816/816
f 781/817/817 780/819/819 772/809/809
f 775/815/815 779/818/818 774/811/811
f 781/817/817 774/811/811 779/818/818
f 778/816/816 780/819/819 781/817/817
f 772/809/809 774/811/811 781/817/817
f 1710/820/820 783/821/821 782/822/822
f 782/822/822 783/821/821 772/809/809
f 620/643/643 1594/823/823 782/822/822
f 772/809/809 783/821/821 785/824/824
f 784/812/812 772/809/809 785/824/824
f 783/821/821 1710/820/820 785/824/824
f 777/814/814 788/825/825 776/813/813
f 1709/826/826 787/827/827 788/825/825
f 786/779/779 788/825/825 787/827/827
f 1709/826/826 789/784/784 790/828/828
f 747/780/780 786/779/779 790/828/828
f 790/828/828 789/784/784 741/776/776
f 747/780/780 790/828/828 741/776/776
f 790/828/828 786/779/779 787/827/827
f 1709/826/826 790/828/828 787/827/827
f 779/818/818 791/829/829 794/772/772
f 779/818/818 775/815/815 796/830/830
f 791/829/829 779/818/818 796/830/830
f 793/831/831 792/765/765 794/772/772
f 792/765/765 733/763/763 794/772/772
f 791/829/829 793/831/831 794/772/772
f 794/772/772 740/770/770 779/818/818
f 773/810/810 788/825/825 795/832/832
f 788/825/825 786/779/779 795/832/832
f 795/832/832 796/830/830 775/815/815
f 795/832/832 775/815/815 773/810/810
f 788/825/825 773/810/810 776/813/813
f 786/779/779 793/831/831 795/832/832
f 792/765/765 786/779/779 746/764/764
f 786/779/779 792/765/765 793/831/831
f 793/831/831 791/829/829 796/830/830
f 795/832/832 793/831/831 796/830/830
f 797/833/833 799/834/834 804/835/835
f 797/833/833 798/836/836 799/834/834
f 798/836/836 834/837/837 800/838/838
f 798/836/836 800/838/838 799/834/834
f 802/839/839 801/840/840 799/834/834
f 803/841/841 801/840/840 802/839/839
f 805/842/842 797/833/833 804/835/835
f 799/834/834 801/840/840 804/835/835
f 809/843/843 806/844/844 810/845/845
f 806/844/844 809/843/843 883/846/846
f 806/844/844 883/846/846 807/847/847
f 885/848/848 798/836/836 812/849/849
f 797/833/833 808/850/850 812/849/849
f 806/844/844 812/849/849 808/850/850
f 798/836/836 797/833/833 812/849/849
f 808/850/850 797/833/833 805/842/842
f 806/844/844 807/847/847 812/849/849
f 818/851/851 814/852/852 813/853/853
f 814/852/852 818/851/851 815/854/854
f 813/853/853 814/852/852 826/855/855
f 826/855/855 814/852/852 816/856/856
f 813/853/853 817/857/857 818/851/851
f 821/858/858 819/859/859 834/837/837
f 819/859/859 821/858/858 820/860/860
f 814/852/852 822/861/861 816/856/856
f 819/859/859 814/852/852 815/854/854
f 822/861/861 819/859/859 820/860/860
f 819/859/859 822/861/861 814/852/852
f 827/862/862 823/863/863 824/864/864
f 824/864/864 825/785/785 751/865/865
f 827/862/862 1686/866/866 826/855/855
f 1686/866/866 813/853/853 826/855/855
f 813/853/853 1686/866/866 817/857/857
f 880/867/867 826/855/855 816/856/856
f 823/863/863 826/855/855 880/867/867
f 826/855/855 823/863/863 827/862/862
f 832/868/868 828/869/869 830/870/870
f 832/868/868 829/871/871 828/869/869
f 799/834/834 833/872/872 829/871/871
f 829/871/871 833/872/872 828/869/869
f 828/869/869 817/857/857 831/873/873
f 817/857/857 828/869/869 835/874/874
f 828/869/869 831/873/873 830/870/870
f 829/871/871 802/839/839 799/834/834
f 829/871/871 832/868/868 802/839/839
f 833/872/872 800/838/838 834/837/837
f 800/838/838 833/872/872 799/834/834
f 798/836/836 821/858/858 834/837/837
f 833/872/872 819/859/859 815/854/854
f 834/837/837 819/859/859 833/872/872
f 818/851/851 835/874/874 833/872/872
f 818/851/851 833/872/872 815/854/854
f 817/857/857 835/874/874 818/851/851
f 835/874/874 828/869/869 833/872/872
f 847/875/875 836/876/876 838/877/877
f 837/878/878 836/876/876 839/879/879
f 847/875/875 839/879/879 836/876/876
f 837/878/878 839/879/879 841/880/880
f 845/881/881 842/882/882 844/883/883
f 842/882/882 843/884/884 844/883/883
f 836/876/876 845/881/881 838/877/877
f 842/882/882 845/881/881 836/876/876
f 842/882/882 836/876/876 837/878/878
f 1680/157/157 846/885/885 847/875/875
f 1680/157/157 847/875/875 1681/886/886
f 1681/886/886 847/875/875 838/877/877
f 805/842/842 848/887/887 808/850/850
f 806/844/844 849/888/888 810/845/845
f 2347/889/889 806/844/844 848/887/887
f 848/887/887 806/844/844 808/850/850
f 851/890/890 804/835/835 850/891/891
f 804/835/835 801/840/840 850/891/891
f 842/882/882 851/890/890 850/891/891
f 804/835/835 851/890/890 805/842/842
f 801/840/840 842/882/882 850/891/891
f 801/840/840 803/841/841 843/884/884
f 842/882/882 801/840/840 843/884/884
f 841/880/880 842/882/882 837/878/878
f 848/887/887 841/880/880 839/879/879
f 839/879/879 840/892/892 848/887/887
f 842/882/882 805/842/842 851/890/890
f 842/882/882 841/880/880 805/842/842
f 805/842/842 841/880/880 848/887/887
f 852/893/893 853/894/894 854/895/895
f 857/896/896 854/895/895 853/894/894
f 853/894/894 852/893/893 855/897/897
f 858/898/898 762/793/793 756/792/792
f 756/792/792 890/899/899 858/898/898
f 854/895/895 856/900/900 859/901/901
f 859/901/901 884/902/902 854/895/895
f 857/896/896 856/900/900 854/895/895
f 856/900/900 858/898/898 859/901/901
f 861/903/903 852/893/893 860/904/904
f 862/905/905 863/906/906 860/904/904
f 860/904/904 852/893/893 862/905/905
f 863/906/906 864/907/907 865/908/908
f 864/907/907 811/909/909 2267/910/910
f 865/908/908 861/903/903 860/904/904
f 860/904/904 863/906/906 865/908/908
f 855/897/897 852/893/893 861/903/903
f 854/895/895 862/905/905 852/893/893
f 884/902/902 862/905/905 854/895/895
f 867/911/911 872/798/798 866/912/912
f 872/798/798 759/913/913 866/912/912
f 855/897/897 868/914/914 866/912/912
f 867/911/911 866/912/912 868/914/914
f 869/915/915 870/916/916 867/911/911
f 764/800/800 871/799/799 869/915/915
f 871/799/799 872/798/798 870/916/916
f 870/916/916 869/915/915 871/799/799
f 867/911/911 870/916/916 872/798/798
f 853/894/894 758/796/796 857/896/896
f 853/894/894 759/913/913 758/796/796
f 758/796/796 760/795/795 857/896/896
f 856/900/900 760/795/795 858/898/898
f 858/898/898 760/795/795 762/793/793
f 760/795/795 856/900/900 857/896/896
f 866/912/912 853/894/894 855/897/897
f 853/894/894 866/912/912 759/913/913
f 743/789/789 874/917/917 873/918/918
f 875/919/919 873/918/918 876/920/920
f 885/848/848 875/919/919 821/858/858
f 876/920/920 821/858/858 875/919/919
f 877/791/791 878/921/921 890/899/899
f 756/792/792 877/791/791 890/899/899
f 873/918/918 732/759/759 743/789/789
f 878/921/921 873/918/918 875/919/919
f 732/759/759 878/921/921 877/791/791
f 873/918/918 878/921/921 732/759/759
f 880/867/867 816/856/856 879/922/922
f 879/922/922 754/788/788 750/787/787
f 823/863/863 879/922/922 750/787/787
f 743/789/789 754/788/788 874/917/917
f 754/788/788 752/786/786 750/787/787
f 823/863/863 749/783/783 825/785/785
f 748/782/782 751/865/865 825/785/785
f 823/863/863 825/785/785 824/864/864
f 823/863/863 880/867/867 879/922/922
f 750/787/787 749/783/783 823/863/863
f 881/923/923 820/860/860 876/920/920
f 873/918/918 881/923/923 876/920/920
f 822/861/861 881/923/923 879/922/922
f 816/856/856 822/861/861 879/922/922
f 820/860/860 881/923/923 822/861/861
f 821/858/858 876/920/920 820/860/860
f 754/788/788 873/918/918 874/917/917
f 754/788/788 879/922/922 881/923/923
f 881/923/923 873/918/918 754/788/788
f 888/924/924 883/846/846 882/925/925
f 862/905/905 884/902/902 882/925/925
f 883/846/846 885/848/848 812/849/849
f 888/924/924 885/848/848 883/846/846
f 798/836/836 885/848/848 821/858/858
f 883/846/846 812/849/849 807/847/847
f 809/843/843 810/845/845 864/907/907
f 864/907/907 810/845/845 811/909/909
f 863/906/906 809/843/843 864/907/907
f 882/925/925 863/906/906 862/905/905
f 809/843/843 882/925/925 883/846/846
f 809/843/843 863/906/906 882/925/925
f 875/919/919 888/924/924 887/926/926
f 859/901/901 889/927/927 884/902/902
f 859/901/901 858/898/898 886/928/928
f 886/928/928 887/926/926 859/901/901
f 887/926/926 889/927/927 859/901/901
f 858/898/898 890/899/899 886/928/928
f 878/921/921 886/928/928 890/899/899
f 878/921/921 875/919/919 887/926/926
f 886/928/928 878/921/921 887/926/926
f 885/848/848 888/924/924 875/919/919
f 888/924/924 882/925/925 889/927/927
f 884/902/902 889/927/927 882/925/925
f 889/927/927 887/926/926 888/924/924
f 630/654/654 892/929/929 891/930/930
f 949/931/931 891/930/930 892/929/929
f 893/932/932 891/930/930 894/933/933
f 916/657/657 891/930/930 893/932/932
f 914/934/934 895/935/935 894/933/933
f 893/932/932 894/933/933 895/935/935
f 891/930/930 916/657/657 630/654/654
f 892/929/929 632/655/655 896/936/936
f 892/929/929 630/654/654 897/937/937
f 632/655/655 892/929/929 897/937/937
f 627/620/620 957/938/938 930/622/622
f 957/938/938 898/939/939 930/622/622
f 896/936/936 632/655/655 898/939/939
f 954/940/940 892/929/929 896/936/936
f 954/940/940 949/931/931 892/929/929
f 901/941/941 891/930/930 899/942/942
f 949/931/931 900/943/943 899/942/942
f 891/930/930 949/931/931 899/942/942
f 899/942/942 900/943/943 903/944/944
f 905/945/945 903/944/944 900/943/943
f 903/944/944 2238/946/946 904/947/947
f 899/942/942 903/944/944 904/947/947
f 905/945/945 2240/948/948 906/949/949
f 905/945/945 763/797/797 764/800/800
f 905/945/945 764/800/800 2240/948/948
f 903/944/944 905/945/945 906/949/949
f 899/942/942 908/950/950 907/951/951
f 904/947/947 2238/946/946 907/951/951
f 2238/946/946 2239/952/952 907/951/951
f 907/951/951 908/950/950 904/947/947
f 902/953/953 907/951/951 2239/952/952
f 907/951/951 902/953/953 901/941/941
f 907/951/951 901/941/941 899/942/942
f 899/942/942 904/947/947 908/950/950
f 911/954/954 910/955/955 909/956/956
f 911/954/954 912/957/957 910/955/955
f 909/956/956 910/955/955 891/930/930
f 909/956/956 901/941/941 913/958/958
f 913/958/958 911/954/954 909/956/956
f 894/933/933 910/955/955 914/934/934
f 914/934/934 910/955/955 912/957/957
f 912/957/957 895/935/935 914/934/934
f 894/933/933 891/930/930 910/955/955
f 909/956/956 891/930/930 901/941/941
f 923/959/959 918/960/960 917/961/961
f 915/962/962 923/959/959 917/961/961
f 915/962/962 929/963/963 916/657/657
f 919/964/964 893/932/932 920/965/965
f 921/966/966 919/964/964 920/965/965
f 919/964/964 916/657/657 893/932/932
f 922/967/967 921/966/966 920/965/965
f 922/967/967 2231/968/968 921/966/966
f 893/932/932 922/967/967 920/965/965
f 923/959/959 915/962/962 919/964/964
f 916/657/657 919/964/964 915/962/962
f 923/959/959 919/964/964 921/966/966
f 924/969/969 925/970/970 926/971/971
f 924/969/969 926/971/971 927/660/660
f 924/969/969 927/660/660 929/963/963
f 924/969/969 918/960/960 925/970/970
f 636/662/662 925/970/970 640/664/664
f 640/664/664 925/970/970 928/972/972
f 638/663/663 926/971/971 639/661/661
f 638/663/663 927/660/660 926/971/971
f 636/662/662 639/661/661 925/970/970
f 926/971/971 925/970/970 639/661/661
f 929/963/963 915/962/962 917/961/961
f 918/960/960 924/969/969 917/961/961
f 924/969/969 929/963/963 917/961/961
f 929/963/963 927/660/660 916/657/657
f 633/653/653 632/655/655 897/937/937
f 930/622/622 898/939/939 632/655/655
f 895/935/935 922/967/967 893/932/932
f 633/653/653 897/937/937 630/654/654
f 941/973/973 935/974/974 942/975/975
f 933/976/976 941/973/973 934/977/977
f 946/978/978 935/974/974 932/979/979
f 932/979/979 935/974/974 941/973/973
f 935/974/974 946/978/978 615/638/638
f 937/980/980 936/981/981 938/982/982
f 939/806/806 940/804/804 938/982/982
f 940/804/804 958/983/983 938/982/982
f 958/983/983 937/980/980 938/982/982
f 941/973/973 937/980/980 934/977/977
f 942/975/975 935/974/974 931/984/984
f 931/984/984 936/981/981 942/975/975
f 937/980/980 941/973/973 936/981/981
f 941/973/973 942/975/975 936/981/981
f 943/985/985 933/976/976 945/648/648
f 622/645/645 943/985/985 945/648/648
f 933/976/976 943/985/985 946/978/978
f 945/648/648 933/976/976 955/986/986
f 627/620/620 945/648/648 944/987/987
f 625/617/617 622/645/645 945/648/648
f 946/978/978 622/645/645 624/647/647
f 615/638/638 946/978/978 624/647/647
f 941/973/973 946/978/978 932/979/979
f 946/978/978 941/973/973 933/976/976
f 943/985/985 622/645/645 946/978/978
f 621/644/644 772/809/809 947/988/988
f 621/644/644 948/989/989 615/638/638
f 619/642/642 620/643/643 621/644/644
f 782/822/822 621/644/644 620/643/643
f 772/809/809 621/644/644 782/822/822
f 778/816/816 947/988/988 780/819/819
f 778/816/816 931/984/984 947/988/988
f 772/809/809 780/819/819 947/988/988
f 936/981/981 778/816/816 939/806/806
f 936/981/981 939/806/806 938/982/982
f 936/981/981 931/984/984 778/816/816
f 621/644/644 935/974/974 948/989/989
f 935/974/974 615/638/638 948/989/989
f 947/988/988 931/984/984 935/974/974
f 935/974/974 621/644/644 947/988/988
f 765/801/801 951/990/990 770/807/807
f 765/801/801 952/991/991 951/990/990
f 770/807/807 940/804/804 768/805/805
f 769/802/802 770/807/807 768/805/805
f 940/804/804 770/807/807 951/990/990
f 765/801/801 949/931/931 950/992/992
f 758/796/796 949/931/931 765/801/801
f 952/991/991 765/801/801 950/992/992
f 900/943/943 759/913/913 872/798/798
f 763/797/797 900/943/943 872/798/798
f 900/943/943 763/797/797 905/945/945
f 900/943/943 949/931/931 759/913/913
f 758/796/796 759/913/913 949/931/931
f 956/993/993 896/936/936 953/994/994
f 953/994/994 955/986/986 956/993/993
f 896/936/936 956/993/993 954/940/940
f 957/938/938 944/987/987 953/994/994
f 945/648/648 953/994/994 944/987/987
f 957/938/938 896/936/936 898/939/939
f 953/994/994 896/936/936 957/938/938
f 944/987/987 957/938/938 627/620/620
f 953/994/994 945/648/648 955/986/986
f 955/986/986 933/976/976 934/977/977
f 958/983/983 959/995/995 937/980/980
f 937/980/980 959/995/995 934/977/977
f 958/983/983 940/804/804 951/990/990
f 951/990/990 952/991/991 959/995/995
f 951/990/990 959/995/995 958/983/983
f 950/992/992 949/931/931 960/996/996
f 952/991/991 950/992/992 960/996/996
f 954/940/940 960/996/996 949/931/931
f 952/991/991 956/993/993 959/995/995
f 954/940/940 956/993/993 952/991/991
f 955/986/986 934/977/977 956/993/993
f 934/977/977 959/995/995 956/993/993
f 954/940/940 952/991/991 960/996/996
f 970/997/997 961/998/998 962/999/999
f 961/998/998 970/997/997 963/1000/1000
f 961/998/998 964/1001/1001 965/1002/1002
f 965/1002/1002 987/1003/1003 961/998/998
f 969/1004/1004 962/999/999 968/1005/1005
f 967/1006/1006 1009/1007/1007 968/1005/1005
f 962/999/999 990/1008/1008 968/1005/1005
f 970/997/997 962/999/999 969/1004/1004
f 966/1009/1009 962/999/999 961/998/998
f 987/1003/1003 966/1009/1009 961/998/998
f 963/1000/1000 970/997/997 971/1010/1010
f 972/1011/1011 971/1010/1010 970/997/997
f 1043/1012/1012 963/1000/1000 971/1010/1010
f 973/1013/1013 971/1010/1010 972/1011/1011
f 961/998/998 963/1000/1000 964/1001/1001
f 963/1000/1000 1043/1012/1012 964/1001/1001
f 974/1014/1014 976/1015/1015 979/1016/1016
f 980/1017/1017 978/1018/1018 977/1019/1019
f 977/1019/1019 979/1016/1016 980/1017/1017
f 974/1014/1014 977/1019/1019 975/1020/1020
f 981/1021/1021 974/1014/1014 975/1020/1020
f 979/1016/1016 977/1019/1019 974/1014/1014
f 1041/1022/1022 981/1021/1021 975/1020/1020
f 1041/1022/1022 983/1023/1023 984/1024/1024
f 983/1023/1023 1066/1025/1025 984/1024/1024
f 984/1024/1024 982/1026/1026 981/1021/1021
f 981/1021/1021 1041/1022/1022 984/1024/1024
f 985/1027/1027 974/1014/1014 982/1026/1026
f 985/1027/1027 976/1015/1015 974/1014/1014
f 974/1014/1014 981/1021/1021 982/1026/1026
f 987/1003/1003 986/1028/1028 988/1029/1029
f 986/1028/1028 987/1003/1003 989/1030/1030
f 990/1008/1008 966/1009/1009 988/1029/1029
f 991/1031/1031 967/1006/1006 968/1005/1005
f 990/1008/1008 991/1031/1031 968/1005/1005
f 962/999/999 966/1009/1009 990/1008/1008
f 966/1009/1009 987/1003/1003 988/1029/1029
f 987/1003/1003 965/1002/1002 979/1016/1016
f 979/1016/1016 965/1002/1002 964/1001/1001
f 976/1015/1015 989/1030/1030 987/1003/1003
f 987/1003/1003 979/1016/1016 976/1015/1015
f 993/1032/1032 995/1033/1033 992/1034/1034
f 995/1033/1033 993/1032/1032 996/1035/1035
f 992/1034/1034 1004/1036/1036 1003/1037/1037
f 996/1035/1035 1006/1038/1038 997/1039/1039
f 996/1035/1035 999/1040/1040 995/1033/1033
f 1000/1041/1041 998/1042/1042 999/1040/1040
f 998/1042/1042 1000/1041/1041 1124/1043/1043
f 994/1044/1044 998/1042/1042 1001/1045/1045
f 1001/1045/1045 1004/1036/1036 992/1034/1034
f 1001/1045/1045 992/1034/1034 994/1044/1044
f 999/1040/1040 992/1034/1034 995/1033/1033
f 992/1034/1034 999/1040/1040 994/1044/1044
f 999/1040/1040 998/1042/1042 994/1044/1044
f 1005/1046/1046 972/1011/1011 1008/1047/1047
f 1175/1048/1048 1008/1047/1047 1003/1037/1037
f 1175/1048/1048 1005/1046/1046 1008/1047/1047
f 1008/1047/1047 1002/1049/1049 1003/1037/1037
f 972/1011/1011 1005/1046/1046 1140/1050/1050
f 973/1013/1013 972/1011/1011 1140/1050/1050
f 1009/1007/1007 1006/1038/1038 1007/1051/1051
f 969/1004/1004 1007/1051/1051 1008/1047/1047
f 969/1004/1004 1009/1007/1007 1007/1051/1051
f 969/1004/1004 968/1005/1005 1009/1007/1007
f 997/1039/1039 1006/1038/1038 967/1006/1006
f 967/1006/1006 1006/1038/1038 1009/1007/1007
f 993/1032/1032 1006/1038/1038 996/1035/1035
f 992/1034/1034 1003/1037/1037 1002/1049/1049
f 993/1032/1032 992/1034/1034 1002/1049/1049
f 972/1011/1011 970/997/997 969/1004/1004
f 1008/1047/1047 972/1011/1011 969/1004/1004
f 1006/1038/1038 993/1032/1032 1007/1051/1051
f 1002/1049/1049 1008/1047/1047 1007/1051/1051
f 993/1032/1032 1002/1049/1049 1007/1051/1051
f 1018/1052/1052 1013/1053/1053 1010/1054/1054
f 1021/1055/1055 1024/1056/1056 1011/1057/1057
f 1044/1058/1058 1024/1056/1056 1021/1055/1055
f 1010/1054/1054 1024/1056/1056 1012/1059/1059
f 1013/1053/1053 1011/1057/1057 1010/1054/1054
f 1011/1057/1057 1024/1056/1056 1010/1054/1054
f 1016/1060/1060 1015/1061/1061 1012/1059/1059
f 1015/1061/1061 1016/1060/1060 1017/1062/1062
f 1015/1061/1061 1018/1052/1052 1010/1054/1054
f 1012/1059/1059 1015/1061/1061 1010/1054/1054
f 1019/1063/1063 1036/1064/1064 1013/1053/1053
f 1020/1065/1065 1013/1053/1053 1014/1066/1066
f 1019/1063/1063 1013/1053/1053 1020/1065/1065
f 1013/1053/1053 1036/1064/1064 1021/1055/1055
f 1013/1053/1053 1021/1055/1055 1011/1057/1057
f 1024/1056/1056 1044/1058/1058 1023/1067/1067
f 1044/1058/1058 1022/1068/1068 1023/1067/1067
f 971/1010/1010 1167/1069/1069 1022/1068/1068
f 973/1013/1013 1167/1069/1069 971/1010/1010
f 1022/1068/1068 1167/1069/1069 1023/1067/1067
f 1166/1070/1070 1024/1056/1056 1023/1067/1067
f 1012/1059/1059 1166/1070/1070 1016/1060/1060
f 1166/1070/1070 1012/1059/1059 1024/1056/1056
f 1025/1071/1071 1027/1072/1072 1020/1065/1065
f 1028/1073/1073 1025/1071/1071 1026/1074/1074
f 1030/1075/1075 1027/1072/1072 1025/1071/1071
f 1027/1072/1072 1032/1076/1076 1020/1065/1065
f 1020/1065/1065 1032/1076/1076 1019/1063/1063
f 1026/1074/1074 1018/1052/1052 1015/1061/1061
f 1026/1074/1074 1013/1053/1053 1018/1052/1052
f 1014/1066/1066 1013/1053/1053 1026/1074/1074
f 1017/1062/1062 1029/1077/1077 1015/1061/1061
f 1015/1061/1061 1029/1077/1077 1026/1074/1074
f 1029/1077/1077 1028/1073/1073 1026/1074/1074
f 1025/1071/1071 1020/1065/1065 1026/1074/1074
f 1020/1065/1065 1014/1066/1066 1026/1074/1074
f 1035/1078/1078 1034/1079/1079 1033/1080/1080
f 1036/1064/1064 1035/1078/1078 1033/1080/1080
f 1037/1081/1081 1039/1082/1082 1038/1083/1083
f 1039/1082/1082 1037/1081/1081 978/1018/1018
f 1037/1081/1081 1038/1083/1083 1033/1080/1080
f 1036/1064/1064 1033/1080/1080 1038/1083/1083
f 1037/1081/1081 1033/1080/1080 1034/1079/1079
f 1040/1084/1084 1035/1078/1078 1036/1064/1064
f 1041/1022/1022 1294/1085/1085 983/1023/1023
f 1034/1079/1079 977/1019/1019 978/1018/1018
f 1034/1079/1079 975/1020/1020 977/1019/1019
f 979/1016/1016 1039/1082/1082 980/1017/1017
f 978/1018/1018 980/1017/1017 1039/1082/1082
f 1034/1079/1079 978/1018/1018 1037/1081/1081
f 1035/1078/1078 1041/1022/1022 1034/1079/1079
f 1041/1022/1022 975/1020/1020 1034/1079/1079
f 1043/1012/1012 1044/1058/1058 1042/1086/1086
f 1044/1058/1058 1045/1087/1087 1042/1086/1086
f 1048/1088/1088 1042/1086/1086 1045/1087/1087
f 1042/1086/1086 1039/1082/1082 1046/1089/1089
f 964/1001/1001 1043/1012/1012 1046/1089/1089
f 1042/1086/1086 1046/1089/1089 1043/1012/1012
f 1048/1088/1088 1039/1082/1082 1042/1086/1086
f 1039/1082/1082 979/1016/1016 964/1001/1001
f 1046/1089/1089 1039/1082/1082 964/1001/1001
f 971/1010/1010 1022/1068/1068 1043/1012/1012
f 1043/1012/1012 1022/1068/1068 1044/1058/1058
f 1036/1064/1064 1047/1090/1090 1021/1055/1055
f 1045/1087/1087 1047/1090/1090 1036/1064/1064
f 1040/1084/1084 1036/1064/1064 1019/1063/1063
f 1038/1083/1083 1039/1082/1082 1048/1088/1088
f 1045/1087/1087 1044/1058/1058 1047/1090/1090
f 1047/1090/1090 1044/1058/1058 1021/1055/1055
f 1045/1087/1087 1036/1064/1064 1038/1083/1083
f 1048/1088/1088 1045/1087/1087 1038/1083/1083
f 1049/1091/1091 1050/1092/1092 1051/1093/1093
f 1071/1094/1094 1049/1091/1091 1052/1095/1095
f 1071/1094/1094 1072/1096/1096 1050/1092/1092
f 1049/1091/1091 1071/1094/1094 1050/1092/1092
f 1050/1092/1092 1072/1096/1096 1053/1097/1097
f 1070/1098/1098 1278/1099/1099 1054/1100/1100
f 1055/1101/1101 1053/1097/1097 1054/1100/1100
f 1055/1101/1101 1090/1102/1102 1053/1097/1097
f 1053/1097/1097 1070/1098/1098 1054/1100/1100
f 1051/1093/1093 1050/1092/1092 1090/1102/1102
f 1050/1092/1092 1053/1097/1097 1090/1102/1102
f 1056/1103/1103 1051/1093/1093 1057/1104/1104
f 1057/1104/1104 1058/1105/1105 1099/1106/1106
f 1057/1104/1104 1099/1106/1106 1056/1103/1103
f 1118/1107/1107 1119/1108/1108 1049/1091/1091
f 1119/1108/1108 1052/1095/1095 1049/1091/1091
f 1049/1091/1091 1056/1103/1103 1118/1107/1107
f 1056/1103/1103 1049/1091/1091 1051/1093/1093
f 1116/1109/1109 1118/1107/1107 1056/1103/1103
f 1059/1110/1110 1062/1111/1111 1060/1112/1112
f 1059/1110/1110 1060/1112/1112 1061/1113/1113
f 1062/1111/1111 1071/1094/1094 1063/1114/1114
f 1062/1111/1111 1059/1110/1110 1071/1094/1094
f 1288/1115/1115 1060/1112/1112 1065/1116/1116
f 1064/1117/1117 1288/1115/1115 1065/1116/1116
f 1065/1116/1116 1066/1025/1025 1064/1117/1117
f 1061/1113/1113 1060/1112/1112 1288/1115/1115
f 1070/1098/1098 1067/1118/1118 1068/1119/1119
f 1069/1120/1120 1067/1118/1118 1070/1098/1098
f 1287/1121/1121 1068/1119/1119 1067/1118/1118
f 1278/1099/1099 1070/1098/1098 1068/1119/1119
f 1070/1098/1098 1053/1097/1097 1069/1120/1120
f 1072/1096/1096 1069/1120/1120 1053/1097/1097
f 1059/1110/1110 1072/1096/1096 1071/1094/1094
f 1071/1094/1094 1052/1095/1095 1063/1114/1114
f 1059/1110/1110 1061/1113/1113 1073/1122/1122
f 1067/1118/1118 1069/1120/1120 1073/1122/1122
f 1061/1113/1113 1067/1118/1118 1073/1122/1122
f 1073/1122/1122 1072/1096/1096 1059/1110/1110
f 1072/1096/1096 1073/1122/1122 1069/1120/1120
f 1082/1123/1123 1075/1124/1124 1074/1125/1125
f 1074/1125/1125 1076/1126/1126 1077/1127/1127
f 1077/1127/1127 1080/1128/1128 1074/1125/1125
f 1074/1125/1125 1080/1128/1128 1078/1129/1129
f 1091/1130/1130 1074/1125/1125 1075/1124/1124
f 1074/1125/1125 1091/1130/1130 1076/1126/1126
f 1278/1099/1099 1079/1131/1131 1054/1100/1100
f 1077/1127/1127 1054/1100/1100 1080/1128/1128
f 1079/1131/1131 1080/1128/1128 1054/1100/1100
f 1080/1128/1128 1281/1132/1132 1078/1129/1129
f 1281/1132/1132 1081/1133/1133 1078/1129/1129
f 1082/1123/1123 1074/1125/1125 1078/1129/1129
f 1083/1134/1134 1082/1123/1123 1078/1129/1129
f 1086/1135/1135 1087/1136/1136 1088/1137/1137
f 1087/1136/1136 1086/1135/1135 1084/1138/1138
f 1058/1105/1105 1085/1139/1139 1089/1140/1140
f 1057/1104/1104 1085/1139/1139 1058/1105/1105
f 1057/1104/1104 1051/1093/1093 1084/1138/1138
f 1086/1135/1135 1057/1104/1104 1084/1138/1138
f 1085/1139/1139 1057/1104/1104 1086/1135/1135
f 1091/1130/1130 1090/1102/1102 1076/1126/1126
f 1090/1102/1102 1091/1130/1130 1051/1093/1093
f 1076/1126/1126 1090/1102/1102 1077/1127/1127
f 1055/1101/1101 1054/1100/1100 1077/1127/1127
f 1077/1127/1127 1090/1102/1102 1055/1101/1101
f 1091/1130/1130 1075/1124/1124 1087/1136/1136
f 1091/1130/1130 1084/1138/1138 1051/1093/1093
f 1091/1130/1130 1087/1136/1136 1084/1138/1138
f 1093/1141/1141 1092/1142/1142 1094/1143/1143
f 1093/1141/1141 1098/1144/1144 1092/1142/1142
f 1095/1145/1145 1096/1146/1146 1092/1142/1142
f 1095/1145/1145 1092/1142/1142 1102/1147/1147
f 1096/1146/1146 1108/1148/1148 1092/1142/1142
f 1108/1148/1148 1094/1143/1143 1092/1142/1142
f 997/1039/1039 1093/1141/1141 1094/1143/1143
f 2081/1149/1149 1098/1144/1144 1100/1150/1150
f 1099/1106/1106 1098/1144/1144 1093/1141/1141
f 1089/1140/1140 1101/1151/1151 1058/1105/1105
f 1101/1151/1151 1100/1150/1150 1058/1105/1105
f 1098/1144/1144 1099/1106/1106 1058/1105/1105
f 1100/1150/1150 1098/1144/1144 1058/1105/1105
f 1102/1147/1147 1104/1152/1152 1103/1153/1153
f 1102/1147/1147 2081/1149/1149 1104/1152/1152
f 1095/1145/1145 1102/1147/1147 1103/1153/1153
f 1092/1142/1142 1098/1144/1144 1102/1147/1147
f 1102/1147/1147 1098/1144/1144 2081/1149/1149
f 2077/1154/1154 999/1040/1040 1105/1155/1155
f 1105/1155/1155 999/1040/1040 1107/1156/1156
f 1109/1157/1157 1106/1158/1158 1105/1155/1155
f 1105/1155/1155 1106/1158/1158 2077/1154/1154
f 1124/1043/1043 1000/1041/1041 2078/1159/1159
f 999/1040/1040 2077/1154/1154 1000/1041/1041
f 999/1040/1040 996/1035/1035 1107/1156/1156
f 996/1035/1035 1094/1143/1143 1107/1156/1156
f 1097/1160/1160 997/1039/1039 967/1006/1006
f 997/1039/1039 1094/1143/1143 996/1035/1035
f 1108/1148/1148 1096/1146/1146 1109/1157/1157
f 1095/1145/1145 1106/1158/1158 1109/1157/1157
f 1095/1145/1145 1109/1157/1157 1096/1146/1146
f 1094/1143/1143 1108/1148/1148 1107/1156/1156
f 1105/1155/1155 1108/1148/1148 1109/1157/1157
f 1107/1156/1156 1108/1148/1148 1105/1155/1155
f 1111/1161/1161 1110/1162/1162 1114/1163/1163
f 1111/1161/1161 1120/1164/1164 1110/1162/1162
f 1114/1163/1163 1110/1162/1162 989/1030/1030
f 1111/1161/1161 1114/1163/1163 1063/1114/1114
f 1052/1095/1095 1120/1164/1164 1111/1161/1161
f 1111/1161/1161 1063/1114/1114 1052/1095/1095
f 1110/1162/1162 990/1008/1008 988/1029/1029
f 1110/1162/1162 1120/1164/1164 990/1008/1008
f 988/1029/1029 989/1030/1030 1110/1162/1162
f 989/1030/1030 988/1029/1029 986/1028/1028
f 985/1027/1027 982/1026/1026 1113/1165/1165
f 1113/1165/1165 1112/1166/1166 985/1027/1027
f 1060/1112/1112 1112/1166/1166 1113/1165/1165
f 985/1027/1027 1112/1166/1166 976/1015/1015
f 984/1024/1024 1066/1025/1025 1065/1116/1116
f 982/1026/1026 984/1024/1024 1113/1165/1165
f 1060/1112/1112 1113/1165/1165 1065/1116/1116
f 984/1024/1024 1065/1116/1116 1113/1165/1165
f 1062/1111/1111 1114/1163/1163 1112/1166/1166
f 1060/1112/1112 1062/1111/1111 1112/1166/1166
f 1114/1163/1163 1062/1111/1111 1063/1114/1114
f 976/1015/1015 1112/1166/1166 1114/1163/1163
f 989/1030/1030 976/1015/1015 1114/1163/1163
f 1116/1109/1109 1115/1167/1167 1118/1107/1107
f 1099/1106/1106 1116/1109/1109 1056/1103/1103
f 1093/1141/1141 1115/1167/1167 1116/1109/1109
f 1099/1106/1106 1093/1141/1141 1116/1109/1109
f 1115/1167/1167 1093/1141/1141 1117/1168/1168
f 1117/1168/1168 997/1039/1039 1097/1160/1160
f 1097/1160/1160 991/1031/1031 1119/1108/1108
f 1119/1108/1108 1117/1168/1168 1097/1160/1160
f 1093/1141/1141 997/1039/1039 1117/1168/1168
f 991/1031/1031 1097/1160/1160 967/1006/1006
f 990/1008/1008 1120/1164/1164 991/1031/1031
f 1052/1095/1095 1119/1108/1108 1120/1164/1164
f 1119/1108/1108 1118/1107/1107 1115/1167/1167
f 1115/1167/1167 1117/1168/1168 1119/1108/1108
f 1120/1164/1164 1119/1108/1108 991/1031/1031
f 1121/1169/1169 1123/1170/1170 1124/1043/1043
f 1121/1169/1169 1177/1171/1171 1123/1170/1170
f 1125/1172/1172 1148/1173/1173 1122/1174/1174
f 1121/1169/1169 1125/1172/1172 1122/1174/1174
f 1138/1175/1175 1127/1176/1176 1128/1177/1177
f 1128/1177/1177 1126/1178/1178 1138/1175/1175
f 1133/1179/1179 1127/1176/1176 1130/1180/1180
f 1130/1180/1180 1131/1181/1181 1132/1182/1182
f 1127/1176/1176 1133/1179/1179 1128/1177/1177
f 1161/1183/1183 1126/1178/1178 1135/1184/1184
f 1134/1185/1185 1135/1184/1184 1126/1178/1178
f 1164/1186/1186 1135/1184/1184 1154/1187/1187
f 1126/1178/1178 1161/1183/1183 1136/1188/1188
f 1126/1178/1178 1136/1188/1188 1129/1189/1189
f 1126/1178/1178 1128/1177/1177 1134/1185/1185
f 973/1013/1013 1138/1175/1175 1139/1190/1190
f 1129/1189/1189 1165/1191/1191 1139/1190/1190
f 1167/1069/1069 1139/1190/1190 1165/1191/1191
f 973/1013/1013 1139/1190/1190 1167/1069/1069
f 1140/1050/1050 1137/1192/1192 1138/1175/1175
f 1138/1175/1175 973/1013/1013 1140/1050/1050
f 1141/1193/1193 1130/1180/1180 1127/1176/1176
f 1131/1181/1181 1130/1180/1180 1141/1193/1193
f 1129/1189/1189 1139/1190/1190 1126/1178/1178
f 1138/1175/1175 1126/1178/1178 1139/1190/1190
f 1137/1192/1192 1141/1193/1193 1138/1175/1175
f 1127/1176/1176 1138/1175/1175 1141/1193/1193
f 1142/1194/1194 1145/1195/1195 1143/1196/1196
f 1143/1196/1196 1144/1197/1197 1142/1194/1194
f 1149/1198/1198 1146/1199/1199 1145/1195/1195
f 1145/1195/1195 1146/1199/1199 1147/1200/1200
f 1147/1200/1200 1143/1196/1196 1145/1195/1195
f 1143/1196/1196 1132/1182/1182 1144/1197/1197
f 1144/1197/1197 1148/1173/1173 1142/1194/1194
f 1142/1194/1194 1149/1198/1198 1145/1195/1195
f 1149/1198/1198 1142/1194/1194 1148/1173/1173
f 1146/1199/1199 1149/1198/1198 1153/1201/1201
f 1150/1202/1202 1146/1199/1199 1153/1201/1201
f 1153/1201/1201 1151/1203/1203 1150/1202/1202
f 1151/1203/1203 1154/1187/1187 1135/1184/1184
f 1134/1185/1185 1128/1177/1177 1150/1202/1202
f 1134/1185/1185 1151/1203/1203 1135/1184/1184
f 1150/1202/1202 1151/1203/1203 1134/1185/1185
f 1133/1179/1179 1143/1196/1196 1147/1200/1200
f 1133/1179/1179 1147/1200/1200 1152/1204/1204
f 1152/1204/1204 1128/1177/1177 1133/1179/1179
f 1133/1179/1179 1130/1180/1180 1132/1182/1182
f 1133/1179/1179 1132/1182/1182 1143/1196/1196
f 1152/1204/1204 1146/1199/1199 1150/1202/1202
f 1150/1202/1202 1128/1177/1177 1152/1204/1204
f 1146/1199/1199 1152/1204/1204 1147/1200/1200
f 1157/1205/1205 1156/1206/1206 1155/1207/1207
f 1155/1207/1207 1160/1208/1208 1162/1209/1209
f 1157/1205/1205 1158/1210/1210 1156/1206/1206
f 1156/1206/1206 1159/1211/1211 1155/1207/1207
f 1159/1211/1211 1017/1062/1062 1155/1207/1207
f 1017/1062/1062 1160/1208/1208 1155/1207/1207
f 1161/1183/1183 1157/1205/1205 1162/1209/1209
f 1160/1208/1208 1161/1183/1183 1162/1209/1209
f 1164/1186/1186 1163/1212/1212 1161/1183/1183
f 1163/1212/1212 1164/1186/1186 1154/1187/1187
f 1163/1212/1212 1157/1205/1205 1161/1183/1183
f 1162/1209/1209 1157/1205/1205 1155/1207/1207
f 1158/1210/1210 1031/1213/1213 1030/1075/1075
f 1156/1206/1206 1158/1210/1210 1028/1073/1073
f 1158/1210/1210 1025/1071/1071 1028/1073/1073
f 1017/1062/1062 1159/1211/1211 1029/1077/1077
f 1159/1211/1211 1156/1206/1206 1028/1073/1073
f 1159/1211/1211 1028/1073/1073 1029/1077/1077
f 1158/1210/1210 1030/1075/1075 1025/1071/1071
f 1023/1067/1067 1167/1069/1069 1166/1070/1070
f 1166/1070/1070 1167/1069/1069 1165/1191/1191
f 1166/1070/1070 1165/1191/1191 1016/1060/1060
f 1136/1188/1188 1161/1183/1183 1168/1214/1214
f 1161/1183/1183 1135/1184/1184 1164/1186/1186
f 1016/1060/1060 1165/1191/1191 1168/1214/1214
f 1160/1208/1208 1016/1060/1060 1168/1214/1214
f 1160/1208/1208 1017/1062/1062 1016/1060/1060
f 1136/1188/1188 1165/1191/1191 1129/1189/1189
f 1165/1191/1191 1136/1188/1188 1168/1214/1214
f 1161/1183/1183 1160/1208/1208 1168/1214/1214
f 1170/1215/1215 1169/1216/1216 1172/1217/1217
f 1170/1215/1215 1172/1217/1217 1171/1218/1218
f 1170/1215/1215 1171/1218/1218 1003/1037/1037
f 1004/1036/1036 1170/1215/1215 1003/1037/1037
f 1170/1215/1215 1123/1170/1170 1169/1216/1216
f 1123/1170/1170 1177/1171/1171 1169/1216/1216
f 1173/1219/1219 1175/1048/1048 1182/1220/1220
f 1173/1219/1219 1005/1046/1046 1175/1048/1048
f 1175/1048/1048 1171/1218/1218 1180/1221/1221
f 1175/1048/1048 1180/1221/1221 1174/1222/1222
f 1175/1048/1048 1174/1222/1222 1182/1220/1220
f 1005/1046/1046 1173/1219/1219 1140/1050/1050
f 1140/1050/1050 1173/1219/1219 1182/1220/1220
f 1171/1218/1218 1175/1048/1048 1003/1037/1037
f 1001/1045/1045 998/1042/1042 1124/1043/1043
f 1001/1045/1045 1170/1215/1215 1004/1036/1036
f 1123/1170/1170 1001/1045/1045 1124/1043/1043
f 1001/1045/1045 1123/1170/1170 1170/1215/1215
f 1176/1223/1223 1121/1169/1169 1122/1174/1174
f 1176/1223/1223 1132/1182/1182 1179/1224/1224
f 1177/1171/1171 1176/1223/1223 1179/1224/1224
f 1177/1171/1171 1121/1169/1169 1176/1223/1223
f 1122/1174/1174 1148/1173/1173 1144/1197/1197
f 1144/1197/1197 1132/1182/1182 1176/1223/1223
f 1122/1174/1174 1144/1197/1197 1176/1223/1223
f 1178/1225/1225 1180/1221/1221 1181/1226/1226
f 1181/1226/1226 1131/1181/1181 1141/1193/1193
f 1141/1193/1193 1137/1192/1192 1178/1225/1225
f 1178/1225/1225 1181/1226/1226 1141/1193/1193
f 1140/1050/1050 1182/1220/1220 1137/1192/1192
f 1174/1222/1222 1180/1221/1221 1178/1225/1225
f 1137/1192/1192 1182/1220/1220 1174/1222/1222
f 1137/1192/1192 1174/1222/1222 1178/1225/1225
f 1172/1217/1217 1169/1216/1216 1171/1218/1218
f 1181/1226/1226 1132/1182/1182 1131/1181/1181
f 1181/1226/1226 1179/1224/1224 1132/1182/1182
f 1180/1221/1221 1169/1216/1216 1179/1224/1224
f 1181/1226/1226 1180/1221/1221 1179/1224/1224
f 1169/1216/1216 1180/1221/1221 1171/1218/1218
f 1177/1171/1171 1179/1224/1224 1169/1216/1216
f 1183/1227/1227 1195/1228/1228 1184/1229/1229
f 1195/1228/1228 1183/1227/1227 1194/1230/1230
f 1185/1231/1231 1184/1229/1229 1195/1228/1228
f 1186/1232/1232 1188/1233/1233 1190/1234/1234
f 1190/1234/1234 1188/1233/1233 1191/1235/1235
f 1211/1236/1236 1188/1233/1233 1186/1232/1232
f 1265/1237/1237 1217/1238/1238 1232/1239/1239
f 1188/1233/1233 1217/1238/1238 1265/1237/1237
f 1187/1240/1240 1232/1239/1239 1219/1241/1241
f 1232/1239/1239 1217/1238/1238 1219/1241/1241
f 1265/1237/1237 1191/1235/1235 1188/1233/1233
f 1191/1235/1235 1183/1227/1227 1190/1234/1234
f 1183/1227/1227 1191/1235/1235 1189/1242/1242
f 1189/1242/1242 1194/1230/1230 1183/1227/1227
f 1183/1227/1227 1184/1229/1229 1186/1232/1232
f 1183/1227/1227 1186/1232/1232 1190/1234/1234
f 1193/1243/1243 1192/1244/1244 1194/1230/1230
f 604/755/755 1192/1244/1244 1193/1243/1243
f 1194/1230/1230 1192/1244/1244 1195/1228/1228
f 1198/1245/1245 1197/1246/1246 1196/1247/1247
f 1196/1247/1247 1197/1246/1246 1201/1248/1248
f 1198/1245/1245 1196/1247/1247 1199/1249/1249
f 1201/1248/1248 1197/1246/1246 1200/1250/1250
f 1200/1250/1250 1197/1246/1246 1198/1245/1245
f 1196/1247/1247 1201/1248/1248 1199/1249/1249
f 1206/1251/1251 1205/1252/1252 1203/1253/1253
f 1199/1249/1249 1027/1072/1072 1202/1254/1254
f 1202/1254/1254 1027/1072/1072 1204/1255/1255
f 1031/1213/1213 1207/1256/1256 1204/1255/1255
f 1207/1256/1256 1206/1251/1251 1203/1253/1253
f 1203/1253/1253 1202/1254/1254 1204/1255/1255
f 1204/1255/1255 1207/1256/1256 1203/1253/1253
f 1209/1257/1257 1208/1258/1258 1198/1245/1245
f 1208/1258/1258 1209/1257/1257 1205/1252/1252
f 1206/1251/1251 1208/1258/1258 1205/1252/1252
f 1200/1250/1250 1208/1258/1258 1214/1259/1259
f 1198/1245/1245 1208/1258/1258 1200/1250/1250
f 1209/1257/1257 1199/1249/1249 1202/1254/1254
f 1209/1257/1257 1198/1245/1245 1199/1249/1249
f 1203/1253/1253 1205/1252/1252 1209/1257/1257
f 1209/1257/1257 1202/1254/1254 1203/1253/1253
f 1211/1236/1236 1210/1260/1260 1218/1261/1261
f 1210/1260/1260 1211/1236/1236 1186/1232/1232
f 1210/1260/1260 1186/1232/1232 1184/1229/1229
f 1210/1260/1260 1212/1262/1262 1213/1263/1263
f 1214/1259/1259 1213/1263/1263 1212/1262/1262
f 1213/1263/1263 1215/1264/1264 1210/1260/1260
f 1218/1261/1261 1210/1260/1260 1215/1264/1264
f 1217/1238/1238 1188/1233/1233 1216/1265/1265
f 1216/1265/1265 1218/1261/1261 1217/1238/1238
f 1219/1241/1241 1217/1238/1238 1187/1240/1240
f 1211/1236/1236 1216/1265/1265 1188/1233/1233
f 1218/1261/1261 1216/1265/1265 1211/1236/1236
f 1184/1229/1229 1185/1231/1231 1201/1248/1248
f 1200/1250/1250 1214/1259/1259 1212/1262/1262
f 1210/1260/1260 1201/1248/1248 1212/1262/1262
f 1201/1248/1248 1200/1250/1250 1212/1262/1262
f 1201/1248/1248 1210/1260/1260 1184/1229/1229
f 1229/1266/1266 1221/1267/1267 1220/1268/1268
f 1221/1267/1267 1223/1269/1269 1222/1270/1270
f 1221/1267/1267 1222/1270/1270 1220/1268/1268
f 1256/1271/1271 1224/1272/1272 1220/1268/1268
f 1223/1269/1269 1235/1273/1273 1226/1274/1274
f 1222/1270/1270 1223/1269/1269 1226/1274/1274
f 1228/1275/1275 1226/1274/1274 1227/1276/1276
f 1254/1277/1277 1228/1275/1275 1227/1276/1276
f 1256/1271/1271 1228/1275/1275 1254/1277/1277
f 1228/1275/1275 1256/1271/1271 1222/1270/1270
f 1256/1271/1271 1220/1268/1268 1222/1270/1270
f 1226/1274/1274 1228/1275/1275 1222/1270/1270
f 653/680/680 1229/1266/1266 1220/1268/1268
f 1230/1278/1278 1233/1279/1279 1231/1280/1280
f 1232/1239/1239 1230/1278/1278 1225/1281/1281
f 1225/1281/1281 1230/1278/1278 1231/1280/1280
f 1232/1239/1239 1234/1282/1282 1230/1278/1278
f 1187/1240/1240 1234/1282/1282 1232/1239/1239
f 1234/1282/1282 1233/1279/1279 1230/1278/1278
f 1237/1283/1283 1235/1273/1273 1236/1284/1284
f 1235/1273/1273 1237/1283/1283 1240/1285/1285
f 1235/1273/1273 1223/1269/1269 1236/1284/1284
f 1236/1284/1284 1233/1279/1279 1238/1286/1286
f 1237/1283/1283 1236/1284/1284 1238/1286/1286
f 1240/1285/1285 1237/1283/1283 1239/1287/1287
f 1240/1285/1285 1239/1287/1287 1227/1276/1276
f 1240/1285/1285 1227/1276/1276 1226/1274/1274
f 1235/1273/1273 1240/1285/1285 1226/1274/1274
f 1225/1281/1281 1221/1267/1267 1229/1266/1266
f 1221/1267/1267 1225/1281/1281 1231/1280/1280
f 1231/1280/1280 1233/1279/1279 1236/1284/1284
f 1236/1284/1284 1223/1269/1269 1221/1267/1267
f 1231/1280/1280 1236/1284/1284 1221/1267/1267
f 1243/1288/1288 1242/1289/1289 1241/1290/1290
f 1242/1289/1289 1255/1291/1291 1246/1292/1292
f 1241/1290/1290 1242/1289/1289 1246/1292/1292
f 678/709/709 1242/1289/1289 1243/1288/1288
f 1245/1293/1293 1246/1292/1292 1239/1287/1287
f 1245/1293/1293 1244/1294/1294 1241/1290/1290
f 1241/1290/1290 1246/1292/1292 1245/1293/1293
f 1247/1295/1295 1241/1290/1290 1244/1294/1294
f 1248/1296/1296 1249/712/712 1247/1295/1295
f 1249/712/712 1248/1296/1296 682/710/710
f 679/711/711 1243/1288/1288 1249/712/712
f 681/716/716 1243/1288/1288 679/711/711
f 681/716/716 667/701/701 678/709/709
f 678/709/709 1243/1288/1288 681/716/716
f 1241/1290/1290 1247/1295/1295 1243/1288/1288
f 1243/1288/1288 1247/1295/1295 1249/712/712
f 1224/1272/1272 674/706/706 1250/705/705
f 674/706/706 1224/1272/1272 1252/707/707
f 1252/707/707 1224/1272/1272 1251/1297/1297
f 1252/707/707 678/709/709 677/708/708
f 673/679/679 1253/1298/1298 1250/705/705
f 653/680/680 1253/1298/1298 673/679/679
f 653/680/680 1220/1268/1268 1253/1298/1298
f 1250/705/705 1220/1268/1268 1224/1272/1272
f 1250/705/705 1253/1298/1298 1220/1268/1268
f 1255/1291/1291 1257/1299/1299 1254/1277/1277
f 1257/1299/1299 1256/1271/1271 1254/1277/1277
f 1246/1292/1292 1254/1277/1277 1227/1276/1276
f 1239/1287/1287 1246/1292/1292 1227/1276/1276
f 1246/1292/1292 1255/1291/1291 1254/1277/1277
f 1255/1291/1291 1242/1289/1289 1257/1299/1299
f 1257/1299/1299 1242/1289/1289 678/709/709
f 1257/1299/1299 678/709/709 1252/707/707
f 1257/1299/1299 1252/707/707 1251/1297/1297
f 1256/1271/1271 1257/1299/1299 1251/1297/1297
f 1224/1272/1272 1256/1271/1271 1251/1297/1297
f 1194/1230/1230 1266/1300/1300 1258/1301/1301
f 660/692/692 1260/1302/1302 1258/1301/1301
f 1260/1302/1302 603/629/629 1259/1303/1303
f 1259/1303/1303 1193/1243/1243 1261/1304/1304
f 1260/1302/1302 1259/1303/1303 1261/1304/1304
f 660/692/692 603/629/629 1260/1302/1302
f 604/755/755 1193/1243/1243 1259/1303/1303
f 1259/1303/1303 603/629/629 661/754/754
f 604/755/755 1259/1303/1303 661/754/754
f 1194/1230/1230 1262/1305/1305 1261/1304/1304
f 1258/1301/1301 1261/1304/1304 1262/1305/1305
f 1258/1301/1301 1260/1302/1302 1261/1304/1304
f 1262/1305/1305 1194/1230/1230 1258/1301/1301
f 1193/1243/1243 1194/1230/1230 1261/1304/1304
f 1267/1306/1306 1263/1307/1307 1264/1308/1308
f 1191/1235/1235 1265/1237/1237 1267/1306/1306
f 1263/1307/1307 1267/1306/1306 1265/1237/1237
f 1225/1281/1281 1264/1308/1308 1263/1307/1307
f 1267/1306/1306 1266/1300/1300 1189/1242/1242
f 1266/1300/1300 1194/1230/1230 1189/1242/1242
f 1189/1242/1242 1191/1235/1235 1267/1306/1306
f 1265/1237/1237 1232/1239/1239 1225/1281/1281
f 1225/1281/1281 1263/1307/1307 1265/1237/1237
f 1229/1266/1266 660/692/692 1264/1308/1308
f 1229/1266/1266 1264/1308/1308 1225/1281/1281
f 660/692/692 1229/1266/1266 653/680/680
f 652/675/675 660/692/692 653/680/680
f 1264/1308/1308 660/692/692 1258/1301/1301
f 1267/1306/1306 1264/1308/1308 1266/1300/1300
f 1264/1308/1308 1258/1301/1301 1266/1300/1300
f 1272/1309/1309 1268/1310/1310 1269/1311/1311
f 1272/1309/1309 1274/1312/1312 1268/1310/1310
f 1268/1310/1310 648/649/649 1270/652/652
f 1268/1310/1310 1270/652/652 1269/1311/1311
f 1283/1313/1313 1272/1309/1309 1269/1311/1311
f 1272/1309/1309 1283/1313/1313 1271/1314/1314
f 1271/1314/1314 1066/1025/1025 1273/1315/1315
f 1273/1315/1315 1291/1316/1316 1271/1314/1314
f 1272/1309/1309 1271/1314/1314 1291/1316/1316
f 1274/1312/1312 1272/1309/1309 1296/1317/1317
f 1192/1244/1244 602/671/671 646/673/673
f 1274/1312/1312 1192/1244/1244 646/673/673
f 1192/1244/1244 604/755/755 602/671/671
f 648/649/649 1268/1310/1310 646/673/673
f 1268/1310/1310 1274/1312/1312 646/673/673
f 1275/668/668 635/659/659 1276/1318/1318
f 1282/1319/1319 1279/1320/1320 1277/1321/1321
f 1278/1099/1099 1277/1321/1321 1279/1320/1320
f 1289/1322/1322 1277/1321/1321 1278/1099/1099
f 1276/1318/1318 1289/1322/1322 1275/668/668
f 1277/1321/1321 1276/1318/1318 1282/1319/1319
f 1276/1318/1318 1277/1321/1321 1289/1322/1322
f 1281/1132/1132 1280/1323/1323 637/665/665
f 634/656/656 643/667/667 635/659/659
f 637/665/665 1280/1323/1323 643/667/667
f 640/664/664 1281/1132/1132 637/665/665
f 1081/1133/1133 640/664/664 641/1324/1324
f 1081/1133/1133 1281/1132/1132 640/664/664
f 1279/1320/1320 1080/1128/1128 1079/1131/1131
f 1079/1131/1131 1278/1099/1099 1279/1320/1320
f 1282/1319/1319 1276/1318/1318 635/659/659
f 643/667/667 1282/1319/1319 635/659/659
f 1282/1319/1319 643/667/667 1280/1323/1323
f 1281/1132/1132 1279/1320/1320 1280/1323/1323
f 1279/1320/1320 1281/1132/1132 1080/1128/1128
f 1282/1319/1319 1280/1323/1323 1279/1320/1320
f 1283/1313/1313 1286/1325/1325 1284/1326/1326
f 1284/1326/1326 1286/1325/1325 1285/1327/1327
f 1286/1325/1325 1289/1322/1322 1287/1121/1121
f 1289/1322/1322 1278/1099/1099 1287/1121/1121
f 1068/1119/1119 1287/1121/1121 1278/1099/1099
f 1287/1121/1121 1285/1327/1327 1286/1325/1325
f 1067/1118/1118 1285/1327/1327 1287/1121/1121
f 1288/1115/1115 1271/1314/1314 1284/1326/1326
f 1285/1327/1327 1288/1115/1115 1284/1326/1326
f 1285/1327/1327 1061/1113/1113 1288/1115/1115
f 1285/1327/1327 1067/1118/1118 1061/1113/1113
f 1066/1025/1025 1271/1314/1314 1064/1117/1117
f 1288/1115/1115 1064/1117/1117 1271/1314/1314
f 1271/1314/1314 1283/1313/1313 1284/1326/1326
f 1270/652/652 1275/668/668 1269/1311/1311
f 1283/1313/1313 1289/1322/1322 1286/1325/1325
f 1275/668/668 1289/1322/1322 1269/1311/1311
f 1269/1311/1311 1289/1322/1322 1283/1313/1313
f 1290/1328/1328 1185/1231/1231 1292/1329/1329
f 1291/1316/1316 1292/1329/1329 1185/1231/1231
f 1019/1063/1063 1292/1329/1329 1040/1084/1084
f 1291/1316/1316 1185/1231/1231 1296/1317/1317
f 1035/1078/1078 1293/1330/1330 1041/1022/1022
f 1041/1022/1022 1293/1330/1330 1294/1085/1085
f 1291/1316/1316 1293/1330/1330 1292/1329/1329
f 1035/1078/1078 1040/1084/1084 1293/1330/1330
f 1292/1329/1329 1293/1330/1330 1040/1084/1084
f 1019/1063/1063 1032/1076/1076 1292/1329/1329
f 1295/1331/1331 1032/1076/1076 1027/1072/1072
f 1027/1072/1072 1030/1075/1075 1031/1213/1213
f 1027/1072/1072 1031/1213/1213 1204/1255/1255
f 1201/1248/1248 1295/1331/1331 1199/1249/1249
f 1185/1231/1231 1290/1328/1328 1295/1331/1331
f 1201/1248/1248 1185/1231/1231 1295/1331/1331
f 1292/1329/1329 1032/1076/1076 1290/1328/1328
f 1032/1076/1076 1295/1331/1331 1290/1328/1328
f 1199/1249/1249 1295/1331/1331 1027/1072/1072
f 1195/1228/1228 1192/1244/1244 1274/1312/1312
f 1195/1228/1228 1296/1317/1317 1185/1231/1231
f 1296/1317/1317 1272/1309/1309 1291/1316/1316
f 1273/1315/1315 1293/1330/1330 1291/1316/1316
f 1294/1085/1085 1273/1315/1315 983/1023/1023
f 983/1023/1023 1273/1315/1315 1066/1025/1025
f 1294/1085/1085 1293/1330/1330 1273/1315/1315
f 1296/1317/1317 1195/1228/1228 1274/1312/1312
f 1300/1332/1332 1297/1333/1333 1298/1334/1334
f 1313/1335/1335 1298/1334/1334 1299/1336/1336
f 1297/1333/1333 1325/1337/1337 1298/1334/1334
f 1325/1337/1337 1333/1338/1338 1298/1334/1334
f 1311/1339/1339 1301/1340/1340 1302/1341/1341
f 1314/1342/1342 1301/1340/1340 1311/1339/1339
f 1299/1336/1336 1303/1343/1343 1314/1342/1342
f 1301/1340/1340 1314/1342/1342 1303/1343/1343
f 1338/1344/1344 1304/1345/1345 1301/1340/1340
f 1307/1346/1346 1304/1345/1345 1305/1347/1347
f 1338/1344/1344 1305/1347/1347 1304/1345/1345
f 1307/1346/1346 1301/1340/1340 1304/1345/1345
f 1301/1340/1340 1307/1346/1346 1308/1348/1348
f 1301/1340/1340 1308/1348/1348 1302/1341/1341
f 1312/1349/1349 1311/1339/1339 1309/1350/1350
f 1300/1332/1332 1311/1339/1339 1312/1349/1349
f 1311/1339/1339 1310/1351/1351 1309/1350/1350
f 1308/1348/1348 1310/1351/1351 1302/1341/1341
f 1309/1350/1350 1395/1352/1352 1312/1349/1349
f 1300/1332/1332 1312/1349/1349 1382/1353/1353
f 1313/1335/1335 1300/1332/1332 1298/1334/1334
f 1313/1335/1335 1299/1336/1336 1314/1342/1342
f 1302/1341/1341 1310/1351/1351 1311/1339/1339
f 1311/1339/1339 1300/1332/1332 1313/1335/1335
f 1311/1339/1339 1313/1335/1335 1314/1342/1342
f 1316/1354/1354 1318/1355/1355 1319/1356/1356
f 1315/1357/1357 1318/1355/1355 1316/1354/1354
f 1318/1355/1355 1472/1358/1358 1319/1356/1356
f 1316/1354/1354 1320/1359/1359 1315/1357/1357
f 1297/1333/1333 1320/1359/1359 1316/1354/1354
f 1317/1360/1360 1322/1361/1361 1321/1362/1362
f 1322/1361/1361 1323/1363/1363 1321/1362/1362
f 1318/1355/1355 1315/1357/1357 1321/1362/1362
f 1321/1362/1362 1315/1357/1357 1317/1360/1360
f 1325/1337/1337 1297/1333/1333 1324/1364/1364
f 1476/1365/1365 1332/1366/1366 1333/1338/1338
f 1325/1337/1337 1476/1365/1365 1333/1338/1338
f 1320/1359/1359 1297/1333/1333 1300/1332/1332
f 1319/1356/1356 1324/1364/1364 1316/1354/1354
f 1297/1333/1333 1316/1354/1354 1324/1364/1364
f 1327/1367/1367 1531/1368/1368 1328/1369/1369
f 1327/1367/1367 1328/1369/1369 1326/1370/1370
f 1329/1371/1371 1330/1372/1372 1332/1366/1366
f 1329/1371/1371 1332/1366/1366 1331/1373/1373
f 1330/1372/1372 1333/1338/1338 1332/1366/1366
f 1326/1370/1370 1329/1371/1371 1331/1373/1373
f 1334/1374/1374 1531/1368/1368 1327/1367/1367
f 1328/1369/1369 1336/1375/1375 1335/1376/1376
f 1335/1376/1376 1336/1375/1375 1337/1377/1377
f 1337/1377/1377 1336/1375/1375 1537/1378/1378
f 1335/1376/1376 1342/1379/1379 1328/1369/1369
f 1342/1379/1379 1335/1376/1376 1337/1377/1377
f 1531/1368/1368 1336/1375/1375 1328/1369/1369
f 1301/1340/1340 1339/1380/1380 1338/1344/1344
f 1338/1344/1344 1340/1381/1381 1543/1382/1382
f 1543/1382/1382 1341/1383/1383 1338/1344/1344
f 1340/1381/1381 1338/1344/1344 1339/1380/1380
f 1542/1384/1384 1306/1385/1385 1341/1383/1383
f 1341/1383/1383 1306/1385/1385 1305/1347/1347
f 1338/1344/1344 1341/1383/1383 1305/1347/1347
f 1342/1379/1379 1339/1380/1380 1303/1343/1343
f 1339/1380/1380 1342/1379/1379 1337/1377/1377
f 1339/1380/1380 1301/1340/1340 1303/1343/1343
f 1342/1379/1379 1303/1343/1343 1299/1336/1336
f 1537/1378/1378 1339/1380/1380 1337/1377/1377
f 1330/1372/1372 1343/1386/1386 1333/1338/1338
f 1330/1372/1372 1329/1371/1371 1343/1386/1386
f 1298/1334/1334 1343/1386/1386 1299/1336/1336
f 1333/1338/1338 1343/1386/1386 1298/1334/1334
f 1343/1386/1386 1328/1369/1369 1342/1379/1379
f 1342/1379/1379 1299/1336/1336 1343/1386/1386
f 1329/1371/1371 1328/1369/1369 1343/1386/1386
f 1326/1370/1370 1328/1369/1369 1329/1371/1371
f 1346/1387/1387 1345/1388/1388 1344/1389/1389
f 1346/1387/1387 1353/1390/1390 1345/1388/1388
f 1347/1391/1391 1345/1388/1388 1348/1392/1392
f 1347/1391/1391 1344/1389/1389 1345/1388/1388
f 1351/1393/1393 1350/1394/1394 1344/1389/1389
f 1344/1389/1389 1350/1394/1394 1346/1387/1387
f 1346/1387/1387 1374/1395/1395 1353/1390/1390
f 1353/1390/1390 1374/1395/1395 1355/1396/1396
f 1399/1397/1397 1354/1398/1398 1355/1396/1396
f 1355/1396/1396 1354/1398/1398 1353/1390/1390
f 1349/1399/1399 1345/1388/1388 1353/1390/1390
f 1349/1399/1399 1353/1390/1390 1354/1398/1398
f 1349/1399/1399 1348/1392/1392 1345/1388/1388
f 1359/1400/1400 1357/1401/1401 1358/1402/1402
f 1358/1402/1402 1357/1401/1401 1360/1403/1403
f 1359/1400/1400 1364/1404/1404 1357/1401/1401
f 1359/1400/1400 1530/1405/1405 1364/1404/1404
f 1358/1402/1402 1360/1403/1403 1398/1406/1406
f 1393/1407/1407 1348/1392/1392 1349/1399/1399
f 1393/1407/1407 1398/1406/1406 1348/1392/1392
f 1398/1406/1406 1360/1403/1403 1348/1392/1392
f 1396/1408/1408 1361/1409/1409 1362/1410/1410
f 1513/1411/1411 1361/1409/1409 1306/1385/1385
f 1542/1384/1384 1513/1411/1411 1306/1385/1385
f 1361/1409/1409 1396/1408/1408 1306/1385/1385
f 1361/1409/1409 1359/1400/1400 1362/1410/1410
f 1362/1410/1410 1359/1400/1400 1358/1402/1402
f 1364/1404/1404 1363/1412/1412 1344/1389/1389
f 1530/1405/1405 1363/1412/1412 1364/1404/1404
f 1352/1413/1413 1351/1393/1393 1363/1412/1412
f 1351/1393/1393 1344/1389/1389 1363/1412/1412
f 1344/1389/1389 1347/1391/1391 1357/1401/1401
f 1360/1403/1403 1357/1401/1401 1347/1391/1391
f 1347/1391/1391 1348/1392/1392 1360/1403/1403
f 1357/1401/1401 1364/1404/1404 1344/1389/1389
f 1368/1414/1414 1366/1415/1415 1365/1416/1416
f 1525/1417/1417 1368/1414/1414 1365/1416/1416
f 1367/1418/1418 1529/1419/1419 1365/1416/1416
f 1529/1419/1419 1525/1417/1417 1365/1416/1416
f 1369/1420/1420 24/31/31 1810/1421/1421
f 1370/1422/1422 1809/1423/1423 1367/1418/1418
f 1370/1422/1422 1367/1418/1418 1365/1416/1416
f 1809/1423/1423 1802/1424/1424 1367/1418/1418
f 1366/1415/1415 1368/1414/1414 1369/1420/1420
f 1370/1422/1422 1366/1415/1415 1369/1420/1420
f 1810/1421/1421 1370/1422/1422 1369/1420/1420
f 1370/1422/1422 1365/1416/1416 1366/1415/1415
f 1371/1425/1425 1373/1426/1426 1372/1427/1427
f 1371/1425/1425 1372/1427/1427 1806/1428/1428
f 1374/1395/1395 1371/1425/1425 1806/1428/1428
f 1346/1387/1387 1373/1426/1426 1371/1425/1425
f 1373/1426/1426 1802/1424/1424 1372/1427/1427
f 1802/1424/1424 1807/1429/1429 1372/1427/1427
f 1372/1427/1427 1807/1429/1429 1806/1428/1428
f 1374/1395/1395 1806/1428/1428 1805/1430/1430
f 1375/1431/1431 1374/1395/1395 1805/1430/1430
f 1356/1432/1432 1355/1396/1396 1375/1431/1431
f 1355/1396/1396 1374/1395/1395 1375/1431/1431
f 1374/1395/1395 1346/1387/1387 1371/1425/1425
f 1351/1393/1393 1346/1387/1387 1350/1394/1394
f 1346/1387/1387 1351/1393/1393 1373/1426/1426
f 1529/1419/1419 1351/1393/1393 1352/1413/1413
f 1529/1419/1419 1367/1418/1418 1351/1393/1393
f 1373/1426/1426 1367/1418/1418 1802/1424/1424
f 1367/1418/1418 1373/1426/1426 1351/1393/1393
f 1379/1433/1433 1381/1434/1434 1376/1435/1435
f 1381/1434/1434 1320/1359/1359 1380/1436/1436
f 1380/1436/1436 1320/1359/1359 1382/1353/1353
f 1320/1359/1359 1300/1332/1332 1382/1353/1353
f 1386/1437/1437 1404/1438/1438 1377/1439/1439
f 1376/1435/1435 1404/1438/1438 1386/1437/1437
f 1376/1435/1435 1383/1440/1440 1404/1438/1438
f 1376/1435/1435 1381/1434/1434 1383/1440/1440
f 1380/1436/1436 1383/1440/1440 1381/1434/1434
f 1384/1441/1441 1385/1442/1442 1386/1437/1437
f 1386/1437/1437 1377/1439/1439 1384/1441/1441
f 1387/1443/1443 1399/1397/1397 1355/1396/1396
f 1387/1443/1443 1355/1396/1396 1356/1432/1432
f 1387/1443/1443 1388/1444/1444 1385/1442/1442
f 1387/1443/1443 1385/1442/1442 1384/1441/1441
f 1387/1443/1443 1384/1441/1441 1399/1397/1397
f 1388/1444/1444 1378/1445/1445 1379/1433/1433
f 1379/1433/1433 1376/1435/1435 1388/1444/1444
f 1376/1435/1435 1385/1442/1442 1388/1444/1444
f 1376/1435/1435 1386/1437/1437 1385/1442/1442
f 1794/1446/1446 1317/1360/1360 1378/1445/1445
f 1317/1360/1360 1794/1446/1446 1322/1361/1361
f 1317/1360/1360 1315/1357/1357 1381/1434/1434
f 1381/1434/1434 1315/1357/1357 1320/1359/1359
f 1378/1445/1445 1317/1360/1360 1379/1433/1433
f 1379/1433/1433 1317/1360/1360 1381/1434/1434
f 1389/1447/1447 1391/1448/1448 1390/1449/1449
f 1392/1450/1450 1310/1351/1351 1308/1348/1348
f 1390/1449/1449 1392/1450/1450 1389/1447/1447
f 1393/1407/1407 1394/1451/1451 1389/1447/1447
f 1391/1448/1448 1389/1447/1447 1394/1451/1451
f 1312/1349/1349 1395/1352/1352 1382/1353/1353
f 1405/1452/1452 1395/1352/1352 1391/1448/1448
f 1382/1353/1353 1395/1352/1352 1405/1452/1452
f 1310/1351/1351 1390/1449/1449 1395/1352/1352
f 1310/1351/1351 1395/1352/1352 1309/1350/1350
f 1390/1449/1449 1310/1351/1351 1392/1450/1450
f 1391/1448/1448 1395/1352/1352 1390/1449/1449
f 1396/1408/1408 1358/1402/1402 1307/1346/1346
f 1392/1450/1450 1308/1348/1348 1307/1346/1346
f 1396/1408/1408 1307/1346/1346 1305/1347/1347
f 1396/1408/1408 1305/1347/1347 1306/1385/1385
f 1362/1410/1410 1358/1402/1402 1396/1408/1408
f 1358/1402/1402 1398/1406/1406 1397/1453/1453
f 1389/1447/1447 1397/1453/1453 1398/1406/1406
f 1393/1407/1407 1389/1447/1447 1398/1406/1406
f 1397/1453/1453 1392/1450/1450 1307/1346/1346
f 1397/1453/1453 1389/1447/1447 1392/1450/1450
f 1397/1453/1453 1307/1346/1346 1358/1402/1402
f 1354/1398/1398 1399/1397/1397 1400/1454/1454
f 1401/1455/1455 1400/1454/1454 1399/1397/1397
f 1400/1454/1454 1402/1456/1456 1349/1399/1399
f 1354/1398/1398 1400/1454/1454 1349/1399/1399
f 1401/1455/1455 1384/1441/1441 1377/1439/1439
f 1399/1397/1397 1384/1441/1441 1401/1455/1455
f 1405/1452/1452 1404/1438/1438 1383/1440/1440
f 1403/1457/1457 1404/1438/1438 1405/1452/1452
f 1380/1436/1436 1405/1452/1452 1383/1440/1440
f 1405/1452/1452 1380/1436/1436 1382/1353/1353
f 1405/1452/1452 1391/1448/1448 1403/1457/1457
f 1394/1451/1451 1393/1407/1407 1400/1454/1454
f 1393/1407/1407 1349/1399/1399 1402/1456/1456
f 1393/1407/1407 1402/1456/1456 1400/1454/1454
f 1401/1455/1455 1377/1439/1439 1404/1438/1438
f 1404/1438/1438 1403/1457/1457 1401/1455/1455
f 1401/1455/1455 1403/1457/1457 1394/1451/1451
f 1391/1448/1448 1394/1451/1451 1403/1457/1457
f 1400/1454/1454 1401/1455/1455 1394/1451/1451
f 1406/1458/1458 1407/1459/1459 1408/1460/1460
f 1489/1461/1461 1408/1460/1460 1407/1459/1459
f 1406/1458/1458 1408/1460/1460 1409/1462/1462
f 1432/1463/1463 1410/1464/1464 1407/1459/1459
f 1432/1463/1463 1407/1459/1459 1431/1465/1465
f 1407/1459/1459 1406/1458/1458 1431/1465/1465
f 1412/1466/1466 1411/1467/1467 1414/1468/1468
f 1413/1469/1469 1414/1468/1468 1411/1467/1467
f 1482/1470/1470 1411/1467/1467 1481/1471/1471
f 1482/1470/1470 1413/1469/1469 1411/1467/1467
f 1412/1466/1466 1415/1472/1472 1411/1467/1467
f 1411/1467/1467 1415/1472/1472 1481/1471/1471
f 1413/1469/1469 1480/1473/1473 1417/1474/1474
f 1417/1474/1474 1480/1473/1473 1323/1363/1363
f 1417/1474/1474 1323/1363/1363 1322/1361/1361
f 1419/1475/1475 1414/1468/1468 1775/1476/1476
f 1414/1468/1468 1418/1477/1477 1775/1476/1476
f 1413/1469/1469 1417/1474/1474 1414/1468/1468
f 1417/1474/1474 1777/1478/1478 1418/1477/1477
f 1418/1477/1477 1414/1468/1468 1417/1474/1474
f 1419/1475/1475 1409/1462/1462 1408/1460/1460
f 1409/1462/1462 1419/1475/1475 1773/1479/1479
f 1408/1460/1460 1489/1461/1461 1416/1480/1480
f 1408/1460/1460 1416/1480/1480 1415/1472/1472
f 1412/1466/1466 1408/1460/1460 1415/1472/1472
f 1419/1475/1475 1412/1466/1466 1414/1468/1468
f 1408/1460/1460 1412/1466/1466 1419/1475/1475
f 1423/1481/1481 1430/1482/1482 1420/1483/1483
f 1421/1484/1484 1423/1481/1481 1420/1483/1483
f 1420/1483/1483 1430/1482/1482 1424/1485/1485
f 1421/1484/1484 1427/1486/1486 1426/1487/1487
f 1422/1488/1488 1426/1487/1487 1427/1486/1486
f 1428/1489/1489 1426/1487/1487 682/710/710
f 1426/1487/1487 1428/1489/1489 1421/1484/1484
f 1421/1484/1484 1420/1483/1483 1427/1486/1486
f 1420/1483/1483 1422/1488/1488 1427/1486/1486
f 1429/1490/1490 1431/1465/1465 1430/1482/1482
f 1430/1482/1482 1423/1481/1481 1429/1490/1490
f 1431/1465/1465 1429/1490/1490 1432/1463/1463
f 1424/1485/1485 1406/1458/1458 1409/1462/1462
f 1424/1485/1485 1430/1482/1482 1406/1458/1458
f 1430/1482/1482 1431/1465/1465 1406/1458/1458
f 1438/1491/1491 1434/1492/1492 1433/1493/1493
f 1435/1494/1494 1434/1492/1492 1436/1495/1495
f 1441/1496/1496 1456/1497/1497 1436/1495/1495
f 1434/1492/1492 1435/1494/1494 1433/1493/1493
f 1435/1494/1494 1438/1491/1491 1433/1493/1493
f 1434/1492/1492 1439/1498/1498 1449/1499/1499
f 1440/1500/1500 1441/1496/1496 1434/1492/1492
f 1434/1492/1492 1449/1499/1499 1440/1500/1500
f 1441/1496/1496 1436/1495/1495 1434/1492/1492
f 1434/1492/1492 1438/1491/1491 1439/1498/1498
f 1436/1495/1495 1459/1501/1501 1442/1502/1502
f 1458/1503/1503 1443/1504/1504 1442/1502/1502
f 1435/1494/1494 1443/1504/1504 1444/1505/1505
f 1435/1494/1494 1444/1505/1505 1437/1506/1506
f 1435/1494/1494 1436/1495/1495 1442/1502/1502
f 1443/1504/1504 1435/1494/1494 1442/1502/1502
f 1438/1491/1491 1445/1507/1507 1447/1508/1508
f 1446/1509/1509 1447/1508/1508 1448/1510/1510
f 1438/1491/1491 1435/1494/1494 1445/1507/1507
f 1445/1507/1507 1435/1494/1494 1437/1506/1506
f 1332/1366/1366 1447/1508/1508 1445/1507/1507
f 1439/1498/1498 1448/1510/1510 1449/1499/1499
f 1447/1508/1508 1446/1509/1509 1438/1491/1491
f 1446/1509/1509 1448/1510/1510 1439/1498/1498
f 1438/1491/1491 1446/1509/1509 1439/1498/1498
f 1455/1511/1511 1450/1512/1512 1451/1513/1513
f 1454/1514/1514 1451/1513/1513 1450/1512/1512
f 1452/1515/1515 1455/1511/1511 1453/1516/1516
f 1455/1511/1511 1452/1515/1515 1450/1512/1512
f 1432/1463/1463 1454/1514/1514 1452/1515/1515
f 1429/1490/1490 1454/1514/1514 1432/1463/1463
f 1450/1512/1512 1452/1515/1515 1454/1514/1514
f 1459/1501/1501 1455/1511/1511 1457/1517/1517
f 1455/1511/1511 1459/1501/1501 1456/1497/1497
f 1451/1513/1513 1457/1517/1517 1455/1511/1511
f 1457/1517/1517 1451/1513/1513 1454/1514/1514
f 1442/1502/1502 1459/1501/1501 1458/1503/1503
f 1458/1503/1503 1459/1501/1501 1457/1517/1517
f 1456/1497/1497 1459/1501/1501 1436/1495/1495
f 1455/1511/1511 1441/1496/1496 1440/1500/1500
f 1453/1516/1516 1455/1511/1511 1440/1500/1500
f 1456/1497/1497 1441/1496/1496 1455/1511/1511
f 1460/1518/1518 1334/1374/1374 1461/1519/1519
f 1460/1518/1518 1461/1519/1519 1464/1520/1520
f 1334/1374/1374 1327/1367/1367 1461/1519/1519
f 1462/1521/1521 1463/1522/1522 1464/1520/1520
f 1463/1522/1522 1462/1521/1521 1465/1523/1523
f 1443/1504/1504 1465/1523/1523 1462/1521/1521
f 1458/1503/1503 1465/1523/1523 1443/1504/1504
f 1463/1522/1522 1460/1518/1518 1464/1520/1520
f 1461/1519/1519 1326/1370/1370 1466/1524/1524
f 1326/1370/1370 1331/1373/1373 1466/1524/1524
f 1468/1525/1525 1466/1524/1524 1437/1506/1506
f 1466/1524/1524 1468/1525/1525 1467/1526/1526
f 1327/1367/1367 1326/1370/1370 1461/1519/1519
f 1332/1366/1366 1466/1524/1524 1331/1373/1373
f 1466/1524/1524 1332/1366/1366 1445/1507/1507
f 1445/1507/1507 1437/1506/1506 1466/1524/1524
f 1444/1505/1505 1468/1525/1525 1437/1506/1506
f 1444/1505/1505 1443/1504/1504 1467/1526/1526
f 1467/1526/1526 1468/1525/1525 1444/1505/1505
f 1461/1519/1519 1467/1526/1526 1462/1521/1521
f 1464/1520/1520 1461/1519/1519 1462/1521/1521
f 1443/1504/1504 1462/1521/1521 1467/1526/1526
f 1467/1526/1526 1461/1519/1519 1466/1524/1524
f 1472/1358/1358 1471/1527/1527 1319/1356/1356
f 1471/1527/1527 1472/1358/1358 1469/1528/1528
f 1472/1358/1358 1470/1529/1529 1469/1528/1528
f 1474/1530/1530 1475/1531/1531 1473/1532/1532
f 1495/1533/1533 1469/1528/1528 1470/1529/1529
f 1495/1533/1533 1470/1529/1529 1475/1531/1531
f 1470/1529/1529 1473/1532/1532 1475/1531/1531
f 1478/1534/1534 1476/1365/1365 1325/1337/1337
f 1479/1535/1535 1477/1536/1536 1325/1337/1337
f 1477/1536/1536 1478/1534/1534 1325/1337/1337
f 1493/1537/1537 1478/1534/1534 1477/1536/1536
f 1319/1356/1356 1471/1527/1527 1479/1535/1535
f 1324/1364/1364 1319/1356/1356 1479/1535/1535
f 1324/1364/1364 1479/1535/1535 1325/1337/1337
f 1477/1536/1536 1471/1527/1527 1469/1528/1528
f 1471/1527/1527 1477/1536/1536 1479/1535/1535
f 1469/1528/1528 1493/1537/1537 1477/1536/1536
f 1480/1473/1473 1413/1469/1469 1482/1470/1470
f 1318/1355/1355 1321/1362/1362 1472/1358/1358
f 1321/1362/1362 1480/1473/1473 1472/1358/1358
f 1480/1473/1473 1321/1362/1362 1323/1363/1363
f 1470/1529/1529 1482/1470/1470 1481/1471/1471
f 1416/1480/1480 1470/1529/1529 1481/1471/1471
f 1473/1532/1532 1416/1480/1480 1474/1530/1530
f 1489/1461/1461 1474/1530/1530 1416/1480/1480
f 1473/1532/1532 1470/1529/1529 1416/1480/1480
f 1416/1480/1480 1481/1471/1471 1415/1472/1472
f 1482/1470/1470 1472/1358/1358 1480/1473/1473
f 1470/1529/1529 1472/1358/1358 1482/1470/1470
f 1485/1538/1538 1484/1539/1539 1483/1540/1540
f 1483/1540/1540 1484/1539/1539 1410/1464/1464
f 1483/1540/1540 1487/1541/1541 1485/1538/1538
f 1487/1541/1541 1486/1542/1542 1485/1538/1538
f 1410/1464/1464 1488/1543/1543 1489/1461/1461
f 1486/1542/1542 1488/1543/1543 1485/1538/1538
f 1407/1459/1459 1410/1464/1464 1489/1461/1461
f 1410/1464/1464 1485/1538/1538 1488/1543/1543
f 1410/1464/1464 1484/1539/1539 1485/1538/1538
f 1432/1463/1463 1452/1515/1515 1410/1464/1464
f 1452/1515/1515 1453/1516/1516 1483/1540/1540
f 1452/1515/1515 1483/1540/1540 1410/1464/1464
f 1448/1510/1510 1491/1544/1544 1490/1545/1545
f 1493/1537/1537 1494/1546/1546 1490/1545/1545
f 1492/1547/1547 1490/1545/1545 1491/1544/1544
f 1493/1537/1537 1490/1545/1545 1492/1547/1547
f 1490/1545/1545 1440/1500/1500 1449/1499/1499
f 1494/1546/1546 1440/1500/1500 1490/1545/1545
f 1490/1545/1545 1449/1499/1499 1448/1510/1510
f 1447/1508/1508 1332/1366/1366 1476/1365/1365
f 1478/1534/1534 1493/1537/1537 1492/1547/1547
f 1491/1544/1544 1447/1508/1508 1478/1534/1534
f 1448/1510/1510 1447/1508/1508 1491/1544/1544
f 1476/1365/1365 1478/1534/1534 1447/1508/1508
f 1491/1544/1544 1478/1534/1534 1492/1547/1547
f 1475/1531/1531 1488/1543/1543 1495/1533/1533
f 1495/1533/1533 1486/1542/1542 1487/1541/1541
f 1495/1533/1533 1488/1543/1543 1486/1542/1542
f 1495/1533/1533 1493/1537/1537 1469/1528/1528
f 1474/1530/1530 1489/1461/1461 1475/1531/1531
f 1475/1531/1531 1489/1461/1461 1488/1543/1543
f 1483/1540/1540 1494/1546/1546 1487/1541/1541
f 1453/1516/1516 1440/1500/1500 1494/1546/1546
f 1494/1546/1546 1483/1540/1540 1453/1516/1516
f 1494/1546/1546 1493/1537/1537 1487/1541/1541
f 1487/1541/1541 1493/1537/1537 1495/1533/1533
f 1499/1548/1548 1496/243/243 1497/1549/1549
f 1496/243/243 1499/1548/1548 1500/1550/1550
f 1496/243/243 221/244/244 1498/1551/1551
f 1497/1549/1549 1496/243/243 1498/1551/1551
f 1500/1550/1550 1499/1548/1548 1501/1552/1552
f 228/245/245 1496/243/243 1500/1550/1550
f 1502/1553/1553 1503/1554/1554 1504/1555/1555
f 1502/1553/1553 223/241/241 1503/1554/1554
f 1503/1554/1554 1510/1556/1556 1505/1557/1557
f 1503/1554/1554 1505/1557/1557 1504/1555/1555
f 1502/1553/1553 1504/1555/1555 1506/1558/1558
f 1527/1559/1559 1511/1560/1560 1510/1556/1556
f 1518/1561/1561 1511/1560/1560 1515/1562/1562
f 1510/1556/1556 1511/1560/1560 1505/1557/1557
f 1542/1384/1384 1514/1563/1563 1513/1411/1411
f 1513/1411/1411 1514/1563/1563 1512/1564/1564
f 1511/1560/1560 1512/1564/1564 1515/1562/1562
f 1515/1562/1562 1517/1565/1565 1518/1561/1561
f 1511/1560/1560 1527/1559/1559 1512/1564/1564
f 1504/1555/1555 1517/1565/1565 1516/1566/1566
f 1516/1566/1566 1508/1567/1567 1507/1568/1568
f 1506/1558/1558 1516/1566/1566 1507/1568/1568
f 1516/1566/1566 1506/1558/1558 1504/1555/1555
f 1511/1560/1560 1518/1561/1561 1505/1557/1557
f 1505/1557/1557 1518/1561/1561 1504/1555/1555
f 1517/1565/1565 1504/1555/1555 1518/1561/1561
f 1519/1569/1569 226/235/235 1520/1570/1570
f 1520/1570/1570 1508/1567/1567 1519/1569/1569
f 1498/1551/1551 221/244/244 220/236/236
f 220/236/236 226/235/235 1519/1569/1569
f 220/236/236 1519/1569/1569 1498/1551/1551
f 1520/1570/1570 1502/1553/1553 1506/1558/1558
f 1520/1570/1570 223/241/241 1502/1553/1553
f 1520/1570/1570 1506/1558/1558 1507/1568/1568
f 1507/1568/1568 1508/1567/1567 1520/1570/1570
f 226/235/235 223/241/241 1520/1570/1570
f 1521/240/240 1522/1571/1571 1523/1572/1572
f 1368/1414/1414 1521/240/240 222/239/239
f 1368/1414/1414 222/239/239 224/242/242
f 1369/1420/1420 1368/1414/1414 224/242/242
f 24/31/31 1369/1420/1420 224/242/242
f 1522/1571/1571 1368/1414/1414 1525/1417/1417
f 1525/1417/1417 1529/1419/1419 1524/1573/1573
f 1525/1417/1417 1523/1572/1572 1522/1571/1571
f 1523/1572/1572 1525/1417/1417 1524/1573/1573
f 1521/240/240 1368/1414/1414 1522/1571/1571
f 1526/1574/1574 1530/1405/1405 1527/1559/1559
f 1528/1575/1575 1527/1559/1559 1510/1556/1556
f 1527/1559/1559 1528/1575/1575 1526/1574/1574
f 1529/1419/1419 1363/1412/1412 1526/1574/1574
f 1529/1419/1419 1526/1574/1574 1524/1573/1573
f 1363/1412/1412 1529/1419/1419 1352/1413/1413
f 1530/1405/1405 1526/1574/1574 1363/1412/1412
f 1530/1405/1405 1359/1400/1400 1512/1564/1564
f 1527/1559/1559 1530/1405/1405 1512/1564/1564
f 1512/1564/1564 1359/1400/1400 1513/1411/1411
f 1359/1400/1400 1361/1409/1409 1513/1411/1411
f 223/241/241 1521/240/240 1503/1554/1554
f 1510/1556/1556 1503/1554/1554 1528/1575/1575
f 1523/1572/1572 1526/1574/1574 1521/240/240
f 1526/1574/1574 1523/1572/1572 1524/1573/1573
f 1528/1575/1575 1503/1554/1554 1526/1574/1574
f 1503/1554/1554 1521/240/240 1526/1574/1574
f 1533/1576/1576 1531/1368/1368 1532/1577/1577
f 1534/1578/1578 1535/1579/1579 1538/1580/1580
f 1534/1578/1578 1539/1581/1581 1540/1582/1582
f 1534/1578/1578 1536/1583/1583 1544/1584/1584
f 1534/1578/1578 1544/1584/1584 1535/1579/1579
f 1535/1579/1579 1340/1381/1381 1538/1580/1580
f 1340/1381/1381 1537/1378/1378 1538/1580/1580
f 1538/1580/1580 1539/1581/1581 1534/1578/1578
f 1541/1585/1585 1534/1578/1578 1540/1582/1582
f 1549/1586/1586 1543/1382/1382 1536/1583/1583
f 1549/1586/1586 1542/1384/1384 1543/1382/1382
f 1543/1382/1382 1542/1384/1384 1341/1383/1383
f 1544/1584/1584 1340/1381/1381 1535/1579/1579
f 1544/1584/1584 1543/1382/1382 1340/1381/1381
f 1339/1380/1380 1537/1378/1378 1340/1381/1381
f 1536/1583/1583 1543/1382/1382 1544/1584/1584
f 1336/1375/1375 1531/1368/1368 1539/1581/1581
f 1531/1368/1368 1540/1582/1582 1539/1581/1581
f 1531/1368/1368 1533/1576/1576 1540/1582/1582
f 1336/1375/1375 1538/1580/1580 1537/1378/1378
f 1336/1375/1375 1539/1581/1581 1538/1580/1580
f 1532/1577/1577 1531/1368/1368 1501/1552/1552
f 1531/1368/1368 1334/1374/1374 1501/1552/1552
f 1501/1552/1552 1499/1548/1548 1532/1577/1577
f 1497/1549/1549 1498/1551/1551 1546/1587/1587
f 1546/1587/1587 1498/1551/1551 1509/1588/1588
f 1546/1587/1587 1509/1588/1588 1547/1589/1589
f 1498/1551/1551 1519/1569/1569 1509/1588/1588
f 1508/1567/1567 1509/1588/1588 1519/1569/1569
f 1546/1587/1587 1547/1589/1589 1545/1590/1590
f 1547/1589/1589 1551/1591/1591 1545/1590/1590
f 1545/1590/1590 1533/1576/1576 1546/1587/1587
f 1509/1588/1588 1508/1567/1567 1547/1589/1589
f 1508/1567/1567 1516/1566/1566 1547/1589/1589
f 1547/1589/1589 1516/1566/1566 1517/1565/1565
f 1551/1591/1591 1547/1589/1589 1517/1565/1565
f 1512/1564/1564 1549/1586/1586 1548/1592/1592
f 1548/1592/1592 1536/1583/1583 1550/1593/1593
f 1550/1593/1593 1515/1562/1562 1548/1592/1592
f 1512/1564/1564 1548/1592/1592 1515/1562/1562
f 1536/1583/1583 1548/1592/1592 1549/1586/1586
f 1549/1586/1586 1512/1564/1564 1514/1563/1563
f 1514/1563/1563 1542/1384/1384 1549/1586/1586
f 1550/1593/1593 1534/1578/1578 1551/1591/1591
f 1534/1578/1578 1550/1593/1593 1536/1583/1583
f 1534/1578/1578 1541/1585/1585 1551/1591/1591
f 1545/1590/1590 1551/1591/1591 1533/1576/1576
f 1533/1576/1576 1551/1591/1591 1541/1585/1585
f 1540/1582/1582 1533/1576/1576 1541/1585/1585
f 1517/1565/1565 1515/1562/1562 1551/1591/1591
f 1515/1562/1562 1550/1593/1593 1551/1591/1591
f 1499/1548/1548 1497/1549/1549 1532/1577/1577
f 1532/1577/1577 1546/1587/1587 1533/1576/1576
f 1546/1587/1587 1532/1577/1577 1497/1549/1549
f 1558/1594/1594 1552/1595/1595 1580/1596/1596
f 1552/1595/1595 1558/1594/1594 1553/1597/1597
f 1554/1598/1598 1556/1599/1599 1555/1600/1600
f 1556/1599/1599 1554/1598/1598 1557/1601/1601
f 1580/1596/1596 1552/1595/1595 1555/1600/1600
f 1569/1602/1602 1554/1598/1598 1552/1595/1595
f 1554/1598/1598 1555/1600/1600 1552/1595/1595
f 1559/1603/1603 1580/1596/1596 1578/1604/1604
f 1558/1594/1594 1580/1596/1596 1559/1603/1603
f 1558/1594/1594 1561/1605/1605 1553/1597/1597
f 1563/1606/1606 1564/1607/1607 1553/1597/1597
f 1565/1608/1608 1567/1609/1609 1617/1610/1610
f 1563/1606/1606 1565/1608/1608 1568/1611/1611
f 1562/1612/1612 1563/1606/1606 1568/1611/1611
f 1563/1606/1606 1566/1613/1613 1565/1608/1608
f 1554/1598/1598 1648/1614/1614 1557/1601/1601
f 1564/1607/1607 1569/1602/1602 1552/1595/1595
f 1553/1597/1597 1564/1607/1607 1552/1595/1595
f 1561/1605/1605 1563/1606/1606 1553/1597/1597
f 1562/1612/1612 1569/1602/1602 1564/1607/1607
f 1563/1606/1606 1562/1612/1612 1564/1607/1607
f 1571/1615/1615 1638/1616/1616 1570/1617/1617
f 1638/1616/1616 1571/1615/1615 1557/1601/1601
f 1570/1617/1617 1638/1616/1616 1572/1618/1618
f 82/179/179 1574/1619/1619 1573/1620/1620
f 1572/1618/1618 1573/1620/1620 1574/1619/1619
f 82/179/179 1573/1620/1620 1637/1621/1621
f 1570/1617/1617 1574/1619/1619 1575/1622/1622
f 1570/1617/1617 1572/1618/1618 1574/1619/1619
f 1578/1604/1604 1580/1596/1596 1555/1600/1600
f 1578/1604/1604 1555/1600/1600 1577/1623/1623
f 1576/1624/1624 1570/1617/1617 1725/1625/1625
f 1725/1625/1625 1579/1626/1626 1577/1623/1623
f 1576/1624/1624 1725/1625/1625 1577/1623/1623
f 1559/1603/1603 1578/1604/1604 1724/1627/1627
f 1578/1604/1604 1579/1626/1626 1724/1627/1627
f 1724/1627/1627 1560/1628/1628 1559/1603/1603
f 1578/1604/1604 1577/1623/1623 1579/1626/1626
f 1555/1600/1600 1571/1615/1615 1581/1629/1629
f 1571/1615/1615 1556/1599/1599 1557/1601/1601
f 1556/1599/1599 1571/1615/1615 1555/1600/1600
f 1570/1617/1617 1576/1624/1624 1571/1615/1615
f 1577/1623/1623 1555/1600/1600 1581/1629/1629
f 1581/1629/1629 1571/1615/1615 1576/1624/1624
f 1577/1623/1623 1581/1629/1629 1576/1624/1624
f 1583/1630/1630 1584/1631/1631 1592/1632/1632
f 1582/1633/1633 1584/1631/1631 1583/1630/1630
f 1585/1634/1634 1586/1635/1635 1587/1636/1636
f 1582/1633/1633 1583/1630/1630 1587/1636/1636
f 1583/1630/1630 1585/1634/1634 1587/1636/1636
f 1590/1637/1637 1716/1638/1638 1588/1639/1639
f 1584/1631/1631 1582/1633/1633 1591/1640/1640
f 1589/1641/1641 1591/1640/1640 1582/1633/1633
f 1717/1642/1642 1589/1641/1641 1588/1639/1639
f 1591/1640/1640 1589/1641/1641 1717/1642/1642
f 1594/823/823 1593/1643/1643 1592/1632/1632
f 1592/1632/1632 1593/1643/1643 1595/1644/1644
f 1592/1632/1632 1584/1631/1631 1594/823/823
f 620/643/643 1593/1643/1643 1594/823/823
f 1595/1644/1644 1585/1634/1634 1583/1630/1630
f 1595/1644/1644 1586/1635/1635 1585/1634/1634
f 1595/1644/1644 1583/1630/1630 1592/1632/1632
f 1600/1645/1645 1599/1646/1646 1602/1647/1647
f 1600/1645/1645 1602/1647/1647 1598/1648/1648
f 1597/1649/1649 1598/1648/1648 1601/1650/1650
f 1598/1648/1648 1597/1649/1649 1596/1651/1651
f 1586/1635/1635 1600/1645/1645 1596/1651/1651
f 1596/1651/1651 1600/1645/1645 1598/1648/1648
f 1565/1608/1608 1601/1650/1650 1567/1609/1609
f 1601/1650/1650 1565/1608/1608 1566/1613/1613
f 1601/1650/1650 1602/1647/1647 1567/1609/1609
f 1563/1606/1606 1601/1650/1650 1566/1613/1613
f 1561/1605/1605 1601/1650/1650 1563/1606/1606
f 1601/1650/1650 1598/1648/1648 1602/1647/1647
f 1558/1594/1594 1582/1633/1633 1561/1605/1605
f 1558/1594/1594 1559/1603/1603 1588/1639/1639
f 1590/1637/1637 1559/1603/1603 1560/1628/1628
f 1559/1603/1603 1590/1637/1637 1588/1639/1639
f 1589/1641/1641 1582/1633/1633 1588/1639/1639
f 1588/1639/1639 1582/1633/1633 1558/1594/1594
f 1587/1636/1636 1596/1651/1651 1597/1649/1649
f 1586/1635/1635 1596/1651/1651 1587/1636/1636
f 1561/1605/1605 1597/1649/1649 1601/1650/1650
f 1561/1605/1605 1582/1633/1633 1597/1649/1649
f 1597/1649/1649 1582/1633/1633 1587/1636/1636
f 1604/1652/1652 1603/1653/1653 1605/1654/1654
f 1603/1653/1653 1604/1652/1652 1610/1655/1655
f 1641/1656/1656 1603/1653/1653 1612/1657/1657
f 1607/1658/1658 1605/1654/1654 1619/1659/1659
f 1619/1659/1659 1608/1660/1660 1607/1658/1658
f 1604/1652/1652 1605/1654/1654 1607/1658/1658
f 1611/1661/1661 1609/1662/1662 1606/1663/1663
f 1611/1661/1661 189/214/214 182/192/192
f 182/192/192 1609/1662/1662 1611/1661/1661
f 1610/1655/1655 1640/1664/1664 1612/1657/1657
f 1612/1657/1657 1603/1653/1653 1610/1655/1655
f 1640/1664/1664 1610/1655/1655 1609/1662/1662
f 1606/1663/1663 1609/1662/1662 1604/1652/1652
f 1604/1652/1652 1609/1662/1662 1610/1655/1655
f 1615/1665/1665 1614/1666/1666 1613/1667/1667
f 1644/1668/1668 1614/1666/1666 1641/1656/1656
f 1644/1668/1668 1643/1669/1669 1613/1667/1667
f 1644/1668/1668 1613/1667/1667 1614/1666/1666
f 1617/1610/1610 1819/1670/1670 1616/1671/1671
f 1618/1672/1672 1616/1671/1671 1819/1670/1670
f 1568/1611/1611 1617/1610/1610 1616/1671/1671
f 1618/1672/1672 1818/1673/1673 1615/1665/1665
f 1613/1667/1667 1618/1672/1672 1615/1665/1665
f 1616/1671/1671 1618/1672/1672 1613/1667/1667
f 1613/1667/1667 1643/1669/1669 1568/1611/1611
f 1568/1611/1611 1616/1671/1671 1613/1667/1667
f 1619/1659/1659 1614/1666/1666 1620/1674/1674
f 1620/1674/1674 1817/1675/1675 1619/1659/1659
f 1614/1666/1666 1619/1659/1659 1605/1654/1654
f 1608/1660/1660 1619/1659/1659 1817/1675/1675
f 1603/1653/1653 1614/1666/1666 1605/1654/1654
f 1641/1656/1656 1614/1666/1666 1603/1653/1653
f 1620/1674/1674 1614/1666/1666 1615/1665/1665
f 1622/1676/1676 184/210/210 1625/1677/1677
f 1622/1676/1676 1625/1677/1677 1621/1678/1678
f 1621/1678/1678 1808/1679/1679 1624/1680/1680
f 24/31/31 190/215/215 1624/1680/1680
f 190/215/215 1622/1676/1676 1624/1680/1680
f 184/210/210 1622/1676/1676 190/215/215
f 1621/1678/1678 1624/1680/1680 1622/1676/1676
f 189/214/214 1611/1661/1661 1625/1677/1677
f 1606/1663/1663 1625/1677/1677 1611/1661/1661
f 1625/1677/1677 184/210/210 185/209/209
f 1625/1677/1677 185/209/209 189/214/214
f 1607/1658/1658 1623/1681/1681 1604/1652/1652
f 1623/1681/1681 1607/1658/1658 1608/1660/1660
f 1623/1681/1681 1621/1678/1678 1606/1663/1663
f 1623/1681/1681 1606/1663/1663 1604/1652/1652
f 1606/1663/1663 1621/1678/1678 1625/1677/1677
f 1631/1682/1682 1627/1683/1683 1626/1684/1684
f 1629/203/203 1628/205/205 1630/1685/1685
f 1630/1685/1685 1626/1684/1684 1629/203/203
f 1631/1682/1682 1638/1616/1616 1557/1601/1601
f 1647/1686/1686 1631/1682/1682 1648/1614/1614
f 1648/1614/1614 1631/1682/1682 1557/1601/1601
f 1631/1682/1682 1647/1686/1686 1627/1683/1683
f 1631/1682/1682 1626/1684/1684 1638/1616/1616
f 1627/1683/1683 1632/207/207 1626/1684/1684
f 1632/207/207 1629/203/203 1626/1684/1684
f 1635/1687/1687 1634/1688/1688 1633/1689/1689
f 175/199/199 1637/1621/1621 1633/1689/1689
f 1572/1618/1618 1634/1688/1688 1635/1687/1687
f 1636/1690/1690 1628/205/205 177/196/196
f 1634/1688/1688 1628/205/205 1636/1690/1690
f 177/196/196 1628/205/205 178/204/204
f 175/199/199 1633/1689/1689 1636/1690/1690
f 1634/1688/1688 1636/1690/1690 1633/1689/1689
f 1636/1690/1690 177/196/196 175/199/199
f 175/199/199 176/200/200 1637/1621/1621
f 176/200/200 81/90/90 82/179/179
f 176/200/200 82/179/179 1637/1621/1621
f 1637/1621/1621 1573/1620/1620 1635/1687/1687
f 1572/1618/1618 1635/1687/1687 1573/1620/1620
f 1633/1689/1689 1637/1621/1621 1635/1687/1687
f 1628/205/205 1634/1688/1688 1630/1685/1685
f 1572/1618/1618 1638/1616/1616 1634/1688/1688
f 1630/1685/1685 1638/1616/1616 1626/1684/1684
f 1634/1688/1688 1638/1616/1616 1630/1685/1685
f 1562/1612/1612 1643/1669/1669 1639/1691/1691
f 1643/1669/1669 1644/1668/1668 1639/1691/1691
f 1640/1664/1664 1639/1691/1691 1641/1656/1656
f 1644/1668/1668 1641/1656/1656 1639/1691/1691
f 1648/1614/1614 1642/1692/1692 1646/1693/1693
f 1554/1598/1598 1569/1602/1602 1642/1692/1692
f 1642/1692/1692 1648/1614/1614 1554/1598/1598
f 1639/1691/1691 1569/1602/1602 1562/1612/1612
f 1639/1691/1691 1640/1664/1664 1642/1692/1692
f 1569/1602/1602 1639/1691/1691 1642/1692/1692
f 1562/1612/1612 1568/1611/1611 1643/1669/1669
f 1568/1611/1611 1565/1608/1608 1617/1610/1610
f 1632/207/207 1645/1694/1694 1609/1662/1662
f 1640/1664/1664 1609/1662/1662 1645/1694/1694
f 1632/207/207 1627/1683/1683 1645/1694/1694
f 182/192/192 1632/207/207 1609/1662/1662
f 1645/1694/1694 1647/1686/1686 1646/1693/1693
f 1642/1692/1692 1645/1694/1694 1646/1693/1693
f 1647/1686/1686 1645/1694/1694 1627/1683/1683
f 1647/1686/1686 1648/1614/1614 1646/1693/1693
f 1640/1664/1664 1641/1656/1656 1612/1657/1657
f 1640/1664/1664 1645/1694/1694 1642/1692/1692
f 1649/1695/1695 1670/1696/1696 1651/1697/1697
f 1652/1698/1698 1649/1695/1695 1651/1697/1697
f 1650/1699/1699 1667/1700/1700 1649/1695/1695
f 1653/1701/1701 1654/1702/1702 1656/1703/1703
f 1654/1702/1702 1653/1701/1701 1655/1704/1704
f 1651/1697/1697 1653/1701/1701 1656/1703/1703
f 1654/1702/1702 1655/1704/1704 1657/173/173
f 1692/1705/1705 1651/1697/1697 1656/1703/1703
f 1692/1705/1705 1656/1703/1703 1654/1702/1702
f 1658/1706/1706 1651/1697/1697 1692/1705/1705
f 1652/1698/1698 1651/1697/1697 1658/1706/1706
f 1651/1697/1697 1670/1696/1696 1653/1701/1701
f 1660/1707/1707 1659/1708/1708 1662/1709/1709
f 1659/1708/1708 1660/1707/1707 1691/1710/1710
f 1659/1708/1708 1691/1710/1710 1661/1711/1711
f 1663/1712/1712 1690/1713/1713 751/865/865
f 1659/1708/1708 1663/1712/1712 1664/1714/1714
f 1664/1714/1714 1666/1715/1715 1662/1709/1709
f 1662/1709/1709 1659/1708/1708 1664/1714/1714
f 1663/1712/1712 1659/1708/1708 1661/1711/1711
f 1650/1699/1699 1662/1709/1709 1665/1716/1716
f 1665/1716/1716 1662/1709/1709 1666/1715/1715
f 1650/1699/1699 1652/1698/1698 1660/1707/1707
f 1652/1698/1698 1650/1699/1699 1649/1695/1695
f 1650/1699/1699 1660/1707/1707 1662/1709/1709
f 1667/1700/1700 82/179/179 157/178/178
f 1669/1717/1717 1668/177/177 153/175/175
f 1653/1701/1701 1670/1696/1696 1669/1717/1717
f 1670/1696/1696 1668/177/177 1669/1717/1717
f 1671/1718/1718 1669/1717/1717 156/174/174
f 153/175/175 156/174/174 1669/1717/1717
f 1671/1718/1718 1657/173/173 1655/1704/1704
f 156/174/174 1657/173/173 1671/1718/1718
f 1653/1701/1701 1669/1717/1717 1671/1718/1718
f 1671/1718/1718 1655/1704/1704 1653/1701/1701
f 1649/1695/1695 1667/1700/1700 1670/1696/1696
f 157/178/178 1668/177/177 1670/1696/1696
f 1667/1700/1700 157/178/178 1670/1696/1696
f 1672/1719/1719 844/883/883 1673/1720/1720
f 1674/1721/1721 1672/1719/1719 1673/1720/1720
f 1673/1720/1720 844/883/883 1676/1722/1722
f 1677/1723/1723 1673/1720/1720 1676/1722/1722
f 1676/1722/1722 844/883/883 803/841/841
f 1677/1723/1723 1674/1721/1721 1673/1720/1720
f 1675/1724/1724 146/133/133 145/163/163
f 1696/1725/1725 1675/1724/1724 1678/1726/1726
f 1696/1725/1725 146/133/133 1675/1724/1724
f 1672/1719/1719 143/164/164 1679/167/167
f 144/166/166 1672/1719/1719 1679/167/167
f 133/152/152 1672/1719/1719 144/166/166
f 1675/1724/1724 143/164/164 1674/1721/1721
f 1672/1719/1719 1674/1721/1721 143/164/164
f 1675/1724/1724 145/163/163 143/164/164
f 140/161/161 1680/157/157 1681/886/886
f 1682/1727/1727 140/161/161 1681/886/886
f 1680/157/157 140/161/161 139/158/158
f 1680/157/157 2772/160/160 846/885/885
f 1682/1727/1727 844/883/883 1672/1719/1719
f 1681/886/886 838/877/877 1682/1727/1727
f 845/881/881 1682/1727/1727 838/877/877
f 1682/1727/1727 845/881/881 844/883/883
f 843/884/884 803/841/841 844/883/883
f 140/161/161 1672/1719/1719 133/152/152
f 1682/1727/1727 1672/1719/1719 140/161/161
f 817/857/857 1686/866/866 1684/1728/1728
f 1686/866/866 1683/1729/1729 1684/1728/1728
f 1658/1706/1706 1684/1728/1728 1652/1698/1698
f 1684/1728/1728 1683/1729/1729 1652/1698/1698
f 1684/1728/1728 1658/1706/1706 1685/1730/1730
f 1687/1731/1731 832/868/868 830/870/870
f 1688/1732/1732 1685/1730/1730 1687/1731/1731
f 832/868/868 1687/1731/1731 802/839/839
f 831/873/873 1688/1732/1732 830/870/870
f 1688/1732/1732 831/873/873 1684/1728/1728
f 831/873/873 817/857/857 1684/1728/1728
f 1685/1730/1730 1688/1732/1732 1684/1728/1728
f 1687/1731/1731 830/870/870 1688/1732/1732
f 1661/1711/1711 1689/1733/1733 827/862/862
f 1661/1711/1711 1691/1710/1710 1689/1733/1733
f 827/862/862 1689/1733/1733 1686/866/866
f 824/864/864 1690/1713/1713 827/862/862
f 1690/1713/1713 824/864/864 751/865/865
f 1663/1712/1712 1661/1711/1711 1690/1713/1713
f 1690/1713/1713 1661/1711/1711 827/862/862
f 1660/1707/1707 1683/1729/1729 1691/1710/1710
f 1683/1729/1729 1660/1707/1707 1652/1698/1698
f 1689/1733/1733 1683/1729/1729 1686/866/866
f 1691/1710/1710 1683/1729/1729 1689/1733/1733
f 1692/1705/1705 1678/1726/1726 1694/1734/1734
f 1654/1702/1702 1678/1726/1726 1692/1705/1705
f 1694/1734/1734 1678/1726/1726 1693/1735/1735
f 1657/173/173 1696/1725/1725 1695/1736/1736
f 1695/1736/1736 1654/1702/1702 1657/173/173
f 1657/173/173 121/135/135 146/133/133
f 1696/1725/1725 1657/173/173 146/133/133
f 1693/1735/1735 1678/1726/1726 1675/1724/1724
f 1654/1702/1702 1695/1736/1736 1678/1726/1726
f 1695/1736/1736 1696/1725/1725 1678/1726/1726
f 1677/1723/1723 1687/1731/1731 1685/1730/1730
f 1694/1734/1734 1674/1721/1721 1677/1723/1723
f 1675/1724/1724 1674/1721/1721 1694/1734/1734
f 802/839/839 1676/1722/1722 803/841/841
f 802/839/839 1687/1731/1731 1676/1722/1722
f 1676/1722/1722 1687/1731/1731 1677/1723/1723
f 1658/1706/1706 1697/1737/1737 1685/1730/1730
f 1694/1734/1734 1697/1737/1737 1692/1705/1705
f 1675/1724/1724 1694/1734/1734 1693/1735/1735
f 1677/1723/1723 1697/1737/1737 1694/1734/1734
f 1677/1723/1723 1685/1730/1730 1697/1737/1737
f 1697/1737/1737 1658/1706/1706 1692/1705/1705
f 1703/1738/1738 1701/1739/1739 1699/1740/1740
f 1701/1739/1739 1703/1738/1738 1698/1741/1741
f 1700/1742/1742 1707/1743/1743 1698/1741/1741
f 1698/1741/1741 777/814/814 1701/1739/1739
f 1703/1738/1738 1702/1744/1744 1704/1745/1745
f 1703/1738/1738 1699/1740/1740 1702/1744/1744
f 1705/1746/1746 1700/1742/1742 1703/1738/1738
f 1698/1741/1741 1703/1738/1738 1700/1742/1742
f 1707/1743/1743 1706/1747/1747 1709/826/826
f 748/782/782 1708/1748/1748 751/865/865
f 748/782/782 789/784/784 1708/1748/1748
f 1706/1747/1747 789/784/784 1709/826/826
f 789/784/784 1706/1747/1747 1708/1748/1748
f 788/825/825 1698/1741/1741 1707/1743/1743
f 1707/1743/1743 1709/826/826 788/825/825
f 777/814/814 1698/1741/1741 788/825/825
f 1707/1743/1743 1700/1742/1742 1706/1747/1747
f 1710/820/820 1712/1749/1749 1717/1642/1642
f 1711/1750/1750 1710/820/820 1717/1642/1642
f 784/812/812 1713/1751/1751 777/814/814
f 785/824/824 1711/1750/1750 784/812/812
f 1711/1750/1750 785/824/824 1710/820/820
f 784/812/812 1711/1750/1750 1713/1751/1751
f 782/822/822 1594/823/823 1710/820/820
f 1712/1749/1749 1710/820/820 1594/823/823
f 1584/1631/1631 1712/1749/1749 1594/823/823
f 1715/1752/1752 1714/1753/1753 1716/1638/1638
f 1717/1642/1642 1588/1639/1639 1716/1638/1638
f 1716/1638/1638 1714/1753/1753 1717/1642/1642
f 1704/1745/1745 1590/1637/1637 1560/1628/1628
f 1702/1744/1744 1699/1740/1740 1715/1752/1752
f 1702/1744/1744 1716/1638/1638 1590/1637/1637
f 1704/1745/1745 1702/1744/1744 1590/1637/1637
f 1702/1744/1744 1715/1752/1752 1716/1638/1638
f 1713/1751/1751 1699/1740/1740 1701/1739/1739
f 1713/1751/1751 1701/1739/1739 777/814/814
f 1714/1753/1753 1713/1751/1751 1711/1750/1750
f 1714/1753/1753 1711/1750/1750 1717/1642/1642
f 1712/1749/1749 1584/1631/1631 1591/1640/1640
f 1717/1642/1642 1712/1749/1749 1591/1640/1640
f 1699/1740/1740 1713/1751/1751 1714/1753/1753
f 1699/1740/1740 1714/1753/1753 1715/1752/1752
f 1721/1754/1754 1728/1755/1755 1719/1756/1756
f 1719/1756/1756 1718/1757/1757 1721/1754/1754
f 1719/1756/1756 1720/1758/1758 1718/1757/1757
f 1667/1700/1700 1722/1759/1759 1728/1755/1755
f 1719/1756/1756 1722/1759/1759 1723/1760/1760
f 1728/1755/1755 1722/1759/1759 1719/1756/1756
f 1726/1761/1761 1724/1627/1627 1725/1625/1625
f 1725/1625/1625 1724/1627/1627 1579/1626/1626
f 1720/1758/1758 1726/1761/1761 1725/1625/1625
f 1725/1625/1625 1570/1617/1617 1720/1758/1758
f 1570/1617/1617 1718/1757/1757 1720/1758/1758
f 1574/1619/1619 1727/1762/1762 1575/1622/1622
f 82/179/179 1727/1762/1762 1574/1619/1619
f 82/179/179 1667/1700/1700 1727/1762/1762
f 1728/1755/1755 1721/1754/1754 1727/1762/1762
f 1718/1757/1757 1570/1617/1617 1575/1622/1622
f 1727/1762/1762 1721/1754/1754 1575/1622/1622
f 1718/1757/1757 1575/1622/1622 1721/1754/1754
f 1727/1762/1762 1667/1700/1700 1728/1755/1755
f 1729/1763/1763 1733/1764/1764 1731/1765/1765
f 1665/1716/1716 1729/1763/1763 1731/1765/1765
f 1666/1715/1715 1730/1766/1766 1729/1763/1763
f 1665/1716/1716 1666/1715/1715 1729/1763/1763
f 1666/1715/1715 1664/1714/1714 1730/1766/1766
f 1734/1767/1767 1706/1747/1747 1700/1742/1742
f 1706/1747/1747 1734/1767/1767 1729/1763/1763
f 1706/1747/1747 1729/1763/1763 1730/1766/1766
f 1667/1700/1700 1650/1699/1699 1722/1759/1759
f 1650/1699/1699 1665/1716/1716 1731/1765/1765
f 1722/1759/1759 1650/1699/1699 1731/1765/1765
f 1664/1714/1714 1663/1712/1712 1706/1747/1747
f 1708/1748/1748 1663/1712/1712 751/865/865
f 1706/1747/1747 1663/1712/1712 1708/1748/1748
f 1664/1714/1714 1706/1747/1747 1730/1766/1766
f 1720/1758/1758 1734/1767/1767 1732/1768/1768
f 1700/1742/1742 1732/1768/1768 1734/1767/1767
f 1732/1768/1768 1700/1742/1742 1705/1746/1746
f 1703/1738/1738 1704/1745/1745 1724/1627/1627
f 1703/1738/1738 1724/1627/1627 1705/1746/1746
f 1724/1627/1627 1704/1745/1745 1560/1628/1628
f 1724/1627/1627 1726/1761/1761 1705/1746/1746
f 1732/1768/1768 1705/1746/1746 1726/1761/1761
f 1720/1758/1758 1732/1768/1768 1726/1761/1761
f 1723/1760/1760 1733/1764/1764 1734/1767/1767
f 1723/1760/1760 1734/1767/1767 1719/1756/1756
f 1733/1764/1764 1722/1759/1759 1731/1765/1765
f 1722/1759/1759 1733/1764/1764 1723/1760/1760
f 1734/1767/1767 1733/1764/1764 1729/1763/1763
f 1734/1767/1767 1720/1758/1758 1719/1756/1756
f 1736/1769/1769 1735/1770/1770 1741/1771/1771
f 1738/1772/1772 1736/1769/1769 1739/1773/1773
f 1774/1774/1774 1738/1772/1772 1739/1773/1773
f 1740/1775/1775 1735/1770/1770 1738/1772/1772
f 1736/1769/1769 1738/1772/1772 1735/1770/1770
f 1743/1776/1776 1741/1771/1771 1742/1777/1777
f 1737/1778/1778 1736/1769/1769 1741/1771/1771
f 1735/1770/1770 1742/1777/1777 1741/1771/1771
f 1744/1779/1779 714/689/689 1745/1780/1780
f 658/688/688 1745/1780/1780 714/689/689
f 1739/1773/1773 1736/1769/1769 1744/1779/1779
f 1780/1781/1781 1778/1782/1782 1744/1779/1779
f 1739/1773/1773 1744/1779/1779 1778/1782/1782
f 1746/1783/1783 1747/1784/1784 1740/1775/1775
f 1740/1775/1775 1738/1772/1772 1746/1783/1783
f 1746/1783/1783 1738/1772/1772 1774/1774/1774
f 1748/1785/1785 1751/1786/1786 1749/1787/1787
f 1748/1785/1785 1749/1787/1787 1746/1783/1783
f 1751/1786/1786 1748/1785/1785 1322/1361/1361
f 1750/1788/1788 1751/1786/1786 1747/1784/1784
f 1751/1786/1786 1750/1788/1788 1749/1787/1787
f 1747/1784/1784 1746/1783/1783 1750/1788/1788
f 1750/1788/1788 1746/1783/1783 1749/1787/1787
f 1752/1789/1789 1742/1777/1777 1735/1770/1770
f 1742/1777/1777 1759/1790/1790 1743/1776/1776
f 1740/1775/1775 1747/1784/1784 1752/1789/1789
f 1752/1789/1789 1735/1770/1770 1740/1775/1775
f 1757/1791/1791 1755/1792/1792 1753/1793/1793
f 1753/1793/1793 704/744/744 1737/1778/1778
f 1754/1794/1794 1753/1793/1793 1737/1778/1778
f 704/744/744 1753/1793/1793 716/745/745
f 1754/1794/1794 1759/1790/1790 1756/1795/1795
f 1757/1791/1791 1756/1795/1795 1759/1790/1790
f 1753/1793/1793 1754/1794/1794 1756/1795/1795
f 1756/1795/1795 1757/1791/1791 1753/1793/1793
f 1755/1792/1792 717/641/641 716/745/745
f 1593/1643/1643 717/641/641 1755/1792/1792
f 716/745/745 1753/1793/1793 1755/1792/1792
f 702/732/732 710/743/743 704/744/744
f 712/742/742 1744/1779/1779 1758/739/739
f 714/689/689 1744/1779/1779 712/742/742
f 1736/1769/1769 710/743/743 1758/739/739
f 1744/1779/1779 1736/1769/1769 1758/739/739
f 1737/1778/1778 710/743/743 1736/1769/1769
f 1754/1794/1794 1737/1778/1778 1741/1771/1771
f 1743/1776/1776 1754/1794/1794 1741/1771/1771
f 1754/1794/1794 1743/1776/1776 1759/1790/1790
f 704/744/744 710/743/743 1737/1778/1778
f 1761/1796/1796 1760/1797/1797 1762/1798/1798
f 1761/1796/1796 1765/1799/1799 1763/1800/1800
f 1760/1797/1797 1761/1796/1796 1763/1800/1800
f 1771/1801/1801 1760/1797/1797 1764/719/719
f 1760/1797/1797 1771/1801/1801 1762/1798/1798
f 1424/1485/1485 1783/1802/1802 1765/1799/1799
f 1424/1485/1485 1765/1799/1799 1766/1803/1803
f 1424/1485/1485 1425/1804/1804 1783/1802/1802
f 1763/1800/1800 1783/1802/1802 1781/1805/1805
f 1783/1802/1802 1763/1800/1800 1765/1799/1799
f 1761/1796/1796 1762/1798/1798 1765/1799/1799
f 1765/1799/1799 1762/1798/1798 1766/1803/1803
f 1768/1806/1806 696/725/725 1767/1807/1807
f 1781/1805/1805 1768/1806/1806 1767/1807/1807
f 1781/1805/1805 1767/1807/1807 1763/1800/1800
f 1769/728/728 658/688/688 698/687/687
f 1769/728/728 696/725/725 1768/1806/1806
f 696/725/725 688/723/723 1760/1797/1797
f 1764/719/719 1760/1797/1797 688/723/723
f 1767/1807/1807 1760/1797/1797 1763/1800/1800
f 1767/1807/1807 696/725/725 1760/1797/1797
f 1770/1808/1808 684/714/714 680/713/713
f 684/714/714 1770/1808/1808 1771/1801/1801
f 684/714/714 1771/1801/1801 685/717/717
f 1771/1801/1801 1764/719/719 685/717/717
f 682/710/710 1426/1487/1487 680/713/713
f 682/710/710 1248/1296/1296 1428/1489/1489
f 1770/1808/1808 1426/1487/1487 1422/1488/1488
f 1770/1808/1808 680/713/713 1426/1487/1487
f 1424/1485/1485 1766/1803/1803 1420/1483/1483
f 1772/1809/1809 1771/1801/1801 1770/1808/1808
f 1766/1803/1803 1762/1798/1798 1772/1809/1809
f 1762/1798/1798 1771/1801/1801 1772/1809/1809
f 1770/1808/1808 1422/1488/1488 1420/1483/1483
f 1420/1483/1483 1766/1803/1803 1772/1809/1809
f 1420/1483/1483 1772/1809/1809 1770/1808/1808
f 1776/1810/1810 1774/1774/1774 1419/1475/1475
f 1773/1479/1479 1424/1485/1485 1409/1462/1462
f 1419/1475/1475 1774/1774/1774 1773/1479/1479
f 1776/1810/1810 1775/1476/1476 1777/1478/1478
f 1748/1785/1785 1776/1810/1810 1777/1478/1478
f 1746/1783/1783 1776/1810/1810 1748/1785/1785
f 1418/1477/1477 1777/1478/1478 1775/1476/1476
f 1417/1474/1474 1748/1785/1785 1777/1478/1478
f 1417/1474/1474 1322/1361/1361 1748/1785/1785
f 1776/1810/1810 1746/1783/1783 1774/1774/1774
f 1776/1810/1810 1419/1475/1475 1775/1476/1476
f 1781/1805/1805 1778/1782/1782 1780/1781/1781
f 1779/1811/1811 1778/1782/1782 1781/1805/1805
f 1779/1811/1811 1774/1774/1774 1739/1773/1773
f 1778/1782/1782 1779/1811/1811 1739/1773/1773
f 1768/1806/1806 1782/1812/1812 1769/728/728
f 1744/1779/1779 1782/1812/1812 1780/1781/1781
f 1744/1779/1779 1745/1780/1780 1782/1812/1812
f 658/688/688 1782/1812/1812 1745/1780/1780
f 658/688/688 1769/728/728 1782/1812/1812
f 1782/1812/1812 1768/1806/1806 1781/1805/1805
f 1782/1812/1812 1781/1805/1805 1780/1781/1781
f 1773/1479/1479 1783/1802/1802 1425/1804/1804
f 1424/1485/1485 1773/1479/1479 1425/1804/1804
f 1779/1811/1811 1784/1813/1813 1774/1774/1774
f 1773/1479/1479 1774/1774/1774 1784/1813/1813
f 1783/1802/1802 1779/1811/1811 1781/1805/1805
f 1783/1802/1802 1773/1479/1479 1784/1813/1813
f 1779/1811/1811 1783/1802/1802 1784/1813/1813
f 1786/1814/1814 1785/1815/1815 1787/1816/1816
f 1788/1817/1817 1387/1443/1443 1825/1818/1818
f 1387/1443/1443 1356/1432/1432 1825/1818/1818
f 1788/1817/1817 1785/1815/1815 1786/1814/1814
f 1791/1819/1819 1790/1820/1820 1617/1610/1610
f 1791/1819/1819 1617/1610/1610 1567/1609/1609
f 1791/1819/1819 1789/1821/1821 1790/1820/1820
f 1787/1816/1816 1785/1815/1815 1832/1822/1822
f 1788/1817/1817 1789/1821/1821 1785/1815/1815
f 1791/1819/1819 1785/1815/1815 1789/1821/1821
f 1796/1823/1823 1792/1824/1824 1795/1825/1825
f 1793/1826/1826 1796/1823/1823 1795/1825/1825
f 1796/1823/1823 1794/1446/1446 1792/1824/1824
f 1793/1826/1826 1787/1816/1816 1797/1827/1827
f 1795/1825/1825 1787/1816/1816 1793/1826/1826
f 1831/1828/1828 1796/1823/1823 1793/1826/1826
f 1751/1786/1786 1794/1446/1446 1796/1823/1823
f 1794/1446/1446 1751/1786/1786 1322/1361/1361
f 1378/1445/1445 1792/1824/1824 1794/1446/1446
f 1786/1814/1814 1798/1829/1829 1388/1444/1444
f 1798/1829/1829 1792/1824/1824 1378/1445/1445
f 1378/1445/1445 1388/1444/1444 1798/1829/1829
f 1387/1443/1443 1786/1814/1814 1388/1444/1444
f 1786/1814/1814 1387/1443/1443 1788/1817/1817
f 1787/1816/1816 1795/1825/1825 1786/1814/1814
f 1795/1825/1825 1792/1824/1824 1798/1829/1829
f 1798/1829/1829 1786/1814/1814 1795/1825/1825
f 1799/1830/1830 1801/1831/1831 1800/1832/1832
f 1800/1832/1832 1804/1833/1833 1799/1830/1830
f 1802/1424/1424 1799/1830/1830 1807/1429/1429
f 1799/1830/1830 1802/1424/1424 1801/1831/1831
f 1800/1832/1832 1801/1831/1831 1812/1834/1834
f 1812/1834/1834 1803/1835/1835 1800/1832/1832
f 1806/1428/1428 1804/1833/1833 1805/1430/1430
f 1375/1431/1431 1805/1430/1430 1356/1432/1432
f 1805/1430/1430 1804/1833/1833 1356/1432/1432
f 1799/1830/1830 1804/1833/1833 1806/1428/1428
f 1807/1429/1429 1799/1830/1830 1806/1428/1428
f 1370/1422/1422 1808/1679/1679 1809/1423/1423
f 1808/1679/1679 1623/1681/1681 1809/1423/1423
f 24/31/31 1624/1680/1680 1810/1421/1421
f 1808/1679/1679 1811/1836/1836 1624/1680/1680
f 1808/1679/1679 1370/1422/1422 1811/1836/1836
f 1370/1422/1422 1810/1421/1421 1811/1836/1836
f 1624/1680/1680 1811/1836/1836 1810/1421/1421
f 1623/1681/1681 1608/1660/1660 1812/1834/1834
f 1812/1834/1834 1608/1660/1660 1803/1835/1835
f 1809/1423/1423 1801/1831/1831 1802/1424/1424
f 1621/1678/1678 1623/1681/1681 1808/1679/1679
f 1801/1831/1831 1623/1681/1681 1812/1834/1834
f 1801/1831/1831 1809/1423/1423 1623/1681/1681
f 1813/1837/1837 1815/1838/1838 1814/1839/1839
f 1813/1837/1837 1620/1674/1674 1815/1838/1838
f 1815/1838/1838 1620/1674/1674 1818/1673/1673
f 1815/1838/1838 1816/1840/1840 1814/1839/1839
f 1813/1837/1837 1826/1841/1841 1817/1675/1675
f 1826/1841/1841 1608/1660/1660 1817/1675/1675
f 1620/1674/1674 1813/1837/1837 1817/1675/1675
f 1818/1673/1673 1620/1674/1674 1615/1665/1665
f 1819/1670/1670 1820/1842/1842 1818/1673/1673
f 1818/1673/1673 1618/1672/1672 1819/1670/1670
f 1790/1820/1820 1819/1670/1670 1617/1610/1610
f 1820/1842/1842 1790/1820/1820 1815/1838/1838
f 1816/1840/1840 1790/1820/1820 1789/1821/1821
f 1789/1821/1821 1788/1817/1817 1816/1840/1840
f 1815/1838/1838 1790/1820/1820 1816/1840/1840
f 1818/1673/1673 1820/1842/1842 1815/1838/1838
f 1790/1820/1820 1820/1842/1842 1819/1670/1670
f 1788/1817/1817 1822/1843/1843 1821/1844/1844
f 1823/1845/1845 1804/1833/1833 1824/1846/1846
f 1823/1845/1845 1824/1846/1846 1821/1844/1844
f 1788/1817/1817 1821/1844/1844 1816/1840/1840
f 1821/1844/1844 1824/1846/1846 1816/1840/1840
f 1788/1817/1817 1825/1818/1818 1822/1843/1843
f 1804/1833/1833 1825/1818/1818 1356/1432/1432
f 1804/1833/1833 1823/1845/1845 1825/1818/1818
f 1822/1843/1843 1823/1845/1845 1821/1844/1844
f 1823/1845/1845 1822/1843/1843 1825/1818/1818
f 1800/1832/1832 1826/1841/1841 1824/1846/1846
f 1824/1846/1846 1804/1833/1833 1800/1832/1832
f 1800/1832/1832 1803/1835/1835 1826/1841/1841
f 1608/1660/1660 1826/1841/1841 1803/1835/1835
f 1824/1846/1846 1813/1837/1837 1814/1839/1839
f 1814/1839/1839 1816/1840/1840 1824/1846/1846
f 1826/1841/1841 1813/1837/1837 1824/1846/1846
f 1593/1643/1643 1827/1847/1847 1599/1646/1646
f 1586/1635/1635 1593/1643/1643 1599/1646/1646
f 1833/1848/1848 1827/1847/1847 1829/1849/1849
f 1828/1850/1850 1827/1847/1847 1833/1848/1848
f 1827/1847/1847 1791/1819/1819 1599/1646/1646
f 1599/1646/1646 1791/1819/1819 1567/1609/1609
f 1567/1609/1609 1602/1647/1647 1599/1646/1646
f 1600/1645/1645 1586/1635/1635 1599/1646/1646
f 1595/1644/1644 1593/1643/1643 1586/1635/1635
f 1593/1643/1643 620/643/643 717/641/641
f 1829/1849/1849 1827/1847/1847 1757/1791/1791
f 1827/1847/1847 1755/1792/1792 1757/1791/1791
f 1829/1849/1849 1757/1791/1791 1759/1790/1790
f 1593/1643/1643 1755/1792/1792 1827/1847/1847
f 1831/1828/1828 1830/1851/1851 1752/1789/1789
f 1797/1827/1827 1830/1851/1851 1831/1828/1828
f 1787/1816/1816 1832/1822/1822 1797/1827/1827
f 1832/1822/1822 1830/1851/1851 1797/1827/1827
f 1830/1851/1851 1828/1850/1850 1742/1777/1777
f 1742/1777/1777 1752/1789/1789 1830/1851/1851
f 1831/1828/1828 1751/1786/1786 1796/1823/1823
f 1751/1786/1786 1752/1789/1789 1747/1784/1784
f 1797/1827/1827 1831/1828/1828 1793/1826/1826
f 1752/1789/1789 1751/1786/1786 1831/1828/1828
f 1832/1822/1822 1791/1819/1819 1828/1850/1850
f 1785/1815/1815 1791/1819/1819 1832/1822/1822
f 1828/1850/1850 1791/1819/1819 1827/1847/1847
f 1829/1849/1849 1742/1777/1777 1833/1848/1848
f 1742/1777/1777 1829/1849/1849 1759/1790/1790
f 1828/1850/1850 1833/1848/1848 1742/1777/1777
f 1830/1851/1851 1832/1822/1822 1828/1850/1850
f 1835/1852/1852 2176/1853/1853 1836/1854/1854
f 2176/1853/1853 2012/1855/1855 1836/1854/1854
f 1834/1856/1856 1835/1852/1852 1836/1854/1854
f 1837/1857/1857 1836/1854/1854 2010/1858/1858
f 2023/1859/1859 2027/1860/1860 1837/1857/1857
f 1834/1856/1856 1837/1857/1857 1835/1852/1852
f 1836/1854/1854 1837/1857/1857 1834/1856/1856
f 1835/1852/1852 1838/1861/1861 2176/1853/1853
f 1843/1862/1862 1844/1863/1863 1845/1864/1864
f 1845/1864/1864 1986/1865/1865 1843/1862/1862
f 1846/1866/1866 1843/1862/1862 1847/1867/1867
f 1848/1868/1868 1846/1866/1866 1849/1869/1869
f 1847/1867/1867 1849/1869/1869 1846/1866/1866
f 1844/1863/1863 1843/1862/1862 1846/1866/1866
f 1840/1870/1870 1839/1871/1871 1844/1863/1863
f 1839/1871/1871 1845/1864/1864 1844/1863/1863
f 1852/1872/1872 1839/1871/1871 1850/1873/1873
f 1850/1873/1873 1851/1874/1874 1852/1872/1872
f 1841/1875/1875 1852/1872/1872 2286/1876/1876
f 2286/1876/1876 1842/1877/1877 1841/1875/1875
f 1839/1871/1871 1852/1872/1872 1841/1875/1875
f 1839/1871/1871 1840/1870/1870 1850/1873/1873
f 1854/1878/1878 1855/1879/1879 1856/1880/1880
f 1856/1880/1880 1857/1881/1881 1853/1882/1882
f 1854/1878/1878 1856/1880/1880 1853/1882/1882
f 1859/1883/1883 1860/1884/1884 1861/1885/1885
f 1859/1883/1883 1861/1885/1885 1858/1886/1886
f 1863/1887/1887 1858/1886/1886 1862/1888/1888
f 1900/1889/1889 1858/1886/1886 1863/1887/1887
f 1866/1890/1890 1854/1878/1878 1864/1891/1891
f 1864/1891/1891 1854/1878/1878 1853/1882/1882
f 1857/1881/1881 1860/1884/1884 1853/1882/1882
f 1887/1892/1892 1860/1884/1884 1857/1881/1881
f 1859/1883/1883 1916/1893/1893 1864/1891/1891
f 1860/1884/1884 1859/1883/1883 1853/1882/1882
f 1853/1882/1882 1859/1883/1883 1864/1891/1891
f 1865/1894/1894 1951/1895/1895 1871/1896/1896
f 1869/1897/1897 1868/1898/1898 1867/1899/1899
f 1951/1895/1895 1867/1899/1899 1868/1898/1898
f 1867/1899/1899 1951/1895/1895 1865/1894/1894
f 1951/1895/1895 1952/1900/1900 1871/1896/1896
f 1954/1901/1901 1871/1896/1896 1952/1900/1900
f 1855/1879/1879 1871/1896/1896 1954/1901/1901
f 1871/1896/1896 1855/1879/1879 1854/1878/1878
f 1865/1894/1894 1854/1878/1878 1866/1890/1890
f 1854/1878/1878 1865/1894/1894 1871/1896/1896
f 1874/1902/1902 1873/1903/1903 1872/1904/1904
f 1875/1905/1905 1873/1903/1903 1876/1906/1906
f 1873/1903/1903 1875/1905/1905 1872/1904/1904
f 1884/1907/1907 1878/1908/1908 1877/1909/1909
f 1884/1907/1907 1877/1909/1909 1874/1902/1902
f 1884/1907/1907 1874/1902/1902 1872/1904/1904
f 1875/1905/1905 1876/1906/1906 1880/1910/1910
f 1875/1905/1905 1880/1910/1910 1879/1911/1911
f 1882/1912/1912 1879/1911/1911 1881/1913/1913
f 1882/1912/1912 1881/1913/1913 1972/1914/1914
f 1882/1912/1912 1883/1915/1915 1879/1911/1911
f 1872/1904/1904 1875/1905/1905 1884/1907/1907
f 1875/1905/1905 1883/1915/1915 2003/1916/1916
f 1875/1905/1905 2003/1916/1916 1884/1907/1907
f 1875/1905/1905 1879/1911/1911 1883/1915/1915
f 1885/1917/1917 1860/1884/1884 1887/1892/1892
f 1887/1892/1892 1889/1918/1918 1885/1917/1917
f 1889/1918/1918 1877/1909/1909 1888/1919/1919
f 1888/1919/1919 1886/1920/1920 1885/1917/1917
f 1888/1919/1919 1885/1917/1917 1889/1918/1918
f 1862/1888/1888 1858/1886/1886 1861/1885/1885
f 1890/1921/1921 1862/1888/1888 1861/1885/1885
f 1860/1884/1884 1886/1920/1920 1861/1885/1885
f 1860/1884/1884 1885/1917/1917 1886/1920/1920
f 1886/1920/1920 1890/1921/1921 1861/1885/1885
f 1855/1879/1879 1891/1922/1922 1856/1880/1880
f 1857/1881/1881 1856/1880/1880 1891/1922/1922
f 1874/1902/1902 1891/1922/1922 1873/1903/1903
f 1891/1922/1922 1855/1879/1879 1873/1903/1903
f 1891/1922/1922 1877/1909/1909 1889/1918/1918
f 1877/1909/1909 1891/1922/1922 1874/1902/1902
f 1857/1881/1881 1889/1918/1918 1887/1892/1892
f 1889/1918/1918 1857/1881/1881 1891/1922/1922
f 1894/1923/1923 1893/1924/1924 1892/1925/1925
f 1901/1926/1926 1893/1924/1924 1894/1923/1923
f 1895/1927/1927 1892/1925/1925 1893/1924/1924
f 1896/1928/1928 1899/1929/1929 1897/1930/1930
f 1907/1931/1931 1898/1932/1932 1896/1928/1928
f 1917/1933/1933 1899/1929/1929 1896/1928/1928
f 1901/1926/1926 1894/1923/1923 1899/1929/1929
f 1892/1925/1925 1897/1930/1930 1894/1923/1923
f 1897/1930/1930 1899/1929/1929 1894/1923/1923
f 1893/1924/1924 1901/1926/1926 1900/1889/1889
f 1902/1934/1934 1900/1889/1889 1863/1887/1887
f 1902/1934/1934 1991/1935/1935 1893/1924/1924
f 1900/1889/1889 1902/1934/1934 1893/1924/1924
f 1991/1935/1935 1895/1927/1927 1893/1924/1924
f 1905/1936/1936 1903/1937/1937 1904/1938/1938
f 1892/1925/1925 1895/1927/1927 1903/1937/1937
f 1903/1937/1937 1842/1877/1877 1904/1938/1938
f 2373/1939/1939 1905/1936/1936 1904/1938/1938
f 1897/1930/1930 1907/1931/1931 1896/1928/1928
f 1907/1931/1931 1897/1930/1930 1906/1940/1940
f 1906/1940/1940 1908/1941/1941 1907/1931/1931
f 1897/1930/1930 1905/1936/1936 1906/1940/1940
f 1905/1936/1936 1892/1925/1925 1903/1937/1937
f 1897/1930/1930 1892/1925/1925 1905/1936/1936
f 1909/1942/1942 1866/1890/1890 1918/1943/1943
f 1898/1932/1932 1910/1944/1944 1909/1942/1942
f 1910/1944/1944 1912/1945/1945 1909/1942/1942
f 1909/1942/1942 1918/1943/1943 1898/1932/1932
f 1912/1945/1945 1867/1899/1899 1911/1946/1946
f 2369/1947/1947 1913/1948/1948 1867/1899/1899
f 1912/1945/1945 2369/1947/1947 1867/1899/1899
f 1913/1948/1948 1870/1949/1949 1869/1897/1897
f 1867/1899/1899 1913/1948/1948 1869/1897/1897
f 1909/1942/1942 1911/1946/1946 1866/1890/1890
f 1867/1899/1899 1865/1894/1894 1911/1946/1946
f 1866/1890/1890 1911/1946/1946 1865/1894/1894
f 1911/1946/1946 1909/1942/1942 1912/1945/1945
f 1914/1950/1950 1859/1883/1883 1901/1926/1926
f 1914/1950/1950 1901/1926/1926 1915/1951/1951
f 1859/1883/1883 1914/1950/1950 1916/1893/1893
f 1864/1891/1891 1916/1893/1893 1914/1950/1950
f 1918/1943/1943 1864/1891/1891 1914/1950/1950
f 1900/1889/1889 1859/1883/1883 1858/1886/1886
f 1900/1889/1889 1901/1926/1926 1859/1883/1883
f 1917/1933/1933 1915/1951/1951 1899/1929/1929
f 1917/1933/1933 1898/1932/1932 1918/1943/1943
f 1896/1928/1928 1898/1932/1932 1917/1933/1933
f 1918/1943/1943 1866/1890/1890 1864/1891/1891
f 1915/1951/1951 1901/1926/1926 1899/1929/1929
f 1918/1943/1943 1915/1951/1951 1917/1933/1933
f 1915/1951/1951 1918/1943/1943 1914/1950/1950
f 1919/1952/1952 1923/1953/1953 1921/1954/1954
f 1922/1955/1955 1919/1952/1952 1942/1956/1956
f 1920/1957/1957 1926/1958/1958 1923/1953/1953
f 1926/1958/1958 1929/1959/1959 1923/1953/1953
f 1923/1953/1953 1919/1952/1952 1920/1957/1957
f 1921/1954/1954 2352/1960/1960 1938/1961/1961
f 1938/1961/1961 1919/1952/1952 1921/1954/1954
f 1924/1962/1962 1920/1957/1957 1922/1955/1955
f 1940/1963/1963 1924/1962/1962 1922/1955/1955
f 1924/1962/1962 1925/1964/1964 1949/1965/1965
f 1940/1963/1963 1925/1964/1964 1924/1962/1962
f 1920/1957/1957 1924/1962/1962 1926/1958/1958
f 1922/1955/1955 1920/1957/1957 1919/1952/1952
f 1923/1953/1953 1927/1966/1966 1928/1967/1967
f 1929/1959/1959 1927/1966/1966 1923/1953/1953
f 1870/1949/1949 1927/1966/1966 1930/1968/1968
f 1931/1969/1969 1927/1966/1966 1870/1949/1949
f 1928/1967/1967 1927/1966/1966 1931/1969/1969
f 2338/1970/1970 1932/1971/1971 1928/1967/1967
f 2357/1972/1972 1921/1954/1954 1932/1971/1971
f 1921/1954/1954 1923/1953/1953 1928/1967/1967
f 1921/1954/1954 1928/1967/1967 1932/1971/1971
f 1937/1973/1973 2354/1974/1974 1933/1975/1975
f 2352/1960/1960 1937/1973/1973 1938/1961/1961
f 2352/1960/1960 2351/1976/1976 1937/1973/1973
f 2354/1974/1974 1937/1973/1973 2351/1976/1976
f 2354/1974/1974 1934/1977/1977 1933/1975/1975
f 2773/1978/1978 1936/1979/1979 1935/1980/1980
f 1935/1980/1980 1933/1975/1975 2773/1978/1978
f 2773/1978/1978 1933/1975/1975 1934/1977/1977
f 2773/1978/1978 1934/1977/1977 1939/1981/1981
f 1922/1955/1955 1935/1980/1980 1940/1963/1963
f 1940/1963/1963 1935/1980/1980 1941/1982/1982
f 1936/1979/1979 1941/1982/1982 1935/1980/1980
f 1925/1964/1964 1940/1963/1963 1941/1982/1982
f 1935/1980/1980 1942/1956/1956 1937/1973/1973
f 1933/1975/1975 1935/1980/1980 1937/1973/1973
f 1942/1956/1956 1935/1980/1980 1922/1955/1955
f 1942/1956/1956 1938/1961/1961 1937/1973/1973
f 1919/1952/1952 1938/1961/1961 1942/1956/1956
f 1943/1983/1983 1944/1984/1984 1945/1985/1985
f 1944/1984/1984 1943/1983/1983 1946/1986/1986
f 1945/1985/1985 1944/1984/1984 1948/1987/1987
f 1949/1965/1965 1925/1964/1964 1948/1987/1987
f 1945/1985/1985 1947/1988/1988 1943/1983/1983
f 1880/1910/1910 1943/1983/1983 1950/1989/1989
f 1947/1988/1988 1950/1989/1989 1943/1983/1983
f 1950/1989/1989 3395/1990/1990 1881/1913/1913
f 1950/1989/1989 1881/1913/1913 1880/1910/1910
f 1879/1911/1911 1880/1910/1910 1881/1913/1913
f 1946/1986/1986 1880/1910/1910 1873/1903/1903
f 1880/1910/1910 1876/1906/1906 1873/1903/1903
f 1873/1903/1903 1855/1879/1879 1946/1986/1986
f 1946/1986/1986 1943/1983/1983 1880/1910/1910
f 1953/1991/1991 1951/1895/1895 1929/1959/1959
f 1953/1991/1991 1952/1900/1900 1951/1895/1895
f 1951/1895/1895 1868/1898/1898 1930/1968/1968
f 1927/1966/1966 1951/1895/1895 1930/1968/1968
f 1869/1897/1897 1870/1949/1949 1930/1968/1968
f 1868/1898/1898 1869/1897/1897 1930/1968/1968
f 1927/1966/1966 1929/1959/1959 1951/1895/1895
f 1924/1962/1962 1953/1991/1991 1926/1958/1958
f 1948/1987/1987 1953/1991/1991 1949/1965/1965
f 1949/1965/1965 1953/1991/1991 1924/1962/1962
f 1944/1984/1984 1954/1901/1901 1953/1991/1991
f 1952/1900/1900 1953/1991/1991 1954/1901/1901
f 1948/1987/1987 1944/1984/1984 1953/1991/1991
f 1944/1984/1984 1946/1986/1986 1954/1901/1901
f 1946/1986/1986 1855/1879/1879 1954/1901/1901
f 1926/1958/1958 1953/1991/1991 1929/1959/1959
f 1960/1992/1992 1956/1993/1993 1955/1994/1994
f 1955/1994/1994 1957/1995/1995 1960/1992/1992
f 1955/1994/1994 1958/1996/1996 1959/1997/1997
f 1958/1996/1996 1955/1994/1994 1956/1993/1993
f 1955/1994/1994 1959/1997/1997 1957/1995/1995
f 1960/1992/1992 1978/1998/1998 1961/1999/1999
f 1960/1992/1992 1845/1864/1864 1956/1993/1993
f 1845/1864/1864 1839/1871/1871 1956/1993/1993
f 1958/1996/1996 1956/1993/1993 1962/2000/2000
f 1964/2001/2001 1963/2002/2002 1976/2003/2003
f 1976/2003/2003 1963/2002/2002 1965/2004/2004
f 1976/2003/2003 1973/2005/2005 1964/2001/2001
f 1963/2002/2002 1964/2001/2001 1981/2006/2006
f 1981/2006/2006 1964/2001/2001 1966/2007/2007
f 1973/2005/2005 1966/2007/2007 1964/2001/2001
f 1963/2002/2002 2007/2008/2008 1965/2004/2004
f 1963/2002/2002 1981/2006/2006 1968/2009/2009
f 1968/2009/2009 2007/2008/2008 1963/2002/2002
f 1969/2010/2010 1971/2011/2011 2005/2012/2012
f 2005/2012/2012 1971/2011/2011 1976/2003/2003
f 1969/2010/2010 2005/2012/2012 1970/2013/2013
f 1970/2013/2013 1972/1914/1914 1969/2010/2010
f 1971/2011/2011 1969/2010/2010 1972/1914/1914
f 1974/2014/2014 1975/2015/2015 1976/2003/2003
f 1973/2005/2005 1976/2003/2003 1975/2015/2015
f 1967/2016/2016 1966/2007/2007 1975/2015/2015
f 1966/2007/2007 1973/2005/2005 1975/2015/2015
f 2005/2012/2012 1976/2003/2003 1965/2004/2004
f 1974/2014/2014 1976/2003/2003 1971/2011/2011
f 1978/1998/1998 1982/2017/2017 1977/2018/2018
f 1967/2016/2016 3367/2019/2019 1979/2020/2020
f 1977/2018/2018 1979/2020/2020 3374/2021/2021
f 1977/2018/2018 1982/2017/2017 1979/2020/2020
f 1960/1992/1992 1957/1995/1995 1978/1998/1998
f 1980/2022/2022 1961/1999/1999 1978/1998/1998
f 1980/2022/2022 1978/1998/1998 1977/2018/2018
f 1957/1995/1995 1959/1997/1997 1981/2006/2006
f 1968/2009/2009 1959/1997/1997 1958/1996/1996
f 1959/1997/1997 1968/2009/2009 1981/2006/2006
f 1982/2017/2017 1967/2016/2016 1979/2020/2020
f 1967/2016/2016 1981/2006/2006 1966/2007/2007
f 1982/2017/2017 1981/2006/2006 1967/2016/2016
f 1957/1995/1995 1982/2017/2017 1978/1998/1998
f 1982/2017/2017 1957/1995/1995 1981/2006/2006
f 1984/2023/2023 1986/1865/1865 1983/2024/2024
f 1983/2024/2024 1987/2025/2025 3335/2026/2026
f 1987/2025/2025 1961/1999/1999 3337/2027/2027
f 1985/2028/2028 1984/2023/2023 1983/2024/2024
f 1989/2029/2029 1849/1869/1869 1988/2030/2030
f 1847/1867/1867 1988/2030/2030 1849/1869/1869
f 1989/2029/2029 1984/2023/2023 3355/2031/2031
f 1984/2023/2023 1985/2028/2028 3355/2031/2031
f 1989/2029/2029 1848/1868/1868 1849/1869/1869
f 1843/1862/1862 1986/1865/1865 1847/1867/1867
f 1988/2030/2030 1984/2023/2023 1989/2029/2029
f 1986/1865/1865 1984/2023/2023 1847/1867/1867
f 1984/2023/2023 1988/2030/2030 1847/1867/1867
f 1986/1865/1865 1845/1864/1864 1987/2025/2025
f 1845/1864/1864 1960/1992/1992 1987/2025/2025
f 1961/1999/1999 1987/2025/2025 1960/1992/1992
f 1987/2025/2025 1983/2024/2024 1986/1865/1865
f 1990/2032/2032 1841/1875/1875 1991/1935/1935
f 1990/2032/2032 1839/1871/1871 1841/1875/1875
f 1841/1875/1875 1903/1937/1937 1895/1927/1927
f 1903/1937/1937 1841/1875/1875 1842/1877/1877
f 1895/1927/1927 1991/1935/1935 1841/1875/1875
f 1992/2033/2033 1993/2034/2034 1995/2035/2035
f 1995/2035/2035 1997/2036/2036 1992/2033/2033
f 1878/1908/1908 1996/2037/2037 1877/1909/1909
f 1997/2036/2036 2002/2038/2038 2008/2039/2039
f 1997/2036/2036 1996/2037/2037 2002/2038/2038
f 1999/2040/2040 1997/2036/2036 2008/2039/2039
f 1996/2037/2037 1997/2036/2036 1995/2035/2035
f 1992/2033/2033 1998/2041/2041 1994/2042/2042
f 1992/2033/2033 1997/2036/2036 1998/2041/2041
f 1997/2036/2036 1999/2040/2040 1998/2041/2041
f 2000/2043/2043 1890/1921/1921 1992/2033/2033
f 2000/2043/2043 1902/1934/1934 1862/1888/1888
f 1902/1934/1934 1863/1887/1887 1862/1888/1888
f 1862/1888/1888 1890/1921/1921 2000/2043/2043
f 1992/2033/2033 1886/1920/1920 1993/2034/2034
f 1993/2034/2034 1886/1920/1920 1888/1919/1919
f 1996/2037/2037 1995/2035/2035 1888/1919/1919
f 1877/1909/1909 1996/2037/2037 1888/1919/1919
f 1993/2034/2034 1888/1919/1919 1995/2035/2035
f 2000/2043/2043 1992/2033/2033 1994/2042/2042
f 1992/2033/2033 1890/1921/1921 1886/1920/1920
f 2004/2044/2044 2002/2038/2038 2001/2045/2045
f 2001/2045/2045 2002/2038/2038 1878/1908/1908
f 1884/1907/1907 2003/1916/1916 2001/2045/2045
f 2001/2045/2045 1878/1908/1908 1884/1907/1907
f 2003/1916/1916 1882/1912/1912 1970/2013/2013
f 1882/1912/1912 2003/1916/1916 1883/1915/1915
f 1882/1912/1912 1972/1914/1914 1970/2013/2013
f 2004/2044/2044 2005/2012/2012 1965/2004/2004
f 2001/2045/2045 2005/2012/2012 2004/2044/2044
f 2003/1916/1916 1970/2013/2013 2005/2012/2012
f 2001/2045/2045 2003/1916/1916 2005/2012/2012
f 1999/2040/2040 2006/2046/2046 2007/2008/2008
f 2006/2046/2046 1999/2040/2040 2008/2039/2039
f 2006/2046/2046 2004/2044/2044 1965/2004/2004
f 2007/2008/2008 2006/2046/2046 1965/2004/2004
f 2007/2008/2008 1968/2009/2009 1958/1996/1996
f 1958/1996/1996 1998/2041/2041 2007/2008/2008
f 1998/2041/2041 1999/2040/2040 2007/2008/2008
f 1878/1908/1908 2002/2038/2038 1996/2037/2037
f 2004/2044/2044 2006/2046/2046 2002/2038/2038
f 2002/2038/2038 2006/2046/2046 2008/2039/2039
f 1839/1871/1871 1990/2032/2032 1962/2000/2000
f 1956/1993/1993 1839/1871/1871 1962/2000/2000
f 1991/1935/1935 1994/2042/2042 1990/2032/2032
f 1994/2042/2042 2009/2047/2047 1990/2032/2032
f 1902/1934/1934 2000/2043/2043 1994/2042/2042
f 1994/2042/2042 1991/1935/1935 1902/1934/1934
f 1994/2042/2042 1998/2041/2041 2009/2047/2047
f 1998/2041/2041 1962/2000/2000 2009/2047/2047
f 1962/2000/2000 1998/2041/2041 1958/1996/1996
f 2009/2047/2047 1962/2000/2000 1990/2032/2032
f 2010/1858/1858 1836/1854/1854 2012/1855/1855
f 1840/1870/1870 2010/1858/1858 2012/1855/1855
f 2021/2048/2048 2013/2049/2049 2015/2050/2050
f 2017/2051/2051 2018/2052/2052 2020/2053/2053
f 2017/2051/2051 2020/2053/2053 2016/2054/2054
f 2013/2049/2049 2019/2055/2055 2015/2050/2050
f 2016/2054/2054 2020/2053/2053 2013/2049/2049
f 2013/2049/2049 2014/2056/2056 2016/2054/2054
f 2020/2053/2053 2019/2055/2055 2013/2049/2049
f 2010/1858/1858 2021/2048/2048 2011/2057/2057
f 2011/2057/2057 2021/2048/2048 2022/2058/2058
f 2010/1858/1858 1840/1870/1870 2014/2056/2056
f 2021/2048/2048 2014/2056/2056 2013/2049/2049
f 2010/1858/1858 2014/2056/2056 2021/2048/2048
f 1837/1857/1857 2024/2059/2059 2023/1859/1859
f 2023/1859/1859 2024/2059/2059 2025/2060/2060
f 2010/1858/1858 2011/2057/2057 1837/1857/1857
f 2011/2057/2057 2024/2059/2059 1837/1857/1857
f 1850/1873/1873 2012/1855/1855 2176/1853/1853
f 2012/1855/1855 1850/1873/1873 1840/1870/1870
f 1844/1863/1863 1846/1866/1866 2017/2051/2051
f 2018/2052/2052 1846/1866/1866 1848/1868/1868
f 3180/2061/2061 2018/2052/2052 1848/1868/1868
f 1846/1866/1866 2018/2052/2052 2017/2051/2051
f 2016/2054/2054 2014/2056/2056 1844/1863/1863
f 2017/2051/2051 2016/2054/2054 1844/1863/1863
f 1844/1863/1863 2014/2056/2056 1840/1870/1870
f 2026/2062/2062 1835/1852/1852 2027/1860/1860
f 3120/2063/2063 2026/2062/2062 2027/1860/1860
f 2028/2064/2064 2026/2062/2062 3120/2063/2063
f 2026/2062/2062 1838/1861/1861 1835/1852/1852
f 2025/2060/2060 2027/1860/1860 2023/1859/1859
f 1835/1852/1852 1837/1857/1857 2027/1860/1860
f 2029/2065/2065 2026/2062/2062 2030/2066/2066
f 2038/2067/2067 2034/2068/2068 2032/2069/2069
f 2039/2070/2070 2032/2069/2069 2041/2071/2071
f 2033/2072/2072 2032/2069/2069 2035/2073/2073
f 2035/2073/2073 2032/2069/2069 2039/2070/2070
f 2089/2074/2074 2036/2075/2075 2033/2072/2072
f 2037/2076/2076 2033/2072/2072 2036/2075/2075
f 2037/2076/2076 2038/2067/2067 2032/2069/2069
f 2032/2069/2069 2033/2072/2072 2037/2076/2076
f 2040/2077/2077 2044/2078/2078 2041/2071/2071
f 2044/2078/2078 2039/2070/2070 2041/2071/2071
f 2032/2069/2069 2042/2079/2079 2043/2080/2080
f 2041/2071/2071 2032/2069/2069 2043/2080/2080
f 2042/2079/2079 2032/2069/2069 2034/2068/2068
f 2041/2071/2071 2043/2080/2080 2040/2077/2077
f 2029/2065/2065 2039/2070/2070 2063/2081/2081
f 2039/2070/2070 2044/2078/2078 2063/2081/2081
f 2029/2065/2065 2035/2073/2073 2039/2070/2070
f 2033/2072/2072 2035/2073/2073 2045/2082/2082
f 2047/2083/2083 2046/2084/2084 2048/2085/2085
f 2062/2086/2086 2051/2087/2087 2049/2088/2088
f 2062/2086/2086 2049/2088/2088 2050/2089/2089
f 2036/2075/2075 2089/2074/2074 2051/2087/2087
f 2052/2090/2090 2049/2088/2088 2051/2087/2087
f 2049/2088/2088 2098/2091/2091 2046/2084/2084
f 2046/2084/2084 2047/2083/2083 2049/2088/2088
f 2047/2083/2083 2050/2089/2089 2049/2088/2088
f 2096/2092/2092 2053/2093/2093 2055/2094/2094
f 2053/2093/2093 2054/2095/2095 2055/2094/2094
f 2053/2093/2093 2096/2092/2092 2056/2096/2096
f 641/1324/1324 2053/2093/2093 2056/2096/2096
f 2538/2097/2097 2540/2098/2098 2053/2093/2093
f 2539/2099/2099 2054/2095/2095 2540/2098/2098
f 2048/2085/2085 2054/2095/2095 2539/2099/2099
f 2055/2094/2094 2054/2095/2095 2046/2084/2084
f 2046/2084/2084 2054/2095/2095 2048/2085/2085
f 2540/2098/2098 2054/2095/2095 2053/2093/2093
f 2058/2100/2100 2057/2101/2101 2059/2102/2102
f 2059/2102/2102 2034/2068/2068 2038/2067/2067
f 2048/2085/2085 2057/2101/2101 2058/2100/2100
f 2060/2103/2103 2040/2077/2077 2043/2080/2080
f 2061/2104/2104 2060/2103/2103 2042/2079/2079
f 2060/2103/2103 2065/2105/2105 2044/2078/2078
f 2044/2078/2078 2040/2077/2077 2060/2103/2103
f 2059/2102/2102 2042/2079/2079 2034/2068/2068
f 2042/2079/2079 2057/2101/2101 2061/2104/2104
f 2059/2102/2102 2057/2101/2101 2042/2079/2079
f 2060/2103/2103 2043/2080/2080 2042/2079/2079
f 2037/2076/2076 2062/2086/2086 2038/2067/2067
f 2036/2075/2075 2062/2086/2086 2037/2076/2076
f 2038/2067/2067 2062/2086/2086 2050/2089/2089
f 2062/2086/2086 2036/2075/2075 2051/2087/2087
f 2048/2085/2085 2058/2100/2100 2047/2083/2083
f 2050/2089/2089 2058/2100/2100 2059/2102/2102
f 2038/2067/2067 2050/2089/2089 2059/2102/2102
f 2047/2083/2083 2058/2100/2100 2050/2089/2089
f 2064/2106/2106 2029/2065/2065 2063/2081/2081
f 2029/2065/2065 2064/2106/2106 2524/2107/2107
f 2035/2073/2073 2029/2065/2065 2030/2066/2066
f 2065/2105/2105 2063/2081/2081 2044/2078/2078
f 2031/2108/2108 2026/2062/2062 2029/2065/2065
f 2030/2066/2066 2026/2062/2062 2066/2109/2109
f 2026/2062/2062 1125/1172/1172 1121/1169/1169
f 2066/2109/2109 1121/1169/1169 1124/1043/1043
f 2026/2062/2062 1121/1169/1169 2066/2109/2109
f 2069/2110/2110 2068/2111/2111 2076/2112/2112
f 2079/2113/2113 2067/2114/2114 2069/2110/2110
f 2070/2115/2115 2067/2114/2114 2079/2113/2113
f 2074/2116/2116 2068/2111/2111 2067/2114/2114
f 2067/2114/2114 2068/2111/2111 2069/2110/2110
f 1089/1140/1140 2073/2117/2117 1101/1151/1151
f 2073/2117/2117 2071/2118/2118 2070/2115/2115
f 2072/2119/2119 2073/2117/2117 2070/2115/2115
f 2071/2118/2118 2074/2116/2116 2067/2114/2114
f 2070/2115/2115 2071/2118/2118 2067/2114/2114
f 2035/2073/2073 2068/2111/2111 2074/2116/2116
f 2030/2066/2066 2068/2111/2111 2035/2073/2073
f 2079/2113/2113 2076/2112/2112 2075/2120/2120
f 2076/2112/2112 2077/1154/1154 2075/2120/2120
f 1106/1158/1158 1095/1145/1145 2075/2120/2120
f 2068/2111/2111 2066/2109/2109 2076/2112/2112
f 2076/2112/2112 2078/1159/1159 2077/1154/1154
f 2078/1159/1159 1000/1041/1041 2077/1154/1154
f 2075/2120/2120 2077/1154/1154 1106/1158/1158
f 2081/1149/1149 2072/2119/2119 2080/2121/2121
f 2070/2115/2115 2079/2113/2113 2080/2121/2121
f 2075/2120/2120 1103/1153/1153 2079/2113/2113
f 2075/2120/2120 1095/1145/1145 1103/1153/1153
f 1104/1152/1152 2081/1149/1149 2080/2121/2121
f 1104/1152/1152 2080/2121/2121 1103/1153/1153
f 2079/2113/2113 1103/1153/1153 2080/2121/2121
f 1101/1151/1151 2073/2117/2117 2072/2119/2119
f 1100/1150/1150 1101/1151/1151 2072/2119/2119
f 2072/2119/2119 2070/2115/2115 2080/2121/2121
f 2072/2119/2119 2081/1149/1149 1100/1150/1150
f 2076/2112/2112 2079/2113/2113 2069/2110/2110
f 2087/2122/2122 2084/2123/2123 2082/2124/2124
f 2083/2125/2125 2093/2126/2126 2082/2124/2124
f 2084/2123/2123 2083/2125/2125 2082/2124/2124
f 2086/2127/2127 1088/1137/1137 1087/1136/1136
f 2082/2124/2124 2093/2126/2126 2086/2127/2127
f 1088/1137/1137 2086/2127/2127 2093/2126/2126
f 2082/2124/2124 2052/2090/2090 2087/2122/2122
f 2052/2090/2090 2090/2128/2128 2087/2122/2122
f 2090/2128/2128 2051/2087/2087 2089/2074/2074
f 2084/2123/2123 2088/2129/2129 2085/2130/2130
f 2088/2129/2129 2084/2123/2123 2090/2128/2128
f 2084/2123/2123 2087/2122/2122 2090/2128/2128
f 2091/2131/2131 2101/2132/2132 2092/2133/2133
f 1089/1140/1140 2091/2131/2131 2092/2133/2133
f 2091/2131/2131 1089/1140/1140 1085/1139/1139
f 2091/2131/2131 2085/2130/2130 2101/2132/2132
f 2101/2132/2132 1089/1140/1140 2092/2133/2133
f 2083/2125/2125 1086/1135/1135 2093/2126/2126
f 1085/1139/1139 1086/1135/1135 2083/2125/2125
f 1086/1135/1135 1088/1137/1137 2093/2126/2126
f 2085/2130/2130 2091/2131/2131 2084/2123/2123
f 1085/1139/1139 2084/2123/2123 2091/2131/2131
f 2084/2123/2123 1085/1139/1139 2083/2125/2125
f 2094/2134/2134 1083/1134/1134 2095/2135/2135
f 2046/2084/2084 2094/2134/2134 2055/2094/2094
f 2094/2134/2134 1087/1136/1136 1075/1124/1124
f 1082/1123/1123 2094/2134/2134 1075/1124/1124
f 2094/2134/2134 1082/1123/1123 1083/1134/1134
f 1081/1133/1133 2096/2092/2092 2095/2135/2135
f 2095/2135/2135 1083/1134/1134 1078/1129/1129
f 1078/1129/1129 1081/1133/1133 2095/2135/2135
f 641/1324/1324 2056/2096/2096 1081/1133/1133
f 2056/2096/2096 2096/2092/2092 1081/1133/1133
f 2055/2094/2094 2095/2135/2135 2096/2092/2092
f 2094/2134/2134 2095/2135/2135 2055/2094/2094
f 2098/2091/2091 2049/2088/2088 2097/2136/2136
f 2052/2090/2090 2051/2087/2087 2090/2128/2128
f 2052/2090/2090 2082/2124/2124 2097/2136/2136
f 2097/2136/2136 2049/2088/2088 2052/2090/2090
f 2086/2127/2127 2094/2134/2134 2098/2091/2091
f 2082/2124/2124 2086/2127/2127 2097/2136/2136
f 1087/1136/1136 2094/2134/2134 2086/2127/2127
f 2094/2134/2134 2046/2084/2084 2098/2091/2091
f 2097/2136/2136 2086/2127/2127 2098/2091/2091
f 2035/2073/2073 2074/2116/2116 2099/2137/2137
f 2045/2082/2082 2035/2073/2073 2099/2137/2137
f 2088/2129/2129 2033/2072/2072 2045/2082/2082
f 2099/2137/2137 2071/2118/2118 2100/2138/2138
f 2074/2116/2116 2071/2118/2118 2099/2137/2137
f 2071/2118/2118 2073/2117/2117 2101/2132/2132
f 1089/1140/1140 2101/2132/2132 2073/2117/2117
f 2100/2138/2138 2071/2118/2118 2101/2132/2132
f 2085/2130/2130 2100/2138/2138 2101/2132/2132
f 2100/2138/2138 2088/2129/2129 2045/2082/2082
f 2088/2129/2129 2100/2138/2138 2085/2130/2130
f 2033/2072/2072 2088/2129/2129 2090/2128/2128
f 2089/2074/2074 2033/2072/2072 2090/2128/2128
f 2099/2137/2137 2100/2138/2138 2045/2082/2082
f 2066/2109/2109 1124/1043/1043 2078/1159/1159
f 2078/1159/1159 2076/2112/2112 2066/2109/2109
f 2030/2066/2066 2066/2109/2109 2068/2111/2111
f 2103/2139/2139 2107/2140/2140 2112/2141/2141
f 2112/2141/2141 2107/2140/2140 2130/2142/2142
f 2108/2143/2143 2112/2141/2141 2130/2142/2142
f 2103/2139/2139 2112/2141/2141 2152/2144/2144
f 2102/2145/2145 2106/2146/2146 2105/2147/2147
f 2106/2146/2146 2102/2145/2145 2104/2148/2148
f 2105/2147/2147 2107/2140/2140 2102/2145/2145
f 2107/2140/2140 2103/2139/2139 2102/2145/2145
f 2108/2143/2143 2129/2149/2149 2150/2150/2150
f 2150/2150/2150 2109/2151/2151 2108/2143/2143
f 2150/2150/2150 2129/2149/2149 2110/2152/2152
f 2112/2141/2141 2108/2143/2143 2109/2151/2151
f 2109/2151/2151 2150/2150/2150 2111/2153/2153
f 2109/2151/2151 2111/2153/2153 2112/2141/2141
f 2113/2154/2154 2114/2155/2155 2119/2156/2156
f 2119/2156/2156 2116/2157/2157 2113/2154/2154
f 2148/2158/2158 2118/2159/2159 2117/2160/2160
f 2118/2159/2159 2114/2155/2155 2117/2160/2160
f 2115/2161/2161 2114/2155/2155 2198/2162/2162
f 2113/2154/2154 2117/2160/2160 2114/2155/2155
f 2119/2156/2156 2115/2161/2161 2197/2163/2163
f 2104/2148/2148 2102/2145/2145 2119/2156/2156
f 2197/2163/2163 2104/2148/2148 2119/2156/2156
f 2103/2139/2139 2116/2157/2157 2119/2156/2156
f 2152/2144/2144 2116/2157/2157 2103/2139/2139
f 2115/2161/2161 2119/2156/2156 2114/2155/2155
f 2119/2156/2156 2102/2145/2145 2103/2139/2139
f 2131/2164/2164 2123/2165/2165 2120/2166/2166
f 2120/2166/2166 2122/2167/2167 2131/2164/2164
f 2106/2146/2146 2121/2168/2168 2123/2165/2165
f 2190/2169/2169 2121/2168/2168 2124/2170/2170
f 2121/2168/2168 2106/2146/2146 2124/2170/2170
f 2120/2166/2166 2121/2168/2168 2190/2169/2169
f 2120/2166/2166 2123/2165/2165 2121/2168/2168
f 2186/2171/2171 2120/2166/2166 2190/2169/2169
f 2120/2166/2166 2186/2171/2171 2125/2172/2172
f 2125/2172/2172 2517/2173/2173 2546/2174/2174
f 2120/2166/2166 2125/2172/2172 2127/2175/2175
f 2122/2167/2167 2120/2166/2166 2127/2175/2175
f 2125/2172/2172 2126/2176/2176 2127/2175/2175
f 2129/2149/2149 2243/2177/2177 2110/2152/2152
f 2108/2143/2143 2128/2178/2178 2129/2149/2149
f 2105/2147/2147 2106/2146/2146 2123/2165/2165
f 2131/2164/2164 2105/2147/2147 2123/2165/2165
f 2107/2140/2140 2105/2147/2147 2130/2142/2142
f 2124/2170/2170 2106/2146/2146 2104/2148/2148
f 2122/2167/2167 2128/2178/2178 2131/2164/2164
f 2128/2178/2178 2108/2143/2143 2131/2164/2164
f 2131/2164/2164 2108/2143/2143 2130/2142/2142
f 2105/2147/2147 2131/2164/2164 2130/2142/2142
f 2133/2179/2179 2132/2180/2180 2136/2181/2181
f 2132/2180/2180 2137/2182/2182 2136/2181/2181
f 2134/2183/2183 2135/2184/2184 2137/2182/2182
f 2134/2183/2183 2137/2182/2182 2132/2180/2180
f 2136/2181/2181 2137/2182/2182 2138/2185/2185
f 2238/946/946 2139/2186/2186 2142/2187/2187
f 2139/2186/2186 764/800/800 2140/2188/2188
f 764/800/800 2139/2186/2186 2240/948/948
f 2141/2189/2189 2134/2183/2183 2142/2187/2187
f 2142/2187/2187 2134/2183/2183 2132/2180/2180
f 2142/2187/2187 2140/2188/2188 2451/2190/2190
f 2141/2189/2189 2142/2187/2187 2451/2190/2190
f 2132/2180/2180 2133/2179/2179 2142/2187/2187
f 2238/946/946 2142/2187/2187 2133/2179/2179
f 2140/2188/2188 2142/2187/2187 2139/2186/2186
f 2143/2191/2191 2116/2157/2157 2152/2144/2144
f 2146/2192/2192 2145/2193/2193 2144/2194/2194
f 2450/2195/2195 2143/2191/2191 2145/2193/2193
f 2143/2191/2191 2144/2194/2194 2145/2193/2193
f 2117/2160/2160 2147/2196/2196 2148/2158/2158
f 2117/2160/2160 2113/2154/2154 2147/2196/2196
f 2116/2157/2157 2143/2191/2191 2113/2154/2154
f 2113/2154/2154 2143/2191/2191 2149/2197/2197
f 2450/2195/2195 2149/2197/2197 2143/2191/2191
f 2149/2197/2197 2147/2196/2196 2113/2154/2154
f 2154/2198/2198 2151/2199/2199 2150/2150/2150
f 2111/2153/2153 2151/2199/2199 2152/2144/2144
f 2111/2153/2153 2152/2144/2144 2112/2141/2141
f 2150/2150/2150 2151/2199/2199 2111/2153/2153
f 2243/2177/2177 2138/2185/2185 2110/2152/2152
f 2137/2182/2182 2110/2152/2152 2138/2185/2185
f 2110/2152/2152 2154/2198/2198 2150/2150/2150
f 2154/2198/2198 2110/2152/2152 2137/2182/2182
f 2153/2200/2200 2137/2182/2182 2135/2184/2184
f 2146/2192/2192 2144/2194/2194 2153/2200/2200
f 2135/2184/2184 2146/2192/2192 2153/2200/2200
f 2144/2194/2194 2143/2191/2191 2151/2199/2199
f 2151/2199/2199 2143/2191/2191 2152/2144/2144
f 2137/2182/2182 2153/2200/2200 2154/2198/2198
f 2154/2198/2198 2144/2194/2194 2151/2199/2199
f 2144/2194/2194 2154/2198/2198 2153/2200/2200
f 2172/2201/2201 2155/2202/2202 2156/2203/2203
f 2158/2204/2204 2155/2202/2202 2159/2205/2205
f 2194/2206/2206 2158/2204/2204 2159/2205/2205
f 2156/2203/2203 2155/2202/2202 2158/2204/2204
f 2155/2202/2202 2171/2207/2207 2160/2208/2208
f 2171/2207/2207 2155/2202/2202 2172/2201/2201
f 2160/2208/2208 2157/2209/2209 2155/2202/2202
f 2155/2202/2202 2157/2209/2209 2202/2210/2210
f 2155/2202/2202 2202/2210/2210 2159/2205/2205
f 2162/2211/2211 2161/2212/2212 2163/2213/2213
f 2161/2212/2212 2166/2214/2214 2163/2213/2213
f 2199/2215/2215 2165/2216/2216 2200/2217/2217
f 2158/2204/2204 2200/2217/2217 2165/2216/2216
f 2199/2215/2215 2166/2214/2214 2165/2216/2216
f 2166/2214/2214 2199/2215/2215 2163/2213/2213
f 2161/2212/2212 2165/2216/2216 2166/2214/2214
f 2167/2218/2218 2168/2219/2219 2169/2220/2220
f 2169/2220/2220 2168/2219/2219 2170/2221/2221
f 2167/2218/2218 2169/2220/2220 2162/2211/2211
f 2163/2213/2213 2167/2218/2218 2162/2211/2211
f 2167/2218/2218 2118/2159/2159 2168/2219/2219
f 2148/2158/2158 2411/2222/2222 2118/2159/2159
f 2168/2219/2219 2118/2159/2159 2411/2222/2222
f 2428/2223/2223 2161/2212/2212 2169/2220/2220
f 2164/2224/2224 2161/2212/2212 2428/2223/2223
f 2161/2212/2212 2162/2211/2211 2169/2220/2220
f 2171/2207/2207 2172/2201/2201 2173/2225/2225
f 2425/2226/2226 2173/2225/2225 2164/2224/2224
f 2171/2207/2207 2173/2225/2225 2425/2226/2226
f 2171/2207/2207 2427/2227/2227 2160/2208/2208
f 2175/2228/2228 2158/2204/2204 2165/2216/2216
f 2161/2212/2212 2175/2228/2228 2165/2216/2216
f 2156/2203/2203 2158/2204/2204 2175/2228/2228
f 2173/2225/2225 2161/2212/2212 2164/2224/2224
f 2161/2212/2212 2173/2225/2225 2175/2228/2228
f 2172/2201/2201 2156/2203/2203 2173/2225/2225
f 2173/2225/2225 2156/2203/2203 2175/2228/2228
f 2176/1853/1853 2160/2208/2208 2427/2227/2227
f 2176/1853/1853 2157/2209/2209 2160/2208/2208
f 2179/2229/2229 2178/2230/2230 2181/2231/2231
f 2178/2230/2230 2177/2232/2232 2181/2231/2231
f 2183/2233/2233 2177/2232/2232 2178/2230/2230
f 2177/2232/2232 2183/2233/2233 2203/2234/2234
f 2188/2235/2235 2177/2232/2232 2180/2236/2236
f 2177/2232/2232 2188/2235/2235 2181/2231/2231
f 2183/2233/2233 2182/2237/2237 2196/2238/2238
f 2182/2237/2237 2183/2233/2233 2178/2230/2230
f 2191/2239/2239 2182/2237/2237 2178/2230/2230
f 2104/2148/2148 2182/2237/2237 2124/2170/2170
f 2191/2239/2239 2178/2230/2230 2179/2229/2229
f 2157/2209/2209 2180/2236/2236 2201/2240/2240
f 2201/2240/2240 2180/2236/2236 2177/2232/2232
f 2201/2240/2240 2177/2232/2232 2203/2234/2234
f 2186/2171/2171 2185/2241/2241 2184/2242/2242
f 2187/2243/2243 2560/2244/2244 2558/2245/2245
f 2560/2244/2244 2187/2243/2243 2180/2236/2236
f 2188/2235/2235 2180/2236/2236 2187/2243/2243
f 2558/2245/2245 2184/2242/2242 2187/2243/2243
f 2185/2241/2241 2187/2243/2243 2184/2242/2242
f 2125/2172/2172 2189/2246/2246 2517/2173/2173
f 2186/2171/2171 2189/2246/2246 2125/2172/2172
f 2184/2242/2242 2189/2246/2246 2186/2171/2171
f 2190/2169/2169 2182/2237/2237 2191/2239/2239
f 2124/2170/2170 2182/2237/2237 2190/2169/2169
f 2188/2235/2235 2179/2229/2229 2181/2231/2231
f 2188/2235/2235 2185/2241/2241 2179/2229/2229
f 2185/2241/2241 2188/2235/2235 2187/2243/2243
f 2186/2171/2171 2191/2239/2239 2179/2229/2229
f 2186/2171/2171 2179/2229/2229 2185/2241/2241
f 2191/2239/2239 2186/2171/2171 2190/2169/2169
f 2115/2161/2161 2193/2247/2247 2192/2248/2248
f 2194/2206/2206 2195/2249/2249 2193/2247/2247
f 2192/2248/2248 2193/2247/2247 2195/2249/2249
f 2196/2238/2238 2197/2163/2163 2192/2248/2248
f 2196/2238/2238 2182/2237/2237 2197/2163/2163
f 2197/2163/2163 2182/2237/2237 2104/2148/2148
f 2192/2248/2248 2197/2163/2163 2115/2161/2161
f 2198/2162/2162 2114/2155/2155 2167/2218/2218
f 2199/2215/2215 2167/2218/2218 2163/2213/2213
f 2167/2218/2218 2199/2215/2215 2198/2162/2162
f 2114/2155/2155 2118/2159/2159 2167/2218/2218
f 2158/2204/2204 2194/2206/2206 2200/2217/2217
f 2199/2215/2215 2200/2217/2217 2193/2247/2247
f 2200/2217/2217 2194/2206/2206 2193/2247/2247
f 2193/2247/2247 2115/2161/2161 2199/2215/2215
f 2198/2162/2162 2199/2215/2215 2115/2161/2161
f 2157/2209/2209 2201/2240/2240 2202/2210/2210
f 2201/2240/2240 2203/2234/2234 2202/2210/2210
f 2202/2210/2210 2194/2206/2206 2159/2205/2205
f 2196/2238/2238 2192/2248/2248 2204/2250/2250
f 2204/2250/2250 2192/2248/2248 2195/2249/2249
f 2183/2233/2233 2204/2250/2250 2203/2234/2234
f 2196/2238/2238 2204/2250/2250 2183/2233/2233
f 2202/2210/2210 2204/2250/2250 2194/2206/2206
f 2194/2206/2206 2204/2250/2250 2195/2249/2249
f 2204/2250/2250 2202/2210/2210 2203/2234/2234
f 2212/2251/2251 2208/2252/2252 2205/2253/2253
f 2207/2254/2254 2212/2251/2251 2206/2255/2255
f 2208/2252/2252 2212/2251/2251 2207/2254/2254
f 2223/2256/2256 2209/2257/2257 2208/2252/2252
f 2226/2258/2258 2223/2256/2256 2210/2259/2259
f 2209/2257/2257 2223/2256/2256 2226/2258/2258
f 2208/2252/2252 2209/2257/2257 2205/2253/2253
f 2211/2260/2260 2230/2261/2261 2231/968/968
f 2212/2251/2251 2230/2261/2261 2211/2260/2260
f 2211/2260/2260 2246/2262/2262 2212/2251/2251
f 2212/2251/2251 2246/2262/2262 2206/2255/2255
f 2230/2261/2261 2212/2251/2251 2205/2253/2253
f 2213/2263/2263 2214/2264/2264 2217/2265/2265
f 2214/2264/2264 2213/2263/2263 2215/2266/2266
f 2217/2265/2265 2214/2264/2264 2216/2267/2267
f 2218/2268/2268 2221/2269/2269 2219/2270/2270
f 2218/2268/2268 2220/2271/2271 2221/2269/2269
f 2221/2269/2269 2215/2266/2266 2219/2270/2270
f 2213/2263/2263 2219/2270/2270 2215/2266/2266
f 2219/2270/2270 2213/2263/2263 2218/2268/2268
f 2223/2256/2256 2208/2252/2252 2222/2272/2272
f 2210/2259/2259 2223/2256/2256 2222/2272/2272
f 2216/2267/2267 2208/2252/2252 2207/2254/2254
f 2216/2267/2267 2214/2264/2264 2208/2252/2252
f 2207/2254/2254 2206/2255/2255 2216/2267/2267
f 2543/2273/2273 2214/2264/2264 2215/2266/2266
f 2543/2273/2273 2222/2272/2272 2214/2264/2264
f 2222/2272/2272 2208/2252/2252 2214/2264/2264
f 918/960/960 2225/2274/2274 2224/2275/2275
f 2225/2274/2274 2232/2276/2276 2224/2275/2275
f 2224/2275/2275 2232/2276/2276 2226/2258/2258
f 2531/2277/2277 2226/2258/2258 2210/2259/2259
f 2226/2258/2258 2531/2277/2277 2227/2278/2278
f 2227/2278/2278 2224/2275/2275 2226/2258/2258
f 928/972/972 641/1324/1324 640/664/664
f 925/970/970 2228/2279/2279 928/972/972
f 2228/2279/2279 641/1324/1324 928/972/972
f 918/960/960 2224/2275/2275 925/970/970
f 2224/2275/2275 2228/2279/2279 925/970/970
f 2228/2279/2279 2224/2275/2275 2229/2280/2280
f 918/960/960 2230/2261/2261 2225/2274/2274
f 2230/2261/2261 918/960/960 923/959/959
f 923/959/959 921/966/966 2230/2261/2261
f 895/935/935 2211/2260/2260 922/967/967
f 2211/2260/2260 2231/968/968 922/967/967
f 2230/2261/2261 921/966/966 2231/968/968
f 2232/2276/2276 2230/2261/2261 2205/2253/2253
f 2209/2257/2257 2232/2276/2276 2205/2253/2253
f 2226/2258/2258 2232/2276/2276 2209/2257/2257
f 2230/2261/2261 2232/2276/2276 2225/2274/2274
f 2233/2281/2281 2234/2282/2282 2245/2283/2283
f 2233/2281/2281 2237/2284/2284 902/953/953
f 2236/2285/2285 2245/2283/2283 2234/2282/2282
f 2236/2285/2285 2234/2282/2282 2243/2177/2177
f 2235/2286/2286 2233/2281/2281 2245/2283/2283
f 912/957/957 2233/2281/2281 2235/2286/2286
f 912/957/957 2211/2260/2260 895/935/935
f 913/958/958 2237/2284/2284 911/954/954
f 2233/2281/2281 911/954/954 2237/2284/2284
f 2237/2284/2284 913/958/958 902/953/953
f 902/953/953 913/958/958 901/941/941
f 911/954/954 2233/2281/2281 912/957/957
f 2240/948/948 2238/946/946 903/944/944
f 906/949/949 2240/948/948 903/944/944
f 2238/946/946 2240/948/948 2139/2186/2186
f 2133/2179/2179 2239/952/952 2238/946/946
f 2239/952/952 2133/2179/2179 2234/2282/2282
f 2234/2282/2282 2133/2179/2179 2136/2181/2181
f 2136/2181/2181 2138/2185/2185 2243/2177/2177
f 2234/2282/2282 2136/2181/2181 2243/2177/2177
f 2234/2282/2282 2233/2281/2281 2239/952/952
f 2239/952/952 2233/2281/2281 902/953/953
f 2128/2178/2178 2122/2167/2167 2244/2287/2287
f 2244/2287/2287 2241/2288/2288 2128/2178/2178
f 2236/2285/2285 2243/2177/2177 2129/2149/2149
f 2129/2149/2149 2242/2289/2289 2236/2285/2285
f 2129/2149/2149 2128/2178/2178 2242/2289/2289
f 2128/2178/2178 2241/2288/2288 2242/2289/2289
f 2218/2268/2268 2244/2287/2287 2122/2167/2167
f 2126/2176/2176 2122/2167/2167 2127/2175/2175
f 2218/2268/2268 2122/2167/2167 2126/2176/2176
f 2213/2263/2263 2244/2287/2287 2218/2268/2268
f 2546/2174/2174 2220/2271/2271 2125/2172/2172
f 2126/2176/2176 2220/2271/2271 2218/2268/2268
f 2220/2271/2271 2126/2176/2176 2125/2172/2172
f 2216/2267/2267 2241/2288/2288 2217/2265/2265
f 2241/2288/2288 2216/2267/2267 2206/2255/2255
f 2241/2288/2288 2244/2287/2287 2217/2265/2265
f 2217/2265/2265 2244/2287/2287 2213/2263/2263
f 2246/2262/2262 2211/2260/2260 2235/2286/2286
f 2211/2260/2260 912/957/957 2235/2286/2286
f 2242/2289/2289 2246/2262/2262 2236/2285/2285
f 2246/2262/2262 2245/2283/2283 2236/2285/2285
f 2246/2262/2262 2242/2289/2289 2241/2288/2288
f 2246/2262/2262 2241/2288/2288 2206/2255/2255
f 2245/2283/2283 2246/2262/2262 2235/2286/2286
f 2259/2290/2290 2271/2291/2291 2247/2292/2292
f 2247/2292/2292 2252/2293/2293 2248/2294/2294
f 2252/2293/2293 2257/2295/2295 2248/2294/2294
f 2247/2292/2292 2248/2294/2294 2259/2290/2290
f 2250/2296/2296 2271/2291/2291 2249/2297/2297
f 2271/2291/2291 2259/2290/2290 2249/2297/2297
f 2251/2298/2298 2253/2299/2299 2255/2300/2300
f 2252/2293/2293 2251/2298/2298 2255/2300/2300
f 2251/2298/2298 2271/2291/2291 2253/2299/2299
f 2252/2293/2293 2255/2300/2300 2254/2301/2301
f 2252/2293/2293 2247/2292/2292 2251/2298/2298
f 2271/2291/2291 2251/2298/2298 2247/2292/2292
f 2259/2290/2290 2319/2302/2302 2249/2297/2297
f 2250/2296/2296 2249/2297/2297 2319/2302/2302
f 2256/2303/2303 2248/2294/2294 2257/2295/2295
f 2248/2294/2294 2256/2303/2303 2259/2290/2290
f 2261/2304/2304 2260/2305/2305 2317/2306/2306
f 2260/2305/2305 2313/2307/2307 2317/2306/2306
f 2313/2307/2307 2260/2305/2305 2263/2308/2308
f 2261/2304/2304 2265/2309/2309 2264/2310/2310
f 2268/2311/2311 2266/2312/2312 2267/910/910
f 2268/2311/2311 2267/910/910 811/909/909
f 2386/2313/2313 2264/2310/2310 2268/2311/2311
f 2266/2312/2312 2268/2311/2311 2264/2310/2310
f 2260/2305/2305 2381/2314/2314 2262/2315/2315
f 2381/2314/2314 2261/2304/2304 2264/2310/2310
f 2381/2314/2314 2264/2310/2310 2386/2313/2313
f 2381/2314/2314 2260/2305/2305 2261/2304/2304
f 2271/2291/2291 2269/2316/2316 2270/2317/2317
f 2272/2318/2318 2273/2319/2319 2269/2316/2316
f 2270/2317/2317 2384/2320/2320 2253/2299/2299
f 2255/2300/2300 2253/2299/2299 2385/2321/2321
f 2255/2300/2300 2385/2321/2321 2254/2301/2301
f 2253/2299/2299 2271/2291/2291 2270/2317/2317
f 2250/2296/2296 2260/2305/2305 2269/2316/2316
f 2250/2296/2296 2263/2308/2308 2260/2305/2305
f 2269/2316/2316 2260/2305/2305 2262/2315/2315
f 2269/2316/2316 2262/2315/2315 2272/2318/2318
f 2250/2296/2296 2269/2316/2316 2271/2291/2291
f 2281/2322/2322 2274/2323/2323 2275/2324/2324
f 2277/2325/2325 2274/2323/2323 2283/2326/2326
f 2276/2327/2327 2277/2325/2325 2287/2328/2328
f 2277/2325/2325 2275/2324/2324 2274/2323/2323
f 2276/2327/2327 2275/2324/2324 2277/2325/2325
f 2278/2329/2329 2275/2324/2324 2276/2327/2327
f 2280/2330/2330 2278/2329/2329 2279/2331/2331
f 2280/2330/2330 2295/2332/2332 2275/2324/2324
f 2281/2322/2322 2275/2324/2324 2295/2332/2332
f 2278/2329/2329 2280/2330/2330 2275/2324/2324
f 2368/2333/2333 2282/2334/2334 2254/2301/2301
f 2281/2322/2322 2282/2334/2334 2368/2333/2333
f 2281/2322/2322 2283/2326/2326 2274/2323/2323
f 2283/2326/2326 2281/2322/2322 2284/2335/2335
f 1842/1877/1877 2286/1876/1876 2285/2336/2336
f 2276/2327/2327 2286/1876/1876 2278/2329/2329
f 2278/2329/2329 2288/2337/2337 2279/2331/2331
f 2288/2337/2337 2278/2329/2329 2286/1876/1876
f 2287/2328/2328 2277/2325/2325 2374/2338/2338
f 2286/1876/1876 2287/2328/2328 2285/2336/2336
f 2286/1876/1876 2276/2327/2327 2287/2328/2328
f 2289/2339/2339 2295/2332/2332 2290/2340/2340
f 2291/2341/2341 2471/2342/2342 2296/2343/2343
f 2471/2342/2342 2295/2332/2332 2296/2343/2343
f 2473/2344/2344 2296/2343/2343 2279/2331/2331
f 2296/2343/2343 2473/2344/2344 2291/2341/2341
f 2295/2332/2332 2471/2342/2342 2290/2340/2340
f 2293/2345/2345 2257/2295/2295 2292/2346/2346
f 2292/2346/2346 2290/2340/2340 2293/2345/2345
f 2444/2347/2347 2258/2348/2348 2256/2303/2303
f 2257/2295/2295 2293/2345/2345 2444/2347/2347
f 2256/2303/2303 2257/2295/2295 2444/2347/2347
f 2289/2339/2339 2292/2346/2346 2257/2295/2295
f 2289/2339/2339 2290/2340/2340 2292/2346/2346
f 2257/2295/2295 2252/2293/2293 2294/2349/2349
f 2289/2339/2339 2257/2295/2295 2294/2349/2349
f 2252/2293/2293 2254/2301/2301 2282/2334/2334
f 2282/2334/2334 2294/2349/2349 2252/2293/2293
f 2296/2343/2343 2295/2332/2332 2280/2330/2330
f 2280/2330/2330 2279/2331/2331 2296/2343/2343
f 2295/2332/2332 2289/2339/2339 2282/2334/2334
f 2294/2349/2349 2282/2334/2334 2289/2339/2339
f 2295/2332/2332 2282/2334/2334 2281/2322/2322
f 2301/2350/2350 2320/2351/2351 2297/2352/2352
f 2309/2353/2353 2297/2352/2352 2320/2351/2351
f 2297/2352/2352 2298/2354/2354 2300/2355/2355
f 2298/2354/2354 2297/2352/2352 2309/2353/2353
f 2301/2350/2350 2297/2352/2352 2300/2355/2355
f 2306/2356/2356 2303/2357/2357 2302/2358/2358
f 2453/2359/2359 2303/2357/2357 2306/2356/2356
f 2305/2360/2360 2304/2361/2361 2258/2348/2348
f 2302/2358/2358 2304/2361/2361 2306/2356/2356
f 2304/2361/2361 2302/2358/2358 2322/2362/2362
f 2309/2353/2353 2303/2357/2357 2307/2363/2363
f 2303/2357/2357 2453/2359/2359 2308/2364/2364
f 2307/2363/2363 2303/2357/2357 2308/2364/2364
f 2309/2353/2353 2451/2190/2190 2298/2354/2354
f 2303/2357/2357 2309/2353/2353 2320/2351/2351
f 2298/2354/2354 2140/2188/2188 867/911/911
f 2298/2354/2354 2451/2190/2190 2310/2365/2365
f 2140/2188/2188 2298/2354/2354 2310/2365/2365
f 867/911/911 2140/2188/2188 869/915/915
f 2299/2366/2366 868/914/914 855/897/897
f 2299/2366/2366 2300/2355/2355 868/914/914
f 868/914/914 2298/2354/2354 867/911/911
f 2298/2354/2354 868/914/914 2300/2355/2355
f 2311/2367/2367 2316/2368/2368 2315/2369/2369
f 2312/2370/2370 2315/2369/2369 861/903/903
f 2315/2369/2369 2312/2370/2370 2311/2367/2367
f 2314/2371/2371 2316/2368/2368 2311/2367/2367
f 2314/2371/2371 2311/2367/2367 2313/2307/2307
f 2316/2368/2368 855/897/897 2315/2369/2369
f 855/897/897 861/903/903 2315/2369/2369
f 865/908/908 2265/2309/2309 861/903/903
f 2261/2304/2304 2312/2370/2370 2265/2309/2309
f 861/903/903 2265/2309/2309 2312/2370/2370
f 2264/2310/2310 2265/2309/2309 2266/2312/2312
f 865/908/908 2266/2312/2312 2265/2309/2309
f 865/908/908 864/907/907 2266/2312/2312
f 2266/2312/2312 864/907/907 2267/910/910
f 2311/2367/2367 2312/2370/2370 2317/2306/2306
f 2261/2304/2304 2317/2306/2306 2312/2370/2370
f 2263/2308/2308 2250/2296/2296 2313/2307/2307
f 2317/2306/2306 2313/2307/2307 2311/2367/2367
f 2303/2357/2357 2318/2372/2372 2319/2302/2302
f 2319/2302/2302 2321/2373/2373 2303/2357/2357
f 2303/2357/2357 2320/2351/2351 2318/2372/2372
f 2250/2296/2296 2319/2302/2302 2318/2372/2372
f 2321/2373/2373 2256/2303/2303 2322/2362/2362
f 2259/2290/2290 2256/2303/2303 2321/2373/2373
f 2258/2348/2348 2304/2361/2361 2256/2303/2303
f 2322/2362/2362 2256/2303/2303 2304/2361/2361
f 2259/2290/2290 2321/2373/2373 2319/2302/2302
f 2322/2362/2362 2302/2358/2358 2321/2373/2373
f 2302/2358/2358 2303/2357/2357 2321/2373/2373
f 2316/2368/2368 2323/2374/2374 2300/2355/2355
f 2316/2368/2368 2314/2371/2371 2323/2374/2374
f 2301/2350/2350 2300/2355/2355 2323/2374/2374
f 855/897/897 2316/2368/2368 2299/2366/2366
f 2300/2355/2355 2299/2366/2366 2316/2368/2368
f 2313/2307/2307 2318/2372/2372 2301/2350/2350
f 2323/2374/2374 2313/2307/2307 2301/2350/2350
f 2313/2307/2307 2323/2374/2374 2314/2371/2371
f 2313/2307/2307 2250/2296/2296 2318/2372/2372
f 2320/2351/2351 2301/2350/2350 2318/2372/2372
f 2326/2375/2375 2325/2376/2376 2335/2377/2377
f 2329/2378/2378 2325/2376/2376 2324/2379/2379
f 2325/2376/2376 2326/2375/2375 2324/2379/2379
f 2326/2375/2375 2327/2380/2380 2328/2381/2381
f 2328/2381/2381 2324/2379/2379 2326/2375/2375
f 2329/2378/2378 2330/2382/2382 2331/2383/2383
f 2329/2378/2378 2324/2379/2379 2330/2382/2382
f 2331/2383/2383 2346/2384/2384 2329/2378/2378
f 2325/2376/2376 2329/2378/2378 2346/2384/2384
f 2332/2385/2385 840/892/892 2333/2386/2386
f 2325/2376/2376 840/892/892 2332/2385/2385
f 2334/2387/2387 2332/2385/2385 2333/2386/2386
f 2335/2377/2377 2334/2387/2387 2327/2380/2380
f 2326/2375/2375 2335/2377/2377 2327/2380/2380
f 2325/2376/2376 2332/2385/2385 2335/2377/2377
f 2332/2385/2385 2334/2387/2387 2335/2377/2377
f 2328/2381/2381 2338/1970/1970 2336/2388/2388
f 2336/2388/2388 2338/1970/1970 2337/2389/2389
f 2339/2390/2390 2337/2389/2389 2389/2391/2391
f 2339/2390/2390 2340/2392/2392 2336/2388/2388
f 2324/2379/2379 2340/2392/2392 2383/2393/2393
f 2330/2382/2382 2324/2379/2379 2383/2393/2393
f 2328/2381/2381 2340/2392/2392 2324/2379/2379
f 2340/2392/2392 2328/2381/2381 2336/2388/2388
f 2336/2388/2388 2337/2389/2389 2339/2390/2390
f 2341/2394/2394 2342/2395/2395 849/888/888
f 2345/2396/2396 849/888/888 2342/2395/2395
f 849/888/888 2347/889/889 2341/2394/2394
f 2331/2383/2383 2344/2397/2397 2342/2395/2395
f 2330/2382/2382 2344/2397/2397 2331/2383/2383
f 2343/2398/2398 2345/2396/2396 2344/2397/2397
f 2388/2399/2399 2343/2398/2398 2344/2397/2397
f 2344/2397/2397 2345/2396/2396 2342/2395/2395
f 849/888/888 2345/2396/2396 2387/2400/2400
f 2387/2400/2400 2345/2396/2396 2343/2398/2398
f 811/909/909 849/888/888 2387/2400/2400
f 810/845/845 849/888/888 811/909/909
f 806/844/844 2347/889/889 849/888/888
f 2347/889/889 848/887/887 2325/2376/2376
f 848/887/887 840/892/892 2325/2376/2376
f 2331/2383/2383 2342/2395/2395 2346/2384/2384
f 2341/2394/2394 2347/889/889 2342/2395/2395
f 2347/889/889 2346/2384/2384 2342/2395/2395
f 2346/2384/2384 2347/889/889 2325/2376/2376
f 2348/2401/2401 846/885/885 2354/1974/1974
f 2354/1974/1974 2349/2402/2402 2348/2401/2401
f 2354/1974/1974 2350/2403/2403 2349/2402/2402
f 2351/1976/1976 2350/2403/2403 2354/1974/1974
f 2350/2403/2403 2348/2401/2401 2349/2402/2402
f 2353/2404/2404 840/892/892 2348/2401/2401
f 839/879/879 847/875/875 2348/2401/2401
f 840/892/892 839/879/879 2348/2401/2401
f 846/885/885 2348/2401/2401 847/875/875
f 846/885/885 1934/1977/1977 2354/1974/1974
f 846/885/885 2772/160/160 1939/1981/1981
f 846/885/885 1939/1981/1981 1934/1977/1977
f 1932/1971/1971 2338/1970/1970 2355/2405/2405
f 1932/1971/1971 2355/2405/2405 2356/2406/2406
f 2327/2380/2380 2355/2405/2405 2328/2381/2381
f 2357/1972/1972 1932/1971/1971 2356/2406/2406
f 1921/1954/1954 2357/1972/1972 2352/1960/1960
f 1931/1969/1969 1870/1949/1949 2337/2389/2389
f 2355/2405/2405 2338/1970/1970 2328/2381/2381
f 2338/1970/1970 1928/1967/1967 1931/1969/1969
f 2337/2389/2389 2338/1970/1970 1931/1969/1969
f 2333/2386/2386 2353/2404/2404 2358/2407/2407
f 2327/2380/2380 2334/2387/2387 2359/2408/2408
f 2358/2407/2407 2334/2387/2387 2333/2386/2386
f 2358/2407/2407 2361/2409/2409 2359/2408/2408
f 2334/2387/2387 2358/2407/2407 2359/2408/2408
f 840/892/892 2353/2404/2404 2333/2386/2386
f 2360/2410/2410 2357/1972/1972 2361/2409/2409
f 2357/1972/1972 2356/2406/2406 2361/2409/2409
f 2358/2407/2407 2348/2401/2401 2360/2410/2410
f 2360/2410/2410 2348/2401/2401 2350/2403/2403
f 2352/1960/1960 2357/1972/1972 2360/2410/2410
f 2360/2410/2410 2351/1976/1976 2352/1960/1960
f 2351/1976/1976 2360/2410/2410 2350/2403/2403
f 2355/2405/2405 2361/2409/2409 2356/2406/2406
f 2359/2408/2408 2361/2409/2409 2355/2405/2405
f 2327/2380/2380 2359/2408/2408 2355/2405/2405
f 2358/2407/2407 2353/2404/2404 2348/2401/2401
f 2358/2407/2407 2360/2410/2410 2361/2409/2409
f 2364/2411/2411 2362/2412/2412 2363/2413/2413
f 2363/2413/2413 2367/2414/2414 2364/2411/2411
f 2367/2414/2414 2391/2415/2415 2371/2416/2416
f 2364/2411/2411 2366/2417/2417 2365/2418/2418
f 2376/2419/2419 2366/2417/2417 1898/1932/1932
f 2376/2419/2419 2365/2418/2418 2366/2417/2417
f 2365/2418/2418 2362/2412/2412 2364/2411/2411
f 2367/2414/2414 2363/2413/2413 2368/2333/2333
f 2368/2333/2333 2363/2413/2413 2362/2412/2412
f 2254/2301/2301 2367/2414/2414 2368/2333/2333
f 2370/2420/2420 2369/1947/1947 2371/2416/2416
f 2371/2416/2416 2369/1947/1947 1912/1945/1945
f 2371/2416/2416 2391/2415/2415 2370/2420/2420
f 2369/1947/1947 2389/2391/2391 1913/1948/1948
f 1913/1948/1948 2389/2391/2391 1870/1949/1949
f 1910/1944/1944 1898/1932/1932 2366/2417/2417
f 2366/2417/2417 2364/2411/2411 1910/1944/1944
f 2364/2411/2411 2367/2414/2414 2371/2416/2416
f 1912/1945/1945 1910/1944/1944 2371/2416/2416
f 2371/2416/2416 1910/1944/1944 2364/2411/2411
f 2374/2338/2338 2372/2421/2421 1908/1941/1941
f 2373/1939/1939 2374/2338/2338 1908/1941/1941
f 2277/2325/2325 2375/2422/2422 2374/2338/2338
f 2374/2338/2338 2375/2422/2422 2372/2421/2421
f 2377/2423/2423 2376/2419/2419 1908/1941/1941
f 1898/1932/1932 1907/1931/1931 2376/2419/2419
f 1908/1941/1941 2376/2419/2419 1907/1931/1931
f 1906/1940/1940 1905/1936/1936 2373/1939/1939
f 2373/1939/1939 1908/1941/1941 1906/1940/1940
f 2287/2328/2328 2374/2338/2338 2285/2336/2336
f 2374/2338/2338 2373/1939/1939 2285/2336/2336
f 1842/1877/1877 2285/2336/2336 2373/1939/1939
f 1904/1938/1938 1842/1877/1877 2373/1939/1939
f 2283/2326/2326 2284/2335/2335 2377/2423/2423
f 2375/2422/2422 2283/2326/2326 2377/2423/2423
f 2362/2412/2412 2281/2322/2322 2368/2333/2333
f 2362/2412/2412 2284/2335/2335 2281/2322/2322
f 2377/2423/2423 2365/2418/2418 2376/2419/2419
f 2377/2423/2423 2372/2421/2421 2375/2422/2422
f 2283/2326/2326 2375/2422/2422 2277/2325/2325
f 2365/2418/2418 2377/2423/2423 2284/2335/2335
f 2362/2412/2412 2365/2418/2418 2284/2335/2335
f 2377/2423/2423 1908/1941/1941 2372/2421/2421
f 2378/2424/2424 2379/2425/2425 2273/2319/2319
f 2272/2318/2318 2378/2424/2424 2273/2319/2319
f 2273/2319/2319 2379/2425/2425 2380/2426/2426
f 2272/2318/2318 2262/2315/2315 2381/2314/2314
f 2272/2318/2318 2381/2314/2314 2378/2424/2424
f 2378/2424/2424 2382/2427/2427 2379/2425/2425
f 2380/2426/2426 2394/2428/2428 2385/2321/2321
f 2384/2320/2320 2380/2426/2426 2385/2321/2321
f 2385/2321/2321 2253/2299/2299 2384/2320/2320
f 2269/2316/2316 2273/2319/2319 2384/2320/2320
f 2269/2316/2316 2384/2320/2320 2270/2317/2317
f 2273/2319/2319 2380/2426/2426 2384/2320/2320
f 2388/2399/2399 2386/2313/2313 2343/2398/2398
f 811/909/909 2387/2400/2400 2268/2311/2311
f 2386/2313/2313 2387/2400/2400 2343/2398/2398
f 2386/2313/2313 2268/2311/2311 2387/2400/2400
f 2388/2399/2399 2330/2382/2382 2383/2393/2393
f 2383/2393/2393 2382/2427/2427 2388/2399/2399
f 2344/2397/2397 2330/2382/2382 2388/2399/2399
f 2388/2399/2399 2382/2427/2427 2378/2424/2424
f 2386/2313/2313 2378/2424/2424 2381/2314/2314
f 2378/2424/2424 2386/2313/2313 2388/2399/2399
f 2396/2429/2429 2390/2430/2430 2389/2391/2391
f 2393/2431/2431 2390/2430/2430 2396/2429/2429
f 2395/2432/2432 2389/2391/2391 2391/2415/2415
f 2389/2391/2391 2395/2432/2432 2396/2429/2429
f 2340/2392/2392 2393/2431/2431 2392/2433/2433
f 2392/2433/2433 2383/2393/2393 2340/2392/2392
f 2339/2390/2390 2390/2430/2430 2393/2431/2431
f 2340/2392/2392 2339/2390/2390 2393/2431/2431
f 2392/2433/2433 2393/2431/2431 2396/2429/2429
f 2389/2391/2391 2369/1947/1947 2370/2420/2420
f 2389/2391/2391 2337/2389/2389 1870/1949/1949
f 2391/2415/2415 2389/2391/2391 2370/2420/2420
f 2390/2430/2430 2339/2390/2390 2389/2391/2391
f 2395/2432/2432 2367/2414/2414 2394/2428/2428
f 2395/2432/2432 2394/2428/2428 2380/2426/2426
f 2391/2415/2415 2367/2414/2414 2395/2432/2432
f 2394/2428/2428 2367/2414/2414 2254/2301/2301
f 2394/2428/2428 2254/2301/2301 2385/2321/2321
f 2379/2425/2425 2392/2433/2433 2396/2429/2429
f 2382/2427/2427 2392/2433/2433 2379/2425/2425
f 2380/2426/2426 2379/2425/2425 2396/2429/2429
f 2383/2393/2393 2392/2433/2433 2382/2427/2427
f 2380/2426/2426 2396/2429/2429 2395/2432/2432
f 2399/2434/2434 2398/2435/2435 2397/2436/2436
f 2426/2437/2437 2397/2436/2436 2400/2438/2438
f 2397/2436/2436 2426/2437/2437 2399/2434/2434
f 2403/2439/2439 2401/2440/2440 2398/2435/2435
f 2401/2440/2440 2403/2439/2439 2402/2441/2441
f 2399/2434/2434 2403/2439/2439 2398/2435/2435
f 2401/2440/2440 2402/2441/2441 2420/2442/2442
f 2401/2440/2440 1852/1872/1872 2398/2435/2435
f 2397/2436/2436 1851/1874/1874 2400/2438/2438
f 1851/1874/1874 2397/2436/2436 2398/2435/2435
f 1852/1872/1872 1851/1874/1874 2398/2435/2435
f 2406/2443/2443 2404/2444/2444 2405/2445/2445
f 2430/2446/2446 2405/2445/2445 2410/2447/2447
f 2414/2448/2448 2417/2449/2449 2406/2443/2443
f 2404/2444/2444 2406/2443/2443 2421/2450/2450
f 2414/2448/2448 2406/2443/2443 2405/2445/2445
f 2409/2451/2451 2431/2452/2452 2408/2453/2453
f 2404/2444/2444 2408/2453/2453 2410/2447/2447
f 2404/2444/2444 2410/2447/2447 2405/2445/2445
f 2408/2453/2453 2431/2452/2452 2410/2447/2447
f 2430/2446/2446 2411/2222/2222 2413/2454/2454
f 2412/2455/2455 2430/2446/2446 2413/2454/2454
f 2412/2455/2455 2413/2454/2454 2414/2448/2448
f 2415/2456/2456 2414/2448/2448 2413/2454/2454
f 2407/2457/2457 2417/2449/2449 2415/2456/2456
f 2415/2456/2456 2417/2449/2449 2414/2448/2448
f 2414/2448/2448 2405/2445/2445 2412/2455/2455
f 2405/2445/2445 2430/2446/2446 2412/2455/2455
f 2419/2458/2458 2403/2439/2439 2416/2459/2459
f 2399/2434/2434 2416/2459/2459 2403/2439/2439
f 2407/2457/2457 2418/2460/2460 2417/2449/2449
f 2416/2459/2459 2417/2449/2449 2418/2460/2460
f 2467/2461/2461 2402/2441/2441 2419/2458/2458
f 2402/2441/2441 2467/2461/2461 2420/2442/2442
f 2419/2458/2458 2402/2441/2441 2403/2439/2439
f 2426/2437/2437 2421/2450/2450 2399/2434/2434
f 2409/2451/2451 2408/2453/2453 2426/2437/2437
f 2421/2450/2450 2408/2453/2453 2404/2444/2444
f 2421/2450/2450 2426/2437/2437 2408/2453/2453
f 2417/2449/2449 2416/2459/2459 2406/2443/2443
f 2416/2459/2459 2399/2434/2434 2421/2450/2450
f 2406/2443/2443 2416/2459/2459 2421/2450/2450
f 2466/2462/2462 1852/1872/1872 2401/2440/2440
f 2466/2462/2462 2401/2440/2440 2420/2442/2442
f 2466/2462/2462 2286/1876/1876 1852/1872/1872
f 1850/1873/1873 2422/2463/2463 1851/1874/1874
f 1850/1873/1873 2176/1853/1853 2422/2463/2463
f 2422/2463/2463 2176/1853/1853 2427/2227/2227
f 2431/2452/2452 2424/2464/2464 2423/2465/2465
f 2424/2464/2464 2174/2466/2466 2423/2465/2465
f 2431/2452/2452 2423/2465/2465 2432/2467/2467
f 2174/2466/2466 2425/2226/2226 2423/2465/2465
f 2424/2464/2464 2409/2451/2451 2426/2437/2437
f 2424/2464/2464 2426/2437/2437 2433/2468/2468
f 2409/2451/2451 2424/2464/2464 2431/2452/2452
f 2171/2207/2207 2174/2466/2466 2427/2227/2227
f 2174/2466/2466 2171/2207/2207 2425/2226/2226
f 2427/2227/2227 2424/2464/2464 2433/2468/2468
f 2424/2464/2464 2427/2227/2227 2174/2466/2466
f 2428/2223/2223 2170/2221/2221 2429/2469/2469
f 2429/2469/2469 2430/2446/2446 2428/2223/2223
f 2170/2221/2221 2428/2223/2223 2169/2220/2220
f 2168/2219/2219 2411/2222/2222 2429/2469/2469
f 2429/2469/2469 2411/2222/2222 2430/2446/2446
f 2170/2221/2221 2168/2219/2219 2429/2469/2469
f 2410/2447/2447 2431/2452/2452 2430/2446/2446
f 2164/2224/2224 2432/2467/2467 2425/2226/2226
f 2432/2467/2467 2164/2224/2224 2428/2223/2223
f 2432/2467/2467 2423/2465/2465 2425/2226/2226
f 2432/2467/2467 2428/2223/2223 2430/2446/2446
f 2431/2452/2452 2432/2467/2467 2430/2446/2446
f 2422/2463/2463 2433/2468/2468 1851/1874/1874
f 1851/1874/1874 2433/2468/2468 2400/2438/2438
f 2400/2438/2438 2433/2468/2468 2426/2437/2437
f 2422/2463/2463 2427/2227/2227 2433/2468/2468
f 2435/2470/2470 2436/2471/2471 2445/2472/2472
f 2437/2473/2473 2438/2474/2474 2446/2475/2475
f 2437/2473/2473 2446/2475/2475 2435/2470/2470
f 2446/2475/2475 2434/2476/2476 2435/2470/2470
f 2146/2192/2192 2455/2477/2477 2439/2478/2478
f 2439/2478/2478 2441/2479/2479 2434/2476/2476
f 2455/2477/2477 2441/2479/2479 2439/2478/2478
f 2436/2471/2471 2435/2470/2470 2441/2479/2479
f 2434/2476/2476 2441/2479/2479 2435/2470/2470
f 2434/2476/2476 2440/2480/2480 2439/2478/2478
f 2443/2481/2481 2442/2482/2482 2445/2472/2472
f 2436/2471/2471 2305/2360/2360 2443/2481/2481
f 2445/2472/2472 2436/2471/2471 2443/2481/2481
f 2293/2345/2345 2443/2481/2481 2444/2347/2347
f 2443/2481/2481 2258/2348/2348 2444/2347/2347
f 2293/2345/2345 2442/2482/2482 2443/2481/2481
f 2442/2482/2482 2438/2474/2474 2437/2473/2473
f 2445/2472/2472 2437/2473/2473 2435/2470/2470
f 2442/2482/2482 2437/2473/2473 2445/2472/2472
f 2446/2475/2475 2447/2483/2483 2449/2484/2484
f 2449/2484/2484 2149/2197/2197 2446/2475/2475
f 2448/2485/2485 2446/2475/2475 2438/2474/2474
f 2447/2483/2483 2446/2475/2475 2448/2485/2485
f 2449/2484/2484 2148/2158/2158 2147/2196/2196
f 2149/2197/2197 2449/2484/2484 2147/2196/2196
f 2145/2193/2193 2440/2480/2480 2450/2195/2195
f 2146/2192/2192 2439/2478/2478 2145/2193/2193
f 2439/2478/2478 2440/2480/2480 2145/2193/2193
f 2446/2475/2475 2149/2197/2197 2434/2476/2476
f 2450/2195/2195 2440/2480/2480 2149/2197/2197
f 2149/2197/2197 2440/2480/2480 2434/2476/2476
f 2141/2189/2189 2451/2190/2190 2452/2486/2486
f 2452/2486/2486 2455/2477/2477 2134/2183/2183
f 2455/2477/2477 2146/2192/2192 2134/2183/2183
f 2146/2192/2192 2135/2184/2184 2134/2183/2183
f 2141/2189/2189 2452/2486/2486 2134/2183/2183
f 764/800/800 869/915/915 2140/2188/2188
f 2451/2190/2190 2140/2188/2188 2310/2365/2365
f 2454/2487/2487 2308/2364/2364 2453/2359/2359
f 2436/2471/2471 2454/2487/2487 2453/2359/2359
f 2307/2363/2363 2451/2190/2190 2309/2353/2353
f 2258/2348/2348 2443/2481/2481 2305/2360/2360
f 2453/2359/2359 2305/2360/2360 2436/2471/2471
f 2304/2361/2361 2453/2359/2359 2306/2356/2356
f 2304/2361/2361 2305/2360/2360 2453/2359/2359
f 2441/2479/2479 2455/2477/2477 2456/2488/2488
f 2441/2479/2479 2456/2488/2488 2436/2471/2471
f 2451/2190/2190 2307/2363/2363 2452/2486/2486
f 2308/2364/2364 2454/2487/2487 2307/2363/2363
f 2454/2487/2487 2452/2486/2486 2307/2363/2363
f 2456/2488/2488 2455/2477/2477 2454/2487/2487
f 2454/2487/2487 2436/2471/2471 2456/2488/2488
f 2455/2477/2477 2452/2486/2486 2454/2487/2487
f 2469/2489/2489 2460/2490/2490 2457/2491/2491
f 2462/2492/2492 2465/2493/2493 2457/2491/2491
f 2468/2494/2494 2459/2495/2495 2458/2496/2496
f 2460/2490/2490 2469/2489/2489 2459/2495/2495
f 2458/2496/2496 2459/2495/2495 2469/2489/2489
f 2460/2490/2490 2473/2344/2344 2461/2497/2497
f 2461/2497/2497 2473/2344/2344 2279/2331/2331
f 2461/2497/2497 2462/2492/2492 2460/2490/2490
f 2460/2490/2490 2462/2492/2492 2457/2491/2491
f 2463/2498/2498 2464/2499/2499 2465/2493/2493
f 2462/2492/2492 2463/2498/2498 2465/2493/2493
f 2467/2461/2461 2466/2462/2462 2420/2442/2442
f 2463/2498/2498 2466/2462/2462 2467/2461/2461
f 2464/2499/2499 2463/2498/2498 2467/2461/2461
f 2469/2489/2489 2468/2494/2494 2458/2496/2496
f 2465/2493/2493 2469/2489/2489 2457/2491/2491
f 2464/2499/2499 2469/2489/2489 2465/2493/2493
f 2469/2489/2489 2464/2499/2499 2468/2494/2494
f 2459/2495/2495 2468/2494/2494 2481/2500/2500
f 2459/2495/2495 2481/2500/2500 2470/2501/2501
f 2293/2345/2345 2290/2340/2340 2470/2501/2501
f 2472/2502/2502 2471/2342/2342 2291/2341/2341
f 2460/2490/2490 2472/2502/2502 2473/2344/2344
f 2473/2344/2344 2472/2502/2502 2291/2341/2341
f 2459/2495/2495 2470/2501/2501 2471/2342/2342
f 2290/2340/2340 2471/2342/2342 2470/2501/2501
f 2459/2495/2495 2471/2342/2342 2472/2502/2502
f 2460/2490/2490 2459/2495/2495 2472/2502/2502
f 2466/2462/2462 2288/2337/2337 2286/1876/1876
f 2462/2492/2492 2466/2462/2462 2463/2498/2498
f 2288/2337/2337 2462/2492/2492 2461/2497/2497
f 2279/2331/2331 2288/2337/2337 2461/2497/2497
f 2288/2337/2337 2466/2462/2462 2462/2492/2492
f 2448/2485/2485 2438/2474/2474 2477/2503/2503
f 2474/2504/2504 2438/2474/2474 2479/2505/2505
f 2474/2504/2504 2479/2505/2505 2475/2506/2506
f 2438/2474/2474 2474/2504/2504 2477/2503/2503
f 2419/2458/2458 2475/2506/2506 2478/2507/2507
f 2419/2458/2458 2478/2507/2507 2464/2499/2499
f 2480/2508/2508 2419/2458/2458 2418/2460/2460
f 2475/2506/2506 2419/2458/2458 2480/2508/2508
f 2479/2505/2505 2478/2507/2507 2475/2506/2506
f 2474/2504/2504 2480/2508/2508 2418/2460/2460
f 2419/2458/2458 2416/2459/2459 2418/2460/2460
f 2407/2457/2457 2476/2509/2509 2418/2460/2460
f 2476/2509/2509 2474/2504/2504 2418/2460/2460
f 2474/2504/2504 2475/2506/2506 2480/2508/2508
f 2407/2457/2457 2415/2456/2456 2476/2509/2509
f 2411/2222/2222 2449/2484/2484 2413/2454/2454
f 2449/2484/2484 2411/2222/2222 2148/2158/2158
f 2413/2454/2454 2449/2484/2484 2447/2483/2483
f 2477/2503/2503 2447/2483/2483 2448/2485/2485
f 2474/2504/2504 2415/2456/2456 2413/2454/2454
f 2447/2483/2483 2474/2504/2504 2413/2454/2454
f 2415/2456/2456 2474/2504/2504 2476/2509/2509
f 2474/2504/2504 2447/2483/2483 2477/2503/2503
f 2481/2500/2500 2468/2494/2494 2484/2510/2510
f 2438/2474/2474 2470/2501/2501 2481/2500/2500
f 2442/2482/2482 2470/2501/2501 2438/2474/2474
f 2470/2501/2501 2442/2482/2482 2293/2345/2345
f 2483/2511/2511 2484/2510/2510 2482/2512/2512
f 2482/2512/2512 2479/2505/2505 2483/2511/2511
f 2468/2494/2494 2464/2499/2499 2482/2512/2512
f 2464/2499/2499 2467/2461/2461 2419/2458/2458
f 2478/2507/2507 2479/2505/2505 2482/2512/2512
f 2478/2507/2507 2482/2512/2512 2464/2499/2499
f 2438/2474/2474 2484/2510/2510 2479/2505/2505
f 2438/2474/2474 2481/2500/2500 2484/2510/2510
f 2468/2494/2494 2482/2512/2512 2484/2510/2510
f 2484/2510/2510 2483/2511/2511 2479/2505/2505
f 2485/2513/2513 1838/1861/1861 2031/2108/2108
f 1838/1861/1861 2485/2513/2513 2176/1853/1853
f 2026/2062/2062 2031/2108/2108 1838/1861/1861
f 2494/2514/2514 2487/2515/2515 2492/2516/2516
f 2488/2517/2517 2486/2518/2518 2487/2515/2515
f 2491/2519/2519 2487/2515/2515 2486/2518/2518
f 2491/2519/2519 2486/2518/2518 2489/2520/2520
f 2491/2519/2519 2489/2520/2520 2490/2521/2521
f 2492/2516/2516 2493/2522/2522 2494/2514/2514
f 2493/2522/2522 2492/2516/2516 2495/2523/2523
f 2495/2523/2523 2512/2524/2524 2493/2522/2522
f 2496/2525/2525 2488/2517/2517 2487/2515/2515
f 2496/2525/2525 2487/2515/2515 2494/2514/2514
f 2488/2517/2517 2497/2526/2526 2521/2527/2527
f 2521/2527/2527 2485/2513/2513 2498/2528/2528
f 2498/2528/2528 2490/2521/2521 2489/2520/2520
f 2486/2518/2518 2498/2528/2528 2489/2520/2520
f 2488/2517/2517 2498/2528/2528 2486/2518/2518
f 2521/2527/2527 2498/2528/2528 2488/2517/2517
f 2506/2529/2529 2503/2530/2530 2552/2531/2531
f 2506/2529/2529 2552/2531/2531 2505/2532/2532
f 2499/2533/2533 2503/2530/2530 2506/2529/2529
f 2490/2521/2521 2501/2534/2534 2491/2519/2519
f 2501/2534/2534 2499/2533/2533 2491/2519/2519
f 2501/2534/2534 2500/2535/2535 2499/2533/2533
f 2502/2536/2536 2500/2535/2535 2065/2105/2105
f 2060/2103/2103 2502/2536/2536 2065/2105/2105
f 2502/2536/2536 2552/2531/2531 2503/2530/2530
f 2503/2530/2530 2499/2533/2533 2502/2536/2536
f 2500/2535/2535 2502/2536/2536 2499/2533/2533
f 2504/2537/2537 2551/2538/2538 2495/2523/2523
f 2505/2532/2532 2551/2538/2538 2504/2537/2537
f 2506/2529/2529 2504/2537/2537 2492/2516/2516
f 2504/2537/2537 2495/2523/2523 2492/2516/2516
f 2492/2516/2516 2487/2515/2515 2499/2533/2533
f 2499/2533/2533 2487/2515/2515 2491/2519/2519
f 2505/2532/2532 2504/2537/2537 2506/2529/2529
f 2506/2529/2529 2492/2516/2516 2499/2533/2533
f 2507/2539/2539 2516/2540/2540 2510/2541/2541
f 2515/2542/2542 2508/2543/2543 2509/2544/2544
f 2512/2524/2524 2513/2545/2545 2514/2546/2546
f 2493/2522/2522 2509/2544/2544 2507/2539/2539
f 2509/2544/2544 2493/2522/2522 2514/2546/2546
f 2513/2545/2545 2512/2524/2524 2551/2538/2538
f 2515/2542/2542 2509/2544/2544 2514/2546/2546
f 2507/2539/2539 2509/2544/2544 2508/2543/2543
f 2508/2543/2543 2515/2542/2542 2516/2540/2540
f 2516/2540/2540 2518/2547/2547 2562/2548/2548
f 2518/2547/2547 2516/2540/2540 2517/2173/2173
f 2510/2541/2541 2519/2549/2549 2511/2550/2550
f 2510/2541/2541 2516/2540/2540 2519/2549/2549
f 2508/2543/2543 2516/2540/2540 2507/2539/2539
f 2516/2540/2540 2562/2548/2548 2519/2549/2549
f 2522/2551/2551 2520/2552/2552 2521/2527/2527
f 2521/2527/2527 2497/2526/2526 2522/2551/2551
f 2488/2517/2517 2522/2551/2551 2497/2526/2526
f 2511/2550/2550 2485/2513/2513 2520/2552/2552
f 2520/2552/2552 2485/2513/2513 2521/2527/2527
f 2496/2525/2525 2494/2514/2514 2493/2522/2522
f 2493/2522/2522 2507/2539/2539 2496/2525/2525
f 2496/2525/2525 2522/2551/2551 2488/2517/2517
f 2514/2546/2546 2493/2522/2522 2512/2524/2524
f 2495/2523/2523 2551/2538/2538 2512/2524/2524
f 2507/2539/2539 2510/2541/2541 2523/2553/2553
f 2511/2550/2550 2523/2553/2553 2510/2541/2541
f 2523/2553/2553 2511/2550/2550 2520/2552/2552
f 2520/2552/2552 2522/2551/2551 2523/2553/2553
f 2522/2551/2551 2496/2525/2525 2507/2539/2539
f 2507/2539/2539 2523/2553/2553 2522/2551/2551
f 2498/2528/2528 2524/2107/2107 2490/2521/2521
f 2064/2106/2106 2065/2105/2105 2500/2535/2535
f 2064/2106/2106 2063/2081/2081 2065/2105/2105
f 2524/2107/2107 2525/2554/2554 2501/2534/2534
f 2500/2535/2535 2501/2534/2534 2525/2554/2554
f 2524/2107/2107 2501/2534/2534 2490/2521/2521
f 2064/2106/2106 2500/2535/2535 2525/2554/2554
f 2524/2107/2107 2064/2106/2106 2525/2554/2554
f 2485/2513/2513 2031/2108/2108 2498/2528/2528
f 2031/2108/2108 2029/2065/2065 2524/2107/2107
f 2031/2108/2108 2524/2107/2107 2498/2528/2528
f 2528/2555/2555 2529/2556/2556 2539/2099/2099
f 2529/2556/2556 2527/2557/2557 2526/2558/2558
f 2527/2557/2557 2529/2556/2556 2528/2555/2555
f 2530/2559/2559 2527/2557/2557 2531/2277/2277
f 2532/2560/2560 2533/2561/2561 2526/2558/2558
f 2526/2558/2558 2527/2557/2557 2532/2560/2560
f 2532/2560/2560 2527/2557/2557 2530/2559/2559
f 2534/2562/2562 2057/2101/2101 2533/2561/2561
f 2060/2103/2103 2536/2563/2563 2502/2536/2536
f 2057/2101/2101 2534/2562/2562 2061/2104/2104
f 2533/2561/2561 2535/2564/2564 2534/2562/2562
f 2534/2562/2562 2536/2563/2563 2061/2104/2104
f 2535/2564/2564 2536/2563/2563 2534/2562/2562
f 2536/2563/2563 2060/2103/2103 2061/2104/2104
f 2529/2556/2556 2057/2101/2101 2048/2085/2085
f 2533/2561/2561 2529/2556/2556 2526/2558/2558
f 2533/2561/2561 2057/2101/2101 2529/2556/2556
f 2537/2565/2565 2540/2098/2098 2538/2097/2097
f 2229/2280/2280 2542/2566/2566 2537/2565/2565
f 2540/2098/2098 2541/2567/2567 2539/2099/2099
f 2539/2099/2099 2529/2556/2556 2048/2085/2085
f 2537/2565/2565 2541/2567/2567 2540/2098/2098
f 641/1324/1324 2228/2279/2279 2537/2565/2565
f 641/1324/1324 2538/2097/2097 2053/2093/2093
f 2228/2279/2279 2229/2280/2280 2537/2565/2565
f 641/1324/1324 2537/2565/2565 2538/2097/2097
f 2531/2277/2277 2542/2566/2566 2227/2278/2278
f 2542/2566/2566 2531/2277/2277 2527/2557/2557
f 2229/2280/2280 2224/2275/2275 2542/2566/2566
f 2224/2275/2275 2227/2278/2278 2542/2566/2566
f 2541/2567/2567 2528/2555/2555 2539/2099/2099
f 2527/2557/2557 2528/2555/2555 2542/2566/2566
f 2542/2566/2566 2541/2567/2567 2537/2565/2565
f 2542/2566/2566 2528/2555/2555 2541/2567/2567
f 2215/2266/2266 2547/2568/2568 2543/2273/2273
f 2549/2569/2569 2547/2568/2568 2551/2538/2538
f 2549/2569/2569 2543/2273/2273 2547/2568/2568
f 2222/2272/2272 2543/2273/2273 2530/2559/2559
f 2210/2259/2259 2530/2559/2559 2531/2277/2277
f 2530/2559/2559 2210/2259/2259 2222/2272/2272
f 2221/2269/2269 2545/2570/2570 2544/2571/2571
f 2545/2570/2570 2515/2542/2542 2548/2572/2572
f 2548/2572/2572 2544/2571/2571 2545/2570/2570
f 2544/2571/2571 2215/2266/2266 2221/2269/2269
f 2544/2571/2571 2548/2572/2572 2215/2266/2266
f 2545/2570/2570 2220/2271/2271 2546/2174/2174
f 2545/2570/2570 2221/2269/2269 2220/2271/2271
f 2517/2173/2173 2516/2540/2540 2546/2174/2174
f 2546/2174/2174 2516/2540/2540 2545/2570/2570
f 2545/2570/2570 2516/2540/2540 2515/2542/2542
f 2548/2572/2572 2513/2545/2545 2547/2568/2568
f 2548/2572/2572 2515/2542/2542 2514/2546/2546
f 2513/2545/2545 2548/2572/2572 2514/2546/2546
f 2513/2545/2545 2551/2538/2538 2547/2568/2568
f 2548/2572/2572 2547/2568/2568 2215/2266/2266
f 2533/2561/2561 2549/2569/2569 2550/2573/2573
f 2551/2538/2538 2505/2532/2532 2550/2573/2573
f 2551/2538/2538 2550/2573/2573 2549/2569/2569
f 2552/2531/2531 2553/2574/2574 2505/2532/2532
f 2553/2574/2574 2536/2563/2563 2535/2564/2564
f 2502/2536/2536 2553/2574/2574 2552/2531/2531
f 2553/2574/2574 2502/2536/2536 2536/2563/2563
f 2533/2561/2561 2550/2573/2573 2535/2564/2564
f 2550/2573/2573 2505/2532/2532 2553/2574/2574
f 2550/2573/2573 2553/2574/2574 2535/2564/2564
f 2533/2561/2561 2532/2560/2560 2554/2575/2575
f 2543/2273/2273 2532/2560/2560 2530/2559/2559
f 2549/2569/2569 2554/2575/2575 2543/2273/2273
f 2549/2569/2569 2533/2561/2561 2554/2575/2575
f 2543/2273/2273 2554/2575/2575 2532/2560/2560
f 2157/2209/2209 2485/2513/2513 2555/2576/2576
f 2557/2577/2577 2555/2576/2576 2556/2578/2578
f 2555/2576/2576 2557/2577/2577 2180/2236/2236
f 2557/2577/2577 2559/2579/2579 2558/2245/2245
f 2559/2579/2579 2557/2577/2577 2556/2578/2578
f 2189/2246/2246 2518/2547/2547 2517/2173/2173
f 2189/2246/2246 2184/2242/2242 2518/2547/2547
f 2558/2245/2245 2559/2579/2579 2184/2242/2242
f 2518/2547/2547 2184/2242/2242 2559/2579/2579
f 2180/2236/2236 2557/2577/2577 2560/2244/2244
f 2558/2245/2245 2560/2244/2244 2557/2577/2577
f 2157/2209/2209 2555/2576/2576 2180/2236/2236
f 2176/1853/1853 2485/2513/2513 2157/2209/2209
f 2555/2576/2576 2485/2513/2513 2511/2550/2550
f 2561/2580/2580 2519/2549/2549 2562/2548/2548
f 2561/2580/2580 2511/2550/2550 2519/2549/2549
f 2559/2579/2579 2562/2548/2548 2518/2547/2547
f 2562/2548/2548 2559/2579/2579 2556/2578/2578
f 2562/2548/2548 2556/2578/2578 2561/2580/2580
f 2561/2580/2580 2555/2576/2576 2511/2550/2550
f 2555/2576/2576 2561/2580/2580 2556/2578/2578
f 2564/2581/2581 2565/2582/2582 2563/2583/2583
f 2566/2584/2584 2567/2585/2585 2563/2583/2583
f 2568/2586/2586 2569/2587/2587 2564/2581/2581
f 2568/2586/2586 2564/2581/2581 2563/2583/2583
f 2571/2588/2588 2570/2589/2589 2573/2590/2590
f 2571/2588/2588 2572/2591/2591 2583/2592/2592
f 2581/2593/2593 2570/2589/2589 2583/2592/2592
f 2570/2589/2589 2571/2588/2588 2583/2592/2592
f 2564/2581/2581 2634/2594/2594 2573/2590/2590
f 2564/2581/2581 2573/2590/2590 2565/2582/2582
f 2634/2594/2594 2564/2581/2581 2574/2595/2595
f 2571/2588/2588 2573/2590/2590 2575/2596/2596
f 2571/2588/2588 2575/2596/2596 2647/2597/2597
f 2647/2597/2597 2578/2598/2598 2572/2591/2591
f 2572/2591/2591 2571/2588/2588 2647/2597/2597
f 2573/2590/2590 2570/2589/2589 2565/2582/2582
f 2577/2599/2599 2730/2600/2600 2582/2601/2601
f 2578/2598/2598 2577/2599/2599 2576/2602/2602
f 2645/2603/2603 2580/2604/2604 2579/2605/2605
f 2578/2598/2598 2732/2606/2606 2577/2599/2599
f 2579/2605/2605 2732/2606/2606 2578/2598/2598
f 2572/2591/2591 2576/2602/2602 2583/2592/2592
f 2576/2602/2602 2572/2591/2591 2578/2598/2598
f 2582/2601/2601 2576/2602/2602 2577/2599/2599
f 2582/2601/2601 2581/2593/2593 2583/2592/2592
f 2576/2602/2602 2582/2601/2601 2583/2592/2592
f 2563/2583/2583 2584/2607/2607 2566/2584/2584
f 2570/2589/2589 2584/2607/2607 2565/2582/2582
f 2563/2583/2583 2565/2582/2582 2584/2607/2607
f 2581/2593/2593 2584/2607/2607 2570/2589/2589
f 2588/2608/2608 2585/2609/2609 2586/2610/2610
f 2588/2608/2608 2567/2585/2585 2585/2609/2609
f 2587/2611/2611 2586/2610/2610 2585/2609/2609
f 2592/2612/2612 2567/2585/2585 2588/2608/2608
f 2585/2609/2609 2567/2585/2585 2566/2584/2584
f 2728/2613/2613 2586/2610/2610 2587/2611/2611
f 2586/2610/2610 2728/2613/2613 2589/2614/2614
f 2756/2615/2615 2590/2616/2616 2591/2617/2617
f 2728/2613/2613 2590/2616/2616 2589/2614/2614
f 2586/2610/2610 2589/2614/2614 2588/2608/2608
f 2592/2612/2612 2593/2618/2618 2568/2586/2586
f 2588/2608/2608 2593/2618/2618 2592/2612/2612
f 2563/2583/2583 2592/2612/2612 2568/2586/2586
f 2563/2583/2583 2567/2585/2585 2592/2612/2612
f 2597/2619/2619 2596/2620/2620 2598/2621/2621
f 2594/2622/2622 2597/2619/2619 2595/2623/2623
f 2594/2622/2622 2596/2620/2620 2597/2619/2619
f 2601/2624/2624 2599/2625/2625 2595/2623/2623
f 2599/2625/2625 2618/2626/2626 2600/2627/2627
f 2815/2628/2628 2600/2627/2627 2618/2626/2626
f 2602/2629/2629 2595/2623/2623 2599/2625/2625
f 2602/2629/2629 2599/2625/2625 2600/2627/2627
f 2595/2623/2623 2602/2629/2629 2594/2622/2622
f 2603/2630/2630 2602/2629/2629 2604/2631/2631
f 2602/2629/2629 2603/2630/2630 2607/2632/2632
f 2604/2631/2631 2605/2633/2633 2603/2630/2630
f 2605/2633/2633 2606/2634/2634 2603/2630/2630
f 2661/2635/2635 2596/2620/2620 2607/2632/2632
f 2594/2622/2622 2607/2632/2632 2596/2620/2620
f 2602/2629/2629 2607/2632/2632 2594/2622/2622
f 2613/2636/2636 2608/2637/2637 2609/2638/2638
f 2610/2639/2639 2621/2640/2640 2608/2637/2637
f 2611/2641/2641 2621/2640/2640 2619/2642/2642
f 2619/2642/2642 2612/2643/2643 2611/2641/2641
f 2598/2621/2621 2611/2641/2641 2612/2643/2643
f 2609/2638/2638 2608/2637/2637 2611/2641/2641
f 2611/2641/2641 2608/2637/2637 2621/2640/2640
f 2613/2636/2636 2568/2586/2586 2789/2644/2644
f 2789/2644/2644 2614/2645/2645 2613/2636/2636
f 2614/2645/2645 2610/2639/2639 2608/2637/2637
f 2614/2645/2645 2608/2637/2637 2613/2636/2636
f 2615/2646/2646 2616/2647/2647 2617/2648/2648
f 2621/2640/2640 2616/2647/2647 2615/2646/2646
f 2617/2648/2648 2601/2624/2624 2615/2646/2646
f 2595/2623/2623 2620/2649/2649 2601/2624/2624
f 2615/2646/2646 2601/2624/2624 2620/2649/2649
f 2610/2639/2639 2616/2647/2647 2621/2640/2640
f 2599/2625/2625 2617/2648/2648 2618/2626/2626
f 2617/2648/2648 2616/2647/2647 2813/2650/2650
f 2813/2650/2650 2618/2626/2626 2617/2648/2648
f 2599/2625/2625 2601/2624/2624 2617/2648/2648
f 2619/2642/2642 2615/2646/2646 2620/2649/2649
f 2595/2623/2623 2597/2619/2619 2620/2649/2649
f 2612/2643/2643 2620/2649/2649 2597/2619/2619
f 2597/2619/2619 2598/2621/2621 2612/2643/2643
f 2619/2642/2642 2620/2649/2649 2612/2643/2643
f 2615/2646/2646 2619/2642/2642 2621/2640/2640
f 2623/2651/2651 2622/2652/2652 2625/2653/2653
f 2799/2654/2654 2627/2655/2655 2600/2627/2627
f 2799/2654/2654 2600/2627/2627 2815/2628/2628
f 2622/2652/2652 2627/2655/2655 2799/2654/2654
f 2807/2656/2656 2622/2652/2652 341/375/375
f 2625/2653/2653 2624/2657/2657 2623/2651/2651
f 2625/2653/2653 2622/2652/2652 2807/2656/2656
f 2622/2652/2652 2623/2651/2651 2604/2631/2631
f 2623/2651/2651 2605/2633/2633 2604/2631/2631
f 2600/2627/2627 2627/2655/2655 2602/2629/2629
f 2622/2652/2652 2604/2631/2631 2627/2655/2655
f 2604/2631/2631 2602/2629/2629 2627/2655/2655
f 2628/2658/2658 2636/2659/2659 2631/2660/2660
f 2637/2661/2661 2629/2662/2662 2659/2663/2663
f 2628/2658/2658 2629/2662/2662 2637/2661/2661
f 2636/2659/2659 2630/2664/2664 2631/2660/2660
f 2632/2665/2665 2628/2658/2658 2648/2666/2666
f 2634/2594/2594 2633/2667/2667 2632/2665/2665
f 2633/2667/2667 2664/2668/2668 2629/2662/2662
f 2632/2665/2665 2629/2662/2662 2628/2658/2658
f 2633/2667/2667 2629/2662/2662 2632/2665/2665
f 2635/2669/2669 2911/2670/2670 2636/2659/2659
f 2636/2659/2659 2637/2661/2661 2635/2669/2669
f 2630/2664/2664 2636/2659/2659 2911/2670/2670
f 2637/2661/2661 2636/2659/2659 2628/2658/2658
f 2638/2671/2671 2639/2672/2672 2640/2673/2673
f 2639/2672/2672 2644/2674/2674 2640/2673/2673
f 2642/2675/2675 2638/2671/2671 2640/2673/2673
f 2642/2675/2675 2640/2673/2673 2641/2676/2676
f 2639/2672/2672 2630/2664/2664 2643/2677/2677
f 2643/2677/2677 2644/2674/2674 2639/2672/2672
f 2644/2674/2674 2913/2678/2678 2645/2603/2603
f 2646/2679/2679 2645/2603/2603 2913/2678/2678
f 2579/2605/2605 2641/2676/2676 2645/2603/2603
f 2579/2605/2605 2578/2598/2598 2641/2676/2676
f 2642/2675/2675 2641/2676/2676 2578/2598/2598
f 2644/2674/2674 2645/2603/2603 2640/2673/2673
f 2645/2603/2603 2641/2676/2676 2640/2673/2673
f 2575/2596/2596 2648/2666/2666 2647/2597/2597
f 2649/2680/2680 2648/2666/2666 2628/2658/2658
f 2648/2666/2666 2649/2680/2680 2647/2597/2597
f 2575/2596/2596 2573/2590/2590 2634/2594/2594
f 2632/2665/2665 2648/2666/2666 2634/2594/2594
f 2648/2666/2666 2575/2596/2596 2634/2594/2594
f 2639/2672/2672 2631/2660/2660 2630/2664/2664
f 2638/2671/2671 2631/2660/2660 2639/2672/2672
f 2642/2675/2675 2649/2680/2680 2638/2671/2671
f 2578/2598/2598 2647/2597/2597 2642/2675/2675
f 2649/2680/2680 2642/2675/2675 2647/2597/2597
f 2628/2658/2658 2631/2660/2660 2649/2680/2680
f 2631/2660/2660 2638/2671/2671 2649/2680/2680
f 2650/2681/2681 2652/2682/2682 2658/2683/2683
f 2652/2682/2682 2650/2681/2681 2569/2587/2587
f 2654/2684/2684 2653/2685/2685 2661/2635/2635
f 2654/2684/2684 2655/2686/2686 2653/2685/2685
f 2650/2681/2681 2658/2683/2683 2653/2685/2685
f 2650/2681/2681 2655/2686/2686 2651/2687/2687
f 2655/2686/2686 2650/2681/2681 2653/2685/2685
f 2569/2587/2587 2657/2688/2688 2564/2581/2581
f 2574/2595/2595 2564/2581/2581 2657/2688/2688
f 2569/2587/2587 2651/2687/2687 2657/2688/2688
f 2651/2687/2687 2569/2587/2587 2650/2681/2681
f 2652/2682/2682 2569/2587/2587 2613/2636/2636
f 2613/2636/2636 2569/2587/2587 2568/2586/2586
f 2598/2621/2621 2653/2685/2685 2611/2641/2641
f 2609/2638/2638 2653/2685/2685 2658/2683/2683
f 2653/2685/2685 2609/2638/2638 2611/2641/2641
f 2613/2636/2636 2658/2683/2683 2652/2682/2682
f 2658/2683/2683 2613/2636/2636 2609/2638/2638
f 2654/2684/2684 2607/2632/2632 2659/2663/2663
f 2660/2689/2689 2659/2663/2663 2664/2668/2668
f 2660/2689/2689 2654/2684/2684 2659/2663/2663
f 2596/2620/2620 2661/2635/2635 2598/2621/2621
f 2661/2635/2635 2607/2632/2632 2654/2684/2684
f 2606/2634/2634 2635/2669/2669 2603/2630/2630
f 2603/2630/2630 2637/2661/2661 2659/2663/2663
f 2635/2669/2669 2637/2661/2661 2603/2630/2630
f 2607/2632/2632 2603/2630/2630 2659/2663/2663
f 2663/2690/2690 2651/2687/2687 2656/2691/2691
f 2662/2692/2692 2633/2667/2667 2663/2690/2690
f 2664/2668/2668 2659/2663/2663 2629/2662/2662
f 2664/2668/2668 2633/2667/2667 2662/2692/2692
f 2663/2690/2690 2634/2594/2594 2657/2688/2688
f 2657/2688/2688 2634/2594/2594 2574/2595/2595
f 2651/2687/2687 2663/2690/2690 2657/2688/2688
f 2633/2667/2667 2634/2594/2594 2663/2690/2690
f 2656/2691/2691 2654/2684/2684 2662/2692/2692
f 2654/2684/2684 2656/2691/2691 2655/2686/2686
f 2655/2686/2686 2656/2691/2691 2651/2687/2687
f 2653/2685/2685 2598/2621/2621 2661/2635/2635
f 2662/2692/2692 2660/2689/2689 2664/2668/2668
f 2663/2690/2690 2656/2691/2691 2662/2692/2692
f 2660/2689/2689 2662/2692/2692 2654/2684/2684
f 2679/2693/2693 2694/2694/2694 2671/2695/2695
f 2671/2695/2695 2668/2696/2696 2858/2697/2697
f 2671/2695/2695 2694/2694/2694 2668/2696/2696
f 2665/2698/2698 2667/2699/2699 2709/2700/2700
f 2709/2700/2700 2666/2701/2701 2665/2698/2698
f 2667/2699/2699 2665/2698/2698 2671/2695/2695
f 2673/2702/2702 2666/2701/2701 2669/2703/2703
f 2666/2701/2701 2710/2704/2704 2704/2705/2705
f 2666/2701/2701 2704/2705/2705 2669/2703/2703
f 2670/2706/2706 2735/2707/2707 2707/2708/2708
f 2704/2705/2705 2707/2708/2708 2669/2703/2703
f 2669/2703/2703 2707/2708/2708 2735/2707/2707
f 2669/2703/2703 2672/2709/2709 2673/2702/2702
f 2673/2702/2702 2672/2709/2709 2671/2695/2695
f 2673/2702/2702 2665/2698/2698 2666/2701/2701
f 2665/2698/2698 2673/2702/2702 2671/2695/2695
f 2674/2710/2710 2675/2711/2711 2689/2712/2712
f 2674/2710/2710 2694/2694/2694 2680/2713/2713
f 2683/2714/2714 2675/2711/2711 2674/2710/2710
f 2692/2715/2715 2677/2716/2716 2676/2717/2717
f 2694/2694/2694 2674/2710/2710 2677/2716/2716
f 2676/2717/2717 2674/2710/2710 2689/2712/2712
f 2676/2717/2717 2677/2716/2716 2674/2710/2710
f 2694/2694/2694 2679/2693/2693 2680/2713/2713
f 2683/2714/2714 2681/2718/2718 2682/2719/2719
f 2681/2718/2718 2687/2720/2720 2682/2719/2719
f 2683/2714/2714 2684/2721/2721 2681/2718/2718
f 2684/2721/2721 2683/2714/2714 2729/2722/2722
f 2732/2606/2606 2894/2723/2723 2681/2718/2718
f 2732/2606/2606 2681/2718/2718 2684/2721/2721
f 2579/2605/2605 2894/2723/2723 2732/2606/2606
f 2894/2723/2723 2687/2720/2720 2681/2718/2718
f 2686/2724/2724 2685/2725/2725 2687/2720/2720
f 2686/2724/2724 2688/2726/2726 2685/2725/2725
f 2688/2726/2726 2678/2727/2727 2676/2717/2717
f 2688/2726/2726 2676/2717/2717 2685/2725/2725
f 2676/2717/2717 2689/2712/2712 2685/2725/2725
f 2689/2712/2712 2675/2711/2711 2683/2714/2714
f 2683/2714/2714 2682/2719/2719 2689/2712/2712
f 2685/2725/2725 2682/2719/2719 2687/2720/2720
f 2685/2725/2725 2689/2712/2712 2682/2719/2719
f 2693/2728/2728 2690/2729/2729 2677/2716/2716
f 2691/2730/2730 2692/2715/2715 2676/2717/2717
f 2692/2715/2715 2693/2728/2728 2677/2716/2716
f 2860/2731/2731 2693/2728/2728 2890/2732/2732
f 2668/2696/2696 2690/2729/2729 2860/2731/2731
f 2690/2729/2729 2668/2696/2696 2694/2694/2694
f 2693/2728/2728 2860/2731/2731 2690/2729/2729
f 2677/2716/2716 2690/2729/2729 2694/2694/2694
f 2695/2733/2733 2873/2734/2734 2697/2735/2735
f 2696/2736/2736 2873/2734/2734 2695/2733/2733
f 2697/2735/2735 2705/2737/2737 2695/2733/2733
f 2700/2738/2738 2696/2736/2736 2699/2739/2739
f 2698/2740/2740 2700/2738/2738 2699/2739/2739
f 2696/2736/2736 2700/2738/2738 2873/2734/2734
f 2702/2741/2741 2873/2734/2734 2701/2742/2742
f 2879/2743/2743 2703/2744/2744 2702/2741/2741
f 3026/2745/2745 2703/2744/2744 2879/2743/2743
f 2705/2737/2737 2697/2735/2735 2703/2744/2744
f 2873/2734/2734 2702/2741/2741 2697/2735/2735
f 2702/2741/2741 2703/2744/2744 2697/2735/2735
f 2707/2708/2708 2711/2746/2746 2706/2747/2747
f 2704/2705/2705 2710/2704/2704 2711/2746/2746
f 2707/2708/2708 2704/2705/2705 2711/2746/2746
f 2711/2746/2746 2705/2737/2737 2706/2747/2747
f 2708/2748/2748 2670/2706/2706 2707/2708/2708
f 2707/2708/2708 2706/2747/2747 2708/2748/2748
f 3517/2749/2749 2708/2748/2748 2706/2747/2747
f 2696/2736/2736 2710/2704/2704 2709/2700/2700
f 2709/2700/2700 2667/2699/2699 2699/2739/2739
f 2696/2736/2736 2709/2700/2700 2699/2739/2739
f 2709/2700/2700 2710/2704/2704 2666/2701/2701
f 2667/2699/2699 2671/2695/2695 2858/2697/2697
f 2667/2699/2699 2858/2697/2697 2698/2740/2740
f 2699/2739/2739 2667/2699/2699 2698/2740/2740
f 2711/2746/2746 2696/2736/2736 2695/2733/2733
f 2695/2733/2733 2705/2737/2737 2711/2746/2746
f 2696/2736/2736 2711/2746/2746 2710/2704/2704
f 2713/2750/2750 2712/2751/2751 2714/2752/2752
f 2712/2751/2751 2713/2750/2750 2715/2753/2753
f 2716/2754/2754 2717/2755/2755 2712/2751/2751
f 2714/2752/2752 2712/2751/2751 2717/2755/2755
f 2718/2756/2756 2719/2757/2757 2722/2758/2758
f 2720/2759/2759 2719/2757/2757 2718/2756/2756
f 2718/2756/2756 2722/2758/2758 2721/2760/2760
f 2719/2757/2757 2720/2759/2759 2715/2753/2753
f 2724/2761/2761 2721/2760/2760 2722/2758/2758
f 2718/2756/2756 2716/2754/2754 2720/2759/2759
f 3499/2762/2762 2716/2754/2754 2718/2756/2756
f 2716/2754/2754 2712/2751/2751 2720/2759/2759
f 2718/2756/2756 2721/2760/2760 3499/2762/2762
f 3499/2762/2762 3491/2763/2763 2716/2754/2754
f 2720/2759/2759 2712/2751/2751 2715/2753/2753
f 2717/2755/2755 2725/2764/2764 2727/2765/2765
f 2725/2764/2764 2726/2766/2766 2727/2765/2765
f 2727/2765/2765 2728/2613/2613 2714/2752/2752
f 2717/2755/2755 2727/2765/2765 2714/2752/2752
f 2717/2755/2755 2716/2754/2754 2725/2764/2764
f 2726/2766/2766 2728/2613/2613 2727/2765/2765
f 2590/2616/2616 2728/2613/2613 2726/2766/2766
f 2591/2617/2617 2590/2616/2616 2726/2766/2766
f 2585/2609/2609 2714/2752/2752 2587/2611/2611
f 2713/2750/2750 2585/2609/2609 2566/2584/2584
f 2585/2609/2609 2713/2750/2750 2714/2752/2752
f 2728/2613/2613 2587/2611/2611 2714/2752/2752
f 2679/2693/2693 2584/2607/2607 2581/2593/2593
f 2584/2607/2607 2679/2693/2693 2734/2767/2767
f 2731/2768/2768 2581/2593/2593 2729/2722/2722
f 2581/2593/2593 2730/2600/2600 2729/2722/2722
f 2730/2600/2600 2581/2593/2593 2582/2601/2601
f 2733/2769/2769 2732/2606/2606 2684/2721/2721
f 2733/2769/2769 2730/2600/2600 2577/2599/2599
f 2733/2769/2769 2577/2599/2599 2732/2606/2606
f 2579/2605/2605 2580/2604/2604 2894/2723/2723
f 2731/2768/2768 2729/2722/2722 2683/2714/2714
f 2684/2721/2721 2730/2600/2600 2733/2769/2769
f 2684/2721/2721 2729/2722/2722 2730/2600/2600
f 2680/2713/2713 2679/2693/2693 2731/2768/2768
f 2683/2714/2714 2674/2710/2710 2731/2768/2768
f 2674/2710/2710 2680/2713/2713 2731/2768/2768
f 2581/2593/2593 2731/2768/2768 2679/2693/2693
f 2672/2709/2709 2669/2703/2703 2719/2757/2757
f 2734/2767/2767 2679/2693/2693 2671/2695/2695
f 2734/2767/2767 2671/2695/2695 2672/2709/2709
f 2669/2703/2703 2735/2707/2707 2719/2757/2757
f 2670/2706/2706 2723/2770/2770 2722/2758/2758
f 2670/2706/2706 2722/2758/2758 2735/2707/2707
f 2719/2757/2757 2735/2707/2707 2722/2758/2758
f 2672/2709/2709 2719/2757/2757 2715/2753/2753
f 2715/2753/2753 2713/2750/2750 2584/2607/2607
f 2584/2607/2607 2713/2750/2750 2566/2584/2584
f 2734/2767/2767 2672/2709/2709 2584/2607/2607
f 2715/2753/2753 2584/2607/2607 2672/2709/2709
f 2736/2771/2771 2737/2772/2772 2761/2773/2773
f 2738/2774/2774 2737/2772/2772 2739/2775/2775
f 2761/2773/2773 2737/2772/2772 2738/2774/2774
f 2740/2776/2776 2761/2773/2773 3418/2777/2777
f 2740/2776/2776 2742/2778/2778 2736/2771/2771
f 2740/2776/2776 2736/2771/2771 2761/2773/2773
f 2741/2779/2779 2736/2771/2771 2742/2778/2778
f 2743/2780/2780 2745/2781/2781 2744/2782/2782
f 2746/2783/2783 2745/2781/2781 2743/2780/2780
f 2747/2784/2784 2741/2779/2779 2743/2780/2780
f 2743/2780/2780 2741/2779/2779 2746/2783/2783
f 2828/2785/2785 2737/2772/2772 2748/2786/2786
f 2737/2772/2772 2828/2785/2785 2739/2775/2775
f 2741/2779/2779 2737/2772/2772 2736/2771/2771
f 2737/2772/2772 2741/2779/2779 2748/2786/2786
f 2750/2787/2787 2749/2788/2788 2753/2789/2789
f 2750/2787/2787 2751/2790/2790 2749/2788/2788
f 2739/2775/2775 2749/2788/2788 2738/2774/2774
f 2754/2791/2791 2753/2789/2789 2752/2792/2792
f 2590/2616/2616 2756/2615/2615 2752/2792/2792
f 2757/2793/2793 2756/2615/2615 2758/2794/2794
f 2752/2792/2792 2756/2615/2615 2754/2791/2791
f 2757/2793/2793 2759/2795/2795 2756/2615/2615
f 2759/2795/2795 2754/2791/2791 2756/2615/2615
f 2750/2787/2787 2753/2789/2789 2754/2791/2791
f 2754/2791/2791 2759/2795/2795 2750/2787/2787
f 2761/2773/2773 2751/2790/2790 2760/2796/2796
f 2760/2796/2796 2751/2790/2790 2763/2797/2797
f 2762/2798/2798 2760/2796/2796 2763/2797/2797
f 2762/2798/2798 3418/2777/2777 2764/2799/2799
f 3418/2777/2777 2761/2773/2773 2764/2799/2799
f 2761/2773/2773 2760/2796/2796 2764/2799/2799
f 2760/2796/2796 2762/2798/2798 2764/2799/2799
f 2738/2774/2774 2751/2790/2790 2761/2773/2773
f 2749/2788/2788 2751/2790/2790 2738/2774/2774
f 2775/2800/2800 2766/2801/2801 369/403/403
f 2766/2801/2801 2775/2800/2800 2765/2802/2802
f 2766/2801/2801 2765/2802/2802 2770/2803/2803
f 2766/2801/2801 2768/2804/2804 2767/2805/2805
f 2770/2803/2803 2768/2804/2804 2766/2801/2801
f 2774/427/427 2771/2806/2806 2772/160/160
f 2771/2806/2806 2774/427/427 2768/2804/2804
f 2772/160/160 2773/1978/1978 1939/1981/1981
f 2773/1978/1978 2772/160/160 2771/2806/2806
f 2774/427/427 391/426/426 2767/2805/2805
f 2767/2805/2805 391/426/426 2769/425/425
f 2767/2805/2805 2768/2804/2804 2774/427/427
f 390/424/424 369/403/403 2766/2801/2801
f 2767/2805/2805 2769/425/425 390/424/424
f 2767/2805/2805 390/424/424 2766/2801/2801
f 2776/419/419 2777/2807/2807 2775/2800/2800
f 2778/2808/2808 2776/419/419 2775/2800/2800
f 2775/2800/2800 369/403/403 2778/2808/2808
f 2778/2808/2808 369/403/403 384/418/418
f 384/418/418 2776/419/419 2778/2808/2808
f 2746/2783/2783 383/415/415 2745/2781/2781
f 2746/2783/2783 2776/419/419 383/415/415
f 2776/419/419 379/414/414 383/415/415
f 382/417/417 2744/2782/2782 2745/2781/2781
f 383/415/415 382/417/417 2745/2781/2781
f 2744/2782/2782 382/417/417 381/341/341
f 2777/2807/2807 2776/419/419 2742/2778/2778
f 2776/419/419 2746/2783/2783 2742/2778/2778
f 2741/2779/2779 2742/2778/2778 2746/2783/2783
f 2740/2776/2776 2765/2802/2802 2779/2809/2809
f 2742/2778/2778 2740/2776/2776 2777/2807/2807
f 2740/2776/2776 2779/2809/2809 2777/2807/2807
f 2779/2809/2809 2775/2800/2800 2777/2807/2807
f 2765/2802/2802 2775/2800/2800 2779/2809/2809
f 2781/2810/2810 2782/2811/2811 2780/2812/2812
f 2780/2812/2812 2782/2811/2811 2789/2644/2644
f 2789/2644/2644 2792/2813/2813 2780/2812/2812
f 2781/2810/2810 2780/2812/2812 2794/2814/2814
f 2781/2810/2810 2794/2814/2814 2797/2815/2815
f 2785/388/388 2786/2816/2816 2784/2817/2817
f 2787/2818/2818 2783/2819/2819 2782/2811/2811
f 2787/2818/2818 2782/2811/2811 2788/2820/2820
f 2781/2810/2810 2788/2820/2820 2782/2811/2811
f 2788/2820/2820 2781/2810/2810 2797/2815/2815
f 2797/2815/2815 2784/2817/2817 2788/2820/2820
f 2784/2817/2817 2786/2816/2816 2787/2818/2818
f 2788/2820/2820 2784/2817/2817 2787/2818/2818
f 2789/2644/2644 2825/2821/2821 2792/2813/2813
f 2812/2822/2822 2782/2811/2811 2783/2819/2819
f 2782/2811/2811 2812/2822/2822 2789/2644/2644
f 2790/342/342 2793/393/393 2794/2814/2814
f 2791/2823/2823 2790/342/342 2794/2814/2814
f 2792/2813/2813 2790/342/342 2791/2823/2823
f 2792/2813/2813 381/341/341 2790/342/342
f 355/340/340 2793/393/393 2790/342/342
f 2794/2814/2814 2796/2824/2824 2795/2825/2825
f 2797/2815/2815 2794/2814/2814 2795/2825/2825
f 354/389/389 2796/2824/2824 2798/390/390
f 2795/2825/2825 354/389/389 351/386/386
f 2796/2824/2824 2794/2814/2814 2798/390/390
f 354/389/389 2795/2825/2825 2796/2824/2824
f 2784/2817/2817 351/386/386 2785/388/388
f 2795/2825/2825 2784/2817/2817 2797/2815/2815
f 351/386/386 2784/2817/2817 2795/2825/2825
f 2794/2814/2814 2780/2812/2812 2791/2823/2823
f 2780/2812/2812 2792/2813/2813 2791/2823/2823
f 2798/390/390 2793/393/393 357/391/391
f 2793/393/393 2798/390/390 2794/2814/2814
f 341/375/375 2801/378/378 340/374/374
f 341/375/375 2799/2654/2654 2801/378/378
f 2804/2826/2826 2803/2827/2827 2802/2828/2828
f 2804/2826/2826 2802/2828/2828 2815/2628/2628
f 2803/2827/2827 2800/2829/2829 2802/2828/2828
f 2800/2829/2829 2799/2654/2654 2802/2828/2828
f 2805/2830/2830 2800/2829/2829 2806/2831/2831
f 337/366/366 2805/2830/2830 346/367/367
f 2805/2830/2830 337/366/366 2801/378/378
f 2801/378/378 345/376/376 340/374/374
f 2800/2829/2829 2805/2830/2830 2799/2654/2654
f 2819/2832/2832 2806/2831/2831 2800/2829/2829
f 2799/2654/2654 2805/2830/2830 2801/378/378
f 341/375/375 339/373/373 2807/2656/2656
f 2625/2653/2653 2807/2656/2656 2626/309/309
f 339/373/373 2626/309/309 2807/2656/2656
f 2799/2654/2654 341/375/375 2622/2652/2652
f 2802/2828/2828 2799/2654/2654 2815/2628/2628
f 2808/2833/2833 2809/2834/2834 2822/2835/2835
f 2809/2834/2834 2808/2833/2833 2811/2836/2836
f 2812/2822/2822 2783/2819/2819 2821/2837/2837
f 2822/2835/2835 2812/2822/2822 2821/2837/2837
f 2808/2833/2833 2822/2835/2835 2810/2838/2838
f 2812/2822/2822 2822/2835/2835 2809/2834/2834
f 2616/2647/2647 2814/2839/2839 2813/2650/2650
f 2814/2839/2839 2810/2838/2838 2813/2650/2650
f 2618/2626/2626 2813/2650/2650 2815/2628/2628
f 2811/2836/2836 2616/2647/2647 2610/2639/2639
f 2810/2838/2838 2814/2839/2839 2808/2833/2833
f 2616/2647/2647 2811/2836/2836 2808/2833/2833
f 2814/2839/2839 2616/2647/2647 2808/2833/2833
f 2789/2644/2644 2812/2822/2822 2809/2834/2834
f 2811/2836/2836 2614/2645/2645 2809/2834/2834
f 2610/2639/2639 2614/2645/2645 2811/2836/2836
f 2614/2645/2645 2789/2644/2644 2809/2834/2834
f 2816/2840/2840 2817/2841/2841 2820/2842/2842
f 2820/2842/2842 2786/2816/2816 2816/2840/2840
f 2817/2841/2841 2818/2843/2843 2819/2832/2832
f 2818/2843/2843 2817/2841/2841 2816/2840/2840
f 2787/2818/2818 2820/2842/2842 2821/2837/2837
f 2817/2841/2841 2821/2837/2837 2820/2842/2842
f 2783/2819/2819 2787/2818/2818 2821/2837/2837
f 2786/2816/2816 2820/2842/2842 2787/2818/2818
f 2806/2831/2831 346/367/367 2805/2830/2830
f 2786/2816/2816 346/367/367 2806/2831/2831
f 2786/2816/2816 2785/388/388 346/367/367
f 2816/2840/2840 2806/2831/2831 2818/2843/2843
f 2806/2831/2831 2819/2832/2832 2818/2843/2843
f 2786/2816/2816 2806/2831/2831 2816/2840/2840
f 2823/2844/2844 2803/2827/2827 2810/2838/2838
f 2819/2832/2832 2800/2829/2829 2803/2827/2827
f 2815/2628/2628 2813/2650/2650 2804/2826/2826
f 2810/2838/2838 2803/2827/2827 2804/2826/2826
f 2813/2650/2650 2810/2838/2838 2804/2826/2826
f 2823/2844/2844 2810/2838/2838 2822/2835/2835
f 2817/2841/2841 2822/2835/2835 2821/2837/2837
f 2822/2835/2835 2817/2841/2841 2823/2844/2844
f 2823/2844/2844 2817/2841/2841 2819/2832/2832
f 2803/2827/2827 2823/2844/2844 2819/2832/2832
f 2832/2845/2845 2593/2618/2618 2824/2846/2846
f 2832/2845/2845 2824/2846/2846 2828/2785/2785
f 2828/2785/2785 2824/2846/2846 2739/2775/2775
f 2593/2618/2618 2832/2845/2845 2825/2821/2821
f 2568/2586/2586 2593/2618/2618 2825/2821/2821
f 2589/2614/2614 2755/2847/2847 2588/2608/2608
f 2755/2847/2847 2590/2616/2616 2752/2792/2792
f 2590/2616/2616 2755/2847/2847 2589/2614/2614
f 2756/2615/2615 2591/2617/2617 2758/2794/2794
f 2752/2792/2792 2753/2789/2789 2755/2847/2847
f 2749/2788/2788 2824/2846/2846 2826/2848/2848
f 2826/2848/2848 2755/2847/2847 2749/2788/2788
f 2753/2789/2789 2749/2788/2788 2755/2847/2847
f 2749/2788/2788 2739/2775/2775 2824/2846/2846
f 2593/2618/2618 2826/2848/2848 2824/2846/2846
f 2593/2618/2618 2588/2608/2608 2755/2847/2847
f 2826/2848/2848 2593/2618/2618 2755/2847/2847
f 2832/2845/2845 2741/2779/2779 2827/2849/2849
f 2741/2779/2779 2747/2784/2784 2827/2849/2849
f 2831/2850/2850 2830/2851/2851 2827/2849/2849
f 2830/2851/2851 2792/2813/2813 2825/2821/2821
f 2830/2851/2851 2825/2821/2821 2827/2849/2849
f 2741/2779/2779 2832/2845/2845 2828/2785/2785
f 2748/2786/2786 2741/2779/2779 2828/2785/2785
f 2829/2852/2852 2792/2813/2813 2830/2851/2851
f 2830/2851/2851 2747/2784/2784 2829/2852/2852
f 2829/2852/2852 2747/2784/2784 2743/2780/2780
f 2744/2782/2782 2792/2813/2813 2829/2852/2852
f 2829/2852/2852 2743/2780/2780 2744/2782/2782
f 381/341/341 2792/2813/2813 2744/2782/2782
f 2827/2849/2849 2747/2784/2784 2831/2850/2850
f 2747/2784/2784 2830/2851/2851 2831/2850/2850
f 2789/2644/2644 2568/2586/2586 2825/2821/2821
f 2825/2821/2821 2832/2845/2845 2827/2849/2849
f 285/308/308 2834/2853/2853 2833/2854/2854
f 2912/2855/2855 240/259/259 285/308/308
f 2833/2854/2854 2912/2855/2855 285/308/308
f 240/259/259 2912/2855/2855 2835/2856/2856
f 2626/309/309 240/259/259 2835/2856/2856
f 285/308/308 240/259/259 238/250/250
f 285/308/308 234/254/254 2834/2853/2853
f 286/2857/2857 2834/2853/2853 234/254/254
f 2836/2858/2858 2844/2859/2859 2838/2860/2860
f 2838/2860/2860 2844/2859/2859 2839/2861/2861
f 2838/2860/2860 2837/2862/2862 2836/2858/2858
f 2837/2862/2862 2841/2863/2863 2840/2864/2864
f 2837/2862/2862 2840/2864/2864 2836/2858/2858
f 2843/2865/2865 2842/2866/2866 2836/2858/2858
f 2844/2859/2859 2836/2858/2858 2842/2866/2866
f 2847/2867/2867 2895/2868/2868 2848/2869/2869
f 2848/2869/2869 2580/2604/2604 2646/2679/2679
f 2846/2870/2870 2845/2871/2871 2847/2867/2867
f 2895/2868/2868 2847/2867/2867 2845/2871/2871
f 2839/2861/2861 2845/2871/2871 2838/2860/2860
f 2837/2862/2862 2845/2871/2871 2846/2870/2870
f 2845/2871/2871 2837/2862/2862 2838/2860/2860
f 2849/2872/2872 2836/2858/2858 2840/2864/2864
f 2840/2864/2864 2834/2853/2853 2849/2872/2872
f 2849/2872/2872 2843/2865/2865 2836/2858/2858
f 2840/2864/2864 2841/2863/2863 2834/2853/2853
f 2851/2873/2873 2850/2874/2874 2852/2875/2875
f 2854/2876/2876 2851/2873/2873 2853/2877/2877
f 2850/2874/2874 2851/2873/2873 2854/2876/2876
f 2850/2874/2874 2855/2878/2878 2852/2875/2875
f 2856/2879/2879 2851/2873/2873 2852/2875/2875
f 2851/2873/2873 2857/2880/2880 2853/2877/2877
f 2854/2876/2876 2858/2697/2697 2859/2881/2881
f 2853/2877/2877 2858/2697/2697 2854/2876/2876
f 2891/2882/2882 2854/2876/2876 2860/2731/2731
f 2854/2876/2876 2859/2881/2881 2860/2731/2731
f 2861/2883/2883 2900/2884/2884 2850/2874/2874
f 2891/2882/2882 2850/2874/2874 2854/2876/2876
f 2870/2885/2885 2862/2886/2886 2865/2887/2887
f 2862/2886/2886 2864/2888/2888 2865/2887/2887
f 2900/2884/2884 2866/2889/2889 2870/2885/2885
f 2855/2878/2878 2900/2884/2884 2870/2885/2885
f 2866/2889/2889 2862/2886/2886 2870/2885/2885
f 2863/2890/2890 2843/2865/2865 2867/2891/2891
f 2862/2886/2886 2867/2891/2891 2864/2888/2888
f 2867/2891/2891 2862/2886/2886 2863/2890/2890
f 2869/2892/2892 2868/2893/2893 2856/2879/2879
f 2856/2879/2879 2876/2894/2894 2851/2873/2873
f 2869/2892/2892 2856/2879/2879 2852/2875/2875
f 2870/2885/2885 2869/2892/2892 2855/2878/2878
f 2855/2878/2878 2869/2892/2892 2852/2875/2875
f 2855/2878/2878 2850/2874/2874 2900/2884/2884
f 2864/2888/2888 2868/2893/2893 2865/2887/2887
f 2869/2892/2892 2870/2885/2885 2865/2887/2887
f 2868/2893/2893 2869/2892/2892 2865/2887/2887
f 2878/2895/2895 2871/2896/2896 2872/2897/2897
f 2878/2895/2895 2873/2734/2734 2700/2738/2738
f 2871/2896/2896 2878/2895/2895 2700/2738/2738
f 2872/2897/2897 2871/2896/2896 2874/2898/2898
f 2876/2894/2894 2874/2898/2898 2875/2899/2899
f 2877/2900/2900 2702/2741/2741 2701/2742/2742
f 2701/2742/2742 2878/2895/2895 2877/2900/2900
f 2702/2741/2741 2877/2900/2900 2879/2743/2743
f 2873/2734/2734 2878/2895/2895 2701/2742/2742
f 2700/2738/2738 2698/2740/2740 2871/2896/2896
f 2858/2697/2697 2668/2696/2696 2859/2881/2881
f 2853/2877/2877 2871/2896/2896 2858/2697/2697
f 2871/2896/2896 2698/2740/2740 2858/2697/2697
f 2857/2880/2880 2871/2896/2896 2853/2877/2877
f 2874/2898/2898 2857/2880/2880 2875/2899/2899
f 2857/2880/2880 2851/2873/2873 2876/2894/2894
f 2875/2899/2899 2857/2880/2880 2876/2894/2894
f 2871/2896/2896 2857/2880/2880 2874/2898/2898
f 2880/2901/2901 2881/2902/2902 2886/2903/2903
f 2883/2904/2904 2880/2901/2901 2882/2905/2905
f 2889/2906/2906 2888/2907/2907 2882/2905/2905
f 2884/2908/2908 2885/2909/2909 2883/2904/2904
f 2885/2909/2909 2886/2903/2903 2881/2902/2902
f 2880/2901/2901 2885/2909/2909 2881/2902/2902
f 2885/2909/2909 2880/2901/2901 2883/2904/2904
f 2886/2903/2903 2678/2727/2727 2887/2910/2910
f 2880/2901/2901 2886/2903/2903 2887/2910/2910
f 2897/2911/2911 2882/2905/2905 2880/2901/2901
f 2888/2907/2907 2889/2906/2906 2839/2861/2861
f 2884/2908/2908 2883/2904/2904 2888/2907/2907
f 2888/2907/2907 2883/2904/2904 2882/2905/2905
f 2892/2912/2912 2891/2882/2882 2890/2732/2732
f 2884/2908/2908 2906/2913/2913 2885/2909/2909
f 2906/2913/2913 2884/2908/2908 2905/2914/2914
f 2906/2913/2913 2892/2912/2912 2885/2909/2909
f 2860/2731/2731 2890/2732/2732 2891/2882/2882
f 2693/2728/2728 2691/2730/2730 2892/2912/2912
f 2693/2728/2728 2692/2715/2715 2691/2730/2730
f 2691/2730/2730 2886/2903/2903 2892/2912/2912
f 2691/2730/2730 2676/2717/2717 2678/2727/2727
f 2678/2727/2727 2886/2903/2903 2691/2730/2730
f 2892/2912/2912 2886/2903/2903 2885/2909/2909
f 2693/2728/2728 2892/2912/2912 2890/2732/2732
f 2893/2915/2915 2897/2911/2911 2896/2916/2916
f 2893/2915/2915 2896/2916/2916 2895/2868/2868
f 2896/2916/2916 2897/2911/2911 2894/2723/2723
f 2887/2910/2910 2678/2727/2727 2688/2726/2726
f 2688/2726/2726 2686/2724/2724 2898/2917/2917
f 2894/2723/2723 2686/2724/2724 2687/2720/2720
f 2894/2723/2723 2897/2911/2911 2686/2724/2724
f 2897/2911/2911 2898/2917/2917 2686/2724/2724
f 2580/2604/2604 2896/2916/2916 2894/2723/2723
f 2895/2868/2868 2896/2916/2916 2848/2869/2869
f 2580/2604/2604 2848/2869/2869 2896/2916/2916
f 2845/2871/2871 2889/2906/2906 2895/2868/2868
f 2845/2871/2871 2839/2861/2861 2889/2906/2906
f 2893/2915/2915 2889/2906/2906 2882/2905/2905
f 2898/2917/2917 2880/2901/2901 2887/2910/2910
f 2898/2917/2917 2887/2910/2910 2688/2726/2726
f 2897/2911/2911 2880/2901/2901 2898/2917/2917
f 2895/2868/2868 2889/2906/2906 2893/2915/2915
f 2882/2905/2905 2897/2911/2911 2893/2915/2915
f 2844/2859/2859 2863/2890/2890 2899/2918/2918
f 2909/2919/2919 2899/2918/2918 2900/2884/2884
f 2901/2920/2920 2844/2859/2859 2899/2918/2918
f 2839/2861/2861 2844/2859/2859 2901/2920/2920
f 2842/2866/2866 2863/2890/2890 2844/2859/2859
f 2863/2890/2890 2842/2866/2866 2843/2865/2865
f 2900/2884/2884 2899/2918/2918 2866/2889/2889
f 2866/2889/2889 2863/2890/2890 2862/2886/2886
f 2863/2890/2890 2866/2889/2889 2899/2918/2918
f 2907/2921/2921 2906/2913/2913 2905/2914/2914
f 2904/2922/2922 2907/2921/2921 2905/2914/2914
f 2906/2913/2913 2907/2921/2921 2902/2923/2923
f 2902/2923/2923 2909/2919/2919 2861/2883/2883
f 2861/2883/2883 2850/2874/2874 2902/2923/2923
f 2904/2922/2922 2909/2919/2919 2907/2921/2921
f 2909/2919/2919 2902/2923/2923 2907/2921/2921
f 2902/2923/2923 2891/2882/2882 2903/2924/2924
f 2850/2874/2874 2891/2882/2882 2902/2923/2923
f 2668/2696/2696 2860/2731/2731 2859/2881/2881
f 2903/2924/2924 2891/2882/2882 2892/2912/2912
f 2906/2913/2913 2902/2923/2923 2903/2924/2924
f 2903/2924/2924 2892/2912/2912 2906/2913/2913
f 2904/2922/2922 2888/2907/2907 2908/2925/2925
f 2904/2922/2922 2884/2908/2908 2888/2907/2907
f 2901/2920/2920 2888/2907/2907 2839/2861/2861
f 2908/2925/2925 2901/2920/2920 2899/2918/2918
f 2908/2925/2925 2888/2907/2907 2901/2920/2920
f 2899/2918/2918 2909/2919/2919 2908/2925/2925
f 2909/2919/2919 2900/2884/2884 2861/2883/2883
f 2908/2925/2925 2909/2919/2919 2904/2922/2922
f 2905/2914/2914 2884/2908/2908 2904/2922/2922
f 2910/2926/2926 2911/2670/2670 2912/2855/2855
f 2911/2670/2670 2606/2634/2634 2912/2855/2855
f 2911/2670/2670 2914/2927/2927 2643/2677/2677
f 2910/2926/2926 2914/2927/2927 2911/2670/2670
f 2914/2927/2927 2913/2678/2678 2644/2674/2674
f 2914/2927/2927 2848/2869/2869 2913/2678/2678
f 2913/2678/2678 2848/2869/2869 2646/2679/2679
f 2646/2679/2679 2580/2604/2604 2645/2603/2603
f 2914/2927/2927 2644/2674/2674 2643/2677/2677
f 2635/2669/2669 2606/2634/2634 2911/2670/2670
f 2630/2664/2664 2911/2670/2670 2643/2677/2677
f 2915/2928/2928 2606/2634/2634 2605/2633/2633
f 2623/2651/2651 2624/2657/2657 2915/2928/2928
f 2915/2928/2928 2605/2633/2633 2623/2651/2651
f 2624/2657/2657 2912/2855/2855 2915/2928/2928
f 2624/2657/2657 2625/2653/2653 2835/2856/2856
f 2625/2653/2653 2626/309/309 2835/2856/2856
f 2912/2855/2855 2624/2657/2657 2835/2856/2856
f 2833/2854/2854 2910/2926/2926 2912/2855/2855
f 2912/2855/2855 2606/2634/2634 2915/2928/2928
f 2841/2863/2863 2833/2854/2854 2834/2853/2853
f 2848/2869/2869 2846/2870/2870 2847/2867/2867
f 2846/2870/2870 2848/2869/2869 2914/2927/2927
f 2837/2862/2862 2914/2927/2927 2910/2926/2926
f 2914/2927/2927 2837/2862/2862 2846/2870/2870
f 2833/2854/2854 2837/2862/2862 2910/2926/2926
f 2837/2862/2862 2833/2854/2854 2841/2863/2863
f 2916/2929/2929 2917/2930/2930 2922/2931/2931
f 2917/2930/2930 2916/2929/2929 2918/2932/2932
f 2919/2933/2933 2947/2934/2934 2917/2930/2930
f 2947/2934/2934 2919/2933/2933 2920/2935/2935
f 2947/2934/2934 2922/2931/2931 2917/2930/2930
f 2926/2936/2936 2924/2937/2937 2925/2938/2938
f 2924/2937/2937 2927/2939/2939 2923/2940/2940
f 2928/2941/2941 2927/2939/2939 2929/2942/2942
f 2929/2942/2942 2942/2943/2943 2928/2941/2941
f 2930/2944/2944 2923/2940/2940 2928/2941/2941
f 2927/2939/2939 2928/2941/2941 2923/2940/2940
f 2925/2938/2938 2924/2937/2937 2930/2944/2944
f 2918/2932/2932 2925/2938/2938 2930/2944/2944
f 2924/2937/2937 2923/2940/2940 2930/2944/2944
f 2933/2945/2945 2931/2946/2946 2938/2947/2947
f 2934/2948/2948 2933/2945/2945 2938/2947/2947
f 2938/2947/2947 2931/2946/2946 2932/2949/2949
f 2933/2945/2945 2973/2950/2950 2931/2946/2946
f 3005/2951/2951 2935/2952/2952 2937/2953/2953
f 2935/2952/2952 2936/2954/2954 2937/2953/2953
f 2935/2952/2952 2932/2949/2949 2931/2946/2946
f 2932/2949/2949 2935/2952/2952 3005/2951/2951
f 2927/2939/2939 2938/2947/2947 2929/2942/2942
f 2927/2939/2939 2924/2937/2937 2934/2948/2948
f 2926/2936/2936 2933/2945/2945 2934/2948/2948
f 2926/2936/2936 2934/2948/2948 2924/2937/2937
f 3094/2955/2955 2938/2947/2947 2932/2949/2949
f 2934/2948/2948 2938/2947/2947 2927/2939/2939
f 2940/2956/2956 2919/2933/2933 2917/2930/2930
f 2939/2957/2957 2940/2956/2956 2917/2930/2930
f 2939/2957/2957 2942/2943/2943 2941/2958/2958
f 2941/2958/2958 2943/2959/2959 2939/2957/2957
f 2939/2957/2957 2943/2959/2959 2940/2956/2956
f 2919/2933/2933 2940/2956/2956 2920/2935/2935
f 2930/2944/2944 2928/2941/2941 2944/2960/2960
f 2928/2941/2941 2942/2943/2943 2939/2957/2957
f 2944/2960/2960 2928/2941/2941 2939/2957/2957
f 2944/2960/2960 2917/2930/2930 2918/2932/2932
f 2918/2932/2932 2930/2944/2944 2944/2960/2960
f 2939/2957/2957 2917/2930/2930 2944/2960/2960
f 2946/2961/2961 2948/2962/2962 2945/2963/2963
f 2948/2962/2962 2947/2934/2934 3071/2964/2964
f 2948/2962/2962 2946/2961/2961 2947/2934/2934
f 2949/2965/2965 2945/2963/2963 2948/2962/2962
f 2945/2963/2963 2921/2966/2966 2946/2961/2961
f 2946/2961/2961 2921/2966/2966 2922/2931/2931
f 2922/2931/2931 2947/2934/2934 2946/2961/2961
f 2947/2934/2934 2920/2935/2935 3052/2967/2967
f 2921/2966/2966 2954/2968/2968 2951/2969/2969
f 2955/2970/2970 2954/2968/2968 2027/1860/1860
f 2954/2968/2968 2955/2970/2970 2951/2969/2969
f 2955/2970/2970 2027/1860/1860 2025/2060/2060
f 3256/2971/2971 3601/2972/2972 2955/2970/2970
f 2955/2970/2970 2952/2973/2973 2953/2974/2974
f 2955/2970/2970 2953/2974/2974 2951/2969/2969
f 3601/2972/2972 2952/2973/2973 2955/2970/2970
f 2958/2975/2975 2956/2976/2976 2962/2977/2977
f 2958/2975/2975 2964/2978/2978 2975/2979/2979
f 2964/2978/2978 2959/2980/2980 2975/2979/2979
f 2958/2975/2975 2976/2981/2981 2956/2976/2976
f 2976/2981/2981 2957/2982/2982 2956/2976/2976
f 2957/2982/2982 2961/2983/2983 2960/2984/2984
f 2962/2977/2977 2964/2978/2978 2958/2975/2975
f 2964/2978/2978 2962/2977/2977 2963/2985/2985
f 2957/2982/2982 2960/2984/2984 2956/2976/2976
f 2960/2984/2984 2962/2977/2977 2956/2976/2976
f 2965/2986/2986 2969/2987/2987 2970/2988/2988
f 2970/2988/2988 2969/2987/2987 2966/2989/2989
f 2970/2988/2988 2967/2990/2990 2968/2991/2991
f 2968/2991/2991 2965/2986/2986 2970/2988/2988
f 2965/2986/2986 2933/2945/2945 2969/2987/2987
f 2969/2987/2987 2933/2945/2945 2926/2936/2936
f 2972/2992/2992 2970/2988/2988 2966/2989/2989
f 2970/2988/2988 2972/2992/2992 2971/2993/2993
f 2967/2990/2990 2970/2988/2988 2971/2993/2993
f 2931/2946/2946 2973/2950/2950 2935/2952/2952
f 3589/2994/2994 2973/2950/2950 2968/2991/2991
f 2967/2990/2990 3589/2994/2994 2968/2991/2991
f 2935/2952/2952 2973/2950/2950 3589/2994/2994
f 2933/2945/2945 2965/2986/2986 2968/2991/2991
f 2933/2945/2945 2968/2991/2991 2973/2950/2950
f 2925/2938/2938 2974/2995/2995 2926/2936/2936
f 2974/2995/2995 2925/2938/2938 2918/2932/2932
f 2957/2982/2982 2974/2995/2995 2918/2932/2932
f 2975/2979/2979 2966/2989/2989 2976/2981/2981
f 2976/2981/2981 2966/2989/2989 2969/2987/2987
f 2975/2979/2979 2976/2981/2981 2958/2975/2975
f 2972/2992/2992 2975/2979/2979 2959/2980/2980
f 2966/2989/2989 2975/2979/2979 2972/2992/2992
f 2926/2936/2936 2974/2995/2995 2976/2981/2981
f 2976/2981/2981 2969/2987/2987 2926/2936/2936
f 2974/2995/2995 2957/2982/2982 2976/2981/2981
f 2922/2931/2931 2951/2969/2969 2953/2974/2974
f 2953/2974/2974 2918/2932/2932 2916/2929/2929
f 2953/2974/2974 2916/2929/2929 2922/2931/2931
f 2921/2966/2966 2951/2969/2969 2922/2931/2931
f 2952/2973/2973 3551/2996/2996 2961/2983/2983
f 2961/2983/2983 2957/2982/2982 2953/2974/2974
f 2952/2973/2973 2961/2983/2983 2953/2974/2974
f 2918/2932/2932 2953/2974/2974 2957/2982/2982
f 2980/2997/2997 2979/2998/2998 2986/2999/2999
f 2979/2998/2998 2982/3000/3000 2978/3001/3001
f 2979/2998/2998 2978/3001/3001 2977/3002/3002
f 2986/2999/2999 2979/2998/2998 2977/3002/3002
f 2981/3003/3003 2983/3004/3004 2984/3005/3005
f 3001/3006/3006 2977/3002/3002 2978/3001/3001
f 2985/3007/3007 2988/3008/3008 2986/2999/2999
f 2988/3008/3008 2980/2997/2997 2986/2999/2999
f 2989/3009/3009 2979/2998/2998 2990/3010/3010
f 2979/2998/2998 3035/3011/3011 2990/3010/3010
f 3035/3011/3011 2979/2998/2998 2980/2997/2997
f 2989/3009/3009 2992/3012/3012 2982/3000/3000
f 2978/3001/3001 2982/3000/3000 2981/3003/3003
f 2983/3004/3004 2982/3000/3000 2992/3012/3012
f 2982/3000/3000 2983/3004/3004 2981/3003/3003
f 2989/3009/3009 2982/3000/3000 2979/2998/2998
f 2995/3013/3013 2993/3014/3014 2994/3015/3015
f 2994/3015/3015 2993/3014/3014 3002/3016/3016
f 3015/3017/3017 2995/3013/3013 3008/3018/3018
f 2996/3019/3019 3008/3018/3018 2995/3013/3013
f 3015/3017/3017 2993/3014/3014 2995/3013/3013
f 3012/3020/3020 2997/3021/3021 2993/3014/3014
f 2993/3014/3014 2998/3022/3022 3002/3016/3016
f 2993/3014/3014 2997/3021/3021 2998/3022/3022
f 3001/3006/3006 3000/3023/3023 2998/3022/3022
f 3002/3016/3016 2998/3022/3022 3000/3023/3023
f 2999/3024/3024 3000/3023/3023 3001/3006/3006
f 2984/3005/3005 3099/3025/3025 2999/3024/3024
f 3099/3025/3025 2984/3005/3005 3086/3026/3026
f 2999/3024/3024 3099/3025/3025 3000/3023/3023
f 3000/3023/3023 2996/3019/3019 2994/3015/3015
f 2994/3015/3015 2996/3019/3019 2995/3013/3013
f 3002/3016/3016 3000/3023/3023 2994/3015/3015
f 3004/3027/3027 3003/3028/3028 3007/3029/3029
f 3007/3029/3029 3003/3028/3028 3014/3030/3030
f 3014/3030/3030 3008/3018/3018 3006/3031/3031
f 3007/3029/3029 3014/3030/3030 3006/3031/3031
f 2996/3019/3019 3006/3031/3031 3008/3018/3018
f 3006/3031/3031 3005/2951/2951 3007/3029/3029
f 3485/3032/3032 3010/3033/3033 3009/3034/3034
f 3526/3035/3035 3009/3034/3034 3010/3033/3033
f 3526/3035/3035 3011/3036/3036 3004/3027/3027
f 3004/3027/3027 3011/3036/3036 3525/3037/3037
f 3526/3035/3035 3007/3029/3029 3009/3034/3034
f 3007/3029/3029 3526/3035/3035 3004/3027/3027
f 3015/3017/3017 3013/3038/3038 3012/3020/3020
f 3013/3038/3038 3525/3037/3037 3012/3020/3020
f 3014/3030/3030 3015/3017/3017 3008/3018/3018
f 3014/3030/3030 3003/3028/3028 3004/3027/3027
f 3004/3027/3027 3525/3037/3037 3013/3038/3038
f 2993/3014/3014 3015/3017/3017 3012/3020/3020
f 3014/3030/3030 3004/3027/3027 3015/3017/3017
f 3004/3027/3027 3013/3038/3038 3015/3017/3017
f 2977/3002/3002 2997/3021/3021 3016/3039/3039
f 2985/3007/3007 3016/3039/3039 3017/3040/3040
f 2987/3041/3041 2985/3007/3007 3017/3040/3040
f 2986/2999/2999 2977/3002/3002 2985/3007/3007
f 2977/3002/3002 3016/3039/3039 2985/3007/3007
f 2999/3024/3024 3001/3006/3006 2981/3003/3003
f 2978/3001/3001 2981/3003/3003 3001/3006/3006
f 2984/3005/3005 2999/3024/3024 2981/3003/3003
f 3001/3006/3006 2997/3021/3021 2977/3002/3002
f 2997/3021/3021 3001/3006/3006 2998/3022/3022
f 3028/3042/3042 3018/3043/3043 3019/3044/3044
f 3018/3043/3043 3031/3045/3045 3019/3044/3044
f 3020/3046/3046 3019/3044/3044 2987/3041/3041
f 3023/3047/3047 3021/3048/3048 3022/3049/3049
f 3021/3048/3048 3019/3044/3044 3024/3050/3050
f 3021/3048/3048 3024/3050/3050 3025/3051/3051
f 3025/3051/3051 3027/3052/3052 3022/3049/3049
f 3021/3048/3048 3025/3051/3051 3022/3049/3049
f 3027/3052/3052 3023/3047/3047 3022/3049/3049
f 3028/3042/3042 3033/3053/3053 3018/3043/3043
f 3023/3047/3047 3028/3042/3042 3021/3048/3048
f 3028/3042/3042 3019/3044/3044 3021/3048/3048
f 3031/3045/3045 3029/3054/3054 3030/3055/3055
f 3030/3055/3055 3029/3054/3054 3032/3056/3056
f 2980/2997/2997 3030/3055/3055 3035/3011/3011
f 3018/3043/3043 3033/3053/3053 3029/3054/3054
f 3031/3045/3045 3018/3043/3043 3029/3054/3054
f 3029/3054/3054 3033/3053/3053 3032/3056/3056
f 2990/3010/3010 3034/3057/3057 2991/3058/3058
f 3032/3056/3056 3034/3057/3057 3030/3055/3055
f 2990/3010/3010 3035/3011/3011 3034/3057/3057
f 3034/3057/3057 3035/3011/3011 3030/3055/3055
f 3019/3044/3044 2988/3008/3008 2985/3007/3007
f 3019/3044/3044 2985/3007/3007 2987/3041/3041
f 3031/3045/3045 2988/3008/3008 3019/3044/3044
f 3030/3055/3055 2988/3008/3008 3031/3045/3045
f 2988/3008/3008 3030/3055/3055 2980/2997/2997
f 3044/3059/3059 3036/3060/3060 3038/3061/3061
f 3037/3062/3062 3036/3060/3060 3039/3063/3063
f 3036/3060/3060 3041/3064/3064 3038/3061/3061
f 3044/3059/3059 3039/3063/3063 3036/3060/3060
f 3042/3065/3065 3041/3064/3064 3037/3062/3062
f 3041/3064/3064 3036/3060/3060 3037/3062/3062
f 3038/3061/3061 3041/3064/3064 3045/3066/3066
f 3044/3059/3059 3038/3061/3061 3043/3067/3067
f 3045/3066/3066 3043/3067/3067 3038/3061/3061
f 3066/3068/3068 3044/3059/3059 3043/3067/3067
f 3066/3068/3068 3043/3067/3067 3045/3066/3066
f 3044/3059/3059 3066/3068/3068 3046/3069/3069
f 3044/3059/3059 3047/3070/3070 3039/3063/3063
f 3075/3071/3071 3040/3072/3072 3047/3070/3070
f 3047/3070/3070 3040/3072/3072 3039/3063/3063
f 3051/3073/3073 3048/3074/3074 3049/3075/3075
f 3040/3072/3072 3050/3076/3076 3049/3075/3075
f 3075/3071/3071 3050/3076/3076 3040/3072/3072
f 3052/2967/2967 3048/3074/3074 3051/3073/3073
f 3054/3077/3077 3037/3062/3062 3053/3078/3078
f 3054/3077/3077 3042/3065/3065 3037/3062/3062
f 3039/3063/3063 3040/3072/3072 3049/3075/3075
f 3048/3074/3074 3039/3063/3063 3049/3075/3075
f 3053/3078/3078 3048/3074/3074 3115/3079/3079
f 3048/3074/3074 3053/3078/3078 3039/3063/3063
f 3039/3063/3063 3053/3078/3078 3037/3062/3062
f 3055/3080/3080 3056/3081/3081 3057/3082/3082
f 3058/3083/3083 3059/3084/3084 3057/3082/3082
f 3055/3080/3080 3057/3082/3082 3059/3084/3084
f 3061/3085/3085 3060/3086/3086 3055/3080/3080
f 3107/3087/3087 3060/3086/3086 3061/3085/3085
f 3056/3081/3081 3055/3080/3080 3060/3086/3086
f 2990/3010/3010 2991/3058/3058 3056/3081/3081
f 3056/3081/3081 3062/3088/3088 2990/3010/3010
f 2991/3058/3058 3057/3082/3082 3056/3081/3081
f 3057/3082/3082 3065/3089/3089 3058/3083/3083
f 3063/3090/3090 3045/3066/3066 3041/3064/3064
f 3065/3089/3089 3064/3091/3091 3063/3090/3090
f 3063/3090/3090 3066/3068/3068 3045/3066/3066
f 3064/3091/3091 3066/3068/3068 3063/3090/3090
f 3061/3085/3085 3041/3064/3064 3042/3065/3065
f 3041/3064/3064 3061/3085/3085 3067/3092/3092
f 3067/3092/3092 3059/3084/3084 3063/3090/3090
f 3059/3084/3084 3058/3083/3083 3063/3090/3090
f 3058/3083/3083 3065/3089/3089 3063/3090/3090
f 3063/3090/3090 3041/3064/3064 3067/3092/3092
f 3059/3084/3084 3067/3092/3092 3061/3085/3085
f 3061/3085/3085 3055/3080/3080 3059/3084/3084
f 3068/3093/3093 3069/3094/3094 3073/3095/3095
f 3068/3093/3093 3071/2964/2964 3069/3094/3094
f 3072/3096/3096 3074/3097/3097 3073/3095/3095
f 3078/3098/3098 3072/3096/3096 3073/3095/3095
f 3072/3096/3096 3046/3069/3069 3074/3097/3097
f 3068/3093/3093 3073/3095/3095 3070/3099/3099
f 3074/3097/3097 3070/3099/3099 3073/3095/3095
f 3070/3099/3099 2948/2962/2962 3068/3093/3093
f 2949/2965/2965 3070/3099/3099 2950/3100/3100
f 2948/2962/2962 3070/3099/3099 2949/2965/2965
f 3068/3093/3093 2948/2962/2962 3071/2964/2964
f 3071/2964/2964 2947/2934/2934 3051/3073/3073
f 3051/3073/3073 2947/2934/2934 3052/2967/2967
f 3049/3075/3075 3050/3076/3076 3051/3073/3073
f 3071/2964/2964 3050/3076/3076 3075/3071/3071
f 3050/3076/3076 3071/2964/2964 3051/3073/3073
f 3047/3070/3070 3044/3059/3059 3077/3101/3101
f 3076/3102/3102 3047/3070/3070 3077/3101/3101
f 3069/3094/3094 3047/3070/3070 3076/3102/3102
f 3072/3096/3096 3078/3098/3098 3044/3059/3059
f 3072/3096/3096 3044/3059/3059 3046/3069/3069
f 3069/3094/3094 3076/3102/3102 3078/3098/3098
f 3073/3095/3095 3069/3094/3094 3078/3098/3098
f 3077/3101/3101 3078/3098/3098 3076/3102/3102
f 3077/3101/3101 3044/3059/3059 3078/3098/3098
f 3071/2964/2964 3047/3070/3070 3069/3094/3094
f 3047/3070/3070 3071/2964/2964 3075/3071/3071
f 3088/3103/3103 3080/3104/3104 3079/3105/3105
f 3080/3104/3104 3100/3106/3106 3079/3105/3105
f 3096/3107/3107 3100/3106/3106 3080/3104/3104
f 3100/3106/3106 3081/3108/3108 3079/3105/3105
f 3116/3109/3109 3083/3110/3110 3084/3111/3111
f 3083/3110/3110 3081/3108/3108 3084/3111/3111
f 2984/3005/3005 3085/3112/3112 3086/3026/3026
f 3085/3112/3112 3116/3109/3109 3084/3111/3111
f 3083/3110/3110 3082/3113/3113 3088/3103/3103
f 3079/3105/3105 3083/3110/3110 3088/3103/3103
f 3081/3108/3108 3083/3110/3110 3079/3105/3105
f 3088/3103/3103 3090/3114/3114 3087/3115/3115
f 3087/3115/3115 2940/2956/2956 2943/2959/2959
f 3090/3114/3114 3088/3103/3103 3089/3116/3116
f 2920/2935/2935 2940/2956/2956 3090/3114/3114
f 2940/2956/2956 3087/3115/3115 3090/3114/3114
f 2943/2959/2959 2941/2958/2958 3087/3115/3115
f 3080/3104/3104 3087/3115/3115 2941/2958/2958
f 2929/2942/2942 2941/2958/2958 2942/2943/2943
f 3087/3115/3115 3080/3104/3104 3088/3103/3103
f 3089/3116/3116 3088/3103/3103 3082/3113/3113
f 3094/2955/2955 3092/3117/3117 3091/3118/3118
f 3095/3119/3119 3092/3117/3117 3006/3031/3031
f 3095/3119/3119 3093/3120/3120 3091/3118/3118
f 3095/3119/3119 3091/3118/3118 3092/3117/3117
f 3091/3118/3118 3096/3107/3107 2938/2947/2947
f 3091/3118/3118 3093/3120/3120 3096/3107/3107
f 3096/3107/3107 2929/2942/2942 2938/2947/2947
f 3091/3118/3118 2938/2947/2947 3094/2955/2955
f 2932/2949/2949 3005/2951/2951 3097/3121/3121
f 3009/3034/3034 2937/2953/2953 2936/2954/2954
f 2936/2954/2954 3485/3032/3032 3009/3034/3034
f 3007/3029/3029 2937/2953/2953 3009/3034/3034
f 3007/3029/3029 3005/2951/2951 2937/2953/2953
f 3095/3119/3119 3006/3031/3031 2996/3019/3019
f 3094/2955/2955 3097/3121/3121 3092/3117/3117
f 3097/3121/3121 3094/2955/2955 2932/2949/2949
f 3092/3117/3117 3097/3121/3121 3005/2951/2951
f 3006/3031/3031 3092/3117/3117 3005/2951/2951
f 3098/3122/3122 3081/3108/3108 2996/3019/3019
f 3098/3122/3122 2996/3019/3019 3000/3023/3023
f 3099/3025/3025 3098/3122/3122 3000/3023/3023
f 3085/3112/3112 3084/3111/3111 3099/3025/3025
f 3086/3026/3026 3085/3112/3112 3099/3025/3025
f 3081/3108/3108 3098/3122/3122 3084/3111/3111
f 3098/3122/3122 3099/3025/3025 3084/3111/3111
f 3100/3106/3106 3096/3107/3107 3093/3120/3120
f 2941/2958/2958 3096/3107/3107 3080/3104/3104
f 3096/3107/3107 2941/2958/2958 2929/2942/2942
f 3093/3120/3120 3095/3119/3119 3100/3106/3106
f 2996/3019/3019 3081/3108/3108 3095/3119/3119
f 3081/3108/3108 3100/3106/3106 3095/3119/3119
f 3103/3123/3123 3101/3124/3124 3102/3125/3125
f 3105/3126/3126 3101/3124/3124 3103/3123/3123
f 3107/3087/3087 3042/3065/3065 3106/3127/3127
f 3106/3127/3127 3102/3125/3125 3107/3087/3087
f 3119/3128/3128 3103/3123/3123 3106/3127/3127
f 3106/3127/3127 3103/3123/3123 3102/3125/3125
f 3103/3123/3123 3119/3128/3128 3104/3129/3129
f 3108/3130/3130 3103/3123/3123 3104/3129/3129
f 2984/3005/3005 2983/3004/3004 3109/3131/3131
f 2983/3004/3004 2992/3012/3012 3108/3130/3130
f 2983/3004/3004 3108/3130/3130 3109/3131/3131
f 3101/3124/3124 2992/3012/3012 2989/3009/3009
f 3105/3126/3126 3103/3123/3123 3108/3130/3130
f 3105/3126/3126 3108/3130/3130 2992/3012/3012
f 2992/3012/3012 3101/3124/3124 3105/3126/3126
f 2989/3009/3009 2990/3010/3010 3062/3088/3088
f 3102/3125/3125 3062/3088/3088 3060/3086/3086
f 3060/3086/3086 3062/3088/3088 3056/3081/3081
f 3060/3086/3086 3107/3087/3087 3102/3125/3125
f 3061/3085/3085 3042/3065/3065 3107/3087/3087
f 3102/3125/3125 3101/3124/3124 3062/3088/3088
f 2989/3009/3009 3062/3088/3088 3101/3124/3124
f 3113/3132/3132 3054/3077/3077 3112/3133/3133
f 3110/3134/3134 3054/3077/3077 3111/3135/3135
f 3110/3134/3134 3089/3116/3116 3082/3113/3113
f 3112/3133/3133 3110/3134/3134 3082/3113/3113
f 3112/3133/3133 3054/3077/3077 3110/3134/3134
f 3113/3132/3132 3042/3065/3065 3054/3077/3077
f 3115/3079/3079 3111/3135/3135 3053/3078/3078
f 3053/3078/3078 3111/3135/3135 3054/3077/3077
f 3048/3074/3074 3090/3114/3114 3114/3136/3136
f 3048/3074/3074 3114/3136/3136 3115/3079/3079
f 3090/3114/3114 3052/2967/2967 2920/2935/2935
f 3090/3114/3114 3048/3074/3074 3052/2967/2967
f 3114/3136/3136 3111/3135/3135 3115/3079/3079
f 3114/3136/3136 3090/3114/3114 3089/3116/3116
f 3089/3116/3116 3110/3134/3134 3111/3135/3135
f 3111/3135/3135 3114/3136/3136 3089/3116/3116
f 3104/3129/3129 3117/3137/3137 3116/3109/3109
f 3082/3113/3113 3117/3137/3137 3112/3133/3133
f 3083/3110/3110 3116/3109/3109 3117/3137/3137
f 3082/3113/3113 3083/3110/3110 3117/3137/3137
f 3118/3138/3138 3116/3109/3109 3085/3112/3112
f 2984/3005/3005 3109/3131/3131 3085/3112/3112
f 3109/3131/3131 3108/3130/3130 3118/3138/3138
f 3118/3138/3138 3085/3112/3112 3109/3131/3131
f 3116/3109/3109 3118/3138/3138 3104/3129/3129
f 3118/3138/3138 3108/3130/3130 3104/3129/3129
f 3119/3128/3128 3113/3132/3132 3104/3129/3129
f 3119/3128/3128 3106/3127/3127 3113/3132/3132
f 3042/3065/3065 3113/3132/3132 3106/3127/3127
f 3112/3133/3133 3117/3137/3137 3113/3132/3132
f 3113/3132/3132 3117/3137/3137 3104/3129/3129
f 2028/2064/2064 3120/2063/2063 3121/3139/3139
f 2949/2965/2965 3122/3140/3140 3121/3139/3139
f 3121/3139/3139 3120/2063/2063 3123/3141/3141
f 3123/3141/3141 2949/2965/2965 3121/3139/3139
f 2949/2965/2965 2950/3100/3100 3122/3140/3140
f 2028/2064/2064 3121/3139/3139 3122/3140/3140
f 2027/1860/1860 2954/2968/2968 3124/3142/3142
f 3124/3142/3142 2954/2968/2968 2921/2966/2966
f 3124/3142/3142 3120/2063/2063 2027/1860/1860
f 3124/3142/3142 2945/2963/2963 3123/3141/3141
f 3123/3141/3141 3120/2063/2063 3124/3142/3142
f 3124/3142/3142 2921/2966/2966 2945/2963/2963
f 3123/3141/3141 2945/2963/2963 2949/2965/2965
f 3125/3143/3143 3127/3144/3144 3128/3145/3145
f 3125/3143/3143 3129/3146/3146 3126/3147/3147
f 3128/3145/3145 3129/3146/3146 3125/3143/3143
f 3132/3148/3148 3131/3149/3149 3130/3150/3150
f 3125/3143/3143 3126/3147/3147 3130/3150/3150
f 3130/3150/3150 3147/3151/3151 3125/3143/3143
f 3128/3145/3145 3133/3152/3152 3134/3153/3153
f 3133/3152/3152 3128/3145/3145 3127/3144/3144
f 3171/3154/3154 3134/3153/3153 3133/3152/3152
f 3128/3145/3145 3134/3153/3153 3192/3155/3155
f 3192/3155/3155 3129/3146/3146 3128/3145/3145
f 3135/3156/3156 3136/3157/3157 3137/3158/3158
f 3136/3157/3157 3135/3156/3156 3138/3159/3159
f 3129/3146/3146 3190/3160/3160 3137/3158/3158
f 3137/3158/3158 3190/3160/3160 3135/3156/3156
f 3189/3161/3161 3140/3162/3162 3135/3156/3156
f 3140/3162/3162 3189/3161/3161 3202/3163/3163
f 3140/3162/3162 3202/3163/3163 3139/3164/3164
f 3139/3164/3164 3241/3165/3165 3140/3162/3162
f 3140/3162/3162 3241/3165/3165 3236/3166/3166
f 3236/3166/3166 3240/3167/3167 3138/3159/3159
f 3236/3166/3166 3138/3159/3159 3140/3162/3162
f 3135/3156/3156 3140/3162/3162 3138/3159/3159
f 3126/3147/3147 3136/3157/3157 3142/3168/3168
f 3142/3168/3168 3240/3167/3167 3141/3169/3169
f 3136/3157/3157 3138/3159/3159 3240/3167/3167
f 3142/3168/3168 3136/3157/3157 3240/3167/3167
f 3239/3170/3170 3132/3148/3148 3142/3168/3168
f 3132/3148/3148 3130/3150/3150 3142/3168/3168
f 3239/3170/3170 3216/3171/3171 3132/3148/3148
f 3142/3168/3168 3130/3150/3150 3126/3147/3147
f 3126/3147/3147 3129/3146/3146 3137/3158/3158
f 3136/3157/3157 3126/3147/3147 3137/3158/3158
f 3145/3172/3172 3143/3173/3173 3146/3174/3174
f 3149/3175/3175 3221/3176/3176 3158/3177/3177
f 3158/3177/3177 3143/3173/3173 3145/3172/3172
f 3158/3177/3177 3145/3172/3172 3149/3175/3175
f 3143/3173/3173 3156/3178/3178 3146/3174/3174
f 3146/3174/3174 3157/3179/3179 3160/3180/3180
f 3146/3174/3174 3156/3178/3178 3157/3179/3179
f 3144/3181/3181 3145/3172/3172 3146/3174/3174
f 3147/3151/3151 3131/3149/3149 3148/3182/3182
f 3145/3172/3172 3147/3151/3151 3149/3175/3175
f 3150/3183/3183 3151/3184/3184 3152/3185/3185
f 3150/3183/3183 3152/3185/3185 3153/3186/3186
f 3158/3177/3177 3221/3176/3176 3154/3187/3187
f 3154/3187/3187 3153/3186/3186 3158/3177/3177
f 3153/3186/3186 3154/3187/3187 3150/3183/3183
f 3151/3184/3184 3150/3183/3183 3155/3188/3188
f 3275/3189/3189 3157/3179/3179 3156/3178/3178
f 3275/3189/3189 3156/3178/3178 3152/3185/3185
f 3158/3177/3177 3156/3178/3178 3143/3173/3173
f 3158/3177/3177 3153/3186/3186 3152/3185/3185
f 3156/3178/3178 3158/3177/3177 3152/3185/3185
f 3127/3144/3144 3160/3180/3180 3159/3190/3190
f 3171/3154/3154 3133/3152/3152 3274/3191/3191
f 3133/3152/3152 3127/3144/3144 3159/3190/3190
f 3147/3151/3151 3127/3144/3144 3125/3143/3143
f 3127/3144/3144 3147/3151/3151 3145/3172/3172
f 3131/3149/3149 3147/3151/3151 3130/3150/3150
f 3216/3171/3171 3131/3149/3149 3132/3148/3148
f 3144/3181/3181 3146/3174/3174 3160/3180/3180
f 3160/3180/3180 3127/3144/3144 3144/3181/3181
f 3144/3181/3181 3127/3144/3144 3145/3172/3172
f 3178/3192/3192 3165/3193/3193 3161/3194/3194
f 3168/3195/3195 3170/3196/3196 3161/3194/3194
f 3162/3197/3197 3183/3198/3198 3161/3194/3194
f 3162/3197/3197 3163/3199/3199 3183/3198/3198
f 3164/3200/3200 3165/3193/3193 3166/3201/3201
f 3181/3202/3202 3166/3201/3201 3165/3193/3193
f 3164/3200/3200 3166/3201/3201 3167/3203/3203
f 3161/3194/3194 3165/3193/3193 3168/3195/3195
f 3164/3200/3200 3168/3195/3195 3165/3193/3193
f 3173/3204/3204 3169/3205/3205 3268/3206/3206
f 3170/3196/3196 3169/3205/3205 3173/3204/3204
f 3169/3205/3205 3171/3154/3154 3172/3207/3207
f 3172/3207/3207 3171/3154/3154 3274/3191/3191
f 3172/3207/3207 3268/3206/3206 3169/3205/3205
f 3163/3199/3199 3162/3197/3197 3173/3204/3204
f 3170/3196/3196 3162/3197/3197 3161/3194/3194
f 3170/3196/3196 3173/3204/3204 3162/3197/3197
f 3177/3208/3208 3178/3192/3192 3174/3209/3209
f 3447/3210/3210 3178/3192/3192 3177/3208/3208
f 3174/3209/3209 3178/3192/3192 3175/3211/3211
f 3265/3212/3212 3174/3209/3209 3179/3213/3213
f 3176/3214/3214 3174/3209/3209 3265/3212/3212
f 3179/3213/3213 3174/3209/3209 3175/3211/3211
f 3176/3214/3214 3180/2061/2061 3174/3209/3209
f 3174/3209/3209 3180/2061/2061 3177/3208/3208
f 3181/3202/3202 3178/3192/3192 3182/3215/3215
f 3178/3192/3192 3447/3210/3210 3182/3215/3215
f 3444/3216/3216 3443/3217/3217 3166/3201/3201
f 3165/3193/3193 3178/3192/3192 3181/3202/3202
f 3182/3215/3215 3166/3201/3201 3181/3202/3202
f 3182/3215/3215 3444/3216/3216 3166/3201/3201
f 3161/3194/3194 3183/3198/3198 3178/3192/3192
f 3183/3198/3198 3163/3199/3199 3179/3213/3213
f 3175/3211/3211 3178/3192/3192 3183/3198/3198
f 3183/3198/3198 3179/3213/3213 3175/3211/3211
f 3187/3218/3218 3184/3219/3219 3186/3220/3220
f 3184/3219/3219 3187/3218/3218 3129/3146/3146
f 3184/3219/3219 3129/3146/3146 3193/3221/3221
f 3185/3222/3222 3184/3219/3219 3193/3221/3221
f 3428/3223/3223 3185/3222/3222 3167/3203/3203
f 3188/3224/3224 3185/3222/3222 3428/3223/3223
f 3186/3220/3220 3184/3219/3219 3188/3224/3224
f 3188/3224/3224 3184/3219/3219 3185/3222/3222
f 3189/3161/3161 3135/3156/3156 3190/3160/3160
f 3202/3163/3163 3189/3161/3161 3191/3225/3225
f 3190/3160/3160 3129/3146/3146 3187/3218/3218
f 3186/3220/3220 3189/3161/3161 3187/3218/3218
f 3187/3218/3218 3189/3161/3161 3190/3160/3160
f 3192/3155/3155 3169/3205/3205 3170/3196/3196
f 3169/3205/3205 3134/3153/3153 3171/3154/3154
f 3169/3205/3205 3192/3155/3155 3134/3153/3153
f 3168/3195/3195 3193/3221/3221 3170/3196/3196
f 3185/3222/3222 3168/3195/3195 3164/3200/3200
f 3193/3221/3221 3168/3195/3195 3185/3222/3222
f 3167/3203/3203 3185/3222/3222 3164/3200/3200
f 3129/3146/3146 3192/3155/3155 3193/3221/3221
f 3192/3155/3155 3170/3196/3196 3193/3221/3221
f 3203/3226/3226 3194/3227/3227 3195/3228/3228
f 3196/3229/3229 3194/3227/3227 3207/3230/3230
f 3196/3229/3229 3198/3231/3231 3195/3228/3228
f 3195/3228/3228 3194/3227/3227 3196/3229/3229
f 3195/3228/3228 3201/3232/3232 3423/3233/3233
f 3195/3228/3228 3199/3234/3234 3201/3232/3232
f 3195/3228/3228 3198/3231/3231 3199/3234/3234
f 3242/3235/3235 3201/3232/3232 3199/3234/3234
f 3201/3232/3232 3242/3235/3235 3200/3236/3236
f 3200/3236/3236 3242/3235/3235 3202/3163/3163
f 3422/3237/3237 3194/3227/3227 3203/3226/3226
f 3195/3228/3228 3423/3233/3233 3203/3226/3226
f 3422/3237/3237 3420/3238/3238 3205/3239/3239
f 3204/3240/3240 3205/3239/3239 3420/3238/3238
f 3204/3240/3240 2758/2794/2794 2591/2617/2617
f 3204/3240/3240 3495/3241/3241 3205/3239/3239
f 3635/3242/3242 3194/3227/3227 3206/3243/3243
f 3634/3244/3244 3206/3243/3243 3205/3239/3239
f 3197/3245/3245 3196/3229/3229 3617/3246/3246
f 3194/3227/3227 3635/3242/3242 3207/3230/3230
f 3422/3237/3237 3205/3239/3239 3194/3227/3227
f 3206/3243/3243 3194/3227/3227 3205/3239/3239
f 3208/3247/3247 3217/3248/3248 3210/3249/3249
f 3211/3250/3250 3212/3251/3251 3208/3247/3247
f 3212/3251/3251 3209/3252/3252 3217/3248/3248
f 3208/3247/3247 3212/3251/3251 3217/3248/3248
f 3213/3253/3253 3217/3248/3248 3215/3254/3254
f 3214/3255/3255 3217/3248/3248 3209/3252/3252
f 3215/3254/3254 3217/3248/3248 3214/3255/3255
f 3213/3253/3253 3210/3249/3249 3217/3248/3248
f 3197/3245/3245 3218/3256/3256 3219/3257/3257
f 3208/3247/3247 3220/3258/3258 3211/3250/3250
f 3210/3249/3249 3218/3256/3256 3220/3258/3258
f 3208/3247/3247 3210/3249/3249 3220/3258/3258
f 3224/3259/3259 3221/3176/3176 3222/3260/3260
f 3223/3261/3261 3221/3176/3176 3224/3259/3259
f 3222/3260/3260 3230/3262/3262 3226/3263/3263
f 3227/3264/3264 3225/3265/3265 3232/3266/3266
f 3232/3266/3266 3211/3250/3250 3227/3264/3264
f 3227/3264/3264 3226/3263/3263 3225/3265/3265
f 3224/3259/3259 3222/3260/3260 3228/3267/3267
f 3226/3263/3263 3227/3264/3264 3228/3267/3267
f 3226/3263/3263 3228/3267/3267 3222/3260/3260
f 3223/3261/3261 3229/3268/3268 3150/3183/3183
f 3229/3268/3268 3674/3269/3269 3150/3183/3183
f 3224/3259/3259 3229/3268/3268 3223/3261/3261
f 3155/3188/3188 3150/3183/3183 3674/3269/3269
f 3154/3187/3187 3223/3261/3261 3150/3183/3183
f 3154/3187/3187 3221/3176/3176 3223/3261/3261
f 3221/3176/3176 3149/3175/3175 3230/3262/3262
f 3147/3151/3151 3230/3262/3262 3149/3175/3175
f 3216/3171/3171 3215/3254/3254 3148/3182/3182
f 3131/3149/3149 3216/3171/3171 3148/3182/3182
f 3231/3270/3270 3148/3182/3182 3214/3255/3255
f 3214/3255/3255 3148/3182/3182 3215/3254/3254
f 3231/3270/3270 3214/3255/3255 3209/3252/3252
f 3147/3151/3151 3148/3182/3182 3230/3262/3262
f 3148/3182/3182 3231/3270/3270 3230/3262/3262
f 3231/3270/3270 3209/3252/3252 3212/3251/3251
f 3232/3266/3266 3231/3270/3270 3212/3251/3251
f 3232/3266/3266 3212/3251/3251 3211/3250/3250
f 3221/3176/3176 3230/3262/3262 3222/3260/3260
f 3230/3262/3262 3231/3270/3270 3225/3265/3265
f 3225/3265/3265 3231/3270/3270 3232/3266/3266
f 3226/3263/3263 3230/3262/3262 3225/3265/3265
f 3233/3271/3271 3199/3234/3234 3235/3272/3272
f 3234/3273/3273 3240/3167/3167 3236/3166/3166
f 3199/3234/3234 3233/3271/3271 3236/3166/3166
f 3236/3166/3166 3233/3271/3271 3234/3273/3273
f 3198/3231/3231 3235/3272/3272 3199/3234/3234
f 3237/3274/3274 3238/3275/3275 3239/3170/3170
f 3237/3274/3274 3239/3170/3170 3141/3169/3169
f 3234/3273/3273 3237/3274/3274 3141/3169/3169
f 3239/3170/3170 3142/3168/3168 3141/3169/3169
f 3240/3167/3167 3234/3273/3273 3141/3169/3169
f 3234/3273/3273 3233/3271/3271 3237/3274/3274
f 3139/3164/3164 3242/3235/3235 3241/3165/3165
f 3242/3235/3235 3139/3164/3164 3202/3163/3163
f 3241/3165/3165 3199/3234/3234 3236/3166/3166
f 3241/3165/3165 3242/3235/3235 3199/3234/3234
f 3219/3257/3257 3243/3276/3276 3198/3231/3231
f 3196/3229/3229 3219/3257/3257 3198/3231/3231
f 3219/3257/3257 3196/3229/3229 3197/3245/3245
f 3218/3256/3256 3243/3276/3276 3219/3257/3257
f 3238/3275/3275 3237/3274/3274 3210/3249/3249
f 3213/3253/3253 3238/3275/3275 3210/3249/3249
f 3237/3274/3274 3218/3256/3256 3210/3249/3249
f 3239/3170/3170 3238/3275/3275 3215/3254/3254
f 3238/3275/3275 3213/3253/3253 3215/3254/3254
f 3215/3254/3254 3216/3171/3171 3239/3170/3170
f 3235/3272/3272 3198/3231/3231 3243/3276/3276
f 3218/3256/3256 3237/3274/3274 3243/3276/3276
f 3243/3276/3276 3233/3271/3271 3235/3272/3272
f 3237/3274/3274 3233/3271/3271 3243/3276/3276
f 3244/3277/3277 3249/3278/3278 3245/3279/3279
f 3603/3280/3280 3247/3281/3281 3244/3277/3277
f 3248/3282/3282 3247/3281/3281 3603/3280/3280
f 3246/3283/3283 3245/3279/3279 3249/3278/3278
f 3247/3281/3281 3249/3278/3278 3244/3277/3277
f 3249/3278/3278 3247/3281/3281 2022/2058/2058
f 3253/3284/3284 3252/3285/3285 3250/3286/3286
f 3253/3284/3284 3251/3287/3287 3252/3285/3285
f 3254/3288/3288 3255/3289/3289 3253/3284/3284
f 3255/3289/3289 3254/3288/3288 3155/3188/3188
f 3254/3288/3288 3253/3284/3284 3250/3286/3286
f 3251/3287/3287 3603/3280/3280 3244/3277/3277
f 3252/3285/3285 3244/3277/3277 3245/3279/3279
f 3246/3283/3283 3252/3285/3285 3245/3279/3279
f 3252/3285/3285 3251/3287/3287 3244/3277/3277
f 2024/2059/2059 3256/2971/2971 2025/2060/2060
f 3256/2971/2971 2024/2059/2059 3248/3282/3282
f 2011/2057/2057 2022/2058/2058 2024/2059/2059
f 3247/3281/3281 2024/2059/2059 2022/2058/2058
f 2024/2059/2059 3247/3281/3281 3248/3282/3282
f 3257/3290/3290 3259/3291/3291 3260/3292/3292
f 3257/3290/3290 3260/3292/3292 3258/3293/3293
f 2021/2048/2048 3257/3290/3290 3258/3293/3293
f 3262/3294/3294 3268/3206/3206 3261/3295/3295
f 3263/3296/3296 3260/3292/3292 3259/3291/3291
f 3263/3296/3296 3268/3206/3206 3262/3294/3294
f 3276/3297/3297 3260/3292/3292 3263/3296/3296
f 3263/3296/3296 3259/3291/3291 3268/3206/3206
f 3258/3293/3293 3260/3292/3292 2022/2058/2058
f 2021/2048/2048 3258/3293/3293 2022/2058/2058
f 3266/3298/3298 3264/3299/3299 3265/3212/3212
f 3265/3212/3212 3163/3199/3199 3266/3298/3298
f 3264/3299/3299 2015/2050/2050 2019/2055/2055
f 2020/2053/2053 2018/2052/2052 2019/2055/2055
f 3176/3214/3214 2018/2052/2052 3180/2061/2061
f 3163/3199/3199 3265/3212/3212 3179/3213/3213
f 2018/2052/2052 3264/3299/3299 2019/2055/2055
f 3265/3212/3212 2018/2052/2052 3176/3214/3214
f 2018/2052/2052 3265/3212/3212 3264/3299/3299
f 3163/3199/3199 3173/3204/3204 3266/3298/3298
f 3266/3298/3298 3173/3204/3204 3267/3300/3300
f 3172/3207/3207 3261/3295/3295 3268/3206/3206
f 3261/3295/3295 3172/3207/3207 3274/3191/3191
f 3259/3291/3291 3267/3300/3300 3268/3206/3206
f 3173/3204/3204 3268/3206/3206 3267/3300/3300
f 3257/3290/3290 3269/3301/3301 3259/3291/3291
f 2021/2048/2048 2015/2050/2050 3257/3290/3290
f 2015/2050/2050 3264/3299/3299 3269/3301/3301
f 3269/3301/3301 3257/3290/3290 2015/2050/2050
f 3264/3299/3299 3266/3298/3298 3269/3301/3301
f 3259/3291/3291 3269/3301/3301 3267/3300/3300
f 3267/3300/3300 3269/3301/3301 3266/3298/3298
f 3271/3302/3302 3272/3303/3303 3270/3304/3304
f 3272/3303/3303 3273/3305/3305 3270/3304/3304
f 3252/3285/3285 3246/3283/3283 3270/3304/3304
f 3270/3304/3304 3246/3283/3283 3271/3302/3302
f 3159/3190/3190 3272/3303/3303 3274/3191/3191
f 3272/3303/3303 3271/3302/3302 3277/3306/3306
f 3159/3190/3190 3274/3191/3191 3133/3152/3152
f 3160/3180/3180 3157/3179/3179 3273/3305/3305
f 3159/3190/3190 3273/3305/3305 3272/3303/3303
f 3273/3305/3305 3159/3190/3190 3160/3180/3180
f 3254/3288/3288 3275/3189/3189 3155/3188/3188
f 3152/3185/3185 3151/3184/3184 3275/3189/3189
f 3275/3189/3189 3151/3184/3184 3155/3188/3188
f 3254/3288/3288 3250/3286/3286 3275/3189/3189
f 3252/3285/3285 3270/3304/3304 3250/3286/3286
f 3250/3286/3286 3273/3305/3305 3157/3179/3179
f 3273/3305/3305 3250/3286/3286 3270/3304/3304
f 3250/3286/3286 3157/3179/3179 3275/3189/3189
f 3246/3283/3283 2022/2058/2058 3276/3297/3297
f 2022/2058/2058 3246/3283/3283 3249/3278/3278
f 3276/3297/3297 2022/2058/2058 3260/3292/3292
f 3276/3297/3297 3263/3296/3296 3277/3306/3306
f 3277/3306/3306 3263/3296/3296 3262/3294/3294
f 3274/3191/3191 3277/3306/3306 3262/3294/3294
f 3261/3295/3295 3274/3191/3191 3262/3294/3294
f 3274/3191/3191 3272/3303/3303 3277/3306/3306
f 3276/3297/3297 3277/3306/3306 3246/3283/3283
f 3246/3283/3283 3277/3306/3306 3271/3302/3302
f 3279/3307/3307 3278/3308/3308 3281/3309/3309
f 3278/3308/3308 3284/3310/3310 3281/3309/3309
f 3284/3310/3310 3280/3311/3311 3281/3309/3309
f 3300/3312/3312 3281/3309/3309 3288/3313/3313
f 3279/3307/3307 3300/3312/3312 3296/3314/3314
f 3300/3312/3312 3279/3307/3307 3281/3309/3309
f 3284/3310/3310 3282/3315/3315 3315/3316/3316
f 3315/3316/3316 3282/3315/3315 3283/3317/3317
f 3284/3310/3310 3278/3308/3308 3279/3307/3307
f 3282/3315/3315 3284/3310/3310 3279/3307/3307
f 3281/3309/3309 3285/3318/3318 3288/3313/3313
f 3280/3311/3311 3285/3318/3318 3281/3309/3309
f 3297/3319/3319 3294/3320/3320 3287/3321/3321
f 3286/3322/3322 3287/3321/3321 3294/3320/3320
f 3288/3313/3313 3290/3323/3323 3286/3322/3322
f 3288/3313/3313 3286/3322/3322 3289/3324/3324
f 3286/3322/3322 3290/3323/3323 3287/3321/3321
f 3292/3325/3325 3287/3321/3321 3290/3323/3323
f 3346/3326/3326 3432/3327/3327 3431/3328/3328
f 3432/3327/3327 3346/3326/3326 3292/3325/3325
f 3292/3325/3325 3297/3319/3319 3287/3321/3321
f 3296/3314/3314 3294/3320/3320 3293/3329/3329
f 3297/3319/3319 3293/3329/3329 3294/3320/3320
f 3293/3329/3329 3297/3319/3319 3295/3330/3330
f 3295/3330/3330 3298/3331/3331 3293/3329/3329
f 3299/3332/3332 3293/3329/3329 3298/3331/3331
f 3282/3315/3315 3293/3329/3329 3283/3317/3317
f 3293/3329/3329 3299/3332/3332 3283/3317/3317
f 3282/3315/3315 3296/3314/3314 3293/3329/3329
f 3296/3314/3314 3282/3315/3315 3279/3307/3307
f 3300/3312/3312 3288/3313/3313 3289/3324/3324
f 3289/3324/3324 3286/3322/3322 3294/3320/3320
f 3296/3314/3314 3300/3312/3312 3294/3320/3320
f 3300/3312/3312 3289/3324/3324 3294/3320/3320
f 3302/3333/3333 3301/3334/3334 3304/3335/3335
f 3303/3336/3336 3304/3335/3335 3301/3334/3334
f 3301/3334/3334 3302/3333/3333 3316/3337/3337
f 3302/3333/3333 3313/3338/3338 3316/3337/3337
f 3307/3339/3339 3303/3336/3336 3306/3340/3340
f 3316/3337/3337 3306/3340/3340 3301/3334/3334
f 3307/3339/3339 3283/3317/3317 3299/3332/3332
f 3305/3341/3341 3303/3336/3336 3308/3342/3342
f 3305/3341/3341 3304/3335/3335 3303/3336/3336
f 3307/3339/3339 3308/3342/3342 3303/3336/3336
f 3301/3334/3334 3306/3340/3340 3303/3336/3336
f 3310/3343/3343 3311/3344/3344 3304/3335/3335
f 3304/3335/3335 3311/3344/3344 3302/3333/3333
f 3305/3341/3341 3378/3345/3345 3310/3343/3343
f 3311/3344/3344 3310/3343/3343 3312/3346/3346
f 3302/3333/3333 3311/3344/3344 3309/3347/3347
f 3302/3333/3333 3309/3347/3347 3313/3338/3338
f 3305/3341/3341 3310/3343/3343 3304/3335/3335
f 3315/3316/3316 3316/3337/3337 3280/3311/3311
f 3284/3310/3310 3315/3316/3316 3280/3311/3311
f 3307/3339/3339 3315/3316/3316 3283/3317/3317
f 3315/3316/3316 3307/3339/3339 3306/3340/3340
f 3315/3316/3316 3306/3340/3340 3316/3337/3337
f 3313/3338/3338 3314/3348/3348 3316/3337/3337
f 3280/3311/3311 3316/3337/3337 3314/3348/3348
f 3280/3311/3311 3318/3349/3349 3285/3318/3318
f 3317/3350/3350 3285/3318/3318 3318/3349/3349
f 3318/3349/3349 3418/2777/2777 3317/3350/3350
f 3319/3351/3351 3321/3352/3352 3320/3353/3353
f 3319/3351/3351 3322/3354/3354 3321/3352/3352
f 3324/3355/3355 3292/3325/3325 3323/3356/3356
f 3292/3325/3325 3325/3357/3357 3323/3356/3356
f 3325/3357/3357 3292/3325/3325 3290/3323/3323
f 3324/3355/3355 3323/3356/3356 3321/3352/3352
f 3432/3327/3327 3292/3325/3325 3324/3355/3355
f 3290/3323/3323 3288/3313/3313 3325/3357/3357
f 3320/3353/3353 3325/3357/3357 3288/3313/3313
f 3320/3353/3353 3321/3352/3352 3325/3357/3357
f 3323/3356/3356 3325/3357/3357 3321/3352/3352
f 3285/3318/3318 3317/3350/3350 3319/3351/3351
f 3320/3353/3353 3288/3313/3313 3285/3318/3318
f 3320/3353/3353 3285/3318/3318 3319/3351/3351
f 3326/3358/3358 3333/3359/3359 3327/3360/3360
f 3327/3360/3360 3328/3361/3361 3326/3358/3358
f 3330/3362/3362 3333/3359/3359 3326/3358/3358
f 3331/3363/3363 3332/3364/3364 3361/3365/3365
f 3329/3366/3366 3332/3364/3364 3331/3363/3363
f 3334/3367/3367 3331/3363/3363 3361/3365/3365
f 3331/3363/3363 3334/3367/3367 3333/3359/3359
f 3333/3359/3359 3330/3362/3362 3331/3363/3363
f 3335/2026/2026 3338/3368/3368 3336/3369/3369
f 3338/3368/3368 3335/2026/2026 3337/2027/2027
f 3339/3370/3370 3328/3361/3361 3338/3368/3368
f 3339/3370/3370 3382/3371/3371 3328/3361/3361
f 3338/3368/3368 3327/3360/3360 3336/3369/3369
f 3327/3360/3360 3338/3368/3368 3328/3361/3361
f 3342/3372/3372 3340/3373/3373 3343/3374/3374
f 3343/3374/3374 3340/3373/3373 3341/3375/3375
f 3340/3373/3373 3342/3372/3372 3345/3376/3376
f 3291/3377/3377 3344/3378/3378 3345/3376/3376
f 3344/3378/3378 3346/3326/3326 3341/3375/3375
f 3291/3377/3377 3346/3326/3326 3344/3378/3378
f 3347/3379/3379 3343/3374/3374 3341/3375/3375
f 3345/3376/3376 3344/3378/3378 3340/3373/3373
f 3344/3378/3378 3341/3375/3375 3340/3373/3373
f 3348/3380/3380 3351/3381/3381 3349/3382/3382
f 3330/3362/3362 3351/3381/3381 3348/3380/3380
f 3449/3383/3383 3348/3380/3380 3349/3382/3382
f 3350/3384/3384 3332/3364/3364 3329/3366/3366
f 3350/3384/3384 3329/3366/3366 3449/3383/3383
f 3350/3384/3384 3359/3385/3385 3332/3364/3364
f 3331/3363/3363 3348/3380/3380 3329/3366/3366
f 3348/3380/3380 3331/3363/3363 3330/3362/3362
f 3329/3366/3366 3348/3380/3380 3449/3383/3383
f 3326/3358/3358 3351/3381/3381 3330/3362/3362
f 3351/3381/3381 3326/3358/3358 3328/3361/3361
f 3382/3371/3371 3342/3372/3372 3328/3361/3361
f 3351/3381/3381 3328/3361/3361 3342/3372/3372
f 3351/3381/3381 3342/3372/3372 3343/3374/3374
f 3351/3381/3381 3343/3374/3374 3349/3382/3382
f 3355/2031/2031 3352/3386/3386 3354/3387/3387
f 3354/3387/3387 3358/3388/3388 3360/3389/3389
f 3358/3388/3388 3354/3387/3387 3352/3386/3386
f 3353/3390/3390 3355/2031/2031 1985/2028/2028
f 3355/2031/2031 3353/3390/3390 3352/3386/3386
f 3357/3391/3391 3358/3388/3388 3356/3392/3392
f 3357/3391/3391 3356/3392/3392 3359/3385/3385
f 3357/3391/3391 3359/3385/3385 3441/3393/3393
f 3356/3392/3392 3358/3388/3388 3352/3386/3386
f 3353/3390/3390 3356/3392/3392 3352/3386/3386
f 3360/3389/3389 1848/1868/1868 1989/2029/2029
f 3355/2031/2031 3354/3387/3387 1989/2029/2029
f 3354/3387/3387 3360/3389/3389 1989/2029/2029
f 3335/2026/2026 3334/3367/3367 3353/3390/3390
f 1985/2028/2028 3335/2026/2026 3353/3390/3390
f 1983/2024/2024 3335/2026/2026 1985/2028/2028
f 1987/2025/2025 3337/2027/2027 3335/2026/2026
f 3334/3367/3367 3335/2026/2026 3336/3369/3369
f 3356/3392/3392 3334/3367/3367 3361/3365/3365
f 3356/3392/3392 3353/3390/3390 3334/3367/3367
f 3333/3359/3359 3334/3367/3367 3327/3360/3360
f 3361/3365/3365 3332/3364/3364 3359/3385/3385
f 3359/3385/3385 3356/3392/3392 3361/3365/3365
f 3336/3369/3369 3327/3360/3360 3334/3367/3367
f 3363/3394/3394 3364/3395/3395 3362/3396/3396
f 3368/3397/3397 3363/3394/3394 3362/3396/3396
f 3363/3394/3394 3368/3397/3397 3365/3398/3398
f 3364/3395/3395 3363/3394/3394 3372/3399/3399
f 3366/3400/3400 3364/3395/3395 3374/2021/2021
f 3366/3400/3400 3362/3396/3396 3364/3395/3395
f 3366/3400/3400 3367/2019/2019 3362/3396/3396
f 3368/3397/3397 3362/3396/3396 3367/2019/2019
f 3370/3401/3401 3369/3402/3402 3371/3403/3403
f 3369/3402/3402 3299/3332/3332 3371/3403/3403
f 3363/3394/3394 3370/3401/3401 3371/3403/3403
f 3363/3394/3394 3365/3398/3398 3370/3401/3401
f 3372/3399/3399 1977/2018/2018 3373/3404/3404
f 1961/1999/1999 1980/2022/2022 3372/3399/3399
f 3337/2027/2027 1961/1999/1999 3372/3399/3399
f 1977/2018/2018 3372/3399/3399 1980/2022/2022
f 3373/3404/3404 1977/2018/2018 3374/2021/2021
f 3374/2021/2021 1979/2020/2020 3366/3400/3400
f 3367/2019/2019 3366/3400/3400 1979/2020/2020
f 3373/3404/3404 3374/2021/2021 3364/3395/3395
f 3373/3404/3404 3364/3395/3395 3372/3399/3399
f 3375/3405/3405 3376/3406/3406 3377/3407/3407
f 1971/2011/2011 3379/3408/3408 1974/2014/2014
f 1974/2014/2014 3379/3408/3408 3375/3405/3405
f 3378/3345/3345 3305/3341/3341 3376/3406/3406
f 3367/2019/2019 1975/2015/2015 3375/3405/3405
f 3377/3407/3407 3367/2019/2019 3375/3405/3405
f 3375/3405/3405 1975/2015/2015 1974/2014/2014
f 3379/3408/3408 1972/1914/1914 3312/3346/3346
f 3310/3343/3343 3379/3408/3408 3312/3346/3346
f 3379/3408/3408 1971/2011/2011 1972/1914/1914
f 3378/3345/3345 3376/3406/3406 3375/3405/3405
f 3310/3343/3343 3378/3345/3345 3375/3405/3405
f 3310/3343/3343 3375/3405/3405 3379/3408/3408
f 3308/3342/3342 3370/3401/3401 3305/3341/3341
f 3305/3341/3341 3370/3401/3401 3365/3398/3398
f 3299/3332/3332 3369/3402/3402 3307/3339/3339
f 3307/3339/3339 3369/3402/3402 3308/3342/3342
f 3370/3401/3401 3308/3342/3342 3369/3402/3402
f 3368/3397/3397 3377/3407/3407 3365/3398/3398
f 1967/2016/2016 1975/2015/2015 3367/2019/2019
f 3368/3397/3397 3367/2019/2019 3377/3407/3407
f 3305/3341/3341 3377/3407/3407 3376/3406/3406
f 3377/3407/3407 3305/3341/3341 3365/3398/3398
f 3380/3409/3409 3382/3371/3371 3339/3370/3370
f 3339/3370/3370 3386/3410/3410 3380/3409/3409
f 3383/3411/3411 3298/3331/3331 3295/3330/3330
f 3381/3412/3412 3295/3330/3330 3297/3319/3319
f 3381/3412/3412 3380/3409/3409 3383/3411/3411
f 3295/3330/3330 3381/3412/3412 3383/3411/3411
f 3345/3376/3376 3297/3319/3319 3292/3325/3325
f 3292/3325/3325 3346/3326/3326 3291/3377/3377
f 3292/3325/3325 3291/3377/3377 3345/3376/3376
f 3380/3409/3409 3342/3372/3372 3382/3371/3371
f 3345/3376/3376 3381/3412/3412 3297/3319/3319
f 3380/3409/3409 3381/3412/3412 3342/3372/3372
f 3342/3372/3372 3381/3412/3412 3345/3376/3376
f 3384/3413/3413 3385/3414/3414 3339/3370/3370
f 3384/3413/3413 3339/3370/3370 3338/3368/3368
f 3372/3399/3399 3385/3414/3414 3384/3413/3413
f 3337/2027/2027 3372/3399/3399 3384/3413/3413
f 3384/3413/3413 3338/3368/3368 3337/2027/2027
f 3385/3414/3414 3372/3399/3399 3363/3394/3394
f 3363/3394/3394 3386/3410/3410 3385/3414/3414
f 3298/3331/3331 3371/3403/3403 3299/3332/3332
f 3383/3411/3411 3371/3403/3403 3298/3331/3331
f 3383/3411/3411 3380/3409/3409 3386/3410/3410
f 3363/3394/3394 3371/3403/3403 3386/3410/3410
f 3386/3410/3410 3371/3403/3403 3383/3411/3411
f 3339/3370/3370 3385/3414/3414 3386/3410/3410
f 3388/3415/3415 3389/3416/3416 3390/3417/3417
f 3387/3418/3418 3390/3417/3417 3402/3419/3419
f 3390/3417/3417 3387/3418/3418 3388/3415/3415
f 3387/3418/3418 2770/2803/2803 3393/3420/3420
f 1947/1988/1988 3396/3421/3421 3391/3422/3422
f 3393/3420/3420 3392/3423/3423 3391/3422/3422
f 3391/3422/3422 3396/3421/3421 3393/3420/3420
f 3394/3424/3424 3311/3344/3344 3395/1990/1990
f 3312/3346/3346 1881/1913/1913 3395/1990/1990
f 3392/3423/3423 3395/1990/1990 1950/1989/1989
f 3395/1990/1990 3392/3423/3423 3394/3424/3424
f 1950/1989/1989 1947/1988/1988 3391/3422/3422
f 1950/1989/1989 3391/3422/3422 3392/3423/3423
f 1948/1987/1987 1947/1988/1988 1945/1985/1985
f 1948/1987/1987 1925/1964/1964 3389/3416/3416
f 3388/3415/3415 1947/1988/1988 3389/3416/3416
f 1947/1988/1988 1948/1987/1987 3389/3416/3416
f 3396/3421/3421 3388/3415/3415 3387/3418/3418
f 3393/3420/3420 3396/3421/3421 3387/3418/3418
f 3396/3421/3421 1947/1988/1988 3388/3415/3415
f 3400/3425/3425 3397/3426/3426 3399/3427/3427
f 3397/3426/3426 3400/3425/3425 3398/3428/3428
f 3397/3426/3426 1936/1979/1979 3399/3427/3427
f 3400/3425/3425 3399/3427/3427 2768/2804/2804
f 3401/3429/3429 1941/1982/1982 3397/3426/3426
f 3401/3429/3429 3397/3426/3426 3398/3428/3428
f 3401/3429/3429 3390/3417/3417 1941/1982/1982
f 1941/1982/1982 3390/3417/3417 1925/1964/1964
f 1936/1979/1979 3397/3426/3426 1941/1982/1982
f 2773/1978/1978 3399/3427/3427 1936/1979/1979
f 3399/3427/3427 2773/1978/1978 2771/2806/2806
f 2771/2806/2806 2768/2804/2804 3399/3427/3427
f 2770/2803/2803 3402/3419/3419 2768/2804/2804
f 2770/2803/2803 3387/3418/3418 3402/3419/3419
f 3390/3417/3417 3389/3416/3416 1925/1964/1964
f 3390/3417/3417 3398/3428/3428 3402/3419/3419
f 3398/3428/3428 3390/3417/3417 3401/3429/3429
f 3402/3419/3419 3398/3428/3428 3400/3425/3425
f 2768/2804/2804 3402/3419/3419 3400/3425/3425
f 2770/2803/2803 2765/2802/2802 3403/3430/3430
f 2765/2802/2802 2740/2776/2776 3318/3349/3349
f 2740/2776/2776 3418/2777/2777 3318/3349/3349
f 3280/3311/3311 3403/3430/3430 3318/3349/3349
f 3403/3430/3430 2765/2802/2802 3318/3349/3349
f 3404/3431/3431 3314/3348/3348 3406/3432/3432
f 3280/3311/3311 3314/3348/3348 3404/3431/3431
f 3405/3433/3433 3280/3311/3311 3404/3431/3431
f 3394/3424/3424 3406/3432/3432 3309/3347/3347
f 3314/3348/3348 3313/3338/3338 3406/3432/3432
f 3406/3432/3432 3313/3338/3338 3309/3347/3347
f 3312/3346/3346 1972/1914/1914 1881/1913/1913
f 3311/3344/3344 3312/3346/3346 3395/1990/1990
f 3394/3424/3424 3392/3423/3423 3406/3432/3432
f 3311/3344/3344 3394/3424/3424 3309/3347/3347
f 3406/3432/3432 3393/3420/3420 3404/3431/3431
f 3393/3420/3420 3406/3432/3432 3392/3423/3423
f 3405/3433/3433 2770/2803/2803 3403/3430/3430
f 3393/3420/3420 2770/2803/2803 3405/3433/3433
f 3403/3430/3430 3280/3311/3311 3405/3433/3433
f 3393/3420/3420 3405/3433/3433 3404/3431/3431
f 3408/3434/3434 3407/3435/3435 3409/3436/3436
f 3455/3437/3437 3408/3434/3434 3409/3436/3436
f 3411/3438/3438 3410/3439/3439 2751/2790/2790
f 3408/3434/3434 3410/3439/3439 3411/3438/3438
f 3412/3440/3440 3415/3441/3441 3414/3442/3442
f 3412/3440/3440 3413/3443/3443 3415/3441/3441
f 3416/3444/3444 3201/3232/3232 3200/3236/3236
f 3201/3232/3232 3416/3444/3444 3414/3442/3442
f 3202/3163/3163 3435/3445/3445 3200/3236/3236
f 3200/3236/3236 3435/3445/3445 3416/3444/3444
f 3416/3444/3444 3412/3440/3440 3414/3442/3442
f 3409/3436/3436 3413/3443/3443 3417/3446/3446
f 3417/3446/3446 3413/3443/3443 3412/3440/3440
f 3409/3436/3436 3415/3441/3441 3413/3443/3443
f 3415/3441/3441 3409/3436/3436 3407/3435/3435
f 3408/3434/3434 3455/3437/3437 3418/2777/2777
f 3410/3439/3439 2762/2798/2798 2763/2797/2797
f 3410/3439/3439 2763/2797/2797 2751/2790/2790
f 3418/2777/2777 3410/3439/3439 3408/3434/3434
f 3410/3439/3439 3418/2777/2777 2762/2798/2798
f 3419/3447/3447 2759/2795/2795 3420/3238/3238
f 3421/3448/3448 3420/3238/3238 3422/3237/3237
f 3420/3238/3238 3421/3448/3448 3419/3447/3447
f 3421/3448/3448 3411/3438/3438 3419/3447/3447
f 2751/2790/2790 2750/2787/2787 3411/3438/3438
f 3419/3447/3447 3411/3438/3438 2750/2787/2787
f 3419/3447/3447 2750/2787/2787 2759/2795/2795
f 3204/3240/3240 2759/2795/2795 2757/2793/2793
f 2758/2794/2794 3204/3240/3240 2757/2793/2793
f 3420/3238/3238 2759/2795/2795 3204/3240/3240
f 3203/3226/3226 3415/3441/3441 3422/3237/3237
f 3415/3441/3441 3407/3435/3435 3422/3237/3237
f 3203/3226/3226 3423/3233/3233 3415/3441/3441
f 3201/3232/3232 3414/3442/3442 3423/3233/3233
f 3414/3442/3442 3415/3441/3441 3423/3233/3233
f 3421/3448/3448 3408/3434/3434 3411/3438/3438
f 3408/3434/3434 3421/3448/3448 3407/3435/3435
f 3422/3237/3237 3407/3435/3435 3421/3448/3448
f 3425/3449/3449 3427/3450/3450 3424/3451/3451
f 3459/3452/3452 3427/3450/3450 3425/3449/3449
f 3428/3223/3223 3445/3453/3453 3429/3454/3454
f 3426/3455/3455 3427/3450/3450 3429/3454/3454
f 3427/3450/3450 3426/3455/3455 3424/3451/3451
f 3436/3456/3456 3428/3223/3223 3427/3450/3450
f 3429/3454/3454 3427/3450/3450 3428/3223/3223
f 3424/3451/3451 3431/3328/3328 3430/3457/3457
f 3424/3451/3451 3426/3455/3455 3431/3328/3328
f 3431/3328/3328 3432/3327/3327 3430/3457/3457
f 3430/3457/3457 3425/3449/3449 3424/3451/3451
f 3430/3457/3457 3461/3458/3458 3425/3449/3449
f 3189/3161/3161 3433/3459/3459 3434/3460/3460
f 3433/3459/3459 3189/3161/3161 3186/3220/3220
f 3433/3459/3459 3459/3452/3452 3434/3460/3460
f 3189/3161/3161 3435/3445/3445 3191/3225/3225
f 3435/3445/3445 3189/3161/3161 3434/3460/3460
f 3445/3453/3453 3428/3223/3223 3167/3203/3203
f 3436/3456/3456 3188/3224/3224 3428/3223/3223
f 3433/3459/3459 3427/3450/3450 3459/3452/3452
f 3433/3459/3459 3436/3456/3456 3427/3450/3450
f 3436/3456/3456 3433/3459/3459 3188/3224/3224
f 3188/3224/3224 3433/3459/3459 3186/3220/3220
f 3437/3461/3461 3442/3462/3462 3440/3463/3463
f 3437/3461/3461 3438/3464/3464 3442/3462/3462
f 3440/3463/3463 3182/3215/3215 3437/3461/3461
f 3182/3215/3215 3447/3210/3210 3437/3461/3461
f 3442/3462/3462 3357/3391/3391 3441/3393/3393
f 3357/3391/3391 3442/3462/3462 3438/3464/3464
f 3442/3462/3462 3441/3393/3393 3453/3465/3465
f 3442/3462/3462 3453/3465/3465 3440/3463/3463
f 3440/3463/3463 3453/3465/3465 3439/3466/3466
f 3443/3217/3217 3452/3467/3467 3445/3453/3453
f 3443/3217/3217 3440/3463/3463 3452/3467/3467
f 3440/3463/3463 3439/3466/3466 3452/3467/3467
f 3445/3453/3453 3167/3203/3203 3166/3201/3201
f 3443/3217/3217 3445/3453/3453 3166/3201/3201
f 3182/3215/3215 3440/3463/3463 3444/3216/3216
f 3440/3463/3463 3443/3217/3217 3444/3216/3216
f 3177/3208/3208 3446/3468/3468 3447/3210/3210
f 3177/3208/3208 3180/2061/2061 3446/3468/3468
f 3360/3389/3389 3447/3210/3210 3446/3468/3468
f 3446/3468/3468 1848/1868/1868 3360/3389/3389
f 3180/2061/2061 1848/1868/1868 3446/3468/3468
f 3357/3391/3391 3438/3464/3464 3358/3388/3388
f 3447/3210/3210 3438/3464/3464 3437/3461/3461
f 3360/3389/3389 3358/3388/3388 3447/3210/3210
f 3358/3388/3388 3438/3464/3464 3447/3210/3210
f 3449/3383/3383 3451/3469/3469 3448/3470/3470
f 3349/3382/3382 3451/3469/3469 3449/3383/3383
f 3450/3471/3471 3451/3469/3469 3426/3455/3455
f 3448/3470/3470 3451/3469/3469 3450/3471/3471
f 3448/3470/3470 3454/3472/3472 3350/3384/3384
f 3449/3383/3383 3448/3470/3470 3350/3384/3384
f 3451/3469/3469 3347/3379/3379 3431/3328/3328
f 3343/3374/3374 3347/3379/3379 3451/3469/3469
f 3349/3382/3382 3343/3374/3374 3451/3469/3469
f 3346/3326/3326 3347/3379/3379 3341/3375/3375
f 3431/3328/3328 3347/3379/3379 3346/3326/3326
f 3431/3328/3328 3426/3455/3455 3451/3469/3469
f 3452/3467/3467 3450/3471/3471 3426/3455/3455
f 3429/3454/3454 3452/3467/3467 3426/3455/3455
f 3452/3467/3467 3439/3466/3466 3450/3471/3471
f 3429/3454/3454 3445/3453/3453 3452/3467/3467
f 3453/3465/3465 3441/3393/3393 3454/3472/3472
f 3441/3393/3393 3359/3385/3385 3350/3384/3384
f 3441/3393/3393 3350/3384/3384 3454/3472/3472
f 3450/3471/3471 3453/3465/3465 3448/3470/3470
f 3450/3471/3471 3439/3466/3466 3453/3465/3465
f 3448/3470/3470 3453/3465/3465 3454/3472/3472
f 3322/3354/3354 3319/3351/3351 3455/3437/3437
f 3417/3446/3446 3455/3437/3437 3409/3436/3436
f 3322/3354/3354 3455/3437/3437 3417/3446/3446
f 3324/3355/3355 3321/3352/3352 3322/3354/3354
f 3324/3355/3355 3457/3473/3473 3456/3474/3474
f 3322/3354/3354 3457/3473/3473 3324/3355/3355
f 3324/3355/3355 3456/3474/3474 3432/3327/3327
f 3418/2777/2777 3319/3351/3351 3317/3350/3350
f 3319/3351/3351 3418/2777/2777 3455/3437/3437
f 3460/3475/3475 3459/3452/3452 3458/3476/3476
f 3435/3445/3445 3460/3475/3475 3416/3444/3444
f 3202/3163/3163 3191/3225/3225 3435/3445/3445
f 3459/3452/3452 3460/3475/3475 3434/3460/3460
f 3416/3444/3444 3460/3475/3475 3458/3476/3476
f 3417/3446/3446 3416/3444/3444 3458/3476/3476
f 3412/3440/3440 3416/3444/3444 3417/3446/3446
f 3434/3460/3460 3460/3475/3475 3435/3445/3445
f 3462/3477/3477 3461/3458/3458 3457/3473/3473
f 3322/3354/3354 3462/3477/3477 3457/3473/3473
f 3461/3458/3458 3462/3477/3477 3425/3449/3449
f 3432/3327/3327 3456/3474/3474 3430/3457/3457
f 3457/3473/3473 3461/3458/3458 3456/3474/3474
f 3456/3474/3474 3461/3458/3458 3430/3457/3457
f 3417/3446/3446 3462/3477/3477 3322/3354/3354
f 3462/3477/3477 3417/3446/3446 3458/3476/3476
f 3459/3452/3452 3425/3449/3449 3462/3477/3477
f 3459/3452/3452 3462/3477/3477 3458/3476/3476
f 3468/3478/3478 3464/3479/3479 3465/3480/3480
f 3463/3481/3481 3468/3478/3478 3465/3480/3480
f 3465/3480/3480 3464/3479/3479 3466/3482/3482
f 3464/3479/3479 3468/3478/3478 3469/3483/3483
f 3464/3479/3479 3471/3484/3484 3466/3482/3482
f 3502/3485/3485 2724/2761/2761 3466/3482/3482
f 3472/3486/3486 3473/3487/3487 3466/3482/3482
f 3466/3482/3482 2724/2761/2761 3472/3486/3486
f 3477/3488/3488 3474/3489/3489 3476/3490/3490
f 3474/3489/3489 3477/3488/3488 3475/3491/3491
f 3476/3490/3490 2723/2770/2770 3477/3488/3488
f 3474/3489/3489 3472/3486/3486 3476/3490/3490
f 3474/3489/3489 3473/3487/3487 3472/3486/3486
f 3467/3492/3492 3463/3481/3481 3478/3493/3493
f 3463/3481/3481 3465/3480/3480 3478/3493/3493
f 3466/3482/3482 3473/3487/3487 3465/3480/3480
f 3473/3487/3487 3478/3493/3493 3465/3480/3480
f 3527/3494/3494 3480/3495/3495 3479/3496/3496
f 3481/3497/3497 3479/3496/3496 3480/3495/3495
f 3479/3496/3496 3467/3492/3492 3527/3494/3494
f 3527/3494/3494 3011/3036/3036 3483/3498/3498
f 3485/3032/3032 3486/3499/3499 3484/3500/3500
f 3483/3498/3498 3011/3036/3036 3526/3035/3035
f 3484/3500/3500 3483/3498/3498 3526/3035/3035
f 3483/3498/3498 3484/3500/3500 3486/3499/3499
f 3649/3501/3501 3480/3495/3495 3483/3498/3498
f 3649/3501/3501 3482/3502/3502 3481/3497/3497
f 3480/3495/3495 3649/3501/3501 3481/3497/3497
f 3527/3494/3494 3483/3498/3498 3480/3495/3495
f 3482/3502/3502 3479/3496/3496 3481/3497/3497
f 3479/3496/3496 3482/3502/3502 3487/3503/3503
f 3468/3478/3478 3487/3503/3503 3470/3504/3504
f 3469/3483/3483 3468/3478/3478 3470/3504/3504
f 3468/3478/3478 3479/3496/3496 3487/3503/3503
f 3479/3496/3496 3468/3478/3478 3463/3481/3481
f 3467/3492/3492 3479/3496/3496 3463/3481/3481
f 3491/2763/2763 3489/3505/3505 3488/3506/3506
f 3489/3505/3505 3490/3507/3507 3488/3506/3506
f 3494/3508/3508 3492/3509/3509 3493/3510/3510
f 3501/3511/3511 3503/3512/3512 3492/3509/3509
f 3469/3483/3483 3470/3504/3504 3621/3513/3513
f 3621/3513/3513 3492/3509/3509 3469/3483/3483
f 3490/3507/3507 3489/3505/3505 3494/3508/3508
f 3489/3505/3505 3492/3509/3509 3494/3508/3508
f 3501/3511/3511 3492/3509/3509 3489/3505/3505
f 3497/3514/3514 3495/3241/3241 3496/3515/3515
f 3495/3241/3241 3497/3514/3514 3488/3506/3506
f 3496/3515/3515 2591/2617/2617 2726/2766/2766
f 3491/2763/2763 3497/3514/3514 2725/2764/2764
f 2716/2754/2754 3491/2763/2763 2725/2764/2764
f 3491/2763/2763 3488/3506/3506 3497/3514/3514
f 2725/2764/2764 3497/3514/3514 3496/3515/3515
f 2726/2766/2766 2725/2764/2764 3496/3515/3515
f 2724/2761/2761 3501/3511/3511 3498/3516/3516
f 3501/3511/3511 2724/2761/2761 3502/3485/3485
f 2722/2758/2758 2723/2770/2770 2724/2761/2761
f 2724/2761/2761 2723/2770/2770 3476/3490/3490
f 2721/2760/2760 2724/2761/2761 3499/2762/2762
f 2724/2761/2761 3476/3490/3490 3472/3486/3486
f 3471/3484/3484 3502/3485/3485 3466/3482/3482
f 3499/2762/2762 2724/2761/2761 3498/3516/3516
f 3500/3517/3517 3501/3511/3511 3504/3518/3518
f 3471/3484/3484 3504/3518/3518 3502/3485/3485
f 3464/3479/3479 3500/3517/3517 3471/3484/3484
f 3504/3518/3518 3471/3484/3484 3500/3517/3517
f 3503/3512/3512 3501/3511/3511 3500/3517/3517
f 3500/3517/3517 3469/3483/3483 3503/3512/3512
f 3464/3479/3479 3469/3483/3483 3500/3517/3517
f 3503/3512/3512 3469/3483/3483 3492/3509/3509
f 3499/2762/2762 3489/3505/3505 3491/2763/2763
f 3501/3511/3511 3502/3485/3485 3504/3518/3518
f 3489/3505/3505 3499/2762/2762 3498/3516/3516
f 3489/3505/3505 3498/3516/3516 3501/3511/3511
f 3508/3519/3519 3505/3520/3520 3506/3521/3521
f 3505/3520/3520 3507/3522/3522 3506/3521/3521
f 3523/3523/3523 3508/3519/3519 3506/3521/3521
f 3505/3520/3520 3508/3519/3519 3509/3524/3524
f 3518/3525/3525 3511/3526/3526 2705/2737/2737
f 3507/3522/3522 3518/3525/3525 3510/3527/3527
f 3511/3526/3526 3518/3525/3525 3507/3522/3522
f 3510/3527/3527 3506/3521/3521 3507/3522/3522
f 2987/3041/3041 3512/3528/3528 3522/3529/3529
f 3508/3519/3519 3512/3528/3528 3509/3524/3524
f 3508/3519/3519 3523/3523/3523 3512/3528/3528
f 3514/3530/3530 3505/3520/3520 3513/3531/3531
f 3516/3532/3532 3517/2749/2749 3513/3531/3531
f 3515/3533/3533 3517/2749/2749 3516/3532/3532
f 3513/3531/3531 3517/2749/2749 3514/3530/3530
f 3505/3520/3520 3509/3524/3524 3516/3532/3532
f 3516/3532/3532 3513/3531/3531 3505/3520/3520
f 2670/2706/2706 3475/3491/3491 3477/3488/3488
f 2723/2770/2770 2670/2706/2706 3477/3488/3488
f 2670/2706/2706 2708/2748/2748 3517/2749/2749
f 3475/3491/3491 2670/2706/2706 3517/2749/2749
f 3517/2749/2749 2706/2747/2747 3511/3526/3526
f 2706/2747/2747 2705/2737/2737 3511/3526/3526
f 3507/3522/3522 3505/3520/3520 3514/3530/3530
f 3517/2749/2749 3511/3526/3526 3514/3530/3530
f 3511/3526/3526 3507/3522/3522 3514/3530/3530
f 3519/3534/3534 3518/3525/3525 3520/3535/3535
f 3020/3046/3046 3520/3535/3535 3024/3050/3050
f 3519/3534/3534 3520/3535/3535 3521/3536/3536
f 2703/2744/2744 3518/3525/3525 2705/2737/2737
f 3027/3052/3052 3518/3525/3525 3026/2745/2745
f 3518/3525/3525 2703/2744/2744 3026/2745/2745
f 3520/3535/3535 3518/3525/3525 3025/3051/3051
f 3518/3525/3525 3027/3052/3052 3025/3051/3051
f 3520/3535/3535 3025/3051/3051 3024/3050/3050
f 3020/3046/3046 3522/3529/3529 3523/3523/3523
f 3020/3046/3046 3024/3050/3050 3019/3044/3044
f 3523/3523/3523 3522/3529/3529 3512/3528/3528
f 3522/3529/3529 3020/3046/3046 2987/3041/3041
f 3523/3523/3523 3510/3527/3527 3519/3534/3534
f 3523/3523/3523 3519/3534/3534 3521/3536/3536
f 3523/3523/3523 3506/3521/3521 3510/3527/3527
f 3510/3527/3527 3518/3525/3525 3519/3534/3534
f 3020/3046/3046 3521/3536/3536 3520/3535/3535
f 3523/3523/3523 3521/3536/3536 3020/3046/3046
f 3467/3492/3492 3528/3537/3537 3531/3538/3538
f 3467/3492/3492 3531/3538/3538 3530/3539/3539
f 2997/3021/3021 3524/3540/3540 3016/3039/3039
f 3467/3492/3492 3016/3039/3039 3524/3540/3540
f 3017/3040/3040 3467/3492/3492 3530/3539/3539
f 3016/3039/3039 3467/3492/3492 3017/3040/3040
f 3525/3037/3037 3527/3494/3494 3524/3540/3540
f 3525/3037/3037 3524/3540/3540 2997/3021/3021
f 3012/3020/3020 3525/3037/3037 2997/3021/3021
f 3010/3033/3033 3484/3500/3500 3526/3035/3035
f 3484/3500/3500 3010/3033/3033 3485/3032/3032
f 3527/3494/3494 3525/3037/3037 3011/3036/3036
f 3527/3494/3494 3467/3492/3492 3524/3540/3540
f 3478/3493/3493 3529/3541/3541 3528/3537/3537
f 3478/3493/3493 3473/3487/3487 3529/3541/3541
f 3528/3537/3537 3467/3492/3492 3478/3493/3493
f 3474/3489/3489 3515/3533/3533 3473/3487/3487
f 3474/3489/3489 3475/3491/3491 3515/3533/3533
f 3515/3533/3533 3475/3491/3491 3517/2749/2749
f 3509/3524/3524 3529/3541/3541 3516/3532/3532
f 3515/3533/3533 3516/3532/3532 3473/3487/3487
f 3529/3541/3541 3473/3487/3487 3516/3532/3532
f 3531/3538/3538 3509/3524/3524 3530/3539/3539
f 3509/3524/3524 3512/3528/3528 3530/3539/3539
f 2987/3041/3041 3530/3539/3539 3512/3528/3528
f 3530/3539/3539 2987/3041/3041 3017/3040/3040
f 3528/3537/3537 3529/3541/3541 3509/3524/3524
f 3531/3538/3538 3528/3537/3537 3509/3524/3524
f 3533/3542/3542 3532/3543/3543 3572/3544/3544
f 3545/3545/3545 3534/3546/3546 3533/3542/3542
f 3532/3543/3543 3533/3542/3542 3534/3546/3546
f 3532/3543/3543 3534/3546/3546 3535/3547/3547
f 3532/3543/3543 3555/3548/3548 3536/3549/3549
f 3555/3548/3548 3537/3550/3550 3536/3549/3549
f 3572/3544/3544 3532/3543/3543 3536/3549/3549
f 3539/3551/3551 3538/3552/3552 3541/3553/3553
f 3538/3552/3552 3544/3554/3554 3533/3542/3542
f 3538/3552/3552 3539/3551/3551 3540/3555/3555
f 3544/3554/3554 3538/3552/3552 3540/3555/3555
f 3572/3544/3544 3577/3556/3556 3538/3552/3552
f 3543/3557/3557 3542/3558/3558 3541/3553/3553
f 3542/3558/3558 3598/3559/3559 3541/3553/3553
f 3541/3553/3553 3598/3559/3559 3539/3551/3551
f 3545/3545/3545 3533/3542/3542 3544/3554/3554
f 3538/3552/3552 3533/3542/3542 3572/3544/3544
f 3550/3560/3560 3547/3561/3561 3546/3562/3562
f 3547/3561/3561 3548/3563/3563 3546/3562/3562
f 3596/3564/3564 3546/3562/3562 3548/3563/3563
f 3551/2996/2996 3596/3564/3564 2961/2983/2983
f 3550/3560/3560 3551/2996/2996 3549/3565/3565
f 3551/2996/2996 3546/3562/3562 3596/3564/3564
f 3551/2996/2996 3550/3560/3560 3546/3562/3562
f 3555/3548/3548 3553/3566/3566 3554/3567/3567
f 3553/3566/3566 3532/3543/3543 3552/3568/3568
f 3552/3568/3568 3549/3565/3565 3554/3567/3567
f 3549/3565/3565 3612/3569/3569 3554/3567/3567
f 3554/3567/3567 3553/3566/3566 3552/3568/3568
f 3555/3548/3548 3532/3543/3543 3553/3566/3566
f 3535/3547/3547 3534/3546/3546 3547/3561/3561
f 3550/3560/3560 3549/3565/3565 3552/3568/3568
f 3535/3547/3547 3550/3560/3560 3552/3568/3568
f 3532/3543/3543 3535/3547/3547 3552/3568/3568
f 3547/3561/3561 3550/3560/3560 3535/3547/3547
f 3556/3570/3570 3562/3571/3571 3557/3572/3572
f 3558/3573/3573 3556/3570/3570 3557/3572/3572
f 3559/3574/3574 3561/3575/3575 3556/3570/3570
f 3562/3571/3571 3556/3570/3570 3561/3575/3575
f 3558/3573/3573 3557/3572/3572 3609/3576/3576
f 3563/3577/3577 3557/3572/3572 3562/3571/3571
f 3566/3578/3578 3569/3579/3579 3565/3580/3580
f 3565/3580/3580 3255/3289/3289 3567/3581/3581
f 3255/3289/3289 3565/3580/3580 3564/3582/3582
f 3567/3581/3581 3255/3289/3289 3155/3188/3188
f 3566/3578/3578 3568/3583/3583 3569/3579/3579
f 3556/3570/3570 3560/3584/3584 3559/3574/3574
f 3556/3570/3570 3569/3579/3579 3568/3583/3583
f 3560/3584/3584 3556/3570/3570 3568/3583/3583
f 3564/3582/3582 3569/3579/3579 3558/3573/3573
f 3558/3573/3573 3569/3579/3579 3556/3570/3570
f 3569/3579/3579 3564/3582/3582 3565/3580/3580
f 3570/3585/3585 3577/3556/3556 3572/3544/3544
f 3575/3586/3586 3571/3587/3587 3570/3585/3585
f 3578/3588/3588 3570/3585/3585 3572/3544/3544
f 3574/3589/3589 3575/3586/3586 3570/3585/3585
f 3559/3574/3574 3573/3590/3590 3574/3589/3589
f 3575/3586/3586 3574/3589/3589 3573/3590/3590
f 3669/3591/3591 3575/3586/3586 3573/3590/3590
f 3541/3553/3553 3571/3587/3587 3576/3592/3592
f 3543/3557/3557 3541/3553/3553 3576/3592/3592
f 3541/3553/3553 3538/3552/3552 3570/3585/3585
f 3541/3553/3553 3570/3585/3585 3571/3587/3587
f 3570/3585/3585 3538/3552/3552 3577/3556/3556
f 3561/3575/3575 3578/3588/3588 3536/3549/3549
f 3578/3588/3588 3572/3544/3544 3536/3549/3549
f 3537/3550/3550 3563/3577/3577 3562/3571/3571
f 3536/3549/3549 3537/3550/3550 3562/3571/3571
f 3536/3549/3549 3562/3571/3571 3561/3575/3575
f 3559/3574/3574 3574/3589/3589 3561/3575/3575
f 3573/3590/3590 3559/3574/3574 3560/3584/3584
f 3570/3585/3585 3578/3588/3588 3574/3589/3589
f 3578/3588/3588 3561/3575/3575 3574/3589/3589
f 3586/3593/3593 3580/3594/3594 3584/3595/3595
f 3580/3594/3594 3579/3596/3596 3584/3595/3595
f 3581/3597/3597 3590/3598/3598 3579/3596/3596
f 3580/3594/3594 3581/3597/3597 3579/3596/3596
f 3590/3598/3598 3591/3599/3599 3579/3596/3596
f 3582/3600/3600 2972/2992/2992 3583/3601/3601
f 3579/3596/3596 3582/3600/3600 3584/3595/3595
f 3582/3600/3600 3579/3596/3596 3591/3599/3599
f 3582/3600/3600 3583/3601/3601 3584/3595/3595
f 3580/3594/3594 3542/3558/3558 3585/3602/3602
f 3542/3558/3558 3580/3594/3594 3586/3593/3593
f 3543/3557/3557 3587/3603/3603 3542/3558/3558
f 3542/3558/3558 3587/3603/3603 3585/3602/3602
f 3647/3604/3604 3580/3594/3594 3585/3602/3602
f 3588/3605/3605 3589/2994/2994 3590/3598/3598
f 3588/3605/3605 3651/3606/3606 3589/2994/2994
f 3588/3605/3605 3590/3598/3598 3581/3597/3597
f 2935/2952/2952 3589/2994/2994 2936/2954/2954
f 3589/2994/2994 3651/3606/3606 2936/2954/2954
f 2967/2990/2990 2971/2993/2993 3582/3600/3600
f 3591/3599/3599 2967/2990/2990 3582/3600/3600
f 3590/3598/3598 3589/2994/2994 2967/2990/2990
f 3582/3600/3600 2971/2993/2993 2972/2992/2992
f 3591/3599/3599 3590/3598/3598 2967/2990/2990
f 3594/3607/3607 3592/3608/3608 3593/3609/3609
f 3592/3608/3608 3595/3610/3610 3593/3609/3609
f 2962/2977/2977 2960/2984/2984 3594/3607/3607
f 3595/3610/3610 3592/3608/3608 3545/3545/3545
f 3593/3609/3609 2959/2980/2980 2963/2985/2985
f 2963/2985/2985 2959/2980/2980 2964/2978/2978
f 2963/2985/2985 2962/2977/2977 3593/3609/3609
f 3593/3609/3609 2962/2977/2977 3594/3607/3607
f 3593/3609/3609 3595/3610/3610 2959/2980/2980
f 2960/2984/2984 2961/2983/2983 3596/3564/3564
f 3592/3608/3608 3596/3564/3564 3548/3563/3563
f 3547/3561/3561 3592/3608/3608 3548/3563/3563
f 3592/3608/3608 3547/3561/3561 3534/3546/3546
f 3545/3545/3545 3592/3608/3608 3534/3546/3546
f 3594/3607/3607 3596/3564/3564 3592/3608/3608
f 3594/3607/3607 2960/2984/2984 3596/3564/3564
f 3598/3559/3559 3586/3593/3593 3597/3611/3611
f 3586/3593/3593 3599/3612/3612 3597/3611/3611
f 3540/3555/3555 3598/3559/3559 3544/3554/3554
f 3544/3554/3554 3598/3559/3559 3597/3611/3611
f 3598/3559/3559 3540/3555/3555 3539/3551/3551
f 3598/3559/3559 3542/3558/3558 3586/3593/3593
f 3595/3610/3610 3583/3601/3601 2959/2980/2980
f 3583/3601/3601 3595/3610/3610 3599/3612/3612
f 3599/3612/3612 3586/3593/3593 3584/3595/3595
f 3583/3601/3601 3599/3612/3612 3584/3595/3595
f 3583/3601/3601 2972/2992/2992 2959/2980/2980
f 3595/3610/3610 3597/3611/3611 3599/3612/3612
f 3595/3610/3610 3544/3554/3554 3597/3611/3611
f 3544/3554/3554 3595/3610/3610 3545/3545/3545
f 3256/2971/2971 3248/3282/3282 3600/3613/3613
f 3551/2996/2996 2952/2973/2973 3601/2972/2972
f 3600/3613/3613 3601/2972/2972 3256/2971/2971
f 3611/3614/3614 3601/2972/2972 3600/3613/3613
f 2955/2970/2970 2025/2060/2060 3256/2971/2971
f 3603/3280/3280 3610/3615/3615 3602/3616/3616
f 3610/3615/3615 3604/3617/3617 3602/3616/3616
f 3604/3617/3617 3610/3615/3615 3605/3618/3618
f 3253/3284/3284 3255/3289/3289 3607/3619/3619
f 3607/3619/3619 3255/3289/3289 3606/3620/3620
f 3609/3576/3576 3608/3621/3621 3606/3620/3620
f 3608/3621/3621 3607/3619/3619 3606/3620/3620
f 3253/3284/3284 3607/3619/3619 3251/3287/3287
f 3606/3620/3620 3558/3573/3573 3609/3576/3576
f 3564/3582/3582 3558/3573/3573 3606/3620/3620
f 3606/3620/3620 3255/3289/3289 3564/3582/3582
f 3557/3572/3572 3608/3621/3621 3609/3576/3576
f 3563/3577/3577 3610/3615/3615 3557/3572/3572
f 3608/3621/3621 3557/3572/3572 3610/3615/3615
f 3610/3615/3615 3563/3577/3577 3605/3618/3618
f 3605/3618/3618 3563/3577/3577 3537/3550/3550
f 3610/3615/3615 3603/3280/3280 3607/3619/3619
f 3251/3287/3287 3607/3619/3619 3603/3280/3280
f 3610/3615/3615 3607/3619/3619 3608/3621/3621
f 3612/3569/3569 3604/3617/3617 3555/3548/3548
f 3555/3548/3548 3605/3618/3618 3537/3550/3550
f 3555/3548/3548 3554/3567/3567 3612/3569/3569
f 3549/3565/3565 3601/2972/2972 3612/3569/3569
f 3601/2972/2972 3549/3565/3565 3551/2996/2996
f 3612/3569/3569 3601/2972/2972 3611/3614/3614
f 3611/3614/3614 3600/3613/3613 3602/3616/3616
f 3603/3280/3280 3600/3613/3613 3248/3282/3282
f 3602/3616/3616 3600/3613/3613 3603/3280/3280
f 3612/3569/3569 3602/3616/3616 3604/3617/3617
f 3555/3548/3548 3604/3617/3617 3605/3618/3618
f 3602/3616/3616 3612/3569/3569 3611/3614/3614
f 3613/3622/3622 3615/3623/3623 3622/3624/3624
f 3622/3624/3624 3679/3625/3625 3614/3626/3626
f 3622/3624/3624 3614/3626/3626 3613/3622/3622
f 3617/3246/3246 3616/3627/3627 3197/3245/3245
f 3615/3623/3623 3617/3246/3246 3618/3628/3628
f 3616/3627/3627 3617/3246/3246 3615/3623/3623
f 3618/3628/3628 3619/3629/3629 3615/3623/3623
f 3615/3623/3623 3613/3622/3622 3616/3627/3627
f 3620/3630/3630 3619/3629/3629 3621/3513/3513
f 3622/3624/3624 3615/3623/3623 3619/3629/3629
f 3619/3629/3629 3620/3630/3630 3622/3624/3624
f 3623/3631/3631 3625/3632/3632 3624/3633/3633
f 3632/3634/3634 3624/3633/3633 3625/3632/3632
f 3624/3633/3633 3627/3635/3635 3623/3631/3631
f 3626/3636/3636 3624/3633/3633 3227/3264/3264
f 3626/3636/3636 3627/3635/3635 3624/3633/3633
f 3627/3635/3635 3614/3626/3626 3664/3637/3637
f 3614/3626/3626 3679/3625/3625 3664/3637/3637
f 3625/3632/3632 3623/3631/3631 3631/3638/3638
f 3623/3631/3631 3675/3639/3639 3631/3638/3638
f 3623/3631/3631 3627/3635/3635 3664/3637/3637
f 3224/3259/3259 3628/3640/3640 3229/3268/3268
f 3228/3267/3267 3629/3641/3641 3628/3640/3640
f 3228/3267/3267 3628/3640/3640 3224/3259/3259
f 3674/3269/3269 3229/3268/3268 3628/3640/3640
f 3155/3188/3188 3674/3269/3269 3567/3581/3581
f 3227/3264/3264 3632/3634/3634 3228/3267/3267
f 3626/3636/3636 3227/3264/3264 3211/3250/3250
f 3625/3632/3632 3629/3641/3641 3632/3634/3634
f 3625/3632/3632 3631/3638/3638 3630/3642/3642
f 3630/3642/3642 3629/3641/3641 3625/3632/3632
f 3227/3264/3264 3624/3633/3633 3632/3634/3634
f 3632/3634/3634 3629/3641/3641 3228/3267/3267
f 3616/3627/3627 3220/3258/3258 3218/3256/3256
f 3613/3622/3622 3220/3258/3258 3616/3627/3627
f 3218/3256/3256 3197/3245/3245 3616/3627/3627
f 3627/3635/3635 3220/3258/3258 3614/3626/3626
f 3220/3258/3258 3613/3622/3622 3614/3626/3626
f 3626/3636/3636 3220/3258/3258 3627/3635/3635
f 3220/3258/3258 3626/3636/3636 3211/3250/3250
f 3488/3506/3506 3490/3507/3507 3633/3643/3643
f 3488/3506/3506 3633/3643/3643 3634/3244/3244
f 3207/3230/3230 3635/3242/3242 3617/3246/3246
f 3196/3229/3229 3207/3230/3230 3617/3246/3246
f 3206/3243/3243 3633/3643/3643 3635/3242/3242
f 3206/3243/3243 3634/3244/3244 3633/3643/3643
f 3204/3240/3240 3496/3515/3515 3495/3241/3241
f 3496/3515/3515 3204/3240/3240 2591/2617/2617
f 3634/3244/3244 3495/3241/3241 3488/3506/3506
f 3495/3241/3241 3634/3244/3244 3205/3239/3239
f 3490/3507/3507 3494/3508/3508 3636/3644/3644
f 3636/3644/3644 3494/3508/3508 3493/3510/3510
f 3619/3629/3629 3493/3510/3510 3492/3509/3509
f 3621/3513/3513 3619/3629/3629 3492/3509/3509
f 3493/3510/3510 3619/3629/3629 3636/3644/3644
f 3633/3643/3643 3617/3246/3246 3635/3242/3242
f 3636/3644/3644 3633/3643/3643 3490/3507/3507
f 3619/3629/3629 3618/3628/3628 3636/3644/3644
f 3636/3644/3644 3618/3628/3628 3617/3246/3246
f 3636/3644/3644 3617/3246/3246 3633/3643/3643
f 3678/3645/3645 3637/3646/3646 3638/3647/3647
f 3639/3648/3648 3637/3646/3646 3482/3502/3502
f 3482/3502/3502 3648/3649/3649 3639/3648/3648
f 3640/3650/3650 3637/3646/3646 3641/3651/3651
f 3587/3603/3603 3642/3652/3652 3641/3651/3651
f 3642/3652/3652 3640/3650/3650 3641/3651/3651
f 3640/3650/3650 3638/3647/3647 3637/3646/3646
f 3637/3646/3646 3678/3645/3645 3482/3502/3502
f 3482/3502/3502 3678/3645/3645 3487/3503/3503
f 3654/3653/3653 3649/3501/3501 3644/3654/3654
f 3643/3655/3655 3644/3654/3654 3649/3501/3501
f 3643/3655/3655 3649/3501/3501 3645/3656/3656
f 3646/3657/3657 3643/3655/3655 3645/3656/3656
f 3643/3655/3655 3647/3604/3604 3644/3654/3654
f 3647/3604/3604 3643/3655/3655 3646/3657/3657
f 3581/3597/3597 3647/3604/3604 3646/3657/3657
f 3648/3649/3649 3649/3501/3501 3654/3653/3653
f 3482/3502/3502 3649/3501/3501 3648/3649/3649
f 3645/3656/3656 3649/3501/3501 3483/3498/3498
f 3486/3499/3499 3651/3606/3606 3650/3658/3658
f 3588/3605/3605 3650/3658/3658 3651/3606/3606
f 3650/3658/3658 3483/3498/3498 3486/3499/3499
f 3485/3032/3032 2936/2954/2954 3486/3499/3499
f 2936/2954/2954 3651/3606/3606 3486/3499/3499
f 3588/3605/3605 3581/3597/3597 3646/3657/3657
f 3645/3656/3656 3650/3658/3658 3646/3657/3657
f 3645/3656/3656 3483/3498/3498 3650/3658/3658
f 3646/3657/3657 3650/3658/3658 3588/3605/3605
f 3656/3659/3659 3585/3602/3602 3652/3660/3660
f 3637/3646/3646 3655/3661/3661 3653/3662/3662
f 3653/3662/3662 3656/3659/3659 3652/3660/3660
f 3656/3659/3659 3653/3662/3662 3655/3661/3661
f 3656/3659/3659 3647/3604/3604 3585/3602/3602
f 3647/3604/3604 3581/3597/3597 3580/3594/3594
f 3587/3603/3603 3641/3651/3651 3652/3660/3660
f 3642/3652/3652 3587/3603/3603 3543/3557/3557
f 3641/3651/3651 3653/3662/3662 3652/3660/3660
f 3637/3646/3646 3653/3662/3662 3641/3651/3651
f 3585/3602/3602 3587/3603/3603 3652/3660/3660
f 3654/3653/3653 3655/3661/3661 3639/3648/3648
f 3637/3646/3646 3639/3648/3648 3655/3661/3661
f 3639/3648/3648 3648/3649/3649 3654/3653/3653
f 3647/3604/3604 3656/3659/3659 3644/3654/3654
f 3655/3661/3661 3654/3653/3653 3656/3659/3659
f 3654/3653/3653 3644/3654/3654 3656/3659/3659
f 3658/3663/3663 3657/3664/3664 3661/3665/3665
f 3657/3664/3664 3660/3666/3666 3667/3667/3667
f 3659/3668/3668 3657/3664/3664 3667/3667/3667
f 3661/3665/3665 3657/3664/3664 3659/3668/3668
f 3661/3665/3665 3670/3669/3669 3662/3670/3670
f 3670/3669/3669 3661/3665/3665 3659/3668/3668
f 3663/3671/3671 3662/3670/3670 3670/3669/3669
f 3662/3670/3670 3658/3663/3663 3661/3665/3665
f 3664/3637/3637 3660/3666/3666 3657/3664/3664
f 3664/3637/3637 3657/3664/3664 3658/3663/3663
f 3668/3672/3672 3665/3673/3673 3667/3667/3667
f 3667/3667/3667 3665/3673/3673 3666/3674/3674
f 3680/3675/3675 3667/3667/3667 3660/3666/3666
f 3667/3667/3667 3680/3675/3675 3668/3672/3672
f 3576/3592/3592 3668/3672/3672 3543/3557/3557
f 3665/3673/3673 3576/3592/3592 3571/3587/3587
f 3576/3592/3592 3665/3673/3673 3668/3672/3672
f 3659/3668/3668 3669/3591/3591 3670/3669/3669
f 3659/3668/3668 3571/3587/3587 3669/3591/3591
f 3669/3591/3591 3571/3587/3587 3575/3586/3586
f 3669/3591/3591 3573/3590/3590 3670/3669/3669
f 3560/3584/3584 3663/3671/3671 3670/3669/3669
f 3573/3590/3590 3560/3584/3584 3670/3669/3669
f 3666/3674/3674 3659/3668/3668 3667/3667/3667
f 3665/3673/3673 3571/3587/3587 3666/3674/3674
f 3571/3587/3587 3659/3668/3668 3666/3674/3674
f 3676/3676/3676 3673/3677/3677 3671/3678/3678
f 3672/3679/3679 3566/3578/3578 3673/3677/3677
f 3628/3640/3640 3630/3642/3642 3671/3678/3678
f 3630/3642/3642 3631/3638/3638 3671/3678/3678
f 3676/3676/3676 3663/3671/3671 3672/3679/3679
f 3568/3583/3583 3672/3679/3679 3560/3584/3584
f 3663/3671/3671 3560/3584/3584 3672/3679/3679
f 3672/3679/3679 3568/3583/3583 3566/3578/3578
f 3673/3677/3677 3676/3676/3676 3672/3679/3679
f 3673/3677/3677 3566/3578/3578 3567/3581/3581
f 3673/3677/3677 3674/3269/3269 3628/3640/3640
f 3567/3581/3581 3566/3578/3578 3565/3580/3580
f 3673/3677/3677 3567/3581/3581 3674/3269/3269
f 3629/3641/3641 3630/3642/3642 3628/3640/3640
f 3671/3678/3678 3673/3677/3677 3628/3640/3640
f 3675/3639/3639 3664/3637/3637 3658/3663/3663
f 3677/3680/3680 3631/3638/3638 3675/3639/3639
f 3664/3637/3637 3675/3639/3639 3623/3631/3631
f 3676/3676/3676 3662/3670/3670 3663/3671/3671
f 3677/3680/3680 3671/3678/3678 3631/3638/3638
f 3658/3663/3663 3662/3670/3670 3677/3680/3680
f 3677/3680/3680 3675/3639/3639 3658/3663/3663
f 3671/3678/3678 3662/3670/3670 3676/3676/3676
f 3677/3680/3680 3662/3670/3670 3671/3678/3678
f 3679/3625/3625 3678/3645/3645 3638/3647/3647
f 3678/3645/3645 3622/3624/3624 3620/3630/3630
f 3622/3624/3624 3678/3645/3645 3679/3625/3625
f 3470/3504/3504 3487/3503/3503 3620/3630/3630
f 3620/3630/3630 3621/3513/3513 3470/3504/3504
f 3620/3630/3630 3487/3503/3503 3678/3645/3645
f 3680/3675/3675 3660/3666/3666 3638/3647/3647
f 3680/3675/3675 3638/3647/3647 3640/3650/3650
f 3668/3672/3672 3642/3652/3652 3543/3557/3557
f 3668/3672/3672 3680/3675/3675 3642/3652/3652
f 3640/3650/3650 3642/3652/3652 3680/3675/3675
f 3664/3637/3637 3679/3625/3625 3660/3666/3666
f 3660/3666/3666 3679/3625/3625 3638/3647/3647
