# Blender 5.1.2
# www.blender.org
o Rock001
v 0.087595 0.120187 -0.109815
v 0.100934 -0.084500 -0.090882
v 0.070886 0.083613 0.113772
v 0.101184 -0.100768 0.118755
v -0.129423 0.125292 -0.114278
v -0.128268 -0.107167 -0.132248
v -0.084543 0.095612 0.081366
v -0.145890 -0.123539 0.115110
v -0.139484 -0.138787 0.006436
v -0.006208 -0.125546 -0.134349
v 0.108471 0.013270 -0.110336
v -0.145086 0.006588 0.140753
v 0.105723 -0.014355 0.118610
v -0.136724 -0.001670 -0.131984
v -0.005092 0.109848 0.118132
v 0.141682 0.174444 0.026451
v 0.012497 -0.129538 0.158059
v -0.143976 0.148905 0.025054
v 0.029784 0.075856 -0.144948
v 0.140424 -0.124989 0.002218
v 0.001992 0.182725 -0.006066
v 0.010504 0.001251 0.182136
v -0.195812 0.021301 -0.044085
v -0.029035 -0.161796 0.017797
v 0.180056 0.003851 0.009389
v 0.005662 -0.023033 -0.178996
v -0.152434 -0.131855 -0.082154
v -0.133188 -0.122884 0.072077
v 0.055746 -0.103634 -0.114429
v -0.059805 -0.118210 -0.135582
v 0.116598 0.075694 -0.124831
v 0.110895 -0.041985 -0.098028
v -0.144137 -0.081706 0.099747
v -0.089870 0.078270 0.093214
v 0.073586 0.074035 0.111879
v 0.120486 -0.080597 0.130626
v -0.135770 0.060908 -0.119992
v -0.131882 -0.061110 -0.121450
v 0.068548 0.083157 0.111542
v -0.053276 0.117894 0.087616
v 0.133506 0.130081 -0.038459
v 0.086236 0.114621 0.093217
v -0.076834 -0.144812 0.137187
v 0.060154 -0.130604 0.153836
v -0.136374 0.134440 0.057519
v -0.148184 0.163132 -0.031692
v -0.028196 0.065794 -0.117618
v 0.065234 0.105873 -0.108756
v 0.116306 -0.109588 0.075137
v 0.108457 -0.099117 -0.064185
v 0.007451 0.144830 -0.085497
v -0.090599 0.162950 -0.004407
v -0.007909 0.124978 0.066823
v 0.090971 0.184965 -0.000949
v 0.073255 0.001723 0.132322
v 0.028537 0.056652 0.171427
v -0.066722 0.002423 0.162930
v -0.000457 -0.074009 0.171412
v -0.145092 -0.003917 0.048892
v -0.160073 0.080654 -0.010314
v -0.154835 -0.004800 -0.085057
v -0.172450 -0.066474 -0.025261
v -0.002980 -0.128344 -0.066886
v 0.071236 -0.146914 0.002448
v -0.006671 -0.162986 0.092560
v -0.073227 -0.142970 0.008990
v 0.140123 0.012027 -0.072633
v 0.137896 0.077535 0.027697
v 0.147119 0.040097 0.083677
v 0.158224 -0.066114 0.011457
v -0.052242 -0.008608 -0.140454
v 0.013624 0.014439 -0.165838
v 0.038422 -0.031236 -0.145412
v 0.005798 -0.073782 -0.172062
v 0.035640 -0.047750 -0.135399
v 0.060251 0.040768 -0.148247
v -0.037038 0.044095 -0.121498
v -0.053527 -0.063119 -0.143685
v 0.139080 -0.062449 0.086751
v 0.105072 0.096257 0.095359
v 0.144179 0.089086 -0.058854
v 0.133294 -0.052058 -0.071349
v -0.074130 -0.144675 0.076893
v 0.052946 -0.163604 0.094590
v 0.063806 -0.128465 -0.071298
v -0.072048 -0.136437 -0.072849
v -0.167386 -0.091939 -0.096437
v -0.158856 0.085583 -0.051055
v -0.140051 0.072877 0.078788
v -0.140556 -0.067747 0.061985
v -0.069787 -0.070516 0.145685
v -0.046881 0.076601 0.144018
v 0.069244 0.068206 0.122318
v 0.074100 -0.069034 0.136873
v 0.060649 0.116504 0.070822
v -0.067284 0.129003 0.051760
v -0.070942 0.130762 -0.060083
v 0.082496 0.133158 -0.081498
v -0.152880 -0.140612 -0.045067
v -0.143769 -0.119526 0.096121
v 0.024852 -0.115379 -0.121742
v -0.098071 -0.117343 -0.127626
v 0.118144 0.046361 -0.131982
v 0.107907 -0.065657 -0.091421
v -0.155532 -0.022747 0.132926
v -0.085454 0.087361 0.085569
v 0.110141 0.035382 0.123949
v 0.115732 -0.090273 0.120715
v -0.134917 0.028870 -0.125324
v -0.131691 -0.083143 -0.128308
v 0.043645 0.089973 0.116168
v -0.077672 0.092854 0.082499
v 0.142466 0.148819 -0.000151
v 0.072900 0.088541 0.110619
v -0.033763 -0.127662 0.153155
v 0.086216 -0.119505 0.132168
v -0.141798 0.148176 0.043320
v -0.143363 0.141144 -0.083992
v -0.024003 0.043946 -0.118522
v 0.074859 0.114881 -0.106835
v 0.134799 -0.128467 0.044645
v 0.103209 -0.089761 -0.082351
v 0.014525 0.149245 -0.039747
v -0.068029 0.155233 0.004228
v 0.001086 0.175453 0.030528
v 0.060664 0.183898 -0.005606
v 0.041148 0.005310 0.152060
v 0.018621 0.031521 0.182208
v -0.029502 0.001868 0.178834
v 0.005873 -0.035775 0.171921
v -0.198411 0.012479 -0.005927
v -0.181903 0.055294 -0.033442
v -0.173614 0.011288 -0.065762
v -0.187694 -0.018606 -0.061367
v -0.012303 -0.158207 -0.036271
v 0.010009 -0.174104 -0.001147
v -0.007741 -0.160934 0.047733
v -0.047981 -0.147366 0.016393
v 0.162053 0.012662 -0.039790
v 0.133571 0.049333 0.020860
v 0.138149 0.041686 0.020339
v 0.183018 -0.028845 0.026454
v -0.039954 -0.011016 -0.137761
v 0.011005 -0.006003 -0.176317
v 0.027601 -0.027497 -0.176198
v -0.002489 -0.047737 -0.180074
v -0.141261 -0.118151 -0.123990
v -0.134834 -0.132136 0.044232
v 0.083988 -0.092211 -0.101900
v -0.033546 -0.110098 -0.127375
v 0.107130 0.108814 -0.124205
v 0.103278 0.005676 -0.107264
v -0.152191 -0.112979 0.108400
v -0.137831 0.034631 0.128704
v 0.070781 0.080791 0.113807
v 0.112110 -0.057017 0.133000
v -0.136135 0.097813 -0.118378
v -0.133987 -0.035345 -0.123825
v 0.070922 0.084299 0.112996
v -0.036712 0.128191 0.119053
v 0.098066 0.124138 -0.098174
v 0.133985 0.183351 0.043253
v -0.115171 -0.141801 0.119979
v 0.040620 -0.136233 0.160499
v -0.105214 0.117550 0.073675
v -0.144027 0.151469 0.001572
v -0.089037 0.107882 -0.126330
v 0.047842 0.090218 -0.127837
v 0.104273 -0.095034 0.106464
v 0.129037 -0.115930 -0.036067
v 0.030272 0.105460 -0.124765
v -0.130715 0.171243 0.012384
v -0.019109 0.115481 0.089736
v 0.112948 0.186709 0.010070
v 0.091486 -0.009763 0.122269
v 0.017947 0.080070 0.143058
v -0.116560 -0.007069 0.158503
v 0.001778 -0.107092 0.170482
v -0.146346 0.002024 0.105862
v -0.151329 0.108414 0.021122
v -0.147395 -0.009355 -0.107560
v -0.155118 -0.112450 0.000284
v -0.004648 -0.128715 -0.104591
v 0.108796 -0.139951 0.005178
v -0.000645 -0.146296 0.138385
v -0.107339 -0.143300 0.008121
v 0.122562 0.015638 -0.097881
v 0.160123 0.134367 0.027213
v 0.126298 0.014726 0.110900
v 0.149138 -0.095436 0.002015
v -0.109576 -0.000103 -0.146115
v 0.018866 0.049420 -0.150916
v 0.077613 -0.000096 -0.118770
v 0.021295 -0.108708 -0.162512
v 0.072703 -0.037976 -0.114085
v 0.016725 -0.056508 -0.148948
v 0.054654 -0.079475 -0.123917
v 0.035057 -0.037555 -0.135725
v 0.090199 0.063446 -0.138097
v 0.038046 0.020752 -0.159703
v 0.050929 0.003615 -0.153131
v 0.068482 0.082405 -0.141464
v -0.031336 0.030839 -0.123695
v -0.100435 0.058539 -0.135686
v -0.046733 0.019091 -0.131894
v -0.030702 0.054200 -0.117950
v -0.038599 -0.067952 -0.146194
v -0.100643 -0.066061 -0.136057
v -0.055284 -0.094677 -0.142118
v -0.053053 -0.036309 -0.143241
v 0.125401 -0.072304 0.120940
v 0.155158 -0.066985 0.047326
v 0.135328 -0.090447 0.078196
v 0.139545 -0.016894 0.081149
v 0.077336 0.079183 0.109819
v 0.161160 0.127136 0.067558
v 0.138726 0.081102 0.094619
v 0.091711 0.106101 0.097777
v 0.151555 0.091458 -0.015111
v 0.129008 0.081982 -0.097209
v 0.154472 0.053531 -0.068041
v 0.135154 0.116262 -0.049211
v 0.140609 -0.060435 -0.033331
v 0.126168 -0.043896 -0.089908
v 0.119452 -0.078167 -0.067708
v 0.143905 -0.004715 -0.073195
v -0.078762 -0.157137 0.105324
v -0.071860 -0.140136 0.045812
v -0.110434 -0.137686 0.072689
v -0.035242 -0.144789 0.091107
v 0.045630 -0.152134 0.137207
v 0.070284 -0.154367 0.052168
v 0.020962 -0.173174 0.094508
v 0.078313 -0.140869 0.085196
v 0.065712 -0.136830 -0.037584
v 0.061299 -0.118635 -0.096754
v 0.032792 -0.138359 -0.066455
v 0.087598 -0.112027 -0.067241
v -0.072518 -0.143177 -0.033387
v -0.067352 -0.127362 -0.111016
v -0.114656 -0.138100 -0.072288
v -0.031527 -0.135152 -0.076038
v -0.154885 -0.068156 -0.116635
v -0.172578 -0.080836 -0.055100
v -0.164897 -0.115833 -0.084182
v -0.162343 -0.051607 -0.098679
v -0.153963 0.067114 -0.088055
v -0.156898 0.111704 -0.041418
v -0.155735 0.037757 -0.065103
v -0.159644 0.137111 -0.045620
v -0.141520 0.054022 0.034891
v -0.114216 0.079496 0.095547
v -0.144889 0.025773 0.057650
v -0.133323 0.109380 0.068025
v -0.162332 -0.069357 0.022673
v -0.141584 -0.074082 0.069983
v -0.143248 -0.104519 0.066939
v -0.146453 -0.022746 0.051559
v -0.106462 -0.075991 0.124969
v -0.035640 -0.069508 0.163377
v -0.068927 -0.108491 0.144562
v -0.067649 -0.030019 0.152197
v -0.086481 0.074577 0.099368
v -0.007652 0.065739 0.172688
v -0.062679 0.033948 0.158560
v -0.041575 0.108741 0.143550
v 0.055906 0.059698 0.154970
v 0.070887 0.070965 0.112576
v 0.068935 0.031802 0.134338
v 0.068738 0.078006 0.116238
v 0.035639 -0.071493 0.157619
v 0.106400 -0.075068 0.134612
v 0.064491 -0.104967 0.146273
v 0.076410 -0.029873 0.125996
v 0.069367 0.098466 0.098415
v 0.075198 0.148198 0.032174
v 0.082831 0.117281 0.084338
v 0.023849 0.113037 0.062820
v -0.053715 0.117362 0.068450
v -0.114820 0.176029 0.033044
v -0.051664 0.123707 0.059004
v -0.117155 0.140026 0.060609
v -0.079515 0.142515 -0.019132
v -0.042479 0.105969 -0.086297
v -0.045095 0.114668 -0.078820
v -0.099006 0.154066 -0.046897
v 0.081385 0.172505 -0.034939
v 0.070984 0.111124 -0.100232
v 0.114532 0.141200 -0.048524
v 0.063415 0.125480 -0.098311
v 0.059037 0.102949 -0.109114
v 0.082213 0.119562 -0.098350
v 0.114116 0.178286 -0.016459
v -0.093103 0.134217 -0.093330
v -0.024828 0.093171 -0.100686
v -0.062213 0.151713 -0.045586
v -0.132907 0.168397 0.033850
v -0.066463 0.156833 0.025875
v -0.040441 0.117656 0.077285
v 0.040524 0.148334 0.027895
v 0.114928 0.168539 0.040934
v 0.073862 0.091717 0.107346
v 0.100635 -0.045195 0.131044
v 0.097564 -0.098269 0.128299
v 0.035830 -0.108859 0.166356
v 0.070612 0.080285 0.114641
v 0.091661 0.031103 0.126047
v 0.046808 0.033476 0.161414
v -0.016040 0.107502 0.151400
v -0.019273 0.034708 0.182061
v -0.124268 0.017434 0.151952
v -0.032177 -0.033718 0.170793
v -0.032942 -0.101132 0.160554
v -0.109586 -0.116988 0.126556
v -0.148446 -0.034585 0.101258
v -0.153965 -0.107350 0.086362
v -0.147194 -0.108471 0.039608
v -0.107627 0.101815 0.082660
v -0.138188 0.040127 0.105738
v -0.147322 0.032337 0.033884
v -0.149394 0.140731 -0.013308
v -0.169223 0.055682 -0.049268
v -0.147402 0.029552 -0.095220
v -0.173993 -0.040937 -0.081643
v -0.165858 -0.118047 -0.043320
v -0.152810 -0.088165 -0.128490
v -0.029887 -0.117052 -0.111276
v -0.107308 -0.128212 -0.104781
v -0.113636 -0.144796 -0.035316
v 0.085984 -0.103965 -0.090359
v 0.030856 -0.126157 -0.097294
v 0.027067 -0.151374 -0.042608
v 0.106102 -0.141966 0.051960
v 0.036834 -0.171363 0.031597
v 0.032985 -0.149158 0.141615
v -0.036998 -0.139519 0.056057
v -0.107561 -0.140721 0.042713
v -0.119043 -0.141942 0.096809
v 0.124477 0.004423 -0.097255
v 0.116234 -0.069752 -0.083427
v 0.132569 -0.087245 -0.035538
v 0.116945 0.113551 -0.102149
v 0.137702 0.050047 -0.104471
v 0.157659 0.044581 -0.019571
v 0.159443 0.170892 0.055498
v 0.146311 0.069061 0.038525
v 0.125177 0.058498 0.115429
v 0.163324 -0.018820 0.050488
v 0.150078 -0.102178 0.043261
v 0.122763 -0.084020 0.111124
v -0.106063 -0.033526 -0.142465
v -0.098072 -0.094661 -0.133336
v -0.034868 -0.101421 -0.135651
v -0.093430 0.084286 -0.133551
v -0.105523 0.029837 -0.140579
v -0.037911 0.008706 -0.131727
v 0.044003 0.063208 -0.150963
v 0.030261 -0.004752 -0.173715
v 0.083314 0.031870 -0.139404
v 0.017539 -0.049743 -0.158528
v 0.027539 -0.084476 -0.144732
v 0.082475 -0.069162 -0.106174
v 0.067909 -0.010685 -0.115170
v 0.090614 0.100921 -0.131848
v -0.028693 0.036852 -0.120260
v -0.040406 -0.038377 -0.142921
v 0.117594 -0.038451 0.115668
v 0.072439 0.083790 0.110455
v 0.142909 0.125319 -0.018545
v 0.164027 -0.025656 -0.029451
v -0.043495 -0.155191 0.127115
v 0.083368 -0.122561 0.116741
v 0.097851 -0.126215 -0.034588
v -0.040654 -0.147786 -0.033494
v -0.151504 -0.045671 -0.109503
v -0.158055 0.109317 -0.084564
v -0.141541 0.108700 0.050643
v -0.188895 -0.023247 -0.009682
v -0.116539 -0.031151 0.147014
v -0.081098 0.084711 0.088148
v 0.060654 0.077546 0.129022
v 0.042712 -0.030598 0.143417
v 0.032706 0.105181 0.085223
v -0.077581 0.111575 0.070102
v -0.114789 0.162970 -0.009902
v 0.033545 0.158266 -0.037944
v -0.146180 -0.139688 -0.019310
v -0.144900 -0.121618 0.105627
v 0.010918 -0.121284 -0.128668
v -0.113349 -0.114912 -0.126761
v 0.115352 0.024778 -0.123171
v 0.104345 -0.075045 -0.091062
v -0.154196 -0.001603 0.137013
v -0.085202 0.090906 0.084421
v 0.105975 0.010911 0.117361
v 0.108823 -0.096058 0.119597
v -0.135854 0.013618 -0.128693
v -0.129948 -0.094513 -0.130813
v 0.017604 0.098578 0.113365
v -0.081056 0.093143 0.081793
v 0.145213 0.148661 0.015250
v 0.071649 0.085825 0.112172
v -0.011301 -0.123013 0.156336
v 0.093442 -0.109915 0.125382
v -0.142677 0.150405 0.035257
v -0.136415 0.133244 -0.099145
v -0.016509 0.064906 -0.131633
v 0.080133 0.117250 -0.107840
v 0.137565 -0.126679 0.023420
v 0.102064 -0.087130 -0.086638
v 0.012510 0.155624 -0.032368
v -0.031321 0.183659 -0.001652
v 0.001004 0.180484 0.013505
v 0.034218 0.174744 -0.011595
v 0.027610 0.002848 0.168635
v 0.014669 0.016491 0.182041
v -0.009527 0.001280 0.182001
v 0.008398 -0.017460 0.177165
v -0.197321 0.017028 -0.024884
v -0.188726 0.036283 -0.035378
v -0.184703 0.016276 -0.054906
v -0.191744 0.001360 -0.052719
v -0.025188 -0.164055 -0.009624
v -0.014275 -0.170179 0.010531
v -0.020307 -0.158942 0.037607
v -0.038607 -0.153296 0.018657
v 0.170185 0.012405 -0.014390
v 0.141116 0.038728 0.011353
v 0.149064 0.034504 0.015518
v 0.181919 -0.013025 0.018125
v -0.035186 -0.017843 -0.149513
v 0.010486 -0.014928 -0.176566
v 0.018130 -0.025583 -0.176115
v -0.002960 -0.034872 -0.178094
v -0.146491 -0.128213 -0.106697
v -0.134010 -0.127516 0.058161
v 0.069894 -0.097947 -0.108264
v -0.036426 -0.110173 -0.129217
v 0.112350 0.092247 -0.124921
v 0.109616 -0.024292 -0.106976
v -0.148174 -0.097233 0.104733
v -0.104623 0.065215 0.108643
v 0.070791 0.076573 0.111237
v 0.116212 -0.068838 0.131758
v -0.135957 0.079363 -0.119189
v -0.132963 -0.047879 -0.121700
v 0.069707 0.083735 0.112226
v -0.045441 0.125858 0.104022
v 0.118300 0.135049 -0.069813
v 0.124291 0.146665 0.072016
v -0.094160 -0.144144 0.127475
v 0.049901 -0.133497 0.157589
v -0.127830 0.127948 0.066071
v -0.144223 0.160487 -0.013214
v -0.054280 0.092084 -0.128531
v 0.057272 0.099356 -0.117611
v 0.110419 -0.102401 0.090903
v 0.118728 -0.107498 -0.050092
v 0.020215 0.120437 -0.113969
v -0.118101 0.170074 0.004384
v -0.016445 0.115660 0.076170
v 0.101754 0.184960 0.004111
v 0.082708 -0.004065 0.128188
v 0.023417 0.069079 0.158514
v -0.088219 -0.001527 0.160251
v -0.001201 -0.092315 0.171451
v -0.148195 -0.005073 0.060084
v -0.153464 0.093408 0.005062
v -0.151096 -0.007064 -0.096277
v -0.164350 -0.089590 -0.012327
v -0.008246 -0.127342 -0.079833
v 0.090579 -0.140484 0.006155
v -0.005738 -0.155559 0.117914
v -0.089812 -0.144176 0.006829
v 0.131327 0.013823 -0.085260
v 0.148696 0.111702 0.028675
v 0.139291 0.026907 0.099146
v 0.153624 -0.080746 0.006732
v -0.082757 -0.002164 -0.149136
v 0.013630 0.032691 -0.158598
v 0.062274 -0.012647 -0.129946
v 0.012020 -0.088582 -0.166952
v 0.093312 -0.042931 -0.104558
v 0.021506 -0.052238 -0.142536
v 0.055676 -0.092175 -0.118872
v 0.034524 -0.042006 -0.135572
v 0.103073 0.069506 -0.130829
v 0.049167 0.030731 -0.153973
v 0.047888 -0.013604 -0.147189
v 0.064578 0.061435 -0.145176
v -0.030419 0.016938 -0.133265
v -0.072468 0.051705 -0.138775
v -0.049727 0.004729 -0.136221
v -0.033345 0.049462 -0.118920
v -0.019949 -0.083741 -0.162752
v -0.073803 -0.065262 -0.143228
v -0.057442 -0.106313 -0.139250
v -0.053029 -0.049065 -0.143307
v 0.123114 -0.076441 0.125863
v 0.148130 -0.065044 0.067512
v 0.125878 -0.100079 0.076684
v 0.138348 -0.039689 0.083377
v 0.075042 0.076720 0.111962
v 0.133130 0.110251 0.086069
v 0.143822 0.060467 0.089324
v 0.098009 0.101317 0.096786
v 0.140047 0.089799 0.019321
v 0.136941 0.085642 -0.078155
v 0.151858 0.030351 -0.071168
v 0.137934 0.105548 -0.058446
v 0.149290 -0.063250 -0.010868
v 0.129785 -0.048004 -0.080668
v 0.113816 -0.088569 -0.065879
v 0.140510 -0.035149 -0.072964
v -0.077413 -0.151485 0.120942
v -0.072395 -0.141468 0.061595
v -0.121792 -0.130286 0.072375
v -0.054148 -0.143427 0.084989
v 0.058943 -0.135921 0.145490
v 0.058712 -0.158967 0.077178
v 0.006775 -0.170844 0.090873
v 0.059444 -0.157237 0.089559
v 0.067010 -0.142907 -0.017382
v 0.062510 -0.123555 -0.084068
v 0.012577 -0.135792 -0.062964
v 0.075860 -0.120509 -0.069358
v -0.073022 -0.143696 -0.012846
v -0.069821 -0.132039 -0.091893
v -0.133699 -0.134749 -0.075404
v -0.053668 -0.136682 -0.073614
v -0.143445 -0.062672 -0.118509
v -0.170126 -0.086837 -0.072506
v -0.158602 -0.123851 -0.083142
v -0.164735 -0.067068 -0.101397
v -0.144999 0.064004 -0.104109
v -0.157410 0.100461 -0.045544
v -0.155309 0.016477 -0.075093
v -0.159054 0.114529 -0.050765
v -0.142205 0.058809 0.027938
v -0.133953 0.077709 0.086770
v -0.144538 0.007522 0.046288
v -0.135907 0.090967 0.073334
v -0.167900 -0.068248 -0.001536
v -0.140534 -0.070759 0.065594
v -0.138610 -0.114997 0.069294
v -0.144533 -0.047819 0.055558
v -0.125400 -0.078917 0.113457
v -0.053049 -0.069881 0.155227
v -0.073162 -0.125528 0.140651
v -0.068504 -0.050293 0.148551
v -0.087560 0.076247 0.095524
v -0.028375 0.071462 0.163549
v -0.064501 0.018302 0.160104
v -0.041531 0.095800 0.148197
v 0.042123 0.057934 0.163185
v 0.069039 0.069383 0.116614
v 0.070835 0.016752 0.132723
v 0.068866 0.073738 0.118968
v 0.018329 -0.072548 0.166581
v 0.090042 -0.071909 0.135889
v 0.062492 -0.117680 0.150775
v 0.075150 -0.049488 0.131128
v 0.069354 0.089393 0.106326
v 0.069184 0.132906 0.050847
v 0.084404 0.116316 0.088965
v 0.041283 0.114419 0.066269
v -0.052223 0.116068 0.075532
v -0.102324 0.158010 0.042642
v -0.034270 0.122022 0.065993
v -0.082819 0.137354 0.045986
v -0.080377 0.151131 -0.007609
v -0.053554 0.113302 -0.077213
v -0.032916 0.114877 -0.089468
v -0.079955 0.140764 -0.048652
v 0.086090 0.179265 -0.018165
v 0.076202 0.117334 -0.093700
v 0.125292 0.133923 -0.040886
v 0.072570 0.125900 -0.090751
v -0.152864 -0.135787 -0.060859
v -0.138548 -0.121262 0.084049
v 0.040221 -0.109375 -0.117988
v -0.079280 -0.118888 -0.131651
v 0.117223 0.061099 -0.128368
v 0.109435 -0.053819 -0.094741
v -0.141345 -0.056797 0.116899
v -0.086930 0.081693 0.088324
v 0.095349 0.057598 0.122772
v 0.117992 -0.085352 0.125632
v -0.135318 0.044857 -0.122658
v -0.131858 -0.071681 -0.123935
v 0.059482 0.084420 0.111924
v -0.065396 0.106219 0.082494
v 0.133594 0.149631 -0.024366
v 0.079975 0.102032 0.102717
v -0.060006 -0.139298 0.147212
v 0.072800 -0.125011 0.143134
v -0.140222 0.142134 0.049707
v -0.146469 0.150526 -0.059631
v -0.024821 0.053667 -0.115788
v 0.069497 0.109439 -0.106828
v 0.125447 -0.118914 0.059800
v 0.105912 -0.094502 -0.073373
v 0.011711 0.146212 -0.047569
v -0.074674 0.152904 -0.001824
v -0.002282 0.156824 0.046598
v 0.076483 0.185524 -0.002528
v 0.056346 0.003519 0.140506
v 0.023727 0.044156 0.177524
v -0.047963 0.002372 0.169794
v 0.002600 -0.054888 0.171981
v -0.154008 0.005664 0.039674
v -0.167225 0.077134 -0.029383
v -0.164209 0.003239 -0.075398
v -0.180381 -0.042669 -0.043345
v 0.002572 -0.134225 -0.058109
v 0.044309 -0.163401 -0.006024
v -0.002936 -0.164567 0.063273
v -0.059211 -0.143358 0.013097
v 0.149905 0.011398 -0.058467
v 0.133438 0.056396 0.024481
v 0.152323 0.038496 0.060345
v 0.170668 -0.047551 0.018968
v -0.043543 -0.008485 -0.136361
v 0.010877 0.004859 -0.172098
v 0.029600 -0.036119 -0.158305
v 0.008197 -0.061434 -0.176486
v -0.134709 -0.110902 -0.129394
v -0.137141 -0.135440 0.025324
v 0.092422 -0.088340 -0.096340
v -0.030446 -0.113272 -0.126718
v 0.098349 0.116660 -0.117214
v 0.104187 0.010535 -0.107017
v -0.149022 -0.118200 0.111710
v -0.138301 0.016324 0.134648
v 0.071062 0.082250 0.113951
v 0.108733 -0.035294 0.127477
v -0.132796 0.111559 -0.116314
v -0.135303 -0.019632 -0.128598
v 0.070900 0.083977 0.113350
v -0.017759 0.117510 0.126915
v 0.092192 0.121509 -0.103895
v 0.135861 0.181202 0.032613
v -0.130470 -0.132666 0.117517
v 0.029308 -0.135139 0.157716
v -0.089312 0.103500 0.078635
v -0.145580 0.147062 0.012571
v -0.109393 0.116543 -0.120545
v 0.041175 0.084607 -0.134775
v 0.102832 -0.098058 0.112631
v 0.134685 -0.120459 -0.016908
v 0.030941 0.090394 -0.135175
v -0.139741 0.162416 0.020475
v -0.013181 0.115918 0.102027
v 0.127198 0.179455 0.020701
v 0.098480 -0.012067 0.120012
v 0.005501 0.094623 0.128975
v -0.136261 -0.001656 0.150104
v 0.008154 -0.117212 0.164597
v -0.143085 0.004537 0.122678
v -0.150470 0.127387 0.021990
v -0.142063 -0.005511 -0.119776
v -0.147099 -0.125520 0.003318
v -0.005718 -0.126751 -0.119895
v 0.124598 -0.132665 0.003628
v 0.008189 -0.135509 0.147124
v -0.123389 -0.140939 0.007287
v 0.114733 0.015559 -0.103954
v 0.156918 0.153455 0.025976
v 0.115666 -0.000017 0.114026
v 0.145033 -0.110273 0.002090
v -0.123130 -0.000900 -0.138982
v 0.022850 0.061801 -0.147973
v 0.095041 0.008027 -0.113838
v 0.010826 -0.122481 -0.147572
v 0.057519 -0.039995 -0.124287
v 0.013288 -0.061444 -0.156100
v 0.042407 -0.060111 -0.134371
v 0.036177 -0.034828 -0.139265
v 0.075363 0.052128 -0.143582
v 0.026633 0.017222 -0.163331
v 0.055597 0.022834 -0.151630
v 0.059925 0.096785 -0.120727
v -0.031942 0.039456 -0.119892
v -0.118078 0.059698 -0.127802
v -0.041626 0.033709 -0.125817
v -0.029529 0.058764 -0.117786
v -0.044898 -0.063598 -0.142736
v -0.116293 -0.066560 -0.126624
v -0.054463 -0.077757 -0.143118
v -0.052718 -0.022818 -0.141810
v 0.132257 -0.067487 0.103885
v 0.156442 -0.066484 0.029328
v 0.138144 -0.076694 0.082841
v 0.141946 0.011731 0.081941
v 0.092024 0.088007 0.103503
v 0.149158 0.107226 0.039444
v 0.122089 0.088408 0.094562
v 0.089086 0.110245 0.095596
v 0.148902 0.090031 -0.038314
v 0.122725 0.078871 -0.110986
v 0.149199 0.071291 -0.063462
v 0.136472 0.122357 -0.043607
v 0.137076 -0.056335 -0.052369
v 0.118470 -0.042879 -0.093812
v 0.126407 -0.065143 -0.069532
v 0.138327 0.007979 -0.072128
v -0.076787 -0.151681 0.090635
v -0.072716 -0.141115 0.028181
v -0.092937 -0.142421 0.073984
v -0.019797 -0.152072 0.092572
v 0.050950 -0.155320 0.117909
v 0.062855 -0.166087 0.017949
v 0.035636 -0.168683 0.095697
v 0.103210 -0.120167 0.080491
v 0.063889 -0.132199 -0.053796
v 0.058496 -0.111123 -0.105558
v 0.048724 -0.132784 -0.069828
v 0.098077 -0.105682 -0.065793
v -0.072286 -0.139841 -0.053112
v -0.063679 -0.122879 -0.123518
v -0.093356 -0.137270 -0.072564
v -0.010368 -0.126142 -0.072912
v -0.160894 -0.075600 -0.111145
v -0.172460 -0.073430 -0.038743
v -0.165908 -0.104998 -0.093844
v -0.159197 -0.030923 -0.085669
v -0.157618 0.071862 -0.069303
v -0.157798 0.105173 -0.034412
v -0.157202 0.061400 -0.058980
v -0.154033 0.152488 -0.038562
v -0.145621 0.067865 0.059546
v -0.096327 0.077714 0.094737
v -0.144712 0.045290 0.073377
v -0.133476 0.120859 0.063972
v -0.146949 -0.064457 0.052816
v -0.143506 -0.078191 0.080095
v -0.141601 -0.080722 0.064925
v -0.145510 -0.012783 0.051268
v -0.087821 -0.073064 0.134909
v -0.017947 -0.071714 0.167012
v -0.069839 -0.090281 0.146007
v -0.066969 -0.013674 0.156811
v -0.079206 0.074606 0.109577
v 0.010325 0.060191 0.170139
v -0.055684 0.055243 0.152689
v -0.048886 0.114791 0.124158
v 0.065048 0.064148 0.136818
v 0.072307 0.072701 0.112520
v 0.069788 0.051062 0.129787
v 0.068767 0.080803 0.114595
v 0.053864 -0.070660 0.145474
v 0.113424 -0.077822 0.132502
v 0.068789 -0.087122 0.140993
v 0.074601 -0.014064 0.128900
v 0.064003 0.109579 0.083922
v 0.083265 0.165115 0.015106
v 0.072330 0.116920 0.077221
v 0.008138 0.121316 0.064416
v -0.059493 0.122047 0.060604
v -0.114471 0.173820 0.014562
v -0.058663 0.122782 0.055497
v -0.131099 0.138319 0.059648
v -0.076649 0.137881 -0.035710
v -0.034724 0.097648 -0.099458
v -0.057365 0.120633 -0.071341
v -0.133466 0.162168 -0.041294
v 0.083575 0.159917 -0.056385
v 0.068291 0.107597 -0.103220
v 0.094548 0.141194 -0.069613
v 0.026391 0.145872 -0.081997
v 0.062712 0.107347 -0.102471
v 0.054705 0.098228 -0.116781
v 0.065234 0.105770 -0.102979
v 0.050997 0.099405 -0.116933
v 0.094899 0.132165 -0.084583
v 0.078051 0.116075 -0.102183
v 0.088774 0.121923 -0.097917
v 0.075442 0.114210 -0.098960
v 0.114801 0.182093 -0.001483
v 0.113277 0.161254 -0.036144
v 0.128374 0.167652 -0.000208
v 0.098230 0.175848 -0.027061
v -0.098832 0.142582 -0.074357
v -0.091776 0.122722 -0.109693
v -0.059066 0.116110 -0.083750
v -0.122870 0.138834 -0.091660
v -0.033923 0.104221 -0.086803
v -0.020484 0.068338 -0.115022
v -0.015756 0.086457 -0.115007
v -0.033474 0.100261 -0.091159
v -0.068011 0.156098 -0.011703
v -0.057524 0.132956 -0.065729
v -0.005948 0.155170 -0.039326
v -0.075105 0.141130 -0.030768
v -0.133912 0.157521 0.045009
v -0.133300 0.172887 0.025027
v -0.124860 0.174080 0.033295
v -0.138474 0.159083 0.037646
v -0.063705 0.139071 0.044330
v -0.065603 0.155882 0.014487
v -0.029158 0.177851 0.032982
v -0.072150 0.150793 0.023805
v -0.040846 0.121957 0.087803
v -0.045369 0.119641 0.067813
v -0.031458 0.117303 0.087410
v -0.047488 0.117225 0.072746
v 0.033335 0.130987 0.046502
v 0.051821 0.165669 0.007937
v 0.056844 0.148395 0.029607
v 0.020294 0.161198 0.028223
v 0.107661 0.142277 0.064844
v 0.112627 0.175962 0.025073
v 0.124892 0.176177 0.042376
v 0.097423 0.154308 0.038421
v 0.072122 0.087608 0.110571
v 0.079000 0.105857 0.096081
v 0.073231 0.090394 0.109337
v 0.072198 0.094592 0.103045
v 0.088517 -0.038043 0.126725
v 0.106212 -0.050950 0.133972
v 0.103372 -0.059917 0.134215
v 0.095476 -0.028322 0.123888
v 0.080856 -0.101652 0.136996
v 0.106278 -0.093958 0.124138
v 0.092182 -0.108969 0.130728
v 0.101817 -0.086493 0.130894
v 0.020891 -0.108977 0.167578
v 0.049115 -0.107059 0.157812
v 0.039862 -0.122520 0.162553
v 0.033582 -0.090221 0.163724
v 0.069779 0.079382 0.115846
v 0.070584 0.080483 0.114080
v 0.069733 0.075345 0.112817
v 0.070909 0.082372 0.114170
v 0.080285 0.031626 0.130175
v 0.100994 0.033266 0.125210
v 0.091409 0.010579 0.123988
v 0.082378 0.054683 0.120622
v 0.032990 0.032578 0.172084
v 0.055857 0.032932 0.146424
v 0.042822 0.019980 0.155527
v 0.051537 0.046490 0.158645
v -0.024533 0.114201 0.155894
v -0.004002 0.091614 0.140551
v -0.015819 0.085528 0.156873
v -0.018239 0.119276 0.146252
v -0.040684 0.034016 0.171824
v -0.000170 0.033363 0.183424
v -0.024032 0.017767 0.178774
v -0.013392 0.050489 0.180765
v -0.134101 0.024240 0.140527
v -0.091248 0.029003 0.155059
v -0.118802 0.005873 0.155397
v -0.107944 0.053197 0.129270
v -0.050167 -0.031988 0.161500
v -0.013300 -0.035098 0.174071
v -0.033954 -0.051688 0.166561
v -0.030409 -0.015783 0.174173
v -0.051279 -0.105876 0.152484
v -0.016010 -0.102176 0.165871
v -0.031830 -0.112053 0.155916
v -0.034990 -0.087318 0.161782
v -0.131034 -0.114931 0.117692
v -0.088821 -0.112842 0.134714
v -0.112203 -0.129306 0.122552
v -0.108854 -0.096397 0.127224
v -0.147557 -0.028371 0.057772
v -0.146625 -0.030969 0.115442
v -0.146231 -0.060715 0.079368
v -0.148640 -0.015767 0.103125
v -0.148296 -0.104583 0.076164
v -0.153202 -0.110772 0.097665
v -0.148880 -0.113717 0.091532
v -0.148055 -0.086826 0.076897
v -0.151121 -0.110376 0.019956
v -0.145534 -0.107353 0.053465
v -0.141559 -0.120570 0.042000
v -0.154601 -0.088756 0.030993
v -0.127643 0.108901 0.073990
v -0.090482 0.090499 0.085351
v -0.107399 0.088928 0.089144
v -0.103916 0.107332 0.079705
v -0.142103 0.031845 0.080841
v -0.136465 0.037371 0.117223
v -0.142387 0.020952 0.105107
v -0.127740 0.061274 0.100085
v -0.179118 0.044620 -0.015350
v -0.141774 0.026443 0.037741
v -0.182050 0.022998 0.005962
v -0.140546 0.040468 0.033553
v -0.150547 0.147242 -0.026312
v -0.153495 0.123990 -0.004058
v -0.152053 0.135348 -0.028402
v -0.147080 0.145533 -0.004847
v -0.162357 0.045820 -0.055556
v -0.175373 0.057012 -0.042218
v -0.172080 0.029385 -0.054276
v -0.163826 0.079666 -0.042570
v -0.141735 0.029247 -0.110536
v -0.151529 0.033659 -0.080140
v -0.147916 0.010154 -0.101576
v -0.150588 0.048349 -0.091601
v -0.168342 -0.047938 -0.089402
v -0.180823 -0.029378 -0.070167
v -0.172463 -0.062929 -0.074713
v -0.174162 -0.014312 -0.072572
v -0.165735 -0.115702 -0.058542
v -0.160544 -0.115252 -0.021512
v -0.159358 -0.129290 -0.044204
v -0.169223 -0.099251 -0.048004
v -0.142275 -0.082933 -0.128626
v -0.157988 -0.102066 -0.118646
v -0.146933 -0.102373 -0.128197
v -0.153868 -0.076965 -0.122717
v -0.025163 -0.122316 -0.093710
v -0.032059 -0.112592 -0.121359
v -0.048144 -0.126428 -0.112197
v -0.025087 -0.119154 -0.104356
v -0.110984 -0.133164 -0.088510
v -0.102693 -0.122777 -0.116152
v -0.124430 -0.125658 -0.111706
v -0.087454 -0.127926 -0.107800
v -0.110484 -0.144092 -0.013625
v -0.114142 -0.141502 -0.053802
v -0.133240 -0.142728 -0.040197
v -0.093077 -0.143994 -0.034353
v 0.086969 -0.108233 -0.078923
v 0.084740 -0.097906 -0.095924
v 0.073620 -0.111240 -0.093514
v 0.094661 -0.096934 -0.086408
v 0.032729 -0.132520 -0.083935
v 0.027801 -0.120704 -0.109554
v 0.014064 -0.128162 -0.101846
v 0.046004 -0.122173 -0.096906
v 0.016167 -0.167221 -0.021295
v 0.029381 -0.139272 -0.053781
v 0.007184 -0.156547 -0.040502
v 0.047760 -0.143613 -0.040277
v 0.095922 -0.136269 0.071167
v 0.107841 -0.140240 0.028266
v 0.085832 -0.145369 0.057715
v 0.120655 -0.136339 0.046934
v 0.033829 -0.173975 0.055966
v 0.018974 -0.175008 0.017107
v 0.012523 -0.170254 0.037500
v 0.057478 -0.163281 0.037148
v 0.038358 -0.142358 0.150665
v 0.019441 -0.164036 0.120421
v 0.016913 -0.149090 0.139345
v 0.030124 -0.161294 0.134549
v -0.034055 -0.141107 0.072719
v -0.043261 -0.142121 0.038603
v -0.053721 -0.137930 0.052123
v -0.022570 -0.148181 0.054317
v -0.108994 -0.139231 0.057659
v -0.107451 -0.142042 0.025415
v -0.121112 -0.136163 0.043417
v -0.090210 -0.142333 0.042571
v -0.117168 -0.141926 0.108400
v -0.114759 -0.139906 0.084724
v -0.131322 -0.130643 0.096477
v -0.098906 -0.149531 0.101034
v 0.136058 -0.000650 -0.083773
v 0.113669 0.005984 -0.102941
v 0.129435 -0.028939 -0.095970
v 0.121217 0.012254 -0.095849
v 0.118196 -0.074151 -0.075756
v 0.111847 -0.067557 -0.087149
v 0.109639 -0.079685 -0.082812
v 0.121117 -0.056759 -0.086589
v 0.140655 -0.091340 -0.016663
v 0.125830 -0.082626 -0.051536
v 0.130850 -0.101585 -0.035835
v 0.136436 -0.073813 -0.034384
v 0.125356 0.119533 -0.076705
v 0.111653 0.111001 -0.112952
v 0.123647 0.097853 -0.100068
v 0.108750 0.120545 -0.100207
v 0.146170 0.051993 -0.086525
v 0.127841 0.048057 -0.118008
v 0.130308 0.025406 -0.101922
v 0.133546 0.066366 -0.100979
v 0.141732 0.040467 0.006459
v 0.158781 0.051662 -0.046539
v 0.158899 0.031698 -0.025753
v 0.157319 0.069506 -0.021697
v 0.132351 0.133070 0.080073
v 0.162103 0.159417 0.042486
v 0.164116 0.150089 0.061881
v 0.147399 0.180004 0.048365
v 0.148205 0.083095 0.079573
v 0.132701 0.054979 0.025293
v 0.135307 0.050502 0.024426
v 0.153948 0.103825 0.064440
v 0.117853 0.046932 0.120110
v 0.131990 0.069801 0.105086
v 0.124615 0.036662 0.111424
v 0.106446 0.071306 0.113880
v 0.151964 -0.017899 0.066213
v 0.173233 -0.023835 0.038528
v 0.159357 -0.042853 0.048958
v 0.162217 0.006495 0.048635
v 0.142760 -0.096367 0.060679
v 0.149580 -0.098810 0.022672
v 0.142516 -0.115377 0.043983
v 0.152703 -0.084612 0.045326
v 0.119239 -0.087154 0.115920
v 0.129250 -0.087364 0.094802
v 0.113487 -0.089446 0.108759
v 0.124688 -0.078469 0.116206
v -0.077600 -0.034795 -0.147556
v -0.119977 -0.035530 -0.133801
v -0.103404 -0.049873 -0.139407
v -0.107802 -0.016814 -0.144230
v -0.076432 -0.096341 -0.138874
v -0.115034 -0.092469 -0.127595
v -0.098089 -0.106007 -0.130525
v -0.099270 -0.080337 -0.134553
v -0.007901 -0.115616 -0.149964
v -0.040568 -0.097225 -0.138277
v -0.034180 -0.105589 -0.130483
v -0.036688 -0.084044 -0.143161
v -0.056150 0.068470 -0.133273
v -0.114830 0.091073 -0.126095
v -0.097000 0.071421 -0.134791
v -0.091332 0.095884 -0.129665
v -0.077052 0.026318 -0.143446
v -0.119946 0.029271 -0.132462
v -0.107540 0.014865 -0.143350
v -0.102990 0.044197 -0.138154
v -0.034542 -0.001701 -0.142774
v -0.038164 0.022397 -0.127125
v -0.039417 -0.000531 -0.134673
v -0.035066 0.018988 -0.128179
v 0.056970 0.072444 -0.147059
v 0.030501 0.056882 -0.149915
v 0.042221 0.041465 -0.156161
v 0.041750 0.080253 -0.137945
v 0.039942 -0.000120 -0.164448
v 0.020948 -0.005473 -0.174880
v 0.030455 -0.015829 -0.174768
v 0.033583 0.008136 -0.167362
v 0.100635 0.039189 -0.135715
v 0.067474 0.017318 -0.145652
v 0.083789 0.010181 -0.123241
v 0.086519 0.047961 -0.138706
v 0.020896 -0.045895 -0.145311
v 0.011005 -0.048249 -0.167992
v 0.017295 -0.053607 -0.152265
v 0.020635 -0.043071 -0.164624
v 0.038378 -0.083029 -0.134124
v 0.025784 -0.092124 -0.154628
v 0.028618 -0.105008 -0.132051
v 0.017620 -0.063134 -0.147533
v 0.095194 -0.067446 -0.098797
v 0.069080 -0.074836 -0.114906
v 0.083332 -0.080718 -0.104197
v 0.079565 -0.057075 -0.108346
v 0.085239 -0.002930 -0.113185
v 0.055538 -0.021648 -0.123588
v 0.068192 -0.018419 -0.116953
v 0.071528 -0.005182 -0.116291
v 0.098685 0.104732 -0.127807
v 0.079646 0.091832 -0.136666
v 0.091391 0.082046 -0.136334
v 0.079552 0.110866 -0.114854
v -0.024360 0.037759 -0.124686
v -0.028501 0.046074 -0.117364
v -0.029743 0.035918 -0.121210
v -0.027344 0.038355 -0.119095
v -0.034326 -0.045755 -0.155292
v -0.044959 -0.036452 -0.140974
v -0.039576 -0.053501 -0.145119
v -0.039855 -0.025804 -0.140898
v 0.114205 -0.047889 0.124038
v 0.127328 -0.027579 0.097611
v 0.119957 -0.055844 0.117426
v 0.123639 -0.012136 0.113955
v 0.070979 0.081921 0.111764
v 0.081060 0.093921 0.106191
v 0.074372 0.081376 0.110256
v 0.072548 0.085934 0.110395
v 0.149266 0.123782 0.000328
v 0.139695 0.118086 -0.032001
v 0.145740 0.109935 -0.012213
v 0.142408 0.140498 -0.013453
v 0.173456 -0.027317 -0.001445
v 0.155351 -0.019399 -0.052111
v 0.152491 -0.043236 -0.031461
v 0.164064 -0.004257 -0.035821
v -0.040823 -0.141507 0.140938
v -0.038278 -0.150149 0.108103
v -0.061464 -0.156103 0.116401
v -0.021877 -0.148796 0.132722
v 0.084897 -0.120742 0.124464
v 0.084292 -0.128947 0.102802
v 0.070348 -0.132376 0.126648
v 0.093842 -0.108297 0.111545
v 0.103190 -0.132908 -0.014646
v 0.092787 -0.119274 -0.051020
v 0.082033 -0.131249 -0.035828
v 0.113471 -0.121178 -0.035374
v -0.046727 -0.149676 -0.008669
v -0.035963 -0.141965 -0.055007
v -0.055460 -0.144460 -0.033444
v -0.027253 -0.153091 -0.034239
v -0.142973 -0.039989 -0.113693
v -0.156821 -0.047790 -0.104476
v -0.153074 -0.055771 -0.114235
v -0.149796 -0.030197 -0.103017
v -0.147119 0.103566 -0.101485
v -0.161131 0.115749 -0.063819
v -0.155974 0.088213 -0.086297
v -0.150606 0.125190 -0.084224
v -0.146577 0.106176 0.037309
v -0.137394 0.109252 0.059524
v -0.142497 0.079794 0.040241
v -0.142916 0.128010 0.047689
v -0.188887 -0.021079 -0.035553
v -0.176287 -0.028740 0.027711
v -0.176615 -0.046421 0.006463
v -0.193810 -0.005251 -0.007694
v -0.146507 -0.027928 0.142202
v -0.088265 -0.028853 0.146739
v -0.107271 -0.051972 0.133560
v -0.119077 -0.019718 0.153291
v -0.082970 0.085552 0.086791
v -0.079018 0.088798 0.093856
v -0.083438 0.079430 0.092999
v -0.079743 0.087756 0.085662
v 0.037343 0.077462 0.138630
v 0.065708 0.077385 0.120693
v 0.058197 0.070509 0.143768
v 0.053074 0.081249 0.122575
v 0.024183 -0.033037 0.157675
v 0.059795 -0.030072 0.135171
v 0.040040 -0.050752 0.152279
v 0.042124 -0.012644 0.147896
v 0.039253 0.098074 0.101069
v 0.026651 0.109358 0.072970
v 0.050558 0.102776 0.091744
v 0.009531 0.111142 0.080103
v -0.077328 0.100364 0.077612
v -0.085710 0.124908 0.060846
v -0.063229 0.117563 0.064727
v -0.087093 0.110616 0.075249
v -0.126666 0.165826 0.001772
v -0.097329 0.157820 -0.022701
v -0.083206 0.150106 -0.010311
v -0.136230 0.160203 -0.001693
v 0.047081 0.171333 -0.025068
v 0.030602 0.152359 -0.049933
v 0.055456 0.168965 -0.036299
v 0.022428 0.150633 -0.038267
v 0.019574 0.146362 -0.046177
v 0.062355 0.160234 -0.058506
v 0.066626 0.177869 -0.021024
v -0.129951 0.164074 -0.017998
v -0.081675 0.142671 -0.022355
v -0.101144 0.159897 -0.007298
v -0.107685 0.128294 0.067550
v -0.070084 0.126732 0.055381
v -0.061907 0.112754 0.072216
v 0.007526 0.114558 0.071835
v 0.044551 0.109125 0.077668
v 0.055598 0.095187 0.103679
v 0.058707 -0.013492 0.138671
v 0.057316 -0.050259 0.141079
v 0.021125 -0.052916 0.161722
v 0.063016 0.080074 0.116468
v 0.066119 0.073030 0.126649
v 0.039667 0.068268 0.151133
v -0.074477 0.094806 0.089072
v -0.080203 0.081820 0.099947
v -0.084463 0.079928 0.089975
v -0.088233 -0.015254 0.153597
v -0.087281 -0.050775 0.138875
v -0.124990 -0.054655 0.125746
v -0.164459 -0.008851 0.038779
v -0.153684 -0.045107 0.048152
v -0.178730 -0.044849 -0.018537
v -0.138795 0.124411 0.055659
v -0.139894 0.088873 0.060804
v -0.142503 0.075101 0.028530
v -0.153749 0.135803 -0.061968
v -0.159369 0.092081 -0.066081
v -0.146004 0.083787 -0.102772
v -0.154486 -0.030667 -0.094349
v -0.158799 -0.059000 -0.109016
v -0.143088 -0.051012 -0.116850
v -0.015439 -0.141544 -0.057322
v -0.053944 -0.140530 -0.054092
v -0.058578 -0.145198 -0.010374
v 0.105782 -0.113478 -0.050606
v 0.078943 -0.125829 -0.052556
v 0.085623 -0.136529 -0.015316
v 0.099227 -0.114833 0.096077
v 0.065529 -0.141232 0.112716
v 0.071996 -0.128186 0.134699
v -0.020876 -0.151470 0.113102
v -0.057103 -0.150896 0.099505
v -0.062184 -0.148445 0.132275
v 0.149531 0.004360 -0.056483
v 0.146838 -0.039351 -0.052341
v 0.161113 -0.045120 -0.006068
v 0.139799 0.131535 -0.027402
v 0.141969 0.105248 -0.038135
v 0.142976 0.108008 0.013221
v 0.080816 0.097928 0.104973
v 0.085442 0.091108 0.106112
v 0.072276 0.078692 0.110148
v 0.130935 0.000047 0.097010
v 0.128688 -0.047715 0.100178
v 0.117911 -0.062413 0.124447
v -0.044359 -0.023795 -0.138975
v -0.044799 -0.049202 -0.141588
v -0.024016 -0.064788 -0.166513
v -0.026903 0.048553 -0.116280
v -0.030080 0.043779 -0.118341
v -0.027333 0.029429 -0.127933
v 0.069563 0.104272 -0.116068
v 0.078029 0.071795 -0.140953
v 0.101743 0.087117 -0.130380
v 0.058523 -0.016850 -0.125439
v 0.055182 -0.028483 -0.124735
v 0.086674 -0.015513 -0.114222
v 0.065262 -0.060197 -0.119036
v 0.069669 -0.086516 -0.111780
v 0.093629 -0.077833 -0.097310
v 0.015518 -0.070123 -0.154771
v 0.023556 -0.112619 -0.142405
v 0.040936 -0.098705 -0.124939
v 0.012037 -0.038556 -0.171515
v 0.014775 -0.056456 -0.159852
v 0.020943 -0.048492 -0.143241
v 0.071177 0.035425 -0.145427
v 0.067109 -0.002006 -0.133163
v 0.099308 0.016687 -0.120044
v 0.022733 0.006227 -0.170124
v 0.021633 -0.015900 -0.174436
v 0.037586 -0.014424 -0.164046
v 0.034040 0.072455 -0.143411
v 0.029386 0.037085 -0.158412
v 0.053489 0.051473 -0.150910
v -0.034640 0.031941 -0.123053
v -0.041638 0.007645 -0.132148
v -0.035364 -0.009438 -0.145551
v -0.118945 0.044481 -0.129989
v -0.121565 0.014166 -0.135722
v -0.079191 0.012191 -0.145839
v -0.112121 0.103852 -0.123264
v -0.116517 0.075374 -0.127071
v -0.064303 0.060275 -0.135977
v -0.044350 -0.078831 -0.142248
v -0.037953 -0.104646 -0.132617
v -0.021558 -0.115962 -0.139213
v -0.115720 -0.079433 -0.126282
v -0.114155 -0.103210 -0.127845
v -0.078345 -0.107845 -0.135269
v -0.121674 -0.018254 -0.136579
v -0.118133 -0.051130 -0.129908
v -0.074479 -0.050103 -0.145336
v 0.131637 -0.077524 0.099615
v 0.119790 -0.094809 0.092747
v 0.111067 -0.092628 0.114247
v 0.152624 -0.082546 0.026051
v 0.143672 -0.112768 0.023100
v 0.134239 -0.107710 0.060329
v 0.172099 -0.003377 0.033537
v 0.164929 -0.045216 0.033998
v 0.149319 -0.041315 0.066575
v 0.114203 0.078745 0.102767
v 0.136026 0.048536 0.102235
v 0.115005 0.023758 0.114417
v 0.135976 0.063796 0.028174
v 0.134388 0.046536 0.020208
v 0.148326 0.058700 0.065922
v 0.150820 0.171931 0.036950
v 0.161663 0.133520 0.045274
v 0.132334 0.121180 0.082039
v 0.154043 0.072007 -0.043501
v 0.158319 0.031070 -0.049134
v 0.146215 0.034013 -0.000807
v 0.125185 0.063703 -0.114580
v 0.121603 0.024159 -0.109745
v 0.140107 0.026651 -0.087728
v 0.102900 0.118196 -0.108537
v 0.117609 0.094969 -0.112290
v 0.131477 0.103045 -0.079376
v 0.131451 -0.069463 -0.051966
v 0.122249 -0.095052 -0.050785
v 0.138020 -0.105954 -0.016920
v 0.115079 -0.055180 -0.090330
v 0.106870 -0.077303 -0.086826
v 0.112052 -0.084345 -0.074554
v 0.112393 0.012540 -0.101770
v 0.120362 -0.028249 -0.100741
v 0.134909 -0.032040 -0.084421
v -0.095944 -0.146138 0.087469
v -0.126633 -0.130566 0.084405
v -0.130889 -0.131650 0.107015
v -0.090040 -0.143123 0.024972
v -0.122270 -0.138605 0.025375
v -0.121549 -0.133414 0.057943
v -0.031533 -0.148363 0.040346
v -0.056852 -0.139859 0.033949
v -0.052681 -0.139316 0.068718
v 0.026902 -0.170053 0.115014
v 0.008248 -0.158354 0.119033
v 0.025106 -0.141053 0.147728
v 0.048338 -0.165838 0.015236
v -0.004835 -0.169151 0.029073
v 0.016211 -0.172528 0.055491
v 0.122622 -0.134458 0.025182
v 0.089976 -0.140677 0.032720
v 0.069540 -0.153183 0.074598
v 0.047671 -0.136115 -0.053157
v 0.012094 -0.136076 -0.053979
v -0.008441 -0.168697 -0.014952
v 0.043076 -0.115771 -0.107482
v 0.011369 -0.124124 -0.114860
v 0.015294 -0.133915 -0.085985
v 0.093483 -0.092589 -0.091342
v 0.071550 -0.104403 -0.100657
v 0.074714 -0.115858 -0.081448
v -0.093209 -0.140685 -0.053462
v -0.133525 -0.138726 -0.057240
v -0.128310 -0.141747 -0.016472
v -0.084009 -0.123753 -0.119639
v -0.118853 -0.119585 -0.119931
v -0.129015 -0.131168 -0.093846
v -0.027691 -0.116525 -0.116544
v -0.037751 -0.115269 -0.123537
v -0.052181 -0.132530 -0.092807
v -0.159253 -0.085675 -0.117601
v -0.152155 -0.116865 -0.113330
v -0.138408 -0.095954 -0.130373
v -0.166652 -0.094301 -0.029988
v -0.153308 -0.127451 -0.020445
v -0.159249 -0.125735 -0.059789
v -0.182819 -0.006533 -0.062482
v -0.176683 -0.051675 -0.055940
v -0.168715 -0.067635 -0.089728
v -0.154646 0.052533 -0.074751
v -0.151505 0.013307 -0.088271
v -0.141975 0.011895 -0.115177
v -0.165353 0.081397 -0.037265
v -0.180292 0.033540 -0.044936
v -0.163566 0.022617 -0.064272
v -0.150801 0.133678 0.005132
v -0.154730 0.120540 -0.022136
v -0.153668 0.134077 -0.038689
v -0.141468 0.038962 0.037916
v -0.144617 0.015633 0.038752
v -0.188257 0.030155 -0.016815
v -0.113004 0.062947 0.105555
v -0.138890 0.017873 0.120292
v -0.144490 0.018916 0.076773
v -0.089606 0.095351 0.083320
v -0.092165 0.083061 0.089226
v -0.129732 0.093008 0.080533
v -0.147562 -0.083948 0.053062
v -0.140109 -0.117985 0.055607
v -0.144249 -0.122991 0.022661
v -0.148802 -0.094146 0.091111
v -0.149055 -0.116176 0.101702
v -0.143647 -0.114013 0.080311
v -0.146342 -0.010036 0.118402
v -0.145272 -0.057385 0.103939
v -0.142961 -0.056580 0.061939
v -0.089276 -0.093281 0.136395
v -0.091582 -0.127956 0.130824
v -0.130685 -0.123784 0.117178
v -0.018010 -0.089527 0.166562
v -0.013498 -0.111094 0.161356
v -0.054285 -0.120752 0.148846
v -0.011324 -0.017178 0.178512
v -0.015899 -0.053432 0.170442
v -0.051478 -0.050961 0.158251
v -0.081619 0.054608 0.136406
v -0.089237 0.013686 0.158978
v -0.131935 0.010178 0.145079
v 0.005282 0.047567 0.178994
v -0.005039 0.016856 0.183185
v -0.043751 0.018126 0.168091
v -0.008913 0.105823 0.134693
v 0.002436 0.075016 0.157015
v -0.027012 0.094434 0.157364
v 0.061129 0.047634 0.145025
v 0.055416 0.018392 0.142590
v 0.029549 0.017824 0.169583
v 0.088173 0.056488 0.121874
v 0.099131 0.010741 0.121670
v 0.081463 0.013724 0.129165
v 0.070973 0.082258 0.114032
v 0.070569 0.076240 0.112542
v 0.069713 0.074738 0.116331
v 0.050506 -0.089050 0.150622
v 0.050091 -0.120355 0.157563
v 0.027359 -0.121531 0.161322
v 0.109785 -0.085651 0.127957
v 0.100270 -0.102407 0.125063
v 0.077202 -0.113354 0.140643
v 0.102251 -0.032288 0.124149
v 0.109946 -0.064432 0.133869
v 0.089451 -0.054733 0.132114
v 0.072412 0.107757 0.090013
v 0.079470 0.104219 0.099603
v 0.071832 0.086876 0.111617
v 0.099165 0.167827 0.020346
v 0.124607 0.177349 0.030190
v 0.116235 0.144529 0.068841
v 0.028533 0.170062 0.007260
v 0.067159 0.166358 0.011874
v 0.050578 0.131776 0.048154
v -0.052584 0.119867 0.063850
v -0.031975 0.116567 0.075008
v -0.029618 0.123915 0.104724
v -0.072546 0.152073 0.011090
v -0.028792 0.182696 0.017511
v -0.047013 0.140676 0.051069
v -0.139842 0.163488 0.030332
v -0.124725 0.174961 0.020701
v -0.125325 0.163063 0.045456
v -0.070185 0.135157 -0.050344
v -0.006232 0.150001 -0.050251
v -0.019336 0.168496 -0.027099
v -0.025709 0.085704 -0.107276
v -0.014150 0.074324 -0.124720
v -0.025586 0.102996 -0.096980
v -0.116153 0.127761 -0.106136
v -0.053108 0.111546 -0.097238
v -0.069455 0.123602 -0.074549
v 0.097602 0.160966 -0.046924
v 0.124471 0.154182 -0.028913
v 0.131153 0.165987 0.014763
v 0.072267 0.110764 -0.102215
v 0.083955 0.118681 -0.102604
v 0.106392 0.135520 -0.077208
v 0.047433 0.092333 -0.123937
v 0.062353 0.103095 -0.107716
v 0.068699 0.110404 -0.097766
v 0.053558 0.109267 -0.109322
v 0.083396 0.123603 -0.090553
v 0.100783 0.181388 -0.011276
v -0.127079 0.145910 -0.069284
v -0.042802 0.107953 -0.080851
v -0.077539 0.146400 -0.013243
v -0.138052 0.150780 0.047068
v -0.069276 0.137211 0.040811
v -0.046545 0.118441 0.082536
v 0.015738 0.143174 0.047072
v 0.087554 0.135676 0.057300
v 0.070823 0.088081 0.108246
v 0.084999 -0.020829 0.125729
v 0.085242 -0.086784 0.136073
v 0.016678 -0.091535 0.168783
v 0.069838 0.081622 0.114507
v 0.075012 0.053165 0.123695
v 0.038175 0.045347 0.168492
v -0.027242 0.119357 0.147529
v -0.034564 0.052786 0.172584
v -0.107350 0.060203 0.118074
v -0.048637 -0.014631 0.165069
v -0.052311 -0.088636 0.154001
v -0.128393 -0.096759 0.115896
v -0.147263 -0.015617 0.057395
v -0.143922 -0.081937 0.069570
v -0.159745 -0.089354 0.009305
v -0.126171 0.117892 0.070683
v -0.140946 0.056326 0.086868
v -0.167109 0.059648 -0.004820
v -0.147593 0.154264 -0.019408
v -0.159832 0.070301 -0.049138
v -0.143425 0.046612 -0.107350
v -0.166683 -0.022558 -0.079029
v -0.168127 -0.100746 -0.064015
v -0.142947 -0.072090 -0.122755
v -0.019125 -0.122273 -0.088551
v -0.090403 -0.132600 -0.090191
v -0.091420 -0.144218 -0.013927
v 0.096542 -0.101494 -0.076230
v 0.047475 -0.127496 -0.083728
v 0.044141 -0.155142 -0.021724
v 0.111649 -0.127863 0.063848
v 0.047454 -0.168595 0.062406
v 0.048279 -0.139492 0.148271
v -0.018492 -0.150976 0.070014
v -0.091529 -0.142282 0.058156
v -0.096332 -0.147075 0.114110
v 0.130453 0.009780 -0.083414
v 0.124050 -0.061107 -0.078242
v 0.144771 -0.077254 -0.013690
v 0.122244 0.127502 -0.072904
v 0.141473 0.068862 -0.082245
v 0.138931 0.054420 0.017525
v 0.129436 0.140492 0.075760
v 0.138766 0.096393 0.082386
v 0.100711 0.064776 0.119296
v 0.152827 0.008589 0.065413
v 0.145965 -0.080900 0.064343
v 0.121541 -0.082083 0.120987
v -0.079498 -0.018815 -0.147959
v -0.075065 -0.080415 -0.141124
v -0.010949 -0.103511 -0.154999
v -0.056018 0.079402 -0.131472
v -0.074385 0.038644 -0.141220
v -0.032317 0.007827 -0.138744
v 0.049628 0.087540 -0.129426
v 0.044523 0.015469 -0.159409
v 0.101881 0.054414 -0.133322
v 0.022785 -0.043650 -0.149617
v 0.024361 -0.060365 -0.143243
v 0.094677 -0.055777 -0.101308
v 0.088801 0.002892 -0.112959
v 0.088164 0.113438 -0.115624
v -0.020888 0.048607 -0.125003
v -0.035095 -0.031567 -0.150609
v 0.116284 -0.023704 0.121202
v 0.071215 0.083667 0.111847
v 0.149923 0.132218 0.003040
v 0.174565 -0.010404 -0.008159
v -0.016586 -0.133527 0.144583
v 0.093439 -0.108908 0.118514
v 0.118980 -0.126777 -0.015821
v -0.036402 -0.156250 -0.008037
v -0.142515 -0.024926 -0.115216
v -0.141738 0.118396 -0.100303
v -0.147188 0.129202 0.035702
v -0.193150 -0.002036 -0.030214
v -0.146729 -0.009949 0.146696
v -0.082274 0.088655 0.085009
v 0.027334 0.086944 0.126046
v 0.026101 -0.015255 0.163399
v 0.013693 0.107507 0.092954
v -0.082755 0.100429 0.078299
v -0.138988 0.158452 0.009621
v 0.027581 0.158194 -0.030081
vn -0.0273 0.7492 -0.6618
vn -0.0275 0.7496 -0.6613
vn -0.0253 0.7433 -0.6684
vn -0.8677 0.4445 -0.2225
vn 0.2230 0.4633 0.8577
vn 0.4733 0.8367 0.2753
vn 0.6122 -0.2665 0.7444
vn 0.6121 -0.2664 0.7445
vn 0.3480 0.8084 0.4747
vn 0.2372 0.5225 0.8190
vn -0.5936 0.3238 0.7368
vn -0.9828 -0.1632 -0.0860
vn -0.9467 0.2583 0.1924
vn -0.7846 0.2751 -0.5557
vn -0.8594 -0.0979 -0.5019
vn -0.6623 -0.7487 0.0281
vn 0.3268 -0.8742 -0.3591
vn 0.7219 -0.6837 -0.1066
vn 0.7222 -0.6841 -0.1023
vn 0.7223 -0.6842 -0.1006
vn -0.1278 -0.7099 0.6926
vn 0.9615 -0.0349 -0.2725
vn 0.3773 0.6193 -0.6885
vn 0.9742 0.1479 0.1703
vn 0.1343 0.4027 0.9054
vn -0.6456 0.0565 -0.7616
vn -0.3878 -0.2560 -0.8855
vn -0.3063 0.6060 -0.7341
vn 0.5304 -0.7209 -0.4461
vn 0.4212 -0.2907 -0.8591
vn 0.4209 -0.2906 -0.8593
vn 0.4211 -0.2947 -0.8578
vn 0.4334 0.1636 -0.8862
vn 0.6416 -0.7409 -0.1986
vn 0.2491 0.1387 -0.9585
vn 0.4982 0.1524 -0.8536
vn -0.0854 0.7316 -0.6764
vn -0.4760 0.5726 -0.6674
vn 0.4359 0.1034 -0.8940
vn 0.4220 -0.0584 -0.9047
vn -0.1813 -0.4295 -0.8847
vn -0.0788 -0.1307 -0.9883
vn 0.2350 0.0845 -0.9683
vn 0.7824 -0.5969 0.1777
vn 0.8840 -0.2047 0.4203
vn 0.8397 0.1045 0.5329
vn -0.0753 0.4796 0.8742
vn 0.5829 0.0212 0.8123
vn 0.0488 0.5014 0.8638
vn 0.7239 -0.2505 0.6428
vn 0.8580 0.3281 -0.3953
vn 0.7935 0.5341 -0.2916
vn 0.8856 -0.2015 -0.4184
vn 0.7748 -0.4670 -0.4261
vn 0.7240 -0.3920 -0.5676
vn -0.3048 -0.9187 0.2510
vn 0.0434 -0.9990 -0.0049
vn -0.6376 -0.7668 -0.0741
vn 0.3894 -0.8027 0.4518
vn 0.3900 -0.8022 0.4520
vn 0.3807 -0.8064 0.4526
vn 0.4977 -0.8496 0.1744
vn 0.6458 -0.5136 0.5649
vn 0.4896 -0.7695 -0.4101
vn 0.2277 -0.9010 -0.3692
vn 0.2237 -0.9041 -0.3640
vn 0.2234 -0.9042 -0.3641
vn 0.6256 -0.6879 -0.3680
vn 0.0284 -0.9996 -0.0002
vn 0.0345 -0.9675 -0.2505
vn -0.4367 -0.8993 0.0220
vn -0.1113 0.2272 -0.9675
vn -0.9840 -0.1712 -0.0488
vn -0.5832 0.1162 -0.8040
vn -0.8799 0.0536 -0.4721
vn -0.9596 0.0262 -0.2801
vn -0.9064 0.3206 0.2750
vn -0.8909 0.3680 0.2662
vn -0.9774 0.1330 0.1641
vn -0.5978 0.2506 0.7615
vn -0.5936 0.2606 0.7614
vn -0.5975 0.2513 0.7615
vn -0.9438 -0.2596 0.2045
vn -0.9417 -0.2679 0.2038
vn -0.9440 -0.2587 0.2047
vn -0.9002 0.1244 -0.4173
vn -0.9597 -0.0132 -0.2807
vn -0.4619 0.3778 0.8025
vn -0.4161 0.0159 0.9092
vn -0.4030 -0.3198 0.8575
vn -0.2694 0.8805 0.3900
vn -0.5600 0.4993 0.6611
vn -0.5608 0.5032 0.6575
vn -0.5606 0.5037 0.6573
vn -0.5288 0.7788 0.3375
vn 0.5051 0.2136 0.8362
vn 0.6634 0.3165 0.6781
vn -0.4738 0.6806 0.5588
vn 0.1478 -0.0039 0.9890
vn 0.2814 0.1338 0.9502
vn 0.2227 -0.1116 0.9685
vn -0.6045 0.6169 0.5041
vn -0.3110 0.7959 0.5194
vn -0.3042 0.7982 0.5199
vn -0.3031 0.7985 0.5201
vn 0.2451 0.5489 0.7991
vn -0.2984 0.9068 -0.2977
vn 0.3367 0.7818 0.5248
vn -0.6107 0.3674 0.7015
vn 0.2863 0.7999 -0.5274
vn 0.0619 0.6434 -0.7631
vn -0.0495 0.8587 -0.5101
vn 0.1092 0.9668 -0.2310
vn 0.1090 0.9668 -0.2313
vn 0.1092 0.9668 -0.2309
vn 0.2317 0.6806 -0.6951
vn 0.3247 0.7086 -0.6265
vn 0.6200 0.1898 -0.7613
vn 0.2069 0.7927 -0.5734
vn 0.4359 0.5236 -0.7320
vn 0.4315 0.5175 -0.7389
vn 0.4306 0.5162 -0.7403
vn 0.6767 0.6616 -0.3230
vn -0.3036 0.9007 -0.3109
vn -0.4308 0.7969 -0.4234
vn -0.4349 0.7996 -0.4142
vn -0.4319 0.7978 -0.4208
vn 0.8135 0.4174 -0.4050
vn 0.7823 0.5162 -0.3486
vn 0.1222 0.7924 -0.5976
vn 0.5203 0.7893 -0.3260
vn 0.5212 0.7889 -0.3256
vn 0.5126 0.7967 -0.3201
vn 0.3242 0.9303 -0.1716
vn 0.0063 0.7957 -0.6057
vn -0.7758 -0.0831 -0.6255
vn -0.8736 0.2283 -0.4297
vn 0.6462 0.6946 -0.3160
vn -0.3702 0.7109 -0.5980
vn -0.0080 0.9040 -0.4275
vn -0.4934 0.7895 -0.3649
vn 0.3529 0.5983 0.7193
vn -0.2029 0.9770 0.0662
vn -0.8749 0.3248 0.3593
vn -0.2897 0.4694 0.8341
vn -0.5109 0.8237 0.2459
vn 0.4639 0.8827 0.0750
vn 0.4640 0.8827 0.0744
vn 0.4640 0.8824 0.0778
vn 0.4953 0.8686 -0.0140
vn 0.1105 0.9918 -0.0635
vn -0.2640 0.8729 0.4104
vn -0.0973 0.7448 0.6601
vn -0.0974 0.7431 0.6620
vn -0.0973 0.7447 0.6602
vn -0.1973 0.7438 0.6386
vn 0.4037 0.7749 0.4863
vn -0.4168 0.7904 0.4488
vn -0.6141 0.7841 0.0898
vn -0.3132 0.7747 0.5493
vn -0.7785 0.4869 0.3961
vn -0.9187 0.3939 -0.0294
vn -0.1912 0.6921 0.6960
vn 0.0480 0.3093 0.9497
vn 0.0584 0.0086 0.9983
vn 0.0887 0.2155 0.9725
vn 0.5104 0.2146 0.8327
vn 0.6491 -0.1575 0.7442
vn 0.3530 -0.4146 0.8388
vn 0.0599 -0.4203 0.9054
vn 0.4358 0.0151 0.8999
vn 0.5928 0.1900 0.7826
vn 0.8808 0.2736 0.3864
vn 0.6201 -0.3666 0.6936
vn 0.9403 0.1725 0.2936
vn 0.3087 -0.0333 0.9506
vn 0.2880 -0.0991 0.9525
vn -0.2802 0.2590 0.9243
vn -0.2803 0.2589 0.9243
vn 0.6411 -0.1769 0.7468
vn 0.6888 -0.2043 0.6956
vn 0.8168 -0.1128 0.5658
vn -0.4906 0.2930 0.8207
vn 0.4089 0.7177 0.5637
vn 0.8076 0.5888 -0.0337
vn -0.3551 0.1327 0.9254
vn -0.2301 -0.1227 0.9654
vn 0.1504 0.4179 0.8959
vn -0.8407 0.0452 0.5397
vn -0.1750 0.2224 0.9591
vn -0.1982 0.7943 0.5742
vn -0.4945 -0.1336 0.8588
vn -0.2244 -0.2023 0.9533
vn -0.2318 -0.2372 0.9434
vn -0.3697 -0.1196 0.9214
vn -0.2244 -0.4897 0.8425
vn -0.2737 -0.0233 0.9615
vn -0.3038 -0.0672 0.9504
vn -0.3506 -0.2213 0.9100
vn -0.4388 0.1494 0.8861
vn -0.9872 -0.1567 0.0281
vn -0.9898 -0.1312 0.0564
vn -0.9880 0.1109 0.1070
vn -0.7896 -0.5273 -0.3139
vn -0.7128 -0.6788 -0.1764
vn -0.8965 0.4113 0.1647
vn -0.8790 -0.4387 0.1869
vn -0.8909 -0.4194 0.1746
vn -0.9543 0.0338 0.2970
vn -0.7607 0.3301 0.5589
vn 0.1598 0.4274 0.8898
vn 0.1896 0.4842 0.8541
vn -0.9996 -0.0263 0.0114
vn -0.9547 0.1584 0.2520
vn -0.3540 0.4648 0.8115
vn -0.8386 0.5106 0.1898
vn -0.6412 0.1172 0.7583
vn -0.9738 -0.0480 -0.2224
vn -0.7810 -0.1581 0.6042
vn -0.9719 0.2156 0.0943
vn -0.9397 0.3381 0.0512
vn -0.9394 0.3388 0.0524
vn -0.9372 0.3438 0.0591
vn -0.6648 0.3065 -0.6812
vn -0.6871 0.2073 -0.6963
vn -0.8769 0.3215 -0.3573
vn -0.9083 0.1426 -0.3932
vn -0.9501 0.1123 -0.2911
vn -0.9510 0.1181 -0.2856
vn -0.9513 0.1185 -0.2847
vn -0.9703 -0.1368 -0.1997
vn -0.9306 0.1981 -0.3078
vn -0.9817 -0.1159 -0.1512
vn -0.6581 0.2067 -0.7240
vn -0.8417 -0.5359 -0.0665
vn -0.8420 -0.4774 0.2513
vn -0.9636 -0.1887 0.1894
vn -0.0851 0.2019 -0.9757
vn -0.5850 -0.4684 -0.6621
vn -0.8264 0.2022 -0.5256
vn -0.8265 0.2016 -0.5256
vn -0.8239 0.1962 -0.5317
vn 0.0448 -0.9771 -0.2079
vn 0.4351 -0.8083 -0.3966
vn -0.4324 -0.8960 -0.1009
vn -0.0484 -0.9781 -0.2022
vn 0.0975 -0.8311 -0.5475
vn -0.0258 -0.9388 -0.3435
vn -0.0277 -0.9399 -0.3402
vn -0.0279 -0.9402 -0.3395
vn -0.1472 -0.9874 0.0582
vn -0.1464 -0.9873 0.0620
vn -0.1337 -0.9892 0.0604
vn -0.0987 -0.9691 -0.2259
vn 0.0445 -0.9835 -0.1751
vn 0.0442 -0.9850 -0.1669
vn 0.0457 -0.9839 -0.1729
vn 0.5460 -0.7632 -0.3454
vn 0.5471 -0.7626 -0.3452
vn 0.5542 -0.7571 -0.3459
vn 0.5077 -0.5441 -0.6679
vn 0.5073 -0.5443 -0.6681
vn 0.5042 -0.5461 -0.6690
vn 0.6382 -0.4958 -0.5890
vn -0.1419 -0.9851 -0.0971
vn -0.1422 -0.9850 -0.0975
vn -0.1436 -0.9837 -0.1078
vn 0.2952 -0.8935 -0.3384
vn 0.3029 -0.7758 -0.5535
vn -0.2072 -0.9727 -0.1040
vn 0.0577 -0.5586 -0.8274
vn 0.3729 -0.8008 -0.4687
vn 0.6663 -0.6988 0.2603
vn 0.1178 -0.9794 -0.1643
vn 0.4821 -0.8755 -0.0321
vn -0.1629 -0.9866 0.0035
vn -0.1490 -0.9724 0.1796
vn -0.0418 -0.9902 0.1330
vn -0.2033 -0.8026 0.5608
vn -0.4369 -0.7334 0.5209
vn 0.4733 -0.8303 0.2942
vn -0.0398 -0.9679 -0.2481
vn -0.2086 -0.9681 0.1387
vn -0.5823 -0.7171 0.3829
vn -0.5413 -0.8236 0.1694
vn -0.3085 -0.9398 0.1470
vn 0.1084 -0.9930 0.0478
vn 0.1084 -0.9930 0.0477
vn 0.1067 -0.9932 0.0456
vn -0.5951 -0.8019 -0.0538
vn -0.6506 -0.7146 -0.2572
vn -0.2233 -0.9330 -0.2821
vn 0.8825 -0.1019 -0.4591
vn 0.4688 0.0351 -0.8826
vn 0.4677 0.0353 -0.8832
vn 0.4672 0.0354 -0.8834
vn 0.3728 -0.7160 -0.5902
vn 0.7761 -0.4903 -0.3965
vn 0.5972 -0.4381 -0.6719
vn 0.4147 -0.3766 -0.8284
vn 0.8892 -0.2480 -0.3844
vn 0.8456 -0.0905 -0.5260
vn 0.9106 -0.2587 -0.3222
vn 0.8724 0.3747 -0.3139
vn 0.8308 0.2893 -0.4754
vn 0.8290 0.2907 -0.4777
vn 0.8289 0.2905 -0.4780
vn 0.2213 0.8871 -0.4051
vn 0.8212 -0.1706 -0.5446
vn 0.6448 -0.3946 -0.6546
vn 0.7997 0.2581 -0.5421
vn 0.9028 0.3565 0.2403
vn 0.9995 -0.0194 -0.0243
vn 0.9474 0.3013 -0.1078
vn 0.2923 0.1907 0.9371
vn 0.9927 -0.0295 -0.1172
vn 0.5647 0.7441 -0.3570
vn 0.9751 -0.1046 0.1956
vn 0.6379 0.4869 -0.5967
vn 0.6420 0.4836 -0.5949
vn 0.6390 0.4859 -0.5964
vn 0.9489 -0.2326 -0.2135
vn 0.6521 -0.2986 0.6969
vn 0.7077 -0.1450 0.6914
vn 0.3056 0.6788 0.6677
vn 0.8377 0.0094 0.5461
vn 0.8347 -0.4036 0.3746
vn 0.8084 0.5669 0.1584
vn 0.6496 -0.5055 0.5679
vn 0.8673 -0.4976 -0.0142
vn 0.9738 -0.2257 -0.0282
vn 0.6479 -0.7352 -0.1996
vn 0.4924 -0.7483 0.4445
vn 0.9056 -0.2122 0.3672
vn 0.0939 0.0053 -0.9956
vn -0.5087 -0.2646 -0.8193
vn -0.5067 -0.2635 -0.8209
vn -0.5084 -0.2587 -0.8214
vn -0.4640 -0.1596 -0.8713
vn -0.1609 -0.2707 -0.9491
vn -0.1611 -0.2692 -0.9495
vn -0.1619 -0.2626 -0.9512
vn -0.1996 -0.2354 -0.9512
vn -0.4510 -0.1363 -0.8821
vn -0.2756 -0.8836 -0.3785
vn 0.1686 -0.7562 -0.6323
vn -0.2542 -0.2082 -0.9445
vn 0.4386 -0.1436 -0.8871
vn -0.3299 0.1808 -0.9265
vn -0.1762 0.2948 -0.9392
vn 0.3332 0.1082 -0.9366
vn -0.4735 0.2340 -0.8491
vn -0.4737 0.2324 -0.8495
vn -0.4743 0.2235 -0.8515
vn -0.4406 0.2261 -0.8688
vn -0.4404 0.2279 -0.8684
vn -0.4412 0.2247 -0.8688
vn -0.5549 0.0554 -0.8301
vn 0.0222 0.3005 -0.9535
vn -0.0572 0.3690 -0.9277
vn 0.3802 0.1056 -0.9188
vn 0.0271 0.3930 -0.9191
vn -0.0199 0.5868 -0.8095
vn 0.8464 -0.1537 -0.5098
vn -0.0372 -0.0450 -0.9983
vn 0.1338 0.4854 -0.8640
vn 0.1273 0.4817 -0.8670
vn 0.1344 0.4859 -0.8636
vn 0.1305 -0.5718 -0.8100
vn 0.6691 -0.4123 -0.6184
vn 0.4007 0.0008 -0.9162
vn 0.5943 -0.4947 -0.6341
vn 0.9219 -0.3447 -0.1768
vn 0.2412 -0.6461 -0.7242
vn 0.4719 -0.2924 -0.8317
vn 0.9292 -0.2586 -0.2642
vn 0.8927 0.1654 -0.4193
vn 0.5317 -0.1980 -0.8235
vn 0.5318 -0.1986 -0.8232
vn 0.5325 -0.2067 -0.8208
vn 0.5374 -0.1926 -0.8210
vn 0.6018 -0.0237 -0.7983
vn 0.3210 0.0588 -0.9452
vn 0.4312 0.1274 -0.8932
vn 0.4350 0.1269 -0.8914
vn 0.4343 0.1270 -0.8918
vn 0.6974 -0.7118 -0.0834
vn 0.3706 0.1968 -0.9077
vn 0.3716 0.1970 -0.9072
vn 0.3648 0.1962 -0.9102
vn 0.1865 0.1911 -0.9637
vn -0.4523 0.7771 -0.4378
vn -0.4582 0.7744 -0.4363
vn -0.4530 0.7767 -0.4376
vn -0.5536 0.4665 -0.6899
vn 0.4619 0.3215 -0.8266
vn -0.2880 0.2664 -0.9198
vn -0.2303 -0.4108 -0.8822
vn -0.5011 0.0975 -0.8599
vn -0.3101 0.1953 -0.9304
vn 0.8674 0.2562 0.4267
vn 0.8460 0.1661 0.5066
vn 0.9300 -0.0507 0.3640
vn 0.8070 -0.3059 0.5052
vn 0.1618 0.2251 0.9608
vn 0.6882 -0.1538 0.7091
vn 0.8461 -0.4964 -0.1945
vn 0.9489 0.2562 -0.1844
vn 0.8499 0.3565 -0.3880
vn 0.8091 -0.4689 -0.3543
vn 0.8768 -0.3706 -0.3063
vn 0.8090 -0.0414 -0.5863
vn 0.0695 -0.8552 0.5136
vn 0.1541 -0.9547 -0.2545
vn -0.2928 -0.9493 0.1144
vn 0.5365 -0.8054 0.2520
vn 0.6846 -0.6988 0.2074
vn 0.7764 -0.4364 0.4547
vn 0.2049 -0.9531 -0.2229
vn 0.4324 -0.8313 -0.3492
vn 0.3656 -0.7433 -0.5603
vn -0.3543 -0.9327 0.0675
vn -0.3594 -0.9310 0.0641
vn -0.3607 -0.9305 0.0632
vn -0.2155 -0.9563 -0.1978
vn -0.3360 -0.7622 -0.5533
vn -0.4796 0.2462 -0.8422
vn -0.7312 0.3629 -0.5776
vn -0.8781 0.0877 -0.4704
vn -0.8511 0.0149 -0.5248
vn -0.9852 -0.0849 -0.1492
vn -0.8637 0.3966 -0.3111
vn -0.9377 -0.1827 0.2954
vn -0.9911 -0.0147 0.1320
vn -0.8661 0.0951 0.4908
vn -0.9264 -0.3753 0.0287
vn -0.7512 -0.5016 0.4290
vn -0.8246 -0.2639 0.5004
vn -0.2889 -0.6597 0.6938
vn -0.2229 -0.3380 0.9144
vn 0.0471 -0.3885 0.9202
vn -0.1850 0.5209 0.8333
vn -0.8789 0.3895 0.2752
vn -0.8298 0.4959 0.2560
vn 0.2659 0.8276 0.4944
vn 0.6804 0.6110 0.4046
vn 0.6806 0.6126 0.4019
vn 0.6805 0.6108 0.4048
vn 0.3811 0.7980 0.4669
vn 0.4895 -0.0811 0.8682
vn 0.5154 0.2868 0.8076
vn 0.4849 -0.0270 0.8742
vn 0.4005 0.6438 0.6521
vn -0.0322 0.9059 0.4223
vn -0.0317 0.9064 0.4211
vn -0.0320 0.9059 0.4223
vn 0.1073 0.9278 0.3573
vn -0.5205 0.7895 0.3253
vn -0.0275 0.7034 0.7102
vn 0.1223 0.5126 0.8499
vn -0.1066 0.6679 -0.7366
vn 0.6597 0.6741 -0.3323
vn -0.1911 0.9690 0.1565
vn -0.0210 0.9280 -0.3721
vn -0.0230 0.9280 -0.3718
vn -0.0227 0.9280 -0.3719
vn -0.3680 0.8208 -0.4370
vn -0.3660 0.8175 -0.4446
vn -0.3660 0.8176 -0.4445
vn -0.0710 0.8882 -0.4540
vn -0.5412 0.7993 -0.2610
vn 0.3891 0.8916 -0.2315
vn -0.0161 0.9997 -0.0167
vn 0.0629 0.8635 -0.5004
vn 0.0830 0.6802 -0.7283
vn 0.4486 0.6791 -0.5810
vn 0.0725 0.9405 -0.3319
vn -0.0115 0.9286 -0.3710
vn -0.0113 0.9277 -0.3732
vn -0.2278 0.9045 -0.3606
vn 0.1618 0.9720 -0.1704
vn 0.2005 0.9659 -0.1638
vn 0.0110 0.9965 -0.0832
vn 0.3556 0.9143 -0.1941
vn 0.7243 0.6888 -0.0316
vn 0.5710 0.8207 -0.0222
vn 0.1435 0.3725 -0.9169
vn 0.2571 0.7831 -0.5663
vn 0.2830 0.7152 -0.6391
vn 0.3063 0.6586 0.6873
vn 0.3103 0.6599 0.6843
vn 0.3043 0.6614 0.6855
vn 0.3108 0.6571 0.6867
vn 0.3106 0.6592 0.6848
vn -0.0717 0.5087 0.8579
vn -0.2253 0.7545 0.6164
vn 0.0786 0.8161 0.5726
vn 0.1409 0.7453 0.6517
vn -0.6459 0.7445 -0.1688
vn -0.3878 0.8889 0.2441
vn -0.1363 0.8225 0.5522
vn 0.1948 0.9538 0.2289
vn 0.2374 0.9324 0.2725
vn 0.2597 0.7031 0.6619
vn -0.0387 0.7860 0.6170
vn -0.1791 0.8501 0.4952
vn -0.1048 0.8901 0.4435
vn 0.1202 0.6283 0.7686
vn 0.1198 0.6282 0.7688
vn 0.1199 0.6278 0.7691
vn 0.1306 0.6515 0.7474
vn 0.0688 0.8548 0.5144
vn 0.4332 -0.1589 0.8872
vn 0.4817 -0.1047 0.8701
vn 0.5149 -0.1394 0.8458
vn 0.5148 -0.1400 0.8458
vn 0.5143 -0.1442 0.8454
vn 0.5400 0.0893 0.8369
vn 0.5445 0.0932 0.8336
vn 0.5488 0.0973 0.8303
vn 0.3786 0.1333 0.9159
vn 0.4720 0.1942 0.8600
vn 0.4720 0.1942 0.8599
vn 0.4716 0.1938 0.8602
vn 0.2535 -0.0692 0.9649
vn 0.4468 0.1545 0.8812
vn 0.4331 0.1154 0.8939
vn 0.3114 0.9348 0.1709
vn 0.3308 0.8775 0.3472
vn 0.3295 0.8778 0.3477
vn 0.3210 0.8799 0.3502
vn 0.0962 0.7916 0.6034
vn 0.8059 0.3353 0.4879
vn 0.8992 0.2779 0.3381
vn 0.8984 0.2718 0.3450
vn 0.8989 0.2787 0.3381
vn 0.7853 0.5243 0.3292
vn 0.2937 0.7443 0.5998
vn 0.2592 0.7587 0.5977
vn 0.1293 0.8102 0.5717
vn -0.9053 0.4239 0.0259
vn -0.9053 0.4239 0.0262
vn -0.9051 0.4244 0.0259
vn -0.7976 0.4209 0.4320
vn -0.7243 0.6742 0.1443
vn -0.7248 0.6735 0.1450
vn -0.7270 0.6703 0.1484
vn -0.6803 0.5510 0.4832
vn -0.7296 0.0550 0.6816
vn -0.7919 0.2040 0.5756
vn 0.1090 0.7993 0.5910
vn -0.3531 0.8178 0.4544
vn -0.7026 0.6246 0.3410
vn 0.0470 -0.4727 0.8800
vn -0.2533 -0.4351 0.8640
vn -0.1031 -0.4338 0.8951
vn -0.4062 -0.3198 0.8560
vn -0.4931 -0.1408 0.8585
vn -0.4271 -0.3222 0.8448
vn -0.4783 -0.4611 0.7474
vn -0.4294 -0.4023 0.8086
vn -0.2447 -0.6007 0.7611
vn -0.9211 -0.2813 0.2692
vn -0.6138 -0.0724 0.7861
vn -0.4972 0.2464 0.8319
vn -0.8572 -0.1951 0.4765
vn -0.8614 -0.1885 0.4716
vn -0.8624 -0.1868 0.4705
vn -0.8161 0.0233 0.5774
vn -0.8145 0.0324 0.5793
vn -0.8161 0.0241 0.5775
vn -0.6130 0.0784 0.7862
vn -0.9347 -0.3197 0.1553
vn -0.8875 -0.4221 0.1848
vn -0.8961 -0.4413 0.0481
vn -0.9064 0.0238 0.4218
vn -0.8940 0.1385 0.4261
vn -0.8941 0.1382 0.4260
vn -0.8941 0.1376 0.4261
vn -0.8201 0.0933 0.5646
vn -0.9868 -0.0038 -0.1620
vn -0.9464 0.2454 0.2100
vn -0.9415 0.2085 0.2647
vn -0.9121 -0.0232 0.4092
vn -0.9123 -0.0299 0.4083
vn -0.9124 -0.0315 0.4082
vn -0.9963 -0.0214 0.0832
vn -0.9875 -0.1462 0.0591
vn -0.8725 0.4150 -0.2580
vn -0.8711 0.3522 -0.3423
vn -0.8235 0.4572 -0.3359
vn -0.8214 0.4597 -0.3377
vn -0.8252 0.4551 -0.3344
vn -0.9820 -0.0793 -0.1713
vn -0.9963 -0.0858 -0.0031
vn -0.9850 -0.0875 0.1485
vn -0.8635 0.0134 -0.5042
vn -0.8634 0.0132 -0.5043
vn -0.8632 0.0157 -0.5046
vn -0.8740 -0.0116 -0.4858
vn -0.8572 -0.0148 -0.5148
vn -0.7143 0.3361 -0.6138
vn -0.7811 0.3934 -0.4850
vn -0.8700 0.1562 -0.4676
vn -0.7737 0.1757 -0.6086
vn -0.9234 0.0220 -0.3831
vn -0.8673 0.2133 -0.4499
vn -0.2621 0.1438 -0.9543
vn -0.2596 0.2202 -0.9403
vn -0.4172 0.4379 -0.7963
vn -0.3643 -0.8759 -0.3164
vn -0.0156 -0.9502 -0.3111
vn 0.2914 -0.7262 -0.6227
vn -0.0745 -0.9831 -0.1671
vn -0.0461 -0.9843 -0.1703
vn -0.0878 -0.9771 -0.1938
vn -0.1088 -0.9935 0.0320
vn -0.0751 -0.9968 -0.0270
vn -0.3428 -0.9363 -0.0763
vn 0.3745 -0.8071 -0.4564
vn 0.5017 -0.7186 -0.4815
vn 0.4971 -0.6433 -0.5824
vn 0.3930 -0.8716 -0.2932
vn 0.5618 -0.8085 -0.1752
vn 0.5903 -0.7320 -0.3401
vn 0.3487 -0.9037 -0.2484
vn 0.3393 -0.9054 -0.2553
vn 0.3387 -0.9056 -0.2552
vn 0.3381 -0.8952 -0.2904
vn 0.3383 -0.8952 -0.2903
vn 0.3374 -0.8952 -0.2910
vn 0.3108 -0.9059 -0.2876
vn 0.8194 -0.4987 0.2828
vn 0.6456 -0.7160 0.2656
vn 0.7611 -0.5289 0.3755
vn 0.6704 -0.6799 0.2971
vn 0.7724 -0.5747 0.2703
vn 0.6638 -0.6854 0.2993
vn 0.6143 -0.7028 0.3586
vn 0.6693 -0.6902 0.2752
vn 0.6270 -0.7362 0.2548
vn 0.0002 -0.9666 -0.2563
vn -0.3747 -0.8629 -0.3391
vn -0.6393 -0.7689 -0.0111
vn 0.1816 -0.9296 -0.3208
vn 0.2207 -0.8855 -0.4089
vn 0.2202 -0.8850 -0.4103
vn 0.2209 -0.8855 -0.4087
vn 0.0791 -0.8929 -0.4433
vn -0.1001 -0.9191 0.3811
vn -0.1679 -0.9222 0.3483
vn -0.2042 -0.8853 0.4178
vn 0.9166 -0.1155 -0.3828
vn 0.9203 -0.1130 -0.3746
vn 0.9167 -0.1154 -0.3825
vn 0.9091 0.1513 -0.3882
vn 0.7711 -0.2104 -0.6009
vn 0.8068 -0.5287 -0.2636
vn 0.8340 -0.4788 -0.2741
vn 0.8340 -0.4789 -0.2741
vn 0.8347 -0.4777 -0.2740
vn 0.8663 -0.3657 -0.3403
vn 0.8170 -0.4316 -0.3823
vn 0.7839 -0.5018 -0.3658
vn 0.8174 -0.4889 -0.3047
vn 0.8110 -0.4954 -0.3110
vn 0.8103 -0.4961 -0.3119
vn 0.9574 0.0867 -0.2753
vn 0.9658 0.0282 -0.2578
vn 0.6802 0.5691 -0.4620
vn 0.9019 0.4124 -0.1285
vn 0.8862 0.4064 -0.2225
vn 0.9061 0.3854 -0.1743
vn 0.9385 -0.2913 -0.1856
vn 0.9480 -0.0471 0.3147
vn 0.9481 -0.0471 0.3146
vn 0.9481 -0.0464 0.3146
vn 0.9465 -0.3127 0.0792
vn 0.4408 0.0027 0.8976
vn 0.3656 0.2910 0.8841
vn 0.2028 0.5033 0.8400
vn 0.3801 0.0290 0.9245
vn 0.3768 0.2767 0.8840
vn 0.3812 0.3223 0.8665
vn -0.1699 0.0617 0.9835
vn 0.3948 0.3656 0.8429
vn 0.3453 -0.3054 0.8874
vn 0.9072 -0.1838 0.3784
vn 0.8281 -0.0961 0.5522
vn 0.8660 -0.3011 0.3993
vn 0.8235 0.3651 0.4342
vn 0.8767 0.2368 0.4187
vn 0.8332 0.1250 0.5387
vn 0.8396 0.1272 0.5281
vn 0.8333 0.1266 0.5381
vn 0.7615 0.2180 0.6104
vn 0.7202 0.3288 0.6109
vn 0.8545 0.2311 0.4653
vn -0.3259 0.1630 -0.9312
vn -0.3276 0.1639 -0.9305
vn -0.3284 0.1641 -0.9302
vn 0.2700 0.0949 -0.9582
vn 0.3284 0.0788 -0.9412
vn -0.4624 0.0346 -0.8860
vn 0.1133 0.0782 -0.9905
vn 0.2050 0.0496 -0.9775
vn -0.2470 -0.2393 -0.9390
vn -0.7589 -0.2796 -0.5882
vn -0.8340 -0.1367 -0.5345
vn 0.4500 0.2591 -0.8546
vn 0.4851 0.0685 -0.8718
vn 0.3439 -0.0499 -0.9377
vn 0.3440 -0.0498 -0.9377
vn 0.3367 -0.0521 -0.9402
vn 0.1131 0.4078 -0.9060
vn 0.4144 0.1442 -0.8986
vn 0.4143 0.1452 -0.8985
vn 0.4143 0.1440 -0.8987
vn 0.3825 0.1265 -0.9153
vn -0.5546 0.3070 -0.7734
vn -0.5682 0.4410 -0.6948
vn -0.5767 0.4371 -0.6902
vn -0.5750 0.4379 -0.6911
vn -0.5866 0.4672 -0.6615
vn -0.3359 0.7244 -0.6020
vn -0.3283 0.7074 -0.6260
vn -0.4189 0.8030 -0.4238
vn 0.2850 0.0889 -0.9544
vn 0.2268 0.0967 -0.9691
vn 0.2281 0.0983 -0.9687
vn 0.2266 0.0966 -0.9692
vn 0.2012 0.1343 -0.9703
vn 0.3847 0.0525 -0.9216
vn 0.4720 0.0536 -0.8799
vn 0.4756 0.0578 -0.8777
vn 0.4718 0.0532 -0.8801
vn 0.3994 0.2275 -0.8881
vn 0.7415 -0.5868 -0.3254
vn 0.6887 -0.6632 -0.2930
vn 0.6792 -0.7141 -0.1692
vn 0.5487 0.0790 -0.8323
vn 0.4361 0.0544 -0.8983
vn 0.4358 0.0566 -0.8982
vn 0.4358 0.0576 -0.8982
vn 0.5084 -0.0903 -0.8564
vn 0.3374 -0.4053 -0.8497
vn 0.3376 -0.4051 -0.8497
vn 0.3424 -0.4041 -0.8482
vn 0.3620 -0.2307 -0.9032
vn 0.1073 0.2271 -0.9679
vn 0.5511 -0.0172 -0.8342
vn 0.5492 -0.0918 -0.8307
vn 0.5489 -0.0913 -0.8309
vn 0.5485 -0.0914 -0.8311
vn 0.5572 -0.0023 -0.8304
vn 0.5575 -0.0021 -0.8302
vn 0.4809 -0.2491 -0.8406
vn 0.4822 -0.3145 -0.8177
vn 0.4825 -0.3141 -0.8176
vn 0.4776 -0.3155 -0.8200
vn 0.5214 -0.2785 -0.8066
vn 0.5779 -0.1406 -0.8039
vn 0.5786 -0.1406 -0.8034
vn 0.5780 -0.1406 -0.8038
vn 0.5858 -0.1266 -0.8005
vn 0.5720 -0.0969 -0.8145
vn 0.8162 0.3780 -0.4369
vn 0.6809 0.1559 -0.7156
vn 0.8414 0.1774 -0.5105
vn 0.4466 -0.8827 -0.1459
vn 0.2221 -0.9731 0.0605
vn 0.6511 -0.7279 -0.2148
vn 0.3698 -0.5244 -0.7670
vn 0.4163 -0.7126 -0.5648
vn 0.5934 -0.3326 -0.7330
vn 0.5397 -0.6905 -0.4816
vn 0.6240 -0.3248 -0.7107
vn 0.3200 -0.3015 -0.8982
vn 0.9087 -0.3789 -0.1752
vn 0.9354 -0.2655 -0.2337
vn 0.9239 0.0478 -0.3797
vn 0.4724 -0.0939 -0.8764
vn 0.8230 -0.4901 -0.2872
vn 0.9426 -0.1975 -0.2691
vn 0.4211 -0.0749 -0.9039
vn 0.4253 -0.0758 -0.9019
vn 0.4246 -0.0756 -0.9022
vn 0.4360 -0.0357 -0.8992
vn 0.2953 0.1025 -0.9499
vn 0.7381 -0.4790 -0.4751
vn 0.7034 -0.4343 -0.5627
vn 0.6800 -0.3436 -0.6477
vn 0.4197 -0.6562 -0.6271
vn 0.4589 -0.5717 -0.6801
vn 0.3833 -0.5461 -0.7449
vn 0.3873 -0.5426 -0.7454
vn 0.3826 -0.5467 -0.7448
vn 0.0879 0.3636 -0.9274
vn 0.1146 0.3605 -0.9257
vn 0.1137 0.3601 -0.9260
vn 0.1145 0.3609 -0.9256
vn 0.0796 0.5292 -0.8448
vn 0.0242 0.1623 -0.9864
vn 0.2498 0.1386 -0.9583
vn 0.1851 -0.0297 -0.9823
vn 0.8180 -0.4083 -0.4051
vn 0.8712 -0.3971 -0.2887
vn 0.8266 0.0676 -0.5586
vn -0.2651 0.4223 -0.8668
vn -0.0806 0.2550 -0.9636
vn 0.3573 0.0244 -0.9337
vn 0.2394 0.2020 -0.9497
vn 0.0998 0.3669 -0.9249
vn -0.1132 0.4437 -0.8890
vn 0.4266 0.0448 -0.9033
vn 0.4265 0.0447 -0.9034
vn 0.4264 0.0446 -0.9035
vn 0.4029 0.0748 -0.9122
vn 0.2583 0.2045 -0.9442
vn 0.0185 0.3190 -0.9476
vn 0.0287 0.3190 -0.9473
vn 0.0257 0.3190 -0.9474
vn 0.4057 0.2265 -0.8855
vn 0.4072 0.2269 -0.8847
vn 0.4055 0.2265 -0.8856
vn 0.4030 0.1939 -0.8944
vn -0.1661 0.2864 -0.9436
vn 0.4145 0.2034 -0.8870
vn 0.3860 0.1914 -0.9024
vn 0.3860 0.1903 -0.9027
vn 0.3862 0.1923 -0.9021
vn -0.4656 0.4967 -0.7325
vn -0.8612 0.2017 -0.4666
vn -0.8061 0.2739 -0.5246
vn -0.4883 0.1713 -0.8557
vn -0.4277 0.1724 -0.8873
vn -0.4010 0.1510 -0.9035
vn -0.4002 0.1527 -0.9036
vn -0.3982 0.1435 -0.9060
vn -0.4636 0.2331 -0.8548
vn -0.4568 0.2120 -0.8640
vn -0.4374 0.2195 -0.8721
vn 0.2986 0.1426 -0.9437
vn -0.0951 0.1933 -0.9765
vn -0.0680 0.1904 -0.9793
vn -0.2096 0.3445 -0.9151
vn -0.2549 0.2604 -0.9312
vn -0.2235 0.2499 -0.9421
vn -0.3999 0.0824 -0.9128
vn -0.4021 0.0826 -0.9119
vn -0.3978 0.0822 -0.9138
vn -0.3570 0.0961 -0.9291
vn 0.4179 -0.1035 -0.9026
vn -0.0870 0.0921 -0.9919
vn -0.0031 0.0968 -0.9953
vn 0.1412 -0.3802 -0.9140
vn 0.2229 -0.1617 -0.9613
vn 0.0826 -0.0289 -0.9962
vn 0.4902 -0.4469 -0.7483
vn 0.3539 -0.3390 -0.8717
vn 0.3168 -0.5021 -0.8047
vn -0.4857 -0.8593 -0.1605
vn -0.4160 -0.5551 -0.7203
vn -0.7290 -0.5770 -0.3683
vn -0.3312 -0.1073 -0.9374
vn 0.1011 0.1050 -0.9893
vn -0.1595 -0.0333 -0.9866
vn -0.0939 -0.2468 -0.9645
vn 0.3140 -0.0661 -0.9471
vn 0.2056 0.0396 -0.9778
vn -0.1794 -0.2925 -0.9393
vn -0.2222 -0.2419 -0.9445
vn -0.2476 -0.2326 -0.9405
vn -0.5001 -0.1852 -0.8459
vn -0.5587 -0.2835 -0.7794
vn -0.4801 -0.1990 -0.8543
vn -0.4960 -0.2369 -0.8354
vn -0.3794 -0.2357 -0.8947
vn -0.5107 -0.2645 -0.8180
vn -0.0077 -0.1381 -0.9904
vn -0.2514 -0.1443 -0.9571
vn -0.1989 -0.1803 -0.9633
vn 0.8212 -0.3988 0.4081
vn 0.8742 -0.3063 0.3768
vn 0.9234 -0.1569 0.3504
vn 0.4723 -0.7098 0.5226
vn 0.5646 -0.6509 0.5075
vn 0.6031 -0.6616 0.4456
vn 0.5294 -0.8193 -0.2201
vn 0.5667 -0.7844 -0.2522
vn 0.5668 -0.7840 -0.2533
vn 0.5666 -0.7813 -0.2617
vn 0.5734 -0.7928 -0.2068
vn 0.9835 -0.1732 -0.0521
vn 0.9600 -0.2723 -0.0650
vn 0.9609 -0.2694 -0.0646
vn 0.9518 -0.3059 0.0208
vn 0.8609 -0.5040 0.0697
vn 0.9126 -0.3985 0.0913
vn 0.9210 -0.3894 0.0134
vn 0.5851 -0.4897 0.6465
vn 0.6725 -0.3639 0.6444
vn 0.7345 -0.3904 0.5551
vn 0.7935 0.1854 0.5797
vn 0.7962 0.3242 0.5108
vn 0.8789 0.2922 0.3771
vn 0.9231 -0.3805 0.0553
vn 0.8154 -0.5747 0.0694
vn 0.7039 -0.6102 0.3636
vn 0.9030 -0.0283 0.4286
vn 0.9228 -0.1835 0.3389
vn 0.9226 -0.1844 0.3388
vn 0.9210 -0.1921 0.3390
vn 0.8494 -0.1720 0.4990
vn 0.1973 0.5944 0.7796
vn 0.2493 0.5739 0.7801
vn 0.2647 0.4895 0.8309
vn 0.6538 0.0321 0.7560
vn 0.8687 0.0609 0.4916
vn 0.8192 0.0793 0.5680
vn 0.3674 0.0423 0.9291
vn 0.2964 -0.0009 0.9550
vn 0.2923 -0.0066 0.9563
vn 0.2918 -0.0076 0.9565
vn 0.5881 -0.2604 0.7657
vn 0.7169 -0.0389 -0.6961
vn 0.8764 -0.2065 0.4350
vn 0.9252 -0.1415 -0.3522
vn 0.5994 0.4821 0.6390
vn 0.5892 0.6822 -0.4329
vn 0.8390 0.1214 0.5304
vn 0.9691 0.1346 0.2069
vn 0.8702 0.4083 -0.2757
vn 0.9026 -0.3765 -0.2088
vn 0.7693 0.5490 -0.3269
vn 0.9306 0.1342 -0.3407
vn 0.7019 0.5205 -0.4863
vn 0.9070 -0.4099 -0.0969
vn 0.9422 -0.2932 -0.1623
vn 0.8862 -0.4530 -0.0968
vn 0.2666 0.1018 0.9584
vn 0.3633 0.3455 0.8652
vn 0.4313 0.1466 0.8902
vn 0.9988 0.0176 0.0462
vn 0.9344 0.3186 -0.1596
vn 0.9180 0.3261 -0.2258
vn 0.9183 0.3196 -0.2338
vn 0.9181 0.3197 -0.2343
vn 0.8370 -0.1030 -0.5374
vn 0.7346 -0.4284 -0.5263
vn 0.9578 -0.0704 -0.2786
vn 0.6668 0.7452 -0.0087
vn 0.6668 0.7452 -0.0089
vn 0.8912 0.3554 -0.2817
vn 0.8780 -0.1358 0.4590
vn 0.7621 0.2594 -0.5933
vn 0.7955 0.1908 -0.5752
vn 0.8412 0.1611 -0.5162
vn 0.4328 -0.7152 -0.5487
vn 0.6087 -0.7170 -0.3397
vn 0.6091 -0.7161 -0.3408
vn 0.6087 -0.7170 -0.3396
vn 0.8393 -0.3599 -0.4074
vn 0.6490 -0.5461 -0.5297
vn 0.5718 -0.6568 -0.4916
vn 0.7976 -0.2938 -0.5268
vn 0.7984 -0.2939 -0.5254
vn 0.7937 -0.2933 -0.5330
vn 0.5248 0.7344 -0.4304
vn 0.4587 0.8195 -0.3436
vn 0.1797 0.9482 -0.2621
vn 0.8697 0.2136 -0.4449
vn 0.8720 0.2214 -0.4367
vn 0.8600 0.2892 -0.4204
vn 0.8902 0.2529 -0.3790
vn 0.8770 0.2464 -0.4125
vn 0.8595 0.3134 -0.4039
vn 0.8762 -0.2152 -0.4312
vn 0.8779 -0.2160 -0.4275
vn 0.8779 -0.2160 -0.4274
vn 0.8264 -0.3669 -0.4271
vn 0.8605 -0.3791 -0.3403
vn 0.7766 -0.0881 -0.6238
vn 0.7120 -0.2382 -0.6606
vn 0.7905 -0.2613 -0.5539
vn 0.8977 -0.2841 -0.3367
vn 0.9226 -0.2124 -0.3222
vn 0.9108 -0.1575 -0.3816
vn 0.4838 -0.3743 -0.7911
vn 0.6096 -0.3429 -0.7147
vn 0.5182 -0.3622 -0.7748
vn 0.7241 -0.4846 -0.4908
vn 0.7950 -0.3976 -0.4581
vn 0.6946 -0.3750 -0.6139
vn 0.7678 -0.4615 -0.4445
vn 0.7265 -0.4862 -0.4857
vn 0.7263 -0.4920 -0.4801
vn 0.7253 -0.4942 -0.4793
vn 0.7209 -0.4917 -0.4884
vn 0.7208 -0.4920 -0.4883
vn 0.4756 0.3434 -0.8098
vn 0.3846 -0.0250 -0.9227
vn 0.3773 -0.8921 -0.2485
vn 0.3666 -0.4171 -0.8316
vn 0.3984 -0.4342 -0.8079
vn 0.3975 -0.4343 -0.8083
vn 0.3939 -0.4346 -0.8099
vn 0.5138 0.0454 -0.8567
vn 0.7963 -0.3844 -0.4671
vn 0.7981 -0.3681 -0.4771
vn 0.7986 -0.3684 -0.4759
vn 0.7923 -0.3687 -0.4861
vn 0.9009 -0.0240 -0.4334
vn -0.2926 -0.9205 -0.2588
vn -0.2677 -0.9258 -0.2670
vn -0.0715 -0.9574 -0.2798
vn -0.6529 -0.7366 -0.1764
vn -0.6040 -0.7798 -0.1648
vn -0.5933 -0.7630 -0.2565
vn -0.5533 -0.8033 -0.2205
vn -0.6434 -0.7280 -0.2368
vn -0.6759 -0.7358 -0.0425
vn -0.0916 -0.9929 0.0752
vn -0.0600 -0.9956 0.0720
vn 0.0648 -0.9962 0.0586
vn -0.2049 -0.9596 0.1927
vn -0.1400 -0.9718 0.1896
vn -0.1511 -0.9792 0.1357
vn -0.5257 -0.7974 0.2965
vn -0.4024 -0.8615 0.3096
vn -0.4122 -0.8974 0.1574
vn -0.4827 -0.8242 0.2961
vn -0.5607 -0.7713 0.3013
vn -0.6016 -0.7138 0.3586
vn 0.0599 -0.9968 0.0524
vn -0.0561 -0.9936 0.0975
vn -0.3799 -0.9043 0.1947
vn 0.1719 -0.9679 -0.1834
vn 0.1471 -0.9860 -0.0782
vn -0.0762 -0.9940 -0.0783
vn -0.0771 -0.9938 -0.0795
vn -0.0760 -0.9940 -0.0783
vn -0.7682 -0.1771 0.6152
vn -0.4807 -0.8354 0.2664
vn 0.5005 -0.8496 0.1661
vn -0.2096 -0.8702 0.4459
vn -0.2097 -0.9362 0.2820
vn -0.2480 -0.8807 0.4036
vn -0.2790 -0.7923 0.5426
vn -0.1333 -0.5557 0.8206
vn -0.1286 -0.5583 0.8196
vn -0.1330 -0.5558 0.8206
vn -0.1074 -0.6631 0.7408
vn 0.2892 -0.9500 -0.1175
vn 0.2697 -0.9461 -0.1793
vn 0.5564 -0.8070 -0.1979
vn -0.3934 -0.8624 0.3185
vn -0.4033 -0.8638 0.3021
vn -0.1071 -0.9882 0.1093
vn -0.5062 -0.8622 -0.0180
vn -0.4117 -0.9073 -0.0848
vn -0.0777 -0.9909 -0.1095
vn -0.0778 -0.9910 -0.1094
vn -0.0784 -0.9909 -0.1092
vn 0.3482 -0.9364 -0.0433
vn 0.3541 -0.9340 -0.0479
vn 0.3474 -0.9367 -0.0427
vn 0.3649 -0.9310 0.0034
vn 0.4586 -0.8881 -0.0318
vn 0.6435 -0.7561 0.1193
vn 0.7349 -0.5907 -0.3332
vn 0.0234 -0.9997 -0.0068
vn 0.0282 -0.9995 -0.0107
vn 0.0228 -0.9997 -0.0067
vn 0.7199 -0.6920 0.0541
vn 0.4820 -0.8740 0.0621
vn 0.4830 -0.8734 0.0621
vn 0.4817 -0.8741 0.0621
vn 0.5473 -0.8239 0.1468
vn 0.3274 -0.6740 -0.6622
vn 0.1709 -0.9850 -0.0250
vn 0.2244 -0.9582 -0.1773
vn -0.1132 -0.6296 -0.7686
vn -0.3200 -0.8682 -0.3793
vn -0.1776 -0.9833 -0.0406
vn -0.1812 -0.9826 -0.0408
vn -0.1742 -0.9839 -0.0403
vn -0.4929 -0.8701 0.0025
vn -0.3529 -0.8635 -0.3602
vn -0.3539 -0.8630 -0.3605
vn -0.3464 -0.8671 -0.3578
vn -0.0658 -0.8849 -0.4610
vn 0.3291 -0.8296 -0.4510
vn 0.4181 -0.7910 -0.4467
vn 0.3975 -0.7318 -0.5536
vn 0.1901 -0.9720 -0.1380
vn 0.2683 -0.9592 -0.0891
vn 0.4627 -0.8653 -0.1931
vn -0.2611 -0.9648 0.0316
vn -0.2653 -0.9641 0.0149
vn 0.2035 -0.9152 -0.3477
vn 0.6152 -0.4609 -0.6396
vn 0.6237 -0.5251 -0.5791
vn 0.6231 -0.5256 -0.5792
vn 0.6231 -0.5256 -0.5793
vn 0.6139 -0.5323 -0.5829
vn 0.6142 -0.5316 -0.5832
vn 0.5274 -0.5561 -0.6424
vn 0.5099 -0.5729 -0.6417
vn 0.5186 -0.5919 -0.6170
vn 0.5147 -0.5886 -0.6234
vn 0.5192 -0.5925 -0.6159
vn 0.5537 -0.7575 -0.3458
vn 0.5525 -0.7577 -0.3474
vn 0.5512 -0.7599 -0.3445
vn 0.5527 -0.7602 -0.3415
vn 0.5480 -0.7609 -0.3474
vn 0.5399 -0.7689 -0.3425
vn 0.5424 -0.7696 -0.3370
vn 0.0459 -0.9843 -0.1706
vn 0.0371 -0.9829 -0.1802
vn 0.0345 -0.9833 -0.1784
vn 0.0359 -0.9827 -0.1818
vn -0.0903 -0.9524 -0.2911
vn -0.0855 -0.9795 -0.1826
vn -0.1359 -0.9681 -0.2107
vn -0.1220 -0.9903 0.0663
vn -0.1247 -0.9899 0.0671
vn -0.1244 -0.9900 0.0671
vn -0.1245 -0.9900 0.0664
vn -0.1234 -0.9900 0.0676
vn -0.1209 -0.9905 0.0661
vn -0.0554 -0.8919 -0.4488
vn -0.1329 -0.8740 -0.4674
vn -0.0342 -0.9216 -0.3867
vn 0.0952 -0.6489 -0.7549
vn 0.0673 -0.6764 -0.7334
vn -0.0257 -0.8153 -0.5785
vn -0.0502 -0.9861 -0.1585
vn -0.0151 -0.8622 -0.5063
vn -0.0198 -0.9546 -0.2973
vn -0.0198 -0.9545 -0.2974
vn -0.0211 -0.9538 -0.2997
vn -0.4577 -0.8454 -0.2754
vn -0.6976 -0.7063 -0.1204
vn -0.4830 -0.8635 -0.1453
vn 0.0255 -0.9434 -0.3308
vn 0.2709 -0.9238 -0.2705
vn 0.3817 -0.7305 -0.5662
vn -0.0224 -0.9735 -0.2275
vn -0.0395 -0.9694 -0.2422
vn 0.3388 -0.9154 -0.2175
vn -0.8636 -0.0346 -0.5031
vn -0.8720 -0.3685 -0.3220
vn -0.8989 -0.1810 -0.3990
vn -0.5917 -0.6060 -0.5316
vn -0.7460 -0.6083 -0.2709
vn -0.7316 -0.6131 -0.2981
vn -0.3305 -0.1429 -0.9329
vn -0.3317 -0.3526 -0.8750
vn -0.1790 -0.0942 -0.9793
vn -0.9513 -0.1745 0.2542
vn -0.9362 -0.2330 0.2630
vn -0.9551 -0.2306 0.1860
vn -0.8488 -0.4723 0.2377
vn -0.8652 -0.4401 0.2404
vn -0.8489 -0.4606 0.2592
vn -0.8483 -0.4618 0.2591
vn -0.8456 -0.4669 0.2588
vn -0.8442 -0.5236 -0.1145
vn -0.8441 -0.5240 -0.1138
vn -0.8436 -0.5224 -0.1240
vn -0.8632 -0.4826 -0.1483
vn -0.8637 -0.4901 -0.1178
vn -0.7268 0.2174 -0.6515
vn -0.6431 0.1912 -0.7415
vn -0.6424 0.1950 -0.7411
vn -0.6453 0.1923 -0.7393
vn -0.6412 0.1905 -0.7434
vn -0.6408 0.1939 -0.7428
vn -0.9881 -0.1371 0.0692
vn -0.9656 -0.2307 0.1198
vn -0.9658 -0.2300 0.1196
vn -0.9682 -0.2221 0.1154
vn -0.9632 -0.2467 -0.1064
vn -0.9938 -0.0244 -0.1086
vn -0.9890 -0.1062 -0.1027
vn -0.9683 0.0225 -0.2487
vn -0.9655 -0.1190 -0.2318
vn -0.9652 -0.0893 -0.2457
vn -0.9879 -0.1269 -0.0888
vn -0.9430 0.0743 -0.3244
vn -0.9365 0.1077 -0.3336
vn -0.9356 0.1127 -0.3345
vn -0.9358 0.1122 -0.3343
vn -0.9465 0.1210 -0.2991
vn -0.9469 0.1152 -0.3003
vn -0.9228 0.1305 -0.3625
vn -0.9231 0.1026 -0.3706
vn -0.9156 0.1157 -0.3851
vn -0.6777 0.3353 -0.6544
vn -0.7142 0.5584 -0.4221
vn -0.9494 0.3087 -0.0585
vn -0.4816 0.4984 -0.7209
vn -0.4568 0.5295 -0.7148
vn -0.6676 0.3086 -0.6776
vn -0.5041 0.3570 -0.7864
vn -0.4075 0.4648 -0.7860
vn -0.6127 0.3057 -0.7288
vn -0.9683 0.2490 0.0214
vn -0.9683 0.2490 0.0211
vn -0.9685 0.2484 0.0201
vn -0.9931 0.0399 0.1101
vn -0.9931 0.0396 0.1103
vn -0.9932 0.0394 0.1099
vn -0.9460 0.2971 0.1294
vn -0.9848 0.1706 0.0325
vn -0.9456 0.2684 0.1838
vn -0.9977 0.0183 0.0647
vn -0.9607 -0.0094 0.2773
vn -0.9128 0.1767 -0.3682
vn -0.9853 0.1005 0.1383
vn -0.9849 0.0999 0.1416
vn -0.9848 0.0997 0.1423
vn -0.5691 0.0024 0.8223
vn -0.9878 0.0263 -0.1537
vn -0.9934 -0.0862 -0.0755
vn -0.6717 0.2614 0.6931
vn -0.5872 0.2066 0.7827
vn -0.9999 -0.0154 -0.0061
vn -0.9085 0.4172 0.0215
vn -0.8425 0.5329 0.0794
vn -0.8029 0.4701 0.3665
vn -0.8427 0.4810 0.2418
vn -0.7160 0.6934 0.0803
vn -0.3890 0.7884 0.4766
vn -0.9382 0.3191 0.1342
vn -0.8529 0.4997 -0.1511
vn -0.9982 0.0403 0.0453
vn -0.9632 -0.0152 -0.2682
vn -0.9632 -0.0145 -0.2685
vn -0.9627 -0.0257 -0.2693
vn -0.9900 0.1402 0.0182
vn -0.9848 0.1625 0.0614
vn 0.0985 0.3691 0.9242
vn 0.1436 0.2956 0.9445
vn 0.2913 0.4919 0.8205
vn 0.0898 0.5144 0.8529
vn 0.0898 0.5141 0.8530
vn 0.0898 0.5145 0.8528
vn 0.1160 0.6677 0.7354
vn 0.2507 0.3696 0.8947
vn -0.8361 0.3248 0.4421
vn -0.3981 0.4383 0.8059
vn -0.2550 0.4310 0.8656
vn -0.9886 -0.0835 0.1252
vn -0.9796 -0.0817 0.1834
vn -0.8986 0.1645 0.4068
vn -0.8481 -0.4864 0.2101
vn -0.8480 -0.4860 0.2114
vn -0.8487 -0.4892 0.2011
vn -0.8385 -0.5002 0.2160
vn -0.9139 -0.3642 0.1796
vn -0.8700 -0.4556 0.1885
vn -0.8700 -0.4557 0.1881
vn -0.8659 -0.4653 0.1837
vn -0.8690 -0.4603 0.1815
vn -0.8649 -0.4678 0.1818
vn -0.9054 -0.3872 0.1744
vn -0.9376 0.3101 0.1572
vn -0.9499 0.2764 0.1463
vn -0.9532 0.2825 0.1080
vn -0.9494 0.2944 0.1097
vn -0.9530 0.2832 0.1075
vn -0.6843 -0.6908 -0.2334
vn -0.7838 -0.5877 -0.2009
vn -0.8164 -0.5665 -0.1119
vn -0.7311 -0.6384 -0.2408
vn -0.6598 -0.7277 -0.1874
vn -0.6625 -0.7266 -0.1820
vn -0.6601 -0.7274 -0.1877
vn -0.6301 -0.7263 -0.2747
vn -0.9908 -0.0234 0.1332
vn -0.8725 0.0800 -0.4821
vn -0.8099 0.3244 -0.4888
vn -0.9560 -0.1593 -0.2464
vn -0.9984 -0.0398 -0.0392
vn -0.9399 -0.1756 0.2928
vn -0.9636 -0.2082 -0.1679
vn -0.9443 -0.1108 -0.3098
vn -0.9561 -0.1889 -0.2242
vn -0.3626 -0.0173 0.9318
vn -0.4265 -0.0877 0.9002
vn -0.4295 -0.0925 0.8983
vn -0.4266 -0.0873 0.9002
vn -0.4532 0.0977 0.8860
vn -0.3448 -0.1100 0.9322
vn -0.4894 -0.1012 0.8662
vn -0.4509 -0.1443 0.8808
vn -0.1341 0.0346 0.9904
vn -0.2389 -0.1411 0.9607
vn -0.3337 -0.2265 0.9150
vn -0.3032 -0.0999 0.9477
vn -0.3037 -0.0998 0.9475
vn -0.2934 -0.0985 0.9509
vn -0.2798 -0.1189 0.9527
vn -0.2772 0.0133 0.9607
vn -0.1058 -0.1605 0.9814
vn -0.2012 -0.5134 0.8342
vn -0.2830 -0.6091 0.7409
vn -0.4960 -0.0612 0.8662
vn -0.2121 -0.0207 0.9770
vn -0.2282 -0.1875 0.9554
vn -0.1805 -0.1652 0.9696
vn -0.1804 -0.1650 0.9697
vn -0.1806 -0.1662 0.9694
vn 0.0992 -0.2497 0.9632
vn 0.0642 -0.1914 0.9794
vn -0.2195 -0.1538 0.9634
vn -0.2170 -0.1518 0.9643
vn -0.2597 -0.1499 0.9540
vn -0.0956 -0.1802 0.9790
vn -0.4930 -0.0942 0.8649
vn -0.4931 -0.0943 0.8649
vn -0.4905 -0.0917 0.8666
vn -0.4199 -0.1076 0.9012
vn -0.4195 -0.1092 0.9011
vn -0.4205 -0.0978 0.9020
vn -0.4294 -0.1229 0.8947
vn -0.4294 -0.1235 0.8946
vn -0.4294 -0.1199 0.8951
vn -0.2813 0.6022 0.7471
vn -0.2006 0.6250 0.7544
vn -0.4716 0.4916 0.7320
vn -0.1020 0.2154 0.9712
vn -0.1366 0.0735 0.9879
vn -0.1368 0.0733 0.9879
vn -0.1377 0.0734 0.9877
vn -0.0881 0.2360 0.9677
vn -0.3894 0.4769 0.7880
vn -0.3493 0.1610 0.9231
vn -0.6299 -0.0673 0.7737
vn -0.0634 0.1051 0.9924
vn 0.0882 0.2656 0.9600
vn 0.1633 0.5220 0.8372
vn -0.1547 0.0569 0.9863
vn -0.0068 -0.0738 0.9972
vn 0.0577 -0.0314 0.9978
vn 0.0617 -0.0277 0.9977
vn 0.0573 -0.0314 0.9979
vn -0.3354 0.2103 0.9183
vn -0.4255 0.2089 0.8805
vn -0.4749 -0.1134 0.8727
vn 0.8475 0.4244 0.3189
vn 0.3580 0.7891 0.4991
vn 0.6572 0.6835 0.3177
vn 0.3099 0.7173 0.6240
vn 0.0956 0.7359 0.6703
vn 0.1978 0.8306 0.5206
vn -0.6759 0.2287 0.7006
vn -0.1999 0.5600 0.8040
vn 0.2303 0.2374 0.9437
vn 0.2317 0.2399 0.9427
vn 0.2303 0.2378 0.9436
vn 0.8365 -0.1950 0.5121
vn 0.6613 -0.1675 0.7312
vn 0.8643 0.0439 0.5010
vn 0.5979 -0.0744 0.7981
vn 0.4392 0.0468 0.8972
vn 0.5372 -0.0227 0.8432
vn 0.6205 -0.1648 0.7667
vn 0.7770 -0.1395 0.6139
vn 0.7196 -0.2759 0.6372
vn 0.0492 0.1686 0.9845
vn 0.1074 0.1238 0.9865
vn -0.1721 0.3757 0.9106
vn 0.2841 -0.0779 0.9556
vn 0.2869 -0.0790 0.9547
vn 0.2833 -0.0776 0.9559
vn 0.2039 0.0463 0.9779
vn 0.5277 -0.1743 0.8313
vn 0.3885 -0.0234 0.9211
vn 0.5263 -0.0696 0.8475
vn 0.4358 -0.0951 0.8950
vn 0.9687 -0.2154 -0.1238
vn 0.8845 -0.1817 0.4297
vn 0.6539 0.3026 0.6934
vn 0.0801 -0.0336 0.9962
vn 0.3147 0.1487 0.9375
vn 0.9865 -0.0589 0.1528
vn 0.9983 0.0531 -0.0249
vn 0.9188 -0.0954 0.3831
vn 0.9999 -0.0139 0.0033
vn 0.5146 0.1804 0.8382
vn 0.5538 0.2715 0.7872
vn 0.4455 0.1641 0.8801
vn 0.4459 0.1648 0.8797
vn 0.4473 0.1535 0.8811
vn 0.3295 -0.1220 0.9362
vn 0.3445 -0.0031 0.9388
vn 0.4770 0.0186 0.8787
vn -0.0686 -0.2647 0.9619
vn -0.2502 -0.1569 0.9554
vn -0.1169 -0.2982 0.9473
vn 0.5416 -0.3627 0.7584
vn 0.4631 -0.5241 0.7148
vn 0.2433 -0.5691 0.7855
vn 0.8514 -0.4440 0.2792
vn 0.7367 -0.6728 -0.0681
vn 0.6902 -0.4269 0.5843
vn 0.6260 0.0707 0.7766
vn 0.6512 -0.0848 0.7541
vn 0.5293 0.0974 0.8428
vn 0.0205 0.4691 0.8829
vn 0.4338 0.2848 0.8548
vn -0.3031 0.3343 0.8924
vn 0.2783 -0.0257 0.9601
vn 0.2569 0.0003 0.9664
vn 0.3286 0.0148 0.9444
vn 0.0991 0.2169 0.9712
vn 0.0819 0.0425 0.9957
vn 0.0861 0.0433 0.9953
vn 0.0823 0.0426 0.9957
vn -0.0743 0.1968 0.9776
vn -0.4527 0.6504 0.6099
vn -0.3397 0.7271 0.5965
vn -0.2394 0.7886 0.5664
vn -0.2377 0.5807 0.7787
vn -0.5052 0.6657 0.5492
vn -0.6916 0.6151 0.3786
vn -0.6729 0.5717 0.4695
vn 0.1355 0.4442 0.8856
vn -0.9286 0.3712 0.0031
vn -0.5729 0.7073 0.4141
vn -0.5715 0.6728 0.4697
vn -0.3120 0.6779 0.6656
vn -0.5829 0.7704 -0.2584
vn 0.4442 0.7817 -0.4377
vn -0.1828 0.9692 0.1652
vn -0.3924 0.7847 0.4799
vn -0.3946 0.7851 0.4775
vn -0.3959 0.7852 0.4762
vn -0.5340 0.6045 0.5911
vn -0.5544 0.6179 0.5576
vn 0.1152 0.7167 0.6878
vn -0.3761 0.6632 0.6471
vn 0.2783 0.9092 0.3097
vn -0.0871 0.7252 0.6830
vn -0.0818 0.7266 0.6822
vn -0.0808 0.7268 0.6821
vn -0.0586 0.6414 0.7649
vn -0.2155 0.6481 0.7304
vn -0.2099 0.6501 0.7303
vn -0.2089 0.6504 0.7303
vn -0.1341 0.7932 0.5940
vn -0.0778 0.7835 0.6165
vn -0.0712 0.7547 0.6522
vn -0.2672 0.9058 0.3288
vn -0.2842 0.7770 0.5617
vn 0.2210 0.9596 0.1740
vn 0.1384 0.9896 0.0402
vn -0.1047 0.7505 0.6525
vn -0.0931 0.8412 0.5327
vn 0.5400 0.8405 0.0456
vn 0.3967 0.8905 -0.2230
vn 0.4015 0.8406 -0.3637
vn -0.7041 0.7012 -0.1117
vn -0.5041 0.8612 0.0647
vn 0.5372 0.8428 -0.0343
vn 0.1086 0.9535 0.2813
vn 0.0432 0.9923 0.1158
vn -0.5910 0.7980 0.1181
vn -0.1145 0.5469 0.8293
vn 0.1124 0.6373 0.7624
vn -0.4467 0.5557 0.7012
vn -0.6542 0.6619 0.3660
vn -0.7790 0.5813 -0.2349
vn -0.9573 0.2862 -0.0409
vn 0.0399 0.9922 -0.1178
vn 0.1165 0.9179 -0.3794
vn -0.1226 0.9359 -0.3301
vn -0.4747 -0.3151 0.8218
vn 0.2225 0.5741 0.7880
vn -0.4358 0.6752 0.5951
vn -0.6421 0.4808 -0.5972
vn -0.3355 0.3868 -0.8589
vn 0.3006 0.8604 -0.4116
vn 0.2465 0.8732 -0.4205
vn 0.2440 0.8719 -0.4245
vn 0.2435 0.8716 -0.4255
vn 0.2148 0.9748 -0.0596
vn -0.4018 0.8009 -0.4439
vn 0.1802 0.7202 -0.6700
vn 0.2097 0.7671 -0.6063
vn 0.2096 0.7672 -0.6062
vn 0.2096 0.7673 -0.6061
vn 0.0371 0.6956 -0.7175
vn 0.6386 0.4655 -0.6128
vn -0.5067 0.1936 -0.8401
vn 0.8461 0.1587 -0.5089
vn -0.3760 0.5154 -0.7701
vn -0.3678 0.5388 -0.7579
vn -0.8544 0.4291 -0.2931
vn -0.4669 0.5572 -0.6867
vn -0.3416 0.3878 -0.8561
vn -0.7993 0.1571 -0.5800
vn 0.0870 0.8176 -0.5691
vn 0.0926 0.8119 -0.5763
vn 0.0863 0.8185 -0.5680
vn 0.1357 0.7504 -0.6469
vn 0.1847 0.8156 -0.5483
vn 0.5829 0.7966 -0.1602
vn 0.6943 0.4585 -0.5547
vn 0.3297 0.7961 -0.5075
vn 0.4661 0.8110 -0.3535
vn 0.5134 0.8558 -0.0639
vn 0.5132 0.8558 -0.0651
vn 0.5131 0.8559 -0.0648
vn 0.4953 0.8575 -0.1390
vn 0.3108 0.7122 -0.6294
vn 0.4912 0.4796 -0.7271
vn 0.3790 0.6718 -0.6364
vn 0.7727 0.5774 -0.2637
vn 0.4563 0.5190 -0.7228
vn 0.6933 0.3873 -0.6077
vn 0.5184 0.3995 -0.7561
vn 0.5250 0.3984 -0.7521
vn 0.5193 0.3992 -0.7557
vn 0.7716 0.6224 -0.1312
vn 0.7300 0.6808 -0.0598
vn -0.6170 0.7857 -0.0448
vn -0.6528 0.7093 0.2659
vn -0.6399 0.7497 0.1689
vn -0.2325 0.9521 -0.1988
vn -0.3194 0.9469 0.0365
vn -0.4025 0.9144 0.0430
vn -0.4025 0.9144 0.0429
vn -0.4009 0.9151 0.0425
vn 0.4398 0.8952 -0.0715
vn 0.3727 0.7454 -0.5527
vn 0.2073 0.7275 -0.6540
vn 0.2625 0.7484 -0.6091
vn -0.2131 0.8493 -0.4830
vn -0.2124 0.8494 -0.4830
vn -0.2132 0.8493 -0.4829
vn 0.3840 0.6326 -0.6726
vn -0.4841 0.7506 -0.4497
vn -0.4842 0.7506 -0.4496
vn -0.6618 0.7372 0.1359
vn -0.4310 0.8948 -0.1168
vn 0.4121 0.4479 -0.7934
vn -0.5591 0.7762 -0.2914
vn 0.2500 0.6352 -0.7308
vn 0.6125 0.1541 -0.7753
vn 0.5864 0.4873 -0.6470
vn 0.4293 0.4793 -0.7655
vn 0.4718 0.7599 -0.4473
vn -0.4270 0.8277 -0.3642
vn -0.5043 0.7725 -0.3859
vn 0.0484 0.9302 -0.3639
vn 0.1262 0.9600 -0.2498
vn 0.0205 0.9423 -0.3340
vn 0.0394 0.9219 -0.3853
vn 0.1222 0.9213 -0.3693
vn -0.0057 0.9531 -0.3025
vn -0.5342 0.0723 -0.8423
vn -0.1474 0.7242 -0.6736
vn -0.1482 0.7241 -0.6736
vn -0.1484 0.7241 -0.6736
vn 0.3934 0.8711 -0.2940
vn -0.3705 0.9275 0.0499
vn -0.7530 0.6238 -0.2096
vn -0.5815 0.7522 -0.3099
vn -0.5741 0.7587 -0.3079
vn -0.5767 0.7564 -0.3086
vn -0.3124 0.4478 0.8378
vn -0.6282 0.5847 0.5133
vn -0.7666 0.4644 0.4435
vn -0.4518 0.4051 0.7949
vn -0.5698 0.5479 0.6125
vn 0.4822 0.7225 0.4955
vn 0.0961 0.9736 -0.2069
vn -0.2083 0.9025 -0.3771
vn -0.2865 0.9538 -0.0909
vn 0.3531 0.5203 0.7776
vn 0.4217 0.5762 0.7001
vn 0.4340 0.5964 0.6752
vn -0.4274 0.7804 0.4563
vn -0.5847 0.6286 0.5128
vn -0.3617 0.7511 0.5522
vn -0.6079 0.6009 0.5191
vn -0.6153 0.6314 0.4720
vn -0.3473 0.6290 0.6955
vn -0.3489 0.6277 0.6959
vn -0.3477 0.6286 0.6957
vn -0.0245 0.0528 0.9983
vn -0.1200 0.3563 0.9266
vn 0.2682 0.1408 0.9530
vn 0.4653 0.1462 0.8730
vn 0.4736 -0.0853 0.8766
vn 0.2985 -0.0846 0.9506
vn 0.1489 -0.0347 0.9882
vn 0.1480 -0.0338 0.9884
vn 0.1470 -0.0328 0.9886
vn 0.0795 0.1488 0.9857
vn 0.2795 0.0866 0.9562
vn -0.3295 0.4807 0.8126
vn 0.5802 0.4066 0.7058
vn -0.2796 0.6963 0.6611
vn 0.3400 0.2020 0.9185
vn 0.3350 0.3345 0.8808
vn 0.2576 0.4648 0.8471
vn 0.5709 0.0725 0.8178
vn 0.6120 -0.0262 0.7904
vn 0.5772 0.1569 0.8014
vn -0.5894 0.5884 0.5535
vn 0.6554 0.4020 0.6394
vn 0.0485 0.9584 0.2812
vn -0.4794 0.3761 0.7930
vn -0.4317 0.1045 0.8959
vn -0.2563 0.5260 0.8110
vn -0.3169 0.6606 0.6806
vn -0.3805 0.6129 0.6925
vn -0.1134 0.8449 0.5227
vn -0.4775 -0.2203 0.8506
vn -0.4650 -0.1388 0.8744
vn -0.4468 -0.2230 0.8664
vn -0.3964 -0.0923 0.9134
vn -0.3781 -0.1036 0.9200
vn -0.4038 -0.0755 0.9117
vn -0.3607 0.2979 0.8838
vn -0.3661 0.1441 0.9193
vn -0.4943 0.1986 0.8463
vn -0.9871 0.0181 -0.1591
vn -0.9997 -0.0082 -0.0216
vn -0.9963 -0.0803 -0.0303
vn -0.8773 0.0297 -0.4791
vn -0.8769 0.0297 -0.4797
vn -0.8787 0.0310 -0.4764
vn -0.8777 0.0316 -0.4781
vn -0.8772 0.0317 -0.4790
vn -0.9036 0.2857 -0.3191
vn -0.9362 -0.2733 0.2211
vn -0.9367 -0.2732 0.2191
vn -0.9360 -0.2677 0.2287
vn -0.9416 -0.2605 0.2134
vn -0.9340 -0.2740 0.2291
vn -0.9349 -0.2709 0.2292
vn -0.6637 0.3515 0.6602
vn -0.1614 0.5481 0.8207
vn -0.1150 0.4940 0.8618
vn -0.9831 -0.1093 0.1467
vn -0.9883 0.0092 0.1523
vn -0.7302 0.2417 0.6391
vn -0.8348 0.4083 0.3694
vn -0.7894 0.2329 0.5679
vn -0.7896 0.1132 0.6031
vn -0.9229 0.1807 0.3400
vn -0.9578 0.2140 0.1921
vn -0.9319 0.2956 0.2101
vn -0.7678 0.1156 -0.6302
vn -0.4093 0.2706 -0.8714
vn -0.7471 0.1375 -0.6503
vn -0.9067 0.0472 -0.4192
vn -0.9377 -0.0277 -0.3464
vn -0.9105 -0.0053 -0.4135
vn -0.6404 0.4764 -0.6025
vn -0.5886 0.3385 -0.7341
vn -0.5317 0.1678 -0.8302
vn -0.9851 -0.1690 -0.0313
vn -0.9821 -0.1849 -0.0364
vn -0.9792 -0.1971 -0.0486
vn 0.0351 0.3567 -0.9336
vn 0.0354 0.3567 -0.9336
vn 0.0353 0.3567 -0.9336
vn -0.2246 0.4296 -0.8746
vn -0.2405 0.5325 -0.8115
vn 0.3872 -0.8067 -0.4465
vn -0.0092 -0.9586 -0.2848
vn -0.4159 -0.9093 -0.0107
vn -0.4232 -0.9058 -0.0187
vn -0.4238 -0.9056 -0.0188
vn 0.0337 -0.9582 -0.2840
vn 0.0025 -0.9568 -0.2906
vn 0.0052 -0.9667 -0.2557
vn -0.0060 -0.9993 0.0373
vn 0.0377 -0.9989 0.0269
vn 0.0404 -0.9991 -0.0142
vn 0.6040 -0.7479 -0.2754
vn 0.6028 -0.7488 -0.2755
vn 0.5961 -0.7537 -0.2767
vn 0.6796 -0.6661 -0.3071
vn 0.6932 -0.6012 -0.3975
vn 0.2557 -0.9167 -0.3071
vn 0.2385 -0.8634 -0.4447
vn 0.2257 -0.8943 -0.3864
vn 0.2577 -0.9357 -0.2409
vn 0.3576 -0.8230 -0.4413
vn 0.3569 -0.8242 -0.4397
vn 0.3506 -0.8275 -0.4386
vn 0.4909 -0.7797 -0.3887
vn 0.5926 -0.5874 0.5512
vn 0.5775 -0.6469 0.4980
vn 0.5541 -0.5877 0.5896
vn 0.2823 -0.9525 0.1140
vn 0.3819 -0.9232 -0.0442
vn 0.3768 -0.9248 -0.0521
vn 0.3752 -0.9256 -0.0489
vn 0.5407 -0.8404 0.0378
vn 0.3454 -0.8302 0.4376
vn 0.3444 -0.8373 0.4247
vn 0.2739 -0.6653 0.6945
vn -0.4015 -0.8927 -0.2047
vn -0.5139 -0.8578 0.0090
vn -0.6444 -0.7641 0.0305
vn -0.6512 -0.7585 0.0246
vn -0.6438 -0.7646 0.0311
vn -0.2656 -0.9613 0.0734
vn -0.1738 -0.9814 0.0812
vn 0.1166 -0.9931 0.0131
vn -0.2535 -0.9658 0.0541
vn -0.3630 -0.9298 0.0600
vn -0.3875 -0.8892 0.2433
vn 0.8047 0.3911 -0.4466
vn 0.7595 0.4251 -0.4924
vn 0.6868 -0.4195 -0.5936
vn 0.7997 -0.4779 -0.3633
vn 0.7799 -0.4357 -0.4493
vn 0.7624 -0.4252 -0.4877
vn 0.7623 -0.4244 -0.4887
vn 0.7623 -0.4242 -0.4888
vn 0.8837 -0.1658 -0.4377
vn 0.8853 -0.1591 -0.4370
vn 0.8853 -0.1590 -0.4370
vn 0.8794 -0.2168 -0.4238
vn 0.8846 -0.2447 -0.3970
vn 0.8552 0.4536 -0.2508
vn 0.8562 0.4513 -0.2515
vn 0.8594 0.4442 -0.2534
vn 0.5549 0.7501 -0.3598
vn 0.2384 0.9064 -0.3488
vn 0.8469 0.3432 -0.4061
vn 0.8471 0.3396 -0.4087
vn 0.8490 0.3395 -0.4048
vn 0.8470 0.3084 -0.4331
vn 0.8475 0.3439 -0.4044
vn 0.8492 0.3397 -0.4044
vn 0.7096 -0.3449 0.6144
vn 0.8476 0.0566 0.5276
vn 0.8863 0.0969 0.4528
vn 0.0529 0.4911 0.8695
vn 0.0529 0.5172 0.8542
vn 0.0561 0.5515 0.8323
vn 0.7432 0.4168 0.5234
vn 0.9698 -0.2411 0.0377
vn 0.7329 0.1201 0.6697
vn 0.2015 0.1851 0.9618
vn 0.2129 0.2477 0.9452
vn 0.0543 0.6088 0.7915
vn 0.7687 -0.0057 0.6396
vn 0.8103 0.0779 0.5808
vn 0.8737 0.0956 0.4770
vn 0.8450 -0.2826 0.4540
vn 0.8832 -0.1828 0.4320
vn 0.9183 -0.1685 0.3583
vn 0.7947 -0.5705 0.2071
vn 0.7934 -0.5721 0.2077
vn 0.7933 -0.5722 0.2080
vn 0.7938 -0.5706 0.2104
vn 0.7940 -0.5705 0.2099
vn 0.8651 -0.4436 0.2342
vn 0.1782 0.0994 -0.9790
vn -0.1779 -0.0459 -0.9830
vn -0.1367 -0.0964 -0.9859
vn -0.1407 -0.1267 -0.9819
vn -0.2553 -0.1125 -0.9603
vn -0.2601 -0.1045 -0.9599
vn -0.2546 -0.1138 -0.9603
vn -0.2603 -0.1259 -0.9573
vn -0.2699 -0.4269 -0.8631
vn -0.5896 -0.4323 -0.6823
vn -0.6477 -0.5150 -0.5614
vn 0.4767 -0.0890 -0.8745
vn 0.4758 -0.0909 -0.8748
vn 0.4767 -0.0890 -0.8746
vn 0.0757 0.1612 -0.9840
vn 0.0523 0.2188 -0.9744
vn 0.3726 0.0862 -0.9240
vn -0.0766 0.1792 -0.9808
vn -0.0766 0.1789 -0.9809
vn -0.0767 0.1780 -0.9810
vn -0.0675 0.1919 -0.9791
vn -0.0648 0.1825 -0.9811
vn -0.0676 0.1923 -0.9790
vn -0.5478 0.2973 -0.7820
vn -0.6860 0.4134 -0.5987
vn -0.5175 0.5176 -0.6814
vn -0.2540 0.6799 -0.6879
vn -0.1761 0.5827 -0.7934
vn 0.2476 0.6112 -0.7518
vn 0.7148 0.0160 -0.6992
vn 0.6210 0.2119 -0.7546
vn 0.3563 0.3896 -0.8493
vn 0.1507 0.1415 -0.9784
vn 0.2079 0.0010 -0.9782
vn 0.3475 -0.0457 -0.9366
vn 0.5799 -0.7985 -0.1619
vn 0.7610 -0.6488 -0.0044
vn 0.6609 -0.7403 -0.1232
vn 0.5447 -0.1047 -0.8321
vn 0.6839 0.1344 -0.7171
vn 0.5629 -0.0992 -0.8205
vn 0.5117 -0.1590 -0.8443
vn 0.5121 -0.1589 -0.8441
vn 0.5113 -0.1591 -0.8445
vn 0.4280 -0.1787 -0.8860
vn 0.3922 -0.2051 -0.8967
vn 0.2616 -0.3549 -0.8976
vn 0.4467 -0.7625 -0.4680
vn -0.0020 0.6640 -0.7477
vn -0.0627 0.7856 -0.6156
vn -0.2726 0.7227 -0.6352
vn -0.5421 0.1493 -0.8269
vn -0.5335 0.7625 -0.3660
vn -0.8559 0.5156 -0.0406
vn -0.6074 0.0991 -0.7882
vn -0.8624 0.1165 -0.4926
vn -0.8623 0.1160 -0.4930
vn -0.8903 0.0304 -0.4544
vn 0.8562 0.2483 0.4530
vn 0.9416 -0.0418 0.3342
vn 0.4225 0.2729 0.8643
vn 0.9820 -0.1886 -0.0086
vn 0.7500 -0.1319 0.6481
vn 0.8721 -0.2396 0.4265
vn 0.9184 0.0544 -0.3919
vn 0.9182 0.0546 -0.3923
vn 0.9184 0.0544 -0.3918
vn 0.9424 0.1339 -0.3065
vn 0.9035 0.3616 -0.2301
vn 0.9387 -0.1073 -0.3276
vn 0.9272 -0.1892 -0.3234
vn 0.9376 0.0882 -0.3363
vn 0.1201 -0.6906 0.7132
vn 0.0293 -0.7132 0.7004
vn -0.1471 -0.5745 0.8052
vn 0.7859 -0.6173 -0.0354
vn 0.8058 -0.5918 -0.0202
vn 0.7521 -0.6589 -0.0143
vn 0.3069 -0.8661 -0.3945
vn 0.2682 -0.8894 -0.3703
vn 0.2872 -0.8964 -0.3376
vn -0.5417 -0.8392 0.0485
vn -0.5393 -0.8406 0.0502
vn -0.5386 -0.8410 0.0506
vn -0.5189 -0.8333 -0.1904
vn -0.5738 -0.7649 -0.2926
vn -0.7369 -0.0458 -0.6745
vn -0.5951 0.3657 -0.7157
vn -0.8559 -0.0141 -0.5169
vn -0.8535 -0.0261 -0.5204
vn -0.8565 -0.0148 -0.5160
vn -0.7613 0.2732 -0.5880
vn -0.7439 0.3168 -0.5884
vn -0.7668 0.3184 -0.5574
vn -0.9597 -0.0059 0.2809
vn -0.9347 -0.0122 0.3553
vn -0.9294 0.1267 0.3468
vn -0.9304 0.1261 0.3441
vn -0.9287 0.1270 0.3483
vn -0.9830 -0.1726 -0.0620
vn -0.9768 -0.2136 -0.0182
vn -0.9785 -0.1982 -0.0570
vn -0.7519 -0.1686 0.6374
vn -0.1895 -0.5045 0.8423
vn -0.2558 -0.0733 0.9640
vn -0.0535 0.5065 0.8606
vn -0.0545 0.5064 0.8606
vn -0.0441 0.5052 0.8619
vn -0.2116 0.6729 0.7089
vn -0.0278 0.5351 0.8443
vn 0.2219 0.8554 0.4681
vn 0.1448 0.9219 0.3593
vn 0.2476 0.7330 0.6336
vn 0.6137 -0.2948 0.7325
vn 0.6088 -0.3014 0.7339
vn 0.6139 -0.2944 0.7325
vn 0.6149 -0.1719 0.7697
vn 0.7003 -0.1249 0.7028
vn 0.2482 0.8818 0.4009
vn 0.2397 0.9190 0.3131
vn 0.3415 0.9275 0.1517
vn -0.1264 0.5451 0.8288
vn 0.1110 0.5548 0.8245
vn 0.2167 0.3635 0.9060
vn -0.6577 0.5391 -0.5261
vn -0.2967 0.8132 -0.5008
vn -0.7589 0.6457 -0.0851
vn -0.2073 0.8814 -0.4245
vn -0.2093 0.8816 -0.4231
vn -0.2093 0.8814 -0.4234
vn -0.4625 0.8174 -0.3433
vn -0.0249 0.7421 -0.6698
vn 0.0537 0.7061 -0.7061
vn -0.9442 0.3210 0.0739
vn 0.2548 0.4503 0.8558
vn 0.3470 0.9218 0.1732
vn 0.6123 -0.2667 0.7443
vn 0.4629 0.7049 0.5375
vn 0.2538 0.5014 0.8272
vn -0.5205 0.3341 0.7858
vn -0.9765 -0.1809 -0.1170
vn -0.9735 0.2091 0.0932
vn -0.7834 0.3223 -0.5313
vn -0.8870 -0.1523 -0.4359
vn -0.5724 -0.8199 -0.0128
vn 0.3899 -0.8629 -0.3214
vn 0.7218 -0.6836 -0.1083
vn -0.2588 -0.8013 0.5395
vn 0.9305 0.0811 -0.3571
vn 0.5256 0.3985 -0.7516
vn 0.9631 -0.2179 0.1581
vn 0.0223 0.2904 0.9566
vn -0.5264 0.3235 -0.7863
vn -0.3348 0.3532 -0.8736
vn -0.4130 0.5739 -0.7072
vn 0.4030 -0.8900 -0.2132
vn 0.3507 -0.1945 -0.9161
vn 0.3855 0.2135 -0.8977
vn 0.6393 -0.7538 -0.1519
vn 0.3013 0.2367 -0.9237
vn 0.4110 0.0649 -0.9093
vn 0.0401 0.7872 -0.6154
vn -0.4877 0.5223 -0.6995
vn 0.4602 0.1599 -0.8733
vn 0.4928 0.1319 -0.8601
vn -0.1775 -0.3870 -0.9048
vn -0.0186 -0.0375 -0.9991
vn 0.2707 -0.0151 -0.9626
vn 0.9067 -0.3906 0.1594
vn 0.8809 -0.1782 0.4384
vn 0.9558 -0.1881 0.2261
vn -0.2320 0.0959 0.9680
vn 0.1732 0.2796 0.9444
vn 0.0231 0.5324 0.8462
vn 0.9805 -0.0407 0.1922
vn 0.8585 0.3413 -0.3828
vn 0.8016 0.5128 -0.3075
vn 0.9089 -0.1616 -0.3845
vn 0.7704 -0.4252 -0.4751
vn 0.7195 -0.4111 -0.5597
vn -0.2451 -0.8937 0.3758
vn -0.0836 -0.9733 -0.2135
vn -0.6683 -0.7425 -0.0451
vn 0.3918 -0.8007 0.4532
vn 0.2681 -0.9493 -0.1641
vn 0.5390 -0.5378 0.6483
vn 0.5637 -0.7781 -0.2773
vn 0.2278 -0.9009 -0.3695
vn 0.5181 -0.6981 -0.4942
vn 0.0681 -0.9971 0.0338
vn 0.0080 -0.9745 -0.2241
vn -0.3310 -0.9416 0.0618
vn -0.2760 0.3829 -0.8816
vn -0.9880 -0.1288 -0.0857
vn -0.6344 0.1671 -0.7547
vn -0.8632 0.0159 -0.5047
vn -0.9952 0.0719 0.0669
vn -0.9334 0.2681 0.2385
vn -0.7278 0.3911 0.5633
vn -0.8371 0.2759 0.4725
vn -0.5891 0.2408 0.7713
vn -0.9560 -0.2425 0.1652
vn -0.9909 0.1001 0.0896
vn -0.9626 -0.0269 -0.2697
vn -0.5976 0.2062 0.7748
vn -0.4916 -0.0761 0.8675
vn -0.3342 -0.2400 0.9114
vn 0.0115 0.7579 0.6523
vn -0.5596 0.4992 0.6616
vn -0.8384 0.5254 0.1453
vn 0.4940 0.2016 0.8457
vn 0.9317 0.3610 0.0410
vn -0.6094 0.5638 0.5574
vn 0.2414 0.0911 0.9662
vn 0.0603 -0.0071 0.9982
vn 0.3011 -0.1774 0.9369
vn -0.3494 0.6273 0.6960
vn -0.3128 0.7953 0.5193
vn 0.3298 0.4639 0.8222
vn -0.2019 0.9657 -0.1635
vn 0.4901 0.7379 0.4640
vn -0.5858 0.4143 0.6966
vn 0.4776 0.5895 -0.6515
vn -0.3081 0.4920 -0.8142
vn -0.2112 0.8860 -0.4127
vn 0.0117 0.9483 -0.3173
vn -0.2561 0.6521 -0.7136
vn 0.0738 0.7734 -0.6296
vn 0.5558 0.1654 -0.8147
vn 0.2182 0.7711 -0.5981
vn 0.4365 0.5245 -0.7310
vn -0.1957 0.9711 -0.1368
vn -0.3999 0.8511 -0.3400
vn 0.5699 0.7905 -0.2244
vn 0.6699 0.5471 -0.5019
vn 0.2539 0.8452 -0.4702
vn 0.5207 0.7888 -0.3266
vn 0.5143 0.7208 -0.4647
vn -0.0862 0.8667 -0.4914
vn -0.6518 -0.1255 -0.7480
vn -0.7808 0.2042 -0.5904
vn 0.3723 0.8678 -0.3293
vn -0.6075 0.7932 0.0424
vn -0.0349 0.7273 -0.6854
vn -0.5843 0.7498 -0.3106
vn -0.3253 0.4364 0.8389
vn -0.5075 0.7586 0.4086
vn -0.9020 0.3808 0.2036
vn -0.3684 0.4747 0.7993
vn -0.5791 0.8076 -0.1112
vn 0.4916 0.8657 -0.0942
vn 0.1522 0.9652 -0.2127
vn 0.1590 0.9796 0.1226
vn 0.0467 0.8724 0.4866
vn -0.1900 0.7135 0.6744
vn -0.0691 0.7722 0.6316
vn 0.5980 0.7694 0.2245
vn -0.5209 0.7828 0.3403
vn -0.2864 0.8511 0.4399
vn -0.3625 0.7419 0.5640
vn -0.9491 0.3117 -0.0443
vn -0.7479 0.5581 0.3594
vn -0.3198 0.6910 0.6482
vn 0.1074 0.2452 0.9635
vn -0.3476 0.1352 0.9278
vn 0.3495 0.1557 0.9239
vn 0.4699 0.1256 0.8738
vn 0.5242 -0.2849 0.8026
vn 0.0525 -0.5195 0.8528
vn 0.0892 -0.4581 0.8844
vn 0.5463 -0.0711 0.8345
vn 0.5455 0.1321 0.8276
vn 0.2351 0.0977 0.9671
vn 0.9989 0.0126 -0.0447
vn -0.9831 -0.1017 -0.1523
vn 0.3430 -0.0573 0.9376
vn 0.1258 -0.1642 0.9784
vn -0.2806 0.2587 0.9243
vn 0.5684 -0.2646 0.7791
vn 0.7643 -0.4338 0.4771
vn 0.8917 0.0132 0.4523
vn -0.6092 0.1345 0.7815
vn 0.7698 0.1616 0.6175
vn 0.5104 0.8574 -0.0656
vn -0.5135 -0.1011 0.8521
vn -0.0707 0.0064 0.9975
vn 0.2666 0.4798 0.8359
vn -0.8923 0.1600 0.4221
vn -0.1641 0.2096 0.9639
vn -0.4276 0.8520 0.3023
vn -0.4768 -0.1163 0.8713
vn -0.1805 -0.1663 0.9694
vn -0.1592 -0.1684 0.9728
vn -0.3873 -0.1444 0.9106
vn -0.2970 -0.3987 0.8676
vn -0.2117 -0.0948 0.9727
vn -0.3518 0.3395 0.8723
vn -0.3287 -0.1786 0.9274
vn -0.4802 0.0986 0.8716
vn -0.9542 -0.1170 -0.2755
vn -0.9807 -0.1182 0.1560
vn -0.9720 0.1693 0.1632
vn -0.7845 -0.4445 -0.4324
vn -0.7025 -0.6929 -0.1624
vn -0.8874 0.4606 0.0185
vn -0.8531 -0.4716 0.2231
vn -0.9078 -0.3950 0.1406
vn -0.8713 -0.1463 0.4684
vn -0.6815 0.2894 0.6722
vn 0.1562 0.4461 0.8812
vn 0.1966 0.5167 0.8333
vn -0.9845 0.1575 0.0770
vn -0.9598 0.2038 0.1929
vn 0.0903 0.5202 0.8493
vn -0.9039 0.2927 0.3118
vn -0.4143 0.1922 0.8896
vn -0.9887 -0.0328 -0.1461
vn -0.7824 -0.3179 0.5355
vn -0.9686 0.2477 0.0189
vn -0.9059 0.4216 0.0410
vn -0.6486 0.2970 -0.7008
vn -0.7125 0.2262 -0.6642
vn -0.9756 0.2085 0.0690
vn -0.8999 0.1243 -0.4181
vn -0.9808 -0.1044 -0.1647
vn -0.8349 0.0249 -0.5498
vn -0.9205 -0.3168 -0.2287
vn -0.6403 0.1940 -0.7432
vn -0.7849 -0.6192 -0.0225
vn -0.8256 -0.4981 0.2650
vn -0.9857 -0.1506 0.0753
vn 0.0325 0.1424 -0.9893
vn -0.6326 -0.2766 -0.7234
vn -0.8093 0.2676 -0.5229
vn 0.2938 -0.8206 -0.4902
vn 0.5143 -0.7379 -0.4370
vn 0.5140 -0.7398 -0.4341
vn 0.5143 -0.7378 -0.4372
vn -0.4230 -0.9020 -0.0862
vn -0.1147 -0.9428 -0.3129
vn -0.0696 -0.8888 -0.4531
vn -0.0253 -0.9386 -0.3440
vn -0.1482 -0.9873 0.0574
vn -0.0605 -0.9830 -0.1735
vn 0.0469 -0.9850 -0.1660
vn 0.5951 -0.7544 -0.2770
vn 0.4897 -0.5331 -0.6899
vn 0.6826 -0.5273 -0.5059
vn 0.1125 -0.9423 -0.3152
vn 0.2236 -0.8687 -0.4421
vn 0.1735 -0.7212 -0.6706
vn -0.0287 -0.9432 -0.3310
vn -0.1139 -0.6621 -0.7407
vn 0.2138 -0.9327 -0.2905
vn 0.5278 -0.7380 0.4205
vn 0.0064 -0.9974 -0.0722
vn 0.4603 -0.8876 -0.0148
vn -0.0817 -0.9966 -0.0066
vn 0.0116 -0.9730 0.2305
vn 0.3573 -0.9047 0.2323
vn -0.2136 -0.8064 0.5514
vn -0.0895 -0.7874 0.6099
vn 0.4561 -0.8493 0.2659
vn -0.0070 -0.9804 -0.1968
vn -0.1380 -0.9712 0.1943
vn -0.4701 -0.7697 0.4320
vn -0.4188 -0.9065 0.0531
vn -0.2255 -0.9716 0.0710
vn -0.2255 -0.9715 0.0728
vn 0.1101 -0.9927 0.0498
vn -0.5218 -0.8473 0.0991
vn -0.5780 -0.7461 -0.3306
vn -0.2593 -0.8935 -0.3667
vn 0.7999 -0.0169 -0.5999
vn 0.4693 0.0350 -0.8824
vn 0.5016 -0.5831 -0.6391
vn 0.7736 -0.5105 -0.3755
vn 0.5276 -0.2958 -0.7963
vn 0.3870 -0.3483 -0.8538
vn 0.8869 -0.1522 -0.4362
vn 0.8558 -0.2732 -0.4394
vn 0.8876 -0.3879 -0.2483
vn 0.8603 0.4421 -0.2540
vn 0.8310 0.2891 -0.4753
vn 0.0670 0.8787 -0.4726
vn 0.9126 -0.0482 -0.4059
vn 0.7928 -0.2932 -0.5344
vn 0.8209 0.3479 -0.4529
vn 0.8809 0.3999 0.2530
vn 0.9960 0.0675 0.0592
vn 0.9495 0.2872 -0.1262
vn 0.3064 0.1549 0.9392
vn 0.9754 0.2206 0.0049
vn 0.2897 0.9468 -0.1402
vn 0.8399 0.0693 0.5383
vn 0.3991 0.3928 -0.8285
vn 0.9406 -0.2621 -0.2159
vn 0.7047 -0.2498 0.6641
vn 0.7959 0.0705 0.6013
vn 0.0313 0.5468 0.8367
vn 0.7641 -0.0764 0.6405
vn 0.7253 -0.1623 0.6690
vn 0.6179 0.7041 0.3501
vn 0.5912 -0.6541 0.4719
vn 0.9165 -0.3906 -0.0861
vn 0.9872 -0.1450 0.0664
vn 0.5689 -0.8145 -0.1137
vn 0.4100 -0.8477 0.3366
vn 0.9077 -0.3165 0.2755
vn 0.1656 -0.1084 -0.9802
vn -0.4888 -0.2366 -0.8397
vn -0.4538 -0.1473 -0.8788
vn -0.1316 -0.2142 -0.9679
vn -0.3211 -0.0042 -0.9470
vn -0.5146 -0.0457 -0.8562
vn -0.1532 -0.6707 -0.7257
vn -0.1051 -0.6262 -0.7725
vn -0.5049 -0.0458 -0.8620
vn 0.4775 -0.0873 -0.8743
vn -0.3017 0.0914 -0.9490
vn -0.1690 0.2411 -0.9557
vn 0.3889 0.1905 -0.9014
vn -0.4848 0.2219 -0.8460
vn -0.3948 0.1527 -0.9060
vn -0.5381 0.3348 -0.7736
vn 0.0163 0.3188 -0.9477
vn -0.0441 0.4008 -0.9151
vn 0.3671 0.0954 -0.9253
vn -0.1877 0.2429 -0.9517
vn 0.2907 0.5880 -0.7548
vn 0.7289 -0.3348 -0.5972
vn 0.1162 0.0960 -0.9886
vn 0.1267 0.4816 -0.8672
vn 0.3428 -0.3927 -0.8534
vn 0.6510 -0.4444 -0.6154
vn 0.3827 -0.0547 -0.9223
vn 0.5971 -0.0989 -0.7961
vn 0.7886 -0.2107 -0.5777
vn -0.0698 -0.3041 -0.9501
vn 0.5512 -0.3530 -0.7560
vn 0.9886 -0.0381 -0.1459
vn 0.8941 0.0253 -0.4471
vn 0.5125 -0.2261 -0.8284
vn 0.5579 -0.0019 -0.8299
vn 0.2627 0.1090 -0.9587
vn 0.4086 0.2192 -0.8860
vn 0.6384 -0.7696 -0.0119
vn 0.3286 0.1439 -0.9334
vn 0.2218 0.2341 -0.9466
vn -0.5652 0.5562 -0.6093
vn -0.5456 0.4847 -0.6837
vn 0.1575 0.2930 -0.9430
vn -0.3432 0.2274 -0.9113
vn -0.6032 0.1365 -0.7858
vn -0.3786 0.0398 -0.9247
vn -0.2476 0.1759 -0.9528
vn 0.8668 0.2336 0.4405
vn 0.8403 0.1240 0.5277
vn 0.7763 -0.2862 0.5616
vn 0.9370 0.2592 0.2342
vn 0.2881 0.1527 0.9453
vn 0.0431 0.4880 0.8718
vn 0.8745 -0.4522 -0.1751
vn 0.9616 0.0675 -0.2660
vn 0.8384 0.4605 -0.2917
vn 0.8453 -0.4327 -0.3134
vn 0.7782 -0.4620 -0.4255
vn 0.8285 -0.1923 -0.5259
vn 0.1496 -0.6960 0.7023
vn 0.1728 -0.9628 -0.2079
vn -0.0029 -0.9108 0.4128
vn 0.5265 -0.8489 0.0462
vn 0.6362 -0.6846 0.3558
vn 0.7355 -0.4522 0.5046
vn 0.0095 -0.9414 -0.3371
vn 0.3028 -0.8409 -0.4485
vn 0.2261 -0.7525 -0.6186
vn -0.3531 -0.9331 0.0683
vn -0.0905 -0.9562 -0.2785
vn 0.2713 -0.7346 -0.6219
vn -0.6954 -0.1750 -0.6970
vn -0.7103 0.3861 -0.5885
vn -0.9470 0.0396 -0.3187
vn -0.8402 -0.0121 -0.5422
vn -0.9899 -0.0615 -0.1277
vn -0.8406 0.4608 -0.2847
vn -0.9480 -0.1953 0.2513
vn -0.9008 0.1364 0.4122
vn -0.9283 0.1272 0.3494
vn -0.9368 -0.3416 -0.0760
vn -0.9161 -0.3011 0.2647
vn -0.6231 0.4075 0.6676
vn -0.7406 -0.5129 0.4341
vn 0.0510 -0.5259 0.8490
vn 0.0298 -0.4360 0.8994
vn -0.1025 0.4563 0.8839
vn -0.9050 0.4246 0.0257
vn -0.7275 0.6683 0.1552
vn 0.2331 0.8036 0.5476
vn 0.6807 0.6129 0.4012
vn 0.4018 0.7830 0.4748
vn 0.6063 0.0680 0.7923
vn 0.4201 0.2070 0.8835
vn 0.5867 -0.1526 0.7953
vn 0.0847 0.8881 0.4518
vn -0.0817 0.9303 0.3575
vn 0.1645 0.9853 0.0453
vn -0.5238 0.4813 0.7028
vn 0.1880 0.6349 0.7494
vn -0.0724 0.4813 0.8735
vn -0.2501 0.8204 -0.5142
vn 0.3749 0.9160 0.1429
vn -0.5899 0.6859 0.4261
vn -0.2069 0.8814 -0.4247
vn -0.3144 0.8799 -0.3563
vn 0.0490 0.9252 -0.3764
vn -0.5267 0.8128 -0.2488
vn -0.5030 0.8576 -0.1075
vn -0.0492 0.9983 -0.0308
vn -0.1043 0.9141 -0.3918
vn 0.1412 0.6997 -0.7003
vn -0.3426 0.7032 -0.6231
vn -0.0980 0.8893 -0.4467
vn -0.3657 0.8174 -0.4451
vn -0.0437 0.9757 0.2148
vn 0.1724 0.9793 -0.1061
vn -0.1834 0.9668 0.1777
vn 0.5966 0.7146 -0.3653
vn 0.6771 0.7358 -0.0091
vn 0.6885 0.7079 -0.1575
vn -0.0266 0.7343 -0.6783
vn 0.3037 0.7408 -0.5991
vn 0.2220 0.9750 -0.0127
vn -0.1148 0.4355 0.8928
vn -0.5436 0.3114 0.7795
vn -0.0452 0.6963 0.7163
vn 0.1807 0.7642 0.6191
vn 0.3278 0.6919 0.6433
vn -0.4140 0.8252 0.3842
vn -0.1998 0.8081 0.5542
vn -0.1522 0.5477 0.8227
vn 0.2304 0.9178 0.3233
vn 0.4105 0.6570 0.6323
vn 0.1674 0.6176 0.7685
vn -0.1696 0.8692 0.4644
vn -0.2012 0.8651 0.4595
vn -0.1463 0.9164 0.3726
vn 0.1178 0.6302 0.7675
vn 0.0036 0.8445 0.5355
vn -0.0311 0.9071 0.4197
vn 0.4686 -0.1994 0.8606
vn 0.5144 -0.1447 0.8452
vn 0.4322 -0.0372 0.9010
vn 0.5400 0.0889 0.8369
vn 0.4672 0.2261 0.8548
vn 0.4724 0.1946 0.8597
vn 0.4668 0.1493 0.8717
vn 0.4296 0.1386 0.8923
vn 0.5651 0.2682 0.7802
vn 0.3214 0.8782 0.3542
vn 0.2122 0.4933 0.8436
vn 0.1332 0.7659 0.6290
vn 0.8088 0.3981 0.4329
vn 0.8983 0.2707 0.3462
vn 0.7402 0.3779 0.5561
vn 0.3029 0.7531 0.5840
vn 0.1959 0.6853 0.7014
vn 0.1815 0.8754 0.4480
vn -0.7999 0.6001 -0.0055
vn -0.7278 0.6693 0.1496
vn -0.7202 0.6721 0.1720
vn -0.7544 0.6435 0.1299
vn -0.7413 0.4981 0.4499
vn -0.7825 0.4795 0.3971
vn 0.1359 0.7714 0.6217
vn -0.4645 0.8351 0.2947
vn -0.3287 0.5299 0.7818
vn 0.0562 -0.4497 0.8914
vn -0.1249 -0.2647 0.9562
vn -0.0513 -0.3542 0.9338
vn -0.2443 -0.1641 0.9557
vn -0.4540 -0.0967 0.8858
vn -0.2611 -0.1602 0.9519
vn -0.3917 -0.4105 0.8235
vn -0.3395 -0.3269 0.8820
vn -0.1889 -0.6207 0.7610
vn -0.8230 0.1919 0.5346
vn -0.5378 0.0754 0.8397
vn -0.5010 0.3109 0.8077
vn -0.8566 -0.1961 0.4773
vn -0.6350 -0.0350 0.7718
vn -0.6327 0.0873 0.7695
vn -0.9564 -0.2896 0.0382
vn -0.9205 -0.3871 0.0535
vn -0.9097 -0.4137 -0.0350
vn -0.8869 0.0075 0.4620
vn -0.8275 0.0657 0.5576
vn -0.8459 0.1073 0.5224
vn -0.9649 0.2627 0.0062
vn -0.9258 0.2865 0.2467
vn -0.8943 0.1365 0.4262
vn -0.9121 -0.0211 0.4095
vn -0.9990 -0.0414 0.0171
vn -0.9241 -0.1020 0.3683
vn -0.8878 0.3540 -0.2942
vn -0.8256 0.4546 -0.3341
vn -0.7291 0.6060 -0.3182
vn -0.9862 -0.0609 -0.1540
vn -0.9995 -0.0071 0.0310
vn -0.9866 -0.0603 0.1514
vn -0.8539 -0.0082 -0.5204
vn -0.8595 -0.0395 -0.5096
vn -0.8453 -0.0396 -0.5328
vn -0.8268 0.3656 -0.4275
vn -0.8127 0.3937 -0.4295
vn -0.9365 0.1072 -0.3337
vn -0.7235 0.2318 -0.6502
vn -0.8567 0.1706 -0.4868
vn -0.7825 0.3473 -0.5167
vn -0.4185 -0.0513 -0.9068
vn -0.3140 0.1432 -0.9386
vn -0.5502 0.2352 -0.8012
vn -0.0338 -0.8868 -0.4609
vn 0.3902 -0.7153 -0.5797
vn 0.2629 -0.7164 -0.6463
vn -0.0470 -0.9806 -0.1901
vn -0.0211 -0.9808 -0.1936
vn 0.0328 -0.9528 -0.3017
vn -0.0500 -0.9958 0.0767
vn -0.0957 -0.9944 -0.0448
vn -0.2178 -0.9677 -0.1270
vn 0.2358 -0.8141 -0.5306
vn 0.3517 -0.7483 -0.5625
vn 0.3394 -0.6789 -0.6511
vn 0.3367 -0.8758 -0.3459
vn 0.3899 -0.8549 -0.3422
vn 0.4185 -0.7718 -0.4787
vn 0.3480 -0.9044 -0.2469
vn 0.3389 -0.8951 -0.2897
vn 0.2015 -0.9110 -0.3597
vn 0.7089 -0.5265 0.4693
vn 0.7198 -0.5795 0.3823
vn 0.6584 -0.5611 0.5016
vn 0.7160 -0.6743 0.1809
vn 0.7173 -0.6470 0.2587
vn 0.6252 -0.7282 0.2808
vn 0.6262 -0.7475 0.2217
vn 0.6377 -0.7290 0.2489
vn 0.6288 -0.7754 0.0581
vn 0.2464 -0.9585 0.1432
vn -0.0828 -0.9963 0.0249
vn -0.3315 -0.9020 0.2764
vn 0.2093 -0.9484 -0.2383
vn 0.2203 -0.8849 -0.4105
vn 0.1612 -0.9491 -0.2705
vn -0.0346 -0.8500 0.5256
vn -0.1379 -0.8945 0.4253
vn -0.0586 -0.7038 0.7080
vn 0.8334 0.1043 -0.5427
vn 0.7897 0.3870 -0.4760
vn 0.7466 -0.3978 -0.5332
vn 0.8242 -0.4732 -0.3112
vn 0.8520 -0.3963 -0.3422
vn 0.8443 -0.0982 -0.5267
vn 0.8359 -0.4150 -0.3593
vn 0.8308 -0.4581 -0.3161
vn 0.8180 -0.4881 -0.3044
vn 0.9599 0.1172 -0.2548
vn 0.9676 0.0750 -0.2411
vn 0.7917 0.3549 -0.4973
vn 0.9269 0.3220 -0.1931
vn 0.9187 0.3529 -0.1773
vn 0.9165 0.2927 -0.2728
vn 0.9269 -0.2445 -0.2847
vn 0.9519 0.2800 0.1247
vn 0.9478 0.0445 -0.3156
vn 0.1847 0.2963 0.9370
vn 0.1500 0.5332 0.8326
vn 0.1513 0.5464 0.8238
vn 0.2414 0.1347 0.9610
vn 0.4510 0.2321 0.8618
vn 0.2618 0.3830 0.8859
vn -0.1598 0.5375 0.8280
vn -0.3879 0.2674 0.8821
vn 0.4270 0.2708 0.8628
vn 0.9398 -0.1157 0.3215
vn 0.8348 -0.0851 0.5440
vn 0.9317 -0.1889 0.3104
vn 0.8133 0.2457 0.5275
vn 0.8374 0.1068 0.5361
vn 0.8391 0.1064 0.5335
vn 0.8393 0.1060 0.5332
vn 0.7976 0.0171 0.6030
vn 0.8000 0.3462 0.4901
vn 0.7444 0.3655 0.5589
vn 0.8343 0.1665 0.5255
vn -0.3252 0.1625 -0.9316
vn 0.3322 0.1318 -0.9340
vn 0.4206 0.1309 -0.8978
vn -0.5178 0.0716 -0.8525
vn 0.2047 0.0191 -0.9786
vn 0.2698 0.0055 -0.9629
vn -0.2569 -0.2813 -0.9246
vn -0.8115 -0.0114 -0.5842
vn -0.8935 0.0162 -0.4488
vn 0.2509 0.2475 -0.9358
vn 0.3355 -0.0524 -0.9406
vn 0.3496 -0.0439 -0.9359
vn -0.0123 0.3424 -0.9395
vn 0.4142 0.1465 -0.8983
vn 0.3168 0.0174 -0.9483
vn -0.5607 0.4384 -0.7024
vn -0.5401 0.5005 -0.6766
vn -0.4734 0.8306 -0.2933
vn -0.3695 0.6769 -0.6366
vn -0.2933 0.7480 -0.5953
vn -0.4521 0.7771 -0.4378
vn 0.2752 0.0732 -0.9586
vn 0.2282 0.0985 -0.9686
vn 0.2539 0.1827 -0.9498
vn 0.4159 0.1018 -0.9037
vn 0.4761 0.0583 -0.8775
vn 0.3634 0.1961 -0.9108
vn 0.7497 -0.5637 -0.3468
vn 0.7112 -0.5899 -0.3823
vn 0.6623 -0.7368 -0.1359
vn 0.5169 -0.0063 -0.8560
vn 0.4362 0.0536 -0.8983
vn 0.4305 0.1275 -0.8936
vn 0.1874 -0.2859 -0.9398
vn 0.1617 -0.1066 -0.9811
vn 0.0734 0.0902 -0.9932
vn 0.6065 -0.0654 -0.7924
vn 0.5544 -0.0957 -0.8268
vn 0.4059 0.1472 -0.9020
vn 0.5247 -0.1379 -0.8400
vn 0.5149 -0.2428 -0.8222
vn 0.5630 -0.1871 -0.8050
vn 0.5325 -0.2077 -0.8206
vn 0.5773 -0.1406 -0.8043
vn 0.5116 -0.1968 -0.8364
vn 0.7971 0.3018 -0.5230
vn 0.6771 0.3116 -0.6667
vn 0.8500 0.1407 -0.5076
vn 0.8919 -0.4376 -0.1144
vn 0.5996 -0.7989 0.0477
vn 0.9702 -0.1929 -0.1466
vn 0.4773 -0.3151 -0.8203
vn 0.6087 -0.4613 -0.6455
vn 0.6765 -0.3609 -0.6420
vn 0.4698 -0.3453 -0.8124
vn 0.4282 0.1528 -0.8907
vn 0.1321 -0.3858 -0.9131
vn 0.9083 -0.3881 -0.1560
vn 0.8775 -0.4266 -0.2193
vn 0.6396 0.3154 -0.7010
vn 0.4673 0.0642 -0.8818
vn 0.9128 0.0612 -0.4037
vn 0.9408 -0.3035 -0.1506
vn 0.4329 -0.0472 -0.9002
vn 0.4204 -0.0747 -0.9042
vn 0.2677 0.0393 -0.9627
vn 0.6849 -0.5947 -0.4209
vn 0.6874 -0.4777 -0.5470
vn 0.6410 -0.4251 -0.6391
vn 0.2887 -0.7846 -0.5487
vn 0.4061 -0.6560 -0.6362
vn 0.3878 -0.5421 -0.7455
vn 0.1584 0.4034 -0.9012
vn 0.1128 0.3594 -0.9264
vn 0.0562 0.5103 -0.8582
vn -0.0383 0.1308 -0.9907
vn 0.1951 0.0986 -0.9758
vn 0.1420 0.0194 -0.9897
vn 0.7684 -0.4576 -0.4473
vn 0.8329 -0.1381 -0.5359
vn 0.7185 -0.1375 -0.6818
vn -0.0446 0.6026 -0.7968
vn 0.0118 0.3831 -0.9236
vn 0.5137 0.2757 -0.8124
vn 0.1234 0.1431 -0.9820
vn -0.0576 0.2475 -0.9672
vn -0.1768 0.3966 -0.9008
vn 0.4268 0.0449 -0.9033
vn 0.3794 0.0573 -0.9234
vn 0.1875 0.1472 -0.9712
vn 0.0852 0.3642 -0.9274
vn 0.4074 0.2270 -0.8846
vn 0.4561 0.2009 -0.8669
vn -0.1170 0.2639 -0.9574
vn 0.3860 0.1902 -0.9027
vn 0.4147 0.2043 -0.8867
vn -0.4920 0.3627 -0.7915
vn -0.8628 0.1830 -0.4713
vn -0.7986 0.2971 -0.5235
vn -0.4408 0.2245 -0.8691
vn -0.4019 0.1408 -0.9048
vn -0.3918 0.1400 -0.9093
vn -0.4744 0.2219 -0.8519
vn -0.4364 0.2334 -0.8690
vn -0.4235 0.2343 -0.8751
vn 0.3529 0.2219 -0.9090
vn -0.0626 0.2382 -0.9692
vn -0.0768 0.1778 -0.9811
vn -0.1955 0.2514 -0.9479
vn -0.2437 0.2016 -0.9487
vn -0.2145 0.1946 -0.9572
vn -0.3363 0.1542 -0.9291
vn -0.3690 0.0367 -0.9287
vn -0.3296 0.0383 -0.9434
vn 0.5001 0.0704 -0.8631
vn 0.0546 0.2626 -0.9634
vn 0.1006 0.2201 -0.9703
vn -0.2855 -0.2580 -0.9230
vn 0.0789 -0.0626 -0.9949
vn 0.1067 -0.0453 -0.9933
vn 0.3688 -0.4110 -0.8337
vn 0.3237 -0.4293 -0.8432
vn 0.1993 -0.2692 -0.9422
vn -0.3005 -0.7682 -0.5652
vn -0.7311 -0.5519 -0.4012
vn -0.5752 -0.3448 -0.7418
vn -0.4453 0.0665 -0.8929
vn 0.0356 0.3567 -0.9335
vn -0.2364 0.2218 -0.9460
vn -0.1811 -0.1031 -0.9780
vn 0.2581 0.1426 -0.9555
vn 0.1737 0.2372 -0.9558
vn -0.1621 -0.2612 -0.9516
vn -0.2489 -0.2825 -0.9264
vn -0.2582 -0.2495 -0.9333
vn -0.4669 -0.1408 -0.8730
vn -0.4826 -0.1851 -0.8561
vn -0.4447 -0.1594 -0.8814
vn -0.5082 -0.2568 -0.8220
vn -0.4930 -0.0567 -0.8682
vn -0.5719 -0.1823 -0.7998
vn 0.0930 0.0235 -0.9954
vn -0.1971 -0.2308 -0.9528
vn -0.1812 -0.2092 -0.9609
vn 0.7843 -0.5444 0.2975
vn 0.8727 -0.3684 0.3203
vn 0.9300 -0.1911 0.3141
vn 0.3890 -0.8165 0.4266
vn 0.5128 -0.7391 0.4368
vn 0.5351 -0.7736 0.3395
vn 0.5665 -0.7809 -0.2630
vn 0.5457 -0.8066 -0.2270
vn 0.5282 -0.8345 -0.1572
vn 0.9892 -0.1455 -0.0197
vn 0.9811 -0.1905 0.0330
vn 0.9645 -0.2478 0.0910
vn 0.9157 -0.4020 0.0005
vn 0.9540 -0.2986 0.0263
vn 0.9617 -0.2664 -0.0641
vn 0.5332 -0.6288 0.5660
vn 0.6346 -0.5247 0.5674
vn 0.6975 -0.5386 0.4727
vn 0.8561 0.0749 0.5114
vn 0.8748 0.1600 0.4572
vn 0.6818 0.6081 0.4067
vn 0.9114 -0.1835 0.3684
vn 0.8273 -0.4136 0.3801
vn 0.6310 -0.3875 0.6721
vn 0.8372 0.1064 0.5364
vn 0.8677 -0.0239 0.4965
vn 0.8056 -0.0819 0.5868
vn 0.3737 0.6289 0.6818
vn 0.1715 0.5526 0.8156
vn 0.2276 0.4776 0.8486
vn 0.6360 -0.0142 0.7715
vn 0.8576 -0.0038 0.5143
vn 0.8132 0.0521 0.5796
vn 0.3186 -0.0067 0.9479
vn 0.2974 -0.0000 0.9548
vn 0.6879 -0.1480 0.7105
vn 0.5161 0.4361 -0.7372
vn 0.9096 -0.3873 0.1507
vn 0.8654 -0.1377 -0.4817
vn 0.6431 0.4828 -0.5944
vn 0.5580 0.7852 -0.2684
vn 0.9185 0.3218 -0.2296
vn 0.9777 0.1083 0.1800
vn 0.9018 0.2713 -0.3365
vn 0.9975 0.0380 -0.0590
vn 0.6787 0.6799 -0.2775
vn 0.7588 0.4990 -0.4185
vn 0.5641 0.7663 -0.3075
vn 0.9912 -0.1314 -0.0153
vn 0.9014 -0.3847 -0.1986
vn 0.9959 -0.0262 -0.0861
vn 0.1902 0.3518 0.9165
vn 0.4146 0.1678 0.8944
vn 0.3216 0.3430 0.8825
vn 0.9632 0.2418 -0.1170
vn 0.9379 0.2538 -0.2367
vn 0.9177 0.3268 -0.2260
vn 0.9824 0.1844 -0.0293
vn 0.9259 -0.2714 -0.2627
vn 0.9805 0.0027 -0.1963
vn 0.6669 0.7451 -0.0093
vn 0.7276 0.6102 0.3133
vn 0.8527 0.0042 0.5224
vn 0.7800 0.3144 -0.5411
vn 0.8166 0.2524 -0.5192
vn 0.8648 0.2442 -0.4387
vn 0.5557 -0.6534 -0.5142
vn 0.6134 -0.7225 -0.3189
vn 0.7975 -0.3136 -0.5154
vn 0.7702 -0.4577 -0.4442
vn 0.7018 -0.5641 -0.4350
vn 0.8950 -0.1951 -0.4012
vn 0.3902 0.7774 -0.4933
vn 0.4629 0.7988 -0.3842
vn 0.1078 0.9492 -0.2957
vn 0.8494 0.2315 -0.4743
vn 0.8754 0.2444 -0.4171
vn 0.8622 0.3036 -0.4055
vn 0.8850 0.3435 -0.3141
vn 0.8898 0.2295 -0.3943
vn 0.8501 0.3754 -0.3693
vn 0.8615 -0.3789 -0.3380
vn 0.8054 -0.4790 -0.3491
vn 0.8349 -0.4775 -0.2739
vn 0.7863 -0.2538 -0.5633
vn 0.6887 -0.4422 -0.5747
vn 0.7583 -0.4870 -0.4333
vn 0.9015 -0.2076 -0.3797
vn 0.9207 -0.1103 -0.3745
vn 0.9065 -0.1002 -0.4101
vn 0.4337 -0.3289 -0.8389
vn 0.5446 -0.2909 -0.7866
vn 0.4390 -0.2903 -0.8503
vn 0.6680 -0.3394 -0.6622
vn 0.7504 -0.2821 -0.5977
vn 0.6442 -0.2718 -0.7150
vn 0.7621 -0.5075 -0.4021
vn 0.7194 -0.5070 -0.4748
vn 0.5452 0.2491 -0.8005
vn 0.4794 0.2439 -0.8430
vn 0.6084 -0.7173 -0.3397
vn 0.3931 -0.4346 -0.8103
vn 0.3432 -0.4040 -0.8479
vn 0.3813 0.0718 -0.9217
vn 0.7917 -0.3686 -0.4871
vn 0.7982 -0.3677 -0.4771
vn 0.7720 0.0905 -0.6291
vn -0.2630 -0.9209 -0.2878
vn -0.2276 -0.9246 -0.3056
vn -0.1717 -0.8638 -0.4736
vn -0.5938 -0.7694 -0.2355
vn -0.5258 -0.8188 -0.2306
vn -0.5090 -0.7952 -0.3296
vn -0.5010 -0.8631 -0.0635
vn -0.5778 -0.8144 -0.0541
vn -0.6029 -0.7917 0.0986
vn -0.0608 -0.9972 0.0442
vn -0.0456 -0.9973 0.0573
vn 0.0976 -0.9909 0.0932
vn -0.2706 -0.9515 0.1462
vn -0.2066 -0.9687 0.1378
vn -0.2256 -0.9718 0.0692
vn -0.4177 -0.8894 0.1857
vn -0.2680 -0.9480 0.1713
vn -0.3152 -0.9469 0.0642
vn -0.4623 -0.8317 0.3074
vn -0.4807 -0.8081 0.3406
vn -0.5903 -0.7206 0.3639
vn 0.0894 -0.9919 0.0899
vn 0.0187 -0.9864 0.1634
vn -0.2480 -0.9297 0.2723
vn 0.1529 -0.9613 -0.2291
vn 0.1406 -0.9859 -0.0911
vn -0.0782 -0.9937 -0.0809
vn -0.3566 -0.8291 0.4306
vn 0.2875 -0.9558 0.0622
vn 0.2846 -0.8954 0.3424
vn -0.1638 -0.8693 0.4664
vn -0.4292 -0.8171 0.3849
vn -0.4622 -0.8444 0.2707
vn -0.2495 -0.7836 0.5689
vn -0.2203 -0.5875 0.7786
vn -0.2178 -0.7138 0.6656
vn 0.3754 -0.9256 -0.0486
vn 0.2847 -0.9448 -0.1623
vn 0.1276 -0.6567 -0.7433
vn -0.2328 -0.9029 0.3613
vn -0.3847 -0.8899 0.2452
vn -0.2120 -0.9757 0.0558
vn -0.4054 -0.9118 -0.0647
vn -0.4286 -0.9031 -0.0263
vn -0.0732 -0.9906 -0.1152
vn 0.3551 -0.9336 -0.0486
vn 0.4154 -0.9089 -0.0375
vn 0.4354 -0.9001 -0.0130
vn 0.5191 -0.8515 -0.0738
vn 0.3154 -0.9490 0.0003
vn 0.0286 -0.9995 -0.0113
vn 0.4862 -0.8689 0.0927
vn 0.4832 -0.8733 0.0621
vn 0.2609 -0.8791 0.3990
vn 0.1640 -0.8520 -0.4971
vn 0.2934 -0.9409 -0.1695
vn 0.2512 -0.9464 -0.2031
vn 0.2298 -0.5730 -0.7867
vn -0.1737 -0.9840 -0.0404
vn -0.1438 -0.9835 -0.1096
vn -0.3015 -0.9454 -0.1240
vn -0.0187 -0.8984 -0.4387
vn 0.1591 -0.8295 -0.5354
vn 0.2257 -0.8045 -0.5494
vn 0.3229 -0.7669 -0.5546
vn 0.2899 -0.6851 -0.6683
vn 0.0734 -0.9481 -0.3094
vn 0.2071 -0.9569 -0.2036
vn 0.3176 -0.8383 -0.4431
vn -0.4035 -0.9069 -0.1216
vn 0.0783 -0.9352 -0.3453
vn 0.1230 -0.8892 -0.4408
vn 0.6554 -0.4823 -0.5812
vn 0.6429 -0.5626 -0.5198
vn 0.5039 -0.5464 -0.6690
vn 0.5313 -0.5854 -0.6124
vn 0.5138 -0.5879 -0.6249
vn 0.5466 -0.7680 -0.3337
vn 0.0362 -0.9849 -0.1694
vn -0.0484 -0.9726 -0.2276
vn -0.1080 -0.9714 -0.2116
vn -0.1087 -0.9782 -0.1770
vn -0.1355 -0.9889 0.0617
vn -0.1384 -0.9890 0.0522
vn -0.1155 -0.9258 -0.3599
vn -0.1643 -0.8901 -0.4252
vn -0.0429 -0.9270 -0.3726
vn 0.0509 -0.8196 -0.5706
vn -0.1553 -0.7525 -0.6400
vn -0.1644 -0.8642 -0.4755
vn -0.0755 -0.9751 -0.2085
vn 0.0466 -0.9578 -0.2835
vn -0.0185 -0.9553 -0.2949
vn -0.1778 -0.9691 -0.1711
vn -0.6137 -0.7850 -0.0848
vn -0.4287 -0.9014 -0.0606
vn 0.2318 -0.7911 -0.5661
vn 0.4016 -0.7263 -0.5579
vn 0.5140 -0.7400 -0.4338
vn -0.0383 -0.9761 -0.2141
vn 0.0283 -0.9552 -0.2947
vn 0.4399 -0.8208 -0.3643
vn -0.8235 0.1965 -0.5322
vn -0.9494 -0.0535 -0.3095
vn -0.9378 0.0657 -0.3409
vn -0.6632 -0.4061 -0.6287
vn -0.7749 -0.5591 -0.2949
vn -0.8246 -0.4488 -0.3446
vn -0.0692 0.1033 -0.9922
vn -0.1701 -0.1062 -0.9797
vn -0.0687 0.1126 -0.9913
vn -0.9758 -0.1310 0.1752
vn -0.9615 -0.2072 0.1806
vn -0.9684 -0.2213 0.1149
vn -0.8320 -0.4951 0.2502
vn -0.8449 -0.4681 0.2588
vn -0.8384 -0.4737 0.2696
vn -0.7858 -0.6144 -0.0713
vn -0.8435 -0.5224 -0.1251
vn -0.8415 -0.5329 -0.0889
vn -0.6722 0.1826 -0.7175
vn -0.6387 0.1923 -0.7450
vn -0.9806 -0.1419 -0.1353
vn -0.9605 -0.2615 -0.0950
vn -0.8907 -0.4130 -0.1900
vn -0.9464 0.0369 -0.3210
vn -0.9717 -0.1141 -0.2068
vn -0.8695 -0.2025 -0.4506
vn -0.9727 -0.1009 -0.2092
vn -0.9888 -0.0232 -0.1472
vn -0.9979 -0.0611 -0.0217
vn -0.9559 0.0906 -0.2793
vn -0.9457 0.1203 -0.3019
vn -0.9469 0.1208 -0.2978
vn -0.9106 0.1099 -0.3984
vn -0.9167 0.0946 -0.3883
vn -0.9280 0.1380 -0.3461
vn -0.8285 0.4165 -0.3744
vn -0.9240 0.3822 -0.0127
vn -0.8965 0.3501 0.2716
vn -0.5103 0.5241 -0.6818
vn -0.5068 0.5996 -0.6193
vn -0.8016 0.2318 -0.5511
vn -0.5941 0.4153 -0.6889
vn -0.4591 0.5035 -0.7319
vn -0.4744 0.2142 -0.8539
vn -0.9367 0.3449 0.0604
vn -0.9782 0.1874 0.0892
vn -0.9573 0.2772 0.0821
vn -0.9819 0.1878 0.0243
vn -0.9868 0.0892 0.1349
vn -0.9941 0.0300 0.1041
vn -0.9291 0.0282 0.3687
vn -0.9824 0.1249 0.1388
vn -0.9854 0.1006 0.1377
vn -0.7657 0.6405 0.0593
vn -0.9896 0.0957 -0.1076
vn -0.9619 0.1137 0.2488
vn -0.4966 0.5313 0.6863
vn -0.5431 0.5687 0.6178
vn -0.9605 0.2393 -0.1422
vn -0.8578 0.4813 0.1806
vn -0.6800 0.6259 0.3820
vn -0.5912 0.6054 0.5329
vn -0.3327 0.6267 0.7047
vn -0.3948 0.7637 0.5107
vn 0.1038 0.7082 0.6984
vn -0.9432 0.2076 0.2593
vn -0.9476 0.3111 0.0724
vn -0.9898 0.1087 -0.0918
vn -0.9765 0.2024 -0.0741
vn -0.9767 0.2066 0.0576
vn -0.9740 0.2106 0.0831
vn 0.1134 0.4087 0.9056
vn 0.1346 0.3618 0.9225
vn 0.2971 0.4678 0.8324
vn 0.2294 0.6063 0.7615
vn 0.2943 0.6908 0.6605
vn 0.2185 0.4115 0.8848
vn -0.7448 0.4177 0.5204
vn -0.1737 0.6360 0.7519
vn -0.2431 0.3964 0.8853
vn -0.9204 -0.1986 0.3368
vn -0.8997 0.0983 0.4254
vn -0.8143 0.0329 0.5796
vn -0.8650 -0.4680 0.1811
vn -0.8488 -0.4896 0.1998
vn -0.8842 -0.4038 0.2349
vn -0.8703 -0.4554 0.1878
vn -0.8760 -0.4307 0.2168
vn -0.9385 0.3246 0.1178
vn -0.9492 0.2948 0.1106
vn -0.9424 0.3331 0.0293
vn -0.6593 -0.7281 -0.1874
vn -0.7402 -0.6596 -0.1309
vn -0.7706 -0.6346 -0.0579
vn -0.7404 -0.6092 -0.2841
vn -0.6963 -0.6484 -0.3076
vn -0.6573 -0.5504 -0.5147
vn -0.9884 -0.0081 0.1517
vn -0.8877 0.1408 -0.4384
vn -0.6242 0.7655 -0.1560
vn -0.9867 -0.1514 0.0590
vn -0.9515 -0.0948 0.2926
vn -0.9077 -0.2062 -0.3655
vn -0.9764 -0.2105 -0.0484
vn -0.9475 -0.2216 -0.2303
vn -0.9978 -0.0603 -0.0290
vn -0.4111 -0.0875 0.9074
vn -0.4298 -0.0928 0.8981
vn -0.5145 0.0153 0.8574
vn -0.3614 -0.1334 0.9228
vn -0.4622 -0.0708 0.8839
vn -0.4235 -0.1014 0.9002
vn -0.1100 0.4872 0.8663
vn -0.2708 0.0302 0.9622
vn -0.3867 -0.0686 0.9197
vn -0.2840 -0.1266 0.9504
vn -0.2929 -0.0983 0.9511
vn -0.2468 -0.0236 0.9688
vn -0.2396 -0.4144 0.8780
vn -0.2475 -0.4149 0.8756
vn -0.2390 -0.4140 0.8783
vn -0.2482 -0.4145 0.8756
vn -0.3441 -0.4995 0.7951
vn -0.4074 0.0453 0.9121
vn -0.2481 -0.1389 0.9587
vn -0.2808 -0.3993 0.8728
vn -0.2313 -0.2099 0.9500
vn 0.0613 -0.2826 0.9573
vn -0.0069 -0.2560 0.9666
vn -0.2219 -0.1557 0.9625
vn -0.0842 -0.0162 0.9963
vn 0.1109 -0.0159 0.9937
vn -0.4956 -0.0968 0.8632
vn -0.4294 -0.1193 0.8952
vn -0.4651 -0.1591 0.8708
vn -0.2347 0.6285 0.7416
vn -0.4987 0.3788 0.7796
vn -0.5434 0.6957 0.4697
vn -0.1390 0.0733 0.9876
vn -0.0792 0.1854 0.9795
vn -0.1402 0.1134 0.9836
vn -0.3906 0.6688 0.6325
vn -0.4380 0.4823 0.7587
vn -0.7196 0.1111 0.6855
vn 0.1300 0.2494 0.9596
vn 0.1304 0.2979 0.9457
vn 0.0202 0.4321 0.9016
vn -0.2266 -0.0087 0.9739
vn 0.0578 -0.0096 0.9983
vn 0.0619 -0.0274 0.9977
vn -0.3510 0.1929 0.9163
vn -0.4676 0.1641 0.8686
vn -0.4293 -0.0543 0.9015
vn 0.8837 0.3160 0.3452
vn 0.6169 0.4727 0.6293
vn 0.6422 0.6976 0.3177
vn 0.3797 0.6681 0.6399
vn 0.1476 0.6985 0.7003
vn 0.3127 0.7273 0.6109
vn -0.5359 -0.0343 0.8436
vn 0.2323 0.2400 0.9426
vn 0.4716 0.0064 0.8818
vn 0.8037 -0.2362 0.5462
vn 0.8585 0.0816 0.5062
vn 0.9334 0.1678 0.3171
vn 0.6804 -0.2412 0.6920
vn 0.5306 -0.0850 0.8433
vn 0.6534 -0.2115 0.7268
vn 0.6433 -0.1310 0.7543
vn 0.7244 -0.2358 0.6479
vn 0.5599 -0.4646 0.6860
vn -0.2463 0.1242 0.9612
vn -0.1342 0.0679 0.9886
vn -0.0440 0.4666 0.8834
vn 0.2881 -0.0796 0.9543
vn 0.5326 -0.0765 0.8429
vn 0.1955 -0.2858 0.9381
vn 0.3242 0.0270 0.9456
vn 0.4575 -0.0168 0.8891
vn 0.3397 -0.0307 0.9400
vn 0.8975 -0.0281 0.4402
vn 0.6498 -0.1977 0.7339
vn -0.9763 -0.1466 -0.1593
vn 0.2138 0.0989 0.9719
vn 0.6053 0.7405 0.2919
vn 0.8948 -0.2306 0.3822
vn 0.9578 -0.1062 0.2670
vn 0.9665 0.2519 0.0490
vn 0.8750 -0.2969 0.3824
vn 0.5791 0.2633 0.7716
vn 0.4479 0.1528 0.8810
vn 0.3827 0.0969 0.9188
vn 0.4392 -0.0046 0.8984
vn 0.4552 0.1264 0.8814
vn 0.5721 0.1924 0.7973
vn 0.0495 -0.4543 0.8894
vn -0.1155 -0.2699 0.9560
vn 0.0775 -0.4124 0.9077
vn 0.3446 -0.5083 0.7892
vn 0.2088 -0.7376 0.6422
vn -0.0865 -0.6996 0.7093
vn 0.7158 -0.6390 0.2818
vn 0.5308 -0.8358 -0.1403
vn 0.4694 -0.6714 0.5735
vn 0.5752 -0.0427 0.8169
vn 0.5826 -0.2231 0.7816
vn 0.4669 -0.0342 0.8836
vn 0.2226 0.4375 0.8712
vn -0.2616 0.4055 0.8759
vn 0.2569 0.2395 0.9363
vn 0.0815 0.0424 0.9958
vn 0.3085 -0.0170 0.9511
vn 0.2141 0.0518 0.9754
vn 0.0366 0.2800 0.9593
vn -0.0682 0.2119 0.9749
vn -0.1615 0.2950 0.9417
vn -0.4083 0.6455 0.6454
vn -0.3902 0.7473 0.5378
vn -0.3054 0.8073 0.5050
vn -0.5635 0.6303 0.5340
vn -0.5503 0.6666 0.5028
vn -0.7015 0.6115 0.3660
vn 0.3959 0.3740 0.8387
vn -0.1579 0.5804 0.7989
vn -0.9370 0.3424 -0.0694
vn -0.6038 0.6652 0.4393
vn -0.4327 0.6537 0.6209
vn -0.3333 0.6677 0.6656
vn -0.3412 0.9349 0.0979
vn -0.3435 0.9323 0.1131
vn -0.0203 0.8130 0.5819
vn -0.3911 0.7845 0.4812
vn -0.4219 0.6467 0.6354
vn -0.4517 0.6657 0.5939
vn 0.4722 0.7299 0.4942
vn 0.1696 0.9433 0.2854
vn 0.3758 0.9183 0.1241
vn -0.0878 0.7249 0.6832
vn -0.1058 0.6298 0.7696
vn -0.2166 0.6477 0.7304
vn -0.2254 0.7587 0.6113
vn -0.1380 0.7604 0.6347
vn -0.0972 0.7464 0.6583
vn -0.1754 0.9118 0.3713
vn -0.3680 0.7615 0.5336
vn 0.5134 0.8337 0.2034
vn 0.0628 0.9961 -0.0617
vn 0.0115 0.8568 0.5155
vn -0.1082 0.8709 0.4793
vn 0.4405 0.8974 0.0236
vn 0.2032 0.9073 -0.3681
vn 0.4078 0.8506 -0.3321
vn -0.5163 0.8504 0.1017
vn -0.4301 0.8936 0.1284
vn 0.4641 0.8823 0.0785
vn 0.0995 0.9489 0.2995
vn 0.0793 0.9961 0.0396
vn -0.6005 0.7944 0.0917
vn -0.0908 0.5836 0.8070
vn -0.0806 0.4671 0.8805
vn -0.3367 0.6528 0.6786
vn -0.6561 0.5860 0.4756
vn -0.8364 0.5439 -0.0677
vn -0.9663 0.2423 0.0874
vn -0.1885 0.9798 0.0665
vn -0.0849 0.9445 -0.3173
vn -0.3186 0.9294 -0.1860
vn 0.1848 0.3247 0.9276
vn -0.1266 0.7375 0.6633
vn -0.4557 0.6576 0.5999
vn -0.8009 0.4861 -0.3496
vn -0.7214 0.2793 -0.6337
vn -0.4268 0.8363 -0.3442
vn 0.2472 0.8734 -0.4197
vn -0.5429 0.7746 -0.3244
vn 0.0416 0.6001 -0.7988
vn -0.0461 0.8485 -0.5273
vn 0.2097 0.7670 -0.6064
vn -0.2939 0.9402 -0.1720
vn -0.2456 0.6576 -0.7122
vn -0.5396 0.2022 -0.8173
vn -0.1340 0.4699 -0.8725
vn -0.3697 0.5504 -0.7486
vn -0.3489 0.6098 -0.7117
vn -0.9488 0.1746 -0.2631
vn -0.2239 0.4184 -0.8802
vn -0.4633 0.5126 -0.7229
vn -0.7498 0.1821 -0.6361
vn 0.0934 0.8113 -0.5772
vn 0.0804 0.8044 -0.5886
vn 0.0955 0.8987 -0.4281
vn 0.5136 0.8558 -0.0627
vn 0.4946 0.7296 -0.4723
vn 0.3927 0.7175 -0.5753
vn 0.4527 0.8168 -0.3577
vn 0.5314 0.8427 -0.0861
vn 0.5305 0.8231 -0.2027
vn 0.3741 0.7365 -0.5636
vn 0.6009 0.5608 -0.5696
vn 0.2625 0.6547 -0.7089
vn 0.5629 0.7162 -0.4126
vn 0.5662 0.4363 -0.6994
vn 0.6648 0.4221 -0.6163
vn 0.4612 0.4678 -0.7540
vn 0.7981 0.5969 -0.0818
vn 0.7226 0.6614 -0.2012
vn -0.6711 0.7316 -0.1199
vn -0.6947 0.6847 0.2204
vn -0.6727 0.7255 0.1455
vn -0.3499 0.8993 -0.2623
vn -0.3634 0.9316 0.0111
vn -0.4028 0.9144 0.0417
vn 0.0181 0.9992 0.0345
vn -0.2233 0.8911 -0.3951
vn -0.2614 0.8198 -0.5096
vn 0.2288 0.6244 -0.7469
vn -0.2124 0.8495 -0.4830
vn 0.3201 0.5109 -0.7979
vn -0.5156 0.8414 -0.1616
vn -0.6787 0.7309 0.0723
vn -0.4649 0.8286 -0.3117
vn 0.1471 0.3772 -0.9144
vn -0.5681 0.7653 -0.3025
vn 0.3116 0.7039 -0.6384
vn -0.0406 0.5782 -0.8149
vn 0.5245 0.4306 -0.7345
vn 0.3208 0.6861 -0.6529
vn -0.3414 0.8013 -0.4913
vn -0.5730 0.7599 -0.3069
vn -0.4359 0.8000 -0.4123
vn 0.1131 0.9663 -0.2314
vn 0.0847 0.9358 -0.3421
vn -0.0107 0.9285 -0.3712
vn 0.1271 0.8700 -0.4763
vn 0.0603 0.9549 -0.2906
vn 0.0462 0.9342 -0.3539
vn -0.4826 0.0984 -0.8703
vn -0.1471 0.7243 -0.6736
vn 0.3399 0.8900 -0.3041
vn -0.6759 0.7004 -0.2294
vn -0.6564 0.6924 -0.2994
vn 0.1706 0.7952 -0.5818
vn -0.1322 0.6667 0.7335
vn -0.6481 0.5567 0.5196
vn -0.7729 0.3546 0.5262
vn -0.5804 0.3305 0.7442
vn -0.7064 0.4901 0.5108
vn 0.5076 0.6520 0.5632
vn -0.2848 0.9105 -0.2997
vn 0.0199 0.9919 -0.1251
vn -0.1184 0.9721 0.2026
vn 0.3688 0.4957 0.7863
vn 0.4003 0.6121 0.6820
vn 0.4741 0.5244 0.7073
vn -0.3547 0.8007 0.4828
vn -0.4346 0.7442 0.5072
vn -0.3081 0.7823 0.5414
vn -0.6381 0.6027 0.4791
vn -0.5323 0.5941 0.6031
vn -0.3156 0.6239 0.7150
vn 0.1941 -0.1557 0.9686
vn 0.2450 0.1058 0.9637
vn 0.5356 -0.0504 0.8429
vn 0.2869 -0.0252 0.9576
vn 0.2890 -0.3044 0.9077
vn 0.0134 -0.3143 0.9492
vn 0.1490 -0.0348 0.9882
vn 0.2865 0.0030 0.9581
vn 0.4355 0.2354 0.8689
vn -0.3104 0.4939 0.8122
vn 0.1681 0.1942 0.9665
vn -0.6165 0.4127 0.6705
vn 0.6428 0.3607 0.6758
vn 0.3011 0.3416 0.8903
vn 0.5622 0.6497 0.5118
vn 0.5285 0.0241 0.8486
vn 0.5952 -0.0456 0.8023
vn 0.5037 0.0729 0.8608
vn -0.6106 0.6608 0.4364
vn 0.0793 0.8599 0.5043
vn -0.8079 0.4307 0.4023
vn -0.6621 0.1865 0.7259
vn -0.3342 0.2002 0.9210
vn -0.2370 0.4856 0.8414
vn -0.5691 0.7829 0.2515
vn -0.5956 0.6948 0.4032
vn -0.2087 0.8740 0.4387
vn -0.4126 -0.1484 0.8987
vn -0.4496 -0.1224 0.8848
vn -0.4347 -0.2090 0.8760
vn -0.4046 -0.1042 0.9085
vn -0.3969 -0.1395 0.9072
vn -0.4203 -0.0961 0.9023
vn -0.4883 0.1558 0.8587
vn -0.5014 -0.0102 0.8652
vn -0.5305 0.1543 0.8335
vn -0.9676 0.0846 -0.2377
vn -0.9993 0.0221 -0.0300
vn -0.9920 0.1247 0.0207
vn -0.8968 0.0247 -0.4417
vn -0.9582 0.2857 -0.0131
vn -0.9417 -0.2681 0.2034
vn -0.9438 -0.2593 0.2052
vn -0.5935 0.2609 0.7614
vn -0.1949 0.3665 0.9098
vn -0.1234 0.3968 0.9096
vn -0.9572 -0.0257 0.2882
vn -0.7025 0.4860 0.5199
vn -0.3916 0.4853 0.7818
vn -0.8075 0.4787 0.3446
vn -0.5722 0.5032 0.6476
vn -0.9961 -0.0761 0.0457
vn -0.9463 0.0938 0.3095
vn -0.9683 0.1977 0.1526
vn -0.9409 0.2835 0.1854
vn -0.8857 0.2011 -0.4185
vn -0.5121 0.3360 -0.7905
vn -0.8700 0.2043 -0.4487
vn -0.8837 -0.0001 -0.4680
vn -0.9108 -0.0762 -0.4058
vn -0.8766 -0.0676 -0.4764
vn -0.3451 0.3743 -0.8607
vn -0.4219 0.2900 -0.8590
vn -0.6015 0.2174 -0.7687
vn -0.9887 -0.1400 -0.0536
vn -0.9831 -0.1759 -0.0509
vn -0.9798 -0.1859 -0.0739
vn -0.1106 0.4679 -0.8768
vn -0.2065 0.4559 -0.8657
vn -0.3221 0.3749 -0.8693
vn 0.4069 -0.8072 -0.4276
vn 0.2414 -0.9307 -0.2747
vn -0.4157 -0.9094 -0.0100
vn 0.0057 -0.9669 -0.2552
vn -0.0257 -0.9651 -0.2605
vn -0.0110 -0.9710 -0.2389
vn -0.0495 -0.9988 0.0059
vn -0.0068 -0.9999 -0.0104
vn 0.0298 -0.9993 -0.0245
vn 0.5166 -0.7657 -0.3832
vn 0.5987 -0.6838 -0.4170
vn 0.6096 -0.6103 -0.5058
vn 0.3051 -0.8806 -0.3624
vn 0.3024 -0.8716 -0.3858
vn 0.2128 -0.9040 -0.3709
vn 0.3505 -0.8273 -0.4390
vn 0.3583 -0.8227 -0.4414
vn 0.3760 -0.8804 -0.2890
vn 0.5778 -0.5888 0.5652
vn 0.4602 -0.6710 0.5813
vn 0.4448 -0.6079 0.6577
vn 0.3192 -0.9412 0.1108
vn 0.3839 -0.9224 -0.0417
vn 0.5603 -0.8212 0.1082
vn 0.3798 -0.8066 0.4529
vn -0.0687 -0.4898 0.8691
vn 0.3882 -0.6517 0.6517
vn -0.5430 -0.8366 -0.0721
vn -0.5368 -0.8436 -0.0107
vn -0.6518 -0.7580 0.0243
vn -0.1714 -0.9849 -0.0239
vn -0.0925 -0.9957 -0.0046
vn 0.0571 -0.9950 -0.0820
vn -0.1917 -0.9517 0.2399
vn -0.2928 -0.9276 0.2319
vn -0.3298 -0.8782 0.3463
vn 0.7710 0.4305 -0.4692
vn 0.7698 0.4085 -0.4905
vn 0.6361 -0.5670 -0.5233
vn 0.7964 -0.4371 -0.4180
vn 0.7734 -0.4086 -0.4846
vn 0.7625 -0.4252 -0.4876
vn 0.8992 -0.1416 -0.4140
vn 0.9016 -0.1805 -0.3931
vn 0.9015 -0.2153 -0.3754
vn 0.8971 0.1779 -0.4044
vn 0.7134 0.5086 -0.4822
vn 0.5667 0.5481 -0.6152
vn 0.8481 0.3535 -0.3946
vn 0.8472 0.3302 -0.4162
vn 0.6990 -0.3158 0.6417
vn 0.9158 -0.1201 0.3832
vn 0.9481 -0.0459 0.3147
vn 0.0371 0.5129 0.8576
vn -0.0409 0.5818 0.8123
vn -0.1327 0.6330 0.7627
vn 0.2620 0.6025 0.7539
vn 0.6542 0.3193 0.6856
vn 0.6436 -0.2937 0.7067
vn 0.2394 0.2725 0.9319
vn 0.2550 0.4747 0.8424
vn 0.0650 0.6199 0.7820
vn 0.8248 -0.0846 0.5591
vn 0.8718 -0.0136 0.4896
vn 0.8824 0.3762 -0.2826
vn 0.8451 -0.3181 0.4296
vn 0.8893 -0.2715 0.3681
vn 0.9206 -0.1935 0.3391
vn 0.8545 -0.4794 0.2000
vn 0.9398 -0.2698 0.2098
vn 0.2241 0.0020 -0.9746
vn -0.1379 -0.1182 -0.9834
vn -0.1205 -0.1239 -0.9850
vn -0.0892 -0.0544 -0.9945
vn -0.2609 -0.1034 -0.9598
vn -0.2534 -0.1123 -0.9608
vn -0.2638 -0.3221 -0.9092
vn -0.6039 -0.3687 -0.7067
vn -0.7420 -0.2082 -0.6372
vn 0.5338 0.1312 -0.8354
vn 0.0921 0.3013 -0.9491
vn 0.0559 0.2574 -0.9647
vn 0.4417 0.2085 -0.8726
vn -0.0678 0.1915 -0.9792
vn -0.0643 0.1804 -0.9815
vn -0.5324 0.4322 -0.7279
vn -0.6920 0.3991 -0.6016
vn -0.5666 0.4416 -0.6957
vn -0.1787 0.7725 -0.6094
vn 0.0004 0.7597 -0.6502
vn 0.2349 0.6071 -0.7591
vn 0.6107 -0.0869 -0.7871
vn 0.5328 0.1144 -0.8385
vn 0.2512 0.2560 -0.9335
vn 0.1995 0.2451 -0.9487
vn 0.2803 0.1266 -0.9515
vn 0.4484 0.1111 -0.8869
vn 0.6765 -0.6712 -0.3031
vn 0.8427 -0.5197 -0.1408
vn 0.7175 -0.5928 -0.3658
vn 0.4405 -0.0871 -0.8935
vn 0.4979 0.1187 -0.8590
vn 0.6628 0.2928 -0.6892
vn 0.4209 -0.2949 -0.8579
vn 0.4256 -0.0598 -0.9029
vn 0.3891 -0.1341 -0.9114
vn 0.3696 -0.0219 -0.9289
vn 0.2364 -0.1071 -0.9657
vn 0.4743 -0.6735 -0.5670
vn -0.3098 0.6265 -0.7152
vn -0.2759 0.7404 -0.6129
vn -0.4215 0.6877 -0.5910
vn -0.5162 0.3517 -0.7809
vn -0.8413 0.2552 -0.4766
vn -0.9222 0.0954 -0.3747
vn -0.6220 0.2148 -0.7530
vn -0.8626 0.1170 -0.4922
vn -0.9060 0.0820 -0.4152
vn 0.5995 0.0422 0.7993
vn 0.8015 -0.1464 0.5798
vn 0.1553 0.0964 0.9831
vn 0.9909 -0.1331 -0.0176
vn 0.7515 -0.0198 0.6595
vn 0.8851 -0.1571 0.4381
vn 0.9098 0.1271 -0.3952
vn 0.9186 0.0543 -0.3913
vn 0.9117 0.3790 -0.1587
vn 0.9438 -0.1736 -0.2814
vn 0.9203 -0.1131 -0.3745
vn 0.9517 0.0417 -0.3043
vn 0.0650 -0.7581 0.6489
vn 0.0917 -0.6305 0.7708
vn -0.1287 -0.5585 0.8195
vn 0.7855 -0.6123 -0.0901
vn 0.8051 -0.5931 -0.0054
vn 0.7513 -0.6448 -0.1406
vn 0.3603 -0.8589 -0.3641
vn 0.3178 -0.8841 -0.3427
vn 0.3364 -0.8894 -0.3094
vn -0.5423 -0.8388 0.0480
vn -0.3689 -0.8987 -0.2372
vn -0.3455 -0.8677 -0.3575
vn -0.8160 -0.2295 -0.5306
vn -0.8533 -0.0267 -0.5208
vn -0.9046 -0.0774 -0.4192
vn -0.7618 0.3212 -0.5626
vn -0.7437 0.3610 -0.5627
vn -0.7656 0.3554 -0.5363
vn -0.9730 0.0336 0.2284
vn -0.9420 -0.0016 0.3356
vn -0.9644 0.2086 0.1628
vn -0.9770 -0.1934 -0.0902
vn -0.9644 -0.2562 -0.0648
vn -0.9644 -0.2390 -0.1128
vn -0.8148 -0.0600 0.5766
vn -0.3032 -0.2346 0.9236
vn -0.4390 -0.2662 0.8581
vn 0.0434 0.3050 0.9514
vn -0.0436 0.5049 0.8621
vn -0.1142 0.5990 0.7926
vn 0.3455 0.7883 0.5092
vn 0.2503 0.8584 0.4477
vn 0.2004 0.7937 0.5744
vn 0.6084 -0.3019 0.7340
vn 0.6897 -0.2882 0.6643
vn 0.7695 -0.2358 0.5935
vn 0.2226 0.9081 0.3546
vn 0.2009 0.9577 0.2059
vn 0.1187 0.9886 -0.0924
vn 0.1174 0.4515 0.8845
vn 0.4003 0.4151 0.8170
vn 0.0774 0.4086 0.9094
vn -0.7842 0.5634 -0.2602
vn -0.5092 0.8606 0.0091
vn -0.8524 0.5157 0.0863
vn -0.3687 0.7544 -0.5430
vn -0.5151 0.7665 -0.3837
vn -0.0099 0.7551 -0.6555
vt 0.338338 0.346868
vt 0.381408 0.353865
vt 0.350021 0.360036
vt 0.627731 0.165211
vt 0.620249 0.168218
vt 0.621690 0.163247
vt 0.618281 0.230021
vt 0.622525 0.231681
vt 0.622264 0.234843
vt 0.560730 0.314269
vt 0.590972 0.304377
vt 0.581673 0.327487
vt 0.688692 0.362431
vt 0.706829 0.344727
vt 0.705689 0.364785
vt 0.600309 0.321135
vt 0.595243 0.342916
vt 0.626045 0.233782
vt 0.626042 0.236456
vt 0.704354 0.242451
vt 0.697909 0.240386
vt 0.702025 0.237954
vt 0.704103 0.149271
vt 0.694624 0.144098
vt 0.702328 0.139757
vt 0.633938 0.177452
vt 0.626054 0.170788
vt 0.636402 0.171147
vt 0.642053 0.114953
vt 0.637590 0.108568
vt 0.643043 0.106856
vt 0.702271 0.096520
vt 0.709777 0.089732
vt 0.713365 0.098325
vt 0.859387 0.161920
vt 0.865317 0.186417
vt 0.853763 0.185912
vt 0.428872 0.745344
vt 0.451994 0.772291
vt 0.422057 0.767961
vt 0.839076 0.433554
vt 0.830165 0.445737
vt 0.832272 0.427432
vt 0.818959 0.318515
vt 0.797190 0.309212
vt 0.807216 0.297942
vt 0.443649 0.604263
vt 0.460416 0.589391
vt 0.470656 0.603992
vt 0.434281 0.450116
vt 0.444032 0.448763
vt 0.429873 0.464270
vt 0.572875 0.397559
vt 0.573869 0.395711
vt 0.575655 0.395577
vt 0.637425 0.575094
vt 0.643872 0.550515
vt 0.662141 0.588383
vt 0.097698 0.567276
vt 0.151540 0.609294
vt 0.092057 0.588899
vt 0.175315 0.450938
vt 0.218767 0.490840
vt 0.147085 0.461833
vt 0.313800 0.475756
vt 0.318587 0.470584
vt 0.320561 0.480688
vt 0.298589 0.585027
vt 0.311446 0.584432
vt 0.292532 0.591966
vt 0.303392 0.660863
vt 0.321799 0.643154
vt 0.322828 0.657574
vt 0.203115 0.655157
vt 0.221564 0.643645
vt 0.226672 0.659804
vt 0.200540 0.632701
vt 0.218482 0.618232
vt 0.221141 0.626460
vt 0.305758 0.518678
vt 0.315808 0.529080
vt 0.300549 0.531446
vt 0.234955 0.541705
vt 0.240715 0.553066
vt 0.222586 0.558481
vt 0.284917 0.463273
vt 0.284440 0.468328
vt 0.267382 0.472979
vt 0.107912 0.524746
vt 0.183225 0.548756
vt 0.176540 0.562140
vt 0.655789 0.060136
vt 0.652290 0.030373
vt 0.664745 0.057074
vt 0.633779 0.062531
vt 0.623542 0.039229
vt 0.628045 0.035476
vt 0.120517 0.673968
vt 0.162526 0.680269
vt 0.133069 0.702590
vt 0.746322 0.048807
vt 0.763060 0.035448
vt 0.758208 0.053901
vt 0.707710 0.049719
vt 0.695079 0.026406
vt 0.708893 0.025039
vt 0.806917 0.473654
vt 0.798925 0.467574
vt 0.806018 0.465622
vt 0.549337 0.665489
vt 0.579560 0.684745
vt 0.545965 0.690759
vt 0.507687 0.531189
vt 0.548284 0.551515
vt 0.525167 0.564127
vt 0.576813 0.448392
vt 0.583243 0.407311
vt 0.589449 0.449192
vt 0.501806 0.445404
vt 0.527724 0.449822
vt 0.505813 0.459925
vt 0.480532 0.428822
vt 0.522449 0.399885
vt 0.526604 0.404613
vt 0.456713 0.525209
vt 0.460312 0.504321
vt 0.463549 0.522074
vt 0.363245 0.510991
vt 0.379175 0.524546
vt 0.361219 0.526361
vt 0.363421 0.466282
vt 0.390206 0.476014
vt 0.362315 0.473475
vt 0.437498 0.669901
vt 0.462613 0.689707
vt 0.433671 0.688156
vt 0.350024 0.666374
vt 0.363109 0.654895
vt 0.360419 0.672544
vt 0.350572 0.585798
vt 0.365518 0.583070
vt 0.364901 0.587626
vt 0.794247 0.249090
vt 0.782920 0.246712
vt 0.786694 0.239591
vt 0.815174 0.213187
vt 0.798660 0.216988
vt 0.802792 0.206845
vt 0.855487 0.235848
vt 0.860014 0.263270
vt 0.845174 0.254511
vt 0.837769 0.370716
vt 0.825448 0.361002
vt 0.836519 0.358192
vt 0.578761 0.910683
vt 0.617078 0.963197
vt 0.546651 0.940347
vt 0.550550 0.788598
vt 0.576320 0.758521
vt 0.588265 0.789734
vt 0.982563 0.147776
vt 0.947359 0.168429
vt 0.949259 0.146986
vt 0.260471 0.784945
vt 0.295204 0.786105
vt 0.276187 0.806204
vt 0.339984 0.715522
vt 0.341153 0.738322
vt 0.327963 0.727893
vt 0.824623 0.156564
vt 0.811015 0.171040
vt 0.810514 0.155930
vt 0.797357 0.102323
vt 0.816034 0.108239
vt 0.801198 0.114857
vt 0.165140 0.838938
vt 0.164349 0.854251
vt 0.136439 0.827815
vt 0.741162 0.098056
vt 0.735336 0.091582
vt 0.741602 0.092021
vt 0.744943 0.128439
vt 0.753366 0.118891
vt 0.751595 0.132324
vt 0.712349 0.122119
vt 0.702619 0.116294
vt 0.716089 0.116865
vt 0.674814 0.105648
vt 0.665960 0.099421
vt 0.674181 0.096339
vt 0.667692 0.137133
vt 0.660116 0.136863
vt 0.671329 0.131665
vt 0.627794 0.149846
vt 0.625613 0.144159
vt 0.630408 0.141985
vt 0.673319 0.161610
vt 0.662231 0.158690
vt 0.665464 0.148584
vt 0.667644 0.214098
vt 0.658379 0.208519
vt 0.674482 0.206450
vt 0.627084 0.194620
vt 0.632175 0.193963
vt 0.630873 0.199806
vt 0.736654 0.163883
vt 0.747772 0.158309
vt 0.748340 0.169991
vt 0.738266 0.203631
vt 0.743936 0.203288
vt 0.744735 0.206245
vt 0.701973 0.199997
vt 0.706096 0.195080
vt 0.707615 0.198529
vt 0.753067 0.236233
vt 0.743822 0.224201
vt 0.753116 0.225277
vt 0.759488 0.287884
vt 0.744633 0.277260
vt 0.757454 0.274721
vt 0.707015 0.298273
vt 0.695417 0.285201
vt 0.707052 0.284487
vt 0.636811 0.240456
vt 0.653360 0.239139
vt 0.659884 0.242763
vt 0.642595 0.304486
vt 0.656978 0.284890
vt 0.658018 0.305212
vt 0.599024 0.270068
vt 0.612807 0.275450
vt 0.613574 0.292743
vt 0.650128 0.361772
vt 0.644208 0.350809
vt 0.655604 0.348879
vt 0.614193 0.428440
vt 0.605018 0.404076
vt 0.627066 0.424354
vt 0.577222 0.394038
vt 0.573527 0.390939
vt 0.578665 0.392630
vt 0.776599 0.344292
vt 0.757384 0.333328
vt 0.772678 0.328799
vt 0.796115 0.423902
vt 0.771121 0.417360
vt 0.789710 0.404130
vt 0.692898 0.439979
vt 0.705576 0.429649
vt 0.714756 0.442881
vt 0.564967 0.391365
vt 0.573089 0.392900
vt 0.475399 0.369172
vt 0.511397 0.377389
vt 0.478261 0.389304
vt 0.453723 0.303332
vt 0.484445 0.260730
vt 0.490963 0.286006
vt 0.587387 0.254435
vt 0.595564 0.254387
vt 0.581180 0.199809
vt 0.584764 0.210943
vt 0.579765 0.221444
vt 0.625933 0.182337
vt 0.624248 0.188708
vt 0.622479 0.180176
vt 0.584561 0.148951
vt 0.578794 0.154212
vt 0.583184 0.142509
vt 0.595648 0.086803
vt 0.593495 0.093811
vt 0.593183 0.078317
vt 0.629854 0.132886
vt 0.621057 0.139017
vt 0.624283 0.124925
vt 0.407058 0.414416
vt 0.412514 0.403620
vt 0.419083 0.410931
vt 0.326336 0.454295
vt 0.335440 0.445466
vt 0.353466 0.446105
vt 0.263363 0.419139
vt 0.300825 0.393738
vt 0.289363 0.447987
vt 0.306893 0.453157
vt 0.309469 0.439259
vt 0.320272 0.444470
vt 0.295387 0.457590
vt 0.292075 0.456430
vt 0.300601 0.455461
vt 0.269997 0.464719
vt 0.258525 0.442880
vt 0.279612 0.458004
vt 0.353414 0.460700
vt 0.378602 0.452649
vt 0.387975 0.461145
vt 0.318950 0.463742
vt 0.320012 0.459586
vt 0.325679 0.462896
vt 0.307697 0.458032
vt 0.307801 0.455984
vt 0.312544 0.456922
vt 0.417685 0.421855
vt 0.435375 0.426436
vt 0.430891 0.436135
vt 0.398941 0.445661
vt 0.407117 0.425374
vt 0.420598 0.435719
vt 0.376528 0.430028
vt 0.380717 0.409743
vt 0.394178 0.418581
vt 0.613845 0.115132
vt 0.595503 0.120748
vt 0.600843 0.098225
vt 0.625076 0.096748
vt 0.601513 0.088061
vt 0.606867 0.079680
vt 0.635459 0.115495
vt 0.628450 0.115144
vt 0.631320 0.107074
vt 0.202787 0.349891
vt 0.220625 0.350029
vt 0.207741 0.371302
vt 0.164782 0.424387
vt 0.194916 0.413594
vt 0.184656 0.435651
vt 0.602254 0.063226
vt 0.595672 0.066220
vt 0.606342 0.049421
vt 0.316163 0.232933
vt 0.358579 0.279500
vt 0.331640 0.304590
vt 0.306055 0.339064
vt 0.276387 0.269000
vt 0.320108 0.330939
vt 0.588373 0.126181
vt 0.585156 0.129314
vt 0.589858 0.114862
vt 0.614913 0.178917
vt 0.617965 0.192460
vt 0.596213 0.199419
vt 0.615638 0.169951
vt 0.612939 0.173053
vt 0.612356 0.168505
vt 0.624491 0.175064
vt 0.620355 0.175348
vt 0.619601 0.172079
vt 0.427271 0.214840
vt 0.449932 0.192256
vt 0.471943 0.217753
vt 0.378523 0.272482
vt 0.370539 0.212682
vt 0.394956 0.264142
vt 0.607869 0.166103
vt 0.576564 0.178413
vt 0.575197 0.167437
vt 0.591203 0.278890
vt 0.602102 0.280699
vt 0.600625 0.295037
vt 0.569765 0.258676
vt 0.578761 0.254143
vt 0.578940 0.268345
vt 0.580376 0.233429
vt 0.584985 0.237291
vt 0.582114 0.245227
vt 0.469570 0.326246
vt 0.504875 0.334390
vt 0.472943 0.347651
vt 0.414505 0.361433
vt 0.445440 0.358471
vt 0.422954 0.375806
vt 0.389594 0.303700
vt 0.423100 0.317313
vt 0.401058 0.337146
vt 0.477245 0.409463
vt 0.518743 0.396009
vt 0.477220 0.417358
vt 0.441906 0.423194
vt 0.450635 0.415418
vt 0.449608 0.423349
vt 0.430581 0.389288
vt 0.454189 0.398369
vt 0.435793 0.402440
vt 0.568371 0.395331
vt 0.572662 0.395146
vt 0.573281 0.395413
vt 0.538484 0.396056
vt 0.558992 0.394345
vt 0.562080 0.395443
vt 0.530477 0.382568
vt 0.547508 0.383670
vt 0.553719 0.389708
vt 0.736884 0.444502
vt 0.748007 0.425322
vt 0.758599 0.440670
vt 0.760160 0.462875
vt 0.770094 0.455779
vt 0.778119 0.461949
vt 0.652789 0.540126
vt 0.674639 0.561838
vt 0.668244 0.574883
vt 0.821681 0.400907
vt 0.806403 0.390417
vt 0.817497 0.380755
vt 0.824560 0.438755
vt 0.817015 0.436073
vt 0.826483 0.422995
vt 0.804806 0.455651
vt 0.789317 0.453653
vt 0.802720 0.445076
vt 0.793088 0.342771
vt 0.796828 0.329042
vt 0.807471 0.344279
vt 0.801432 0.370670
vt 0.811634 0.355504
vt 0.814000 0.366473
vt 0.784838 0.381701
vt 0.763195 0.369728
vt 0.780474 0.360518
vt 0.587116 0.397578
vt 0.583368 0.394087
vt 0.590688 0.395870
vt 0.582824 0.401421
vt 0.578703 0.395785
vt 0.584790 0.401246
vt 0.575711 0.395423
vt 0.575676 0.395173
vt 0.636469 0.459033
vt 0.665253 0.467823
vt 0.653695 0.483949
vt 0.631041 0.507303
vt 0.622081 0.472082
vt 0.642075 0.499744
vt 0.585952 0.406815
vt 0.603417 0.435740
vt 0.596447 0.441712
vt 0.675318 0.361848
vt 0.666438 0.346577
vt 0.678446 0.345905
vt 0.653288 0.391857
vt 0.670633 0.379387
vt 0.668668 0.398531
vt 0.636082 0.390458
vt 0.630614 0.374969
vt 0.643778 0.375302
vt 0.626522 0.299545
vt 0.619673 0.286323
vt 0.627324 0.288633
vt 0.612405 0.316186
vt 0.628176 0.309708
vt 0.629320 0.326611
vt 0.611145 0.296371
vt 0.604997 0.306158
vt 0.682895 0.300444
vt 0.673358 0.284463
vt 0.684294 0.285116
vt 0.680465 0.330854
vt 0.669149 0.318835
vt 0.681655 0.316456
vt 0.656135 0.334451
vt 0.644612 0.321593
vt 0.657634 0.320874
vt 0.687563 0.242845
vt 0.691728 0.239249
vt 0.694329 0.245757
vt 0.680581 0.266839
vt 0.695771 0.254258
vt 0.689615 0.269828
vt 0.639326 0.251610
vt 0.666099 0.247706
vt 0.659421 0.263854
vt 0.733047 0.294011
vt 0.718110 0.282959
vt 0.731481 0.280605
vt 0.737713 0.323014
vt 0.720794 0.311422
vt 0.734727 0.308346
vt 0.707326 0.328410
vt 0.693584 0.313928
vt 0.707009 0.313189
vt 0.780420 0.278263
vt 0.769035 0.271611
vt 0.778069 0.264590
vt 0.777442 0.313884
vt 0.781486 0.297058
vt 0.786031 0.312243
vt 0.752581 0.318462
vt 0.761802 0.301928
vt 0.766880 0.315202
vt 0.761729 0.234138
vt 0.762216 0.226799
vt 0.765460 0.233276
vt 0.775017 0.252381
vt 0.765680 0.244982
vt 0.771212 0.240953
vt 0.756077 0.260894
vt 0.743565 0.250889
vt 0.755034 0.248187
vt 0.714544 0.198910
vt 0.725504 0.197828
vt 0.730417 0.201504
vt 0.729213 0.225482
vt 0.716872 0.222298
vt 0.732075 0.211510
vt 0.703983 0.229692
vt 0.698007 0.223706
vt 0.707134 0.222442
vt 0.757349 0.210703
vt 0.765389 0.206234
vt 0.763077 0.212803
vt 0.759087 0.221244
vt 0.761319 0.218518
vt 0.761908 0.222926
vt 0.742110 0.212304
vt 0.747677 0.210882
vt 0.751034 0.218721
vt 0.760911 0.176059
vt 0.769584 0.166367
vt 0.769210 0.177750
vt 0.759901 0.196142
vt 0.768405 0.189442
vt 0.767057 0.197784
vt 0.734852 0.195553
vt 0.748441 0.182331
vt 0.745959 0.195657
vt 0.635766 0.203120
vt 0.647779 0.204030
vt 0.644636 0.209137
vt 0.628840 0.231245
vt 0.638366 0.223792
vt 0.633989 0.234022
vt 0.620395 0.224847
vt 0.626581 0.215974
vt 0.625667 0.229268
vt 0.688869 0.208748
vt 0.685384 0.198525
vt 0.695164 0.192423
vt 0.679431 0.231751
vt 0.688016 0.223933
vt 0.690005 0.231853
vt 0.656855 0.234016
vt 0.647047 0.225416
vt 0.662251 0.225017
vt 0.681952 0.156235
vt 0.687297 0.146808
vt 0.689565 0.155109
vt 0.690725 0.188816
vt 0.683275 0.184633
vt 0.691972 0.165389
vt 0.678997 0.187536
vt 0.671583 0.185535
vt 0.678083 0.185340
vt 0.637903 0.143234
vt 0.636914 0.139490
vt 0.646459 0.137713
vt 0.643156 0.150980
vt 0.633093 0.153783
vt 0.636773 0.147519
vt 0.629937 0.157186
vt 0.634932 0.162789
vt 0.689893 0.128367
vt 0.681992 0.126918
vt 0.691931 0.121475
vt 0.687113 0.140838
vt 0.675862 0.138498
vt 0.687846 0.134923
vt 0.650941 0.145529
vt 0.663874 0.141738
vt 0.663241 0.144531
vt 0.692892 0.099390
vt 0.682774 0.093523
vt 0.691317 0.091325
vt 0.693169 0.114514
vt 0.684466 0.111129
vt 0.694425 0.107263
vt 0.674392 0.123300
vt 0.666389 0.118083
vt 0.675192 0.114536
vt 0.736035 0.119624
vt 0.728326 0.113253
vt 0.736474 0.113578
vt 0.727633 0.136648
vt 0.722133 0.123794
vt 0.733293 0.127152
vt 0.705394 0.133655
vt 0.696650 0.130457
vt 0.708709 0.127283
vt 0.758892 0.134550
vt 0.762657 0.122774
vt 0.764481 0.133488
vt 0.760801 0.152726
vt 0.766449 0.140845
vt 0.768151 0.152984
vt 0.738648 0.144968
vt 0.751150 0.139977
vt 0.749488 0.149094
vt 0.753415 0.097826
vt 0.748201 0.092960
vt 0.754145 0.093800
vt 0.753069 0.108025
vt 0.754709 0.102408
vt 0.759651 0.109555
vt 0.741323 0.109281
vt 0.743436 0.103361
vt 0.746384 0.107443
vt 0.823267 0.084086
vt 0.850483 0.089433
vt 0.830713 0.101263
vt 0.811285 0.046859
vt 0.828648 0.048854
vt 0.814238 0.066247
vt 0.152176 0.764441
vt 0.116647 0.797146
vt 0.109077 0.772803
vt 0.786035 0.110078
vt 0.777377 0.122344
vt 0.775506 0.112333
vt 0.770240 0.096719
vt 0.782330 0.099921
vt 0.771894 0.102905
vt 0.787791 0.081632
vt 0.802379 0.078588
vt 0.791786 0.090259
vt 0.797384 0.156326
vt 0.788272 0.169350
vt 0.786116 0.154635
vt 0.792039 0.131169
vt 0.782677 0.141181
vt 0.780536 0.131782
vt 0.821191 0.123818
vt 0.808264 0.141348
vt 0.805484 0.127840
vt 0.315145 0.739990
vt 0.312973 0.769714
vt 0.298644 0.754790
vt 0.296459 0.717816
vt 0.285647 0.740197
vt 0.277446 0.728077
vt 0.322823 0.702370
vt 0.315596 0.717580
vt 0.309899 0.710313
vt 0.207420 0.812332
vt 0.254892 0.830832
vt 0.221645 0.857146
vt 0.211001 0.759361
vt 0.194203 0.783932
vt 0.182084 0.763504
vt 0.257245 0.738023
vt 0.246968 0.765418
vt 0.234944 0.748937
vt 0.889388 0.158071
vt 0.907336 0.173838
vt 0.881741 0.181949
vt 0.908876 0.099348
vt 0.927602 0.121950
vt 0.904507 0.128081
vt 0.294754 0.833265
vt 0.342384 0.830021
vt 0.313606 0.858087
vt 0.573396 0.885159
vt 0.597320 0.855179
vt 0.604993 0.907320
vt 0.489538 0.838091
vt 0.525090 0.810801
vt 0.538260 0.848622
vt 0.482578 0.780624
vt 0.510975 0.762013
vt 0.515774 0.785506
vt 0.901543 0.237106
vt 0.888473 0.282188
vt 0.875728 0.269599
vt 0.914646 0.194216
vt 0.902782 0.215624
vt 0.886985 0.201856
vt 0.460110 0.902711
vt 0.495264 0.914397
vt 0.448463 0.929386
vt 0.833543 0.347149
vt 0.820905 0.341848
vt 0.830105 0.333092
vt 0.864227 0.307158
vt 0.837852 0.319559
vt 0.853016 0.296625
vt 0.664960 0.920860
vt 0.701482 0.967395
vt 0.657419 0.979153
vt 0.839984 0.231384
vt 0.821731 0.234065
vt 0.827519 0.222860
vt 0.842500 0.202646
vt 0.830911 0.210611
vt 0.832570 0.196157
vt 0.867470 0.206408
vt 0.856255 0.220905
vt 0.853232 0.206568
vt 0.782461 0.201451
vt 0.787546 0.212539
vt 0.779347 0.210125
vt 0.787206 0.180885
vt 0.794683 0.193857
vt 0.785362 0.192438
vt 0.821456 0.188882
vt 0.806477 0.196434
vt 0.809133 0.184092
vt 0.778246 0.231210
vt 0.769355 0.231928
vt 0.771017 0.227266
vt 0.775538 0.216629
vt 0.779825 0.225441
vt 0.772108 0.222425
vt 0.804594 0.232412
vt 0.789673 0.232303
vt 0.794168 0.225045
vt 0.352375 0.630471
vt 0.367349 0.601832
vt 0.365971 0.634262
vt 0.328952 0.626122
vt 0.335058 0.592219
vt 0.339513 0.626470
vt 0.322747 0.578170
vt 0.333715 0.582930
vt 0.321963 0.582710
vt 0.344111 0.699589
vt 0.357385 0.691221
vt 0.355144 0.707148
vt 0.327277 0.688549
vt 0.338751 0.677368
vt 0.333594 0.691842
vt 0.331423 0.658951
vt 0.341417 0.643635
vt 0.340035 0.659968
vt 0.429245 0.725792
vt 0.456287 0.709656
vt 0.455734 0.729505
vt 0.379176 0.715328
vt 0.402838 0.703194
vt 0.402816 0.721880
vt 0.382644 0.679728
vt 0.408059 0.668559
vt 0.405424 0.685565
vt 0.360487 0.480984
vt 0.379180 0.492646
vt 0.360588 0.495740
vt 0.330901 0.501594
vt 0.338441 0.486536
vt 0.342041 0.499938
vt 0.327896 0.478800
vt 0.332303 0.468709
vt 0.336431 0.477779
vt 0.358788 0.542140
vt 0.373073 0.562767
vt 0.353369 0.565809
vt 0.326703 0.542090
vt 0.336498 0.565408
vt 0.325212 0.565707
vt 0.332586 0.515433
vt 0.343488 0.527723
vt 0.329592 0.528451
vt 0.451733 0.540773
vt 0.456588 0.541228
vt 0.445978 0.548763
vt 0.397036 0.542166
vt 0.420468 0.559279
vt 0.395944 0.562416
vt 0.399515 0.505698
vt 0.417029 0.522814
vt 0.397336 0.522831
vt 0.493594 0.438616
vt 0.530358 0.409187
vt 0.531200 0.418235
vt 0.452064 0.444716
vt 0.461492 0.445074
vt 0.457981 0.456490
vt 0.444131 0.430049
vt 0.451809 0.434282
vt 0.447566 0.438325
vt 0.506756 0.477330
vt 0.528493 0.493488
vt 0.505041 0.507598
vt 0.464551 0.522952
vt 0.466146 0.526887
vt 0.462894 0.530854
vt 0.461942 0.476645
vt 0.482336 0.468048
vt 0.464622 0.515289
vt 0.596723 0.506940
vt 0.596662 0.484657
vt 0.620236 0.514817
vt 0.551002 0.496659
vt 0.561168 0.475433
vt 0.575098 0.499439
vt 0.550942 0.420051
vt 0.563609 0.448382
vt 0.544977 0.449282
vt 0.544541 0.629853
vt 0.562547 0.589524
vt 0.574228 0.622450
vt 0.494451 0.611689
vt 0.516251 0.634790
vt 0.495768 0.639274
vt 0.462166 0.548991
vt 0.503120 0.573443
vt 0.486767 0.590052
vt 0.540381 0.715550
vt 0.575552 0.733998
vt 0.541917 0.738077
vt 0.483317 0.735030
vt 0.511633 0.719393
vt 0.511985 0.740673
vt 0.492276 0.669644
vt 0.515392 0.694704
vt 0.488444 0.692087
vt 0.825334 0.463245
vt 0.814686 0.463993
vt 0.822110 0.454872
vt 0.605962 0.705558
vt 0.645431 0.722255
vt 0.608992 0.728944
vt 0.618101 0.665301
vt 0.648744 0.684869
vt 0.612563 0.685237
vt 0.733496 0.046515
vt 0.722471 0.025295
vt 0.735347 0.026498
vt 0.719849 0.080231
vt 0.730214 0.069231
vt 0.730161 0.081052
vt 0.698365 0.081067
vt 0.707420 0.070318
vt 0.708859 0.080277
vt 0.769563 0.060587
vt 0.784707 0.051467
vt 0.776735 0.066733
vt 0.762060 0.087592
vt 0.761659 0.075167
vt 0.768705 0.079161
vt 0.748074 0.083665
vt 0.742020 0.070030
vt 0.752020 0.072210
vt 0.140635 0.718515
vt 0.163681 0.722317
vt 0.122252 0.733849
vt 0.799486 0.036561
vt 0.797380 0.030700
vt 0.804143 0.034527
vt 0.768474 0.026165
vt 0.759408 0.014604
vt 0.777618 0.020789
vt 0.639501 0.057963
vt 0.635963 0.032232
vt 0.647447 0.058819
vt 0.655221 0.091570
vt 0.645201 0.082014
vt 0.652494 0.080109
vt 0.641299 0.096560
vt 0.632909 0.088013
vt 0.639028 0.084872
vt 0.673826 0.055281
vt 0.681734 0.026785
vt 0.684331 0.053512
vt 0.680414 0.084249
vt 0.687352 0.072880
vt 0.689374 0.082416
vt 0.671726 0.086531
vt 0.660162 0.078474
vt 0.668839 0.076242
vt 0.098628 0.553162
vt 0.173339 0.575492
vt 0.170088 0.585950
vt 0.675691 0.019767
vt 0.673388 0.016617
vt 0.683365 0.015271
vt 0.649592 0.023775
vt 0.649061 0.020371
vt 0.662008 0.018171
vt 0.261315 0.499340
vt 0.264824 0.513630
vt 0.247951 0.519695
vt 0.224624 0.501344
vt 0.230080 0.526494
vt 0.212814 0.526422
vt 0.255439 0.473043
vt 0.252703 0.478791
vt 0.238737 0.484182
vt 0.211232 0.575851
vt 0.228870 0.597036
vt 0.206613 0.592110
vt 0.184755 0.577243
vt 0.192476 0.590569
vt 0.183147 0.588937
vt 0.200849 0.549909
vt 0.204649 0.564587
vt 0.190935 0.563482
vt 0.296328 0.545437
vt 0.312577 0.560470
vt 0.299740 0.572608
vt 0.254870 0.562757
vt 0.282618 0.580190
vt 0.258434 0.589242
vt 0.272685 0.526886
vt 0.283837 0.534317
vt 0.263200 0.543321
vt 0.202533 0.637934
vt 0.221336 0.636698
vt 0.203450 0.641299
vt 0.180993 0.642896
vt 0.186403 0.635229
vt 0.191447 0.642951
vt 0.172025 0.616316
vt 0.187685 0.601295
vt 0.185308 0.623343
vt 0.222281 0.713468
vt 0.242877 0.687762
vt 0.245742 0.706130
vt 0.182198 0.690414
vt 0.200276 0.717945
vt 0.182023 0.717339
vt 0.182782 0.650718
vt 0.193175 0.655658
vt 0.182702 0.661674
vt 0.305635 0.675516
vt 0.321054 0.685183
vt 0.305018 0.689142
vt 0.265841 0.683771
vt 0.288765 0.692659
vt 0.267710 0.699730
vt 0.260442 0.664447
vt 0.273611 0.638430
vt 0.282878 0.662186
vt 0.289707 0.613166
vt 0.310158 0.589613
vt 0.315861 0.622165
vt 0.252621 0.616922
vt 0.269419 0.615733
vt 0.250537 0.624722
vt 0.254353 0.601997
vt 0.273455 0.601688
vt 0.254505 0.610208
vt 0.313071 0.490044
vt 0.319734 0.502854
vt 0.309333 0.503950
vt 0.292625 0.492033
vt 0.298186 0.504676
vt 0.282306 0.508736
vt 0.303633 0.460839
vt 0.307670 0.471442
vt 0.297365 0.468450
vt 0.131456 0.473841
vt 0.191689 0.524504
vt 0.122994 0.487220
vt 0.637641 0.026797
vt 0.642072 0.021834
vt 0.643627 0.022068
vt 0.632304 0.027347
vt 0.633858 0.022456
vt 0.639932 0.021733
vt 0.116433 0.646532
vt 0.150104 0.625542
vt 0.159153 0.643591
vt 0.736758 0.017716
vt 0.725520 0.010990
vt 0.742855 0.011795
vt 0.708877 0.015910
vt 0.694621 0.012899
vt 0.711020 0.010530
vt 0.780496 0.479111
vt 0.770094 0.467808
vt 0.785921 0.467844
vt 0.608861 0.629097
vt 0.637229 0.603712
vt 0.647383 0.635403
vt 0.579303 0.557003
vt 0.588856 0.527470
vt 0.613762 0.562546
vt 0.577563 0.402711
vt 0.577527 0.396570
vt 0.581062 0.402432
vt 0.552124 0.403783
vt 0.573033 0.403493
vt 0.552738 0.410298
vt 0.547337 0.401285
vt 0.565254 0.395981
vt 0.568561 0.397921
vt 0.428804 0.471163
vt 0.452969 0.476331
vt 0.441628 0.483078
vt 0.401031 0.479085
vt 0.419815 0.484682
vt 0.397204 0.491125
vt 0.405002 0.451874
vt 0.415216 0.459419
vt 0.404212 0.467161
vt 0.451422 0.621297
vt 0.475907 0.641376
vt 0.445147 0.644797
vt 0.393406 0.616432
vt 0.414313 0.644823
vt 0.389734 0.640061
vt 0.385213 0.590982
vt 0.407255 0.581341
vt 0.412501 0.599239
vt 0.801013 0.277358
vt 0.789557 0.269377
vt 0.796917 0.260962
vt 0.823375 0.256851
vt 0.804842 0.252273
vt 0.814173 0.243607
vt 0.841966 0.284778
vt 0.818722 0.283532
vt 0.832920 0.270534
vt 0.841849 0.391772
vt 0.834675 0.410403
vt 0.831346 0.389635
vt 0.657043 0.877291
vt 0.668083 0.822097
vt 0.688709 0.858273
vt 0.622099 0.786793
vt 0.648395 0.745818
vt 0.659329 0.782807
vt 0.414320 0.793155
vt 0.441264 0.828947
vt 0.399826 0.821391
vt 0.353827 0.768147
vt 0.363790 0.804809
vt 0.337040 0.787798
vt 0.378902 0.733238
vt 0.392835 0.759335
vt 0.366809 0.750093
vt 0.848144 0.160566
vt 0.834396 0.178734
vt 0.836807 0.158715
vt 0.836492 0.118919
vt 0.852986 0.136793
vt 0.838770 0.138119
vt 0.875158 0.105381
vt 0.883848 0.134188
vt 0.867380 0.135753
vt 0.722260 0.099254
vt 0.727321 0.091579
vt 0.729000 0.098382
vt 0.726618 0.108800
vt 0.731822 0.104049
vt 0.733071 0.108227
vt 0.703698 0.110080
vt 0.716333 0.106425
vt 0.716255 0.111803
vt 0.657234 0.111689
vt 0.648991 0.105250
vt 0.657009 0.102281
vt 0.656326 0.130192
vt 0.647950 0.123060
vt 0.656825 0.120719
vt 0.636757 0.132351
vt 0.633602 0.122758
vt 0.640738 0.122930
vt 0.661542 0.180815
vt 0.645523 0.172741
vt 0.654494 0.166075
vt 0.650734 0.196736
vt 0.641461 0.188302
vt 0.657987 0.186349
vt 0.632584 0.183507
vt 0.632609 0.188357
vt 0.712524 0.146835
vt 0.723191 0.142910
vt 0.724395 0.154794
vt 0.715144 0.176207
vt 0.724662 0.166963
vt 0.723980 0.191338
vt 0.705404 0.183219
vt 0.697788 0.158765
vt 0.705133 0.158653
vt 0.711176 0.241620
vt 0.727995 0.233072
vt 0.729007 0.243773
vt 0.716721 0.269740
vt 0.729196 0.254947
vt 0.730521 0.267184
vt 0.707830 0.270980
vt 0.702074 0.256176
vt 0.708428 0.254450
vt 0.628356 0.237558
vt 0.632075 0.237018
vt 0.632312 0.239095
vt 0.626791 0.243977
vt 0.632996 0.240992
vt 0.632754 0.246353
vt 0.620478 0.242893
vt 0.621179 0.237185
vt 0.625647 0.238381
vt 0.623610 0.359381
vt 0.614192 0.337485
vt 0.630057 0.344858
vt 0.599272 0.389518
vt 0.598672 0.380684
vt 0.615982 0.376691
vt 0.575896 0.378912
vt 0.590154 0.372011
vt 0.583089 0.385136
vt 0.742213 0.358869
vt 0.723887 0.343707
vt 0.740997 0.338964
vt 0.745844 0.401923
vt 0.722676 0.389366
vt 0.743461 0.380008
vt 0.685105 0.403331
vt 0.703735 0.386883
vt 0.704321 0.407585
vt 0.560924 0.368589
vt 0.580516 0.358137
vt 0.522755 0.339881
vt 0.537433 0.321691
vt 0.544940 0.352746
vt 0.502184 0.241247
vt 0.522430 0.282988
vt 0.506890 0.282627
vt 0.615229 0.233317
vt 0.606741 0.242998
vt 0.595869 0.236140
vt 0.589124 0.213621
vt 0.606841 0.225277
vt 0.591015 0.228133
vt 0.617938 0.202353
vt 0.621854 0.209605
vt 0.615147 0.221727
vt 0.614447 0.159138
vt 0.609645 0.160981
vt 0.600159 0.152356
vt 0.600459 0.142494
vt 0.587177 0.146985
vt 0.588112 0.136589
vt 0.624062 0.151765
vt 0.620334 0.157434
vt 0.617390 0.149028
vt 0.386738 0.391416
vt 0.399084 0.380495
vt 0.406606 0.392722
vt 0.350309 0.408231
vt 0.347311 0.370804
vt 0.366346 0.389248
vt 0.326712 0.363399
vt 0.330077 0.354609
vt 0.336478 0.360843
vt 0.333017 0.376390
vt 0.320377 0.357161
vt 0.362931 0.423823
vt 0.396668 0.405969
vt 0.372456 0.375341
vt 0.608834 0.152067
vt 0.606341 0.129650
vt 0.585886 0.137958
vt 0.594947 0.108646
vt 0.594001 0.155654
vt 0.604004 0.210595
vt 0.583942 0.225264
vt 0.588268 0.244634
vt 0.516221 0.312714
vt 0.500322 0.310282
vt 0.526000 0.369131
vt 0.507215 0.361211
vt 0.562805 0.388332
vt 0.547820 0.383063
vt 0.545650 0.356926
vt 0.562247 0.347676
vt 0.723441 0.409758
vt 0.724901 0.431498
vt 0.685186 0.426523
vt 0.767081 0.392376
vt 0.760060 0.350917
vt 0.723650 0.365922
vt 0.589609 0.388988
vt 0.615285 0.388968
vt 0.598976 0.398580
vt 0.637755 0.362545
vt 0.609056 0.355632
vt 0.628405 0.239259
vt 0.638425 0.242960
vt 0.639860 0.284905
vt 0.636250 0.237890
vt 0.714895 0.254389
vt 0.698601 0.271302
vt 0.743980 0.263712
vt 0.743311 0.237932
vt 0.713237 0.158292
vt 0.711569 0.195371
vt 0.701321 0.193896
vt 0.737257 0.176901
vt 0.736675 0.201626
vt 0.735401 0.151729
vt 0.639476 0.193337
vt 0.637581 0.198470
vt 0.627437 0.187545
vt 0.662969 0.197735
vt 0.669611 0.181704
vt 0.644697 0.181372
vt 0.645795 0.131932
vt 0.665558 0.127446
vt 0.666404 0.108978
vt 0.648732 0.114343
vt 0.725708 0.104704
vt 0.738430 0.104699
vt 0.747716 0.117514
vt 0.735694 0.098481
vt 0.853573 0.113702
vt 0.887088 0.082707
vt 0.875798 0.077267
vt 0.823964 0.139910
vt 0.823440 0.173961
vt 0.380784 0.781618
vt 0.328899 0.752676
vt 0.352685 0.723976
vt 0.316908 0.809420
vt 0.423492 0.868122
vt 0.378246 0.856286
vt 0.636006 0.829738
vt 0.610893 0.753007
vt 0.708038 0.928047
vt 0.614432 0.926166
vt 0.827358 0.371599
vt 0.853290 0.392160
vt 0.854865 0.350931
vt 0.843669 0.413736
vt 0.810190 0.266000
vt 0.832794 0.245066
vt 0.799354 0.240613
vt 0.810241 0.223394
vt 0.787681 0.257310
vt 0.419990 0.622002
vt 0.383511 0.583418
vt 0.385212 0.662410
vt 0.468275 0.669477
vt 0.412387 0.471955
vt 0.385536 0.481704
vt 0.393146 0.467645
vt 0.419722 0.502060
vt 0.381159 0.507862
vt 0.450701 0.496332
vt 0.571346 0.399482
vt 0.542381 0.398474
vt 0.573224 0.408697
vt 0.531316 0.428333
vt 0.578737 0.407796
vt 0.574863 0.398586
vt 0.597636 0.596461
vt 0.559500 0.522991
vt 0.655772 0.670277
vt 0.583988 0.659395
vt 0.797980 0.474155
vt 0.796791 0.482246
vt 0.659072 0.615419
vt 0.664453 0.644891
vt 0.722860 0.016319
vt 0.752302 0.020978
vt 0.749346 0.029793
vt 0.156919 0.659773
vt 0.072978 0.655326
vt 0.070627 0.626092
vt 0.093558 0.613980
vt 0.635037 0.027014
vt 0.631456 0.033368
vt 0.627696 0.029049
vt 0.641908 0.025747
vt 0.641839 0.031981
vt 0.112883 0.508191
vt 0.115968 0.480070
vt 0.120451 0.471362
vt 0.305333 0.489929
vt 0.278020 0.494993
vt 0.298223 0.460241
vt 0.291178 0.520390
vt 0.252365 0.534057
vt 0.319529 0.516844
vt 0.270563 0.607708
vt 0.222533 0.631570
vt 0.251629 0.638614
vt 0.300120 0.645207
vt 0.286868 0.677536
vt 0.290821 0.708064
vt 0.269798 0.716023
vt 0.247682 0.723439
vt 0.317729 0.697843
vt 0.304436 0.703162
vt 0.196509 0.685114
vt 0.168346 0.702007
vt 0.199268 0.740810
vt 0.174008 0.743266
vt 0.147507 0.742792
vt 0.224198 0.732424
vt 0.216528 0.688403
vt 0.172235 0.629797
vt 0.163392 0.595841
vt 0.193525 0.647780
vt 0.203287 0.645376
vt 0.277109 0.550493
vt 0.230634 0.575047
vt 0.277821 0.593951
vt 0.313170 0.578237
vt 0.195273 0.578903
vt 0.178120 0.599361
vt 0.199848 0.617806
vt 0.242963 0.502712
vt 0.206535 0.503745
vt 0.235097 0.478379
vt 0.216741 0.549736
vt 0.660046 0.022423
vt 0.667525 0.028790
vt 0.692512 0.017243
vt 0.084504 0.548641
vt 0.089822 0.531289
vt 0.102078 0.540645
vt 0.677865 0.074490
vt 0.663403 0.089230
vt 0.696830 0.072037
vt 0.699691 0.089495
vt 0.695498 0.053827
vt 0.647496 0.094278
vt 0.635501 0.099137
vt 0.789028 0.033056
vt 0.777164 0.043726
vt 0.805907 0.040145
vt 0.809345 0.038286
vt 0.791113 0.059615
vt 0.103077 0.752636
vt 0.089674 0.739476
vt 0.094802 0.749580
vt 0.087214 0.726235
vt 0.755868 0.085475
vt 0.740204 0.082289
vt 0.768518 0.091089
vt 0.775484 0.083629
vt 0.760039 0.095524
vt 0.783581 0.072366
vt 0.718614 0.069447
vt 0.719486 0.091013
vt 0.720446 0.047944
vt 0.641299 0.699252
vt 0.573161 0.709958
vt 0.834678 0.453830
vt 0.839226 0.461962
vt 0.828454 0.471628
vt 0.816218 0.472382
vt 0.483652 0.714471
vt 0.482077 0.755983
vt 0.454986 0.748877
vt 0.541530 0.761136
vt 0.511705 0.603437
vt 0.479325 0.617972
vt 0.517422 0.669097
vt 0.542157 0.472526
vt 0.523883 0.469693
vt 0.532871 0.518057
vt 0.615602 0.538909
vt 0.578137 0.479946
vt 0.474979 0.506736
vt 0.462608 0.528245
vt 0.464683 0.535998
vt 0.455316 0.438978
vt 0.447515 0.459419
vt 0.441302 0.435101
vt 0.471903 0.452869
vt 0.485637 0.433139
vt 0.423559 0.544931
vt 0.376963 0.541412
vt 0.435415 0.581036
vt 0.341239 0.542337
vt 0.312530 0.541040
vt 0.333331 0.578357
vt 0.349637 0.581235
vt 0.328955 0.488321
vt 0.320433 0.490289
vt 0.324697 0.469064
vt 0.345508 0.513640
vt 0.380001 0.697956
vt 0.403493 0.740098
vt 0.429491 0.706712
vt 0.331376 0.675110
vt 0.324090 0.672728
vt 0.331618 0.643614
vt 0.328100 0.706979
vt 0.347865 0.684339
vt 0.322268 0.589869
vt 0.352024 0.649418
vt 0.353644 0.597800
vt 0.783606 0.219443
vt 0.767581 0.215069
vt 0.764656 0.220718
vt 0.771140 0.208333
vt 0.764278 0.227846
vt 0.764422 0.224679
vt 0.797052 0.182414
vt 0.798767 0.170866
vt 0.776498 0.191080
vt 0.777806 0.179329
vt 0.778480 0.167774
vt 0.773927 0.199735
vt 0.791259 0.203333
vt 0.842304 0.217835
vt 0.844226 0.182803
vt 0.818979 0.202069
vt 0.859989 0.329139
vt 0.844428 0.337568
vt 0.616020 0.996175
vt 0.673911 0.995173
vt 0.826867 0.303912
vt 0.810493 0.328122
vt 0.951395 0.195158
vt 0.933133 0.214621
vt 0.987756 0.174267
vt 0.876243 0.220027
vt 0.876776 0.237318
vt 0.921845 0.244195
vt 0.485048 0.806220
vt 0.448688 0.798169
vt 0.527610 0.885002
vt 0.565175 0.821590
vt 0.930859 0.101282
vt 0.955413 0.119456
vt 0.263601 0.856398
vt 0.896592 0.094750
vt 0.909526 0.088017
vt 0.872295 0.161833
vt 0.914698 0.151687
vt 0.224226 0.778417
vt 0.160433 0.790292
vt 0.183847 0.861743
vt 0.302510 0.727675
vt 0.267672 0.752176
vt 0.280515 0.768958
vt 0.794541 0.142594
vt 0.788234 0.120331
vt 0.772530 0.139993
vt 0.770196 0.132429
vt 0.767356 0.122439
vt 0.775843 0.152891
vt 0.779341 0.091877
vt 0.797165 0.068528
vt 0.761666 0.103723
vt 0.760228 0.099190
vt 0.765297 0.111324
vt 0.105478 0.783526
vt 0.098537 0.762469
vt 0.810273 0.093024
vt 0.846431 0.063161
vt 0.748660 0.102775
vt 0.758116 0.122952
vt 0.760331 0.141616
vt 0.761039 0.164751
vt 0.716183 0.130245
vt 0.711020 0.135419
vt 0.695487 0.137614
vt 0.742010 0.136845
vt 0.725923 0.118986
vt 0.683197 0.119218
vt 0.704775 0.103676
vt 0.683684 0.102512
vt 0.676247 0.142827
vt 0.678172 0.147478
vt 0.699482 0.123577
vt 0.679162 0.133015
vt 0.640333 0.159269
vt 0.647898 0.142077
vt 0.653151 0.140052
vt 0.631472 0.147535
vt 0.685330 0.188418
vt 0.697155 0.186658
vt 0.696137 0.151559
vt 0.677160 0.225362
vt 0.682576 0.236898
vt 0.639857 0.235163
vt 0.697003 0.232201
vt 0.681741 0.211023
vt 0.631292 0.217158
vt 0.628187 0.235280
vt 0.654198 0.213665
vt 0.760468 0.187797
vt 0.758253 0.204677
vt 0.757735 0.216448
vt 0.760092 0.225438
vt 0.714191 0.229410
vt 0.709102 0.236759
vt 0.740037 0.206201
vt 0.767379 0.257618
vt 0.776254 0.236727
vt 0.772583 0.300308
vt 0.785273 0.327619
vt 0.792106 0.290034
vt 0.771507 0.284789
vt 0.722354 0.326738
vt 0.692596 0.328872
vt 0.748263 0.304531
vt 0.746298 0.290415
vt 0.719529 0.296476
vt 0.690312 0.250486
vt 0.700520 0.246271
vt 0.667811 0.332529
vt 0.643686 0.336056
vt 0.690748 0.344181
vt 0.694510 0.299210
vt 0.671480 0.302425
vt 0.615524 0.301283
vt 0.656882 0.374509
vt 0.647498 0.412784
vt 0.621959 0.406733
vt 0.685400 0.382728
vt 0.665986 0.420915
vt 0.662156 0.360017
vt 0.608913 0.478841
vt 0.661611 0.529595
vt 0.678487 0.490807
vt 0.670586 0.510038
vt 0.578162 0.396372
vt 0.589164 0.406359
vt 0.592399 0.402328
vt 0.589894 0.398263
vt 0.595921 0.404709
vt 0.583722 0.401504
vt 0.580878 0.394824
vt 0.797840 0.355731
vt 0.823752 0.352160
vt 0.816254 0.450223
vt 0.794824 0.461017
vt 0.811349 0.412119
vt 0.686886 0.595705
vt 0.685317 0.612309
vt 0.681004 0.628335
vt 0.780080 0.435173
vt 0.750312 0.457691
vt 0.534628 0.393290
vt 0.514990 0.392030
vt 0.570100 0.395572
vt 0.566658 0.394646
vt 0.437722 0.415004
vt 0.425259 0.417703
vt 0.449372 0.429021
vt 0.476478 0.424172
vt 0.440108 0.340551
vt 0.370028 0.314660
vt 0.450764 0.376946
vt 0.576348 0.241937
vt 0.575033 0.228852
vt 0.559225 0.273559
vt 0.573178 0.279644
vt 0.470085 0.197311
vt 0.491033 0.215676
vt 0.580710 0.290724
vt 0.586815 0.262602
vt 0.354234 0.217012
vt 0.365254 0.200095
vt 0.338095 0.219782
vt 0.344688 0.206945
vt 0.406992 0.294572
vt 0.433659 0.281970
vt 0.616449 0.173351
vt 0.615081 0.165080
vt 0.609306 0.173493
vt 0.604084 0.183607
vt 0.248192 0.260583
vt 0.242881 0.291930
vt 0.222646 0.299050
vt 0.217152 0.324763
vt 0.283930 0.380192
vt 0.598783 0.054318
vt 0.615212 0.034231
vt 0.247030 0.461466
vt 0.194279 0.382750
vt 0.618575 0.104772
vt 0.596313 0.075496
vt 0.626912 0.067197
vt 0.390913 0.436765
vt 0.423983 0.451870
vt 0.314016 0.460715
vt 0.309766 0.463228
vt 0.303278 0.457071
vt 0.313667 0.466069
vt 0.341179 0.456758
vt 0.282586 0.461128
vt 0.267600 0.469000
vt 0.316652 0.453148
vt 0.299696 0.452924
vt 0.590381 0.082527
vt 0.592158 0.069721
vt 0.323889 0.214182
vt 0.273490 0.234084
vt 0.619237 0.178771
vt 0.624520 0.178685
vt 0.407766 0.193262
vt 0.440775 0.181624
vt 0.400301 0.183958
vt 0.559027 0.394237
vt 0.553810 0.389339
vt 0.725760 0.455450
vt 0.701155 0.453245
vt 0.651485 0.445776
vt 0.616488 0.295799
vt 0.747166 0.098071
vt 0.856036 0.063793
vt 0.838595 0.052413
vt 0.238144 0.800637
vt 0.532235 0.970967
vt 0.480385 0.959536
vt 0.536028 0.597404
vt 0.817456 0.481108
vt 0.807158 0.482262
vt 0.077814 0.688832
vt 0.095984 0.516071
vt 0.104716 0.499476
vt 0.288500 0.598814
vt 0.124201 0.465885
vt 0.122006 0.469036
vt 0.132336 0.458680
vt 0.072494 0.595995
vt 0.077698 0.573261
vt 0.853591 0.416592
vt 0.846102 0.439552
vt 0.545008 0.332901
vt 0.548556 0.303417
vt 0.626228 0.159688
vt 0.816813 0.041539
vt 0.300581 0.216460
s 1
f 411/1/1 414/2/2 1538/3/3
f 646/4/4 652/5/4 1537/6/4
f 1536/7/5 7/8/5 400/9/5
f 1535/10/6 15/11/6 399/12/6
f 415/13/7 418/14/7 1534/15/8
f 399/12/9 656/16/9 1533/17/9
f 400/9/10 394/18/10 1532/19/10
f 1531/20/11 12/21/11 393/22/11
f 1530/23/12 23/24/12 422/25/12
f 1529/26/13 18/27/13 660/28/13
f 1528/29/14 5/30/14 637/31/14
f 661/32/15 638/33/15 1527/34/15
f 1526/35/16 24/36/16 426/37/16
f 650/38/17 664/39/17 1525/40/17
f 1524/41/18 4/42/19 404/43/20
f 665/44/21 403/45/21 1523/46/21
f 1522/47/22 25/48/22 430/49/22
f 401/50/23 668/51/23 1521/52/23
f 1520/53/24 3/54/24 635/55/24
f 1519/56/25 13/57/25 636/58/25
f 431/59/26 434/60/26 1518/61/26
f 407/62/27 672/63/27 1517/64/27
f 1516/65/28 1/66/28 631/67/28
f 673/68/29 632/69/29 1515/70/29
f 1514/71/30 32/72/31 584/73/32
f 1513/74/33 75/75/33 677/76/33
f 1512/77/34 73/78/34 678/79/34
f 487/80/35 583/81/35 1511/82/35
f 488/83/36 681/84/36 1510/85/36
f 456/86/37 682/87/37 1509/88/37
f 1508/89/38 72/90/38 624/91/38
f 492/92/39 685/93/39 1507/94/39
f 1506/95/40 47/96/40 686/97/40
f 495/98/41 482/99/41 1505/100/41
f 496/101/42 689/102/42 1504/103/42
f 1503/104/43 71/105/43 690/106/43
f 1502/107/44 36/108/44 588/109/44
f 500/110/45 693/111/45 1501/112/45
f 621/113/46 694/114/46 1500/115/46
f 1499/116/47 35/117/47 587/118/47
f 504/119/48 697/120/48 1498/121/48
f 1497/122/49 42/123/49 698/124/49
f 1496/125/50 68/126/50 620/127/50
f 508/128/51 701/129/51 1495/130/51
f 449/131/52 702/132/52 1494/133/52
f 511/134/53 478/135/53 1493/136/53
f 1492/137/54 82/138/54 705/139/54
f 1491/140/55 67/141/55 706/142/55
f 515/143/56 451/144/56 1490/145/56
f 516/146/57 709/147/57 1489/148/57
f 1488/149/58 65/150/58 710/151/58
f 519/152/59 452/153/60 1487/154/61
f 520/155/62 713/156/62 1486/157/62
f 1485/158/63 49/159/63 714/160/63
f 523/161/64 616/162/64 1484/163/64
f 1483/164/65 85/165/66 717/166/67
f 602/167/68 718/168/68 1482/169/68
f 527/170/69 474/171/69 1481/172/69
f 1480/173/70 86/174/70 721/175/70
f 471/176/71 722/177/71 1479/178/71
f 1478/179/72 38/180/72 590/181/72
f 532/182/73 725/183/73 1477/184/73
f 1476/185/74 61/186/74 726/187/74
f 1475/188/75 37/189/75 589/190/75
f 1474/191/76 88/192/76 729/193/76
f 1473/194/77 46/195/77 730/196/77
f 1472/197/78 60/198/78 612/199/78
f 1471/200/79 89/201/79 733/202/79
f 453/203/80 734/204/81 1470/205/82
f 543/206/83 470/207/84 1469/208/85
f 544/209/86 737/210/86 1468/211/86
f 467/212/87 738/213/87 1467/214/87
f 1466/215/88 33/216/88 441/217/88
f 1465/218/89 91/219/89 741/220/89
f 1464/221/90 57/222/90 742/223/90
f 551/224/91 442/225/91 1463/226/91
f 552/227/92 745/228/93 1462/229/94
f 448/230/95 746/231/95 1461/232/95
f 1460/233/96 56/234/96 608/235/96
f 1459/236/97 93/237/97 749/238/97
f 1458/239/98 39/240/98 750/241/98
f 1457/242/99 58/243/99 466/244/99
f 1456/245/100 94/246/100 753/247/100
f 463/248/101 754/249/101 1455/250/101
f 1454/251/102 39/240/102 447/252/102
f 564/253/103 757/254/104 1453/255/105
f 1452/256/106 53/257/106 758/258/106
f 1451/259/107 40/260/107 448/230/107
f 1450/261/108 96/262/108 761/263/108
f 597/264/109 762/265/109 1449/266/109
f 571/267/110 604/268/110 1448/269/110
f 572/270/111 765/271/111 1447/272/111
f 598/273/112 766/274/112 1446/275/112
f 1445/276/113 54/277/114 462/278/115
f 1444/279/116 98/280/116 769/281/116
f 459/282/117 770/283/117 1443/284/117
f 1442/285/118 290/286/118 578/287/118
f 1441/288/119 291/289/119 773/290/119
f 1440/291/120 171/292/121 774/293/122
f 1439/294/123 289/295/123 577/296/123
f 1438/297/124 292/298/124 777/299/124
f 1437/300/125 288/301/126 778/302/127
f 779/303/128 654/304/128 1436/305/128
f 1435/306/129 293/307/129 781/308/129
f 1434/309/130 287/310/130 782/311/130
f 783/312/131 574/313/132 1433/314/133
f 784/315/134 785/316/134 1432/317/134
f 406/318/135 786/319/135 1431/320/135
f 787/321/136 573/322/136 1430/323/136
f 788/324/137 789/325/137 1429/326/137
f 764/327/138 790/328/138 1428/329/138
f 791/330/139 412/331/139 1427/332/139
f 1426/333/140 296/334/140 793/335/140
f 763/336/141 794/337/141 1425/338/141
f 1424/339/142 282/340/142 570/341/142
f 796/342/143 797/343/143 1423/344/143
f 405/345/144 798/346/144 1422/347/144
f 1421/348/145 281/349/145 569/350/145
f 1420/351/146 298/352/146 801/353/146
f 760/354/147 802/355/148 1419/356/149
f 1418/357/150 160/358/150 640/359/150
f 1417/360/151 299/361/151 805/362/151
f 1416/363/152 279/364/152 806/365/152
f 807/366/153 566/367/154 1415/368/155
f 808/369/156 809/370/156 1414/371/156
f 413/372/157 810/373/157 1413/374/157
f 811/375/158 565/376/158 1412/377/158
f 1411/378/159 301/379/159 813/380/159
f 756/381/160 814/382/160 1410/383/160
f 1409/384/161 159/385/161 639/386/161
f 1408/387/162 302/388/162 817/389/162
f 1407/390/163 275/391/163 818/392/163
f 819/393/164 562/394/164 1406/395/164
f 820/396/165 821/397/165 1405/398/165
f 655/399/166 822/400/166 1404/401/166
f 1403/402/167 273/403/167 561/404/167
f 1402/405/168 304/406/168 825/407/168
f 1401/408/169 272/409/169 826/410/169
f 827/411/170 658/412/170 1400/413/170
f 828/414/171 829/415/171 1399/416/171
f 1398/417/172 271/418/172 830/419/172
f 1397/420/173 270/421/173 558/422/173
f 1396/423/174 306/424/174 833/425/174
f 1395/426/175 159/385/175 834/427/175
f 835/428/176 557/429/176 1394/430/176
f 1393/431/177 307/432/177 837/433/177
f 748/434/178 838/435/179 1392/436/179
f 1391/437/180 128/438/180 416/439/180
f 840/440/181 841/441/181 1390/442/181
f 1389/443/182 267/444/182 842/445/182
f 1388/446/183 266/447/183 554/448/183
f 844/449/184 845/450/184 1387/451/184
f 640/359/185 846/452/185 1386/453/185
f 1385/454/186 265/455/186 553/456/186
f 1384/457/187 310/458/187 849/459/187
f 1383/460/188 264/461/188 850/462/188
f 851/463/189 634/464/189 1382/465/189
f 852/466/190 853/467/190 1381/468/190
f 743/469/191 854/470/191 1380/471/191
f 1379/472/192 262/473/192 550/474/192
f 1378/475/193 312/476/193 857/477/193
f 1377/478/194 129/479/194 858/480/194
f 1376/481/195 261/482/195 549/483/195
f 860/484/196 861/485/196 1375/486/196
f 740/487/197 862/488/197 1374/489/197
f 863/490/198 633/491/198 1373/492/198
f 1372/493/199 314/494/199 865/495/199
f 1371/496/200 259/497/200 866/498/200
f 867/499/201 546/500/201 1370/501/201
f 1369/502/202 315/503/202 869/504/202
f 1368/505/203 179/506/203 870/507/203
f 871/508/204 545/509/204 1367/510/204
f 872/511/205 873/512/205 1366/513/205
f 736/514/206 874/515/206 1365/516/206
f 875/517/207 662/518/207 1364/519/207
f 876/520/208 877/521/208 1363/522/208
f 735/523/209 878/524/209 1362/525/209
f 879/526/210 542/527/210 1361/528/210
f 880/529/211 881/530/211 1360/531/211
f 645/532/212 882/533/212 1359/534/212
f 1358/535/213 253/536/213 541/537/213
f 884/538/214 885/539/214 1357/540/214
f 1356/541/215 252/542/215 886/543/215
f 887/544/216 420/545/216 1355/546/216
f 1354/547/217 320/548/217 889/549/217
f 1353/550/218 251/551/218 890/552/218
f 1352/553/219 250/554/219 538/555/219
f 1351/556/220 321/557/220 893/558/220
f 646/4/221 894/559/222 1350/560/223
f 1349/561/224 249/562/224 537/563/224
f 1348/564/225 322/565/225 897/566/225
f 728/567/226 898/568/226 1347/569/226
f 1346/570/227 109/571/227 397/572/227
f 1345/573/228 323/574/229 901/575/230
f 1344/576/231 247/577/231 902/578/231
f 1343/579/232 246/580/232 534/581/232
f 1342/582/233 324/583/233 905/584/233
f 1341/585/234 133/586/234 906/587/234
f 907/588/235 533/589/235 1340/590/235
f 908/591/236 909/592/236 1339/593/236
f 724/594/237 910/595/237 1338/596/237
f 1337/597/238 110/598/238 398/599/238
f 912/600/239 913/601/239 1336/602/239
f 723/603/240 914/604/241 1335/605/242
f 1334/606/243 242/607/243 530/608/243
f 1333/609/244 327/610/244 917/611/244
f 663/612/245 918/613/245 1332/614/245
f 919/615/246 529/616/246 1331/617/246
f 1330/618/247 328/619/247 921/620/247
f 1329/621/248 240/622/249 922/623/250
f 923/624/251 666/625/252 1328/626/253
f 924/627/254 925/628/254 1327/629/254
f 719/630/255 926/631/256 1326/632/257
f 927/633/258 526/634/259 1325/635/260
f 928/636/261 929/637/262 1324/638/263
f 410/639/264 930/640/264 1323/641/264
f 1322/642/265 237/643/266 525/644/267
f 932/645/268 933/646/268 1321/647/268
f 716/648/269 934/649/269 1320/650/269
f 1319/651/270 136/652/270 424/653/270
f 1318/654/271 332/655/271 937/656/271
f 1317/657/272 235/658/272 938/659/272
f 1316/660/273 234/661/273 522/662/273
f 1315/663/274 333/664/274 941/665/274
f 1314/666/275 121/667/275 942/668/275
f 1313/669/276 233/670/276 521/671/276
f 944/672/277 945/673/277 1312/674/277
f 712/675/278 946/676/278 1311/677/278
f 947/678/279 644/679/279 1310/680/279
f 948/681/280 949/682/280 1309/683/280
f 711/684/281 950/685/281 1308/686/281
f 951/687/282 518/688/282 1307/689/282
f 952/690/283 953/691/283 1306/692/283
f 425/693/284 954/694/284 1305/695/284
f 1304/696/285 229/697/285 517/698/285
f 1303/699/286 337/700/286 957/701/286
f 708/702/287 958/703/288 1302/704/289
f 959/705/290 643/706/290 1301/707/290
f 1300/708/291 338/709/291 961/710/291
f 707/711/292 962/712/292 1299/713/292
f 1298/714/293 226/715/293 514/716/293
f 1297/717/294 339/718/295 965/719/296
f 667/720/297 966/721/297 1296/722/297
f 1295/723/298 225/724/298 513/725/298
f 1294/726/299 340/727/299 969/728/299
f 1293/729/300 224/730/300 970/731/300
f 1292/732/301 190/733/301 670/734/301
f 1291/735/302 341/736/302 973/737/302
f 1290/738/303 223/739/303 974/740/303
f 975/741/304 510/742/304 1289/743/304
f 1288/744/305 342/745/306 977/746/307
f 1287/747/308 161/748/308 978/749/308
f 979/750/309 509/751/309 1286/752/309
f 980/753/310 981/754/310 1285/755/310
f 700/756/311 982/757/311 1284/758/311
f 983/759/312 428/760/312 1283/761/312
f 984/762/313 985/763/313 1282/764/313
f 699/765/314 986/766/314 1281/767/314
f 1280/768/315 218/769/315 506/770/315
f 988/771/316 989/772/316 1279/773/316
f 642/774/317 990/775/317 1278/776/317
f 991/777/318 505/778/318 1277/779/318
f 992/780/319 993/781/320 1276/782/321
f 696/783/322 994/784/322 1275/785/322
f 1274/786/323 107/787/323 395/788/323
f 1273/789/324 347/790/324 997/791/324
f 695/792/325 998/793/325 1272/794/325
f 1271/795/326 214/796/326 502/797/326
f 1000/798/327 1001/799/327 1270/800/327
f 429/801/328 1002/802/328 1269/803/328
f 1003/804/329 501/805/329 1268/806/329
f 1267/807/330 349/808/330 1005/809/330
f 692/810/331 1006/811/331 1266/812/331
f 1265/813/332 108/814/332 396/815/332
f 1008/816/333 1009/817/333 1264/818/333
f 691/819/334 1010/820/334 1263/821/334
f 1262/822/335 210/823/335 498/824/335
f 1012/825/336 1013/826/337 1261/827/338
f 671/828/339 1014/829/339 1260/830/339
f 1015/831/340 497/832/341 1259/833/342
f 1258/834/343 352/835/343 1017/836/343
f 1257/837/344 208/838/344 1018/839/344
f 1019/840/345 674/841/345 1256/842/345
f 1255/843/346 353/844/346 1021/845/346
f 1254/846/347 207/847/347 1022/848/347
f 1023/849/348 494/850/348 1253/851/348
f 1252/852/349 354/853/349 1025/854/349
f 1251/855/350 167/856/350 1026/857/350
f 1027/858/351 493/859/351 1250/860/351
f 1028/861/352 1029/862/353 1249/863/354
f 1248/864/355 204/865/356 1030/866/357
f 1247/867/358 144/868/358 432/869/358
f 1246/870/359 356/871/359 1033/872/359
f 1245/873/360 203/874/360 1034/875/360
f 1035/876/361 490/877/361 1244/878/361
f 1036/879/362 1037/880/362 1243/881/362
f 648/882/363 1038/883/363 1242/884/363
f 1039/885/364 489/886/364 1241/887/364
f 1040/888/365 1041/889/365 1240/890/365
f 680/891/366 1042/892/367 1239/893/368
f 1043/894/369 391/895/369 1238/896/369
f 1044/897/370 1045/898/370 1237/899/370
f 679/900/371 1046/901/371 1236/902/371
f 1047/903/372 486/904/372 1235/905/372
f 1234/906/373 360/907/373 1049/908/373
f 1233/909/374 145/910/374 1050/911/374
f 1232/912/375 197/913/375 485/914/375
f 1052/915/376 1053/916/376 1231/917/376
f 676/918/377 1054/919/377 1230/920/377
f 1055/921/378 392/922/379 1229/923/380
f 1056/924/381 1057/925/381 1228/926/381
f 1227/927/382 195/928/382 1058/929/382
f 1226/930/383 152/931/383 440/932/383
f 1060/933/384 1061/934/385 1225/935/386
f 481/936/387 1062/937/387 1224/938/387
f 1063/939/388 439/940/389 1223/941/390
f 1064/942/391 1065/943/391 1222/944/391
f 600/945/392 1066/946/393 1221/947/394
f 1067/948/395 480/949/395 1220/950/395
f 1219/951/396 365/952/396 1069/953/396
f 1218/954/397 119/955/397 1070/956/397
f 1217/957/398 146/958/398 626/959/398
f 1216/960/399 366/961/399 1073/962/399
f 1215/963/400 143/964/400 1074/965/400
f 1214/966/401 156/967/401 444/968/401
f 1213/969/402 367/970/402 1077/971/402
f 1212/972/403 189/973/403 1078/974/403
f 1211/975/404 155/976/404 443/977/404
f 1080/978/405 1081/979/405 1210/980/405
f 1209/981/406 114/982/406 1082/983/406
f 1083/984/407 476/985/407 1208/986/407
f 1084/987/408 1085/988/408 1207/989/408
f 593/990/409 1086/991/409 1206/992/409
f 1087/993/410 622/994/410 1205/995/410
f 1088/996/411 1089/997/411 1204/998/411
f 1203/999/412 139/1000/412 1090/1001/412
f 1091/1002/413 595/1003/413 1202/1004/413
f 1092/1005/414 1093/1006/414 1201/1007/414
f 473/1008/415 1094/1009/415 1200/1010/415
f 1199/1011/416 116/1012/416 596/1013/416
f 1198/1014/417 372/1015/417 1097/1016/417
f 1197/1017/418 169/1018/418 1098/1019/418
f 1099/1020/419 472/1021/419 1196/1022/419
f 1100/1023/420 1101/1024/420 1195/1025/420
f 458/1026/421 1102/1027/421 1194/1028/421
f 1103/1029/422 618/1030/423 1193/1031/424
f 1192/1032/425 374/1033/425 1105/1034/425
f 1191/1035/426 135/1036/426 1106/1037/426
f 1107/1038/427 446/1039/427 1190/1040/427
f 1108/1041/428 1109/1042/428 1189/1043/428
f 469/1044/429 1110/1045/429 1188/1046/429
f 1187/1047/430 157/1048/430 445/1049/430
f 1186/1050/431 376/1051/431 1113/1052/431
f 1185/1053/432 118/1054/432 1114/1055/432
f 1184/1056/433 180/1057/433 468/1058/433
f 1183/1059/434 377/1060/434 1117/1061/434
f 597/264/435 1118/1062/435 1182/1063/435
f 1119/1064/436 614/1065/436 1181/1066/436
f 1120/1067/437 1121/1068/437 1180/1069/437
f 1179/1070/438 131/1071/438 1122/1072/438
f 1123/1073/439 585/1074/439 1178/1075/439
f 1124/1076/440 1125/1077/440 1177/1078/440
f 1176/1079/441 177/1080/441 1126/1081/441
f 1127/1082/442 586/1083/442 1175/1084/442
f 1128/1085/443 1129/1086/443 1174/1087/443
f 1173/1088/444 112/1089/444 1130/1090/444
f 1172/1091/445 176/1092/445 464/1093/445
f 1171/1094/446 381/1095/447 1133/1096/448
f 591/1097/449 1134/1098/449 1170/1099/449
f 1169/1100/450 130/1101/450 610/1102/450
f 1168/1103/451 382/1104/451 1137/1105/451
f 607/1106/452 1138/1107/452 1167/1108/452
f 1166/1109/453 111/1110/453 591/1097/453
f 1165/1111/454 383/1112/455 1141/1113/456
f 461/1114/457 1142/1115/457 1164/1116/457
f 1143/1117/458 592/1118/458 1163/1119/458
f 1162/1120/459 384/1121/459 1145/1122/459
f 1161/1123/460 165/1124/460 1146/1125/460
f 1147/1126/461 460/1127/461 1160/1128/461
f 1148/1129/462 1149/1130/462 1159/1131/462
f 454/1132/463 1150/1133/463 1158/1134/463
f 1157/1135/464 126/1136/465 606/1137/466
f 1156/1138/467 386/1139/468 1153/1140/469
f 1155/1141/470 123/1142/470 1154/1143/470
f 1152/1144/471 1154/1143/471 386/1139/471
f 770/283/472 1152/1144/472 290/286/472
f 770/283/473 603/1145/473 1155/1141/473
f 1156/1138/474 287/310/474 767/1146/474
f 98/280/475 1156/1138/475 767/1146/475
f 290/286/476 1156/1138/476 578/287/476
f 575/1147/477 606/1137/477 54/277/477
f 287/310/478 1157/1135/464 575/1147/479
f 1153/1140/480 1151/1148/480 1157/1135/480
f 1158/1134/481 385/1149/481 1148/1129/481
f 766/274/482 1148/1129/482 286/1150/482
f 46/195/483 1158/1134/483 766/274/483
f 1159/1131/484 283/1151/484 763/336/484
f 574/313/485 763/336/485 97/1152/485
f 286/1150/486 1159/1131/486 574/313/486
f 1160/1128/487 52/1153/487 571/267/487
f 1149/1130/488 571/267/488 283/1151/488
f 385/1149/489 1160/1128/489 1149/1130/489
f 1144/1154/490 1146/1125/491 384/1121/492
f 282/340/493 1161/1123/494 1144/1154/490
f 762/265/495 453/203/495 1161/1123/495
f 759/1155/496 1145/1122/496 279/364/496
f 96/262/497 1162/1120/497 759/1155/497
f 570/341/498 1144/1154/498 1162/1120/498
f 567/1156/499 592/1118/499 40/260/499
f 279/364/500 1163/1119/500 567/1156/500
f 384/1121/501 1163/1119/501 1145/1122/501
f 1140/1157/502 1142/1115/502 383/1112/502
f 278/1158/503 1164/1116/503 1140/1157/503
f 53/257/504 1164/1116/504 758/258/504
f 755/1159/505 1141/1113/505 275/391/505
f 95/1160/506 1165/1111/506 755/1159/506
f 566/367/507 1140/1157/507 1165/1111/507
f 563/1161/508 591/1097/509 39/240/510
f 275/1162/511 1166/1109/511 563/1161/511
f 1141/1163/512 1139/1164/512 1166/1109/512
f 1167/1108/513 382/1104/513 1136/1165/513
f 754/249/514 1136/1165/514 274/1166/514
f 55/1167/515 1167/1108/516 754/249/517
f 751/1168/518 1137/1105/519 271/418/520
f 94/246/521 1168/1103/521 751/1168/521
f 562/394/522 1136/1165/523 1168/1103/524
f 559/1169/525 610/1102/525 58/243/525
f 271/418/526 1169/1100/526 559/1169/526
f 1137/1105/527 1135/1170/527 1169/1100/527
f 1132/1171/528 1134/1098/528 381/1095/528
f 270/421/529 1170/1099/530 1132/1171/531
f 39/240/532 1170/1099/532 750/241/532
f 747/1172/533 1133/1096/533 267/444/533
f 93/1173/534 1171/1094/535 747/1172/536
f 558/422/537 1132/1171/537 1171/1094/537
f 555/1174/538 464/1093/538 56/234/538
f 267/444/539 1172/1091/539 555/1174/539
f 1133/1096/540 1131/1175/540 1172/1091/540
f 1128/1085/541 1130/1090/542 380/1176/543
f 746/231/544 1128/1085/544 266/447/544
f 40/260/545 1173/1088/546 746/231/547
f 1174/1087/548 263/1177/548 743/469/548
f 554/448/549 743/469/549 92/1178/549
f 266/447/550 1174/1087/550 554/448/550
f 1175/1084/551 34/1179/551 551/224/551
f 1129/1086/552 551/224/552 263/1177/552
f 380/1176/553 1175/1084/553 1129/1086/553
f 1124/1076/554 1126/1081/554 379/1180/554
f 262/473/555 1176/1079/555 1124/1076/555
f 742/223/556 465/1181/556 1176/1079/556
f 739/1182/557 1125/1077/557 259/497/557
f 91/219/558 1177/1078/558 739/1182/558
f 550/474/559 1124/1076/559 1177/1078/559
f 547/1183/560 585/1074/560 33/216/560
f 259/497/561 1178/1075/561 547/1183/561
f 379/1180/562 1178/1075/562 1125/1077/562
f 1120/1067/563 1122/1072/563 378/1184/563
f 258/1185/564 1179/1070/564 1120/1067/564
f 59/1186/565 1179/1070/565 738/213/565
f 1180/1069/566 255/1187/567 735/523/568
f 546/500/569 735/523/570 90/1188/571
f 258/1185/572 1180/1069/572 546/500/572
f 1181/1066/573 62/1189/573 543/206/573
f 1121/1068/574 543/206/574 255/1187/574
f 378/1184/575 1181/1066/575 1121/1068/575
f 1182/1063/576 377/1060/576 1116/1190/576
f 734/204/577 1116/1190/578 254/1191/579
f 45/1192/580 1182/1063/580 734/204/580
f 731/1193/581 1117/1061/581 251/551/581
f 89/201/582 1183/1059/582 731/1193/582
f 254/1191/583 1183/1059/583 542/527/583
f 1184/1056/584 60/198/585 539/1194/586
f 251/551/587 1184/1056/587 539/1194/587
f 1117/1061/588 1115/1195/588 1184/1056/588
f 1112/1196/589 1114/1055/589 376/1051/589
f 250/554/590 1185/1053/590 1112/1196/590
f 730/196/591 598/273/592 1185/1053/593
f 727/1197/594 1113/1052/594 247/577/594
f 88/192/595 1186/1050/595 727/1197/595
f 538/555/596 1112/1196/596 1186/1050/596
f 535/1198/597 445/1049/598 37/189/599
f 247/577/600 1187/1047/600 535/1198/600
f 1113/1052/601 1111/1199/601 1187/1047/601
f 1108/1041/602 1110/1045/602 375/1200/602
f 246/580/603 1188/1046/603 1108/1041/603
f 61/186/604 1188/1046/604 726/187/604
f 1189/1043/605 243/1201/605 723/603/605
f 534/581/606 723/603/606 87/1202/606
f 246/580/607 1189/1043/607 534/581/607
f 1190/1040/608 38/180/608 531/1203/608
f 1109/1042/609 531/1203/609 243/1201/609
f 375/1200/610 1190/1040/610 1109/1042/610
f 1104/1204/611 1106/1037/611 374/1033/611
f 242/607/612 1191/1035/612 1104/1204/612
f 63/1205/613 1191/1035/613 722/1206/613
f 719/630/614 1105/1034/614 239/1207/614
f 86/174/615 1192/1032/615 719/630/615
f 530/608/616 1104/1204/616 1192/1032/616
f 1193/1031/617 66/1208/617 527/170/617
f 1105/1034/618 527/170/618 239/1207/618
f 1105/1034/619 1103/1029/619 1193/1031/619
f 1194/1028/620 373/1209/620 1100/1023/620
f 718/168/621 1100/1023/621 238/1210/621
f 50/1211/622 1194/1028/622 718/168/622
f 1195/1025/623 235/658/623 715/1212/623
f 526/634/624 715/1212/624 85/165/624
f 238/1210/625 1195/1025/625 526/634/625
f 1196/1022/626 64/1213/627 523/1214/628
f 1101/1024/629 523/1214/630 235/658/631
f 373/1209/632 1196/1022/632 1101/1024/632
f 1096/1215/633 1098/1019/633 372/1015/633
f 714/160/634 1096/1215/634 234/661/634
f 714/160/635 457/1216/635 1197/1017/635
f 711/684/636 1097/1016/636 231/1217/636
f 522/662/637 711/684/637 84/1218/637
f 234/661/638 1198/1014/638 522/662/638
f 519/152/639 596/1013/639 44/1219/639
f 1097/1220/640 519/152/640 231/1221/640
f 1097/1220/641 1095/1222/641 1199/1011/641
f 1200/1010/642 371/1223/642 1092/1005/642
f 710/151/643 1092/1005/643 230/1224/643
f 65/150/644 1200/1010/644 710/151/644
f 1201/1007/645 227/1225/645 707/711/645
f 518/688/646 707/711/647 83/1226/648
f 230/1224/649 1201/1007/649 518/688/649
f 1202/1004/650 43/1227/650 515/143/650
f 1093/1006/651 515/143/651 227/1225/651
f 371/1223/652 1202/1004/652 1093/1006/652
f 1088/996/653 1090/1001/654 370/1228/655
f 226/715/656 1203/999/656 1088/996/656
f 706/142/657 619/1229/657 1203/999/657
f 703/1230/658 1089/997/658 223/739/658
f 82/138/659 1204/998/660 703/1230/661
f 514/716/662 1088/996/662 1204/998/662
f 1205/995/663 70/1231/663 511/134/663
f 1089/997/664 511/134/664 223/739/664
f 370/1228/665 1205/995/666 1089/997/667
f 1206/992/668 369/1232/668 1084/987/668
f 702/132/669 1084/987/669 222/1233/669
f 41/1234/670 1206/992/670 702/132/670
f 1207/989/671 219/1235/671 699/765/671
f 81/1236/672 1207/989/672 699/765/672
f 222/1233/673 1207/989/673 510/742/673
f 507/1237/674 476/985/674 68/126/674
f 219/1235/675 1208/986/676 507/1237/677
f 1085/988/678 1083/984/678 1208/986/678
f 1080/978/679 1082/983/679 368/1238/679
f 218/769/680 1209/981/680 1080/978/680
f 698/124/681 594/1239/681 1209/981/681
f 1210/980/682 215/1240/682 695/792/682
f 506/770/683 695/792/683 80/1241/683
f 218/769/684 1210/980/684 506/770/684
f 503/1242/685 443/977/685 35/117/685
f 1081/979/686 503/1242/686 215/1240/686
f 1081/979/687 1079/1243/687 1211/975/687
f 1076/1244/688 1078/974/688 367/970/688
f 214/796/689 1212/972/689 1076/1244/689
f 694/114/690 477/1245/690 1212/972/690
f 691/819/691 1077/971/691 211/1246/691
f 79/1247/692 1213/969/692 691/819/692
f 502/797/693 1076/1244/694 1213/969/695
f 499/1248/696 444/968/696 36/108/696
f 211/1249/697 1214/966/697 499/1248/697
f 1077/971/698 1075/1250/698 1214/1251/698
f 1072/1252/699 1074/965/700 366/961/701
f 690/106/702 1072/1252/702 210/823/702
f 71/105/703 1215/963/703 690/106/703
f 687/1253/704 1073/962/704 207/847/704
f 78/1254/705 1216/960/705 687/1253/705
f 498/824/706 1072/1252/706 1216/960/706
f 1217/957/707 74/1255/707 495/98/707
f 207/1256/708 1217/957/708 495/98/708
f 1073/1257/709 1071/1258/709 1217/957/709
f 1068/1259/710 1070/956/710 365/952/710
f 206/1260/711 1218/954/711 1068/1259/711
f 686/97/712 599/1261/713 1218/954/714
f 683/1262/715 1069/953/715 203/874/715
f 77/1263/716 1219/951/717 683/1262/718
f 494/850/719 1068/1259/719 1219/951/719
f 491/1264/720 480/949/720 72/90/720
f 203/1265/721 1220/950/722 491/1264/723
f 1069/1266/724 1067/948/724 1220/950/724
f 1221/947/725 364/1267/725 1064/942/725
f 682/87/726 1064/942/726 202/1268/726
f 48/1269/727 1221/947/727 682/87/727
f 1222/944/728 199/1270/728 679/900/728
f 490/877/729 679/900/730 76/1271/731
f 202/1268/732 1222/944/732 490/877/732
f 1223/941/733 31/1272/733 487/80/733
f 1065/943/734 487/80/735 199/1270/736
f 364/1267/737 1223/941/737 1065/943/737
f 1224/938/738 363/1273/738 1060/933/738
f 678/79/739 1060/933/739 198/1274/739
f 73/78/740 1224/938/740 678/79/740
f 1225/935/741 195/928/741 675/1275/741
f 486/904/742 675/1275/743 75/75/744
f 198/1274/745 1225/935/745 486/904/745
f 483/1276/746 440/932/747 32/72/748
f 195/928/749 1226/930/749 483/1276/749
f 363/1273/750 1226/930/750 1061/934/750
f 1056/924/751 1058/929/751 362/1277/751
f 197/913/752 1227/927/753 1056/924/754
f 677/76/755 675/1275/756 1227/927/756
f 1228/926/757 149/1278/757 437/1279/757
f 485/914/758 437/1279/759 29/1280/760
f 197/913/761 1228/926/761 485/914/761
f 1229/923/762 2/1281/763 629/1282/764
f 1057/925/765 629/1282/765 149/1278/765
f 362/1277/766 1229/923/766 1057/925/766
f 1230/920/767 361/1283/767 1052/915/767
f 482/99/768 1052/915/768 194/1284/768
f 74/1255/769 1230/920/769 482/99/769
f 1231/917/770 101/1285/770 389/1286/770
f 674/841/771 389/1286/771 10/1287/771
f 194/1284/772 1231/917/772 674/841/772
f 1232/912/773 29/1280/773 581/1288/773
f 1053/916/774 581/1288/774 101/1285/774
f 1053/916/775 1051/1289/775 1232/912/775
f 1048/1290/776 1050/911/776 360/907/776
f 146/958/777 1233/909/777 1048/1290/777
f 26/1291/778 1233/909/778 434/60/778
f 676/918/779 1049/908/779 196/1292/779
f 626/959/780 676/918/780 74/1255/780
f 626/959/781 1048/1290/781 1234/906/781
f 1235/905/782 75/75/782 484/1293/782
f 1049/908/783 484/1293/783 196/1292/783
f 1049/908/784 1047/903/784 1235/905/784
f 1236/902/785 359/1294/786 1044/897/787
f 681/84/788 1044/897/788 201/1295/788
f 76/1271/789 1236/902/789 681/84/789
f 1237/899/790 193/1296/790 481/936/790
f 489/886/791 481/936/791 73/78/791
f 201/1295/792 1237/899/792 489/886/792
f 1238/896/793 11/1297/793 673/68/793
f 1045/898/794 673/68/794 193/1296/794
f 359/1294/795 1238/896/796 1045/898/797
f 1239/893/798 358/1298/798 1040/888/798
f 624/91/799 1040/888/800 144/868/801
f 72/90/802 1239/893/802 624/91/802
f 1240/890/803 145/910/803 433/1299/803
f 432/869/804 433/1299/804 26/1291/804
f 432/869/805 1040/888/805 1240/890/805
f 1241/887/806 73/78/806 625/1300/806
f 145/910/807 1241/887/807 625/1300/807
f 358/1298/808 1241/887/808 1041/889/808
f 1242/884/809 357/1301/809 1036/879/809
f 672/63/810 1036/879/810 192/1302/810
f 19/1303/811 1242/884/811 672/63/811
f 1243/881/812 200/1304/812 680/891/812
f 480/949/813 680/891/813 72/90/813
f 192/1302/814 1243/881/814 480/949/814
f 1244/878/815 76/1271/816 488/83/817
f 1037/880/818 488/83/818 200/1304/818
f 357/1301/819 1244/878/819 1037/880/819
f 1032/1305/820 1034/875/821 356/871/822
f 685/93/823 1032/1305/824 205/1306/825
f 77/1263/826 1245/873/826 685/93/826
f 623/1307/827 1033/872/827 143/964/827
f 493/859/828 623/1307/828 71/105/828
f 205/1306/829 1246/870/830 493/859/831
f 431/59/832 432/869/832 26/1291/832
f 143/1308/833 1247/867/833 431/59/833
f 1033/1309/834 1031/1310/834 1247/867/834
f 1248/864/835 355/1311/835 1028/861/835
f 109/571/836 1248/864/836 1028/861/836
f 589/190/837 684/1312/838 1248/864/839
f 1249/863/840 191/1313/840 671/828/840
f 397/572/841 671/828/841 14/1314/841
f 109/571/842 1249/863/842 397/572/842
f 1250/860/843 71/105/843 479/1315/843
f 1029/862/844 479/1315/844 191/1313/844
f 355/1311/845 1250/860/845 1029/862/845
f 1024/1316/846 1026/857/846 354/853/846
f 157/1048/847 1251/855/847 1024/1316/847
f 637/31/848 647/1317/848 1251/855/848
f 1252/852/849 204/865/850 684/1312/849
f 37/189/851 1252/852/849 684/1312/849
f 445/1049/852 1024/1316/852 1252/852/852
f 1253/851/853 77/1263/853 492/92/853
f 1025/854/854 492/92/854 204/865/854
f 354/853/855 1253/851/855 1025/854/855
f 1020/1318/856 1022/848/856 353/844/856
f 209/1319/857 1254/846/857 1020/1318/857
f 689/102/858 687/1253/858 1254/846/858
f 438/1320/859 1021/845/859 150/1321/859
f 497/832/860 438/1320/860 30/1322/860
f 497/832/861 1020/1318/861 1255/843/861
f 1256/842/862 10/1287/862 630/1323/862
f 1021/1324/863 630/1323/863 150/1325/863
f 353/1326/864 1256/842/864 1021/1324/864
f 1016/1327/865 1018/839/865 352/835/865
f 110/598/866 1257/837/866 1016/1327/866
f 590/181/867 688/1328/867 1257/837/867
f 390/1329/868 1017/836/868 102/1330/868
f 6/1331/869 1258/834/869 390/1329/869
f 398/599/870 1016/1327/870 1258/834/870
f 1259/833/871 30/1322/871 582/1332/871
f 1017/836/872 582/1332/872 102/1330/872
f 352/835/873 1259/833/873 1017/836/873
f 1260/830/874 351/1333/874 1012/825/874
f 638/33/875 1012/825/875 158/1334/875
f 14/1314/876 1260/830/876 638/33/876
f 1261/827/877 208/838/877 688/1328/877
f 38/180/878 1261/827/878 688/1328/878
f 446/1039/879 1012/825/336 1261/827/338
f 1262/822/880 78/1254/880 496/101/880
f 208/838/881 1262/822/881 496/101/881
f 1013/826/882 1011/1335/882 1262/822/882
f 1263/821/883 350/1336/883 1008/816/883
f 693/111/884 1008/816/884 213/1337/884
f 79/1247/885 1263/821/885 693/111/885
f 1264/818/886 169/1018/886 457/1216/886
f 501/805/887 457/1216/887 49/159/887
f 213/1337/888 1264/818/888 501/805/888
f 649/1338/889 396/815/889 4/42/889
f 169/1339/890 1265/813/891 649/1338/892
f 1009/1340/893 1007/1341/893 1265/813/893
f 1266/812/894 349/808/894 1004/1342/894
f 478/135/895 1004/1342/896 190/733/896
f 70/1231/897 1266/812/897 478/135/897
f 409/1343/898 1005/809/898 121/667/898
f 20/1344/899 1267/807/899 409/1343/899
f 670/734/900 1004/1342/900 1267/807/900
f 1268/806/901 49/159/901 601/1345/901
f 1005/809/902 601/1345/902 121/667/902
f 349/808/903 1268/806/903 1005/809/903
f 1269/803/904 348/1346/904 1000/798/904
f 430/49/905 1000/798/905 142/1347/905
f 25/48/906 1269/803/906 430/49/906
f 1270/800/907 212/1348/907 692/810/907
f 622/994/908 692/810/908 70/1231/908
f 142/1347/909 1270/800/909 622/994/909
f 1271/795/910 79/1247/910 500/110/910
f 1001/799/911 500/110/912 212/1348/913
f 348/1346/914 1271/795/914 1001/799/914
f 1272/794/915 347/790/915 996/1349/915
f 697/120/916 996/1349/916 217/1350/916
f 80/1241/917 1272/794/917 697/120/917
f 477/1245/918 997/791/918 189/973/918
f 69/1351/919 1273/789/919 477/1245/919
f 505/778/920 996/1349/920 1273/789/920
f 669/1352/921 395/788/921 13/57/921
f 189/973/922 1274/786/923 669/1352/924
f 997/791/925 995/1353/925 1274/786/925
f 1275/785/926 346/1354/926 992/780/926
f 620/127/927 992/780/927 140/1355/927
f 68/126/928 1275/785/928 620/127/928
f 1276/782/929 141/1356/929 429/801/929
f 428/760/930 429/801/930 25/48/930
f 140/1355/931 1276/782/931 428/760/931
f 1277/779/932 69/1351/932 621/113/932
f 993/781/933 621/113/933 141/1356/933
f 346/1354/934 1277/779/934 993/781/934
f 1278/776/935 345/1357/935 988/771/935
f 668/51/936 988/771/936 188/1358/936
f 16/1359/937 1278/776/937 668/51/937
f 1279/773/938 216/1360/938 696/783/938
f 476/985/939 696/783/939 68/126/939
f 188/1358/940 1279/773/940 476/985/940
f 504/119/941 506/770/941 80/1241/941
f 216/1360/942 1280/768/942 504/119/942
f 989/772/943 987/1361/943 1280/768/943
f 984/762/944 986/766/944 344/1362/944
f 701/129/945 984/762/945 221/1363/945
f 81/1236/946 1281/767/947 701/129/948
f 1282/764/949 139/1000/949 619/1229/949
f 509/751/950 619/1229/950 67/141/950
f 221/1363/951 1282/764/951 509/751/951
f 1283/761/952 25/48/953 427/1364/952
f 985/763/954 427/1364/954 139/1000/954
f 344/1362/955 1283/761/955 985/763/955
f 1284/758/956 343/1365/956 980/753/956
f 583/81/957 980/753/957 103/1366/957
f 31/1272/958 1284/758/958 583/81/958
f 1285/755/959 187/1367/959 667/720/959
f 11/1297/960 1285/755/961 667/720/962
f 391/895/963 980/753/963 1285/755/963
f 1286/752/964 67/141/964 475/1368/964
f 981/754/965 475/1368/965 187/1367/965
f 343/1365/966 1286/752/967 981/754/968
f 976/1369/969 978/749/969 342/745/969
f 631/67/970 976/1369/970 151/1370/970
f 631/67/971 641/1371/971 1287/747/971
f 700/756/972 977/746/972 220/1372/972
f 439/940/973 700/756/973 31/1272/973
f 151/1370/974 1288/744/974 439/940/974
f 1289/743/975 81/1236/975 508/128/975
f 220/1372/976 1289/743/976 508/128/976
f 342/745/977 1289/743/977 977/746/977
f 972/1373/978 974/740/979 341/736/980
f 225/724/981 1290/738/981 972/1373/981
f 705/139/982 703/1230/982 1290/738/982
f 458/1026/983 973/737/983 170/1374/983
f 50/1211/984 1291/735/984 458/1026/984
f 513/725/985 972/1373/985 1291/735/985
f 650/38/986 670/734/986 20/1344/986
f 170/1374/987 1292/732/987 650/38/987
f 973/737/988 971/1375/988 1292/732/988
f 968/1376/989 970/731/989 340/727/989
f 104/1377/990 1293/729/990 968/1376/990
f 584/73/991 704/1378/991 1293/729/991
f 410/639/992 969/728/992 122/1379/992
f 2/1281/993 1294/726/993 410/639/993
f 392/922/994 968/1376/994 1294/726/994
f 602/167/995 513/725/995 50/1211/995
f 122/1379/996 1295/723/997 602/167/998
f 969/728/999 967/1380/1000 1295/723/997
f 964/1381/1001 966/721/1001 339/718/1001
f 632/69/1002 964/1381/1002 152/931/1002
f 11/1297/1003 1296/722/1003 632/69/1003
f 704/1378/1004 965/719/1004 224/730/1004
f 32/72/1005 1297/717/1006 704/1378/1007
f 440/932/1008 964/1381/1008 1297/717/1008
f 512/1382/1009 514/716/1009 82/138/1009
f 224/730/1010 1298/714/1011 512/1382/1012
f 965/719/1013 963/1383/1013 1298/714/1013
f 960/1384/1014 962/712/1014 338/709/1014
f 229/697/1015 1299/713/1015 960/1384/1015
f 83/1226/1016 1299/713/1016 709/147/1016
f 580/1385/1017 961/710/1017 100/1386/1017
f 28/1387/1018 1300/708/1018 580/1385/1018
f 517/698/1019 960/1384/1019 1300/708/1019
f 1301/707/1020 8/1388/1020 388/1389/1020
f 961/710/1021 388/1389/1021 100/1386/1021
f 338/709/1022 1301/707/1022 961/710/1022
f 956/1390/1023 958/703/1023 337/700/1023
f 186/1391/1024 1302/704/1024 956/1390/1024
f 66/1208/1025 1302/704/1025 474/171/1025
f 1303/699/1026 148/1392/1026 628/1393/1026
f 666/625/1027 628/1393/1027 9/1394/1027
f 186/1391/1028 1303/699/1028 666/625/1028
f 436/1395/1029 517/698/1029 28/1387/1029
f 148/1392/1030 1304/696/1030 436/1395/1030
f 957/701/1031 955/1396/1031 1304/696/1031
f 1305/695/1032 336/1397/1032 952/690/1032
f 426/37/1033 952/690/1033 138/1398/1033
f 24/36/1034 1305/695/1034 426/37/1034
f 1306/692/1035 228/1399/1035 708/702/1035
f 618/1030/1036 708/702/1036 66/1208/1036
f 138/1398/1037 1306/692/1037 618/1030/1037
f 1307/689/1038 83/1226/1038 516/146/1038
f 953/691/1039 516/146/1039 228/1399/1039
f 336/1397/1040 1307/689/1041 953/691/1042
f 948/681/1043 950/1400/1043 335/1401/1043
f 233/1402/1044 1308/686/1044 948/1403/1044
f 713/156/1045 711/684/1045 1308/686/1045
f 1309/683/1046 185/1404/1046 473/1008/1046
f 65/150/1047 1309/683/1047 473/1008/1047
f 233/670/1048 1309/683/1048 521/671/1048
f 1310/680/1049 17/1405/1049 665/44/1049
f 949/682/1050 665/44/1051 185/1404/1052
f 335/1401/1053 1310/680/1053 949/682/1053
f 1311/1406/1054 334/1407/1054 944/672/1054
f 616/162/1055 944/672/1055 136/652/1055
f 64/1408/1056 1311/1406/1056 616/162/1056
f 1312/674/1057 137/1409/1057 425/693/1057
f 24/36/1058 1312/674/1058 425/693/1058
f 136/652/1059 1312/674/1059 424/653/1059
f 617/1410/1060 521/671/1060 65/150/1060
f 137/1409/1061 1313/669/1061 617/1410/1061
f 945/673/1062 943/1411/1063 1313/669/1064
f 940/1412/1065 942/668/1066 333/664/1067
f 184/1413/1068 1314/666/1068 940/1412/1068
f 664/39/1069 409/1343/1069 1314/666/1069
f 1315/663/1070 232/1414/1070 712/675/1070
f 64/1213/1071 1315/663/1071 712/675/1071
f 472/1021/1072 940/1412/1073 1315/663/1074
f 520/155/1075 522/662/1075 84/1218/1075
f 232/1414/1076 1316/660/1077 520/155/1078
f 941/665/1079 939/1415/1079 1316/660/1079
f 936/1416/1080 938/1417/1080 332/655/1080
f 237/643/1081 1317/657/1081 936/1418/1081
f 717/166/1082 715/1212/1082 1317/657/1082
f 615/1419/1083 937/656/1083 135/1036/1083
f 525/1420/1084 615/1419/1084 63/1205/1084
f 525/1420/1085 936/1416/1086 1318/654/1087
f 423/1421/1088 424/653/1088 24/36/1088
f 135/1036/1089 1319/651/1090 423/1421/1091
f 937/656/1092 935/1422/1092 1319/651/1092
f 1320/650/1093 331/1423/1093 932/645/1093
f 581/1288/1094 932/645/1094 101/1285/1094
f 29/1280/1095 1320/650/1095 581/1288/1095
f 1321/647/1096 183/1424/1096 663/612/1096
f 389/1286/1097 663/612/1097 10/1287/1097
f 101/1285/1098 1321/647/1098 389/1286/1098
f 1322/642/1099 63/1425/1099 471/176/1099
f 183/1424/1100 1322/642/1100 471/176/1100
f 331/1423/1101 1322/642/1101 933/646/1101
f 1323/641/1102 330/1426/1102 928/636/1102
f 629/1282/1103 928/636/1104 149/1278/1105
f 2/1281/1106 1323/641/1107 629/1282/1103
f 1324/638/1108 236/1427/1108 716/648/1108
f 437/1279/1109 716/648/1109 29/1280/1109
f 149/1278/1110 1324/638/1111 437/1279/1112
f 1325/635/260 85/165/1113 524/1428/1114
f 929/637/1115 524/1428/1116 236/1427/1117
f 330/1426/1118 1325/635/1119 929/637/1115
f 1326/632/257 329/1429/1120 924/627/1121
f 721/175/1122 924/627/1121 241/1430/1123
f 721/175/1122 719/630/255 1326/632/257
f 1327/629/1124 99/1431/1124 579/1432/1124
f 529/616/1125 579/1432/1125 27/1433/1125
f 241/1430/1126 1327/629/1126 529/616/1126
f 1328/626/1127 9/1394/1128 387/1434/1129
f 925/628/1130 387/1434/1129 99/1431/1131
f 329/1429/1132 1328/626/1127 925/628/1130
f 920/1435/1133 922/623/1133 328/619/1133
f 102/1330/1134 1329/621/1134 920/1435/1134
f 582/1332/1135 720/1436/1135 1329/621/1135
f 1330/618/1136 147/1437/1136 627/1438/1136
f 6/1331/1137 1330/618/1137 627/1438/1137
f 390/1329/1138 920/1435/1138 1330/618/1138
f 1331/617/1139 27/1433/1139 435/1439/1139
f 921/620/1140 435/1439/1140 147/1437/1140
f 328/619/1141 1331/617/1142 921/620/1143
f 1332/614/1144 327/1440/1144 916/1441/1144
f 630/1323/1145 916/1441/1145 150/1325/1145
f 10/1287/1146 1332/614/1146 630/1323/1146
f 720/1436/1147 917/611/1147 240/622/1147
f 30/1322/1148 1333/609/1148 720/1436/1148
f 150/1321/1149 1333/609/1149 438/1320/1149
f 528/1442/1150 530/608/1150 86/174/1150
f 240/622/1151 1334/606/1151 528/1442/1151
f 917/611/1152 915/1443/1152 1334/606/1152
f 1335/605/1153 326/1444/1153 912/600/1153
f 725/183/1154 912/600/1154 245/1445/1154
f 87/1202/1155 1335/605/1155 725/183/1155
f 1336/602/1156 147/1437/1156 435/1439/1156
f 533/589/1157 435/1439/1157 27/1433/1157
f 245/1445/1158 1336/602/1158 533/589/1158
f 1337/597/1159 6/1331/1159 627/1438/1159
f 913/601/1160 627/1438/1160 147/1437/1160
f 326/1444/1161 1337/597/1161 913/601/1161
f 1338/596/1162 325/1446/1162 908/591/1162
f 470/207/1163 908/591/1163 182/1447/1163
f 62/1189/1164 1338/596/1164 470/207/1164
f 1339/593/1165 99/1431/1165 387/1434/1165
f 662/518/1166 387/1434/1166 9/1394/1166
f 182/1447/1167 1339/593/1168 662/518/1169
f 1340/590/1170 27/1433/1171 579/1432/1172
f 909/592/1173 579/1432/1173 99/1431/1173
f 325/1446/1174 1340/590/1174 909/592/1174
f 904/1448/1175 906/587/1175 324/583/1175
f 134/1449/1176 1341/585/1177 904/1448/1178
f 422/25/1179 421/1450/1180 1341/585/1177
f 1342/582/1181 244/1451/1181 724/594/1181
f 614/1065/1182 724/594/1183 62/1189/1184
f 614/1065/1185 904/1448/1185 1342/582/1185
f 1343/579/1186 87/1202/1186 532/182/1186
f 905/584/1187 532/182/1187 244/1451/1187
f 905/584/1188 903/1452/1188 1343/579/1188
f 900/1453/1189 902/578/1189 323/574/1189
f 249/562/1190 1344/576/1190 900/1453/1190
f 729/193/1191 727/1197/1191 1344/576/1191
f 469/1044/1192 901/575/1192 181/1454/1192
f 61/186/1193 1345/573/1194 469/1044/1195
f 537/563/1196 900/1453/1197 1345/573/228
f 661/32/1198 397/572/1198 14/1314/1198
f 181/1454/1199 1346/570/1199 661/32/1199
f 901/575/1200 899/1455/1200 1346/570/1200
f 896/1456/1201 898/568/1201 322/565/1201
f 612/199/1202 896/1456/1202 132/1457/1202
f 612/199/1203 728/567/1203 1347/569/1203
f 421/1450/1204 897/566/1204 133/586/1204
f 23/24/1205 1348/564/1205 421/1450/1205
f 132/1457/1206 1348/564/1206 420/545/1206
f 613/1458/1207 537/563/1207 61/186/1207
f 133/586/1208 1349/561/1208 613/1458/1208
f 897/566/1209 895/1459/1209 1349/561/1209
f 1350/560/1210 321/557/1211 892/1460/1212
f 660/28/1213 892/1460/1214 180/1057/1215
f 660/28/1216 646/4/1216 1350/560/1216
f 1351/556/1217 248/1461/1217 728/567/1217
f 468/1058/1218 728/567/1218 60/198/1218
f 468/1058/1219 892/1460/1219 1351/556/1219
f 536/1462/1220 538/555/1220 88/192/1220
f 248/1461/1221 1352/553/1221 536/1462/1221
f 893/558/1222 891/1463/1223 1352/553/1224
f 1353/550/1225 320/548/1225 888/1464/1225
f 253/536/1226 1353/550/1226 888/1464/1226
f 733/202/1227 731/1193/1227 1353/550/1227
f 611/1465/1228 889/549/1228 131/1071/1228
f 541/537/1229 611/1465/1229 59/1186/1229
f 253/536/1230 1354/547/1230 541/537/1230
f 419/1466/1231 420/545/1231 23/24/1231
f 131/1071/1232 1355/546/1232 419/1466/1232
f 889/549/1233 887/544/1233 1355/546/1233
f 884/538/1234 886/543/1234 319/1467/1234
f 154/1468/1235 1356/541/1235 884/538/1235
f 442/225/1236 732/1469/1236 1356/541/1236
f 1357/540/1237 179/506/1237 659/1470/1237
f 634/464/1238 659/1470/1238 12/21/1238
f 154/1468/1239 1357/540/1239 634/464/1239
f 467/212/1240 541/537/1241 59/1186/1242
f 179/506/1243 1358/535/1243 467/212/1243
f 885/539/1244 883/1471/1244 1358/535/1244
f 1359/534/1245 318/1472/1245 880/529/1245
f 394/18/1246 880/529/1246 106/1473/1246
f 7/8/1247 1359/534/1247 394/18/1247
f 732/1469/1248 881/530/1249 252/542/1250
f 34/1179/1251 1360/531/1251 732/1469/1251
f 106/1473/1252 1360/531/1252 586/1083/1252
f 540/1474/1253 542/527/1253 89/201/1253
f 252/542/1254 1361/528/1254 540/1474/1254
f 318/1472/1255 1361/528/1255 881/530/1255
f 1362/525/1256 317/1475/1256 876/520/1256
f 257/1476/1257 1362/525/1257 876/520/1257
f 90/1188/1258 1362/525/1258 737/210/1258
f 1363/522/1259 148/1392/1260 436/1395/1261
f 545/509/1262 436/1395/1262 28/1387/1262
f 257/1476/1263 1363/522/1263 545/509/1263
f 1364/519/1264 9/1394/1265 628/1393/1266
f 877/521/1267 628/1393/1266 148/1392/1268
f 317/1475/1269 1364/519/1269 877/521/1269
f 1365/516/1270 316/1477/1270 872/511/1270
f 441/217/1271 872/511/1271 153/1478/1271
f 33/216/1272 1365/516/1273 441/217/1274
f 1366/513/1275 100/1386/1275 388/1389/1275
f 633/491/1276 388/1389/1276 8/1388/1276
f 153/1478/1277 1366/513/1277 633/491/1277
f 1367/510/1278 28/1387/1278 580/1385/1278
f 873/512/1279 580/1385/1280 100/1386/1281
f 316/1477/1282 1367/510/1282 873/512/1282
f 868/1479/1283 870/507/1283 315/503/1283
f 105/1480/1284 1368/505/1284 868/1479/1284
f 393/22/1285 659/1470/1285 1368/505/1285
f 736/514/1286 869/504/1286 256/1481/1286
f 33/216/1287 1369/502/1287 736/514/1287
f 585/1074/1288 868/1479/1288 1369/502/1288
f 1370/501/1289 90/1188/1289 544/209/1289
f 869/504/1290 544/209/1290 256/1481/1290
f 869/504/1291 867/499/1291 1370/501/1291
f 864/1482/1292 866/498/1292 314/494/1292
f 261/482/1293 1371/496/1294 864/1482/1295
f 741/220/1296 739/1182/1296 1371/496/1296
f 451/144/1297 865/495/1297 163/1483/1297
f 43/1227/1298 1372/493/1298 451/144/1298
f 549/483/1299 864/1482/1299 1372/493/1299
f 1373/492/1300 8/1388/1300 643/706/1300
f 865/495/1301 643/706/1301 163/1483/1301
f 314/494/1302 1373/492/1302 865/495/1302
f 1374/489/1303 313/1484/1304 860/484/1305
f 466/244/1306 860/484/1306 178/1485/1306
f 58/243/1307 1374/489/1307 466/244/1307
f 403/45/1308 861/485/1308 115/1486/1308
f 658/412/1309 403/45/1309 17/1405/1309
f 178/1485/1310 1375/486/1310 658/412/1310
f 595/1003/1311 549/483/1311 43/1227/1311
f 115/1486/1312 1376/481/1312 595/1003/1312
f 861/485/1313 859/1487/1313 1376/481/1313
f 856/1488/1314 858/480/1315 312/476/1316
f 130/1101/1317 1377/478/1317 856/1488/1317
f 418/14/1318 417/1489/1318 1377/478/1318
f 740/487/1319 857/477/1319 260/1490/1320
f 58/243/1321 1378/475/1321 740/487/1321
f 610/1102/1322 856/1488/1322 1378/475/1322
f 548/1491/1323 550/474/1324 91/219/1325
f 260/1490/1326 1379/472/1327 548/1491/1328
f 857/477/1329 855/1492/1330 1379/472/1331
f 852/466/1332 854/470/1332 311/1493/1332
f 265/455/1333 1380/471/1333 852/466/1333
f 92/1178/1334 1380/471/1334 745/228/1334
f 465/1181/1335 853/467/1335 177/1080/1335
f 57/222/1336 1381/468/1337 465/1181/1338
f 553/456/1339 852/466/1339 1381/468/1339
f 1382/465/1340 12/21/1340 657/1494/1340
f 853/467/1341 657/1494/1341 177/1080/1341
f 311/1493/1342 1382/465/1342 853/467/1342
f 848/1495/1343 850/462/1343 310/458/1343
f 128/438/1344 1383/460/1344 848/1495/1344
f 608/235/1345 744/1496/1345 1383/460/1345
f 417/1489/1346 849/459/1346 129/479/1346
f 22/1497/1347 1384/457/1347 417/1489/1347
f 416/439/1348 848/1495/1349 1384/457/1350
f 609/1498/1351 553/456/1351 57/222/1351
f 129/479/1352 1385/454/1352 609/1498/1352
f 849/459/1353 847/1499/1353 1385/454/1353
f 1386/453/1354 309/1500/1354 844/449/1354
f 656/16/1355 844/449/1355 176/1092/1355
f 15/11/1356 1386/453/1356 656/16/1356
f 1387/451/1357 264/461/1357 744/1496/1357
f 464/1093/1358 744/1496/1358 56/234/1358
f 176/1092/1359 1387/451/1359 464/1093/1359
f 1388/446/1360 92/1178/1360 552/227/1360
f 845/450/1361 552/227/1361 264/461/1361
f 309/1500/1362 1388/446/1363 845/450/1364
f 840/440/1365 842/445/1365 308/1501/1365
f 269/1502/1366 1389/443/1366 840/440/1366
f 749/1503/1367 747/1172/1367 1389/443/1367
f 1390/442/1368 127/1504/1368 607/1106/1368
f 557/1505/1369 607/1106/1369 55/1167/1369
f 269/1502/1370 1390/442/1370 557/1505/1370
f 415/13/1371 416/439/1371 22/1497/1371
f 127/1504/1372 1391/437/1372 415/13/1372
f 841/441/1373 839/1506/1373 1391/437/1373
f 1392/436/1374 307/432/1374 836/1507/1374
f 587/118/1375 836/1507/1375 107/787/1375
f 35/117/1376 1392/436/1376 587/118/1376
f 1393/431/1377 175/1508/1378 655/399/1379
f 395/788/1380 655/399/1380 13/57/1380
f 395/788/1381 836/1507/1381 1393/431/1381
f 1394/430/1382 55/1509/1382 463/1510/1382
f 837/433/1383 463/1510/1383 175/1508/1383
f 307/432/1384 1394/430/1384 837/433/1384
f 1395/426/1385 306/424/1385 832/1511/1385
f 155/976/1386 1395/426/1386 832/1511/1386
f 635/55/1387 639/386/1387 1395/426/1387
f 748/434/1388 833/425/1388 268/1512/1388
f 35/117/1389 1396/423/1389 748/434/1389
f 443/977/1390 832/1511/1390 1396/423/1390
f 556/1513/1391 558/422/1391 93/1173/1391
f 268/1512/1392 1397/1514/1392 556/1515/1392
f 833/1516/1393 831/1517/1393 1397/420/1393
f 828/414/1394 830/419/1394 305/1518/1394
f 273/403/1395 1398/417/1395 828/414/1395
f 753/247/1396 751/1168/1397 1398/417/1398
f 452/153/1399 829/415/1399 164/1519/1399
f 44/1219/1400 1399/416/1400 452/153/1400
f 561/404/1401 828/414/1401 1399/416/1401
f 1400/413/1402 17/1405/1402 644/679/1402
f 829/415/1403 644/679/1403 164/1519/1403
f 305/1518/1404 1400/413/1404 829/415/1404
f 824/1520/1405 826/410/1405 304/406/1405
f 108/814/1406 1401/408/1406 824/1520/1406
f 588/109/1407 752/1521/1407 1401/408/1407
f 404/43/1408 825/407/1408 116/1012/1408
f 4/42/1409 1402/405/1409 404/43/1409
f 396/815/1410 824/1520/1410 1402/405/1410
f 596/1013/1411 561/404/1411 44/1219/1411
f 116/1012/1412 1403/402/1412 596/1013/1412
f 825/407/1413 823/1522/1413 1403/402/1413
f 1404/401/1414 303/1523/1414 820/1524/1414
f 636/58/1415 820/1524/1415 156/1525/1415
f 13/57/1416 1404/401/1416 636/58/1416
f 1405/398/1417 272/409/1417 752/1521/1417
f 444/968/1418 752/1521/1418 36/108/1418
f 156/967/1419 1405/398/1419 444/968/1419
f 1406/395/1420 94/246/1420 560/1526/1420
f 821/397/1421 560/1526/1422 272/409/1423
f 303/1527/1424 1406/395/1424 821/397/1424
f 816/1528/1425 818/392/1425 302/388/1425
f 277/1529/1426 1407/390/1426 816/1528/1426
f 757/254/1427 755/1159/1427 1407/390/1427
f 594/1239/1428 817/389/1428 114/982/1428
f 42/123/1429 1408/387/1429 594/1239/1429
f 565/376/1430 816/1528/1430 1408/387/1430
f 402/1530/1431 639/386/1431 3/54/1431
f 114/982/1432 1409/384/1432 402/1530/1432
f 817/389/1433 815/1531/1433 1409/384/1433
f 1410/383/1434 301/379/1434 812/1532/1434
f 174/1533/1435 1410/383/1435 812/1532/1435
f 54/277/1436 1410/383/1436 462/278/1436
f 642/774/1437 813/380/1437 162/1534/1437
f 654/304/1438 642/774/1438 16/1359/1438
f 654/304/1439 812/1532/1439 1411/378/1439
f 1412/377/1440 42/123/1441 450/1535/1442
f 813/380/1443 450/1535/1443 162/1534/1443
f 301/379/1444 1412/377/1444 813/380/1444
f 1413/374/1445 300/1536/1445 808/369/1445
f 414/2/1446 808/369/1446 126/1136/1446
f 21/1537/1447 1413/374/1447 414/2/1447
f 1414/371/1448 276/1538/1449 756/381/1450
f 606/1137/1451 756/381/1451 54/277/1451
f 126/1136/1452 1414/371/1453 606/1137/1454
f 1415/368/1455 95/1160/1455 564/253/1455
f 809/370/1456 564/253/1456 276/1538/1456
f 300/1536/1457 1415/368/1457 809/370/1457
f 804/1539/1458 806/365/1458 299/361/1458
f 281/1540/1459 1416/363/1459 804/1539/1459
f 761/263/1460 759/1155/1460 1416/363/1460
f 461/1541/1461 805/362/1461 173/1542/1461
f 569/350/1462 461/1114/1462 53/257/1462
f 569/350/1463 804/1543/1463 1417/1544/1463
f 653/1545/1464 640/359/1464 15/11/1464
f 173/1542/1465 1418/357/1465 653/1545/1465
f 805/362/1466 803/1546/1466 1418/357/1466
f 800/1547/1467 802/1548/1467 298/352/1467
f 124/1549/1468 1419/1550/1468 800/1547/1468
f 52/1153/1469 1419/356/1469 604/268/1469
f 1420/351/1470 125/1551/1470 413/372/1470
f 412/331/1471 413/372/1471 21/1537/1471
f 412/331/1472 800/1547/1472 1420/351/1472
f 1421/348/1473 53/257/1473 605/1552/1473
f 801/353/1474 605/1552/1474 125/1551/1474
f 298/352/1475 1421/348/1475 801/353/1475
f 1422/347/1476 297/1553/1476 796/342/1476
f 652/5/1477 796/342/1477 172/1554/1477
f 18/27/1478 1422/347/1478 652/5/1478
f 1423/344/1479 280/1555/1479 760/354/1479
f 460/1127/1480 760/354/1480 52/1153/1480
f 172/1554/1481 1423/344/1481 460/1127/1481
f 568/1556/1482 570/341/1482 96/262/1482
f 280/1555/1483 1424/339/1483 568/1556/1483
f 297/1553/1484 1424/339/1484 797/343/1484
f 1425/1557/1485 296/334/1485 792/1558/1485
f 765/1559/1486 792/1558/1486 285/1560/1486
f 97/1152/1487 1425/338/1487 765/271/1487
f 603/1145/1488 793/335/1489 123/1142/1490
f 51/1561/1491 1426/333/1491 603/1145/1491
f 285/1560/1492 1426/333/1492 573/322/1492
f 1427/332/1493 21/1537/1493 411/1/1493
f 793/335/1494 411/1/1495 123/1142/1496
f 296/334/1497 1427/332/1497 793/335/1497
f 1428/329/1498 295/1562/1498 788/1563/1498
f 599/1261/1499 788/1563/1499 119/955/1499
f 47/96/1500 1428/329/1500 599/1261/1500
f 651/1564/1501 789/325/1501 171/292/1501
f 19/1303/1502 1429/326/1502 651/1564/1502
f 407/62/1503 788/324/1503 1429/326/1503
f 1430/323/1504 51/1561/1504 459/282/1504
f 789/325/1505 459/282/1505 171/292/1505
f 295/1565/1506 1430/323/1506 789/325/1506
f 1431/320/1507 294/1566/1508 784/315/1509
f 647/1317/1510 784/315/1510 167/856/1510
f 5/30/1511 1431/320/1511 647/1317/1511
f 1432/317/1512 284/1567/1512 764/327/1512
f 455/1568/1513 764/327/1513 47/96/1513
f 167/856/1514 1432/317/1514 455/1568/1514
f 1433/314/1515 97/1152/1515 572/270/1515
f 785/316/1516 572/270/1517 284/1567/1518
f 294/1566/1519 1433/314/1519 785/316/1519
f 780/1569/1520 782/311/1520 293/307/1520
f 289/295/1521 1434/309/1521 780/1569/1521
f 769/281/1522 767/1146/1522 1434/309/1522
f 593/990/1523 781/308/1523 113/1570/1523
f 577/296/1524 593/990/1524 41/1234/1524
f 289/295/1525 1435/306/1525 577/296/1525
f 1436/305/1526 16/1359/1527 401/50/1528
f 113/1570/1529 1436/305/1529 401/50/1529
f 781/308/1530 779/303/1530 1436/305/1530
f 776/1571/1531 778/302/1531 292/298/1531
f 120/1572/1532 1437/300/1532 776/1571/1532
f 600/945/1533 768/1573/1533 1437/300/1533
f 641/1371/1534 777/299/1534 161/748/1534
f 1/66/1535 1438/297/1535 641/1371/1535
f 408/1574/1536 776/1571/1537 1438/297/1538
f 449/131/1539 577/296/1539 41/1234/1539
f 161/748/1540 1439/294/1540 449/131/1540
f 777/299/1541 775/1575/1541 1439/294/1541
f 772/1576/1542 774/293/1542 291/289/1542
f 168/1577/1543 1440/291/1544 772/1576/1545
f 648/882/1546 651/1564/1546 1440/291/1546
f 768/1573/1547 773/290/1547 288/301/1548
f 48/1269/1549 1441/288/1549 768/1573/1549
f 456/86/1550 772/1576/1550 1441/288/1550
f 576/1578/1551 578/287/1551 98/280/1551
f 288/301/1552 1442/285/1552 576/1578/1552
f 773/290/1553 771/1579/1553 1442/285/1553
f 1443/284/1554 290/286/1554 771/1579/1554
f 291/289/1555 1443/284/1555 771/1579/1555
f 171/292/1556 1443/284/1556 774/293/1556
f 775/1575/1557 769/281/1557 289/295/1557
f 292/298/1558 1444/279/1558 775/1575/1558
f 778/302/1559 576/1578/1559 1444/279/1559
f 779/303/1560 462/278/1560 174/1533/1560
f 293/307/1561 1445/276/1561 779/303/1561
f 782/311/1562 575/1147/1562 1445/276/1562
f 1446/275/1563 286/1150/1563 783/312/1563
f 786/319/1564 783/312/1564 294/1566/1564
f 118/1054/1565 1446/275/1565 786/319/1565
f 1447/272/1566 285/1580/1566 787/1581/1566
f 790/328/1567 787/1581/1568 295/1562/1569
f 284/1567/1570 1447/272/1570 790/328/1570
f 791/330/1571 604/1582/1571 124/1549/1571
f 794/1583/1572 791/330/1572 296/334/1572
f 283/1151/1573 1448/269/1574 794/337/1575
f 1449/266/1576 282/340/1576 795/1584/1576
f 798/346/1577 795/1584/1577 297/1553/1577
f 117/1585/1578 1449/266/1578 798/346/1578
f 799/1586/1579 761/1587/1579 281/349/1579
f 298/352/1580 1450/1588/1580 799/1586/1580
f 802/355/1581 568/1556/1581 1450/261/1581
f 803/1546/1582 448/230/1582 160/358/1582
f 299/361/1583 1451/259/1583 803/1546/1583
f 806/365/1584 567/1156/1584 1451/259/1584
f 807/366/1585 758/258/1585 278/1158/1585
f 300/1536/1586 1452/256/1586 807/366/1586
f 810/373/1587 605/1552/1587 1452/256/1587
f 1453/255/1588 277/1529/1588 811/375/1588
f 814/382/1589 811/375/1589 301/379/1589
f 276/1538/1590 1453/255/1590 814/382/1590
f 815/1531/1591 447/252/1591 159/385/1591
f 302/1589/1592 1454/251/1592 815/1531/1592
f 818/1590/1593 563/1161/1594 1454/251/1595
f 1455/250/1596 274/1166/1596 819/393/1596
f 822/1591/1597 819/393/1597 303/1527/1597
f 175/1592/1598 1455/250/1598 822/1591/1598
f 823/1522/1599 753/247/1599 273/403/1599
f 304/406/1600 1456/245/1600 823/1522/1600
f 826/410/1601 560/1526/1601 1456/245/1601
f 1457/242/1602 178/1485/1603 827/411/1604
f 830/419/1605 827/411/1605 305/1518/1605
f 830/419/1606 559/1169/1606 1457/242/1606
f 831/1517/1607 750/241/1607 270/421/1607
f 306/424/1608 1458/239/1608 831/1517/1608
f 834/427/1609 447/252/1609 1458/239/1609
f 835/428/1610 749/238/1610 269/1593/1610
f 838/435/1611 835/428/1611 307/432/1611
f 838/435/1612 556/1515/1612 1459/236/1612
f 839/1506/1613 608/235/1613 128/438/1613
f 308/1501/1614 1460/233/1614 839/1506/1614
f 842/445/1615 555/1174/1615 1460/233/1615
f 1461/232/1616 266/447/1616 843/1594/1616
f 846/452/1617 843/1594/1617 309/1500/1617
f 160/358/1618 1461/232/1618 846/452/1618
f 847/1499/1619 745/228/1619 265/455/1619
f 310/458/1620 1462/229/1620 847/1499/1620
f 264/461/1621 1462/229/1621 850/462/1621
f 1463/226/1622 154/1468/1622 851/463/1622
f 854/470/1623 851/463/1623 311/1493/1623
f 263/1177/1624 1463/226/1624 854/470/1624
f 855/1492/1625 742/223/1625 262/473/1625
f 312/476/1626 1464/221/1626 855/1492/1626
f 858/480/1627 609/1498/1627 1464/221/1627
f 859/1487/1628 741/220/1628 261/482/1628
f 313/1484/1629 1465/218/1629 859/1487/1629
f 862/488/1630 548/1491/1630 1465/218/1630
f 863/490/1631 441/217/1631 153/1478/1631
f 314/494/1632 1466/215/1632 863/490/1632
f 866/498/1633 547/1183/1633 1466/215/1633
f 1467/214/1634 258/1185/1634 867/499/1634
f 870/507/1635 867/499/1635 315/503/1635
f 870/507/1636 467/212/1636 1467/214/1636
f 1468/211/1637 257/1476/1638 871/508/1639
f 874/515/1640 871/508/1639 316/1477/1641
f 256/1481/1642 1468/211/1642 874/515/1642
f 1469/208/1643 182/1447/1644 875/517/1645
f 878/524/1646 875/517/1646 317/1475/1646
f 255/1187/1647 1469/208/1643 878/524/1648
f 1470/205/1649 254/1191/1649 879/526/1649
f 882/533/1650 879/526/1650 318/1472/1650
f 165/1124/1651 1470/205/1651 882/533/1651
f 883/1471/1652 733/202/1652 253/536/1652
f 319/1467/1653 1471/200/1653 883/1471/1653
f 886/543/1654 540/1474/1654 1471/200/1654
f 1472/197/1655 132/1457/1655 887/544/1655
f 320/548/1656 1472/197/1656 887/544/1656
f 890/552/1657 539/1194/1657 1472/197/1657
f 891/1463/1658 730/196/1658 250/554/1658
f 321/557/1659 1473/194/1659 891/1463/1659
f 894/559/1660 454/1132/1660 1473/194/1660
f 895/1459/1661 729/193/1661 249/562/1661
f 322/565/1662 1474/191/1662 895/1459/1662
f 898/568/1663 536/1462/1663 1474/191/1663
f 899/1455/1664 589/190/1664 109/571/1664
f 323/574/1665 1475/188/1665 899/1455/1665
f 902/578/1666 535/1198/1666 1475/188/1666
f 903/1452/1667 726/187/1667 246/580/1667
f 324/583/1668 1476/185/1668 903/1452/1668
f 906/587/1669 613/1458/1669 1476/185/1669
f 1477/184/1670 245/1445/1670 907/588/1670
f 910/595/1671 907/588/1671 325/1446/1671
f 244/1451/1672 1477/184/1672 910/595/1672
f 911/1595/1673 590/181/1674 110/598/1675
f 914/604/1676 911/1595/1676 326/1444/1676
f 243/1201/1677 1478/179/1677 914/604/1677
f 1479/1596/1678 242/607/1678 915/1443/1678
f 918/1597/1679 915/1443/1679 327/610/1679
f 183/1424/1680 1479/178/1681 918/613/1682
f 919/615/1683 721/175/1683 241/1430/1683
f 328/619/1684 1480/173/1684 919/615/1684
f 922/623/1685 528/1442/1685 1480/173/1685
f 1481/172/1686 186/1391/1686 923/624/1686
f 926/631/1687 923/624/1687 329/1429/1687
f 239/1207/1688 1481/172/1688 926/631/1688
f 1482/169/1689 238/1210/1690 927/633/1691
f 930/640/1692 927/633/1692 330/1426/1692
f 122/1379/1693 1482/169/1693 930/640/1693
f 931/1598/1694 717/166/1694 237/643/1694
f 934/649/1695 931/1598/1695 331/1423/1695
f 934/649/1696 524/1428/1696 1483/164/1696
f 935/1422/1697 616/162/1697 136/652/1697
f 332/655/1698 1484/163/1699 935/1422/1700
f 938/1417/1701 523/161/1701 1484/163/1701
f 939/1415/1702 714/160/1702 234/661/1702
f 333/664/1703 1485/158/1703 939/1415/1703
f 942/668/1704 601/1345/1704 1485/158/1704
f 943/1599/1705 713/156/1705 233/1402/1705
f 946/676/1706 943/1599/1707 334/1600/1708
f 232/1414/1709 1486/157/1709 946/676/1709
f 1487/154/1710 164/1519/1710 947/678/1710
f 335/1401/1711 1487/154/1711 947/678/1711
f 231/1221/1712 1487/154/1712 950/1400/1712
f 951/687/1713 710/151/1713 230/1224/1713
f 954/694/1714 951/687/1714 336/1397/1714
f 137/1409/1715 1488/149/1716 954/694/1717
f 955/1396/1718 709/147/1718 229/697/1718
f 337/700/1719 1489/148/1719 955/1396/1719
f 228/1399/1720 1489/148/1720 958/703/1720
f 1490/145/1721 163/1483/1721 959/705/1721
f 962/712/1722 959/705/1722 338/709/1722
f 227/1225/1723 1490/145/1723 962/712/1723
f 963/1383/1724 706/142/1724 226/715/1724
f 339/718/1725 1491/140/1725 963/1383/1725
f 966/721/1726 475/1368/1726 1491/140/1726
f 967/1380/1727 705/139/1727 225/724/1727
f 340/727/1728 1492/137/1728 967/1380/1728
f 970/731/1729 512/1382/1730 1492/137/1731
f 1493/136/1732 190/733/1733 971/1375/1734
f 974/740/979 971/1375/1735 341/736/980
f 223/739/1736 1493/136/1736 974/740/1736
f 1494/133/1737 222/1233/1738 975/741/1739
f 978/749/1740 975/741/1740 342/745/1740
f 161/748/1741 1494/133/1741 978/749/1741
f 1495/130/1742 221/1363/1743 979/750/1744
f 982/757/1745 979/750/1745 343/1365/1745
f 220/1372/1746 1495/130/1742 982/757/1747
f 1496/125/1748 140/1355/1748 983/759/1748
f 986/766/1749 983/759/1749 344/1362/1749
f 219/1235/1750 1496/125/1750 986/766/1750
f 987/1361/1751 698/124/1751 218/769/1751
f 345/1357/1752 1497/122/1752 987/1361/1752
f 990/775/1753 450/1535/1753 1497/122/1753
f 1498/121/1754 217/1350/1754 991/777/1754
f 994/784/1755 991/777/1755 346/1354/1755
f 994/784/1756 504/119/1756 1498/121/1756
f 995/1353/1757 587/118/1757 107/787/1757
f 347/790/1758 1499/116/1758 995/1353/1758
f 215/1240/1759 1499/116/1759 998/793/1759
f 1500/115/1760 214/796/1760 999/1601/1760
f 1002/802/1761 999/1601/1761 348/1346/1761
f 1002/802/1762 621/113/1762 1500/115/1762
f 1501/112/1763 213/1337/1763 1003/804/1763
f 1006/811/1764 1003/804/1764 349/808/1764
f 212/1348/1765 1501/112/1765 1006/811/1765
f 1007/1341/1766 588/109/1767 108/814/1768
f 350/1602/1769 1502/107/1770 1007/1341/1766
f 1010/1603/1771 499/1248/1771 1502/107/1771
f 1011/1335/1772 690/106/1772 210/823/1772
f 351/1333/1773 1503/104/1773 1011/1335/1773
f 1014/829/1774 479/1315/1774 1503/104/1774
f 1504/103/1775 209/1319/1775 1015/831/1775
f 352/835/1776 1504/103/1777 1015/831/1778
f 208/838/1779 1504/103/1779 1018/839/1779
f 1505/100/1780 194/1284/1780 1019/840/1780
f 353/1326/1781 1505/100/1781 1019/840/1781
f 1022/1604/1782 495/98/1782 1505/100/1782
f 1023/849/1783 686/97/1784 206/1260/1785
f 354/853/1786 1506/95/1786 1023/849/1786
f 1026/857/1787 455/1568/1787 1506/95/1787
f 1507/94/1788 205/1306/1788 1027/858/1788
f 1030/866/1789 1027/858/1790 355/1311/1791
f 1030/866/1792 492/92/1793 1507/94/1794
f 1031/1310/1795 624/91/1795 144/868/1795
f 356/1605/1796 1508/89/1796 1031/1310/1796
f 1034/1606/1797 491/1264/1797 1508/89/1797
f 1509/88/1798 202/1268/1798 1035/876/1798
f 1038/883/1799 1035/876/1799 357/1301/1799
f 168/1577/1800 1509/88/1800 1038/883/1800
f 1510/85/1801 201/1295/1801 1039/885/1801
f 1042/892/1802 1039/885/1802 358/1298/1802
f 200/1304/1803 1510/85/1803 1042/892/1803
f 1511/82/1804 103/1366/1804 1043/894/1804
f 1046/901/1805 1043/894/1805 359/1294/1805
f 199/1270/1806 1511/82/1806 1046/901/1806
f 1512/77/1807 198/1274/1807 1047/903/1807
f 360/907/1808 1512/77/1808 1047/903/1808
f 1050/911/1809 625/1300/1809 1512/77/1809
f 1051/1289/1810 677/76/1810 197/913/1810
f 361/1283/1811 1513/74/1811 1051/1289/1811
f 196/1292/1812 1513/74/1812 1054/919/1812
f 1514/71/1813 104/1377/1814 1055/921/1813
f 362/1277/1815 1514/71/1813 1055/921/1813
f 1058/929/1816 483/1276/1816 1514/71/1816
f 1515/70/1817 152/931/1817 1059/1607/1817
f 1062/937/1818 1059/1607/1818 363/1273/1818
f 193/1296/1819 1515/70/1819 1062/937/1819
f 1063/939/1820 631/67/1820 151/1370/1820
f 364/1267/1821 1516/65/1821 1063/939/1821
f 1066/946/1822 408/1574/1822 1516/65/1822
f 1517/64/1823 192/1302/1823 1067/948/1823
f 1070/1608/1824 1067/948/1824 365/1609/1824
f 119/1610/1825 1517/64/1825 1070/1608/1825
f 1071/1258/1826 434/60/1826 146/958/1826
f 366/1611/1827 1518/61/1827 1071/1258/1828
f 1074/1612/1829 431/59/1829 1518/61/1829
f 1075/1250/1830 636/58/1830 156/1525/1830
f 367/970/1831 1519/56/1831 1075/1250/1831
f 1078/974/1832 669/1352/1832 1519/56/1832
f 1079/1243/1833 635/55/1833 155/976/1833
f 368/1238/1834 1520/53/1834 1079/1243/1834
f 1082/983/1835 402/1530/1835 1520/53/1835
f 1521/52/1836 188/1358/1837 1083/984/1838
f 1086/991/1839 1083/984/1839 369/1232/1839
f 113/1570/1840 1521/52/1840 1086/991/1840
f 1087/993/1841 430/49/1841 142/1347/1841
f 370/1228/1842 1522/47/1842 1087/993/1842
f 1090/1001/1843 427/1364/1843 1522/47/1843
f 1523/46/1844 115/1486/1844 1091/1002/1844
f 1094/1009/1845 1091/1002/1845 371/1223/1845
f 185/1404/1846 1523/46/1846 1094/1009/1846
f 1095/1222/1847 404/43/1847 116/1012/1847
f 372/1613/1848 1524/41/1848 1095/1222/1848
f 1098/1614/1849 649/1338/1849 1524/41/1849
f 1525/40/1850 184/1413/1850 1099/1020/1850
f 1102/1027/1851 1099/1020/1851 373/1209/1851
f 170/1374/1852 1525/40/1852 1102/1027/1852
f 1526/35/1853 138/1398/1854 1103/1029/1855
f 374/1033/1856 1526/35/1856 1103/1029/1856
f 1106/1037/1857 423/1421/1857 1526/35/1857
f 1527/34/1858 158/1334/1858 1107/1038/1858
f 1110/1045/1859 1107/1038/1859 375/1200/1859
f 181/1454/1860 1527/34/1861 1110/1045/1862
f 1111/1199/1863 637/31/1863 157/1048/1863
f 376/1051/1864 1528/29/1864 1111/1199/1864
f 1114/1055/1865 406/318/1865 1528/29/1865
f 1529/26/1866 180/1057/1866 1115/1195/1866
f 1118/1062/1867 1115/1195/1867 377/1060/1867
f 117/1585/1868 1529/26/1869 1118/1062/1870
f 1119/1064/1871 422/25/1871 134/1449/1871
f 378/1184/1872 1530/23/1872 1119/1064/1872
f 1122/1072/1873 419/1466/1873 1530/23/1873
f 1531/20/1874 105/1480/1874 1123/1073/1874
f 1126/1081/1875 1123/1073/1875 379/1180/1875
f 1126/1081/1876 657/1494/1876 1531/20/1876
f 1532/19/1877 106/1473/1878 1127/1082/1879
f 1130/1090/1880 1127/1082/1880 380/1176/1880
f 112/1089/1881 1532/19/1881 1130/1090/1881
f 1533/17/1882 176/1092/1882 1131/1175/1882
f 1134/1098/1883 1131/1175/1883 381/1095/1883
f 111/1110/1884 1533/17/1884 1134/1098/1884
f 1135/1170/1885 418/14/1886 130/1101/1887
f 1138/1107/1888 1135/1170/1888 382/1104/1888
f 127/1504/1889 1534/15/1889 1138/1107/1889
f 1139/1164/1890 399/12/1890 111/1110/1890
f 383/1615/1891 1535/10/1891 1139/1164/1891
f 1142/1616/1892 653/1545/1892 1535/10/1892
f 1143/1117/1893 400/9/1893 112/1089/1893
f 384/1121/1894 1536/7/1894 1143/1117/1894
f 1146/1125/1895 645/532/1895 1536/7/1895
f 1537/6/1896 172/1554/1896 1147/1126/1896
f 1150/1133/1897 1147/1126/1897 385/1149/1897
f 166/1617/1898 1537/6/1898 1150/1133/1898
f 1151/1148/1899 414/2/1900 126/1136/1901
f 386/1139/1902 1538/3/1902 1151/1148/1902
f 1154/1143/1903 411/1/1 1538/3/3
f 411/1/1904 21/1537/1904 414/2/1904
f 646/4/1905 18/27/1905 652/5/1905
f 1536/7/1906 645/532/1906 7/8/1906
f 1535/10/1907 653/1545/1907 15/11/1907
f 415/13/7 22/1497/1908 418/14/7
f 399/12/1909 15/11/1909 656/16/1909
f 400/9/1910 7/8/1910 394/18/1910
f 1531/20/1911 657/1494/1911 12/21/1911
f 1530/23/1912 419/1466/1912 23/24/1912
f 1529/26/1913 405/345/1913 18/27/1913
f 1528/29/1914 406/318/1914 5/30/1914
f 661/32/1915 14/1314/1915 638/33/1915
f 1526/35/1916 423/1421/1916 24/36/1916
f 650/38/1917 20/1344/1917 664/39/1917
f 1524/41/18 649/1338/1918 4/42/19
f 665/44/1919 17/1405/1919 403/45/1919
f 1522/47/1920 427/1364/1920 25/48/1920
f 401/50/1528 16/1359/1527 668/51/1921
f 1520/53/1922 402/1530/1922 3/54/1922
f 1519/56/1923 669/1352/1923 13/57/1923
f 431/59/1924 26/1291/1924 434/60/1924
f 407/62/1925 19/1303/1925 672/63/1925
f 1516/65/1926 408/1574/1926 1/66/1926
f 673/68/1927 11/1297/1927 632/69/1927
f 1514/71/1928 483/1276/1928 32/72/1928
f 1513/74/1929 484/1293/1929 75/75/1929
f 1512/77/1930 625/1300/1930 73/78/1930
f 487/80/1931 31/1272/1931 583/81/1931
f 488/83/1932 76/1271/1932 681/84/1932
f 456/86/1933 48/1269/1933 682/87/1933
f 1508/89/1934 491/1264/1934 72/90/1934
f 492/92/1935 77/1263/1935 685/93/1935
f 1506/95/1936 455/1568/1936 47/96/1936
f 495/98/1937 74/1255/1937 482/99/1937
f 496/101/1938 78/1254/1938 689/102/1938
f 1503/104/1939 479/1315/1939 71/105/1939
f 1502/107/1940 499/1248/1940 36/108/1940
f 500/110/1941 79/1247/1941 693/111/1941
f 621/113/1942 69/1351/1942 694/114/1942
f 1499/116/1943 503/1242/1943 35/117/1943
f 504/119/1944 80/1241/1944 697/120/1944
f 1497/122/1945 450/1535/1945 42/123/1945
f 1496/125/1946 507/1237/1946 68/126/1946
f 508/128/1947 81/1236/1947 701/129/1947
f 449/131/1948 41/1234/1948 702/132/1948
f 511/134/1949 70/1231/1949 478/135/1949
f 1492/137/1950 512/1382/1950 82/138/1950
f 1491/140/1951 475/1368/1951 67/141/1951
f 515/143/1952 43/1227/1952 451/144/1952
f 516/146/1953 83/1226/1953 709/147/1953
f 1488/149/1954 617/1410/1954 65/150/1954
f 519/152/59 44/1219/1955 452/153/60
f 520/155/1956 84/1218/1956 713/156/1956
f 1485/158/1957 601/1345/1957 49/159/1957
f 523/161/1958 64/1408/1958 616/162/1958
f 1483/164/65 524/1428/1959 85/165/66
f 602/167/1960 50/1211/1960 718/168/1960
f 527/170/1961 66/1208/1961 474/171/1961
f 1480/173/1962 528/1442/1962 86/174/1962
f 471/176/1963 63/1425/1963 722/177/1963
f 1478/179/1964 531/1203/1964 38/180/1964
f 532/182/1965 87/1202/1965 725/183/1965
f 1476/185/1966 613/1458/1966 61/186/1966
f 1475/188/1967 535/1198/597 37/189/599
f 1474/191/1968 536/1462/1968 88/192/1968
f 1473/194/1969 454/1132/1969 46/195/1969
f 1472/197/1970 539/1194/1970 60/198/1970
f 1471/200/1971 540/1474/1971 89/201/1971
f 453/203/1972 45/1192/1972 734/204/1972
f 543/206/1973 62/1189/1973 470/207/1973
f 544/209/1974 90/1188/1974 737/210/1974
f 467/212/1240 59/1186/1242 738/213/1975
f 1466/215/1976 547/1183/1976 33/216/1976
f 1465/218/1977 548/1491/1977 91/219/1977
f 1464/221/1978 609/1498/1978 57/222/1978
f 551/224/1979 34/1179/1979 442/225/1979
f 552/227/92 92/1178/1980 745/228/93
f 448/230/1981 40/260/1981 746/231/1981
f 1460/233/1982 555/1174/1982 56/234/1982
f 1459/236/1983 556/1515/1983 93/237/1983
f 1458/239/1984 447/252/1984 39/240/1984
f 1457/242/1985 559/1169/1985 58/243/1985
f 1456/245/1986 560/1526/1986 94/246/1986
f 463/248/1987 55/1167/1987 754/249/1987
f 1454/251/1595 563/1161/1594 39/240/1988
f 564/253/103 95/1160/1989 757/254/104
f 1452/256/1990 605/1552/1990 53/257/1990
f 1451/259/1991 567/1156/1991 40/260/1991
f 1450/261/1992 568/1556/1992 96/262/1992
f 597/264/1993 45/1192/1993 762/265/1993
f 571/267/1994 52/1153/1994 604/268/1994
f 572/270/1995 97/1152/1995 765/271/1995
f 598/273/1996 46/195/1996 766/274/1996
f 1445/276/1997 575/1147/1997 54/277/1997
f 1444/279/1998 576/1578/1998 98/280/1998
f 459/282/1999 51/1561/1999 770/283/1999
f 1442/285/2000 771/1579/2000 290/286/2000
f 1441/288/2001 772/1576/2001 291/289/2001
f 1440/291/120 651/1564/2002 171/292/121
f 1439/294/2003 775/1575/2003 289/295/2003
f 1438/297/2004 776/1571/2004 292/298/2004
f 1437/300/1548 768/1573/1547 288/301/1548
f 779/303/2005 174/1533/2005 654/304/2005
f 1435/306/2006 780/1569/2006 293/307/2006
f 1434/309/2007 767/1146/2007 287/310/2007
f 783/312/131 286/1150/2008 574/313/132
f 784/315/2009 294/1566/2009 785/316/2009
f 406/318/2010 118/1054/2010 786/319/2010
f 787/321/2011 285/1560/2011 573/322/2011
f 788/324/2012 295/1565/2012 789/325/2012
f 764/327/2013 284/1567/2013 790/328/2013
f 791/330/2014 124/1549/2014 412/331/2014
f 1426/333/2015 792/1558/2015 296/334/2015
f 763/336/2016 283/1151/1573 794/337/1575
f 1424/339/2017 795/1584/2017 282/340/2017
f 796/342/2018 297/1553/2018 797/343/2018
f 405/345/2019 117/1585/2019 798/346/2019
f 1421/348/2020 799/1586/2020 281/349/2020
f 1420/351/2021 800/1547/2021 298/352/2021
f 760/354/2022 280/1555/2022 802/355/2022
f 1418/357/2023 803/1546/2023 160/358/2023
f 1417/360/2024 804/1539/2024 299/361/2024
f 1416/363/2025 759/1155/2025 279/364/2025
f 807/366/2026 278/1158/2026 566/367/2026
f 808/369/2027 300/1536/2027 809/370/2027
f 413/372/2028 125/1551/2028 810/373/2028
f 811/375/2029 277/1529/2029 565/376/2029
f 1411/378/2030 812/1532/2030 301/379/2030
f 756/381/2031 276/1538/2031 814/382/2031
f 1409/384/2032 815/1531/2032 159/385/2032
f 1408/387/2033 816/1528/2033 302/388/2033
f 1407/390/2034 755/1159/2034 275/391/2034
f 819/393/2035 274/1166/2035 562/394/2035
f 820/396/2036 303/1527/2036 821/397/2036
f 655/399/2037 175/1508/2037 822/400/2037
f 1403/402/2038 823/1522/2038 273/403/2038
f 1402/405/2039 824/1520/2039 304/406/2039
f 1401/408/2040 752/1521/2040 272/409/2040
f 827/411/2041 178/1485/2041 658/412/2041
f 828/414/2042 305/1518/2042 829/415/2042
f 1398/417/2043 751/1168/2043 271/418/2043
f 1397/420/2044 831/1517/2044 270/421/2044
f 1396/423/2045 832/1511/2045 306/424/2045
f 1395/426/2046 639/386/2046 159/385/2046
f 835/428/2047 269/1593/2047 557/429/2047
f 1393/431/2048 836/1507/2048 307/432/2048
f 748/434/178 268/1512/2049 838/435/179
f 1391/437/2050 839/1506/2050 128/438/2050
f 840/440/2051 308/1501/2051 841/441/2051
f 1389/443/2052 747/1172/2052 267/444/2052
f 1388/446/2053 843/1594/2053 266/447/2053
f 844/449/2054 309/1500/2054 845/450/2054
f 640/359/2055 160/358/2055 846/452/2055
f 1385/454/2056 847/1499/2056 265/455/2056
f 1384/457/2057 848/1495/2057 310/458/2057
f 1383/460/2058 744/1496/2058 264/461/2058
f 851/463/2059 154/1468/2059 634/464/2059
f 852/466/2060 311/1493/2060 853/467/2060
f 743/469/2061 263/1177/2061 854/470/2061
f 1379/472/2062 855/1492/2062 262/473/2062
f 1378/475/2063 856/1488/1314 312/476/1316
f 1377/478/2064 417/1489/2064 129/479/2064
f 1376/481/2065 859/1487/2065 261/482/2065
f 860/484/2066 313/1484/2066 861/485/2066
f 740/487/2067 260/1490/2067 862/488/2067
f 863/490/2068 153/1478/2068 633/491/2068
f 1372/493/2069 864/1482/2069 314/494/2069
f 1371/496/2070 739/1182/2070 259/497/2070
f 867/499/2071 258/1185/2071 546/500/2071
f 1369/502/2072 868/1479/2072 315/503/2072
f 1368/505/2073 659/1470/2073 179/506/2073
f 871/508/2074 257/1476/2074 545/509/2074
f 872/511/2075 316/1477/2075 873/512/2075
f 736/514/2076 256/1481/2076 874/515/2076
f 875/517/2077 182/1447/2077 662/518/2077
f 876/520/2078 317/1475/2078 877/521/2078
f 735/523/2079 255/1187/2079 878/524/2079
f 879/526/2080 254/1191/2080 542/527/2080
f 880/529/2081 318/1472/2081 881/530/2081
f 645/532/2082 165/1124/2082 882/533/2082
f 1358/535/2083 883/1471/2083 253/536/2083
f 884/538/2084 319/1467/2084 885/539/2084
f 1356/541/2085 732/1469/1248 252/542/1250
f 887/544/2086 132/1457/2086 420/545/2086
f 1354/547/2087 888/1464/2087 320/548/2087
f 1353/550/2088 731/1193/2088 251/551/2088
f 1352/553/2089 891/1463/2089 250/554/2089
f 1351/556/2090 892/1460/1212 321/557/1211
f 646/4/2091 166/1617/2091 894/559/2091
f 1349/561/2092 895/1459/2092 249/562/2092
f 1348/564/2093 896/1456/2093 322/565/2093
f 728/567/2094 248/1461/2094 898/568/2094
f 1346/570/2095 899/1455/2095 109/571/2095
f 1345/573/228 900/1453/1197 323/574/229
f 1344/576/2096 727/1197/2096 247/577/2096
f 1343/579/2097 903/1452/2097 246/580/2097
f 1342/582/2098 904/1448/2098 324/583/2098
f 1341/585/1177 421/1450/1180 133/586/2099
f 907/588/2100 245/1445/2100 533/589/2100
f 908/591/2101 325/1446/2101 909/592/2101
f 724/594/2102 244/1451/2102 910/595/2102
f 1337/597/2103 911/1595/2103 110/598/2103
f 912/600/2104 326/1444/2104 913/601/2104
f 723/603/2105 243/1201/2105 914/604/2105
f 1334/606/2106 915/1443/2106 242/607/2106
f 1333/609/2107 916/1618/2108 327/610/2109
f 663/612/2110 183/1424/2110 918/613/2110
f 919/615/2111 241/1430/2111 529/616/2111
f 1330/618/2112 920/1435/2112 328/619/2112
f 1329/621/248 720/1436/2113 240/622/249
f 923/624/251 186/1391/2114 666/625/252
f 924/627/2115 329/1429/2115 925/628/2115
f 719/630/255 239/1207/2116 926/631/256
f 927/633/1691 238/1210/1690 526/634/2117
f 928/636/2118 330/1426/2118 929/637/2118
f 410/639/2119 122/1379/2119 930/640/2119
f 1322/642/2120 931/1598/2120 237/643/2120
f 932/645/2121 331/1423/2121 933/646/2121
f 716/648/2122 236/1427/2122 934/649/2122
f 1319/651/2123 935/1422/2123 136/652/2123
f 1318/654/2124 936/1416/2124 332/655/2124
f 1317/657/2125 715/1212/2125 235/658/2125
f 1316/660/2126 939/1415/2126 234/661/2126
f 1315/663/2127 940/1412/2127 333/664/2127
f 1314/666/2128 409/1343/2128 121/667/2128
f 1313/669/2129 943/1411/2129 233/670/2129
f 944/672/2130 334/1407/2130 945/673/2130
f 712/675/2131 232/1414/2131 946/676/2131
f 947/678/2132 164/1519/2132 644/679/2132
f 948/681/2133 335/1401/2133 949/682/2133
f 711/684/2134 231/1217/2134 950/685/2134
f 951/687/2135 230/1224/2135 518/688/2135
f 952/690/2136 336/1397/2136 953/691/2136
f 425/693/2137 137/1409/2137 954/694/2137
f 1304/696/2138 955/1396/2138 229/697/2138
f 1303/699/2139 956/1390/2139 337/700/2140
f 708/702/287 228/1399/2141 958/703/288
f 959/705/2142 163/1483/2142 643/706/2142
f 1300/708/2143 960/1384/2143 338/709/2143
f 707/711/2144 227/1225/2144 962/712/2144
f 1298/714/2145 963/1383/2145 226/715/2145
f 1297/717/294 964/1381/2146 339/718/295
f 667/720/2147 187/1367/2147 966/721/2147
f 1295/723/2148 967/1380/2148 225/724/2148
f 1294/726/2149 968/1376/2149 340/727/2149
f 1293/729/2150 704/1378/2150 224/730/2150
f 1292/732/2151 971/1375/1734 190/733/1733
f 1291/735/2152 972/1373/2152 341/736/2152
f 1290/738/2153 703/1230/2153 223/739/2153
f 975/741/1739 222/1233/1738 510/742/2154
f 1288/744/305 976/1369/2155 342/745/306
f 1287/747/2156 641/1371/2156 161/748/2156
f 979/750/2157 221/1363/2157 509/751/2157
f 980/753/2158 343/1365/966 981/754/968
f 700/756/2159 220/1372/2159 982/757/2159
f 983/759/2160 140/1355/2160 428/760/2160
f 984/762/2161 344/1362/2161 985/763/2161
f 699/765/2162 219/1235/2162 986/766/2162
f 1280/768/2163 987/1361/2163 218/769/2163
f 988/771/2164 345/1357/2164 989/772/2164
f 642/774/2165 162/1534/2165 990/775/2165
f 991/777/2166 217/1350/2166 505/778/2166
f 992/780/2167 346/1354/2167 993/781/2167
f 696/783/2168 216/1360/2168 994/784/2168
f 1274/786/2169 995/1353/2169 107/787/2169
f 1273/789/2170 996/1349/2170 347/790/2170
f 695/792/2171 215/1240/2171 998/793/2171
f 1271/795/2172 999/1601/2172 214/796/2172
f 1000/798/2173 348/1346/2173 1001/799/2173
f 429/801/2174 141/1356/2174 1002/802/2174
f 1003/804/2175 213/1337/2175 501/805/2175
f 1267/807/2176 1004/1342/2176 349/808/2176
f 692/810/2177 212/1348/2177 1006/811/2177
f 1265/813/2178 1007/1341/2178 108/814/2178
f 1008/816/2179 350/1336/2179 1009/817/2179
f 691/819/2180 211/1246/2180 1010/820/2180
f 1262/822/2181 1011/1335/2181 210/823/2181
f 1012/825/2182 351/1333/2182 1013/826/2182
f 671/828/2183 191/1313/2183 1014/829/2183
f 1015/831/2184 209/1319/2184 497/832/2184
f 1258/834/2185 1016/1327/2185 352/835/2185
f 1257/837/2186 688/1328/2186 208/838/2186
f 1019/840/2187 194/1284/2187 674/841/2187
f 1255/843/2188 1020/1318/2188 353/844/2188
f 1254/846/2189 687/1253/2189 207/847/2189
f 1023/849/1783 206/1260/1785 494/850/2190
f 1252/852/2191 1024/1316/2191 354/853/2191
f 1251/855/2192 647/1317/2192 167/856/2192
f 1027/858/2193 205/1306/829 493/859/831
f 1028/861/2194 355/1311/2194 1029/862/2194
f 1248/864/839 684/1312/838 204/865/2195
f 1247/867/2196 1031/1310/2196 144/868/2196
f 1246/870/2197 1032/1305/820 356/871/822
f 1245/873/2198 683/1262/2198 203/874/2198
f 1035/876/2199 202/1268/2199 490/877/2199
f 1036/879/2200 357/1301/2200 1037/880/2200
f 648/882/2201 168/1577/2201 1038/883/2201
f 1039/885/2202 201/1295/2202 489/886/2202
f 1040/888/2203 358/1298/2203 1041/889/2203
f 680/891/366 200/1304/2204 1042/892/367
f 1043/894/2205 103/1366/2205 391/895/2205
f 1044/897/2206 359/1294/2206 1045/898/2206
f 679/900/2207 199/1270/2207 1046/901/2207
f 1047/903/2208 198/1274/2208 486/904/2208
f 1234/906/2209 1048/1290/2209 360/907/2209
f 1233/909/2210 433/1299/2210 145/910/2210
f 1232/912/2211 1051/1289/2211 197/913/2211
f 1052/915/2212 361/1283/2212 1053/916/2212
f 676/918/2213 196/1292/2213 1054/919/2213
f 1055/921/2214 104/1377/2214 392/922/2214
f 1056/924/766 362/1277/766 1057/925/766
f 1227/927/756 675/1275/756 195/928/2215
f 1226/930/2216 1059/1607/2216 152/931/2216
f 1060/933/2217 363/1273/2217 1061/934/2217
f 481/936/2218 193/1296/2218 1062/937/2218
f 1063/939/2219 151/1370/2219 439/940/2219
f 1064/942/2220 364/1267/2220 1065/943/2220
f 600/945/2221 120/1572/2221 1066/946/2221
f 1067/948/2222 192/1302/2222 480/949/2222
f 1219/951/2223 1068/1259/2223 365/952/2223
f 1218/954/2224 599/1261/2224 119/955/2224
f 1217/957/2225 1071/1258/2225 146/958/2225
f 1216/960/2226 1072/1252/2226 366/961/2226
f 1215/963/2227 623/1307/2227 143/964/2227
f 1214/1251/2228 1075/1250/2228 156/1525/2228
f 1213/969/695 1076/1244/694 367/970/2229
f 1212/972/2230 477/1245/2230 189/973/2230
f 1211/975/2231 1079/1243/2231 155/976/2231
f 1080/978/2232 368/1238/2232 1081/979/2232
f 1209/981/2233 594/1239/2233 114/982/2233
f 1083/984/2234 188/1358/2234 476/985/2234
f 1084/987/2235 369/1232/2235 1085/988/2235
f 593/990/2236 113/1570/2236 1086/991/2236
f 1087/993/2237 142/1347/2237 622/994/2237
f 1088/996/2238 370/1228/2238 1089/997/2238
f 1203/999/2239 619/1229/2239 139/1000/2239
f 1091/1002/2240 115/1486/2240 595/1003/2240
f 1092/1005/2241 371/1223/2241 1093/1006/2241
f 473/1008/2242 185/1404/2242 1094/1009/2242
f 1199/1011/2243 1095/1222/2243 116/1012/2243
f 1198/1014/2244 1096/1215/2244 372/1015/2244
f 1197/1017/2245 457/1216/2245 169/1018/2245
f 1099/1020/2246 184/1413/2246 472/1021/2246
f 1100/1023/2247 373/1209/2247 1101/1024/2247
f 458/1026/2248 170/1374/2248 1102/1027/2248
f 1103/1029/422 138/1398/2249 618/1030/423
f 1192/1032/2250 1104/1204/2250 374/1033/2250
f 1191/1035/2251 615/1419/2251 135/1036/2251
f 1107/1038/2252 158/1334/2252 446/1039/2252
f 1108/1041/2253 375/1200/2253 1109/1042/2253
f 469/1044/2254 181/1454/2254 1110/1045/2254
f 1187/1047/2255 1111/1199/2255 157/1048/2255
f 1186/1050/2256 1112/1196/2256 376/1051/2256
f 1185/1053/2257 598/273/2257 118/1054/2257
f 1184/1056/2258 1115/1195/2258 180/1057/2258
f 1183/1059/2259 1116/1190/2259 377/1060/2259
f 597/264/2260 117/1585/1868 1118/1062/1870
f 1119/1064/2261 134/1449/2261 614/1065/2261
f 1120/1067/2262 378/1184/2262 1121/1068/2262
f 1179/1070/2263 611/1465/2263 131/1071/2263
f 1123/1073/2264 105/1480/2264 585/1074/2264
f 1124/1076/2265 379/1180/2265 1125/1077/2265
f 1176/1079/2266 465/1181/2266 177/1080/2266
f 1127/1082/2267 106/1473/2267 586/1083/2267
f 1128/1085/541 380/1176/543 1129/1086/2268
f 1173/1088/2269 592/1118/2269 112/1089/2269
f 1172/1091/2270 1131/1175/2270 176/1092/2270
f 1171/1094/446 1132/1171/2271 381/1095/447
f 591/1097/2272 111/1110/2272 1134/1098/2272
f 1169/1100/2273 1135/1170/2273 130/1101/2273
f 1168/1103/2274 1136/1165/2274 382/1104/2274
f 607/1106/2275 127/1504/2275 1138/1107/2275
f 1166/1109/2276 1139/1164/2276 111/1110/2276
f 1165/1111/2277 1140/1157/2277 383/1112/2277
f 461/1541/2278 173/1542/2278 1142/1616/2278
f 1143/1117/2279 112/1089/2279 592/1118/2279
f 1162/1120/2280 1144/1154/2280 384/1121/2280
f 1161/1123/2281 453/203/2281 165/1124/2281
f 1147/1126/2282 172/1554/2282 460/1127/2282
f 1148/1129/2283 385/1149/2283 1149/1130/2283
f 454/1132/2284 166/1617/2284 1150/1133/2284
f 1157/1135/2285 1151/1148/1899 126/1136/1901
f 1156/1138/2286 1152/1144/2286 386/1139/2286
f 1155/1141/2287 603/1145/2287 123/1142/2287
f 1152/1144/2288 1155/1141/2288 1154/1143/2288
f 770/283/2289 1155/1141/2289 1152/1144/2289
f 770/283/2290 51/1561/2290 603/1145/2290
f 1156/1138/2291 1153/1140/2291 287/310/2291
f 98/280/2292 578/287/2292 1156/1138/2292
f 290/286/2293 1152/1144/2293 1156/1138/2293
f 575/1147/479 1157/1135/464 606/1137/466
f 287/310/2294 1153/1140/2294 1157/1135/2294
f 1153/1140/469 386/1139/468 1151/1148/2295
f 1158/1134/2296 1150/1133/2296 385/1149/2296
f 766/274/2297 1158/1134/2297 1148/1129/2297
f 46/195/2298 454/1132/2298 1158/1134/2298
f 1159/1131/2299 1149/1130/2299 283/1151/2299
f 574/313/2300 1159/1131/2300 763/336/2300
f 286/1150/2301 1148/1129/2301 1159/1131/2301
f 1160/1128/2302 460/1127/2302 52/1153/2302
f 1149/1130/2303 1160/1128/2303 571/267/2303
f 385/1149/2304 1147/1126/2304 1160/1128/2304
f 1144/1154/490 1161/1123/494 1146/1125/491
f 282/340/2305 762/265/2305 1161/1123/2305
f 762/265/2306 45/1192/2306 453/203/2306
f 759/1155/2307 1162/1120/2307 1145/1122/2307
f 96/262/2308 570/341/2308 1162/1120/2308
f 570/341/2309 282/340/2309 1144/1154/2309
f 567/1156/2310 1163/1119/2310 592/1118/2310
f 279/364/2311 1145/1122/2311 1163/1119/2311
f 384/1121/2312 1143/1117/2312 1163/1119/2312
f 1140/1157/2313 1164/1116/2313 1142/1115/2313
f 278/1158/2314 758/258/2314 1164/1116/2314
f 53/257/2315 461/1114/2315 1164/1116/2315
f 755/1159/2316 1165/1111/2316 1141/1113/2316
f 95/1160/2317 566/367/2317 1165/1111/2317
f 566/367/2318 278/1158/2318 1140/1157/2318
f 563/1161/508 1166/1109/2319 591/1097/509
f 275/1162/2320 1141/1163/2320 1166/1109/2320
f 1141/1163/456 383/1615/455 1139/1164/2321
f 1167/1108/2322 1138/1107/2322 382/1104/2322
f 754/249/517 1167/1108/516 1136/1165/2323
f 55/1167/2324 607/1106/2324 1167/1108/2324
f 751/1168/518 1168/1103/2325 1137/1105/519
f 94/246/2326 562/394/2326 1168/1103/2326
f 562/394/522 274/1166/2327 1136/1165/523
f 559/1169/2328 1169/1100/2328 610/1102/2328
f 271/418/2329 1137/1105/2329 1169/1100/2329
f 1137/1105/2330 382/1104/2330 1135/1170/2330
f 1132/1171/531 1170/1099/530 1134/1098/2331
f 270/421/2332 750/241/2332 1170/1099/2332
f 39/240/2333 591/1097/2333 1170/1099/2333
f 747/1172/2334 1171/1094/2334 1133/1096/2334
f 93/1173/534 558/422/2335 1171/1094/535
f 558/422/2336 270/421/2336 1132/1171/2336
f 555/1174/2337 1172/1091/2337 464/1093/2337
f 267/444/2338 1133/1096/2338 1172/1091/2338
f 1133/1096/2339 381/1095/2339 1131/1175/2339
f 1128/1085/2340 1173/1088/2340 1130/1090/2340
f 746/231/547 1173/1088/546 1128/1085/2341
f 40/260/2342 592/1118/2342 1173/1088/2342
f 1174/1087/2343 1129/1086/2343 263/1177/2343
f 554/448/2344 1174/1087/2344 743/469/2344
f 266/447/2345 1128/1085/2345 1174/1087/2345
f 1175/1084/2346 586/1083/2346 34/1179/2346
f 1129/1086/2347 1175/1084/2347 551/224/2347
f 380/1176/2348 1127/1082/2348 1175/1084/2348
f 1124/1076/2349 1176/1079/2349 1126/1081/2349
f 262/473/2350 742/223/2350 1176/1079/2350
f 742/223/2351 57/222/2351 465/1181/2351
f 739/1182/2352 1177/1078/2352 1125/1077/2352
f 91/219/2353 550/474/2353 1177/1078/2353
f 550/474/2354 262/473/2354 1124/1076/2354
f 547/1183/2355 1178/1075/2355 585/1074/2355
f 259/497/2356 1125/1077/2356 1178/1075/2356
f 379/1180/2357 1123/1073/2357 1178/1075/2357
f 1120/1067/2358 1179/1070/2358 1122/1072/2358
f 258/1185/2359 738/213/2359 1179/1070/2359
f 59/1186/2360 611/1465/2360 1179/1070/2360
f 1180/1069/566 1121/1068/2361 255/1187/567
f 546/500/2362 1180/1069/2362 735/523/2362
f 258/1185/2363 1120/1067/2363 1180/1069/2363
f 1181/1066/2364 614/1065/2364 62/1189/2364
f 1121/1068/2365 1181/1066/2365 543/206/2365
f 378/1184/2366 1119/1064/2366 1181/1066/2366
f 1182/1063/2367 1118/1062/2367 377/1060/2367
f 734/204/2368 1182/1063/2368 1116/1190/2368
f 45/1192/2369 597/264/2369 1182/1063/2369
f 731/1193/2370 1183/1059/2370 1117/1061/2370
f 89/201/2371 542/527/2371 1183/1059/2371
f 254/1191/579 1116/1190/578 1183/1059/2372
f 1184/1056/584 468/1058/2373 60/198/585
f 251/551/2374 1117/1061/2374 1184/1056/2374
f 1117/1061/2375 377/1060/2375 1115/1195/2375
f 1112/1196/2376 1185/1053/2376 1114/1055/2376
f 250/554/2377 730/196/591 1185/1053/593
f 730/196/2378 46/195/2378 598/273/2378
f 727/1197/2379 1186/1050/2379 1113/1052/2379
f 88/192/2380 538/555/2380 1186/1050/2380
f 538/555/2381 250/554/2381 1112/1196/2381
f 535/1198/2382 1187/1047/2382 445/1049/2382
f 247/577/2383 1113/1052/2383 1187/1047/2383
f 1113/1052/2384 376/1051/2384 1111/1199/2384
f 1108/1041/2385 1188/1046/2385 1110/1045/2385
f 246/580/2386 726/187/2386 1188/1046/2386
f 61/186/1193 469/1044/1195 1188/1046/2387
f 1189/1043/2388 1109/1042/2388 243/1201/2388
f 534/581/2389 1189/1043/2389 723/603/2389
f 246/580/2390 1108/1041/2390 1189/1043/2390
f 1190/1040/2391 446/1039/2391 38/180/2391
f 1109/1042/2392 1190/1040/2392 531/1203/2392
f 375/1200/2393 1107/1038/2393 1190/1040/2393
f 1104/1204/2394 1191/1035/2394 1106/1037/2394
f 242/607/2395 722/1206/2395 1191/1035/2395
f 63/1205/2396 615/1419/2396 1191/1035/2396
f 719/630/2397 1192/1032/2397 1105/1034/2397
f 86/174/2398 530/608/2398 1192/1032/2398
f 530/608/2399 242/607/2399 1104/1204/2399
f 1193/1031/2400 618/1030/2400 66/1208/2400
f 1105/1034/2401 1193/1031/2401 527/170/2401
f 1105/1034/2402 374/1033/2402 1103/1029/2402
f 1194/1028/2403 1102/1027/2403 373/1209/2403
f 718/168/2404 1194/1028/2404 1100/1023/2404
f 50/1211/2405 458/1026/2405 1194/1028/2405
f 1195/1025/2406 1101/1024/2406 235/658/2406
f 526/634/2407 1195/1025/2407 715/1212/2407
f 238/1210/2408 1100/1023/2408 1195/1025/2408
f 1196/1022/626 472/1021/2409 64/1213/627
f 1101/1024/629 1196/1022/2410 523/1214/630
f 373/1209/2411 1099/1020/2411 1196/1022/2411
f 1096/1215/2412 1197/1017/2412 1098/1019/2412
f 714/160/2413 1197/1017/2413 1096/1215/2413
f 714/160/2414 49/159/2414 457/1216/2414
f 711/684/2415 1198/1014/2415 1097/1016/2415
f 522/662/2416 1198/1014/2416 711/684/2416
f 234/661/2417 1096/1215/2417 1198/1014/2417
f 519/152/2418 1199/1011/2418 596/1013/2418
f 1097/1220/2419 1199/1011/2419 519/152/2419
f 1097/1220/2420 372/1613/2420 1095/1222/2420
f 1200/1010/2421 1094/1009/2421 371/1223/2421
f 710/151/2422 1200/1010/2422 1092/1005/2422
f 65/150/2423 473/1008/2423 1200/1010/2423
f 1201/1007/2424 1093/1006/2424 227/1225/2424
f 518/688/646 1201/1007/2425 707/711/647
f 230/1224/2426 1092/1005/2426 1201/1007/2426
f 1202/1004/2427 595/1003/2427 43/1227/2427
f 1093/1006/2428 1202/1004/2428 515/143/2428
f 371/1223/2429 1091/1002/2429 1202/1004/2429
f 1088/996/2430 1203/999/2430 1090/1001/2430
f 226/715/2431 706/142/2431 1203/999/2431
f 706/142/2432 67/141/2432 619/1229/2432
f 703/1230/2433 1204/998/2433 1089/997/2433
f 82/138/2434 514/716/2434 1204/998/2434
f 514/716/2435 226/715/2435 1088/996/2435
f 1205/995/2436 622/994/2436 70/1231/2436
f 1089/997/2437 1205/995/2437 511/134/2437
f 370/1228/665 1087/993/2438 1205/995/666
f 1206/992/2439 1086/991/2439 369/1232/2439
f 702/132/2440 1206/992/2440 1084/987/2440
f 41/1234/2441 593/990/2441 1206/992/2441
f 1207/989/2442 1085/988/2442 219/1235/2442
f 81/1236/2443 510/742/2443 1207/989/2443
f 222/1233/2444 1084/987/2444 1207/989/2444
f 507/1237/2445 1208/986/2445 476/985/2445
f 219/1235/2446 1085/988/2446 1208/986/2446
f 1085/988/2447 369/1232/2447 1083/984/2447
f 1080/978/2448 1209/981/2448 1082/983/2448
f 218/769/2449 698/124/2449 1209/981/2449
f 698/124/2450 42/123/2450 594/1239/2450
f 1210/980/2451 1081/979/2451 215/1240/2451
f 506/770/2452 1210/980/2452 695/792/2452
f 218/769/2453 1080/978/2453 1210/980/2453
f 503/1242/2454 1211/975/2454 443/977/2454
f 1081/979/2455 1211/975/2455 503/1242/2455
f 1081/979/2456 368/1238/2456 1079/1243/2456
f 1076/1244/2457 1212/972/2457 1078/974/2457
f 214/796/2458 694/114/2458 1212/972/2458
f 694/114/2459 69/1351/2459 477/1245/2459
f 691/819/2460 1213/969/2460 1077/971/2460
f 79/1247/2461 502/797/2462 1213/969/2463
f 502/797/2464 214/796/2464 1076/1244/2464
f 499/1248/2465 1214/966/2465 444/968/2465
f 211/1246/2466 1077/971/2466 1214/1251/2466
f 1077/971/2467 367/970/2467 1075/1250/2467
f 1072/1252/699 1215/963/2468 1074/965/700
f 690/106/2469 1215/963/2469 1072/1252/2469
f 71/105/2470 623/1307/2470 1215/963/2470
f 687/1253/2471 1216/960/2471 1073/962/2471
f 78/1254/2472 498/824/2472 1216/960/2472
f 498/824/2473 210/823/2473 1072/1252/2473
f 1217/957/2474 626/959/2474 74/1255/2474
f 207/1256/2475 1073/1257/2475 1217/957/2475
f 1073/1257/2476 366/1611/2476 1071/1258/2476
f 1068/1259/2477 1218/954/2477 1070/956/2477
f 206/1260/2478 686/97/712 1218/954/714
f 686/97/2479 47/96/2479 599/1261/2479
f 683/1262/2480 1219/951/2480 1069/953/2480
f 77/1263/716 494/850/2481 1219/951/717
f 494/850/2482 206/1260/2482 1068/1259/2482
f 491/1264/2483 1220/950/2483 480/949/2483
f 203/1265/2484 1069/1266/2484 1220/950/2484
f 1069/1266/2485 365/1609/2485 1067/948/2485
f 1221/947/2486 1066/946/2486 364/1267/2486
f 682/87/2487 1221/947/2487 1064/942/2487
f 48/1269/2488 600/945/392 1221/947/394
f 1222/944/2489 1065/943/2489 199/1270/2489
f 490/877/729 1222/944/2490 679/900/730
f 202/1268/2491 1064/942/2491 1222/944/2491
f 1223/941/2492 439/940/2492 31/1272/2492
f 1065/943/734 1223/941/2493 487/80/735
f 364/1267/2494 1063/939/388 1223/941/390
f 1224/938/2495 1062/937/2495 363/1273/2495
f 678/79/2496 1224/938/2496 1060/933/2496
f 73/78/2497 481/936/2497 1224/938/2497
f 1225/935/2498 1061/934/2498 195/928/2498
f 486/904/742 1225/935/2499 675/1275/743
f 198/1274/2500 1060/933/384 1225/935/386
f 483/1276/2501 1226/930/2501 440/932/2501
f 195/928/2502 1061/934/2502 1226/930/2502
f 363/1273/2503 1059/1607/2503 1226/930/2503
f 1056/924/2504 1227/927/2504 1058/929/2504
f 197/913/752 677/76/2505 1227/927/753
f 677/76/2506 75/75/2506 675/1275/2506
f 1228/926/2507 1057/925/2507 149/1278/2507
f 485/914/2508 1228/926/2508 437/1279/2508
f 197/913/2509 1056/924/2509 1228/926/2509
f 1229/923/380 392/922/379 2/1281/2510
f 1057/925/2511 1229/923/762 629/1282/764
f 362/1277/2512 1055/921/2512 1229/923/2512
f 1230/920/2513 1054/919/2513 361/1283/2513
f 482/99/2514 1230/920/2514 1052/915/2514
f 74/1255/2515 676/918/2515 1230/920/2515
f 1231/917/2516 1053/916/2516 101/1285/2516
f 674/841/2517 1231/917/2517 389/1286/2517
f 194/1284/2518 1052/915/2518 1231/917/2518
f 1232/912/2519 485/914/758 29/1280/760
f 1053/916/2520 1232/912/2520 581/1288/2520
f 1053/916/2521 361/1283/2521 1051/1289/2521
f 1048/1290/2522 1233/909/2522 1050/911/2522
f 146/958/2523 434/60/2523 1233/909/2523
f 26/1291/2524 433/1299/2524 1233/909/2524
f 676/918/2525 1234/906/2525 1049/908/2525
f 626/959/2526 1234/906/2526 676/918/2526
f 626/959/2527 146/958/2527 1048/1290/2527
f 1235/905/2528 486/904/2528 75/75/2528
f 1049/908/2529 1235/905/2529 484/1293/2529
f 1049/908/2530 360/907/2530 1047/903/2530
f 1236/902/2531 1046/901/2531 359/1294/2531
f 681/84/2532 1236/902/785 1044/897/787
f 76/1271/2533 679/900/2533 1236/902/2533
f 1237/899/2534 1045/898/2534 193/1296/2534
f 489/886/2535 1237/899/2535 481/936/2535
f 201/1295/2536 1044/897/2536 1237/899/2536
f 1238/896/2537 391/895/2537 11/1297/2537
f 1045/898/2538 1238/896/2538 673/68/2538
f 359/1294/795 1043/894/2539 1238/896/796
f 1239/893/2540 1042/892/2540 358/1298/2540
f 624/91/799 1239/893/2541 1040/888/800
f 72/90/2542 680/891/2542 1239/893/2542
f 1240/890/2543 1041/889/2543 145/910/2543
f 432/869/2544 1240/890/2544 433/1299/2544
f 432/869/2545 144/868/2545 1040/888/2545
f 1241/887/2546 489/886/2546 73/78/2546
f 145/910/2547 1041/889/2547 1241/887/2547
f 358/1298/2548 1039/885/2548 1241/887/2548
f 1242/884/2549 1038/883/2549 357/1301/2549
f 672/63/2550 1242/884/2550 1036/879/2550
f 19/1303/2551 648/882/2551 1242/884/2551
f 1243/881/2552 1037/880/2552 200/1304/2552
f 480/949/2553 1243/881/2553 680/891/2553
f 192/1302/2554 1036/879/2554 1243/881/2554
f 1244/878/815 490/877/2555 76/1271/816
f 1037/880/2556 1244/878/2556 488/83/2556
f 357/1301/2557 1035/876/2557 1244/878/2557
f 1032/1305/2558 1245/873/2558 1034/875/2558
f 685/93/823 1245/873/2559 1032/1305/824
f 77/1263/2560 683/1262/2560 1245/873/2560
f 623/1307/2561 1246/870/2561 1033/872/2561
f 493/859/831 1246/870/830 623/1307/2562
f 205/1306/2563 1032/1305/2563 1246/870/2563
f 431/59/2564 1247/867/2564 432/869/2564
f 143/1308/2565 1033/1309/2565 1247/867/2565
f 1033/1309/2566 356/1605/2566 1031/1310/2566
f 1248/864/355 1030/866/357 355/1311/2567
f 109/571/2568 589/190/837 1248/864/839
f 589/190/2569 37/189/2569 684/1312/2569
f 1249/863/354 1029/862/353 191/1313/2570
f 397/572/2571 1249/863/2571 671/828/2571
f 109/571/2572 1028/861/2572 1249/863/2572
f 1250/860/2573 493/859/2573 71/105/2573
f 1029/862/2574 1250/860/2574 479/1315/2574
f 355/1311/1791 1027/858/1790 1250/860/2575
f 1024/1316/2576 1251/855/2576 1026/857/2576
f 157/1048/2577 637/31/2577 1251/855/2577
f 637/31/2578 5/30/2578 647/1317/2578
f 1252/852/2579 1025/854/2579 204/865/2579
f 37/189/2580 445/1049/2580 1252/852/2580
f 445/1049/2581 157/1048/2581 1024/1316/2581
f 1253/851/2582 494/850/2582 77/1263/2582
f 1025/854/2583 1253/851/2583 492/92/2583
f 354/853/2584 1023/849/2584 1253/851/2584
f 1020/1318/2585 1254/846/2585 1022/848/2585
f 209/1319/2586 689/102/2586 1254/846/2586
f 689/102/2587 78/1254/2587 687/1253/2587
f 438/1320/2588 1255/843/2588 1021/845/2588
f 497/832/2589 1255/843/2589 438/1320/2589
f 497/832/2590 209/1319/2590 1020/1318/2590
f 1256/842/2591 674/841/2591 10/1287/2591
f 1021/1324/2592 1256/842/2592 630/1323/2592
f 353/1326/2593 1019/840/2593 1256/842/2593
f 1016/1327/2594 1257/837/2594 1018/839/2594
f 110/598/1675 590/181/1674 1257/837/2595
f 590/181/2596 38/180/2596 688/1328/2596
f 390/1329/2597 1258/834/2597 1017/836/2597
f 6/1331/2598 398/599/2598 1258/834/2598
f 398/599/2599 110/598/2599 1016/1327/2599
f 1259/833/342 497/832/341 30/1322/2600
f 1017/836/2601 1259/833/2601 582/1332/2601
f 352/835/2602 1015/831/2602 1259/833/2602
f 1260/830/2603 1014/829/2603 351/1333/2603
f 638/33/2604 1260/830/2604 1012/825/2604
f 14/1314/2605 671/828/2605 1260/830/2605
f 1261/827/338 1013/826/337 208/838/2606
f 38/180/2607 446/1039/2607 1261/827/2607
f 446/1039/2608 158/1334/2608 1012/825/2608
f 1262/822/2609 498/824/2609 78/1254/2609
f 208/838/2610 1013/826/2610 1262/822/2610
f 1013/826/2611 351/1333/2611 1011/1335/2611
f 1263/821/2612 1010/820/2612 350/1336/2612
f 693/111/2613 1263/821/2613 1008/816/2613
f 79/1247/2614 691/819/2614 1263/821/2614
f 1264/818/2615 1009/817/2615 169/1018/2615
f 501/805/2616 1264/818/2616 457/1216/2616
f 213/1337/2617 1008/816/2617 1264/818/2617
f 649/1338/892 1265/813/891 396/815/2618
f 169/1339/2619 1009/1340/2619 1265/813/2619
f 1009/1340/2620 350/1602/2620 1007/1341/2620
f 1266/812/2621 1006/811/2621 349/808/2621
f 478/135/2622 1266/812/2622 1004/1342/2622
f 70/1231/2623 692/810/2623 1266/812/2623
f 409/1343/2624 1267/807/2624 1005/809/2624
f 20/1344/2625 670/734/2625 1267/807/2625
f 670/734/2626 190/733/896 1004/1342/896
f 1268/806/2627 501/805/2627 49/159/2627
f 1005/809/2628 1268/806/2628 601/1345/2628
f 349/808/2629 1003/804/2629 1268/806/2629
f 1269/803/2630 1002/802/2630 348/1346/2630
f 430/49/2631 1269/803/2631 1000/798/2631
f 25/48/2632 429/801/2632 1269/803/2632
f 1270/800/2633 1001/799/2633 212/1348/2633
f 622/994/2634 1270/800/2634 692/810/2634
f 142/1347/2635 1000/798/2635 1270/800/2635
f 1271/795/2636 502/797/2462 79/1247/2461
f 1001/799/2637 1271/795/2637 500/110/2637
f 348/1346/2638 999/1601/2638 1271/795/2638
f 1272/794/2639 998/793/2639 347/790/2639
f 697/120/2640 1272/794/2640 996/1349/2640
f 80/1241/2641 695/792/2641 1272/794/2641
f 477/1245/2642 1273/789/2642 997/791/2642
f 69/1351/2643 505/778/2643 1273/789/2643
f 505/778/2644 217/1350/2644 996/1349/2644
f 669/1352/2645 1274/786/2645 395/788/2645
f 189/973/922 997/791/2646 1274/786/923
f 997/791/2647 347/790/2647 995/1353/2647
f 1275/785/2648 994/784/2648 346/1354/2648
f 620/127/2649 1275/785/2649 992/780/2649
f 68/126/2650 696/783/2650 1275/785/2650
f 1276/782/321 993/781/320 141/1356/2651
f 428/760/2652 1276/782/2652 429/801/2652
f 140/1355/2653 992/780/2653 1276/782/2653
f 1277/779/2654 505/778/2654 69/1351/2654
f 993/781/2655 1277/779/2655 621/113/2655
f 346/1354/2656 991/777/2656 1277/779/2656
f 1278/776/2657 990/775/2657 345/1357/2657
f 668/51/2658 1278/776/2658 988/771/2658
f 16/1359/2659 642/774/2659 1278/776/2659
f 1279/773/2660 989/772/2660 216/1360/2660
f 476/985/2661 1279/773/2661 696/783/2661
f 188/1358/2662 988/771/2662 1279/773/2662
f 504/119/2663 1280/768/2663 506/770/2663
f 216/1360/2664 989/772/2664 1280/768/2664
f 989/772/2665 345/1357/2665 987/1361/2665
f 984/762/2666 1281/767/2666 986/766/2666
f 701/129/2667 1281/767/2667 984/762/2667
f 81/1236/946 699/765/2668 1281/767/947
f 1282/764/2669 985/763/2669 139/1000/2669
f 509/751/2670 1282/764/2670 619/1229/2670
f 221/1363/2671 984/762/2671 1282/764/2671
f 1283/761/952 428/760/2672 25/48/953
f 985/763/2673 1283/761/2673 427/1364/2673
f 344/1362/2674 983/759/2674 1283/761/2674
f 1284/758/2675 982/757/2675 343/1365/2675
f 583/81/2676 1284/758/2676 980/753/2676
f 31/1272/2677 700/756/2677 1284/758/2677
f 1285/755/2678 981/754/2678 187/1367/2678
f 11/1297/2679 391/895/2679 1285/755/2679
f 391/895/2680 103/1366/2680 980/753/2680
f 1286/752/2681 509/751/2681 67/141/2681
f 981/754/2682 1286/752/2682 475/1368/2682
f 343/1365/2683 979/750/2683 1286/752/2683
f 976/1369/2684 1287/747/2684 978/749/2684
f 631/67/2685 1287/747/2685 976/1369/2685
f 631/67/2686 1/66/2686 641/1371/2686
f 700/756/2687 1288/744/2687 977/746/2687
f 439/940/2688 1288/744/2688 700/756/2688
f 151/1370/2689 976/1369/2689 1288/744/2689
f 1289/743/2690 510/742/2690 81/1236/2690
f 220/1372/2691 977/746/2691 1289/743/2691
f 342/745/2692 975/741/2692 1289/743/2692
f 972/1373/2693 1290/738/2693 974/740/2693
f 225/724/2694 705/139/2694 1290/738/2694
f 705/139/2695 82/138/659 703/1230/661
f 458/1026/2696 1291/735/2696 973/737/2696
f 50/1211/2697 513/725/2697 1291/735/2697
f 513/725/2698 225/724/2698 972/1373/2698
f 650/38/2699 1292/732/2699 670/734/2699
f 170/1374/2700 973/737/2700 1292/732/2700
f 973/737/2701 341/736/2701 971/1375/2701
f 968/1376/2702 1293/729/2702 970/731/2702
f 104/1377/2703 584/73/2703 1293/729/2703
f 584/73/2704 32/72/2704 704/1378/2704
f 410/639/2705 1294/726/2705 969/728/2705
f 2/1281/2706 392/922/2706 1294/726/2706
f 392/922/2707 104/1377/2707 968/1376/2707
f 602/167/2708 1295/723/2708 513/725/2708
f 122/1379/996 969/728/999 1295/723/997
f 969/728/2709 340/727/2709 967/1380/2709
f 964/1381/2710 1296/722/2710 966/721/2710
f 632/69/2711 1296/722/2711 964/1381/2711
f 11/1297/960 667/720/962 1296/722/2712
f 704/1378/1007 1297/717/1006 965/719/2713
f 32/72/748 440/932/747 1297/717/2714
f 440/932/2715 152/931/2715 964/1381/2715
f 512/1382/1012 1298/714/1011 514/716/2716
f 224/730/1010 965/719/2717 1298/714/1011
f 965/719/2718 339/718/2718 963/1383/2718
f 960/1384/2719 1299/713/2719 962/712/2719
f 229/697/2720 709/147/2720 1299/713/2720
f 83/1226/2721 707/711/2721 1299/713/2721
f 580/1385/2722 1300/708/2722 961/710/2722
f 28/1387/2723 517/698/2723 1300/708/2723
f 517/698/2724 229/697/2724 960/1384/2724
f 1301/707/2725 643/706/2725 8/1388/2725
f 961/710/2726 1301/707/2726 388/1389/2726
f 338/709/2727 959/705/2727 1301/707/2727
f 956/1390/2728 1302/704/2728 958/703/2728
f 186/1391/2729 474/171/2729 1302/704/2729
f 66/1208/2730 708/702/2730 1302/704/2730
f 1303/699/2731 957/701/2731 148/1392/2731
f 666/625/2732 1303/699/2732 628/1393/2732
f 186/1391/2733 956/1390/2139 1303/699/2139
f 436/1395/2734 1304/696/2734 517/698/2734
f 148/1392/2735 957/701/2735 1304/696/2735
f 957/701/2736 337/700/2736 955/1396/2736
f 1305/695/2737 954/694/2737 336/1397/2737
f 426/37/2738 1305/695/2738 952/690/2738
f 24/36/2739 425/693/2739 1305/695/2739
f 1306/692/2740 953/691/2740 228/1399/2740
f 618/1030/2741 1306/692/2741 708/702/2741
f 138/1398/2742 952/690/2742 1306/692/2742
f 1307/689/2743 518/688/2743 83/1226/2743
f 953/691/2744 1307/689/2744 516/146/2744
f 336/1397/1040 951/687/2745 1307/689/1041
f 948/1403/2746 1308/686/2746 950/685/2746
f 233/1402/2747 713/156/2747 1308/686/2747
f 713/156/2748 84/1218/2748 711/684/2748
f 1309/683/2749 949/682/2749 185/1404/2749
f 65/150/2750 521/671/2750 1309/683/2750
f 233/670/2751 948/681/2751 1309/683/2751
f 1310/680/2752 644/679/2752 17/1405/2752
f 949/682/2753 1310/680/2753 665/44/2753
f 335/1401/2754 947/678/2754 1310/680/2754
f 1311/677/2755 946/676/1706 334/1600/1708
f 616/162/2756 1311/1406/2756 944/672/2756
f 64/1213/2757 712/675/2757 1311/677/2757
f 1312/674/2758 945/673/2758 137/1409/2758
f 24/36/2759 424/653/2759 1312/674/2759
f 136/652/2760 944/672/2760 1312/674/2760
f 617/1410/2761 1313/669/2761 521/671/2761
f 137/1409/2762 945/673/2762 1313/669/2762
f 945/673/1062 334/1407/2763 943/1411/1063
f 940/1412/1065 1314/666/2764 942/668/1066
f 184/1413/2765 664/39/2765 1314/666/2765
f 664/39/2766 20/1344/2766 409/1343/2766
f 1315/663/2767 941/665/2767 232/1414/2767
f 64/1213/2768 472/1021/2768 1315/663/2768
f 472/1021/1072 184/1413/2769 940/1412/1073
f 520/155/2770 1316/660/2770 522/662/2770
f 232/1414/1076 941/665/2771 1316/660/1077
f 941/665/2772 333/664/2772 939/1415/2772
f 936/1418/2773 1317/657/2773 938/659/2773
f 237/643/2774 717/166/2774 1317/657/2774
f 717/166/2775 85/165/2775 715/1212/2775
f 615/1419/2776 1318/654/2776 937/656/2776
f 525/1420/1085 1318/654/1087 615/1419/2777
f 525/644/267 237/643/266 936/1418/2778
f 423/1421/2779 1319/651/2779 424/653/2779
f 135/1036/2780 937/656/2780 1319/651/2780
f 937/656/2781 332/655/2781 935/1422/2781
f 1320/650/2782 934/649/2782 331/1423/2782
f 581/1288/2783 1320/650/2783 932/645/2783
f 29/1280/2784 716/648/2784 1320/650/2784
f 1321/647/2785 933/646/2785 183/1424/2785
f 389/1286/2786 1321/647/2786 663/612/2786
f 101/1285/2787 932/645/2787 1321/647/2787
f 1322/642/2788 525/644/2788 63/1425/2788
f 183/1424/2789 933/646/2789 1322/642/2789
f 331/1423/2790 931/1598/2790 1322/642/2790
f 1323/641/2791 930/640/2791 330/1426/2791
f 629/1282/1103 1323/641/1107 928/636/1104
f 2/1281/2792 410/639/2792 1323/641/2792
f 1324/638/263 929/637/262 236/1427/2793
f 437/1279/2794 1324/638/2794 716/648/2794
f 149/1278/1110 928/636/2795 1324/638/1111
f 1325/635/260 526/634/259 85/165/1113
f 929/637/1115 1325/635/1119 524/1428/1116
f 330/1426/1118 927/633/2796 1325/635/1119
f 1326/632/257 926/631/256 329/1429/1120
f 721/175/1122 1326/632/257 924/627/1121
f 721/175/1122 86/174/2797 719/630/255
f 1327/629/2798 925/628/2798 99/1431/2798
f 529/616/2799 1327/629/2799 579/1432/2799
f 241/1430/2800 924/627/2800 1327/629/2800
f 1328/626/253 666/625/252 9/1394/2801
f 925/628/1130 1328/626/1127 387/1434/1129
f 329/1429/2802 923/624/251 1328/626/253
f 920/1435/2803 1329/621/2803 922/623/2803
f 102/1330/2804 582/1332/2804 1329/621/2804
f 582/1332/2805 30/1322/2805 720/1436/2805
f 1330/618/2806 921/620/2806 147/1437/2806
f 6/1331/2807 390/1329/2807 1330/618/2807
f 390/1329/2808 102/1330/2808 920/1435/2808
f 1331/617/2809 529/616/2809 27/1433/2809
f 921/620/2810 1331/617/2810 435/1439/2810
f 328/619/1141 919/615/2811 1331/617/1142
f 1332/614/2812 918/613/2812 327/1440/2812
f 630/1323/2813 1332/614/2813 916/1441/2813
f 10/1287/2814 663/612/2814 1332/614/2814
f 720/1436/2815 1333/609/2815 917/611/2815
f 30/1322/2816 438/1320/2816 1333/609/2816
f 150/1321/2817 916/1618/2108 1333/609/2107
f 528/1442/2818 1334/606/2818 530/608/2818
f 240/622/2819 917/611/2819 1334/606/2819
f 917/611/2820 327/610/2820 915/1443/2820
f 1335/605/242 914/604/241 326/1444/2821
f 725/183/2822 1335/605/2822 912/600/2822
f 87/1202/2823 723/603/2823 1335/605/2823
f 1336/602/2824 913/601/2824 147/1437/2824
f 533/589/2825 1336/602/2825 435/1439/2825
f 245/1445/2826 912/600/2826 1336/602/2826
f 1337/597/2827 398/599/2827 6/1331/2827
f 913/601/2828 1337/597/2828 627/1438/2828
f 326/1444/2829 911/1595/2829 1337/597/2829
f 1338/596/2830 910/595/2830 325/1446/2830
f 470/207/2831 1338/596/2831 908/591/2831
f 62/1189/1184 724/594/1183 1338/596/2832
f 1339/593/2833 909/592/2833 99/1431/2833
f 662/518/1169 1339/593/1168 387/1434/2834
f 182/1447/2835 908/591/2835 1339/593/2835
f 1340/590/2836 533/589/2836 27/1433/2836
f 909/592/2837 1340/590/1170 579/1432/1172
f 325/1446/2838 907/588/2838 1340/590/2838
f 904/1448/2839 1341/585/2839 906/587/2839
f 134/1449/1176 422/25/1179 1341/585/1177
f 422/25/1179 23/24/2840 421/1450/1180
f 1342/582/2841 905/584/2841 244/1451/2841
f 614/1065/2842 1342/582/2842 724/594/2842
f 614/1065/2843 134/1449/2843 904/1448/2843
f 1343/579/2844 534/581/2844 87/1202/2844
f 905/584/2845 1343/579/2845 532/182/2845
f 905/584/2846 324/583/2846 903/1452/2846
f 900/1453/2847 1344/576/2847 902/578/2847
f 249/562/2848 729/193/2848 1344/576/2848
f 729/193/2849 88/192/2849 727/1197/2849
f 469/1044/2850 1345/573/2850 901/575/2850
f 61/186/2851 537/563/1196 1345/573/228
f 537/563/1196 249/562/2852 900/1453/1197
f 661/32/2853 1346/570/2853 397/572/2853
f 181/1454/2854 901/575/2854 1346/570/2854
f 901/575/2855 323/574/2855 899/1455/2855
f 896/1456/2856 1347/569/2856 898/568/2856
f 612/199/2857 1347/569/2857 896/1456/2857
f 612/199/2858 60/198/2858 728/567/2858
f 421/1450/2859 1348/564/2859 897/566/2859
f 23/24/2860 420/545/2860 1348/564/2860
f 132/1457/2861 896/1456/2861 1348/564/2861
f 613/1458/2862 1349/561/2862 537/563/2862
f 133/586/2863 897/566/2863 1349/561/2863
f 897/566/2864 322/565/2864 895/1459/2864
f 1350/560/223 894/559/222 321/557/2865
f 660/28/2866 1350/560/2866 892/1460/2866
f 660/28/2867 18/27/2867 646/4/2867
f 1351/556/2868 893/558/2868 248/1461/2868
f 468/1058/2869 1351/556/2869 728/567/2869
f 468/1058/2870 180/1057/1215 892/1460/1214
f 536/1462/2871 1352/553/2871 538/555/2871
f 248/1461/2872 893/558/2872 1352/553/2872
f 893/558/1222 321/557/2873 891/1463/1223
f 1353/550/2874 890/552/2874 320/548/2874
f 253/536/2875 733/202/2875 1353/550/2875
f 733/202/2876 89/201/2876 731/1193/2876
f 611/1465/2877 1354/547/2877 889/549/2877
f 541/537/2878 1354/547/2878 611/1465/2878
f 253/536/2879 888/1464/2879 1354/547/2879
f 419/1466/2880 1355/546/2880 420/545/2880
f 131/1071/2881 889/549/2881 1355/546/2881
f 889/549/2882 320/548/2882 887/544/2882
f 884/538/2883 1356/541/2883 886/543/2883
f 154/1468/2884 442/225/2884 1356/541/2884
f 442/225/2885 34/1179/2885 732/1469/2885
f 1357/540/2886 885/539/2886 179/506/2886
f 634/464/2887 1357/540/2887 659/1470/2887
f 154/1468/2888 884/538/2888 1357/540/2888
f 467/212/2889 1358/535/2889 541/537/2889
f 179/506/2890 885/539/2890 1358/535/2890
f 885/539/2891 319/1467/2891 883/1471/2891
f 1359/534/2892 882/533/2892 318/1472/2892
f 394/18/2893 1359/534/2893 880/529/2893
f 7/8/2894 645/532/2894 1359/534/2894
f 732/1469/2895 1360/531/2895 881/530/2895
f 34/1179/2896 586/1083/2896 1360/531/2896
f 106/1473/2897 880/529/2897 1360/531/2897
f 540/1474/2898 1361/528/2898 542/527/2898
f 252/542/2899 881/530/2899 1361/528/2899
f 318/1472/2900 879/526/2900 1361/528/2900
f 1362/525/2901 878/524/2901 317/1475/2901
f 257/1476/2902 737/210/2902 1362/525/2902
f 90/1188/571 735/523/570 1362/525/2903
f 1363/522/2904 877/521/1267 148/1392/1268
f 545/509/2905 1363/522/1259 436/1395/1261
f 257/1476/2906 876/520/2906 1363/522/2906
f 1364/519/1264 662/518/2907 9/1394/1265
f 877/521/1267 1364/519/1264 628/1393/1266
f 317/1475/2908 875/517/2908 1364/519/2908
f 1365/516/2909 874/515/2909 316/1477/2909
f 441/217/1274 1365/516/1273 872/511/2910
f 33/216/2911 736/514/2911 1365/516/2911
f 1366/513/2912 873/512/1279 100/1386/1281
f 633/491/2913 1366/513/2913 388/1389/2913
f 153/1478/2914 872/511/2914 1366/513/2914
f 1367/510/2915 545/509/2915 28/1387/2915
f 873/512/2916 1367/510/2916 580/1385/2916
f 316/1477/2917 871/508/2917 1367/510/2917
f 868/1479/2918 1368/505/2918 870/507/2918
f 105/1480/2919 393/22/2919 1368/505/2919
f 393/22/2920 12/21/2920 659/1470/2920
f 736/514/2921 1369/502/2921 869/504/2921
f 33/216/2922 585/1074/2922 1369/502/2922
f 585/1074/2923 105/1480/2923 868/1479/2923
f 1370/501/2924 546/500/2924 90/1188/2924
f 869/504/2925 1370/501/2925 544/209/2925
f 869/504/2926 315/503/2926 867/499/2926
f 864/1482/2927 1371/496/2927 866/498/2927
f 261/482/1293 741/220/2928 1371/496/1294
f 741/220/2929 91/219/2929 739/1182/2929
f 451/144/2930 1372/493/2930 865/495/2930
f 43/1227/2931 549/483/2931 1372/493/2931
f 549/483/2932 261/482/2932 864/1482/2932
f 1373/492/2933 633/491/2933 8/1388/2933
f 865/495/2934 1373/492/2934 643/706/2934
f 314/494/2935 863/490/2935 1373/492/2935
f 1374/489/2936 862/488/2936 313/1484/2936
f 466/244/2937 1374/489/1303 860/484/1305
f 58/243/2938 740/487/2938 1374/489/2938
f 403/45/2939 1375/486/2940 861/485/2941
f 658/412/2942 1375/486/2940 403/45/2939
f 178/1485/2943 860/484/2943 1375/486/2943
f 595/1003/2944 1376/481/2944 549/483/2944
f 115/1486/2945 861/485/2945 1376/481/2945
f 861/485/2946 313/1484/2946 859/1487/2946
f 856/1488/2947 1377/478/2947 858/480/2947
f 130/1101/2948 418/14/2948 1377/478/2948
f 418/14/2949 22/1497/2949 417/1489/2949
f 740/487/1319 1378/475/2950 857/477/1319
f 58/243/2951 610/1102/2951 1378/475/2951
f 610/1102/2952 130/1101/2952 856/1488/2952
f 548/1491/1323 1379/472/2953 550/474/1324
f 260/1490/2954 857/477/1329 1379/472/1331
f 857/477/2955 312/476/2955 855/1492/2955
f 852/466/2956 1380/471/2956 854/470/2956
f 265/455/2957 745/228/2957 1380/471/2957
f 92/1178/2958 743/469/2958 1380/471/2958
f 465/1181/1338 1381/468/1337 853/467/2959
f 57/222/2960 553/456/2960 1381/468/2960
f 553/456/2961 265/455/2961 852/466/2961
f 1382/465/2962 634/464/2962 12/21/2962
f 853/467/2963 1382/465/2963 657/1494/2963
f 311/1493/2964 851/463/2964 1382/465/2964
f 848/1495/2965 1383/460/2965 850/462/2965
f 128/438/2966 608/235/2966 1383/460/2966
f 608/235/2967 56/234/2967 744/1496/2967
f 417/1489/2968 1384/457/2968 849/459/2968
f 22/1497/2969 416/439/2969 1384/457/2969
f 416/439/1348 128/438/2970 848/1495/1349
f 609/1498/2971 1385/454/2971 553/456/2971
f 129/479/2972 849/459/2972 1385/454/2972
f 849/459/2973 310/458/2973 847/1499/2973
f 1386/453/2974 846/452/2974 309/1500/2974
f 656/16/2975 1386/453/2975 844/449/2975
f 15/11/2976 640/359/2976 1386/453/2976
f 1387/451/2977 845/450/2977 264/461/2977
f 464/1093/2978 1387/451/2978 744/1496/2978
f 176/1092/2979 844/449/2979 1387/451/2979
f 1388/446/2980 554/448/2980 92/1178/2980
f 845/450/1364 1388/446/1363 552/227/2981
f 309/1500/2982 843/1594/2982 1388/446/2982
f 840/440/2983 1389/443/2983 842/445/2983
f 269/1502/2984 749/1503/2984 1389/443/2984
f 749/1503/2985 93/1173/2985 747/1172/2985
f 1390/442/2986 841/441/2986 127/1504/2986
f 557/1505/2987 1390/442/2987 607/1106/2987
f 269/1502/2988 840/440/2988 1390/442/2988
f 415/13/2989 1391/437/2989 416/439/2989
f 127/1504/2990 841/441/2990 1391/437/2990
f 841/441/2991 308/1501/2991 839/1506/2991
f 1392/436/2992 838/435/2992 307/432/2992
f 587/118/2993 1392/436/2993 836/1507/2993
f 35/117/2994 748/434/2994 1392/436/2994
f 1393/431/1377 837/433/2995 175/1508/1378
f 395/788/2996 1393/431/2996 655/399/2996
f 395/788/2997 107/787/2997 836/1507/2997
f 1394/430/2998 557/429/2998 55/1509/2998
f 837/433/2999 1394/430/2999 463/1510/2999
f 307/432/3000 835/428/3000 1394/430/3000
f 1395/426/3001 834/427/3001 306/424/3001
f 155/976/3002 635/55/3002 1395/426/3002
f 635/55/3003 3/54/3003 639/386/3003
f 748/434/3004 1396/423/3004 833/425/3004
f 35/117/3005 443/977/3005 1396/423/3005
f 443/977/3006 155/976/3006 832/1511/3006
f 556/1513/3007 1397/420/3007 558/422/3007
f 268/1512/3008 833/425/3008 1397/1514/3008
f 833/1516/3009 306/424/3009 831/1517/3009
f 828/414/3010 1398/417/3010 830/419/3010
f 273/403/3011 753/247/1396 1398/417/1398
f 753/247/3012 94/246/3012 751/1168/3012
f 452/153/3013 1399/416/3013 829/415/3013
f 44/1219/3014 561/404/3014 1399/416/3014
f 561/404/3015 273/403/3015 828/414/3015
f 1400/413/3016 658/412/3016 17/1405/3016
f 829/415/3017 1400/413/3017 644/679/3017
f 305/1518/3018 827/411/3018 1400/413/3018
f 824/1520/3019 1401/408/3019 826/410/3019
f 108/814/3020 588/109/3020 1401/408/3020
f 588/109/3021 36/108/3021 752/1521/3021
f 404/43/3022 1402/405/3022 825/407/3022
f 4/42/3023 396/815/3023 1402/405/3023
f 396/815/3024 108/814/3024 824/1520/3024
f 596/1013/3025 1403/402/3025 561/404/3025
f 116/1012/3026 825/407/3026 1403/402/3026
f 825/407/3027 304/406/3027 823/1522/3027
f 1404/401/3028 822/400/3028 303/1523/3028
f 636/58/3029 1404/401/3029 820/1524/3029
f 13/57/3030 655/399/3030 1404/401/3030
f 1405/398/3031 821/397/1421 272/409/1423
f 444/968/3032 1405/398/3032 752/1521/3032
f 156/967/3033 820/396/3033 1405/398/3033
f 1406/395/3034 562/394/3034 94/246/3034
f 821/397/3035 1406/395/3035 560/1526/3035
f 303/1527/3036 819/393/3036 1406/395/3036
f 816/1528/3037 1407/390/3037 818/392/3037
f 277/1529/3038 757/254/3038 1407/390/3038
f 757/254/3039 95/1160/3039 755/1159/3039
f 594/1239/3040 1408/387/3040 817/389/3040
f 42/123/3041 565/376/3041 1408/387/3041
f 565/376/3042 277/1529/3042 816/1528/3042
f 402/1530/3043 1409/384/3043 639/386/3043
f 114/982/3044 817/389/3044 1409/384/3044
f 817/389/3045 302/1589/3045 815/1531/3045
f 1410/383/3046 814/382/3046 301/379/3046
f 174/1533/3047 462/278/3047 1410/383/3047
f 54/277/3048 756/381/3048 1410/383/3048
f 642/774/3049 1411/378/3049 813/380/3049
f 654/304/3050 1411/378/3050 642/774/3050
f 654/304/3051 174/1533/3051 812/1532/3051
f 1412/377/1440 565/376/3052 42/123/1441
f 813/380/3053 1412/377/3053 450/1535/3053
f 301/379/3054 811/375/3054 1412/377/3054
f 1413/374/3055 810/373/3055 300/1536/3055
f 414/2/3056 1413/374/3056 808/369/3056
f 21/1537/3057 413/372/3057 1413/374/3057
f 1414/371/1448 809/370/3058 276/1538/1449
f 606/1137/3059 1414/371/3059 756/381/3059
f 126/1136/1452 808/369/3060 1414/371/1453
f 1415/368/3061 566/367/3061 95/1160/3061
f 809/370/3062 1415/368/3062 564/253/3062
f 300/1536/3063 807/366/153 1415/368/155
f 804/1539/3064 1416/363/3064 806/365/3064
f 281/1540/3065 761/263/3065 1416/363/3065
f 761/263/3066 96/262/3066 759/1155/3066
f 461/1541/3067 1417/360/3067 805/362/3067
f 569/350/3068 1417/1544/3068 461/1114/3068
f 569/350/3069 281/349/3069 804/1543/3069
f 653/1545/3070 1418/357/3070 640/359/3070
f 173/1542/3071 805/362/3071 1418/357/3071
f 805/362/3072 299/361/3072 803/1546/3072
f 800/1547/3073 1419/1550/3073 802/1548/3073
f 124/1549/3074 604/1582/3074 1419/1550/3074
f 52/1153/3075 760/354/147 1419/356/149
f 1420/351/3076 801/353/3076 125/1551/3076
f 412/331/3077 1420/351/3077 413/372/3077
f 412/331/3078 124/1549/3078 800/1547/3078
f 1421/348/3079 569/350/3079 53/257/3079
f 801/353/3080 1421/348/3080 605/1552/3080
f 298/352/3081 799/1586/3081 1421/348/3081
f 1422/347/3082 798/346/3082 297/1553/3082
f 652/5/3083 1422/347/3083 796/342/3083
f 18/27/3084 405/345/3084 1422/347/3084
f 1423/344/3085 797/343/3085 280/1555/3085
f 460/1127/3086 1423/344/3086 760/354/3086
f 172/1554/3087 796/342/3087 1423/344/3087
f 568/1556/3088 1424/339/3088 570/341/3088
f 280/1555/3089 797/343/3089 1424/339/3089
f 297/1553/3090 795/1584/3090 1424/339/3090
f 1425/1557/3091 794/1583/3091 296/334/3091
f 765/1559/3092 1425/1557/3092 792/1558/3092
f 97/1152/3093 763/336/3093 1425/338/3093
f 603/1145/1488 1426/333/3094 793/335/1489
f 51/1561/3095 573/322/3095 1426/333/3095
f 285/1560/3096 792/1558/3096 1426/333/3096
f 1427/332/3097 412/331/3097 21/1537/3097
f 793/335/1494 1427/332/3098 411/1/1495
f 296/334/3099 791/330/3099 1427/332/3099
f 1428/329/3100 790/328/3100 295/1562/3100
f 599/1261/3101 1428/329/3101 788/1563/3101
f 47/96/3102 764/327/3102 1428/329/3102
f 651/1564/3103 1429/326/3103 789/325/3103
f 19/1303/3104 407/62/3104 1429/326/3104
f 407/62/3105 119/1610/3105 788/324/3105
f 1430/323/3106 573/322/3106 51/1561/3106
f 789/325/3107 1430/323/3107 459/282/3107
f 295/1565/3108 787/321/3108 1430/323/3108
f 1431/320/1507 786/319/3109 294/1566/1508
f 647/1317/3110 1431/320/3110 784/315/3110
f 5/30/3111 406/318/3111 1431/320/3111
f 1432/317/3112 785/316/1516 284/1567/1518
f 455/1568/3113 1432/317/3113 764/327/3113
f 167/856/3114 784/315/3114 1432/317/3114
f 1433/314/3115 574/313/3115 97/1152/3115
f 785/316/3116 1433/314/3116 572/270/3116
f 294/1566/3117 783/312/3117 1433/314/3117
f 780/1569/3118 1434/309/3118 782/311/3118
f 289/295/3119 769/281/3119 1434/309/3119
f 769/281/3120 98/280/3120 767/1146/3120
f 593/990/3121 1435/306/3121 781/308/3121
f 577/296/3122 1435/306/3122 593/990/3122
f 289/295/3123 780/1569/3123 1435/306/3123
f 1436/305/3124 654/304/3124 16/1359/3124
f 113/1570/3125 781/308/3125 1436/305/3125
f 781/308/3126 293/307/3126 779/303/3126
f 776/1571/3127 1437/300/3127 778/302/3127
f 120/1572/3128 600/945/3128 1437/300/3128
f 600/945/3129 48/1269/3129 768/1573/3129
f 641/1371/3130 1438/297/3130 777/299/3130
f 1/66/3131 408/1574/3131 1438/297/3131
f 408/1574/1536 120/1572/3132 776/1571/1537
f 449/131/3133 1439/294/3133 577/296/3133
f 161/748/3134 777/299/3134 1439/294/3134
f 777/299/3135 292/298/3135 775/1575/3135
f 772/1576/3136 1440/291/3136 774/293/3136
f 168/1577/1543 648/882/3137 1440/291/1544
f 648/882/3138 19/1303/3138 651/1564/3138
f 768/1573/3139 1441/288/3139 773/290/3139
f 48/1269/3140 456/86/3140 1441/288/3140
f 456/86/3141 168/1577/3141 772/1576/3141
f 576/1578/3142 1442/285/3142 578/287/3142
f 288/301/3143 773/290/3143 1442/285/3143
f 773/290/3144 291/289/3144 771/1579/3144
f 1443/284/3145 770/283/3145 290/286/3145
f 291/289/3146 774/293/3146 1443/284/3146
f 171/292/3147 459/282/3147 1443/284/3147
f 775/1575/3148 1444/279/3148 769/281/3148
f 292/298/3149 778/302/3149 1444/279/3149
f 778/302/127 288/301/126 576/1578/3150
f 779/303/3151 1445/276/113 462/278/115
f 293/307/3152 782/311/3152 1445/276/3152
f 782/311/3153 287/310/478 575/1147/479
f 1446/275/3154 766/274/3154 286/1150/3154
f 786/319/3155 1446/275/3155 783/312/3155
f 118/1054/3156 598/273/3156 1446/275/3156
f 1447/272/3157 765/271/3157 285/1580/3157
f 790/328/1567 1447/272/3158 787/1581/1568
f 284/1567/3159 572/270/3159 1447/272/3159
f 791/330/3160 1448/1619/3160 604/1582/3160
f 794/1583/3161 1448/1619/3161 791/330/3161
f 283/1151/3162 571/267/3162 1448/269/3162
f 1449/266/3163 762/265/3163 282/340/3163
f 798/346/3164 1449/266/3164 795/1584/3164
f 117/1585/3165 597/264/3165 1449/266/3165
f 799/1586/3166 1450/1588/3166 761/1587/3166
f 298/352/3167 802/1548/3167 1450/1588/3167
f 802/355/3168 280/1555/3168 568/1556/3168
f 803/1546/3169 1451/259/3169 448/230/3169
f 299/361/3170 806/365/3170 1451/259/3170
f 806/365/3171 279/364/3171 567/1156/3171
f 807/366/3172 1452/256/3172 758/258/3172
f 300/1536/3173 810/373/3173 1452/256/3173
f 810/373/3174 125/1551/3174 605/1552/3174
f 1453/255/3175 757/254/3175 277/1529/3175
f 814/382/3176 1453/255/3176 811/375/3176
f 276/1538/3177 564/253/3177 1453/255/3177
f 815/1531/3178 1454/251/3178 447/252/3178
f 302/1589/3179 818/1590/3179 1454/251/3179
f 818/1590/3180 275/1162/3180 563/1161/3180
f 1455/250/3181 754/249/3181 274/1166/3181
f 822/1591/3182 1455/250/3182 819/393/3182
f 175/1592/3183 463/248/3183 1455/250/3183
f 823/1522/3184 1456/245/3184 753/247/3184
f 304/406/3185 826/410/3185 1456/245/3185
f 826/410/3186 272/409/3186 560/1526/3186
f 1457/242/1602 466/244/3187 178/1485/1603
f 830/419/3188 1457/242/3188 827/411/3188
f 830/419/3189 271/418/3189 559/1169/3189
f 831/1517/3190 1458/239/3190 750/241/3190
f 306/424/3191 834/427/3191 1458/239/3191
f 834/427/3192 159/385/3192 447/252/3192
f 835/428/3193 1459/236/3193 749/238/3193
f 838/435/3194 1459/236/3194 835/428/3194
f 838/435/3195 268/1512/3195 556/1515/3195
f 839/1506/3196 1460/233/3196 608/235/3196
f 308/1501/3197 842/445/3197 1460/233/3197
f 842/445/3198 267/444/3198 555/1174/3198
f 1461/232/3199 746/231/3199 266/447/3199
f 846/452/3200 1461/232/3200 843/1594/3200
f 160/358/3201 448/230/3201 1461/232/3201
f 847/1499/3202 1462/229/3202 745/228/3202
f 310/458/3203 850/462/3203 1462/229/3203
f 264/461/3204 552/227/3204 1462/229/3204
f 1463/226/3205 442/225/3205 154/1468/3205
f 854/470/3206 1463/226/3206 851/463/3206
f 263/1177/3207 551/224/3207 1463/226/3207
f 855/1492/3208 1464/221/3208 742/223/3208
f 312/476/3209 858/480/3209 1464/221/3209
f 858/480/3210 129/479/3210 609/1498/3210
f 859/1487/3211 1465/218/3211 741/220/3211
f 313/1484/3212 862/488/3212 1465/218/3212
f 862/488/3213 260/1490/1326 548/1491/1328
f 863/490/3214 1466/215/3214 441/217/3214
f 314/494/3215 866/498/3215 1466/215/3215
f 866/498/3216 259/497/3216 547/1183/3216
f 1467/214/3217 738/213/3217 258/1185/3217
f 870/507/3218 1467/214/3218 867/499/3218
f 870/507/3219 179/506/3219 467/212/3219
f 1468/211/3220 737/210/3220 257/1476/3220
f 874/515/1640 1468/211/1637 871/508/1639
f 256/1481/3221 544/209/3221 1468/211/3221
f 1469/208/85 470/207/84 182/1447/3222
f 878/524/1648 1469/208/1643 875/517/1645
f 255/1187/3223 543/206/83 1469/208/85
f 1470/205/82 734/204/81 254/1191/3224
f 882/533/3225 1470/205/3225 879/526/3225
f 165/1124/3226 453/203/3226 1470/205/3226
f 883/1471/3227 1471/200/3227 733/202/3227
f 319/1467/3228 886/543/3228 1471/200/3228
f 886/543/3229 252/542/3229 540/1474/3229
f 1472/197/3230 612/199/3230 132/1457/3230
f 320/548/3231 890/552/3231 1472/197/3231
f 890/552/3232 251/551/3232 539/1194/3232
f 891/1463/3233 1473/194/3233 730/196/3233
f 321/557/3234 894/559/3234 1473/194/3234
f 894/559/3235 166/1617/3235 454/1132/3235
f 895/1459/3236 1474/191/3236 729/193/3236
f 322/565/3237 898/568/3237 1474/191/3237
f 898/568/3238 248/1461/3238 536/1462/3238
f 899/1455/3239 1475/188/3239 589/190/3239
f 323/574/3240 902/578/3240 1475/188/3240
f 902/578/3241 247/577/3241 535/1198/3241
f 903/1452/3242 1476/185/3242 726/187/3242
f 324/583/3243 906/587/3243 1476/185/3243
f 906/587/3244 133/586/3244 613/1458/3244
f 1477/184/3245 725/183/3245 245/1445/3245
f 910/595/3246 1477/184/3246 907/588/3246
f 244/1451/3247 532/182/3247 1477/184/3247
f 911/1595/3248 1478/179/3248 590/181/3248
f 914/604/3249 1478/179/3249 911/1595/3249
f 243/1201/3250 531/1203/3250 1478/179/3250
f 1479/1596/3251 722/1206/3251 242/607/3251
f 918/1597/3252 1479/1596/3252 915/1443/3252
f 183/1424/1680 471/176/3253 1479/178/1681
f 919/615/3254 1480/173/3254 721/175/3254
f 328/619/3255 922/623/3255 1480/173/3255
f 922/623/3256 240/622/3256 528/1442/3256
f 1481/172/3257 474/171/3257 186/1391/3257
f 926/631/3258 1481/172/3258 923/624/3258
f 239/1207/3259 527/170/3259 1481/172/3259
f 1482/169/3260 718/168/3260 238/1210/3260
f 930/640/3261 1482/169/3261 927/633/3261
f 122/1379/3262 602/167/3262 1482/169/3262
f 931/1598/3263 1483/164/3263 717/166/3263
f 934/649/3264 1483/164/3264 931/1598/3264
f 934/649/3265 236/1427/3265 524/1428/3265
f 935/1422/1700 1484/163/1699 616/162/3266
f 332/655/1698 938/1417/3267 1484/163/1699
f 938/659/3268 235/658/3268 523/1214/3268
f 939/1415/3269 1485/158/3269 714/160/3269
f 333/664/3270 942/668/3270 1485/158/3270
f 942/668/3271 121/667/3271 601/1345/3271
f 943/1599/3272 1486/157/3272 713/156/3272
f 946/676/1706 1486/157/3273 943/1599/1707
f 232/1414/3274 520/155/3274 1486/157/3274
f 1487/154/61 452/153/60 164/1519/3275
f 335/1401/3276 950/1400/3276 1487/154/3276
f 231/1221/3277 519/152/3277 1487/154/3277
f 951/687/3278 1488/149/3278 710/151/3278
f 954/694/3279 1488/149/3279 951/687/3279
f 137/1409/1715 617/1410/3280 1488/149/1716
f 955/1396/3281 1489/148/3281 709/147/3281
f 337/700/3282 958/703/3282 1489/148/3282
f 228/1399/3283 516/146/3283 1489/148/3283
f 1490/145/3284 451/144/3284 163/1483/3284
f 962/712/3285 1490/145/3285 959/705/3285
f 227/1225/3286 515/143/3286 1490/145/3286
f 963/1383/3287 1491/140/3287 706/142/3287
f 339/718/3288 966/721/3288 1491/140/3288
f 966/721/3289 187/1367/3289 475/1368/3289
f 967/1380/3290 1492/137/3290 705/139/3290
f 340/727/3291 970/731/3291 1492/137/3291
f 970/731/1729 224/730/3292 512/1382/1730
f 1493/136/3293 478/135/3293 190/733/3293
f 974/740/3294 1493/136/3294 971/1375/3294
f 223/739/3295 511/134/3295 1493/136/3295
f 1494/133/3296 702/132/3296 222/1233/3296
f 978/749/3297 1494/133/3297 975/741/3297
f 161/748/3298 449/131/3298 1494/133/3298
f 1495/130/3299 701/129/3299 221/1363/3299
f 982/757/1747 1495/130/1742 979/750/1744
f 220/1372/3300 508/128/3300 1495/130/3300
f 1496/125/3301 620/127/3301 140/1355/3301
f 986/766/3302 1496/125/3302 983/759/3302
f 219/1235/675 507/1237/677 1496/125/3303
f 987/1361/3304 1497/122/3304 698/124/3304
f 345/1357/3305 990/775/3305 1497/122/3305
f 990/775/3306 162/1534/3306 450/1535/3306
f 1498/121/3307 697/120/3307 217/1350/3307
f 994/784/3308 1498/121/3308 991/777/3308
f 994/784/3309 216/1360/3309 504/119/3309
f 995/1353/3310 1499/116/3310 587/118/3310
f 347/790/3311 998/793/3311 1499/116/3311
f 215/1240/3312 503/1242/3312 1499/116/3312
f 1500/115/3313 694/114/3313 214/796/3313
f 1002/802/3314 1500/115/3314 999/1601/3314
f 1002/802/3315 141/1356/3315 621/113/3315
f 1501/112/3316 693/111/3316 213/1337/3316
f 1006/811/3317 1501/112/3317 1003/804/3317
f 212/1348/913 500/110/912 1501/112/3318
f 1007/1341/1766 1502/107/1770 588/109/1767
f 350/1602/3319 1010/1603/3319 1502/107/3319
f 1010/1603/3320 211/1249/3320 499/1248/3320
f 1011/1335/3321 1503/104/3321 690/106/3321
f 351/1333/3322 1014/829/3322 1503/104/3322
f 1014/829/3323 191/1313/3323 479/1315/3323
f 1504/103/3324 689/102/3324 209/1319/3324
f 352/835/1776 1018/839/3325 1504/103/1777
f 208/838/3326 496/101/3326 1504/103/3326
f 1505/100/3327 482/99/3327 194/1284/3327
f 353/1326/3328 1022/1604/3328 1505/100/3328
f 1022/1604/3329 207/1256/3329 495/98/3329
f 1023/849/3330 1506/95/3330 686/97/3330
f 354/853/3331 1026/857/3331 1506/95/3331
f 1026/857/3332 167/856/3332 455/1568/3332
f 1507/94/3333 685/93/3333 205/1306/3333
f 1030/866/1792 1507/94/1794 1027/858/3334
f 1030/866/1792 204/865/3335 492/92/1793
f 1031/1310/3336 1508/89/3336 624/91/3336
f 356/1605/3337 1034/1606/3337 1508/89/3337
f 1034/1606/3338 203/1265/721 491/1264/723
f 1509/88/3339 682/87/3339 202/1268/3339
f 1038/883/3340 1509/88/3340 1035/876/3340
f 168/1577/3341 456/86/3341 1509/88/3341
f 1510/85/3342 681/84/3342 201/1295/3342
f 1042/892/3343 1510/85/3343 1039/885/3343
f 200/1304/3344 488/83/3344 1510/85/3344
f 1511/82/3345 583/81/3345 103/1366/3345
f 1046/901/3346 1511/82/3346 1043/894/3346
f 199/1270/3347 487/80/3347 1511/82/3347
f 1512/77/3348 678/79/3348 198/1274/3348
f 360/907/3349 1050/911/3349 1512/77/3349
f 1050/911/3350 145/910/3350 625/1300/3350
f 1051/1289/3351 1513/74/3351 677/76/3351
f 361/1283/3352 1054/919/3352 1513/74/3352
f 196/1292/3353 484/1293/3353 1513/74/3353
f 1514/71/30 584/73/32 104/1377/3354
f 362/1277/3355 1058/929/3355 1514/71/3355
f 1058/929/3356 195/928/3356 483/1276/3356
f 1515/70/3357 632/69/3357 152/931/3357
f 1062/937/3358 1515/70/3358 1059/1607/3358
f 193/1296/3359 673/68/3359 1515/70/3359
f 1063/939/3360 1516/65/3360 631/67/3360
f 364/1267/3361 1066/946/3361 1516/65/3361
f 1066/946/3362 120/1572/3362 408/1574/3362
f 1517/64/3363 672/63/3363 192/1302/3363
f 1070/1608/3364 1517/64/3364 1067/948/3364
f 119/1610/3365 407/62/3365 1517/64/3365
f 1071/1258/3366 1518/61/3366 434/60/3366
f 366/1611/1827 1074/1612/3367 1518/61/1827
f 1074/1612/3368 143/1308/3368 431/59/3368
f 1075/1250/3369 1519/56/3369 636/58/3369
f 367/970/3370 1078/974/3370 1519/56/3370
f 1078/974/3371 189/973/3371 669/1352/3371
f 1079/1243/3372 1520/53/3372 635/55/3372
f 368/1238/3373 1082/983/3373 1520/53/3373
f 1082/983/3374 114/982/3374 402/1530/3374
f 1521/52/3375 668/51/3375 188/1358/3375
f 1086/991/3376 1521/52/1836 1083/984/1838
f 113/1570/3377 401/50/3377 1521/52/3377
f 1087/993/3378 1522/47/3378 430/49/3378
f 370/1228/655 1090/1001/654 1522/47/3379
f 1090/1001/3380 139/1000/3380 427/1364/3380
f 1523/46/3381 403/45/3381 115/1486/3381
f 1094/1009/3382 1523/46/3382 1091/1002/3382
f 185/1404/1052 665/44/1051 1523/46/3383
f 1095/1222/3384 1524/41/3384 404/43/3384
f 372/1613/3385 1098/1614/3385 1524/41/3385
f 1098/1614/3386 169/1339/3386 649/1338/3386
f 1525/40/3387 664/39/3387 184/1413/3387
f 1102/1027/3388 1525/40/3388 1099/1020/3388
f 170/1374/3389 650/38/3389 1525/40/3389
f 1526/35/1853 426/37/3390 138/1398/1854
f 374/1033/3391 1106/1037/3391 1526/35/3391
f 1106/1037/3392 135/1036/1089 423/1421/1091
f 1527/34/3393 638/33/3393 158/1334/3393
f 1110/1045/1862 1527/34/1861 1107/1038/3394
f 181/1454/3395 661/32/3395 1527/34/3395
f 1111/1199/3396 1528/29/3396 637/31/3396
f 376/1051/3397 1114/1055/3397 1528/29/3397
f 1114/1055/3398 118/1054/3398 406/318/3398
f 1529/26/3399 660/28/3399 180/1057/3399
f 1118/1062/3400 1529/26/3400 1115/1195/3400
f 117/1585/3401 405/345/3401 1529/26/3401
f 1119/1064/3402 1530/23/3402 422/25/3402
f 378/1184/3403 1122/1072/3403 1530/23/3403
f 1122/1072/3404 131/1071/3404 419/1466/3404
f 1531/20/3405 393/22/3405 105/1480/3405
f 1126/1081/3406 1531/20/3406 1123/1073/3406
f 1126/1081/3407 177/1080/3407 657/1494/3407
f 1532/19/3408 394/18/3408 106/1473/3408
f 1130/1090/3409 1532/19/1877 1127/1082/1879
f 112/1089/3410 400/9/3410 1532/19/3410
f 1533/17/3411 656/16/3411 176/1092/3411
f 1134/1098/3412 1533/17/3412 1131/1175/3412
f 111/1110/3413 399/12/3413 1533/17/3413
f 1135/1170/1885 1534/15/3414 418/14/1886
f 1138/1107/3415 1534/15/3415 1135/1170/3415
f 127/1504/3416 415/13/3416 1534/15/3416
f 1139/1164/3417 1535/10/3417 399/12/3417
f 383/1615/3418 1142/1616/3418 1535/10/3418
f 1142/1616/3419 173/1542/3419 653/1545/3419
f 1143/1117/3420 1536/7/3420 400/9/3420
f 384/1121/3421 1146/1125/3421 1536/7/3421
f 1146/1125/3422 165/1124/3422 645/532/3422
f 1537/6/3423 652/5/3423 172/1554/3423
f 1150/1133/3424 1537/6/3424 1147/1126/3424
f 166/1617/3425 646/4/3425 1537/6/3425
f 1151/1148/3426 1538/3/3426 414/2/3426
f 386/1139/3427 1154/1143/3427 1538/3/3427
f 1154/1143/3428 123/1142/3428 411/1/3428
