# Blender 5.1.2
# www.blender.org
mtllib shark_teeth.mtl
o Object_7
v 0.140206 -0.172375 -1.011745
v 0.138146 -0.178214 -0.991355
v 0.132919 -0.188689 -0.995965
v 0.009772 -0.200266 -1.119046
v 0.007038 -0.186832 -1.128417
v 0.015206 -0.192970 -1.119876
v 0.004919 -0.204534 -1.119380
v 0.000513 -0.200273 -1.120970
v -0.004056 -0.192851 -1.124193
v -0.041320 -0.163630 -1.133860
v -0.021093 -0.168556 -1.129915
v -0.025435 -0.179597 -1.126034
v -0.021928 -0.161610 -1.132687
v -0.042779 -0.196502 -1.117461
v -0.039892 -0.183085 -1.126830
v -0.037957 -0.200806 -1.117768
v -0.048159 -0.189166 -1.118336
v -0.083364 -0.236031 -1.014573
v -0.085149 -0.226370 -1.020384
v -0.094411 -0.227386 -1.011023
v -0.074787 -0.232308 -1.025612
v -0.096054 -0.223996 -1.021631
v -0.088396 -0.214059 -1.028805
v -0.094255 -0.214126 -1.028352
v -0.111881 -0.201841 -0.995594
v -0.107037 -0.216500 -1.000640
v -0.117752 -0.223018 -0.998866
v -0.107242 -0.204755 -0.997727
v -0.032862 -0.216562 -1.052575
v -0.041442 -0.230223 -1.049994
v -0.037568 -0.218673 -1.049922
v -0.033943 -0.238469 -1.056373
v -0.105147 -0.228037 -1.052310
v -0.107299 -0.217400 -1.058978
v -0.106448 -0.218195 -1.058581
v -0.099350 -0.228348 -1.052797
v 0.073691 -0.221220 -0.995717
v 0.077745 -0.227420 -0.987240
v 0.072243 -0.213619 -0.983211
v 0.070456 -0.211804 -0.988762
v 0.085359 -0.219882 -0.983712
v 0.077293 -0.211078 -0.981557
v 0.082390 -0.237117 -0.990439
v 0.070699 -0.231756 -0.997117
v 0.088207 -0.229713 -0.979823
v -0.127154 -0.214286 -1.008580
v -0.121378 -0.226573 -1.001088
v -0.120803 -0.226772 -1.012492
v -0.125955 -0.215913 -1.013941
v -0.132825 -0.215045 -1.007246
v -0.132528 -0.225347 -1.000554
v -0.032405 -0.219219 -1.047102
v -0.032653 -0.234369 -1.044624
v -0.024885 -0.230734 -1.051882
v -0.027863 -0.219002 -1.050875
v -0.037568 -0.218673 -1.049922
v -0.041442 -0.230223 -1.049994
v -0.032934 -0.245639 -1.043706
v -0.045185 -0.237922 -1.043076
v -0.020342 -0.238751 -1.045442
v -0.108471 -0.205139 -0.991600
v -0.109012 -0.220449 -0.990555
v -0.107037 -0.216500 -1.000640
v -0.107242 -0.204755 -0.997727
v -0.114114 -0.203976 -0.990577
v -0.118761 -0.215034 -0.989176
v -0.128057 -0.206855 -0.953876
v -0.130398 -0.220631 -0.954599
v -0.129641 -0.215959 -0.963670
v -0.127764 -0.205897 -0.959479
v -0.132861 -0.230599 -0.955471
v -0.137733 -0.223348 -0.945380
v -0.124981 -0.224872 -0.964428
v -0.138532 -0.199478 -0.915819
v -0.145259 -0.211737 -0.916903
v -0.143457 -0.206693 -0.925938
v -0.138210 -0.198230 -0.920919
v -0.026796 -0.243122 -1.061563
v -0.027570 -0.237414 -1.071027
v -0.039730 -0.239143 -1.066469
v -0.014886 -0.239931 -1.069309
v -0.059009 -0.245167 -1.048599
v -0.062027 -0.239022 -1.057555
v -0.072004 -0.238826 -1.049032
v -0.050025 -0.243798 -1.059827
v -0.101545 -0.224852 -1.048709
v -0.094063 -0.230829 -1.036397
v -0.092088 -0.235716 -1.046292
v -0.099350 -0.228348 -1.052797
v -0.088967 -0.236049 -1.027818
v -0.102134 -0.230245 -1.026416
v -0.082511 -0.235213 -1.041009
v -0.156950 -0.214517 -0.973894
v -0.161997 -0.215213 -0.971034
v -0.159293 -0.224197 -0.963035
v -0.148618 -0.225145 -0.966397
v -0.143181 -0.233749 -0.961750
v -0.153008 -0.226034 -0.954342
v -0.140584 -0.230478 -0.975267
v -0.156002 -0.195256 -0.924987
v -0.160409 -0.193688 -0.921551
v -0.163075 -0.204187 -0.916305
v -0.155018 -0.210067 -0.921535
v -0.155271 -0.221077 -0.918699
v -0.158597 -0.211156 -0.908834
v -0.151867 -0.216754 -0.932060
v 0.070005 -0.235232 -1.052788
v 0.072169 -0.229332 -1.043254
v 0.080575 -0.225672 -1.055717
v 0.078167 -0.229427 -1.059364
v 0.066314 -0.232949 -1.034108
v 0.060361 -0.233150 -1.047413
v 0.079942 -0.228328 -1.032709
v 0.037896 -0.239018 -1.075984
v 0.041901 -0.234584 -1.066572
v 0.046084 -0.227487 -1.079690
v 0.043130 -0.230859 -1.083321
v 0.039203 -0.240565 -1.057620
v 0.029870 -0.239453 -1.068450
v 0.052126 -0.234137 -1.058440
v 0.030265 -0.245297 -1.033034
v 0.027991 -0.234287 -1.033042
v 0.017513 -0.240611 -1.037892
v 0.040161 -0.235729 -1.028383
v 0.055196 -0.237355 -1.008565
v 0.056943 -0.226741 -1.012387
v 0.046848 -0.231633 -1.019007
v 0.065967 -0.229426 -1.003097
v 0.018910 -0.238175 -1.073631
v 0.015410 -0.228676 -1.080391
v 0.009949 -0.227829 -1.078344
v 0.009333 -0.238672 -1.067946
v 0.009119 -0.247364 -1.060884
v -0.002842 -0.243587 -1.067552
v 0.021478 -0.240275 -1.063245
v 0.128389 -0.224701 -1.003348
v 0.127771 -0.221081 -0.992806
v 0.137507 -0.213456 -1.001765
v 0.136526 -0.216393 -1.006730
v 0.138696 -0.222400 -0.990495
v 0.142555 -0.215030 -0.999291
v 0.121214 -0.227485 -0.985965
v 0.117830 -0.225166 -0.999870
v 0.133263 -0.221684 -0.980837
v 0.105246 -0.232050 -0.919688
v 0.102853 -0.222064 -0.918831
v 0.097461 -0.226265 -0.928690
v 0.110115 -0.224835 -0.909570
v 0.110615 -0.216400 -0.915001
v 0.105302 -0.206757 -0.916078
v 0.100611 -0.208272 -0.918120
v 0.102178 -0.217340 -0.927902
v 0.100357 -0.207264 -0.923721
v 0.115132 -0.217116 -0.926004
v 0.116845 -0.222173 -0.916958
v 0.110203 -0.209864 -0.915913
v 0.109920 -0.208616 -0.921015
v 0.122397 -0.230677 -0.918633
v 0.113617 -0.227005 -0.927821
v 0.124146 -0.223204 -0.907546
v 0.110691 -0.209531 -1.033071
v 0.100313 -0.222046 -1.033247
v 0.105215 -0.210987 -1.034647
v 0.107615 -0.230838 -1.027822
v 0.096573 -0.225561 -1.033564
v 0.132001 -0.191405 -1.010394
v 0.100313 -0.222046 -1.033247
v 0.100861 -0.222180 -1.021869
v 0.106370 -0.209553 -1.028818
v 0.105215 -0.210987 -1.034647
v 0.111980 -0.220755 -1.021247
v 0.112056 -0.210260 -1.027443
v 0.097453 -0.231935 -1.017516
v 0.090988 -0.226660 -1.029408
v 0.108499 -0.224659 -1.011626
v 0.145989 -0.199903 -0.963149
v 0.143664 -0.215551 -0.966886
v 0.142774 -0.203416 -0.966793
v 0.151742 -0.220834 -0.958780
v 0.142518 -0.220225 -0.968713
v 0.128341 -0.197825 -0.999542
v 0.140442 -0.228005 -0.953273
v 0.140119 -0.217141 -0.956602
v 0.136998 -0.224454 -0.966738
v 0.143714 -0.217550 -0.943819
v -0.010980 -0.231117 -1.058035
v -0.003421 -0.232161 -1.049563
v -0.003179 -0.218869 -1.057412
v -0.007665 -0.219890 -1.061306
v 0.122107 -0.196375 -1.017929
v 0.122833 -0.192907 -1.007707
v 0.122852 -0.192812 -1.007699
v 0.124116 -0.186609 -1.022366
v 0.079282 -0.190396 -1.091023
v 0.082635 -0.186904 -1.081254
v 0.082650 -0.186808 -1.081246
v 0.080066 -0.197999 -1.085932
v 0.082611 -0.187092 -1.081269
v 0.124393 -0.204678 -1.003879
v -0.150418 -0.190037 -1.008330
v -0.156011 -0.194914 -1.000197
v -0.152089 -0.201796 -1.004511
v -0.150437 -0.189942 -1.008322
v -0.150396 -0.190226 -1.008345
v -0.149037 -0.201113 -1.013457
v -0.149660 -0.193511 -1.018548
v -0.151571 -0.183730 -1.022996
v -0.135216 -0.185828 -1.044852
v -0.141892 -0.191289 -1.037704
v -0.138310 -0.197716 -1.043280
v -0.135210 -0.186014 -1.044897
v -0.135221 -0.185737 -1.044829
v 0.121666 -0.208483 -1.008450
v -0.112209 -0.179189 -1.070802
v -0.119832 -0.183864 -1.064554
v -0.114982 -0.190821 -1.067931
v -0.112223 -0.179094 -1.070795
v -0.075269 -0.194433 -1.099429
v -0.079048 -0.198832 -1.096936
v -0.083536 -0.181175 -1.105042
v -0.071615 -0.186926 -1.103559
v 0.140991 -0.203239 -0.959637
v 0.143790 -0.193935 -0.955113
v 0.137323 -0.198454 -0.969238
v 0.137313 -0.198549 -0.969246
v 0.138898 -0.210224 -0.965410
v 0.137308 -0.198736 -0.969261
v 0.138181 -0.209491 -0.974827
v 0.139499 -0.201697 -0.979434
v 0.141681 -0.191771 -0.982918
v 0.039595 -0.182689 -1.114252
v 0.049637 -0.188642 -1.103320
v 0.052767 -0.163217 -1.107498
v 0.041771 -0.192425 -1.109800
v -0.163120 -0.196758 -0.969575
v -0.169633 -0.192154 -0.955960
v -0.166877 -0.201529 -0.960473
v -0.163111 -0.196853 -0.969582
v -0.164805 -0.208516 -0.965756
v -0.163107 -0.197089 -0.969601
v -0.164028 -0.207788 -0.975182
v -0.165260 -0.199999 -0.980261
v -0.167353 -0.190006 -0.983753
v 0.004977 -0.188873 -1.119111
v 0.004976 -0.189108 -1.119129
v 0.009772 -0.200266 -1.119046
v 0.000513 -0.200273 -1.120970
v 0.005562 -0.230408 -1.056488
v 0.002033 -0.219444 -1.060295
v 0.141037 -0.171428 -0.992233
v 0.121398 -0.203970 -1.012842
v 0.111252 -0.166750 -1.063990
v 0.124075 -0.170380 -1.049542
v 0.108263 -0.173500 -1.063588
v 0.122107 -0.196375 -1.017929
v 0.106964 -0.184757 -1.058296
v 0.124116 -0.186609 -1.022366
v 0.116261 -0.189445 -1.047730
v 0.129253 -0.168643 -1.027597
v 0.126161 -0.175391 -1.027180
v 0.105574 -0.194527 -1.053844
v 0.149302 -0.176197 -0.949458
v 0.146876 -0.183195 -0.949550
v 0.153431 -0.176636 -0.968437
v 0.146766 -0.196241 -0.969499
v 0.143790 -0.193935 -0.955113
v 0.105559 -0.202122 -1.048755
v 0.140991 -0.203239 -0.959637
v 0.106422 -0.206637 -1.044361
v 0.138898 -0.210224 -0.965410
v 0.109633 -0.202796 -1.040262
v 0.137679 -0.214139 -0.970463
v 0.114049 -0.195948 -1.035925
v 0.138181 -0.209491 -0.974827
v 0.118927 -0.186738 -1.033296
v 0.139499 -0.201697 -0.979434
v 0.141681 -0.191771 -0.982918
v 0.124557 -0.176230 -1.029145
v 0.127270 -0.169405 -1.030512
v 0.144004 -0.180260 -0.987231
v 0.083159 -0.162542 -1.102110
v 0.097906 -0.166033 -1.089553
v 0.080349 -0.169328 -1.101232
v 0.146480 -0.173299 -0.986679
v 0.079936 -0.180625 -1.095464
v 0.025678 -0.165364 -1.126232
v 0.025398 -0.172308 -1.123450
v 0.008652 -0.167384 -1.135438
v 0.090687 -0.185211 -1.086317
v 0.019795 -0.183385 -1.121484
v 0.079282 -0.190396 -1.091023
v 0.080066 -0.197999 -1.085932
v 0.081600 -0.202514 -1.081537
v -0.007397 -0.183233 -1.127718
v 0.085303 -0.198640 -1.077897
v -0.010737 -0.165256 -1.133916
v -0.011634 -0.172160 -1.131609
v 0.090185 -0.191716 -1.074506
v -0.038914 -0.159581 -1.122633
v -0.058388 -0.161482 -1.124737
v -0.058176 -0.168425 -1.121967
v 0.095325 -0.182473 -1.072350
v -0.052666 -0.179511 -1.120430
v -0.037904 -0.185096 -1.117509
v 0.101309 -0.171854 -1.069622
v -0.048159 -0.189166 -1.118336
v 0.103762 -0.165031 -1.070975
v -0.037904 -0.185144 -1.117512
v 0.038331 -0.164589 -1.120912
v 0.057469 -0.167328 -1.118230
v 0.036687 -0.171489 -1.118621
v 0.039595 -0.182689 -1.114252
v 0.053750 -0.186728 -1.111689
v -0.042779 -0.196502 -1.117461
v 0.041771 -0.192425 -1.109800
v 0.045347 -0.199925 -1.106110
v 0.049077 -0.204387 -1.103120
v -0.037900 -0.185379 -1.117531
v 0.053928 -0.200250 -1.102319
v -0.037957 -0.200806 -1.117768
v 0.059622 -0.193113 -1.101743
v -0.033509 -0.196494 -1.119802
v 0.064789 -0.183696 -1.102408
v 0.071000 -0.172859 -1.102511
v 0.072073 -0.165920 -1.105277
v -0.028868 -0.189192 -1.122529
v 0.006211 -0.163318 -1.124239
v 0.025398 -0.172308 -1.123450
v 0.025678 -0.165364 -1.126232
v 0.019795 -0.183385 -1.121484
v -0.025435 -0.179597 -1.126034
v 0.004982 -0.188824 -1.119107
v -0.021093 -0.168556 -1.129915
v -0.021928 -0.161610 -1.132687
v 0.015206 -0.192970 -1.119876
v 0.004919 -0.204534 -1.119380
v -0.028868 -0.189192 -1.122529
v -0.033509 -0.196494 -1.119802
v -0.004056 -0.192851 -1.124193
v -0.052666 -0.179511 -1.120430
v -0.007397 -0.183233 -1.127718
v -0.058388 -0.161482 -1.124737
v -0.058176 -0.168425 -1.121967
v 0.113825 -0.229885 -0.996960
v 0.121704 -0.226548 -1.007289
v 0.116712 -0.234354 -0.998256
v -0.011634 -0.172160 -1.131609
v 0.130027 -0.226269 -0.976626
v 0.132632 -0.230790 -0.978351
v 0.141204 -0.222150 -0.982802
v -0.010737 -0.165256 -1.133916
v -0.003384 -0.249326 -1.064194
v -0.004838 -0.242513 -1.075788
v -0.001983 -0.252768 -1.068256
v -0.167578 -0.171179 -0.968082
v -0.169565 -0.178479 -0.988079
v -0.171990 -0.171538 -0.987067
v 0.022093 -0.246046 -1.059539
v 0.023084 -0.249572 -1.063581
v 0.025839 -0.238748 -1.069980
v -0.079549 -0.231136 -1.030735
v -0.076185 -0.230667 -1.033534
v -0.077181 -0.241428 -1.026410
v -0.091797 -0.234980 -1.026361
v -0.163586 -0.212441 -0.970802
v -0.082972 -0.227323 -1.031371
v -0.092029 -0.214013 -1.033559
v -0.086589 -0.216105 -1.033724
v -0.172670 -0.181391 -0.950415
v -0.089312 -0.202625 -1.035415
v -0.175043 -0.174377 -0.950337
v -0.089877 -0.201675 -1.034857
v 0.038331 -0.164589 -1.120912
v 0.036687 -0.171489 -1.118621
v -0.073770 -0.238763 -1.022840
v -0.076185 -0.230667 -1.033534
v 0.049632 -0.188689 -1.103324
v -0.094287 -0.233551 -1.007751
v 0.045347 -0.199925 -1.106110
v -0.100856 -0.224456 -1.015044
v 0.049617 -0.188926 -1.103342
v -0.097744 -0.226562 -1.017127
v 0.049077 -0.204387 -1.103120
v 0.053928 -0.200250 -1.102319
v -0.090580 -0.202326 -1.034438
v 0.059622 -0.193113 -1.101743
v -0.089877 -0.201675 -1.034857
v -0.089312 -0.202625 -1.035415
v 0.064789 -0.183696 -1.102408
v -0.086589 -0.216105 -1.033724
v -0.082972 -0.227323 -1.031371
v 0.071000 -0.172859 -1.102511
v 0.072073 -0.165920 -1.105277
v -0.079549 -0.231136 -1.030735
v 0.141962 -0.172897 -0.967241
v 0.146480 -0.173299 -0.986679
v 0.144004 -0.180260 -0.987231
v 0.112495 -0.230681 -0.910069
v 0.116391 -0.229609 -0.913277
v 0.114253 -0.218599 -0.909479
v 0.137679 -0.214139 -0.970463
v -0.130987 -0.238157 -0.991226
v -0.127915 -0.235600 -1.006638
v -0.123053 -0.240343 -1.001346
v -0.112897 -0.240346 -1.009374
v -0.116983 -0.230222 -1.012779
v -0.114136 -0.229241 -1.015999
v 0.146876 -0.183195 -0.949550
v 0.149302 -0.176197 -0.949458
v -0.131465 -0.214515 -1.012882
v -0.120803 -0.226772 -1.012492
v -0.125955 -0.215913 -1.013941
v -0.082406 -0.157637 -1.101319
v -0.066325 -0.166028 -1.112350
v -0.067905 -0.159153 -1.114190
v -0.130228 -0.202832 -1.014239
v -0.069342 -0.177241 -1.107538
v -0.130845 -0.201928 -1.013685
v -0.079491 -0.183121 -1.096649
v -0.131360 -0.202712 -1.012814
v -0.071615 -0.186926 -1.103559
v -0.132825 -0.215045 -1.007246
v -0.079481 -0.183168 -1.096653
v -0.075269 -0.194433 -1.099429
v -0.079473 -0.183405 -1.096671
v -0.132528 -0.225347 -1.000554
v -0.079048 -0.198832 -1.096936
v -0.083873 -0.194695 -1.095673
v -0.133292 -0.228205 -0.996536
v -0.089517 -0.187516 -1.095130
v -0.136250 -0.226564 -0.994029
v 0.099261 -0.232207 -0.929677
v 0.098345 -0.220447 -0.932930
v 0.103373 -0.231130 -0.932421
v -0.094610 -0.178062 -1.095839
v 0.020948 -0.247235 -1.043665
v 0.015358 -0.235466 -1.044096
v 0.019533 -0.235840 -1.042682
v 0.044244 -0.242166 -1.034151
v 0.033312 -0.244748 -1.040574
v 0.033082 -0.236850 -1.044159
v -0.100738 -0.167142 -1.096436
v 0.040534 -0.231294 -1.034161
v 0.043828 -0.229351 -1.032087
v -0.101740 -0.160232 -1.098748
v -0.067905 -0.159153 -1.114190
v -0.066325 -0.166028 -1.112350
v -0.087078 -0.161750 -1.111604
v 0.036937 -0.228058 -1.035788
v -0.069342 -0.177241 -1.107538
v 0.026766 -0.215946 -1.039995
v 0.030915 -0.217504 -1.035848
v 0.023194 -0.206310 -1.033947
v -0.083873 -0.194695 -1.095673
v 0.022187 -0.205653 -1.034371
v -0.089517 -0.187516 -1.095130
v 0.021736 -0.206599 -1.034932
v -0.094610 -0.178062 -1.095839
v 0.022071 -0.219405 -1.039832
v -0.101740 -0.160232 -1.098748
v -0.100738 -0.167142 -1.096436
v 0.021840 -0.231283 -1.042280
v -0.118067 -0.153819 -1.072641
v -0.109678 -0.161633 -1.090766
v -0.112432 -0.154826 -1.091660
v -0.109380 -0.172896 -1.085471
v -0.108826 -0.182663 -1.080535
v -0.109696 -0.190257 -1.075448
v -0.112191 -0.179377 -1.070817
v 0.112808 -0.219767 -0.912913
v -0.111292 -0.194772 -1.071539
v 0.112256 -0.222321 -0.924988
v 0.111260 -0.230152 -0.923774
v -0.124916 -0.174666 -1.061957
v 0.101074 -0.221173 -0.930133
v -0.130837 -0.164003 -1.059263
v 0.102178 -0.217340 -0.927902
v -0.133235 -0.157162 -1.060630
v 0.103807 -0.204416 -0.920612
v -0.112432 -0.154826 -1.091660
v -0.109678 -0.161633 -1.090766
v -0.127276 -0.158206 -1.079173
v -0.120219 -0.177392 -1.075907
v -0.109380 -0.172896 -1.085471
v 0.100357 -0.207264 -0.923721
v -0.108826 -0.182663 -1.080535
v -0.109696 -0.190257 -1.075448
v -0.111292 -0.194772 -1.071539
v 0.096797 -0.196923 -0.917612
v -0.114982 -0.190821 -1.067931
v 0.096801 -0.196249 -0.916613
v -0.119832 -0.183864 -1.064554
v 0.097611 -0.196859 -0.916186
v -0.124916 -0.174666 -1.061957
v 0.105302 -0.206757 -0.916078
v 0.110615 -0.216400 -0.915001
v -0.130837 -0.164003 -1.059263
v -0.133235 -0.157162 -1.060630
v -0.139339 -0.160283 -1.041415
v -0.134955 -0.165287 -1.061754
v -0.137293 -0.158320 -1.060942
v -0.134558 -0.177319 -1.058368
v -0.090580 -0.202326 -1.034438
v -0.133957 -0.187763 -1.055580
v -0.094255 -0.214126 -1.028352
v -0.134493 -0.196052 -1.051755
v -0.096054 -0.223996 -1.021631
v -0.135630 -0.201118 -1.048087
v -0.097744 -0.226562 -1.017127
v -0.097363 -0.236359 -1.011333
v -0.100856 -0.224456 -1.015044
v -0.145771 -0.182224 -1.033420
v -0.088347 -0.239940 -1.020152
v -0.150211 -0.172061 -1.027394
v 0.045895 -0.238389 -1.018163
v 0.048430 -0.228398 -1.026305
v 0.049450 -0.240328 -1.021648
v -0.152301 -0.164891 -1.027534
v -0.123678 -0.229919 -0.985736
v -0.115942 -0.231076 -0.996245
v -0.137293 -0.158320 -1.060942
v -0.134955 -0.165287 -1.061754
v -0.149889 -0.163073 -1.046618
v -0.121158 -0.218707 -0.986651
v -0.134558 -0.177319 -1.058368
v -0.118761 -0.215034 -0.989176
v -0.143884 -0.182801 -1.048217
v -0.133957 -0.187763 -1.055580
v -0.114114 -0.203976 -0.990577
v -0.134493 -0.196052 -1.051755
v -0.107139 -0.192113 -0.990944
v -0.135630 -0.201118 -1.048087
v 0.128326 -0.227934 -0.908406
v 0.131810 -0.225395 -0.911025
v 0.126009 -0.216009 -0.906917
v -0.138310 -0.197716 -1.043280
v -0.106266 -0.191416 -0.991359
v -0.141892 -0.191289 -1.037704
v -0.106008 -0.192272 -0.991895
v -0.145771 -0.182224 -1.033420
v -0.104849 -0.220722 -1.002895
v -0.150211 -0.172061 -1.027394
v -0.105583 -0.232109 -1.003884
v -0.152301 -0.164891 -1.027534
v -0.101453 -0.219920 -1.005188
v -0.157112 -0.164774 -1.008749
v -0.153505 -0.172499 -1.027822
v -0.156544 -0.165726 -1.028256
v -0.123567 -0.217194 -0.983214
v 0.089033 -0.223217 -0.982571
v 0.091114 -0.222140 -0.978680
v 0.095035 -0.232495 -0.985730
v -0.149364 -0.205621 -1.009067
v 0.086058 -0.224090 -0.995926
v 0.085359 -0.219882 -0.983712
v 0.074069 -0.208347 -0.985599
v -0.160541 -0.185744 -0.996646
v 0.077293 -0.211078 -0.981557
v 0.066916 -0.202765 -0.978019
v -0.165715 -0.175230 -0.992066
v 0.065837 -0.202298 -0.978459
v -0.168550 -0.168423 -0.992960
v 0.065791 -0.202875 -0.979464
v -0.156544 -0.165726 -1.028256
v -0.153505 -0.172499 -1.027822
v -0.167615 -0.169376 -1.012468
v -0.151571 -0.183730 -1.022996
v -0.159560 -0.188467 -1.011070
v 0.070456 -0.211804 -0.988762
v -0.149660 -0.193511 -1.018548
v 0.072803 -0.225064 -0.998904
v 0.073691 -0.221220 -0.995717
v -0.149037 -0.201113 -1.013457
v 0.077029 -0.234550 -1.003981
v -0.149364 -0.205621 -1.009067
v 0.069107 -0.224611 -1.001250
v -0.152089 -0.201796 -1.004511
v 0.087173 -0.232787 -0.995736
v -0.156011 -0.194914 -1.000197
v -0.160541 -0.185744 -0.996646
v 0.065885 -0.236126 -1.001305
v 0.069111 -0.238116 -1.005273
v 0.072459 -0.225642 -1.006540
v -0.046358 -0.245375 -1.048950
v -0.033772 -0.246118 -1.051811
v -0.165715 -0.175230 -0.992066
v 0.117316 -0.231880 -0.929172
v 0.112772 -0.220799 -0.931555
v 0.120979 -0.229336 -0.931313
v -0.168550 -0.168423 -0.992960
v -0.044736 -0.233964 -1.049374
v -0.171990 -0.171538 -0.987067
v -0.169565 -0.178479 -0.988079
v -0.179072 -0.174784 -0.969339
v -0.172543 -0.194438 -0.970363
v -0.167353 -0.190006 -0.983753
v -0.165260 -0.199999 -0.980261
v -0.032787 -0.206099 -1.046922
v -0.164028 -0.207788 -0.975182
v -0.031934 -0.205302 -1.046850
v -0.163586 -0.212441 -0.970802
v -0.031184 -0.206111 -1.047395
v -0.164805 -0.208516 -0.965756
v -0.027863 -0.219002 -1.050875
v -0.166877 -0.201529 -0.960473
v -0.024885 -0.230734 -1.051882
v -0.169633 -0.192154 -0.955960
v -0.021704 -0.234781 -1.051267
v -0.020806 -0.246207 -1.051314
v -0.175043 -0.174377 -0.950337
v -0.172670 -0.181391 -0.950415
v -0.017522 -0.233626 -1.051631
v 0.088692 -0.161576 -1.083073
v 0.083159 -0.162542 -1.102110
v 0.080349 -0.169328 -1.101232
v 0.079936 -0.180625 -1.095464
v -0.048750 -0.232619 -1.048315
v 0.018700 -0.247399 -1.038954
v 0.042387 -0.242280 -1.028943
v 0.081600 -0.202514 -1.081537
v 0.028059 -0.243941 -1.063635
v 0.030311 -0.241295 -1.076205
v 0.030324 -0.248440 -1.065436
v 0.085303 -0.198640 -1.077897
v 0.090185 -0.191716 -1.074506
v 0.051325 -0.238390 -1.053124
v 0.053214 -0.242987 -1.055412
v 0.058285 -0.234654 -1.063689
v 0.056646 -0.236220 -1.042482
v 0.062479 -0.236682 -1.054356
v 0.058603 -0.241310 -1.042917
v 0.095325 -0.182473 -1.072350
v -0.020035 -0.245671 -1.046041
v 0.077114 -0.231207 -1.027280
v 0.078735 -0.236391 -1.027725
v 0.087091 -0.230610 -1.036212
v 0.101309 -0.171854 -1.069622
v -0.068915 -0.239330 -1.031414
v -0.057596 -0.234667 -1.041886
v -0.058062 -0.242463 -1.037816
v 0.103762 -0.165031 -1.070975
v -0.064886 -0.228585 -1.031889
v 0.114091 -0.165809 -1.044487
v 0.111252 -0.166750 -1.063990
v 0.108263 -0.173500 -1.063588
v -0.050665 -0.213866 -1.038165
v -0.061193 -0.225478 -1.033981
v -0.054866 -0.215119 -1.034481
v 0.106964 -0.184757 -1.058296
v -0.046817 -0.204082 -1.033036
v 0.107551 -0.190968 -1.043610
v 0.107381 -0.231011 -1.008866
v 0.110716 -0.233798 -1.012411
v 0.115717 -0.222046 -1.014705
v 0.105574 -0.194527 -1.053844
v -0.045789 -0.203520 -1.032984
v 0.107537 -0.191061 -1.043618
v 0.105559 -0.202122 -1.048755
v 0.107512 -0.191250 -1.043633
v -0.045366 -0.204470 -1.033528
v 0.106422 -0.206637 -1.044361
v -0.046077 -0.217454 -1.037984
v 0.109633 -0.202796 -1.040262
v -0.046197 -0.229421 -1.039962
v 0.114049 -0.195948 -1.035925
v -0.044025 -0.234042 -1.040356
v -0.045772 -0.245370 -1.040880
v 0.118927 -0.186738 -1.033296
v -0.039835 -0.233839 -1.041757
v 0.124557 -0.176230 -1.029145
v -0.068124 -0.226437 -1.030295
v 0.127270 -0.169405 -1.030512
v -0.067062 -0.239273 -1.026658
v 0.129716 -0.167695 -1.008087
v 0.129253 -0.168643 -1.027597
v 0.126161 -0.175391 -1.027180
v -0.043532 -0.245457 -1.036134
v -0.152703 -0.223602 -0.931238
v -0.158024 -0.223884 -0.932698
v -0.155769 -0.212208 -0.937844
v -0.094287 -0.233551 -1.007751
v 0.121398 -0.203970 -1.012842
v -0.163262 -0.221268 -0.921099
v -0.166623 -0.213721 -0.923784
v 0.122808 -0.193096 -1.007722
v -0.164945 -0.218180 -0.908508
v 0.121666 -0.208483 -1.008450
v -0.163651 -0.207281 -0.912306
v 0.124393 -0.204678 -1.003879
v -0.161012 -0.192491 -0.927136
v -0.163075 -0.204187 -0.916305
v -0.160409 -0.193688 -0.921551
v -0.155088 -0.182266 -0.927187
v 0.128341 -0.197825 -0.999542
v 0.132919 -0.188689 -0.995965
v -0.154540 -0.181668 -0.928073
v -0.154655 -0.182616 -0.928634
v 0.138146 -0.178214 -0.991355
v -0.157778 -0.195842 -0.930745
v 0.141037 -0.171428 -0.992233
v -0.158590 -0.207934 -0.931795
v -0.046012 -0.244790 -1.043674
v -0.013917 -0.244230 -1.063514
v -0.014545 -0.248966 -1.066300
v -0.012474 -0.241547 -1.077024
v -0.157415 -0.212481 -0.934081
v -0.071011 -0.243179 -1.043719
v -0.078317 -0.239293 -1.054317
v -0.072929 -0.247714 -1.046013
v -0.074579 -0.241203 -1.055411
v 0.089074 -0.233070 -1.027597
v 0.093709 -0.224560 -1.036800
v 0.092714 -0.235850 -1.030677
v -0.054202 -0.245780 -1.065235
v -0.050688 -0.245503 -1.068037
v -0.050321 -0.252836 -1.057296
v -0.065861 -0.250557 -1.059999
v -0.164226 -0.205205 -0.908336
v -0.058283 -0.243302 -1.067407
v -0.069537 -0.234432 -1.075197
v -0.063793 -0.235053 -1.074292
v -0.159737 -0.217758 -0.907037
v -0.069104 -0.224120 -1.080944
v -0.073770 -0.238763 -1.022840
v -0.069895 -0.223270 -1.080873
v -0.137617 -0.236360 -0.973135
v -0.141581 -0.239891 -0.974512
v -0.145314 -0.230106 -0.982206
v -0.070519 -0.223819 -1.079982
v -0.119976 -0.230024 -0.981941
v -0.072377 -0.233177 -1.069888
v -0.149223 -0.238834 -0.963866
v -0.155680 -0.235185 -0.968574
v -0.072932 -0.240002 -1.060048
v -0.154371 -0.235248 -0.952666
v -0.158708 -0.226423 -0.958760
v -0.162228 -0.215507 -0.976751
v -0.159293 -0.224197 -0.963035
v -0.161997 -0.215213 -0.971034
v 0.091943 -0.235158 -0.981702
v -0.062303 -0.251875 -1.052042
v -0.163016 -0.203881 -0.978454
v -0.162765 -0.203238 -0.979534
v -0.039893 -0.243350 -1.061147
v -0.043707 -0.240539 -1.073722
v -0.040097 -0.248133 -1.063935
v -0.162227 -0.204152 -0.979833
v -0.048024 -0.248349 -1.055005
v -0.157135 -0.216970 -0.979224
v -0.145733 -0.221440 -0.929119
v -0.149364 -0.218870 -0.931281
v -0.141093 -0.210392 -0.931475
v -0.151008 -0.227192 -0.977146
v -0.099844 -0.234084 -1.021054
v -0.109329 -0.231439 -1.029856
v -0.101928 -0.238937 -1.022422
v -0.105769 -0.233306 -1.031439
v -0.147171 -0.230599 -0.978324
v -0.087574 -0.237881 -1.045047
v -0.084658 -0.237653 -1.048332
v -0.081741 -0.244007 -1.037499
v -0.097661 -0.242630 -1.037431
v -0.092088 -0.235716 -1.046292
v -0.160968 -0.224371 -0.955364
v -0.150615 -0.231633 -0.950826
v -0.101579 -0.232310 -1.000097
v -0.003487 -0.242392 -1.044763
v 0.008984 -0.235277 -1.046943
v 0.073636 -0.237263 -1.000436
v -0.015843 -0.236345 -1.049488
v -0.109328 -0.237404 -1.006258
v -0.016351 -0.242942 -1.047211
v -0.144023 -0.228123 -0.949127
v -0.139773 -0.220865 -0.960814
v -0.138837 -0.228656 -0.959590
v -0.018433 -0.233518 -1.056834
v -0.140369 -0.218306 -0.948743
v 0.009605 -0.241830 -1.044672
v -0.131211 -0.203023 -0.956390
v -0.138138 -0.214917 -0.951278
v -0.132748 -0.205306 -0.951861
v 0.012769 -0.232224 -1.053309
v -0.124988 -0.195466 -0.951924
v 0.008731 -0.233723 -1.053929
v -0.124167 -0.194909 -0.952350
v -0.124162 -0.195535 -0.953346
v -0.127764 -0.205897 -0.959479
v -0.002402 -0.206614 -1.062049
v -0.129641 -0.215959 -0.963670
v -0.003234 -0.205772 -1.062441
v -0.004003 -0.206664 -1.062521
v -0.128547 -0.219712 -0.966366
v -0.130913 -0.229740 -0.968197
v -0.014286 -0.234657 -1.056442
v -0.125798 -0.219048 -0.968672
v 0.144897 -0.224010 -0.941539
v 0.150107 -0.224479 -0.943459
v 0.149301 -0.211506 -0.943755
v 0.010002 -0.244296 -1.049617
v -0.002556 -0.245745 -1.052634
v -0.002101 -0.240146 -1.059252
v -0.141829 -0.217081 -0.945313
v 0.008731 -0.233723 -1.053929
v -0.140153 -0.229222 -0.945897
v 0.005562 -0.230408 -1.056488
v -0.002574 -0.218341 -1.063528
v 0.002033 -0.219444 -1.060295
v -0.127725 -0.235120 -0.988102
v -0.002402 -0.206614 -1.062049
v -0.126818 -0.230807 -0.965903
v -0.003234 -0.205772 -1.062441
v -0.079328 -0.239297 -1.036129
v -0.004003 -0.206664 -1.062521
v -0.160281 -0.214847 -0.911055
v -0.154489 -0.208348 -0.922803
v -0.156079 -0.216089 -0.922060
v -0.007665 -0.219890 -1.061306
v -0.153621 -0.206823 -0.910338
v -0.010980 -0.231117 -1.058035
v -0.140379 -0.194608 -0.917776
v -0.150533 -0.204095 -0.912943
v -0.142355 -0.196702 -0.913217
v -0.131822 -0.189883 -0.913548
v -0.014286 -0.234657 -1.056442
v -0.130880 -0.189563 -0.913980
v -0.015529 -0.245361 -1.052164
v -0.131140 -0.190133 -0.914508
v -0.018433 -0.233518 -1.056834
v -0.138210 -0.198230 -0.920919
v -0.143457 -0.206693 -0.925938
v 0.012769 -0.232224 -1.053309
v 0.137877 -0.231218 -0.965889
v 0.140863 -0.220180 -0.972983
v 0.143198 -0.231578 -0.966859
v 0.137877 -0.231218 -0.965889
v -0.143784 -0.210441 -0.928637
v 0.140863 -0.220180 -0.972983
v 0.144897 -0.224010 -0.941539
v 0.149301 -0.211506 -0.943755
v -0.154434 -0.205505 -0.906913
v 0.148740 -0.213853 -0.947288
v -0.156831 -0.217363 -0.908412
v -0.092534 -0.243168 -1.030342
v 0.148140 -0.210949 -0.951770
v 0.140998 -0.202536 -0.961020
v 0.145398 -0.200765 -0.957539
v -0.105165 -0.232436 -1.036571
v -0.107017 -0.226408 -1.046966
v 0.140000 -0.189732 -0.963720
v -0.107711 -0.217896 -1.057604
v 0.139448 -0.189179 -0.964614
v 0.139568 -0.190174 -0.965178
v 0.083414 -0.232263 -1.037785
v 0.142774 -0.203416 -0.966793
v 0.074568 -0.241506 -1.042406
v 0.069209 -0.240597 -1.035702
v 0.143664 -0.215551 -0.966886
v 0.065261 -0.236789 -1.051041
v 0.142518 -0.220225 -0.968713
v 0.083952 -0.229630 -1.058885
v 0.070005 -0.235232 -1.052788
v 0.078167 -0.229427 -1.059364
v 0.086433 -0.220897 -1.066196
v 0.087368 -0.220155 -1.066591
v 0.148432 -0.228254 -0.955642
v 0.087698 -0.220560 -1.065207
v 0.148740 -0.213853 -0.947288
v 0.085814 -0.227591 -1.053493
v 0.148140 -0.210949 -0.951770
v 0.145398 -0.200765 -0.957539
v 0.083050 -0.232042 -1.042513
v 0.140000 -0.189732 -0.963720
v 0.139448 -0.189179 -0.964614
v 0.139568 -0.190174 -0.965178
v 0.072803 -0.225064 -0.998904
v 0.069107 -0.224611 -1.001250
v 0.065791 -0.202875 -0.979464
v 0.065837 -0.202298 -0.978459
v 0.066916 -0.202765 -0.978019
v 0.089074 -0.233070 -1.027597
v 0.093709 -0.224560 -1.036800
v 0.089033 -0.223217 -0.982571
v 0.107381 -0.231011 -1.008866
v 0.115717 -0.222046 -1.014705
v 0.091114 -0.222140 -0.978680
v 0.112804 -0.223714 -1.017232
v 0.091943 -0.235158 -0.981702
v 0.073636 -0.237263 -1.000436
v 0.110319 -0.197729 -1.033004
v 0.109790 -0.196938 -1.033878
v -0.128979 -0.228899 -0.990895
v -0.133292 -0.228205 -0.996536
v -0.136250 -0.226564 -0.994029
v 0.109192 -0.197879 -1.033961
v -0.111386 -0.231034 -1.008562
v -0.114136 -0.229241 -1.015999
v -0.116983 -0.230222 -1.012779
v 0.096573 -0.225561 -1.033564
v -0.130228 -0.202832 -1.014239
v -0.130845 -0.201928 -1.013685
v 0.102853 -0.235875 -1.022586
v -0.131360 -0.202712 -1.012814
v 0.112804 -0.223714 -1.017232
v 0.111980 -0.220755 -1.021247
v 0.112056 -0.210260 -1.027443
v -0.117756 -0.236112 -0.996216
v 0.110319 -0.197729 -1.033004
v -0.127725 -0.235120 -0.988102
v 0.109790 -0.196938 -1.033878
v 0.109192 -0.197879 -1.033961
v -0.109328 -0.237404 -1.006258
v -0.017522 -0.233626 -1.051631
v -0.021704 -0.234781 -1.051267
v 0.117316 -0.231880 -0.929172
v -0.031184 -0.206111 -1.047395
v 0.112772 -0.220799 -0.931555
v -0.031934 -0.205302 -1.046850
v 0.128326 -0.227934 -0.908406
v -0.032787 -0.206099 -1.046922
v 0.126009 -0.216009 -0.906917
v 0.125211 -0.217323 -0.910348
v -0.044736 -0.233964 -1.049374
v 0.122151 -0.214612 -0.912495
v -0.048750 -0.232619 -1.048315
v -0.046012 -0.244790 -1.043674
v 0.114032 -0.207118 -0.913290
v 0.103553 -0.200219 -0.913680
v -0.020035 -0.245671 -1.046041
v 0.102615 -0.199895 -0.914118
v 0.102874 -0.200465 -0.914644
v -0.042143 -0.238639 -1.035538
v -0.039835 -0.233839 -1.041757
v -0.044025 -0.234042 -1.040356
v -0.052435 -0.231908 -1.030719
v 0.115447 -0.220866 -0.928701
v -0.046197 -0.229421 -1.039962
v -0.049420 -0.216956 -1.033205
v -0.046077 -0.217454 -1.037984
v 0.127661 -0.226606 -0.922055
v 0.126133 -0.218853 -0.922806
v -0.045366 -0.204470 -1.033528
v 0.125211 -0.217323 -0.910348
v -0.045789 -0.203520 -1.032984
v 0.122151 -0.214612 -0.912495
v 0.112097 -0.205054 -0.917863
v 0.114032 -0.207118 -0.913290
v -0.046817 -0.204082 -1.033036
v 0.103553 -0.200219 -0.913680
v -0.054866 -0.215119 -1.034481
v 0.102615 -0.199895 -0.914118
v -0.061193 -0.225478 -1.033981
v 0.102874 -0.200465 -0.914644
v 0.109920 -0.208616 -0.921015
v -0.064886 -0.228585 -1.031889
v 0.115132 -0.217116 -0.926004
v -0.064649 -0.232788 -1.026088
v 0.115447 -0.220866 -0.928701
v -0.068124 -0.226437 -1.030295
v -0.067062 -0.239273 -1.026658
v -0.055033 -0.242845 -1.030257
v 0.099261 -0.232207 -0.929677
v 0.098345 -0.220447 -0.932930
v -0.043532 -0.245457 -1.036134
v 0.097611 -0.196859 -0.916186
v 0.096801 -0.196249 -0.916613
v -0.100696 -0.225440 -0.999499
v -0.101453 -0.219920 -1.005188
v -0.104849 -0.220722 -1.002895
v 0.096797 -0.196923 -0.917612
v 0.112808 -0.219767 -0.912913
v -0.106008 -0.192272 -0.991895
v -0.106266 -0.191416 -0.991359
v 0.114253 -0.218599 -0.909479
v -0.107139 -0.192113 -0.990944
v 0.112495 -0.230681 -0.910069
v -0.121158 -0.218707 -0.986651
v 0.101074 -0.221173 -0.930133
v -0.118288 -0.223307 -0.981832
v -0.123567 -0.217194 -0.983214
v -0.119976 -0.230024 -0.981941
v 0.113825 -0.229885 -0.996960
v -0.110123 -0.231675 -0.990113
v 0.121704 -0.226548 -1.007289
v 0.130027 -0.226269 -0.976626
v 0.141204 -0.222150 -0.982802
v -0.101579 -0.232310 -1.000097
v 0.138191 -0.223877 -0.985525
v -0.125798 -0.219048 -0.968672
v -0.128547 -0.219712 -0.966366
v 0.145229 -0.205175 -1.008447
v 0.145039 -0.204564 -1.009394
v -0.124162 -0.195535 -0.953346
v 0.144241 -0.205375 -1.009689
v -0.124167 -0.194909 -0.952350
v -0.124988 -0.195466 -0.951924
v 0.123855 -0.227099 -1.003340
v -0.132748 -0.205306 -0.951861
v -0.138138 -0.214917 -0.951278
v 0.125581 -0.234157 -0.988411
v 0.132111 -0.232638 -0.994062
v -0.140369 -0.218306 -0.948743
v 0.138191 -0.223877 -0.985525
v 0.138696 -0.222400 -0.990495
v 0.142036 -0.215990 -1.004921
v 0.142555 -0.215030 -0.999291
v -0.141829 -0.217081 -0.945313
v 0.145229 -0.205175 -1.008447
v -0.140153 -0.229222 -0.945897
v 0.145039 -0.204564 -1.009394
v 0.144241 -0.205375 -1.009689
v -0.126818 -0.230807 -0.965903
v 0.136526 -0.216393 -1.006730
v 0.128389 -0.224701 -1.003348
v -0.142005 -0.216546 -0.927743
v -0.141093 -0.210392 -0.931475
v -0.143784 -0.210441 -0.928637
v 0.123855 -0.227099 -1.003340
v -0.131140 -0.190133 -0.914508
v -0.130880 -0.189563 -0.913980
v -0.003384 -0.249326 -1.064194
v -0.131822 -0.189883 -0.913548
v -0.004838 -0.242513 -1.075788
v -0.142355 -0.196702 -0.913217
v 0.022093 -0.246046 -1.059539
v -0.150533 -0.204095 -0.912943
v 0.025839 -0.238748 -1.069980
v 0.021955 -0.240698 -1.070163
v -0.153621 -0.206823 -0.910338
v -0.152620 -0.212673 -0.907992
v -0.154434 -0.205505 -0.906913
v 0.010708 -0.216797 -1.086032
v -0.156831 -0.217363 -0.908412
v 0.009858 -0.216048 -1.086458
v -0.150865 -0.220199 -0.918608
v 0.009204 -0.217241 -1.086074
v 0.005852 -0.229747 -1.082319
v 0.002652 -0.240184 -1.076745
v -0.145733 -0.221440 -0.929119
v -0.000659 -0.243498 -1.074432
v 0.009605 -0.241830 -1.044672
v -0.039564 -0.241725 -1.073335
v -0.028285 -0.249351 -1.074437
v 0.010948 -0.252449 -1.067149
v 0.011903 -0.248614 -1.074885
v -0.029353 -0.233758 -1.090165
v -0.036632 -0.240144 -1.077457
v -0.033877 -0.233086 -1.086792
v 0.021955 -0.240698 -1.070163
v -0.030361 -0.223300 -1.095889
v 0.018910 -0.238175 -1.073631
v 0.011112 -0.228569 -1.084430
v 0.015410 -0.228676 -1.080391
v -0.029592 -0.222698 -1.096312
v 0.010708 -0.216797 -1.086032
v -0.028760 -0.223401 -1.095893
v 0.009858 -0.216048 -1.086458
v -0.024172 -0.233371 -1.087741
v 0.009204 -0.217241 -1.086074
v -0.020072 -0.240697 -1.078871
v 0.005852 -0.229747 -1.082319
v -0.016530 -0.242501 -1.075701
v 0.002652 -0.240184 -1.076745
v -0.000659 -0.243498 -1.074432
v -0.027452 -0.250229 -1.065972
v 0.045895 -0.238389 -1.018163
v -0.016351 -0.242942 -1.047211
v 0.048430 -0.228398 -1.026305
v -0.016530 -0.242501 -1.075701
v -0.020072 -0.240697 -1.078871
v 0.065885 -0.236126 -1.001305
v -0.028728 -0.230780 -1.085158
v 0.072459 -0.225642 -1.006540
v -0.012474 -0.241547 -1.077024
v 0.069450 -0.227310 -1.009068
v -0.039893 -0.243350 -1.061147
v 0.067824 -0.224012 -1.012578
v -0.043707 -0.240539 -1.073722
v 0.060162 -0.212869 -1.018279
v -0.039564 -0.241725 -1.073335
v 0.066003 -0.212972 -1.017329
v 0.062253 -0.200267 -1.020972
v -0.036632 -0.240144 -1.077457
v 0.061558 -0.199471 -1.021383
v 0.061022 -0.200415 -1.021943
v -0.033877 -0.233086 -1.086792
v 0.058535 -0.213827 -1.023591
v -0.030361 -0.223300 -1.095889
v 0.055079 -0.225467 -1.023178
v -0.029592 -0.222698 -1.096312
v -0.028760 -0.223401 -1.095893
v 0.051727 -0.229320 -1.024001
v -0.024172 -0.233371 -1.087741
v -0.013917 -0.244230 -1.063514
v 0.060405 -0.240040 -1.014469
v 0.063919 -0.233869 -1.019610
v 0.069450 -0.227310 -1.009068
v -0.050688 -0.245503 -1.068037
v -0.054202 -0.245780 -1.065235
v 0.067824 -0.224012 -1.012578
v 0.063926 -0.211816 -1.022922
v -0.058283 -0.243302 -1.067407
v 0.066003 -0.212972 -1.017329
v -0.066660 -0.231839 -1.070231
v 0.062253 -0.200267 -1.020972
v -0.063793 -0.235053 -1.074292
v 0.061558 -0.199471 -1.021383
v -0.069104 -0.224120 -1.080944
v 0.061022 -0.200415 -1.021943
v -0.069895 -0.223270 -1.080873
v 0.058535 -0.213827 -1.023591
v -0.070519 -0.223819 -1.079982
v 0.055079 -0.225467 -1.023178
v -0.072377 -0.233177 -1.069888
v -0.072932 -0.240002 -1.060048
v 0.051727 -0.229320 -1.024001
v -0.074579 -0.241203 -1.055411
v -0.078317 -0.239293 -1.054317
v -0.071011 -0.243179 -1.043719
v 0.018700 -0.247399 -1.038954
v 0.015358 -0.235466 -1.044096
v -0.048024 -0.248349 -1.055005
v 0.042387 -0.242280 -1.028943
v 0.043828 -0.229351 -1.032087
v -0.084658 -0.237653 -1.048332
v -0.087574 -0.237881 -1.045047
v 0.040534 -0.231294 -1.034161
v 0.036937 -0.228058 -1.035788
v -0.106448 -0.218195 -1.058581
v 0.025422 -0.219214 -1.035058
v -0.107299 -0.217400 -1.058978
v 0.030915 -0.217504 -1.035848
v -0.107711 -0.217896 -1.057604
v 0.023194 -0.206310 -1.033947
v -0.107017 -0.226408 -1.046966
v 0.022187 -0.205653 -1.034371
v -0.105165 -0.232436 -1.036571
v 0.021736 -0.206599 -1.034932
v 0.022071 -0.219405 -1.039832
v -0.105769 -0.233306 -1.031439
v 0.021840 -0.231283 -1.042280
v -0.109329 -0.231439 -1.029856
v 0.019533 -0.235840 -1.042682
v -0.099844 -0.234084 -1.021054
v -0.079328 -0.239297 -1.036129
v 0.028059 -0.243941 -1.063635
v 0.030311 -0.241295 -1.076205
v -0.145314 -0.230106 -0.982206
v -0.147171 -0.230599 -0.978324
v 0.051325 -0.238390 -1.053124
v 0.058285 -0.234654 -1.063689
v -0.151008 -0.227192 -0.977146
v 0.054526 -0.236582 -1.064809
v -0.157135 -0.216970 -0.979224
v 0.052729 -0.235508 -1.069468
v -0.162227 -0.204152 -0.979833
v -0.162765 -0.203238 -0.979534
v 0.051823 -0.228819 -1.079325
v -0.163016 -0.203881 -0.978454
v 0.049590 -0.219636 -1.089433
v 0.048938 -0.219128 -1.090346
v -0.158708 -0.226423 -0.958760
v 0.048159 -0.220013 -1.089948
v -0.160968 -0.224371 -0.955364
v 0.033893 -0.241512 -1.073840
v -0.150615 -0.231633 -0.950826
v -0.137617 -0.236360 -0.973135
v 0.042438 -0.247346 -1.061033
v 0.045748 -0.246101 -1.068976
v 0.054526 -0.236582 -1.064809
v -0.155769 -0.212208 -0.937844
v -0.157415 -0.212481 -0.934081
v 0.052729 -0.235508 -1.069468
v 0.048846 -0.230236 -1.084189
v 0.051823 -0.228819 -1.079325
v 0.049590 -0.219636 -1.089433
v -0.158590 -0.207934 -0.931795
v 0.048938 -0.219128 -1.090346
v 0.048159 -0.220013 -1.089948
v -0.157778 -0.195842 -0.930745
v 0.043130 -0.230859 -1.083321
v -0.154655 -0.182616 -0.928634
v 0.037896 -0.239018 -1.075984
v -0.154540 -0.181668 -0.928073
v 0.033893 -0.241512 -1.073840
v -0.155088 -0.182266 -0.927187
v -0.163651 -0.207281 -0.912306
v 0.056646 -0.236220 -1.042482
v -0.164226 -0.205205 -0.908336
v 0.062479 -0.236682 -1.054356
v -0.159737 -0.217758 -0.907037
v 0.077114 -0.231207 -1.027280
v 0.087091 -0.230610 -1.036212
v -0.152703 -0.223602 -0.931238
v 0.083414 -0.232263 -1.037785
v 0.065261 -0.236789 -1.051041
v 0.083050 -0.232042 -1.042513
v 0.085814 -0.227591 -1.053493
v 0.086433 -0.220897 -1.066196
v 0.087698 -0.220560 -1.065207
v 0.087368 -0.220155 -1.066591
vn 0.8564 -0.4065 -0.3184
vn 0.2006 -0.2522 0.9466
vn 0.1740 -0.3773 0.9096
vn 0.6697 -0.6512 0.3571
vn 0.2012 -0.3953 -0.8962
vn 0.8323 -0.4596 0.3100
vn -0.0523 -0.9774 0.2048
vn -0.7679 -0.6380 0.0578
vn -0.8893 -0.4513 -0.0744
vn -0.1958 -0.3589 -0.9126
vn 0.9760 -0.1902 -0.1062
vn 0.9429 -0.3162 -0.1051
vn 0.9623 0.0072 -0.2720
vn -0.6763 -0.6458 0.3543
vn -0.1919 -0.3943 -0.8987
vn 0.0501 -0.9748 0.2173
vn -0.8411 -0.4406 0.3137
vn 0.6006 0.4598 0.6541
vn 0.5435 0.6752 0.4988
vn 0.1452 0.7296 0.6683
vn 0.8141 0.5572 0.1637
vn -0.8368 0.5091 0.2017
vn 0.5937 0.4776 0.6477
vn -0.8182 0.4162 0.3967
vn -0.6149 0.4436 -0.6520
vn 0.5996 0.4031 -0.6914
vn -0.7046 0.0407 -0.7084
vn 0.6535 0.2010 -0.7297
vn -0.0883 0.3301 -0.9398
vn -0.8721 0.4892 -0.0123
vn -0.9503 0.3103 0.0248
vn -0.0956 -0.0956 -0.9908
vn -0.5689 -0.6055 -0.5565
vn -0.2480 0.6625 -0.7068
vn 0.6243 0.2405 -0.7433
vn 0.6098 -0.0883 -0.7876
vn -0.7402 0.3873 -0.5496
vn -0.6620 -0.2896 0.6913
vn -0.5829 -0.5196 0.6246
vn -0.7543 0.1980 -0.6260
vn 0.4916 0.5049 0.7095
vn 0.5670 0.3298 0.7548
vn -0.5689 -0.5275 0.6309
vn -0.9105 -0.2423 0.3352
vn -0.3532 -0.1716 0.9197
vn 0.6399 0.5148 0.5706
vn 0.5390 0.7094 0.4542
vn 0.4064 0.2490 -0.8791
vn 0.5826 0.1561 -0.7976
vn -0.7883 0.3071 0.5333
vn -0.8309 0.4167 0.3687
vn 0.1055 0.0619 0.9925
vn 0.1032 0.3077 0.9459
vn 0.8749 0.4206 -0.2400
vn 0.9568 0.2505 -0.1479
vn -0.8720 0.4893 -0.0123
vn 0.0943 0.0265 0.9952
vn -0.3462 0.3284 0.8788
vn 0.5320 0.3033 0.7906
vn 0.6956 -0.0617 0.7157
vn 0.7061 0.1805 0.6847
vn 0.5997 0.4031 -0.6913
vn 0.6536 0.2010 -0.7297
vn -0.6661 0.3652 0.6504
vn -0.6589 0.5294 0.5344
vn 0.7828 -0.2594 0.5656
vn 0.8285 -0.0103 0.5599
vn 0.5113 0.4322 -0.7428
vn 0.5594 0.2260 -0.7975
vn 0.7871 -0.2823 0.5484
vn 0.4999 0.0793 0.8624
vn 0.9900 0.0143 0.1403
vn 0.6904 -0.5414 0.4798
vn 0.7987 -0.3272 0.5049
vn 0.5773 0.2913 -0.7628
vn 0.6020 0.0811 -0.7944
vn 0.0848 0.8382 0.5387
vn 0.0597 0.9553 0.2896
vn -0.3852 0.8842 0.2643
vn 0.4756 0.8658 0.1553
vn 0.4034 0.7927 0.4570
vn 0.3198 0.9198 0.2275
vn -0.1138 0.9297 0.3504
vn 0.6471 0.7620 -0.0240
vn 0.4416 0.8523 0.2803
vn 0.3043 0.9483 0.0900
vn 0.4445 -0.0505 -0.8943
vn 0.4390 0.8456 0.3039
vn -0.0879 0.9581 0.2725
vn 0.5844 0.7784 -0.2291
vn 0.7283 0.6211 0.2896
vn -0.6440 0.3693 0.6700
vn -0.7293 0.4444 0.5203
vn 0.5885 0.7873 0.1841
vn 0.7425 0.5932 0.3112
vn 0.2971 0.8276 0.4763
vn 0.7091 0.6714 -0.2155
vn 0.9579 0.0338 0.2850
vn -0.2830 0.4868 0.8264
vn -0.3343 0.6359 0.6956
vn 0.9415 0.2689 0.2029
vn 0.9608 0.0069 0.2773
vn 0.7236 0.3829 0.5743
vn 0.9551 0.1888 -0.2285
vn -0.4450 -0.1381 -0.8848
vn -0.2134 0.9762 -0.0393
vn -0.3579 0.9210 0.1536
vn -0.5915 -0.0979 -0.8003
vn -0.3598 0.9154 0.1808
vn -0.4947 0.8003 -0.3388
vn 0.1859 0.9627 0.1968
vn -0.6350 -0.0308 -0.7719
vn -0.3203 0.9204 0.2241
vn -0.3972 0.8071 0.4368
vn -0.7752 -0.0703 -0.6278
vn -0.3970 0.7942 0.4601
vn -0.6538 0.7564 -0.0194
vn 0.1101 0.9367 0.3324
vn -0.3644 -0.1142 0.9242
vn -0.4103 0.1778 0.8945
vn -0.7666 0.1123 0.6322
vn 0.0242 0.2870 0.9576
vn -0.6304 0.3063 0.7133
vn -0.5706 0.5554 0.6050
vn -0.8294 0.4968 0.2556
vn -0.1530 0.5707 0.8068
vn 0.8918 0.4008 -0.2098
vn 0.9467 0.3211 -0.0275
vn -0.2159 0.6124 0.7605
vn -0.2108 0.7822 0.5863
vn -0.2181 0.5869 0.7797
vn -0.6003 0.6805 0.4202
vn 0.2372 0.7955 0.5576
vn -0.2209 0.0470 -0.9742
vn -0.3679 0.9215 0.1245
vn -0.5240 0.8038 0.2816
vn -0.4099 0.0140 -0.9120
vn 0.8746 0.2968 0.3834
vn 0.7745 0.2711 0.5715
vn -0.5395 0.7893 0.2932
vn -0.5511 0.8031 -0.2263
vn -0.0335 0.9118 0.4092
vn -0.7918 -0.2708 0.5474
vn -0.8349 -0.0124 0.5503
vn -0.9930 0.0145 0.1169
vn -0.5042 0.0811 0.8598
vn 0.4595 0.5082 0.7284
vn 0.4886 0.3496 0.7994
vn -0.7939 -0.2465 0.5558
vn -0.4956 0.4041 -0.7688
vn -0.5521 0.2306 -0.8012
vn -0.5708 0.2966 -0.7657
vn -0.8083 -0.3271 0.4895
vn -0.7041 -0.5311 0.4713
vn -0.5953 0.0873 -0.7988
vn -0.6786 -0.5713 0.4617
vn -0.9472 -0.3183 0.0381
vn -0.5222 -0.1584 0.8380
vn 0.7249 -0.1082 -0.6803
vn -0.4123 0.2660 -0.8714
vn -0.5442 0.1443 -0.8265
vn 0.6405 -0.5032 -0.5801
vn 0.1979 0.5049 -0.8402
vn 0.8400 -0.4447 -0.3110
vn -0.4123 0.2662 -0.8713
vn -0.5589 0.6789 0.4762
vn -0.6504 0.4851 0.5846
vn -0.5441 0.1443 -0.8265
vn 0.8229 0.4228 0.3796
vn 0.7747 0.3132 0.5494
vn -0.6595 0.4568 0.5969
vn -0.7807 0.6181 0.0922
vn -0.1703 0.6913 0.7022
vn 0.8809 0.3372 -0.3322
vn -0.1434 0.2014 -0.9690
vn -0.2126 0.0024 -0.9771
vn 0.9622 -0.0633 -0.2649
vn 0.2328 0.6626 -0.7119
vn 0.1228 -0.4995 0.8576
vn -0.9610 0.0133 0.2761
vn -0.9430 0.2743 0.1882
vn -0.9595 0.1820 -0.2149
vn -0.7268 0.4129 0.5489
vn -0.8562 0.3413 -0.3879
vn -0.1042 0.6268 0.7722
vn -0.1110 0.4201 0.9006
vn -0.9420 0.1938 -0.2741
vn -0.4441 -0.3808 -0.8111
vn -0.9393 0.1406 0.3131
vn -0.9229 0.2013 0.3282
vn -0.4158 -0.2362 -0.8783
vn -0.6311 -0.3832 -0.6745
vn -0.8382 0.0848 0.5387
vn -0.8169 0.1610 0.5538
vn -0.6009 -0.5978 -0.5307
vn -0.8602 0.0672 0.5055
vn 0.0027 -0.6908 0.7231
vn 0.9382 0.1358 0.3183
vn -0.1312 -0.4984 0.8570
vn -0.0117 -0.6906 0.7231
vn 0.9220 0.1963 0.3337
vn 0.9533 0.0858 0.2897
vn 0.4587 -0.5796 -0.6735
vn 0.4458 -0.3839 -0.8086
vn 0.4189 -0.2392 -0.8759
vn 0.9219 -0.0518 0.3840
vn -0.2328 -0.6035 0.7626
vn -0.1416 -0.7932 0.5923
vn 0.9288 -0.0658 0.3646
vn 0.9105 0.0237 0.4129
vn -0.2993 -0.9541 0.0108
vn 0.8269 0.0706 0.5578
vn -0.3571 -0.5162 0.7784
vn -0.2219 -0.6904 0.6886
vn 0.8119 0.1493 0.5644
vn 0.7777 -0.6173 -0.1192
vn 0.1246 -0.9745 0.1865
vn -0.3782 -0.3994 -0.8351
vn 0.8585 -0.4346 -0.2724
vn -0.0669 -0.5222 0.8502
vn -0.0263 -0.3847 0.9227
vn -0.9887 0.1278 0.0786
vn -0.9953 0.0649 0.0724
vn -0.1157 -0.7169 0.6875
vn -0.9976 0.0163 0.0673
vn -0.2204 -0.5909 -0.7761
vn -0.1907 -0.3808 -0.9048
vn -0.1653 -0.2373 -0.9573
vn -0.9015 -0.2945 -0.3171
vn -0.4113 0.0984 0.9062
vn -0.4046 0.2236 0.8867
vn -0.8825 -0.4077 -0.2345
vn 0.9880 0.1197 0.0972
vn 0.0133 -0.3795 0.9251
vn 0.0448 -0.5095 0.8593
vn 0.9942 0.0565 0.0911
vn 0.1011 -0.7083 0.6987
vn 0.9972 0.0041 0.0742
vn 0.2268 -0.6036 -0.7643
vn 0.1973 -0.3994 -0.8953
vn 0.1716 -0.2409 -0.9553
vn -0.2336 -0.0323 0.9718
vn -0.2035 -0.0669 0.9768
vn 0.6697 -0.6511 0.3573
vn -0.7679 -0.6380 0.0580
vn 0.8910 0.3943 -0.2252
vn 0.9575 0.2792 -0.0717
vn 0.3539 -0.0299 0.9348
vn -0.4590 -0.5761 -0.6763
vn -0.3914 0.1188 -0.9125
vn 0.8196 -0.3931 -0.4169
vn -0.5116 -0.1059 -0.8527
vn -0.4437 -0.3808 -0.8112
vn -0.5192 -0.2320 -0.8226
vn -0.4155 -0.2362 -0.8784
vn 0.7980 -0.4323 -0.4198
vn -0.2893 0.0735 -0.9544
vn -0.4194 -0.1088 -0.9013
vn -0.5380 -0.3774 -0.7537
vn 0.1064 -0.0499 0.9931
vn -0.0144 -0.2638 0.9645
vn 0.9395 -0.3294 -0.0944
vn 0.9251 -0.3672 -0.0967
vn -0.0260 -0.3848 0.9226
vn -0.5326 -0.5829 -0.6137
vn -0.0667 -0.5224 0.8501
vn -0.2846 -0.9571 0.0537
vn -0.1155 -0.7171 0.6873
vn 0.1000 -0.7003 0.7068
vn -0.2143 -0.9745 -0.0673
vn 0.2162 -0.4960 0.8410
vn -0.2200 -0.5909 -0.7762
vn 0.2939 -0.3766 0.8785
vn -0.1903 -0.3809 -0.9048
vn -0.1651 -0.2373 -0.9573
vn 0.3157 -0.2498 0.9154
vn 0.4822 -0.0162 0.8759
vn -0.1649 -0.1174 -0.9793
vn -0.5170 0.1042 -0.8496
vn 0.7530 -0.3906 -0.5295
vn -0.6236 -0.1252 -0.7717
vn -0.0468 0.0955 -0.9943
vn -0.6336 -0.2434 -0.7344
vn 0.9867 0.0247 0.1605
vn 0.9358 -0.1861 0.2994
vn 0.2005 -0.3586 -0.9117
vn 0.7366 -0.4259 -0.5253
vn 0.8982 -0.3111 0.3107
vn -0.6309 -0.3832 -0.6747
vn -0.6008 -0.5977 -0.5309
vn -0.2656 -0.9588 0.1011
vn -0.9445 -0.3090 -0.1113
vn 0.1987 -0.6888 0.6972
vn -0.9713 0.0482 -0.2329
vn -0.9756 -0.1817 -0.1229
vn 0.3402 -0.4940 0.8002
vn 0.2034 0.2229 0.9534
vn -0.9872 0.0322 0.1561
vn -0.9345 -0.1827 0.3056
vn 0.4122 -0.3655 0.8345
vn -0.9086 -0.3150 0.2743
vn 0.2053 0.0840 0.9751
vn 0.4564 -0.2484 0.8544
vn -0.8410 -0.4406 0.3140
vn 0.5750 -0.0448 0.8169
vn 0.2154 -0.0425 0.9756
vn -0.8851 0.0574 -0.4618
vn 0.3815 -0.3669 -0.8484
vn -0.9375 -0.1450 -0.3164
vn -0.9013 -0.2947 -0.3174
vn 0.3738 -0.4073 -0.8333
vn -0.6763 -0.6458 0.3544
vn -0.8825 -0.4075 -0.2348
vn -0.7653 -0.6240 -0.1582
vn -0.1321 -0.9638 0.2316
vn 0.2494 -0.0656 0.9662
vn 0.5910 -0.6736 0.4439
vn 0.0502 -0.9748 0.2173
vn 0.7265 -0.4802 0.4915
vn 0.7529 -0.6581 -0.0064
vn 0.7974 -0.3608 0.4837
vn 0.8302 -0.2149 0.5144
vn 0.9341 -0.0021 0.3570
vn 0.8907 -0.4509 -0.0576
vn -0.2081 0.2246 0.9520
vn 0.9358 -0.1860 0.2995
vn 0.9867 0.0248 0.1608
vn 0.8981 -0.3111 0.3110
vn 0.9429 -0.3162 -0.1048
vn -0.2136 0.0812 0.9735
vn 0.9760 -0.1901 -0.1061
vn 0.9623 0.0072 -0.2719
vn 0.8323 -0.4594 0.3102
vn -0.0523 -0.9774 0.2050
vn 0.8906 -0.4511 -0.0579
vn 0.7527 -0.6583 -0.0066
vn -0.8892 -0.4515 -0.0740
vn -0.9086 -0.3151 0.2742
vn -0.9446 -0.3089 -0.1110
vn -0.9873 0.0321 0.1559
vn -0.9345 -0.1828 0.3054
vn -0.8974 0.3530 -0.2648
vn 0.1849 0.2265 -0.9563
vn -0.1967 -0.7264 -0.6585
vn -0.9757 -0.1816 -0.1227
vn -0.0182 0.5389 0.8422
vn 0.7005 -0.5392 0.4675
vn 0.9195 0.3922 -0.0256
vn -0.9713 0.0484 -0.2328
vn -0.8459 0.1898 0.4985
vn -0.5066 0.4490 -0.7361
vn -0.5706 -0.6219 -0.5363
vn 0.9772 0.1887 0.0972
vn 0.1619 -0.0943 -0.9823
vn 0.0357 0.1564 -0.9870
vn 0.5429 0.3640 0.7568
vn 0.8545 -0.4435 -0.2704
vn 0.6180 0.5796 -0.5312
vn -0.0193 0.4375 -0.8990
vn 0.2347 0.4648 -0.8538
vn 0.2228 -0.5933 -0.7736
vn -0.5938 -0.4987 -0.6314
vn 0.2077 -0.9762 -0.0621
vn 0.5502 0.1483 -0.8218
vn -0.6029 -0.1140 -0.7897
vn 0.7135 0.0625 -0.6979
vn 0.0074 -0.2636 0.9646
vn 0.4658 0.4738 -0.7473
vn -0.1140 -0.0496 0.9922
vn 0.0300 0.9855 -0.1673
vn -0.8852 0.0575 -0.4616
vn -0.9375 -0.1450 -0.3162
vn 0.9903 0.0585 0.1257
vn 0.2348 0.4650 -0.8536
vn -0.4260 -0.0129 0.9046
vn -0.1211 0.3199 0.9397
vn -0.7653 -0.6240 -0.1579
vn -0.6941 0.7033 -0.1535
vn -0.4135 -0.0350 0.9098
vn -0.6761 0.6048 -0.4209
vn -0.1322 -0.9638 0.2317
vn 0.5910 -0.6734 0.4441
vn -0.7310 0.6770 0.0858
vn 0.7265 -0.4801 0.4916
vn 0.0301 0.9855 -0.1672
vn 0.4661 0.4738 -0.7472
vn 0.7973 -0.3608 0.4839
vn 0.5502 0.1484 -0.8217
vn 0.8301 -0.2149 0.5146
vn 0.9340 -0.0021 0.3572
vn -0.9767 0.1934 0.0926
vn -0.0471 0.0956 -0.9943
vn -0.1651 -0.1174 -0.9793
vn -0.0905 -0.2884 0.9532
vn 0.9774 0.0569 0.2034
vn 0.2887 0.8429 0.4541
vn -0.2143 -0.9744 -0.0672
vn -0.8866 -0.4127 0.2090
vn -0.6291 -0.5385 -0.5606
vn -0.4400 -0.8309 -0.3405
vn 0.1577 -0.5380 -0.8281
vn -0.2201 0.4638 -0.8582
vn 0.0532 0.5238 -0.8502
vn -0.0147 -0.2638 0.9645
vn 0.1062 -0.0499 0.9931
vn -0.7012 -0.1453 -0.6980
vn 0.4063 0.2490 -0.8791
vn 0.5826 0.1562 -0.7976
vn 0.4023 0.2251 0.8874
vn 0.9278 -0.1542 -0.3397
vn 0.9012 0.0939 -0.4231
vn 0.3816 0.5266 -0.7596
vn 0.9076 -0.2865 -0.3069
vn -0.1061 0.9738 -0.2013
vn 0.4082 0.1122 0.9060
vn -0.5994 0.6693 0.4391
vn 0.8586 -0.4344 -0.2723
vn -0.7883 0.3071 0.5332
vn 0.4491 0.0171 0.8933
vn 0.7778 -0.6171 -0.1190
vn 0.4049 -0.0496 0.9130
vn -0.8310 0.4166 0.3687
vn 0.1249 -0.9745 0.1865
vn -0.5704 -0.6738 0.4697
vn -0.7953 0.5318 -0.2910
vn -0.7328 -0.4744 0.4878
vn -0.7813 0.6234 -0.0319
vn -0.9067 -0.3718 -0.1992
vn -0.3769 0.7683 -0.5174
vn 0.1461 -0.0392 -0.9885
vn -0.8059 -0.3382 0.4859
vn -0.3744 -0.2581 -0.8906
vn -0.6170 0.6582 -0.4315
vn -0.4077 0.7610 -0.5046
vn 0.9388 0.0244 -0.3437
vn 0.4190 -0.3652 -0.8313
vn 0.3749 0.0315 -0.9265
vn -0.8455 -0.2171 0.4879
vn 0.3568 0.9061 -0.2275
vn 0.4456 0.8938 0.0512
vn -0.9150 0.0024 0.4035
vn 0.9012 0.0939 -0.4232
vn 0.9277 -0.1542 -0.3399
vn -0.3816 -0.3601 -0.8513
vn 0.7409 0.6338 0.2222
vn 0.9075 -0.2865 -0.3070
vn 0.2762 0.4403 -0.8543
vn 0.8043 0.4551 0.3820
vn 0.3778 0.6759 0.6328
vn -0.5705 -0.6738 0.4696
vn -0.3260 0.9240 0.1997
vn -0.7331 -0.4743 0.4875
vn -0.8982 0.3993 -0.1840
vn -0.8060 -0.3384 0.4857
vn -0.9192 0.0904 -0.3834
vn -0.9151 0.0022 0.4032
vn -0.8455 -0.2171 0.4878
vn -0.8373 0.2759 -0.4721
vn 0.7950 0.2486 0.5533
vn 0.6298 -0.1168 -0.7679
vn 0.5223 0.1003 -0.8468
vn 0.6205 -0.2616 -0.7393
vn 0.6373 -0.3962 -0.6609
vn 0.6243 -0.5772 -0.5263
vn 0.8342 0.0371 0.5503
vn 0.3533 0.9142 0.1984
vn 0.2525 -0.9645 0.0774
vn 0.7998 0.2229 -0.5573
vn 0.8188 -0.1882 -0.5424
vn -0.4137 -0.3712 0.8313
vn -0.1485 0.8540 -0.4986
vn -0.4629 -0.2451 0.8519
vn -0.4956 0.4041 -0.7689
vn -0.5801 -0.0408 0.8135
vn 0.6575 0.5996 -0.4562
vn 0.5221 0.1001 -0.8470
vn 0.6297 -0.1168 -0.7680
vn -0.7565 -0.3810 -0.5316
vn -0.7399 -0.4220 -0.5239
vn 0.6203 -0.2617 -0.7394
vn -0.5520 0.2306 -0.8013
vn 0.6372 -0.3964 -0.6610
vn 0.6241 -0.5775 -0.5263
vn 0.2524 -0.9645 0.0774
vn -0.6363 0.5528 -0.5381
vn -0.2222 -0.6904 0.6885
vn -0.4751 0.8368 0.2722
vn -0.3574 -0.5161 0.7784
vn 0.1779 0.5809 0.7943
vn -0.4139 -0.3713 0.8312
vn 0.4886 0.3497 0.7994
vn 0.4595 0.5084 0.7283
vn -0.4630 -0.2451 0.8518
vn -0.5803 -0.0409 0.8134
vn 0.8979 0.1123 0.4257
vn 0.4688 -0.0125 -0.8832
vn 0.3688 0.2289 -0.9009
vn 0.4654 -0.1417 -0.8737
vn -0.7311 0.6769 0.0856
vn 0.4727 -0.2975 -0.8295
vn -0.8182 0.4160 0.3968
vn 0.4521 -0.5217 -0.7235
vn -0.8369 0.5089 0.2016
vn 0.1930 -0.9749 -0.1114
vn -0.6761 0.6047 -0.4209
vn -0.9472 -0.3098 0.0829
vn -0.6942 0.7032 -0.1537
vn -0.2977 -0.4855 0.8220
vn -0.4759 -0.7969 -0.3721
vn -0.3053 -0.3646 0.8797
vn -0.9985 -0.0184 0.0508
vn -0.2433 0.6368 -0.7316
vn -0.1570 -0.4362 -0.8861
vn -0.4500 -0.1138 0.8857
vn -0.9960 -0.0628 0.0640
vn -0.6804 -0.3604 -0.6381
vn 0.3687 0.2287 -0.9010
vn 0.4686 -0.0124 -0.8833
vn -0.8677 -0.2460 -0.4319
vn -0.5050 0.8631 0.0067
vn 0.4651 -0.1418 -0.8738
vn -0.6590 0.5293 0.5344
vn -0.8501 -0.2861 -0.4420
vn 0.4724 -0.2977 -0.8296
vn 0.4519 -0.5218 -0.7235
vn -0.3851 0.6566 0.6486
vn 0.1930 -0.9749 -0.1113
vn -0.0457 -0.3899 0.9197
vn 0.8876 0.3470 0.3028
vn -0.0225 0.8579 0.5133
vn -0.1418 -0.7932 0.5923
vn 0.3335 0.9314 0.1459
vn -0.2330 -0.6035 0.7626
vn 0.8212 0.4050 -0.4020
vn -0.2978 -0.4856 0.8219
vn 0.0857 0.7974 -0.5974
vn -0.3055 -0.3647 0.8796
vn 0.0411 -0.1859 -0.9817
vn -0.4502 -0.1138 0.8856
vn 0.3896 0.7465 -0.5394
vn 0.9064 0.2687 0.3260
vn 0.4238 -0.1119 -0.8988
vn 0.2954 0.0716 -0.9527
vn -0.4599 0.8385 0.2922
vn 0.1920 0.9307 0.3113
vn 0.1805 0.7974 0.5758
vn 0.9636 0.2665 0.0209
vn 0.2922 -0.9563 0.0126
vn 0.5902 0.4906 -0.6411
vn 0.4916 0.5050 0.7094
vn 0.3907 0.8044 -0.4476
vn -0.1817 -0.3760 0.9086
vn 0.0742 0.4750 0.8769
vn -0.2078 -0.2507 0.9455
vn -0.6179 0.6666 0.4170
vn -0.3592 -0.0271 0.9329
vn -0.8693 0.3831 -0.3124
vn 0.2953 0.0714 -0.9527
vn 0.4237 -0.1120 -0.8989
vn -0.8576 -0.4001 -0.3233
vn 0.4187 -0.2392 -0.8761
vn -0.8415 -0.4384 -0.3158
vn -0.7542 0.1980 -0.6260
vn 0.4456 -0.3842 -0.8086
vn -0.4018 0.8754 -0.2688
vn -0.7401 0.3874 -0.5497
vn 0.4586 -0.5798 -0.6735
vn -0.0652 0.1392 -0.9881
vn 0.2922 -0.9563 0.0127
vn -0.6329 0.7114 -0.3055
vn -0.0121 -0.6906 0.7231
vn 0.7084 0.0755 -0.7017
vn -0.1316 -0.4983 0.8569
vn -0.1820 -0.3760 0.9086
vn 0.1016 0.1149 0.9882
vn 0.9494 -0.3111 0.0440
vn 0.6856 0.7279 0.0005
vn -0.7969 -0.1944 -0.5720
vn -0.0959 -0.5115 -0.8539
vn -0.2079 -0.2507 0.9455
vn -0.7134 -0.6252 -0.3165
vn -0.5814 0.6525 -0.4860
vn 0.2132 0.0975 -0.9721
vn -0.3594 -0.0271 0.9328
vn -0.4429 0.7888 -0.4262
vn 0.0356 0.1563 -0.9871
vn 0.1617 -0.0943 -0.9823
vn -0.9422 -0.3196 -0.1005
vn -0.9270 -0.3606 -0.1029
vn 0.1713 -0.2409 -0.9553
vn 0.1972 -0.3997 -0.8952
vn -0.7508 0.6032 0.2693
vn 0.2267 -0.6038 -0.7643
vn 0.0676 0.9604 0.2702
vn 0.2077 -0.9762 -0.0619
vn 0.7680 0.6248 -0.1407
vn 0.1009 -0.7082 0.6988
vn 0.0446 -0.5095 0.8593
vn 0.8749 0.4207 -0.2400
vn 0.0131 -0.3796 0.9250
vn 0.3744 0.8039 -0.4621
vn 0.6563 -0.2372 -0.7162
vn -0.1142 -0.0499 0.9922
vn 0.0072 -0.2636 0.9646
vn 0.5798 0.7415 -0.3376
vn -0.7950 0.2563 0.5497
vn -0.5171 0.1042 -0.8496
vn -0.6237 -0.1251 -0.7716
vn -0.6338 -0.2432 -0.7343
vn -0.5948 0.7888 -0.1546
vn -0.8625 -0.3688 0.3465
vn 0.4336 -0.0878 0.8968
vn -0.9479 0.2872 0.1379
vn -0.2765 0.1527 -0.9488
vn -0.4188 -0.7871 -0.4529
vn 0.1985 -0.6887 0.6974
vn 0.3400 -0.4938 0.8004
vn 0.3238 0.6040 0.7283
vn 0.8664 -0.4796 0.1387
vn 0.7966 0.4067 -0.4472
vn -0.8837 0.4307 -0.1830
vn 0.0035 -0.0243 -0.9997
vn -0.4237 -0.8096 -0.4063
vn 0.4121 -0.3655 0.8346
vn 0.7761 -0.1689 0.6075
vn 0.2303 0.7142 0.6609
vn 0.7260 -0.5098 0.4615
vn 0.9301 0.2082 -0.3026
vn 0.4563 -0.2484 0.8545
vn -0.9448 0.0372 -0.3255
vn -0.3733 0.0058 -0.9277
vn -0.4351 -0.3961 -0.8086
vn 0.5748 -0.0447 0.8171
vn -0.2989 0.9202 -0.2528
vn -0.8617 0.2636 0.4335
vn -0.3916 0.1189 -0.9124
vn -0.5118 -0.1058 -0.8526
vn -0.2490 0.4044 -0.8800
vn -0.7288 0.6661 0.1586
vn -0.8099 0.5055 0.2975
vn -0.5194 -0.2318 -0.8225
vn -0.5593 0.7783 0.2855
vn -0.8829 0.1753 0.4355
vn 0.0157 0.2451 0.9694
vn 0.8963 -0.4039 0.1833
vn 0.7639 0.6451 -0.0176
vn -0.5382 -0.3775 -0.7535
vn 0.3305 0.9082 0.2569
vn -0.9025 0.0977 0.4196
vn -0.5328 -0.5829 -0.6135
vn -0.9118 0.0832 0.4021
vn 0.8984 0.3826 -0.2157
vn -0.2846 -0.9571 0.0539
vn 0.9159 0.0511 -0.3981
vn 0.0999 -0.7002 0.7069
vn 0.8514 0.2450 -0.4638
vn 0.2161 -0.4957 0.8412
vn 0.4325 0.7270 -0.5332
vn 0.3666 -0.3087 -0.8777
vn 0.2937 -0.3766 0.8786
vn 0.6381 0.6242 -0.4508
vn 0.3155 -0.2497 0.9155
vn -0.4243 0.9050 -0.0313
vn 0.4820 -0.0162 0.8760
vn -0.4519 -0.0514 0.8906
vn -0.9062 0.2755 0.3208
vn -0.2894 0.0736 -0.9544
vn -0.4196 -0.1087 -0.9012
vn 0.8535 -0.3652 0.3717
vn 0.8534 -0.2998 -0.4263
vn -0.4269 -0.3529 -0.8326
vn 0.0224 0.6230 -0.7819
vn -0.1210 0.3199 0.9397
vn -0.4593 -0.5762 -0.6760
vn -0.8827 -0.4459 -0.1484
vn -0.9642 -0.0553 -0.2595
vn -0.9544 0.0973 0.2822
vn -0.8334 -0.0180 0.5523
vn -0.2994 -0.9541 0.0109
vn -0.4607 0.8796 0.1189
vn 0.0025 -0.6906 0.7232
vn -0.8793 0.3496 -0.3234
vn -0.3344 0.6358 0.6956
vn -0.0689 0.7680 0.6367
vn 0.1227 -0.4993 0.8577
vn 0.1737 -0.3772 0.9097
vn 0.3366 0.9273 -0.1639
vn 0.3575 0.3583 -0.8625
vn 0.2005 -0.2522 0.9467
vn 0.2328 0.0636 -0.9704
vn 0.3537 -0.0297 0.9349
vn 0.1351 0.2769 -0.9514
vn -0.6578 -0.1336 0.7412
vn 0.7646 0.4905 0.4181
vn 0.6932 -0.6697 -0.2665
vn 0.5125 0.2284 -0.8278
vn -0.2582 0.6988 -0.6671
vn -0.3125 0.5958 0.7398
vn -0.8019 0.4051 -0.4392
vn -0.8608 -0.4830 0.1607
vn -0.7417 0.2148 -0.6354
vn -0.9911 0.1292 -0.0335
vn -0.0600 0.5508 -0.8325
vn -0.1340 -0.5096 -0.8499
vn -0.0217 0.0599 -0.9980
vn 0.2284 0.1705 -0.9585
vn 0.4233 -0.7706 -0.4764
vn -0.3891 -0.8258 -0.4082
vn -0.3078 0.8840 0.3519
vn 0.6178 -0.0328 -0.7857
vn -0.4666 -0.5289 -0.7089
vn 0.7684 -0.0386 -0.6388
vn 0.4674 0.0080 0.8840
vn 0.4808 0.2816 -0.8304
vn 0.9903 0.0587 0.1258
vn -0.1586 0.8053 -0.5713
vn 0.9325 0.1627 -0.3226
vn -0.0359 -0.6728 -0.7389
vn -0.2015 0.3725 -0.9059
vn -0.8013 0.5967 -0.0436
vn -0.0388 -0.1537 0.9874
vn -0.9223 0.3374 0.1885
vn -0.4508 -0.8898 -0.0714
vn -0.7134 -0.6416 -0.2818
vn -0.9409 0.3372 -0.0328
vn -0.7679 -0.4141 0.4888
vn -0.8888 0.4489 -0.0922
vn -0.8510 -0.2758 -0.4470
vn -0.7294 0.4442 0.5203
vn 0.1737 -0.4197 0.8909
vn -0.2466 -0.9678 -0.0500
vn -0.5306 0.7095 0.4639
vn -0.2090 0.9054 -0.3695
vn -0.6422 0.5090 0.5731
vn -0.6559 0.2729 -0.7038
vn -0.7683 -0.6265 -0.1312
vn 0.2805 0.3599 -0.8898
vn 0.9372 0.3237 0.1297
vn 0.3191 0.0108 -0.9477
vn 0.7129 -0.6286 -0.3109
vn -0.2068 0.0990 -0.9734
vn 0.5888 0.6479 -0.4832
vn 0.1358 0.1398 -0.9808
vn -0.1810 0.6473 0.7404
vn -0.8978 0.3320 -0.2893
vn -0.7813 -0.5026 0.3700
vn -0.8544 0.1103 -0.5077
vn -0.4890 0.3106 -0.8151
vn -0.2196 -0.0376 -0.9749
vn 0.0327 0.0967 -0.9948
vn 0.3700 -0.7862 -0.4950
vn -0.4145 -0.8698 -0.2676
vn 0.4444 -0.0506 -0.8944
vn -0.7940 0.5949 0.1246
vn 0.2187 0.4285 0.8767
vn 0.9654 -0.2609 -0.0044
vn -0.1090 0.3932 0.9130
vn 0.3286 0.6246 0.7085
vn -0.8197 -0.5576 -0.1308
vn -0.5253 0.5900 0.6132
vn 0.9863 0.1632 -0.0228
vn -0.7785 0.1166 0.6168
vn -0.9780 0.0639 0.1987
vn -0.7989 0.2268 -0.5570
vn -0.8170 -0.1840 -0.5465
vn -0.5690 0.6126 -0.5486
vn -0.3339 0.9249 0.1819
vn 0.6298 0.1612 0.7598
vn -0.6497 0.6033 -0.4626
vn -0.4855 0.5399 0.6876
vn -0.4953 0.3348 0.8016
vn 0.6219 0.6734 -0.3996
vn -0.1786 0.6069 0.7744
vn 0.4877 0.5908 -0.6427
vn 0.4883 0.8278 0.2763
vn 0.6303 0.5678 -0.5295
vn 0.7471 0.6467 0.1535
vn 0.5112 0.4323 -0.7428
vn -0.0187 0.9890 -0.1466
vn -0.7902 0.5511 -0.2682
vn 0.0941 0.8511 -0.5165
vn -0.1718 -0.0385 -0.9844
vn -0.3752 0.5530 -0.7439
vn 0.4030 0.7737 -0.4888
vn -0.4436 0.0544 0.8946
vn 0.8532 0.0086 0.5215
vn 0.3024 0.9109 0.2808
vn 0.8013 -0.3901 -0.4535
vn 0.0952 -0.7632 -0.6391
vn 0.1097 -0.4380 -0.8922
vn -0.2843 0.8472 0.4487
vn 0.0831 -0.2884 0.9539
vn 0.8909 0.3944 -0.2253
vn 0.1097 -0.0313 -0.9935
vn 0.9576 0.2791 -0.0717
vn -0.0213 0.2696 0.9627
vn 0.7472 0.6467 0.1532
vn 0.8869 -0.3821 -0.2596
vn -0.0185 0.9890 -0.1466
vn 0.9241 0.3713 -0.0904
vn -0.7901 0.5510 -0.2684
vn -0.8870 0.3547 0.2956
vn -0.7056 0.5157 -0.4860
vn -0.8615 0.1298 -0.4908
vn -0.9420 0.1937 -0.2741
vn 0.0081 0.9621 0.2726
vn -0.8562 0.3412 -0.3880
vn -0.4173 0.8198 -0.3922
vn -0.2506 0.6192 0.7442
vn -0.3050 0.3965 0.8659
vn 0.0571 0.5638 0.8239
vn -0.3751 0.5530 -0.7440
vn 0.7612 0.6201 0.1901
vn -0.6615 -0.4573 -0.5944
vn 0.8227 0.0684 -0.5643
vn -0.5689 0.6125 -0.5488
vn 0.6021 0.0810 -0.7943
vn 0.5773 0.2914 -0.7628
vn 0.6220 0.6732 -0.3999
vn -0.8276 -0.3490 -0.4396
vn -0.0101 0.5732 -0.8193
vn 0.4671 -0.3876 -0.7947
vn -0.8275 -0.3489 -0.4398
vn 0.3890 0.8036 -0.4506
vn -0.0103 0.5733 -0.8193
vn -0.4435 0.0544 0.8946
vn 0.3021 0.9110 0.2806
vn 0.0316 0.8513 0.5237
vn 0.4562 0.8893 0.0309
vn 0.0643 -0.3689 0.9273
vn -0.1957 -0.9784 0.0673
vn 0.3338 0.6855 0.6470
vn -0.9605 0.0356 0.2759
vn 0.2739 0.5302 0.8024
vn -0.9458 0.2967 0.1318
vn -0.8875 0.3075 0.3433
vn 0.0696 0.7957 0.6017
vn -0.7620 0.6351 0.1266
vn -0.3418 0.9198 -0.1928
vn -0.3561 0.3354 -0.8722
vn 0.8861 0.0008 -0.4636
vn -0.2127 0.0023 -0.9771
vn 0.3309 -0.9341 -0.1339
vn 0.0848 -0.9761 0.2002
vn -0.1435 0.2014 -0.9689
vn 0.2044 -0.1915 -0.9600
vn 0.2327 0.6626 -0.7119
vn 0.5144 -0.7218 -0.4631
vn -0.4450 -0.1382 -0.8848
vn -0.5915 -0.0978 -0.8003
vn -0.5182 0.1245 -0.8461
vn 0.3368 0.5627 -0.7549
vn 0.8849 -0.4483 -0.1265
vn 0.8426 0.5337 0.0725
vn 0.4563 0.8893 0.0311
vn 0.9054 0.2568 0.3382
vn 0.3339 0.6856 0.6469
vn 0.9675 0.2184 0.1277
vn 0.0697 0.7958 0.6016
vn -0.3418 0.9198 -0.1926
vn -0.3560 0.3355 -0.8722
vn -0.4019 0.8754 -0.2687
vn -0.6332 0.7112 -0.3054
vn -0.8694 0.3829 -0.3123
vn -0.6181 0.6666 0.4167
vn 0.0740 0.4748 0.8770
vn -0.9911 0.1291 -0.0337
vn -0.0602 0.5509 -0.8324
vn 0.1918 0.9307 0.3113
vn 0.0158 0.2451 0.9694
vn 0.7638 0.6453 -0.0175
vn 0.1802 0.7975 0.5757
vn 0.7794 0.5607 -0.2797
vn 0.1738 -0.4198 0.8908
vn -0.8198 -0.5575 -0.1309
vn 0.5826 0.6776 0.4488
vn 0.0457 0.9530 -0.2995
vn 0.1444 0.7096 0.6896
vn -0.7952 0.5319 -0.2910
vn -0.7811 0.6236 -0.0318
vn -0.6969 0.4446 -0.5627
vn 0.7679 0.6375 0.0619
vn 0.0533 0.5240 -0.8501
vn -0.2201 0.4640 -0.8581
vn 0.1979 0.5050 -0.8401
vn 0.3819 0.5266 -0.7595
vn -0.1060 0.9738 -0.2012
vn 0.4594 -0.8110 -0.3623
vn -0.5991 0.6694 0.4392
vn 0.7795 0.5606 -0.2796
vn 0.7746 0.3132 0.5494
vn 0.6421 0.4974 0.5834
vn 0.5828 0.6775 0.4486
vn -0.0214 0.2697 0.9627
vn 0.0460 0.9531 -0.2993
vn -0.6968 0.4445 -0.5629
vn 0.9863 0.1631 -0.0229
vn 0.5798 0.7416 -0.3374
vn 0.3743 0.8041 -0.4620
vn -0.7135 -0.6251 -0.3166
vn 0.7682 0.6246 -0.1405
vn -0.5816 0.6524 -0.4859
vn 0.0673 0.9604 0.2703
vn -0.0455 -0.3899 0.9197
vn -0.7507 0.6031 0.2695
vn -0.0227 0.8579 0.5133
vn 0.0210 0.9612 0.2750
vn -0.4430 0.7888 -0.4261
vn 0.2348 0.5818 0.7787
vn -0.5949 0.7889 -0.1542
vn -0.6580 -0.1335 0.7411
vn 0.2952 0.4156 0.8603
vn -0.0568 0.5673 0.8215
vn 0.7762 -0.1691 0.6074
vn -0.7575 0.6260 0.1851
vn -0.8173 0.0772 -0.5711
vn 0.7716 0.1204 0.6247
vn 0.6381 0.6243 -0.4506
vn 0.4325 0.7271 -0.5332
vn 0.4141 0.1991 0.8882
vn -0.3819 0.8055 -0.4531
vn 0.8515 0.2449 -0.4637
vn 0.3634 -0.0319 0.9311
vn 0.8652 0.1235 -0.4859
vn 0.7119 0.5114 -0.4814
vn 0.8985 0.3824 -0.2155
vn 0.0212 0.9612 0.2751
vn 0.3302 0.9082 0.2571
vn 0.2348 0.5819 0.7786
vn 0.4271 0.8151 -0.3915
vn 0.2953 0.4156 0.8603
vn -0.5593 0.7782 0.2857
vn -0.0566 0.5675 0.8214
vn -0.7574 0.6261 0.1852
vn -0.7287 0.6662 0.1587
vn -0.8172 0.0774 -0.5712
vn -0.2988 0.9202 -0.2528
vn -0.5707 0.2966 -0.7657
vn -0.0482 0.3160 0.9475
vn -0.3818 0.8055 -0.4532
vn -0.4242 0.9051 -0.0310
vn 0.3612 -0.0884 0.9283
vn -0.9067 -0.3717 -0.1994
vn -0.3772 0.7682 -0.5173
vn 0.8535 -0.3652 0.3716
vn 0.1776 0.5808 0.7944
vn -0.4752 0.8367 0.2720
vn 0.9404 0.1803 0.2882
vn 0.3897 0.7466 -0.5391
vn 0.0857 0.7973 -0.5974
vn -0.6365 0.5527 -0.5379
vn 0.3531 0.9143 0.1984
vn 0.8214 0.4048 -0.4017
vn 0.3333 0.9314 0.1462
vn 0.2884 0.8430 0.4541
vn -0.3850 0.6565 0.6487
vn -0.0903 -0.2885 0.9532
vn -0.5050 0.8631 0.0068
vn -0.1485 0.8541 -0.4985
vn 0.3271 0.2511 0.9110
vn -0.4598 0.8385 0.2924
vn -0.0388 -0.1536 0.9874
vn -0.8973 0.3530 -0.2649
vn 0.6987 -0.0803 0.7109
vn 0.1850 0.2267 -0.9562
vn 0.9194 0.3924 -0.0258
vn 0.9653 -0.2610 -0.0045
vn 0.9419 0.2139 -0.2589
vn 0.4031 0.7738 -0.4886
vn 0.7851 0.5333 0.3149
vn 0.3952 0.8087 -0.4356
vn 0.6305 0.5675 -0.5295
vn -0.1969 0.3426 -0.9186
vn -0.1784 0.6068 0.7746
vn 0.4280 0.1045 -0.8977
vn -0.4954 0.3348 0.8016
vn -0.4854 0.5399 0.6877
vn 0.2258 -0.9742 -0.0010
vn 0.5108 -0.8191 -0.2611
vn 0.9420 0.2139 -0.2587
vn 0.8747 0.2967 0.3833
vn 0.7121 -0.5164 -0.4757
vn 0.7745 0.2711 0.5716
vn -0.2841 0.8471 0.4490
vn 0.7852 0.5332 0.3148
vn 0.0831 -0.2883 0.9539
vn 0.3953 0.8087 -0.4356
vn -0.1967 0.3425 -0.9187
vn 0.8868 -0.3822 -0.2598
vn -0.4100 0.0140 -0.9120
vn 0.9454 -0.3225 0.0464
vn 0.5890 0.6479 -0.4830
vn 0.3890 0.8036 -0.4504
vn 0.4279 0.1044 -0.8978
vn 0.8229 0.0683 -0.5641
vn -0.8460 0.1899 0.4983
vn 0.0572 0.5636 0.8241
vn -0.5066 0.4492 -0.7359
vn -0.3050 0.3964 0.8659
vn 0.5430 0.3640 0.7567
vn -0.2505 0.6192 0.7442
vn 0.6180 0.5798 -0.5310
vn 0.4799 0.4306 -0.7644
vn 0.5626 -0.1708 0.8089
vn 0.0317 0.8513 0.5238
vn 0.7681 0.6284 -0.1231
vn 0.0643 -0.3687 0.9273
vn -0.1217 0.9166 -0.3809
vn 0.6721 -0.5702 0.4724
vn -0.8958 0.3529 -0.2702
vn -0.9214 0.0794 -0.3804
vn -0.8299 0.1750 -0.5298
vn -0.2876 0.3500 -0.8915
vn 0.6297 0.1612 0.7599
vn -0.5007 0.1130 -0.8582
vn -0.0759 -0.8683 -0.4902
vn 0.1911 -0.8886 -0.4169
vn 0.2189 -0.6306 -0.7446
vn -0.0962 -0.5952 -0.7978
vn -0.9172 0.1558 -0.3667
vn -0.9744 0.1451 -0.1719
vn 0.4799 0.4307 -0.7643
vn -0.7838 0.4161 -0.4610
vn 0.8918 0.4007 -0.2099
vn 0.2112 -0.2567 -0.9431
vn 0.9467 0.3210 -0.0275
vn -0.0114 0.7738 -0.6334
vn 0.7681 0.6283 -0.1233
vn 0.7555 0.3830 -0.5316
vn -0.1215 0.9166 -0.3809
vn 0.9293 0.0799 -0.3606
vn -0.8957 0.3529 -0.2704
vn 0.8299 0.1200 -0.5449
vn 0.3025 0.0680 -0.9507
vn -0.8299 0.1748 -0.5298
vn -0.2876 0.3499 -0.8915
vn -0.0407 -0.9942 -0.0991
vn -0.9985 -0.0185 0.0506
vn -0.7784 0.1165 0.6169
vn -0.2434 0.6371 -0.7314
vn 0.8299 0.1201 -0.5449
vn 0.1018 0.1149 0.9882
vn 0.0763 0.8542 0.5143
vn 0.6854 0.7281 0.0006
vn 0.5124 0.2287 -0.8277
vn 0.6791 0.6799 -0.2766
vn -0.6424 0.5089 0.5730
vn 0.8052 0.4789 0.3497
vn -0.6559 0.2730 -0.7037
vn -0.6421 0.3177 0.6977
vn -0.5008 0.1131 -0.8582
vn 0.7740 0.3480 0.5290
vn 0.6721 0.6403 0.3720
vn -0.9172 0.1559 -0.3667
vn -0.0588 0.9981 -0.0156
vn -0.5824 0.5400 -0.6076
vn -0.9744 0.1452 -0.1718
vn -0.6922 0.1769 -0.6997
vn -0.7838 0.4163 -0.4609
vn -0.5382 0.3348 -0.7735
vn -0.0116 0.7738 -0.6333
vn 0.7556 0.3831 -0.5314
vn 0.0592 0.5903 -0.8050
vn 0.9293 0.0798 -0.3606
vn 0.7646 0.4904 0.4181
vn 0.5009 -0.7043 -0.5031
vn 0.6243 -0.3566 -0.6950
vn 0.6792 0.6799 -0.2766
vn 0.2282 0.1706 -0.9585
vn -0.0218 0.0600 -0.9980
vn 0.8053 0.4789 0.3496
vn 0.6214 0.0680 -0.7805
vn 0.6179 -0.0328 -0.7856
vn 0.7739 0.3481 0.5290
vn 0.3974 0.8084 0.4342
vn 0.6722 0.6403 0.3718
vn -0.0586 0.9982 -0.0154
vn 0.4810 0.2818 -0.8302
vn -0.5823 0.5400 -0.6078
vn -0.1588 0.8053 -0.5712
vn -0.6922 0.1768 -0.6997
vn -0.8013 0.5967 -0.0433
vn -0.9223 0.3374 0.1883
vn -0.9408 0.3373 -0.0328
vn 0.0594 0.5903 -0.8050
vn -0.8019 0.4054 -0.4390
vn -0.3127 0.5958 0.7398
vn -0.8626 -0.3688 0.3464
vn -0.6171 0.6582 -0.4312
vn 0.9373 0.3236 0.1297
vn 0.4337 -0.0879 0.8968
vn 0.4454 0.8938 0.0513
vn 0.0327 0.0969 -0.9948
vn -0.2197 -0.0375 -0.9748
vn 0.3567 0.9061 -0.2275
vn 0.7409 0.6337 0.2223
vn 0.6243 0.2406 -0.7432
vn -0.3950 -0.0746 0.9157
vn -0.2481 0.6625 -0.7068
vn -0.7619 0.6352 0.1267
vn 0.3777 0.6758 0.6330
vn -0.8875 0.3074 0.3432
vn -0.3261 0.9240 0.1996
vn -0.9458 0.2969 0.1317
vn -0.8983 0.3991 -0.1839
vn -0.9192 0.0905 -0.3834
vn -0.8544 0.1104 -0.5077
vn -0.8373 0.2760 -0.4720
vn -0.8977 0.3324 -0.2893
vn -0.4077 0.7611 -0.5045
vn -0.1812 0.6473 0.7404
vn 0.9242 0.3711 -0.0904
vn -0.9479 0.2872 0.1377
vn -0.2764 0.1529 -0.9488
vn -0.2016 0.3728 -0.9058
vn -0.4890 0.3107 -0.8151
vn 0.3239 0.6039 0.7283
vn 0.7965 0.4069 -0.4472
vn 0.1359 0.1399 -0.9808
vn 0.7252 0.2204 -0.6523
vn 0.3191 0.0107 -0.9477
vn 0.9378 0.3394 -0.0733
vn 0.2807 0.3600 -0.8897
vn -0.2090 0.9055 -0.3693
vn 0.9256 0.3462 0.1530
vn -0.5304 0.7095 0.4640
vn 0.7824 0.6195 -0.0635
vn 0.0702 0.7431 -0.6655
vn -0.7242 0.2537 -0.6412
vn -0.7938 0.5952 0.1247
vn -0.0299 0.0298 -0.9991
vn 0.2185 0.4285 0.8767
vn 0.9324 0.1626 -0.3227
vn 0.2500 -0.9671 -0.0474
vn 0.3794 -0.8280 -0.4129
vn 0.7252 0.2203 -0.6523
vn 0.0226 0.6232 -0.7817
vn -0.2582 0.6989 -0.6670
vn 0.9378 0.3393 -0.0733
vn 0.4487 -0.5380 -0.7136
vn 0.7826 0.6193 -0.0637
vn 0.1352 0.2769 -0.9513
vn 0.0704 0.7432 -0.6654
vn -0.7241 0.2536 -0.6414
vn 0.2328 0.0635 -0.9704
vn 0.3576 0.3582 -0.8624
vn 0.3366 0.9273 -0.1638
vn -0.0686 0.7679 0.6369
vn -0.4606 0.8796 0.1190
vn -0.8837 0.4307 -0.1832
vn -0.3074 0.8840 0.3520
vn 0.0036 -0.0240 -0.9997
vn 0.4673 0.0081 0.8841
vn 0.2304 0.7142 0.6610
vn 0.9299 0.2084 -0.3030
vn 0.8534 -0.2998 -0.4264
vn 0.8860 0.0009 -0.4637
vn 0.2044 -0.1914 -0.9600
vn 0.9674 0.2185 0.1278
vn -0.5184 0.1246 -0.8460
vn 0.8425 0.5338 0.0728
vn 0.3367 0.5628 -0.7549
vt 0.381943 2.005024
vt 0.763386 2.148766
vt 0.662045 2.373517
vt 0.477302 2.717692
vt 0.381943 2.412606
vt 0.580355 2.569322
vt 0.381943 2.803237
vt 0.286584 2.717692
vt 0.183531 2.569322
vt 0.000499 2.148766
vt 0.101841 2.373517
vt 0.006911 2.003335
vt 0.852877 2.220611
vt 0.852878 2.314086
vt 0.738006 2.280950
vt 0.967750 2.280949
vt 0.776321 2.339274
vt 0.852879 2.438286
vt 0.808006 2.437567
vt 0.712129 2.519191
vt 0.563034 2.742663
vt 0.712129 2.885656
vt 0.624738 2.551237
vt 0.861225 2.742663
vt 0.799520 2.551237
vt 0.712129 2.321987
vt 0.697711 2.335944
vt 0.929435 2.339273
vt 0.897752 2.437567
vt 0.504728 2.805069
vt 0.280035 2.724298
vt 0.185014 2.751085
vt 0.185014 2.751864
vt 0.319158 2.818071
vt 0.230681 2.653243
vt 0.185014 2.749257
vt 0.089991 2.724300
vt 0.139345 2.653244
vt 0.050870 2.818073
vt 0.185015 2.994714
vt 0.756974 2.003335
vt 0.005409 2.995356
vt 0.002338 2.925709
vt 0.185013 2.612275
vt 0.367692 2.925706
vt 0.364621 2.995354
vt 0.478209 2.970150
vt 0.430925 2.783690
vt 0.482055 2.991309
vt 0.946050 2.970150
vt 0.942204 2.991309
vt 0.993334 2.783690
vt 0.972990 2.222464
vt 0.997270 2.318206
vt 0.732764 2.222465
vt 0.708486 2.318208
vt 0.746382 2.307231
vt 0.845477 2.548115
vt 0.852880 2.555281
vt 0.860283 2.548115
vt 0.959374 2.307229
vt 0.712129 3.000510
vt 0.726547 2.335944
vt 0.919531 2.805069
s 1
f 1/1/1 2/2/2 3/3/3
f 4/4/4 5/5/5 6/6/6
f 4/4/4 7/7/7 5/5/5
f 5/5/5 8/8/8 9/9/9
f 8/8/8 5/5/5 7/7/7
f 10/1/10 11/10/11 12/11/12
f 13/12/13 11/10/11 10/1/10
f 14/4/14 15/5/15 16/7/16
f 14/4/14 17/6/17 15/5/15
f 18/13/18 19/14/19 20/15/20
f 18/13/18 21/16/21 19/14/19
f 22/17/22 19/14/19 23/18/23
f 23/18/23 24/19/24 22/17/22
f 25/20/25 26/21/26 27/22/27
f 25/20/25 28/23/28 26/21/26
f 29/20/29 30/24/30 31/25/31
f 29/20/29 32/22/32 30/24/30
f 33/20/33 34/26/34 35/27/35
f 35/27/35 36/23/36 33/20/33
f 37/28/37 38/14/38 39/18/39
f 39/18/39 40/29/40 37/28/37
f 41/17/41 42/19/42 39/18/39
f 39/18/39 38/14/38 41/17/41
f 43/13/43 38/14/38 44/16/44
f 43/13/43 45/15/45 38/14/38
f 46/18/46 47/14/47 48/28/48
f 48/28/48 49/29/49 46/18/46
f 46/18/46 50/19/50 51/17/51
f 51/17/51 47/14/47 46/18/46
f 52/18/52 53/14/53 54/28/54
f 54/28/54 55/29/55 52/18/52
f 52/18/52 56/19/31 57/17/56
f 57/17/56 53/14/53 52/18/52
f 58/13/57 53/14/53 59/15/58
f 58/13/57 60/16/59 53/14/53
f 61/18/60 62/14/61 63/28/62
f 63/28/62 64/29/63 61/18/60
f 61/18/60 65/19/64 66/17/65
f 66/17/65 62/14/61 61/18/60
f 67/18/66 68/14/67 69/28/68
f 69/28/68 70/29/69 67/18/66
f 71/13/70 68/14/67 72/15/71
f 71/13/70 73/16/72 68/14/67
f 74/18/73 75/14/74 76/28/75
f 76/28/75 77/29/76 74/18/73
f 78/13/77 79/14/78 80/15/79
f 78/13/77 81/16/80 79/14/78
f 82/13/81 83/14/82 84/15/83
f 82/13/81 85/16/84 83/14/82
f 86/18/85 87/14/86 88/28/87
f 88/28/87 89/29/36 86/18/85
f 90/13/88 87/14/86 91/15/89
f 90/13/88 92/16/90 87/14/86
f 93/18/91 94/19/92 95/17/93
f 95/17/93 96/14/94 93/18/91
f 97/13/95 96/14/94 98/15/96
f 97/13/95 99/16/97 96/14/94
f 100/18/98 101/19/99 102/17/100
f 102/17/100 103/14/101 100/18/98
f 104/13/102 103/14/101 105/15/103
f 104/13/102 106/16/104 103/14/101
f 107/28/105 108/14/106 109/18/107
f 109/18/107 110/29/108 107/28/105
f 111/13/109 108/14/106 112/16/110
f 111/13/109 113/15/111 108/14/106
f 114/28/112 115/14/113 116/18/114
f 116/18/114 117/29/115 114/28/112
f 118/13/116 115/14/113 119/16/117
f 118/13/116 120/15/118 115/14/113
f 121/13/119 122/14/120 123/16/121
f 121/13/119 124/15/122 122/14/120
f 125/13/123 126/14/124 127/16/125
f 125/13/123 128/15/126 126/14/124
f 129/17/127 130/19/128 131/18/129
f 131/18/129 132/14/130 129/17/127
f 133/13/131 132/14/130 134/16/132
f 133/13/131 135/15/133 132/14/130
f 136/28/134 137/14/135 138/18/136
f 138/18/136 139/29/137 136/28/134
f 140/17/138 141/19/139 138/18/136
f 138/18/136 137/14/135 140/17/138
f 142/13/140 137/14/135 143/16/141
f 142/13/140 144/15/142 137/14/135
f 145/13/143 146/14/144 147/16/145
f 145/13/143 148/15/146 146/14/144
f 149/17/147 150/19/148 151/18/149
f 151/18/149 146/14/144 149/17/147
f 152/28/150 146/14/144 151/18/149
f 151/18/149 153/29/151 152/28/150
f 154/28/152 155/14/153 156/18/154
f 156/18/154 157/29/155 154/28/152
f 158/13/156 155/14/153 159/16/157
f 158/13/156 160/15/158 155/14/153
f 161/20/159 162/21/160 163/23/161
f 161/20/159 164/22/162 162/21/160
f 165/30/163 162/21/160 164/22/162
f 166/5/164 1/1/1 3/3/3
f 167/28/165 168/14/166 169/18/167
f 169/18/167 170/29/168 167/28/165
f 171/17/169 172/19/170 169/18/167
f 169/18/167 168/14/166 171/17/169
f 173/13/171 168/14/166 174/16/172
f 173/13/171 175/15/173 168/14/166
f 176/20/174 177/21/175 178/23/176
f 176/20/174 179/22/177 177/21/175
f 180/30/178 177/21/175 179/22/177
f 3/3/3 181/6/179 166/5/164
f 182/13/180 183/14/181 184/16/182
f 182/13/180 185/15/183 183/14/181
f 186/28/184 187/14/185 188/18/186
f 188/18/186 189/29/187 186/28/184
f 190/31/188 191/32/189 192/33/190
f 192/33/190 193/34/191 190/31/188
f 194/31/192 195/32/193 196/33/194
f 195/32/193 194/31/192 197/35/195
f 197/35/195 198/36/196 195/32/193
f 199/4/197 166/5/164 181/6/179
f 200/32/198 201/37/199 202/38/200
f 201/37/199 200/32/198 203/33/201
f 200/32/198 204/36/202 205/35/203
f 205/35/203 206/31/204 200/32/198
f 203/33/201 200/32/198 206/31/204
f 206/31/204 207/34/205 203/33/201
f 208/32/206 209/37/207 210/38/208
f 210/38/208 211/36/209 208/32/206
f 209/37/207 208/32/206 212/33/210
f 199/4/197 213/7/211 166/5/164
f 214/32/212 215/37/213 216/38/214
f 215/37/213 214/32/212 217/33/215
f 218/8/216 219/7/217 220/5/218
f 220/5/218 221/9/219 218/8/216
f 222/37/220 223/39/221 224/33/222
f 224/33/222 225/32/223 222/37/220
f 226/38/224 222/37/220 225/32/223
f 225/32/223 227/36/225 226/38/224
f 228/35/226 227/36/225 225/32/223
f 225/32/223 229/31/227 228/35/226
f 229/31/227 225/32/223 224/33/222
f 224/33/222 230/34/228 229/31/227
f 231/34/229 232/33/230 233/40/231
f 232/33/230 231/34/229 234/31/232
f 235/33/233 236/39/234 237/37/235
f 237/37/235 238/32/236 235/33/233
f 238/32/236 237/37/235 239/38/237
f 239/38/237 240/36/238 238/32/236
f 238/32/236 240/36/238 241/35/239
f 241/35/239 242/31/240 238/32/236
f 235/33/233 238/32/236 242/31/240
f 242/31/240 243/34/241 235/33/233
f 244/32/242 245/36/243 246/38/244
f 247/35/245 245/36/243 244/32/242
f 248/17/246 249/19/247 188/18/186
f 188/18/186 187/14/185 248/17/246
f 2/2/2 1/1/1 250/41/248
f 251/8/249 166/5/164 213/7/211
f 252/12/250 253/1/251 254/10/252
f 166/5/164 251/8/249 255/9/253
f 253/1/251 256/11/254 254/10/252
f 257/11/255 166/5/164 255/9/253
f 258/5/256 256/11/254 253/1/251
f 257/11/255 1/1/1 166/5/164
f 259/12/257 1/1/1 260/10/258
f 1/1/1 257/11/255 260/10/258
f 256/11/254 258/5/256 261/9/259
f 262/41/260 263/2/261 264/1/262
f 265/5/263 264/1/262 266/3/264
f 264/1/262 263/2/261 266/3/264
f 258/5/256 267/8/265 261/9/259
f 266/3/264 268/6/266 265/5/263
f 267/8/265 258/5/256 269/7/267
f 270/4/268 265/5/263 268/6/266
f 271/4/269 269/7/267 258/5/256
f 270/4/268 272/7/270 265/5/263
f 271/4/269 258/5/256 273/6/271
f 274/8/272 265/5/263 272/7/270
f 275/3/273 273/6/271 258/5/256
f 265/5/263 274/8/272 276/9/274
f 258/5/256 253/1/251 275/3/273
f 277/11/275 265/5/263 276/9/274
f 253/1/251 278/2/276 275/3/273
f 265/5/263 277/11/275 264/1/262
f 279/41/277 278/2/276 253/1/251
f 264/1/262 277/11/275 280/10/278
f 281/12/279 282/1/280 283/10/281
f 284/12/282 264/1/262 280/10/278
f 282/1/280 285/11/283 283/10/281
f 286/41/284 287/2/285 288/1/286
f 289/5/287 285/11/283 282/1/280
f 288/1/286 287/2/285 290/3/288
f 285/11/283 289/5/287 291/9/289
f 5/5/5 288/1/286 290/3/288
f 289/5/287 292/8/290 291/9/289
f 290/3/288 6/6/6 5/5/5
f 292/8/290 289/5/287 293/7/291
f 294/11/292 5/5/5 9/9/9
f 295/4/293 293/7/291 289/5/287
f 5/5/5 294/11/292 288/1/286
f 296/12/294 288/1/286 297/10/295
f 288/1/286 294/11/292 297/10/295
f 295/4/293 289/5/287 298/6/296
f 299/40/297 300/42/298 301/43/299
f 302/3/300 298/6/296 289/5/287
f 299/40/297 301/43/299 303/39/301
f 289/5/287 282/1/280 302/3/300
f 303/39/301 304/33/302 299/40/297
f 282/1/280 305/2/303 302/3/300
f 304/33/302 303/39/301 306/37/304
f 307/41/305 305/2/303 282/1/280
f 306/37/304 308/32/306 304/33/302
f 309/12/307 310/1/308 311/10/309
f 310/1/308 312/11/310 311/10/309
f 313/5/311 312/11/310 310/1/308
f 308/32/306 306/37/304 314/38/312
f 312/11/310 313/5/311 315/9/313
f 313/5/311 316/8/314 315/9/313
f 316/8/314 313/5/311 317/7/315
f 314/38/312 318/36/316 308/32/306
f 319/4/317 317/7/315 313/5/311
f 320/44/318 318/36/316 314/38/312
f 319/4/317 313/5/311 321/6/319
f 320/44/318 322/35/320 318/36/316
f 323/3/321 321/6/319 313/5/311
f 308/32/306 318/36/316 322/35/320
f 313/5/311 310/1/308 323/3/321
f 310/1/308 324/2/322 323/3/321
f 325/41/323 324/2/322 310/1/308
f 322/35/320 326/31/324 308/32/306
f 327/40/325 328/43/326 329/42/327
f 304/33/302 308/32/306 326/31/324
f 330/39/328 328/43/326 327/40/325
f 326/31/324 331/34/329 304/33/302
f 327/40/325 332/33/330 330/39/328
f 299/40/297 333/45/331 334/46/332
f 335/37/333 330/39/328 332/33/330
f 331/34/329 333/45/331 299/40/297
f 332/33/330 244/32/242 335/37/333
f 299/40/297 304/33/302 331/34/329
f 246/38/244 335/37/333 244/32/242
f 15/5/15 10/1/10 12/11/12
f 336/44/334 246/38/244 245/36/243
f 12/11/12 337/9/335 15/5/15
f 336/44/334 245/36/243 247/35/245
f 15/5/15 337/9/335 338/8/336
f 244/32/242 339/31/337 247/35/245
f 338/8/336 16/7/16 15/5/15
f 339/31/337 244/32/242 332/33/330
f 340/3/338 15/5/15 17/6/17
f 332/33/330 341/34/339 339/31/337
f 342/41/340 10/1/10 343/2/341
f 10/1/10 340/3/338 343/2/341
f 15/5/15 340/3/338 10/1/10
f 341/34/339 332/33/330 327/40/325
f 344/47/342 345/48/343 346/49/344
f 327/40/325 347/45/345 341/34/339
f 348/50/346 349/51/347 350/52/348
f 327/40/325 351/46/349 347/45/345
f 352/47/350 353/48/351 354/49/352
f 355/40/353 356/45/354 357/46/355
f 358/50/356 359/51/357 360/52/358
f 243/34/241 356/45/354 355/40/353
f 361/30/359 362/48/360 363/49/361
f 355/40/353 235/33/233 243/34/241
f 363/49/361 364/22/362 361/30/359
f 365/44/363 241/35/239 240/36/238
f 361/30/359 364/22/362 366/21/364
f 365/44/363 240/36/238 239/38/237
f 367/20/365 366/21/364 364/22/362
f 236/39/234 235/33/233 355/40/353
f 367/20/365 368/23/366 366/21/364
f 355/40/353 369/43/367 236/39/234
f 370/27/368 368/23/366 367/20/365
f 355/40/353 371/42/369 369/43/367
f 367/20/365 372/26/370 370/27/368
f 233/40/231 373/46/371 374/45/372
f 21/16/21 375/53/373 376/54/374
f 233/40/231 374/45/372 231/34/229
f 375/53/373 21/16/21 18/13/18
f 234/31/232 377/32/375 232/33/230
f 378/55/376 18/13/18 20/15/20
f 377/32/375 234/31/232 379/35/377
f 20/15/20 380/56/378 378/55/376
f 379/35/377 381/36/379 377/32/375
f 20/15/20 382/57/380 380/56/378
f 383/44/381 381/36/379 379/35/377
f 20/15/20 19/14/19 382/57/380
f 383/44/381 384/38/382 381/36/379
f 19/14/19 22/17/22 382/57/380
f 377/32/375 381/36/379 384/38/382
f 23/18/23 385/58/383 24/19/24
f 384/38/382 386/37/384 377/32/375
f 23/18/23 387/59/385 385/58/383
f 232/33/230 377/32/375 386/37/384
f 23/18/23 388/60/386 387/59/385
f 386/37/384 389/39/387 232/33/230
f 23/18/23 390/29/366 388/60/386
f 233/40/231 232/33/230 389/39/387
f 391/28/388 390/29/366 23/18/23
f 389/39/387 392/43/389 233/40/231
f 23/18/23 19/14/19 391/28/388
f 233/40/231 392/43/389 393/42/390
f 19/14/19 394/61/359 391/28/388
f 395/40/391 396/46/392 397/45/393
f 21/16/21 394/61/359 19/14/19
f 395/40/391 397/45/393 230/34/228
f 21/16/21 376/54/374 394/61/359
f 230/34/228 224/33/222 395/40/391
f 398/50/394 399/51/395 400/52/396
f 401/44/397 227/36/225 228/35/226
f 402/51/398 403/22/399 404/62/400
f 401/44/397 226/38/224 227/36/225
f 405/49/401 404/62/400 403/22/399
f 395/40/391 224/33/222 223/39/221
f 406/30/402 407/48/403 405/49/401
f 223/39/221 408/43/404 395/40/391
f 405/49/401 403/22/399 406/30/402
f 395/40/391 408/43/404 409/42/405
f 410/20/406 411/21/407 403/22/399
f 406/30/402 403/22/399 411/21/407
f 410/20/406 412/23/408 411/21/407
f 413/40/409 414/45/410 415/46/411
f 416/27/412 412/23/408 410/20/406
f 417/34/413 414/45/410 413/40/409
f 410/20/406 418/26/414 416/27/412
f 413/40/409 419/33/415 417/34/413
f 410/20/406 420/63/416 418/26/414
f 421/31/417 417/34/413 419/33/415
f 420/63/416 410/20/406 422/25/418
f 419/33/415 423/32/419 421/31/417
f 424/35/420 421/31/417 423/32/419
f 423/32/419 425/36/421 424/35/420
f 410/20/406 426/24/422 422/25/418
f 427/44/423 424/35/420 425/36/421
f 410/20/406 403/22/399 426/24/422
f 427/44/423 425/36/421 428/38/424
f 429/64/425 426/24/422 403/22/399
f 428/38/424 425/36/421 423/32/419
f 429/64/425 403/22/399 402/51/398
f 423/32/419 430/37/426 428/38/424
f 402/51/398 431/52/427 429/64/425
f 430/37/426 423/32/419 419/33/415
f 432/47/428 433/48/429 434/49/430
f 419/33/415 435/39/431 430/37/426
f 436/49/432 437/48/433 438/30/434
f 435/39/431 419/33/415 413/40/409
f 439/51/435 440/62/436 441/22/437
f 413/40/409 442/43/438 435/39/431
f 443/64/439 444/52/440 439/51/435
f 413/40/409 445/42/441 442/43/438
f 439/51/435 441/22/437 443/64/439
f 446/12/442 447/10/443 448/1/444
f 443/64/439 441/22/437 449/24/445
f 448/1/444 447/10/443 450/11/446
f 451/20/447 449/24/445 441/22/437
f 220/5/218 448/1/444 450/11/446
f 451/20/447 452/25/448 449/24/445
f 450/11/446 221/9/219 220/5/218
f 453/63/449 452/25/448 451/20/447
f 454/4/450 220/5/218 219/7/217
f 451/20/447 455/26/451 453/63/449
f 454/4/450 456/6/452 220/5/218
f 451/20/447 457/27/453 455/26/451
f 458/3/454 220/5/218 456/6/452
f 457/27/453 451/20/447 459/23/455
f 220/5/218 458/3/454 448/1/444
f 460/41/456 448/1/444 461/2/457
f 448/1/444 458/3/454 461/2/457
f 451/20/447 462/21/458 459/23/455
f 463/40/459 464/45/460 465/46/461
f 451/20/447 441/22/437 462/21/458
f 466/34/462 464/45/460 463/40/459
f 438/30/434 462/21/458 441/22/437
f 463/40/459 217/33/215 466/34/462
f 438/30/434 441/22/437 436/49/432
f 467/31/463 466/34/462 217/33/215
f 436/49/432 441/22/437 440/62/436
f 217/33/215 214/32/212 467/31/463
f 468/35/464 467/31/463 214/32/212
f 214/32/212 469/36/465 468/35/464
f 470/64/466 400/52/396 399/51/395
f 471/44/467 468/35/464 469/36/465
f 434/49/430 472/22/468 473/62/469
f 471/44/467 469/36/465 216/38/214
f 216/38/214 469/36/465 214/32/212
f 217/33/215 474/39/470 215/37/213
f 434/49/430 433/48/429 475/30/471
f 474/39/470 217/33/215 463/40/459
f 475/30/471 472/22/468 434/49/430
f 463/40/459 476/43/472 474/39/470
f 475/30/471 477/21/473 472/22/468
f 463/40/459 478/42/474 476/43/472
f 479/20/475 472/22/468 477/21/473
f 480/12/476 481/10/477 482/1/478
f 483/5/479 482/1/478 484/11/480
f 482/1/478 481/10/477 484/11/480
f 479/20/475 477/21/473 485/23/481
f 484/11/480 486/9/482 483/5/479
f 483/5/479 486/9/482 487/8/483
f 487/8/483 488/7/484 483/5/479
f 489/27/485 479/20/475 485/23/481
f 490/4/486 483/5/479 488/7/484
f 479/20/475 489/27/485 491/26/487
f 490/4/486 492/6/488 483/5/479
f 479/20/475 491/26/487 493/63/489
f 494/3/490 483/5/479 492/6/488
f 493/63/489 495/25/491 479/20/475
f 483/5/479 494/3/490 482/1/478
f 479/20/475 495/25/491 496/24/492
f 482/1/478 494/3/490 497/2/493
f 479/20/475 496/24/492 472/22/468
f 498/41/494 482/1/478 497/2/493
f 470/64/466 472/22/468 496/24/492
f 499/40/495 500/45/496 501/46/497
f 399/51/395 472/22/468 470/64/466
f 502/34/498 500/45/496 499/40/495
f 399/51/395 473/62/469 472/22/468
f 499/40/495 212/33/210 502/34/498
f 367/20/365 503/63/499 372/26/370
f 504/31/500 502/34/498 212/33/210
f 503/63/499 367/20/365 505/25/501
f 212/33/210 208/32/206 504/31/500
f 208/32/206 211/36/209 506/35/502
f 506/35/502 504/31/500 208/32/206
f 367/20/365 507/24/503 505/25/501
f 508/44/504 506/35/502 211/36/209
f 509/64/505 507/24/503 364/22/362
f 367/20/365 364/22/362 507/24/503
f 509/64/505 364/22/362 510/51/506
f 508/44/504 211/36/209 210/38/208
f 510/51/506 511/52/507 509/64/505
f 212/33/210 512/39/508 209/37/207
f 510/51/506 364/22/362 513/62/509
f 512/39/508 212/33/210 499/40/495
f 363/49/361 513/62/509 364/22/362
f 499/40/495 514/43/510 512/39/508
f 515/47/511 516/48/512 517/49/513
f 499/40/495 518/42/514 514/43/510
f 519/51/515 27/22/27 520/62/516
f 521/12/517 522/10/518 523/1/519
f 524/64/520 27/22/27 519/51/515
f 523/1/519 522/10/518 525/11/521
f 524/64/520 526/24/522 27/22/27
f 527/5/523 523/1/519 525/11/521
f 25/20/25 27/22/27 526/24/522
f 525/11/521 528/9/524 527/5/523
f 25/20/25 526/24/522 529/25/64
f 527/5/523 528/9/524 530/8/525
f 531/63/526 25/20/25 529/25/64
f 530/8/525 532/7/527 527/5/523
f 533/50/528 534/51/529 535/52/530
f 536/4/531 527/5/523 532/7/527
f 25/20/25 531/63/526 537/26/532
f 536/4/531 538/6/533 527/5/523
f 25/20/25 537/26/532 539/27/534
f 540/3/535 527/5/523 538/6/533
f 539/27/534 28/23/28 25/20/25
f 527/5/523 540/3/535 523/1/519
f 541/30/536 27/22/27 26/21/26
f 523/1/519 540/3/535 542/2/537
f 543/49/538 27/22/27 541/30/536
f 544/41/539 523/1/519 542/2/537
f 541/30/536 545/48/540 543/49/538
f 546/40/541 547/45/542 548/46/543
f 543/49/538 520/62/516 27/22/27
f 207/34/205 547/45/542 546/40/541
f 519/51/515 549/52/544 524/64/520
f 546/40/541 203/33/201 207/34/205
f 550/64/545 551/52/546 552/51/547
f 553/44/548 205/35/203 204/36/202
f 552/51/547 554/22/549 550/64/545
f 553/44/548 204/36/202 202/38/200
f 550/64/545 554/22/549 555/24/550
f 202/38/200 204/36/202 200/32/198
f 556/20/551 555/24/550 554/22/549
f 203/33/201 557/39/552 201/37/199
f 556/20/551 558/25/42 555/24/550
f 557/39/552 203/33/201 546/40/541
f 559/63/553 558/25/42 556/20/551
f 546/40/541 560/43/554 557/39/552
f 556/20/551 561/26/555 559/63/553
f 546/40/541 562/42/556 560/43/554
f 556/20/551 563/27/557 561/26/555
f 564/12/558 565/10/559 566/1/560
f 566/1/560 565/10/559 567/11/561
f 568/5/562 566/1/560 567/11/561
f 563/27/557 556/20/551 569/23/563
f 567/11/561 570/9/564 568/5/562
f 571/30/565 572/21/566 554/22/549
f 556/20/551 554/22/549 572/21/566
f 556/20/551 572/21/566 569/23/563
f 568/5/562 570/9/564 573/8/567
f 571/30/565 554/22/549 574/49/568
f 573/8/567 575/7/569 568/5/562
f 574/49/568 576/48/570 571/30/565
f 577/4/571 568/5/562 575/7/569
f 574/49/568 554/22/549 578/62/572
f 577/4/571 579/6/573 568/5/562
f 552/51/547 578/62/572 554/22/549
f 580/3/574 568/5/562 579/6/573
f 581/50/575 582/51/576 583/52/577
f 568/5/562 580/3/574 566/1/560
f 584/51/578 32/22/32 585/62/579
f 566/1/560 580/3/574 586/2/580
f 587/47/581 588/48/582 589/49/583
f 590/41/584 566/1/560 586/2/580
f 591/64/585 32/22/32 584/51/578
f 592/12/586 593/10/587 594/1/588
f 595/5/589 594/1/588 596/11/590
f 594/1/588 593/10/587 596/11/590
f 591/64/585 30/24/30 32/22/32
f 596/11/590 597/9/591 595/5/589
f 598/63/592 29/20/29 31/25/31
f 595/5/589 597/9/591 599/8/593
f 29/20/29 598/63/592 600/26/594
f 599/8/593 601/7/595 595/5/589
f 29/20/29 600/26/594 602/27/596
f 603/4/597 595/5/589 601/7/595
f 602/27/596 604/23/55 29/20/29
f 603/4/597 605/6/598 595/5/589
f 29/20/29 604/23/55 606/21/599
f 607/3/600 595/5/589 605/6/598
f 608/30/601 32/22/32 606/21/599
f 29/20/29 606/21/599 32/22/32
f 609/49/602 32/22/32 608/30/601
f 595/5/589 607/3/600 594/1/588
f 610/41/603 594/1/588 611/2/604
f 594/1/588 607/3/600 611/2/604
f 608/30/601 612/48/605 609/49/602
f 613/40/606 614/46/607 615/45/608
f 609/49/602 585/62/579 32/22/32
f 613/40/606 615/45/608 616/34/609
f 584/51/578 617/52/610 591/64/585
f 616/34/609 196/33/194 613/40/606
f 618/47/611 437/48/433 436/49/432
f 196/33/194 616/34/609 194/31/192
f 619/50/612 439/51/435 444/52/440
f 620/44/291 198/36/196 197/35/195
f 621/47/613 622/48/614 623/49/615
f 620/44/291 624/38/616 198/36/196
f 195/32/193 198/36/196 624/38/616
f 624/38/616 625/37/617 195/32/193
f 626/50/618 627/51/619 628/52/620
f 196/33/194 195/32/193 625/37/617
f 629/47/621 630/48/622 631/49/623
f 625/37/617 632/39/624 196/33/194
f 633/47/625 609/49/602 612/48/605
f 613/40/606 196/33/194 632/39/624
f 634/50/626 635/51/627 636/52/628
f 632/39/624 637/43/629 613/40/606
f 638/51/630 639/22/631 640/62/632
f 613/40/606 637/43/629 641/42/633
f 642/64/634 639/22/631 638/51/630
f 643/40/635 644/46/636 645/45/637
f 646/20/638 639/22/631 647/24/639
f 642/64/634 647/24/639 639/22/631
f 646/20/638 647/24/639 648/25/640
f 643/40/635 645/45/637 649/34/641
f 650/63/642 646/20/638 648/25/640
f 649/34/641 651/33/643 643/40/635
f 652/50/644 653/51/645 654/52/646
f 651/33/643 649/34/641 655/31/647
f 646/20/638 650/63/642 656/26/648
f 655/31/647 657/32/649 651/33/643
f 658/35/650 659/36/651 657/32/649
f 657/32/649 655/31/647 658/35/650
f 646/20/638 656/26/648 660/27/652
f 661/44/653 659/36/651 658/35/650
f 660/27/652 662/23/654 646/20/638
f 661/44/653 663/38/655 659/36/651
f 646/20/638 662/23/654 664/21/656
f 651/33/643 657/32/649 665/37/657
f 663/38/655 665/37/657 657/32/649
f 657/32/649 659/36/651 663/38/655
f 666/30/658 639/22/631 664/21/656
f 646/20/638 664/21/656 639/22/631
f 667/49/659 639/22/631 666/30/658
f 665/37/657 668/39/660 651/33/643
f 666/30/658 669/48/661 667/49/659
f 643/40/635 651/33/643 668/39/660
f 667/49/659 640/62/632 639/22/631
f 668/39/660 670/43/662 643/40/635
f 638/51/630 671/52/663 642/64/634
f 643/40/635 670/43/662 672/42/664
f 673/50/665 671/52/663 638/51/630
f 674/40/666 675/46/667 676/45/668
f 677/47/669 667/49/659 669/48/661
f 674/40/666 676/45/668 193/34/191
f 678/47/670 679/49/671 680/48/672
f 193/34/191 192/33/190 674/40/666
f 681/50/673 511/52/507 510/51/506
f 191/32/189 190/31/188 682/35/674
f 679/49/671 683/62/675 684/22/676
f 682/35/674 685/36/677 191/32/189
f 686/51/678 684/22/676 683/62/675
f 687/44/679 685/36/677 682/35/674
f 688/64/680 684/22/676 686/51/678
f 687/44/679 689/38/681 685/36/677
f 690/20/682 684/22/676 691/24/683
f 688/64/680 691/24/683 684/22/676
f 690/20/682 691/24/683 692/25/99
f 191/32/189 685/36/677 689/38/681
f 693/63/684 690/20/682 692/25/99
f 689/38/681 694/37/685 191/32/189
f 192/33/190 191/32/189 694/37/685
f 694/37/685 695/39/686 192/33/190
f 690/20/682 693/63/684 696/26/687
f 674/40/666 192/33/190 695/39/686
f 690/20/682 696/26/687 697/27/688
f 695/39/686 698/43/689 674/40/666
f 697/27/688 699/23/690 690/20/682
f 674/40/666 698/43/689 700/42/691
f 690/20/682 699/23/690 701/21/692
f 702/50/693 617/52/610 584/51/578
f 690/20/682 701/21/692 684/22/676
f 703/47/694 704/49/695 705/48/696
f 706/30/697 684/22/676 701/21/692
f 707/50/698 708/52/699 709/51/700
f 679/49/671 684/22/676 706/30/697
f 709/51/700 708/52/699 710/64/701
f 711/47/702 712/48/703 713/49/704
f 714/30/705 715/48/706 716/49/707
f 706/30/697 680/48/672 679/49/671
f 716/49/707 717/22/708 714/30/705
f 686/51/678 718/52/709 688/64/680
f 714/30/705 717/22/708 719/21/710
f 720/20/711 719/21/710 717/22/708
f 720/20/711 721/23/712 719/21/710
f 722/50/713 718/52/709 686/51/678
f 723/27/714 721/23/712 720/20/711
f 724/47/715 363/49/361 362/48/360
f 720/20/711 725/26/716 723/27/714
f 726/47/717 727/49/718 728/48/719
f 720/20/711 729/63/720 725/26/716
f 730/50/721 549/52/544 519/51/515
f 729/63/720 720/20/711 731/25/722
f 727/49/718 732/62/723 733/22/724
f 720/20/711 734/24/725 731/25/722
f 735/51/726 733/22/724 732/62/723
f 720/20/711 717/22/708 734/24/725
f 736/64/727 733/22/724 735/51/726
f 710/64/701 734/24/725 717/22/708
f 737/20/728 733/22/724 738/24/729
f 736/64/727 738/24/729 733/22/724
f 737/20/728 738/24/729 739/25/92
f 710/64/701 717/22/708 709/51/700
f 740/50/730 552/51/547 551/52/546
f 709/51/700 717/22/708 741/62/731
f 742/63/732 737/20/728 739/25/92
f 716/49/707 741/62/731 717/22/708
f 737/20/728 742/63/732 743/26/733
f 744/50/734 745/52/735 746/51/736
f 737/20/728 743/26/733 747/27/737
f 748/47/738 716/49/707 715/48/706
f 747/27/737 749/23/739 737/20/728
f 750/47/740 751/49/741 752/48/742
f 737/20/728 749/23/739 753/21/743
f 754/50/744 755/52/745 756/51/746
f 737/20/728 753/21/743 733/22/724
f 756/51/746 755/52/745 757/64/747
f 758/30/748 733/22/724 753/21/743
f 759/30/749 760/48/750 761/49/751
f 727/49/718 733/22/724 758/30/748
f 761/49/751 762/22/752 759/30/749
f 758/30/748 728/48/719 727/49/718
f 759/30/749 762/22/752 763/21/753
f 735/51/726 764/52/754 736/64/727
f 33/20/33 763/21/753 762/22/752
f 765/50/755 764/52/754 735/51/726
f 33/20/33 36/23/36 763/21/753
f 766/47/756 543/49/538 545/48/540
f 767/13/757 768/15/758 187/14/185
f 769/47/759 576/48/570 574/49/568
f 767/13/757 187/14/185 770/16/760
f 771/47/761 405/49/401 407/48/403
f 772/53/762 767/13/757 770/16/760
f 773/51/763 774/22/764 775/62/765
f 770/16/760 776/54/766 772/53/762
f 777/64/767 774/22/764 773/51/763
f 778/55/768 768/15/758 767/13/757
f 779/20/769 774/22/764 780/24/770
f 777/64/767 780/24/770 774/22/764
f 779/20/769 780/24/770 781/25/771
f 768/15/758 778/55/768 782/56/772
f 783/63/773 779/20/769 781/25/771
f 768/15/758 782/56/772 784/57/774
f 779/20/769 783/63/773 785/26/775
f 768/15/758 784/57/774 187/14/185
f 779/20/769 785/26/775 786/27/776
f 187/14/185 784/57/774 248/17/246
f 786/27/776 787/23/69 779/20/769
f 188/18/186 249/19/247 788/58/777
f 779/20/769 787/23/69 789/21/778
f 188/18/186 788/58/777 790/59/779
f 779/20/769 789/21/778 774/22/764
f 188/18/186 790/59/779 791/60/780
f 792/30/781 774/22/764 789/21/778
f 188/18/186 791/60/780 189/29/187
f 793/49/782 774/22/764 792/30/781
f 187/14/185 186/28/184 794/61/783
f 792/30/781 795/48/784 793/49/782
f 770/16/760 187/14/185 794/61/783
f 793/49/782 775/62/765 774/22/764
f 770/16/760 794/61/783 776/54/766
f 796/50/785 797/51/786 798/52/787
f 799/51/788 800/62/789 801/22/790
f 773/51/763 802/52/791 777/64/767
f 799/51/788 801/22/790 803/64/774
f 804/50/792 802/52/791 773/51/763
f 803/64/774 801/22/790 805/24/793
f 806/20/794 805/24/793 801/22/790
f 806/20/794 807/25/795 805/24/793
f 808/50/796 431/52/427 402/51/398
f 809/63/797 807/25/795 806/20/794
f 810/47/798 793/49/782 795/48/784
f 806/20/794 811/26/799 809/63/797
f 812/47/800 761/49/751 760/48/750
f 806/20/794 813/27/801 811/26/799
f 814/51/802 815/22/803 816/62/804
f 813/27/801 806/20/794 817/23/805
f 818/64/806 815/22/803 814/51/802
f 806/20/794 819/21/807 817/23/805
f 820/20/808 815/22/803 821/24/809
f 818/64/806 821/24/809 815/22/803
f 820/20/808 821/24/809 822/25/810
f 806/20/794 801/22/790 819/21/807
f 823/63/811 820/20/808 822/25/810
f 824/30/812 819/21/807 801/22/790
f 820/20/808 823/63/811 825/26/813
f 824/30/812 801/22/790 826/49/814
f 820/20/808 825/26/813 827/27/815
f 826/49/814 828/48/816 824/30/812
f 827/27/815 829/23/817 820/20/808
f 826/49/814 801/22/790 800/62/789
f 820/20/808 829/23/817 830/21/818
f 803/64/774 831/52/819 799/51/788
f 832/47/820 833/48/821 834/49/822
f 835/53/823 182/13/180 184/16/182
f 836/30/824 815/22/803 830/21/818
f 820/20/808 830/21/818 815/22/803
f 751/49/741 815/22/803 836/30/824
f 184/16/182 837/54/825 835/53/823
f 836/30/824 752/48/742 751/49/741
f 838/55/826 185/15/183 182/13/180
f 751/49/741 816/62/804 815/22/803
f 185/15/183 838/55/826 839/56/827
f 814/51/802 840/52/828 818/64/806
f 185/15/183 839/56/827 841/57/829
f 842/50/830 840/52/828 814/51/802
f 185/15/183 841/57/829 183/14/181
f 761/49/751 843/62/831 762/22/752
f 183/14/181 841/57/829 844/17/832
f 756/51/746 762/22/752 843/62/831
f 845/18/833 183/14/181 844/17/832
f 757/64/747 762/22/752 756/51/746
f 844/17/832 846/19/834 845/18/833
f 33/20/33 762/22/752 847/24/835
f 757/64/747 847/24/835 762/22/752
f 33/20/33 847/24/835 848/25/836
f 845/18/833 846/19/834 849/58/837
f 850/63/838 33/20/33 848/25/836
f 845/18/833 849/58/837 851/59/839
f 33/20/33 850/63/838 34/26/34
f 845/18/833 851/59/839 852/60/840
f 853/64/841 636/52/628 635/51/627
f 845/18/833 852/60/840 854/29/842
f 631/49/623 855/22/843 856/62/844
f 845/18/833 854/29/842 857/28/845
f 631/49/623 630/48/622 858/30/846
f 857/28/845 183/14/181 845/18/833
f 858/30/846 855/22/843 631/49/623
f 183/14/181 857/28/845 859/61/847
f 860/20/848 855/22/843 861/21/849
f 858/30/846 861/21/849 855/22/843
f 860/20/848 861/21/849 862/23/850
f 184/16/182 183/14/181 859/61/847
f 863/27/851 860/20/848 862/23/850
f 184/16/182 859/61/847 837/54/825
f 860/20/848 863/27/851 864/26/852
f 797/51/786 865/62/853 179/22/177
f 860/20/848 864/26/852 866/63/854
f 797/51/786 179/22/177 867/64/855
f 866/63/854 868/25/856 860/20/848
f 867/64/855 179/22/177 869/24/857
f 176/20/174 869/24/857 179/22/177
f 176/20/174 870/25/834 869/24/857
f 860/20/848 868/25/856 871/24/858
f 872/63/859 870/25/834 176/20/174
f 853/64/841 855/22/843 871/24/858
f 860/20/848 871/24/858 855/22/843
f 635/51/627 855/22/843 853/64/841
f 176/20/174 873/26/860 872/63/859
f 635/51/627 856/62/844 855/22/843
f 176/20/174 874/27/861 873/26/860
f 44/16/44 875/61/862 876/54/863
f 874/27/861 176/20/174 178/23/176
f 44/16/44 38/14/38 875/61/862
f 180/30/178 179/22/177 834/49/822
f 38/14/38 37/28/37 875/61/862
f 834/49/822 833/48/821 180/30/178
f 39/18/39 877/60/864 40/29/40
f 834/49/822 179/22/177 865/62/853
f 39/18/39 878/59/865 877/60/864
f 867/64/855 798/52/787 797/51/786
f 39/18/39 879/58/866 878/59/865
f 880/53/867 173/13/171 174/16/172
f 39/18/39 42/19/42 879/58/866
f 174/16/172 881/54/868 880/53/867
f 38/14/38 882/57/869 41/17/41
f 883/55/870 175/15/173 173/13/171
f 45/15/45 882/57/869 38/14/38
f 175/15/173 883/55/870 884/56/871
f 45/15/45 885/56/872 882/57/869
f 175/15/173 884/56/871 886/57/873
f 45/15/45 887/55/874 885/56/872
f 175/15/173 886/57/873 168/14/166
f 887/55/874 45/15/45 43/13/43
f 168/14/166 886/57/873 171/17/169
f 44/16/44 876/54/863 888/53/875
f 169/18/167 172/19/170 889/58/876
f 888/53/875 43/13/43 44/16/44
f 169/18/167 889/58/876 890/59/877
f 891/15/878 892/57/879 893/56/880
f 169/18/167 890/59/877 894/60/881
f 895/16/882 896/54/883 897/61/884
f 169/18/167 894/60/881 170/29/168
f 895/16/882 897/61/884 47/14/47
f 168/14/166 167/28/165 898/61/885
f 47/14/47 897/61/884 48/28/48
f 174/16/172 168/14/166 898/61/885
f 46/18/46 49/29/49 899/60/886
f 174/16/172 898/61/885 881/54/868
f 46/18/46 899/60/886 900/59/887
f 653/51/645 901/62/888 164/22/162
f 46/18/46 900/59/887 902/58/889
f 653/51/645 164/22/162 903/64/890
f 46/18/46 902/58/889 50/19/50
f 903/64/890 164/22/162 904/24/169
f 47/14/47 51/17/51 892/57/879
f 161/20/159 904/24/169 164/22/162
f 891/15/878 47/14/47 892/57/879
f 161/20/159 905/25/891 904/24/169
f 906/13/892 47/14/47 891/15/878
f 907/63/893 905/25/891 161/20/159
f 908/55/894 906/13/892 891/15/878
f 161/20/159 909/26/895 907/63/893
f 891/15/878 893/56/880 908/55/894
f 161/20/159 910/27/896 909/26/895
f 906/13/892 895/16/882 47/14/47
f 910/27/896 161/20/159 163/23/161
f 911/53/897 895/16/882 906/13/892
f 165/30/163 164/22/162 713/49/704
f 895/16/882 911/53/897 896/54/883
f 713/49/704 712/48/703 165/30/163
f 60/16/59 912/54/898 913/61/899
f 713/49/704 164/22/162 901/62/888
f 60/16/59 913/61/899 53/14/53
f 903/64/890 654/52/646 653/51/645
f 53/14/53 913/61/899 54/28/54
f 914/53/900 158/13/156 159/16/157
f 52/18/52 55/29/55 915/60/901
f 159/16/157 916/54/902 914/53/900
f 52/18/52 915/60/901 917/59/903
f 918/55/904 160/15/158 158/13/156
f 52/18/52 917/59/903 919/58/905
f 160/15/158 918/55/904 920/56/906
f 52/18/52 919/58/905 56/19/31
f 160/15/158 920/56/906 921/57/907
f 53/14/53 57/17/56 922/57/908
f 160/15/158 921/57/907 155/14/153
f 59/15/58 53/14/53 922/57/908
f 155/14/153 921/57/907 923/17/909
f 59/15/58 922/57/908 924/56/910
f 156/18/154 155/14/153 923/17/909
f 59/15/58 924/56/910 925/55/911
f 923/17/909 926/19/912 156/18/154
f 925/55/911 58/13/57 59/15/58
f 156/18/154 926/19/912 927/58/913
f 928/53/914 60/16/59 58/13/57
f 156/18/154 927/58/913 929/59/915
f 60/16/59 928/53/914 912/54/898
f 156/18/154 929/59/915 930/60/916
f 931/16/917 932/54/918 933/61/919
f 156/18/154 930/60/916 157/29/155
f 931/16/917 933/61/919 934/14/920
f 155/14/153 154/28/152 935/61/921
f 934/14/920 933/61/919 936/28/922
f 159/16/157 155/14/153 935/61/921
f 937/18/923 934/14/920 936/28/922
f 159/16/157 935/61/921 916/54/902
f 936/28/922 938/29/654 937/18/923
f 534/51/529 939/62/924 940/22/925
f 937/18/923 938/29/654 941/60/926
f 534/51/529 940/22/925 942/64/927
f 937/18/923 941/60/926 943/59/928
f 942/64/927 940/22/925 944/24/929
f 945/20/930 944/24/929 940/22/925
f 945/20/930 946/25/931 944/24/929
f 937/18/923 943/59/928 947/58/932
f 948/63/933 946/25/931 945/20/930
f 937/18/923 947/58/932 949/19/640
f 945/20/930 950/26/934 948/63/933
f 937/18/923 949/19/640 951/17/935
f 945/20/930 952/27/936 950/26/934
f 951/17/935 934/14/920 937/18/923
f 952/27/936 945/20/930 953/23/155
f 934/14/920 951/17/935 954/57/937
f 945/20/930 955/21/938 953/23/155
f 956/15/939 934/14/920 954/57/937
f 945/20/930 940/22/925 955/21/938
f 957/30/940 955/21/938 940/22/925
f 957/30/940 940/22/925 589/49/583
f 956/15/939 954/57/937 958/56/941
f 589/49/583 588/48/582 957/30/940
f 956/15/939 958/56/941 959/55/665
f 589/49/583 940/22/925 939/62/924
f 959/55/665 960/13/942 956/15/939
f 942/64/927 535/52/530 534/51/529
f 960/13/942 934/14/920 956/15/939
f 961/53/943 145/13/143 147/16/145
f 960/13/942 931/16/917 934/14/920
f 147/16/145 962/54/944 961/53/943
f 963/53/945 931/16/917 960/13/942
f 151/18/149 150/19/148 964/58/946
f 931/16/917 963/53/945 932/54/918
f 151/18/149 964/58/946 965/59/947
f 966/16/948 967/54/949 968/61/950
f 151/18/149 965/59/947 969/60/951
f 966/16/948 968/61/950 62/14/61
f 151/18/149 969/60/951 153/29/151
f 62/14/61 968/61/950 63/28/62
f 146/14/144 970/57/952 149/17/147
f 61/18/60 64/29/63 971/60/953
f 148/15/146 970/57/952 146/14/144
f 61/18/60 971/60/953 972/59/954
f 148/15/146 973/56/955 970/57/952
f 61/18/60 972/59/954 974/58/956
f 148/15/146 975/55/957 973/56/955
f 61/18/60 974/58/956 65/19/64
f 975/55/957 148/15/146 145/13/143
f 62/14/61 66/17/65 976/57/958
f 147/16/145 146/14/144 977/61/959
f 978/15/960 62/14/61 976/57/958
f 147/16/145 977/61/959 962/54/944
f 978/15/960 976/57/958 979/56/961
f 146/14/144 152/28/150 977/61/959
f 978/15/960 979/56/961 980/55/962
f 981/53/963 142/13/140 143/16/141
f 980/55/962 982/13/964 978/15/960
f 143/16/141 983/54/965 981/53/963
f 982/13/964 62/14/61 978/15/960
f 984/55/346 144/15/142 142/13/140
f 982/13/964 966/16/948 62/14/61
f 144/15/142 984/55/346 985/56/966
f 986/53/967 966/16/948 982/13/964
f 144/15/142 985/56/966 987/57/968
f 966/16/948 986/53/967 967/54/949
f 144/15/142 987/57/968 137/14/135
f 73/16/72 988/54/969 989/61/781
f 137/14/135 987/57/968 140/17/138
f 73/16/72 989/61/781 68/14/67
f 138/18/136 141/19/139 990/58/970
f 68/14/67 989/61/781 69/28/68
f 138/18/136 990/58/970 991/59/971
f 67/18/66 70/29/69 992/60/972
f 138/18/136 991/59/971 993/60/973
f 67/18/66 992/60/972 994/59/775
f 138/18/136 993/60/973 139/29/137
f 67/18/66 994/59/775 995/58/974
f 137/14/135 136/28/134 996/61/975
f 67/18/66 995/58/974 997/19/976
f 143/16/141 137/14/135 996/61/975
f 67/18/66 997/19/976 998/17/977
f 143/16/141 996/61/975 983/54/965
f 998/17/977 68/14/67 67/18/66
f 349/51/347 999/62/978 1000/22/979
f 68/14/67 998/17/977 1001/57/767
f 349/51/347 1000/22/979 1002/64/980
f 72/15/71 68/14/67 1001/57/767
f 1002/64/980 1000/22/979 1003/24/981
f 1004/20/982 1003/24/981 1000/22/979
f 1004/20/982 1005/25/983 1003/24/981
f 72/15/71 1001/57/767 1006/56/984
f 1007/63/985 1005/25/983 1004/20/982
f 72/15/71 1006/56/984 1008/55/986
f 1004/20/982 1009/26/987 1007/63/985
f 1008/55/986 71/13/70 72/15/71
f 1004/20/982 1010/27/988 1009/26/987
f 1011/53/989 73/16/72 71/13/70
f 1010/27/988 1004/20/982 1012/23/990
f 73/16/72 1011/53/989 988/54/969
f 1004/20/982 1013/21/134 1012/23/990
f 1014/16/991 1015/54/992 1016/61/993
f 1004/20/982 1000/22/979 1013/21/134
f 1017/30/994 1013/21/134 1000/22/979
f 1017/30/994 1000/22/979 346/49/344
f 1014/16/991 1016/61/993 75/14/74
f 346/49/344 345/48/343 1017/30/994
f 75/14/74 1016/61/993 76/28/75
f 346/49/344 1000/22/979 999/62/978
f 74/18/73 77/29/76 1018/60/995
f 1002/64/980 350/52/348 349/51/347
f 74/18/73 1018/60/995 1019/59/813
f 1020/53/996 133/13/131 134/16/132
f 74/18/73 1019/59/813 1021/58/997
f 134/16/132 1022/54/998 1020/53/996
f 74/18/73 1021/58/997 1023/19/999
f 1024/55/1000 135/15/133 133/13/131
f 74/18/73 1023/19/999 1025/17/1001
f 135/15/133 1024/55/1000 1026/56/1002
f 1025/17/1001 75/14/74 74/18/73
f 135/15/133 1026/56/1002 1027/57/1003
f 75/14/74 1025/17/1001 1028/57/806
f 135/15/133 1027/57/1003 132/14/130
f 1029/15/1004 75/14/74 1028/57/806
f 132/14/130 1027/57/1003 129/17/127
f 1029/15/1004 1028/57/806 1030/56/1005
f 131/18/129 130/19/128 1031/58/1006
f 1029/15/1004 1030/56/1005 1032/55/1007
f 131/18/129 1031/58/1006 1033/59/1008
f 1032/55/1007 1034/13/1009 1029/15/1004
f 131/18/129 1033/59/1008 1035/60/1010
f 1034/13/1009 75/14/74 1029/15/1004
f 131/18/129 1035/60/1010 1036/29/1011
f 1034/13/1009 1014/16/991 75/14/74
f 131/18/129 1036/29/1011 1037/28/1012
f 1038/53/740 1014/16/991 1034/13/1009
f 1037/28/1012 132/14/130 131/18/129
f 1014/16/991 1038/53/740 1015/54/992
f 132/14/130 1037/28/1012 1039/61/1013
f 1040/50/1014 799/51/788 831/52/819
f 134/16/132 132/14/130 1039/61/1013
f 746/51/736 745/52/735 1041/64/1015
f 134/16/132 1039/61/1013 1022/54/998
f 1041/64/1015 1042/22/1016 746/51/736
f 359/51/357 1043/62/1017 1044/22/1018
f 1045/20/1019 1042/22/1016 1046/24/1020
f 1041/64/1015 1046/24/1020 1042/22/1016
f 1045/20/1019 1046/24/1020 1047/25/1021
f 359/51/357 1044/22/1018 1048/64/1022
f 1049/63/1023 1045/20/1019 1047/25/1021
f 1048/64/1022 1044/22/1018 1050/24/1024
f 1051/20/1025 1050/24/1024 1044/22/1018
f 1051/20/1025 1052/25/1026 1050/24/1024
f 1045/20/1019 1049/63/1023 1053/26/1027
f 1054/63/1028 1052/25/1026 1051/20/1025
f 1045/20/1019 1053/26/1027 1055/27/1029
f 1051/20/1025 1056/26/1030 1054/63/1028
f 1055/27/1029 1057/23/1031 1045/20/1019
f 1051/20/1025 1058/27/1032 1056/26/1030
f 1045/20/1019 1057/23/1031 1059/21/1033
f 1058/27/1032 1051/20/1025 1060/23/1011
f 1061/30/1034 1042/22/1016 1059/21/1033
f 1051/20/1025 1062/21/1035 1060/23/1011
f 1045/20/1019 1059/21/1033 1042/22/1016
f 1051/20/1025 1044/22/1018 1062/21/1035
f 1063/30/1036 1062/21/1035 1044/22/1018
f 1063/30/1036 1044/22/1018 354/49/352
f 746/51/736 1042/22/1016 1064/62/1037
f 354/49/352 353/48/351 1063/30/1036
f 704/49/695 1064/62/1037 1042/22/1016
f 354/49/352 1044/22/1018 1043/62/1017
f 704/49/695 1042/22/1016 1061/30/1034
f 1048/64/1022 360/52/358 359/51/357
f 1061/30/1034 705/48/696 704/49/695
f 1065/53/1038 125/13/123 127/16/125
f 1066/47/1039 828/48/816 826/49/814
f 127/16/125 1067/54/1040 1065/53/1038
f 79/14/78 1068/61/1034 1069/28/1041
f 1070/55/1042 128/15/126 125/13/123
f 1071/18/1043 79/14/78 1069/28/1041
f 128/15/126 1070/55/1042 1072/56/1044
f 81/16/80 1073/54/1045 1068/61/1034
f 128/15/126 1072/56/1044 1074/57/1046
f 81/16/80 1068/61/1034 79/14/78
f 128/15/126 1074/57/1046 126/14/124
f 1075/55/1047 78/13/77 80/15/79
f 126/14/124 1074/57/1046 1076/17/1048
f 80/15/79 1077/56/1049 1075/55/1047
f 1078/18/1050 126/14/124 1076/17/1048
f 80/15/79 1079/57/1051 1077/56/1049
f 1076/17/1048 1080/19/1052 1078/18/1050
f 80/15/79 79/14/78 1079/57/1051
f 1078/18/1050 1080/19/1052 1081/58/1053
f 79/14/78 1082/17/1054 1079/57/1051
f 1078/18/1050 1081/58/1053 1083/59/1055
f 1082/17/1054 79/14/78 1071/18/1043
f 1078/18/1050 1083/59/1055 1084/60/1056
f 1071/18/1043 1085/19/1057 1082/17/1054
f 1078/18/1050 1084/60/1056 1086/29/1058
f 1071/18/1043 1087/58/1059 1085/19/1057
f 1078/18/1050 1086/29/1058 1088/28/1060
f 1071/18/1043 1089/59/1061 1087/58/1059
f 1088/28/1060 126/14/124 1078/18/1050
f 1071/18/1043 1090/60/1062 1089/59/1061
f 126/14/124 1088/28/1060 1091/61/1063
f 1071/18/1043 1092/29/1064 1090/60/1062
f 127/16/125 126/14/124 1091/61/1063
f 1069/28/1041 1092/29/1064 1071/18/1043
f 127/16/125 1091/61/1063 1067/54/1040
f 1093/53/1065 81/16/80 78/13/77
f 582/51/576 1094/62/1066 1095/22/1067
f 81/16/80 1093/53/1065 1073/54/1045
f 582/51/576 1095/22/1067 1096/64/1068
f 85/16/84 1097/54/1069 1098/61/1070
f 1096/64/1068 1095/22/1067 1099/24/1071
f 85/16/84 1098/61/1070 83/14/82
f 1100/20/1072 1099/24/1071 1095/22/1067
f 83/14/82 1098/61/1070 1101/28/1073
f 1100/20/1072 1102/25/1074 1099/24/1071
f 1103/18/1075 83/14/82 1101/28/1073
f 1104/63/1076 1102/25/1074 1100/20/1072
f 1101/28/1073 1105/29/712 1103/18/1075
f 1100/20/1072 1106/26/1077 1104/63/1076
f 1103/18/1075 1105/29/712 1107/60/1078
f 1100/20/1072 1108/27/1079 1106/26/1077
f 1103/18/1075 1107/60/1078 1109/59/1080
f 1108/27/1079 1100/20/1072 1110/23/1081
f 1103/18/1075 1109/59/1080 1111/58/1082
f 1100/20/1072 1112/21/1060 1110/23/1081
f 1103/18/1075 1111/58/1082 1113/19/1083
f 1100/20/1072 1095/22/1067 1112/21/1060
f 1103/18/1075 1113/19/1083 1114/17/1084
f 1115/30/1085 1112/21/1060 1095/22/1067
f 1114/17/1084 83/14/82 1103/18/1075
f 1115/30/1085 1095/22/1067 517/49/513
f 83/14/82 1114/17/1084 1116/57/701
f 517/49/513 516/48/512 1115/30/1085
f 84/15/83 83/14/82 1116/57/701
f 517/49/513 1095/22/1067 1094/62/1066
f 84/15/83 1116/57/701 1117/56/1086
f 1096/64/1068 583/52/577 582/51/576
f 84/15/83 1117/56/1086 1118/55/1087
f 1119/53/1088 121/13/119 123/16/121
f 1118/55/1087 82/13/81 84/15/83
f 123/16/121 1120/54/1089 1119/53/1088
f 1121/53/1090 85/16/84 82/13/81
f 1122/55/1091 124/15/122 121/13/119
f 85/16/84 1121/53/1090 1097/54/1069
f 124/15/122 1122/55/1091 1123/56/1092
f 92/16/90 1124/54/1093 1125/61/1094
f 124/15/122 1123/56/1092 1126/57/1095
f 92/16/90 1125/61/1094 87/14/86
f 124/15/122 1126/57/1095 122/14/120
f 87/14/86 1125/61/1094 88/28/87
f 122/14/120 1126/57/1095 1127/17/1096
f 86/18/85 89/29/36 1128/60/1097
f 1129/18/1098 122/14/120 1127/17/1096
f 86/18/85 1128/60/1097 1130/59/1099
f 1127/17/1096 1131/19/448 1129/18/1098
f 86/18/85 1130/59/1099 1132/58/1100
f 1129/18/1098 1131/19/448 1133/58/1101
f 86/18/85 1132/58/1100 1134/19/1102
f 1129/18/1098 1133/58/1101 1135/59/1103
f 86/18/85 1134/19/1102 1136/17/1104
f 1129/18/1098 1135/59/1103 1137/60/1105
f 1136/17/1104 87/14/86 86/18/85
f 1129/18/1098 1137/60/1105 1138/29/1106
f 87/14/86 1136/17/1104 1139/57/1107
f 1129/18/1098 1138/29/1106 1140/28/1108
f 91/15/89 87/14/86 1139/57/1107
f 1140/28/1108 122/14/120 1129/18/1098
f 91/15/89 1139/57/1107 1141/56/1109
f 122/14/120 1140/28/1108 1142/61/1110
f 91/15/89 1141/56/1109 1143/55/1111
f 123/16/121 122/14/120 1142/61/1110
f 1143/55/1111 90/13/88 91/15/89
f 123/16/121 1142/61/1110 1120/54/1089
f 1144/53/1112 92/16/90 90/13/88
f 1145/53/1113 118/13/116 119/16/117
f 92/16/90 1144/53/1112 1124/54/1093
f 119/16/117 1146/54/1114 1145/53/1113
f 99/16/97 1147/54/1115 1148/61/1116
f 1149/55/1117 120/15/118 118/13/116
f 99/16/97 1148/61/1116 96/14/94
f 120/15/118 1149/55/1117 1150/56/1118
f 96/14/94 1148/61/1116 1151/28/1119
f 120/15/118 1150/56/1118 1152/57/1120
f 93/18/91 96/14/94 1151/28/1119
f 120/15/118 1152/57/1120 115/14/113
f 1151/28/1119 1153/29/1121 93/18/91
f 115/14/113 1152/57/1120 1154/17/1122
f 93/18/91 1153/29/1121 1155/60/1123
f 116/18/114 115/14/113 1154/17/1122
f 93/18/91 1155/60/1123 1156/59/1124
f 1154/17/1122 1157/19/1125 116/18/114
f 93/18/91 1156/59/1124 1158/58/1126
f 116/18/114 1157/19/1125 1159/58/1127
f 93/18/91 1158/58/1126 94/19/92
f 116/18/114 1159/58/1127 1160/59/1128
f 96/14/94 95/17/93 1161/57/727
f 116/18/114 1160/59/1128 1162/60/1129
f 98/15/96 96/14/94 1161/57/727
f 116/18/114 1162/60/1129 117/29/115
f 98/15/96 1161/57/727 1163/56/1130
f 115/14/113 114/28/112 1164/61/1131
f 98/15/96 1163/56/1130 1165/55/1132
f 119/16/117 115/14/113 1164/61/1131
f 1165/55/1132 97/13/95 98/15/96
f 119/16/117 1164/61/1131 1146/54/1114
f 1166/53/1133 99/16/97 97/13/95
f 627/51/619 1167/62/1134 1168/22/1135
f 99/16/97 1166/53/1133 1147/54/1115
f 627/51/619 1168/22/1135 1169/64/1136
f 106/16/104 1170/54/1137 1171/61/1138
f 1169/64/1136 1168/22/1135 1172/24/1139
f 1173/20/1140 1172/24/1139 1168/22/1135
f 1173/20/1140 1174/25/1125 1172/24/1139
f 106/16/104 1171/61/1138 103/14/101
f 1175/63/1141 1174/25/1125 1173/20/1140
f 103/14/101 1171/61/1138 1176/28/1142
f 1173/20/1140 1177/26/1143 1175/63/1141
f 100/18/98 103/14/101 1176/28/1142
f 1173/20/1140 1178/27/1144 1177/26/1143
f 1176/28/1142 1179/29/1145 100/18/98
f 1178/27/1144 1173/20/1140 1180/23/115
f 100/18/98 1179/29/1145 1181/60/1146
f 1173/20/1140 1182/21/112 1180/23/115
f 100/18/98 1181/60/1146 1183/59/1147
f 1173/20/1140 1168/22/1135 1182/21/112
f 1184/30/1131 1182/21/112 1168/22/1135
f 1184/30/1131 1168/22/1135 623/49/615
f 100/18/98 1183/59/1147 1185/58/1148
f 623/49/615 622/48/614 1184/30/1131
f 100/18/98 1185/58/1148 101/19/99
f 623/49/615 1168/22/1135 1167/62/1134
f 103/14/101 102/17/100 1186/57/1149
f 1169/64/1136 628/52/620 627/51/619
f 105/15/103 103/14/101 1186/57/1149
f 1187/53/1150 111/13/109 112/16/110
f 105/15/103 1186/57/1149 1188/56/1151
f 112/16/110 1189/54/1152 1187/53/1150
f 105/15/103 1188/56/1151 1190/55/1153
f 1191/55/1154 113/15/111 111/13/109
f 1190/55/1153 104/13/102 105/15/103
f 113/15/111 1191/55/1154 1192/56/1155
f 1193/53/1156 106/16/104 104/13/102
f 113/15/111 1192/56/1155 1194/57/1157
f 106/16/104 1193/53/1156 1170/54/1137
f 113/15/111 1194/57/1157 108/14/106
f 112/16/110 1195/61/1158 1189/54/1152
f 108/14/106 1194/57/1157 1196/17/1159
f 112/16/110 108/14/106 1195/61/1158
f 109/18/107 108/14/106 1196/17/1159
f 108/14/106 107/28/105 1195/61/1158
f 1196/17/1159 1197/19/856 109/18/107
f 109/18/107 1198/60/1160 110/29/108
f 109/18/107 1197/19/856 1199/58/1161
f 109/18/107 1200/59/1162 1198/60/1160
f 109/18/107 1199/58/1161 1200/59/1162
