# Blender 5.1.2
# www.blender.org
mtllib shark.mtl
o Object_7.001
v -0.008242 -0.602034 2.087888
v -0.010919 -0.646833 2.162211
v -0.020763 -0.582392 2.094328
v -0.007451 -0.467733 2.176769
v -0.018849 -0.491847 2.154769
v -0.013327 -0.526933 2.166159
v -0.006348 -0.195735 2.145167
v -0.019857 -0.196979 2.113476
v -0.006349 -0.207877 2.129802
v -0.147574 -0.327091 0.871818
v -0.128885 -0.373472 0.853624
v -0.149152 -0.350021 0.927523
v -0.256656 -0.291576 0.019284
v -0.283162 -0.235444 0.027264
v -0.293066 -0.198986 -0.092324
v -0.280260 -0.252038 -0.061938
v -0.301423 -0.227967 -0.128207
v -0.269896 -0.299063 -0.043497
v -0.255705 -0.319231 -0.069110
v -0.338588 -0.280097 -0.369146
v -0.330322 -0.253628 -0.368565
v -0.299363 -0.274483 -0.421469
v -0.307420 -0.322656 -0.410427
v -0.272074 -0.324833 -0.429697
v -0.276380 -0.284999 -0.459780
v -0.248732 -0.323392 -0.457849
v -0.268161 -0.272916 -0.518176
v -0.242204 -0.316032 -0.538138
v -0.110497 -0.471182 0.194088
v -0.061584 -0.476258 0.195337
v -0.073301 -0.473738 0.360585
v -0.120943 -0.227120 -0.996516
v -0.132368 -0.241935 -0.995357
v -0.152529 -0.224504 -0.945033
v 0.002570 -0.236848 -1.035545
v -0.028961 -0.232250 -1.037558
v -0.036378 -0.238267 -1.021737
v -0.067877 -0.230198 -1.001906
v -0.104955 -0.232469 -0.940259
v -0.099950 -0.222577 -0.967862
v -0.128200 -0.219589 -0.928759
v -0.141249 -0.218626 -0.901468
v -0.076701 -0.356125 1.067056
v -0.077895 -0.341084 1.112742
v -0.101920 -0.324124 1.116225
v -0.088087 -0.284095 1.212440
v -0.073096 -0.326898 1.181321
v -0.051308 -0.341455 1.224241
v -0.082621 -0.251733 1.348866
v -0.112619 -0.219795 1.227620
v -0.011371 -0.057593 1.492981
v -0.003778 -0.040952 1.445744
v -0.034472 -0.072402 1.457608
v -0.004899 -0.004301 1.541729
v -0.103511 -0.342400 1.078550
v -0.134484 -0.402766 1.158882
v -0.121787 -0.387481 1.202153
v -0.135559 -0.388375 1.151367
v -0.162223 -0.388677 0.980831
v -0.143806 -0.393301 0.938513
v -0.163326 -0.419509 0.984311
v -0.105523 -0.347915 1.165005
v -0.103511 -0.342400 1.078550
v -0.119214 -0.348186 1.106242
v -0.128885 -0.373472 0.853624
v -0.110280 -0.390786 0.923159
v -0.092589 -0.360494 1.241423
v -0.099141 -0.366745 1.170860
v -0.105523 -0.347915 1.165005
v -0.194174 -0.477997 1.055262
v -0.163324 -0.435147 1.102243
v -0.207382 -0.481345 1.073326
v -0.212983 -0.488837 1.057225
v -0.196910 -0.465552 1.035645
v -0.091435 -0.142233 -1.049572
v -0.102196 -0.162085 -1.049608
v -0.083276 -0.158513 -1.068887
v -0.118914 -0.150055 -1.007689
v -0.138503 -0.174273 -1.007653
v -0.118483 -0.166897 -1.026893
v -0.147686 -0.171693 -0.979422
v -0.157586 -0.180884 -0.988203
v -0.142386 -0.156650 -0.956909
v -0.159108 -0.178536 -0.952663
v -0.125640 -0.176153 -1.037705
v -0.047042 -0.128171 -1.071881
v -0.046925 -0.143288 -1.079051
v -0.060354 -0.157864 -1.082651
v -0.033259 -0.159062 -1.089811
v -0.223565 -0.041795 -0.799062
v -0.207492 0.013315 -0.844553
v -0.234541 -0.049485 -0.857283
v -0.220429 -0.008904 -0.951345
v -0.205303 0.008527 -1.001113
v -0.216957 -0.029338 -0.994420
v -0.190391 0.018973 -1.025170
v -0.168671 0.022047 -1.072993
v -0.179046 0.010146 -1.069032
v -0.173598 -0.008616 -1.094743
v -0.159045 -0.000858 -1.131341
v -0.165260 -0.038726 -1.125764
v -0.190391 0.018973 -1.025170
v -0.193549 -0.026751 -1.042647
v -0.193549 -0.026751 -1.042647
v -0.193549 -0.026751 -1.042647
v -0.056372 0.037501 -1.268945
v -0.031326 0.044183 -1.266675
v -0.034543 0.031342 -1.297855
v -0.059461 0.048470 -1.225639
v -0.081189 0.035639 -1.232707
v -0.167802 -0.213459 -0.911070
v -0.156358 -0.191200 -0.885362
v -0.141249 -0.218626 -0.901468
v -0.231525 -0.198038 -0.890230
v -0.231596 -0.181936 -0.900873
v -0.219045 -0.206735 -0.912311
v -0.241067 -0.177000 -0.851815
v -0.242178 -0.152164 -0.869363
v -0.238482 -0.167044 -0.885120
v -0.202195 -0.090082 -1.021929
v -0.222841 -0.089924 -0.976125
v -0.215527 -0.054674 -1.004873
v -0.222712 -0.051550 -0.957626
v -0.200004 -0.063455 -1.021487
v -0.187061 -0.087516 -1.064134
v -0.189735 -0.062836 -1.061497
v -0.181333 -0.060073 -1.082576
v -0.172264 -0.083113 -1.107445
v -0.193549 -0.026751 -1.042647
v -0.178045 -0.038586 -1.094098
v -0.121378 -0.272164 -0.681075
v -0.149444 -0.221905 -0.675669
v 0.001347 -0.195350 -0.552880
v -0.157168 -0.160745 -0.670988
v -0.125791 -0.109887 -0.669667
v -0.070153 -0.093042 -0.670916
v 0.002381 -0.073823 -0.756615
v -0.073107 -0.306862 -0.687121
v -0.069256 -0.068944 -0.954139
v 0.003063 -0.055512 -0.971831
v 0.001272 -0.319679 -0.688649
v -0.036378 -0.238267 -1.021737
v -0.067877 -0.230198 -1.001906
v -0.072435 -0.288815 -0.899231
v -0.104955 -0.232469 -0.940259
v -0.141249 -0.218626 -0.901468
v -0.120930 -0.260151 -0.822272
v -0.156782 -0.150390 -0.792693
v -0.149101 -0.212702 -0.783832
v -0.156358 -0.191200 -0.885362
v -0.159516 -0.168740 -0.905830
v -0.125139 -0.092371 -0.875534
v -0.142386 -0.156650 -0.956909
v -0.118914 -0.150055 -1.007689
v -0.091435 -0.142233 -1.049572
v -0.047042 -0.128171 -1.071881
v 0.003104 -0.125570 -1.077503
v -0.325717 -0.409873 -0.315347
v -0.289009 -0.376747 -0.336675
v -0.295223 -0.362395 -0.181341
v -0.337055 -0.371139 -0.025185
v -0.296163 -0.326590 -0.005104
v -0.316616 -0.322133 -0.043309
v -0.234046 -0.083224 -0.770266
v -0.233857 -0.052492 -0.721564
v -0.199180 -0.210181 -0.925983
v -0.206797 -0.223741 -0.897956
v -0.020825 -0.299227 1.616484
v -0.005068 -0.307634 1.550174
v -0.014890 -0.315140 1.602387
v -0.089290 0.222995 0.066857
v -0.061808 0.244096 0.091166
v 0.000372 0.246682 0.020897
v -0.000610 0.304034 0.440297
v -0.023869 0.303513 0.424082
v -0.000720 0.286141 0.457577
v -0.030047 0.220288 0.461397
v -0.001308 0.185480 0.532254
v -0.000985 0.235712 0.482519
v -0.032549 0.207237 0.425725
v -0.023869 0.303513 0.424082
v -0.021455 0.362262 0.412738
v -0.042530 0.364081 0.285761
v -0.065985 0.253742 0.258763
v -0.060277 0.200395 0.408757
v -0.001109 0.182496 0.456570
v -0.046358 0.265743 0.103961
v -0.061808 0.244096 0.091166
v -0.089014 0.229164 0.257084
v 0.000422 0.325565 0.106486
v 0.000348 0.303420 0.103635
v -0.033255 0.326863 0.139363
v -0.037042 0.291442 0.120346
v 0.000357 0.294454 0.088545
v -0.034184 -0.057237 2.148241
v -0.006145 -0.103169 2.194828
v -0.007059 -0.050257 2.239039
v -0.006646 0.169960 2.381913
v -0.030696 0.142207 2.330596
v -0.006777 0.116240 2.357542
v -0.027427 0.189634 2.387106
v -0.006682 0.192763 2.424427
v -0.025459 0.225899 2.431049
v -0.006768 0.203443 2.468335
v -0.006618 0.235275 2.457299
v -0.006532 0.287537 2.495440
v -0.006395 0.325222 2.496727
v -0.006236 0.293804 2.400020
v -0.025071 0.280806 2.400947
v -0.004421 -0.089707 1.607950
v -0.004307 -0.076839 1.585026
v -0.015258 -0.067533 1.534918
v -0.004920 0.007552 1.564718
v 0.000967 0.676878 0.374169
v 0.000915 0.598680 0.290234
v -0.021178 0.590484 0.299315
v -0.035301 0.462588 0.320601
v -0.018691 0.426295 0.411453
v -0.017887 0.450810 0.414846
v -0.000030 0.447476 0.424235
v -0.000137 0.423228 0.432309
v -0.021455 0.362262 0.412738
v -0.000404 0.357854 0.438130
v -0.000285 0.380570 0.426275
v 0.000252 0.532580 0.436566
v 0.000295 0.554621 0.450083
v -0.015040 0.537154 0.427905
v -0.014515 0.626502 0.438035
v -0.009218 0.709854 0.465751
v -0.020354 0.635075 0.405697
v -0.012338 0.700961 0.427824
v 0.000934 0.713990 0.434254
v -0.012338 0.700961 0.427824
v -0.012338 0.700961 0.427824
v -0.009218 0.709854 0.465751
v 0.000563 0.627181 0.450782
v 0.000723 0.683087 0.467701
v -0.650915 -0.771979 0.032894
v -0.680151 -0.809254 0.013469
v -0.646276 -0.781102 -0.010512
v -0.570530 -0.705406 -0.149959
v -0.616375 -0.744702 -0.109737
v -0.581462 -0.702340 -0.164090
v -0.440867 -0.530826 -0.130577
v -0.410017 -0.476512 -0.039070
v -0.437722 -0.506190 -0.051672
v -0.440867 -0.530826 -0.130577
v -0.454729 -0.530853 -0.032472
v -0.517687 -0.628675 -0.086856
v -0.507265 -0.586817 -0.022921
v -0.525977 -0.619152 -0.011980
v -0.663159 -0.795400 -0.054173
v -0.646276 -0.781102 -0.010512
v -0.680151 -0.809254 0.013469
v -0.507265 -0.586817 -0.022921
v -0.489412 -0.561010 -0.009337
v -0.457767 -0.517991 -0.019603
v -0.455861 -0.474977 -0.103058
v -0.448659 -0.501935 -0.037226
v -0.425782 -0.475952 -0.029482
v -0.591308 -0.686083 -0.154162
v -0.581462 -0.702340 -0.164090
v -0.616375 -0.744702 -0.109737
v -0.680151 -0.809254 0.013469
v -0.661108 -0.778718 -0.037764
v -0.663159 -0.795400 -0.054173
v -0.653119 -0.764824 0.011811
v -0.680151 -0.809254 0.013469
v -0.650915 -0.771979 0.032894
v -0.680151 -0.809254 0.013469
v -0.507265 -0.586817 -0.022921
v -0.478115 -0.559717 -0.027791
v -0.525977 -0.619152 -0.011980
v -0.527024 -0.606869 -0.001776
v -0.552948 -0.646741 0.003411
v -0.149289 -0.349885 0.692206
v -0.137164 -0.379928 0.688468
v -0.140288 -0.308958 1.004426
v -0.157387 -0.284361 0.871947
v -0.206797 -0.223741 -0.897956
v -0.214539 -0.225709 -0.880630
v -0.228180 -0.213586 -0.885295
v -0.190442 -0.233593 -0.896905
v -0.191176 -0.250611 -0.895593
v -0.197801 -0.238025 -0.882520
v -0.190442 -0.233593 -0.896905
v -0.180829 -0.209332 -0.923068
v -0.019294 -0.530092 2.127544
v -0.008242 -0.602034 2.087888
v -0.001367 -0.579685 2.086388
v -0.010919 -0.646833 2.162211
v -0.013327 -0.526933 2.166159
v -0.001235 -0.491913 2.154820
v 0.009293 -0.197088 2.113559
v 0.139185 -0.328159 0.872636
v 0.140274 -0.351098 0.928349
v 0.120255 -0.374400 0.854334
v 0.253389 -0.293476 0.020739
v 0.291124 -0.201162 -0.090658
v 0.280267 -0.237542 0.028871
v 0.277750 -0.254116 -0.060346
v 0.299470 -0.230205 -0.126493
v 0.252737 -0.321124 -0.067660
v 0.266932 -0.301062 -0.041966
v 0.337619 -0.282616 -0.367217
v 0.298736 -0.276710 -0.419764
v 0.329547 -0.256086 -0.366683
v 0.306370 -0.324942 -0.408676
v 0.271120 -0.326856 -0.428148
v 0.247950 -0.325242 -0.456432
v 0.275894 -0.287056 -0.458205
v 0.268099 -0.274913 -0.516646
v 0.241936 -0.317835 -0.536757
v 0.104902 -0.471985 0.194702
v 0.066738 -0.474260 0.360985
v 0.055946 -0.476696 0.195672
v 0.123957 -0.228032 -0.995818
v 0.155267 -0.225651 -0.944155
v 0.135264 -0.242932 -0.994594
v 0.051716 -0.245096 -1.063202
v 0.002616 -0.250070 -1.069167
v 0.002570 -0.236848 -1.035545
v 0.070901 -0.230715 -1.001510
v 0.039456 -0.238550 -1.021520
v 0.107609 -0.233261 -0.939653
v 0.102835 -0.223332 -0.967284
v 0.130882 -0.220554 -0.928020
v 0.143783 -0.219687 -0.900655
v 0.066985 -0.356660 1.067465
v 0.092161 -0.324847 1.116779
v 0.068030 -0.341628 1.113158
v 0.078078 -0.284714 1.212914
v 0.040806 -0.341798 1.224504
v 0.062946 -0.327405 1.181709
v 0.072075 -0.252309 1.349307
v 0.103002 -0.220598 1.228235
v 0.008090 -0.057666 1.493037
v 0.024791 -0.077521 1.453541
v 0.093831 -0.343135 1.079113
v 0.123894 -0.403728 1.159618
v 0.125119 -0.389346 1.152111
v 0.111065 -0.388348 1.202818
v 0.152753 -0.389850 0.981729
v 0.153606 -0.420690 0.985215
v 0.134543 -0.394337 0.939307
v 0.095309 -0.348663 1.165578
v 0.109332 -0.349037 1.106893
v 0.093831 -0.343135 1.079113
v 0.101126 -0.391573 0.923762
v 0.120255 -0.374400 0.854334
v 0.081845 -0.361143 1.241921
v 0.095309 -0.348663 1.165578
v 0.088753 -0.367445 1.171396
v 0.183613 -0.479404 1.056339
v 0.196691 -0.482850 1.074479
v 0.152815 -0.436324 1.103144
v 0.202329 -0.490384 1.058409
v 0.186552 -0.466980 1.036739
v 0.095384 -0.142929 -1.049039
v 0.087215 -0.159148 -1.068401
v 0.105998 -0.162861 -1.049014
v 0.122566 -0.150954 -1.007000
v 0.122119 -0.167793 -1.026206
v 0.141973 -0.175317 -1.006853
v 0.160895 -0.182071 -0.987295
v 0.151013 -0.172805 -0.978570
v 0.145697 -0.157723 -0.956087
v 0.162232 -0.179733 -0.951747
v 0.129268 -0.177103 -1.036978
v 0.051226 -0.128537 -1.071601
v 0.051037 -0.143653 -1.078771
v 0.037316 -0.159325 -1.089610
v 0.064377 -0.158328 -1.082295
v 0.226829 -0.043472 -0.797778
v 0.238078 -0.051245 -0.855935
v 0.211425 0.011755 -0.843358
v 0.224806 -0.010562 -0.950075
v 0.221428 -0.030970 -0.993170
v 0.210095 0.006980 -0.999929
v 0.195398 0.017536 -1.024070
v 0.184238 0.008793 -1.067996
v 0.173974 0.020771 -1.072016
v 0.178797 -0.009928 -1.093738
v 0.164511 -0.002063 -1.130418
v 0.170412 -0.039976 -1.124807
v 0.195398 0.017536 -1.024070
v 0.198315 -0.028211 -1.041529
v 0.198315 -0.028211 -1.041529
v 0.198315 -0.028211 -1.041529
v 0.062913 0.037057 -1.268605
v 0.041205 0.031060 -1.297639
v 0.037905 0.043925 -1.266478
v 0.065837 0.048003 -1.225282
v 0.087508 0.035011 -1.232226
v 0.170428 -0.214719 -0.910105
v 0.143783 -0.219687 -0.900655
v 0.159004 -0.192374 -0.884463
v 0.234144 -0.199773 -0.888902
v 0.221726 -0.208377 -0.911054
v 0.234396 -0.183671 -0.899544
v 0.243623 -0.178806 -0.850433
v 0.241302 -0.168831 -0.883752
v 0.245020 -0.153978 -0.867974
v 0.206371 -0.091604 -1.020764
v 0.219868 -0.056296 -1.003631
v 0.226756 -0.091599 -0.974842
v 0.226807 -0.053224 -0.956344
v 0.204375 -0.064961 -1.020334
v 0.191497 -0.088926 -1.063055
v 0.194340 -0.064266 -1.060402
v 0.186079 -0.061441 -1.081528
v 0.176981 -0.084414 -1.106449
v 0.198315 -0.028211 -1.041529
v 0.183017 -0.039931 -1.093068
v 0.122257 -0.273071 -0.680380
v 0.150665 -0.223023 -0.674814
v 0.158817 -0.161921 -0.670086
v 0.127814 -0.110831 -0.668943
v 0.072310 -0.093572 -0.670509
v 0.073764 -0.307409 -0.686702
v 0.073208 -0.069475 -0.953732
v 0.039456 -0.238550 -1.021520
v 0.074436 -0.289362 -0.898812
v 0.070901 -0.230715 -1.001510
v 0.107609 -0.233261 -0.939653
v 0.122704 -0.261058 -0.821577
v 0.143783 -0.219687 -0.900655
v 0.159203 -0.151566 -0.791792
v 0.159004 -0.192374 -0.884463
v 0.151008 -0.213820 -0.782977
v 0.162445 -0.169939 -0.904912
v 0.128466 -0.093315 -0.874811
v 0.145697 -0.157723 -0.956087
v 0.122566 -0.150954 -1.007000
v 0.095384 -0.142929 -1.049039
v 0.051226 -0.128537 -1.071601
v 0.323475 -0.412291 -0.313495
v 0.292572 -0.364584 -0.179664
v 0.287137 -0.378893 -0.335032
v 0.333446 -0.373636 -0.023273
v 0.313476 -0.324479 -0.041512
v 0.292773 -0.328783 -0.003424
v 0.236598 -0.054244 -0.720223
v 0.236835 -0.084977 -0.768923
v 0.201914 -0.211675 -0.924839
v 0.209270 -0.225291 -0.896769
v 0.089592 0.222328 0.067367
v 0.062129 0.243635 0.091519
v -0.000610 0.304034 0.440297
v 0.022736 0.303340 0.424215
v 0.028103 0.220662 0.454613
v -0.001308 0.185480 0.532254
v 0.028103 0.220662 0.454613
v 0.030675 0.206620 0.430387
v 0.022736 0.303340 0.424215
v 0.042637 0.363764 0.286004
v 0.020824 0.362105 0.412859
v 0.065423 0.253253 0.259138
v 0.028103 0.220662 0.454613
v 0.030675 0.206620 0.430387
v 0.030675 0.206620 0.430387
v 0.058462 0.199953 0.409095
v 0.046769 0.265396 0.104227
v 0.088277 0.228504 0.257589
v 0.062129 0.243635 0.091519
v 0.033919 0.326613 0.139555
v 0.037551 0.291165 0.120559
v 0.020531 -0.057440 2.148397
v 0.017489 0.142028 2.330734
v 0.014251 0.189479 2.387225
v 0.012303 0.225758 2.431157
v -0.006532 0.287537 2.495440
v -0.006395 0.325222 2.496727
v 0.012495 0.280666 2.401054
v 0.009286 -0.067625 1.534988
v 0.022894 0.590320 0.299441
v 0.035943 0.462323 0.320804
v 0.017905 0.450676 0.414948
v 0.018545 0.426157 0.411560
v 0.020824 0.362105 0.412859
v -0.000285 0.380570 0.426275
v -0.000404 0.357854 0.438130
v 0.015626 0.537039 0.427992
v 0.014145 0.700863 0.427900
v 0.000934 0.713990 0.434254
v 0.000845 0.720830 0.474434
v 0.014145 0.700863 0.427900
v 0.014145 0.700863 0.427900
v 0.021796 0.634918 0.405818
v 0.014145 0.700863 0.427900
v 0.000845 0.720830 0.474434
v 0.012577 0.705077 0.461716
v 0.015709 0.626390 0.438121
v 0.000723 0.683087 0.467701
v 0.030675 0.206620 0.430387
v 0.643975 -0.776801 0.036587
v 0.639515 -0.785891 -0.006845
v 0.673043 -0.814293 0.017328
v 0.565132 -0.709635 -0.146720
v 0.576167 -0.706652 -0.160789
v 0.610453 -0.749271 -0.106238
v 0.436665 -0.534094 -0.128075
v 0.433254 -0.509434 -0.049188
v 0.405699 -0.479549 -0.036744
v 0.436665 -0.534094 -0.128075
v 0.449967 -0.534222 -0.029892
v 0.512503 -0.632512 -0.083917
v 0.520437 -0.623049 -0.008996
v 0.502029 -0.590576 -0.020043
v 0.656541 -0.800315 -0.050409
v 0.673043 -0.814293 0.017328
v 0.639515 -0.785891 -0.006845
v 0.502029 -0.590576 -0.020043
v 0.453027 -0.521383 -0.017006
v 0.484291 -0.564636 -0.006560
v 0.451918 -0.478358 -0.100469
v 0.421412 -0.479107 -0.027066
v 0.444140 -0.505260 -0.034680
v 0.586077 -0.690467 -0.150804
v 0.610453 -0.749271 -0.106238
v 0.576167 -0.706652 -0.160789
v 0.673043 -0.814293 0.017328
v 0.656541 -0.800315 -0.050409
v 0.654520 -0.783617 -0.034012
v 0.646353 -0.769663 0.015517
v 0.673043 -0.814293 0.017328
v 0.643975 -0.776801 0.036587
v 0.673043 -0.814293 0.017328
v 0.502029 -0.590576 -0.020043
v 0.473110 -0.563260 -0.025078
v 0.520437 -0.623049 -0.008996
v 0.521517 -0.610774 0.001214
v 0.547113 -0.650838 0.006549
v 0.129428 -0.380921 0.689228
v 0.141755 -0.350969 0.693036
v 0.131278 -0.309970 1.005201
v 0.149315 -0.285503 0.872822
v 0.209270 -0.225291 -0.896769
v 0.230655 -0.215295 -0.883987
v 0.216898 -0.227315 -0.879399
v 0.192836 -0.235020 -0.895812
v 0.200079 -0.239507 -0.881385
v 0.193436 -0.252044 -0.894496
v 0.183554 -0.210689 -0.922029
v 0.192836 -0.235020 -0.895812
v -0.001265 -0.522632 2.125209
v -0.024668 -0.611793 2.194887
v -0.010919 -0.646833 2.162211
v -0.014024 -0.662032 2.234148
v -0.013720 -0.593800 2.216799
v -0.024668 -0.611793 2.194887
v -0.005046 -0.613640 2.196330
v -0.013720 -0.593800 2.216799
v -0.014024 -0.662032 2.234148
v -0.010919 -0.646833 2.162211
v -0.005046 -0.613640 2.196330
v -0.014890 -0.315140 1.602387
v -0.005294 -0.310926 1.625091
v 0.006542 -0.299047 1.616593
v -0.005558 -0.299353 1.732839
v 0.012577 0.705077 0.461716
v -0.005275 -0.340919 1.579551
v -0.005275 -0.340919 1.579551
v -0.077594 -0.218654 1.845743
v -0.053349 -0.277730 1.840082
v -0.047674 -0.314192 1.943472
v -0.060554 -0.240702 1.958218
v -0.005909 -0.314742 1.835940
v -0.006274 -0.374776 1.885573
v -0.016532 -0.363224 1.892485
v -0.024135 -0.300522 1.837531
v -0.036803 -0.369947 2.009074
v -0.045001 -0.263427 2.033244
v -0.060554 -0.240702 1.958218
v -0.016398 -0.420756 1.957821
v -0.018338 -0.473070 2.000126
v -0.006990 -0.487403 1.989319
v -0.008946 -0.546672 2.030490
v -0.020301 -0.532254 2.043508
v -0.019294 -0.530092 2.127544
v -0.020763 -0.582392 2.094328
v -0.020301 -0.532254 2.043508
v -0.018329 -0.433670 2.048383
v -0.018338 -0.473070 2.000126
v -0.020301 -0.532254 2.043508
v -0.018595 -0.480048 2.080863
v -0.018332 -0.388601 2.108072
v -0.018581 -0.443444 2.123782
v -0.007194 -0.415843 2.154271
v -0.006966 -0.354338 2.154756
v -0.018564 -0.343403 2.098794
v -0.019421 -0.287566 2.101717
v -0.019421 -0.287566 2.101717
v -0.019857 -0.196979 2.113476
v -0.047931 -0.189897 2.044417
v -0.020763 -0.582392 2.094328
v -0.019294 -0.530092 2.127544
v -0.018332 -0.388601 2.108072
v -0.006795 -0.332230 2.123710
v -0.018564 -0.343403 2.098794
v -0.019421 -0.287566 2.101717
v -0.006762 -0.308926 2.142477
v -0.019421 -0.287566 2.101717
v -0.167982 -0.237502 0.872884
v -0.156271 -0.251433 1.009150
v -0.130154 -0.262943 1.124162
v -0.134577 -0.331642 1.006348
v -0.190624 -0.221786 0.704273
v -0.180644 -0.271758 0.701955
v -0.209965 -0.263585 0.538813
v -0.216764 -0.209014 0.543642
v -0.243241 -0.198426 0.385889
v -0.237799 -0.256917 0.382629
v -0.237219 -0.130525 0.390768
v -0.214122 -0.145223 0.548661
v -0.260327 -0.119572 0.229102
v -0.266700 -0.187708 0.222348
v -0.237998 -0.032383 0.238144
v -0.220300 -0.050694 0.397963
v -0.256755 -0.018520 0.050611
v -0.285607 -0.116677 0.040561
v -0.215843 0.088785 0.059268
v -0.206832 0.063280 0.250074
v -0.220267 0.088780 -0.078812
v -0.263250 -0.012850 -0.084984
v -0.164276 -0.392630 0.524387
v -0.119132 -0.440285 0.519882
v -0.097716 -0.421167 0.678186
v -0.187639 -0.356542 0.527567
v -0.165682 -0.315179 0.698064
v -0.196840 -0.311370 0.533637
v -0.219308 -0.306731 0.380615
v -0.260605 -0.247113 0.217315
v -0.289993 -0.176477 0.033830
v -0.288800 -0.105034 -0.086756
v -0.268134 -0.011575 -0.227376
v -0.222737 0.084185 -0.219661
v -0.226622 0.077476 -0.329402
v -0.275272 -0.013807 -0.336669
v -0.188528 0.142816 -0.325951
v -0.184200 0.149892 -0.214874
v -0.293194 -0.156834 -0.086496
v -0.295063 -0.095418 -0.233777
v -0.294107 -0.098350 -0.345913
v -0.304264 -0.139462 -0.238125
v -0.305072 -0.144760 -0.352978
v -0.240853 -0.298598 0.212596
v -0.202924 -0.352076 0.377547
v -0.182581 -0.392072 0.373593
v -0.133614 -0.440950 0.368019
v -0.199387 -0.383518 0.205831
v -0.158417 -0.433119 0.199620
v -0.218199 -0.342255 0.210714
v -0.224583 -0.336407 0.003240
v -0.206649 -0.370687 0.002956
v -0.285486 -0.277337 -0.069181
v -0.302861 -0.255371 -0.132927
v -0.299044 -0.298375 -0.058959
v -0.317565 -0.281592 -0.132010
v -0.320749 -0.236962 -0.248379
v -0.337129 -0.263055 -0.248768
v -0.282805 -0.311643 -0.026504
v -0.235844 -0.351993 -0.380681
v -0.257428 -0.348326 -0.370772
v -0.269669 -0.361933 -0.358267
v -0.251868 -0.343406 -0.234564
v -0.270782 -0.347448 -0.220239
v -0.272170 -0.326765 -0.052824
v -0.230914 -0.334812 -0.071845
v -0.231069 -0.355234 -0.245951
v -0.209215 -0.376675 -0.081085
v -0.212672 -0.382678 -0.251950
v -0.175753 -0.432267 -0.093697
v -0.178112 -0.418735 0.001693
v -0.177934 -0.425632 -0.256423
v -0.294765 -0.237247 -0.427523
v -0.278890 -0.250428 -0.473023
v -0.212130 -0.354031 -0.479882
v -0.213650 -0.343334 -0.550744
v -0.213172 -0.373309 -0.382719
v -0.174879 -0.412628 -0.383923
v -0.169423 -0.396957 -0.482114
v -0.167850 -0.386536 -0.569210
v -0.131942 -0.452392 -0.258985
v -0.130648 -0.462738 -0.101823
v -0.129049 -0.439373 -0.385726
v -0.124641 -0.424688 -0.489086
v -0.122434 -0.412920 -0.583614
v -0.123679 -0.463211 0.003409
v -0.075579 -0.466137 -0.260236
v -0.074882 -0.475726 -0.104962
v -0.074277 -0.451053 -0.388011
v -0.072191 -0.435043 -0.495083
v -0.070280 -0.417120 -0.593928
v -0.125616 -0.405112 -0.656612
v -0.070608 -0.413047 -0.670322
v -0.182527 -0.374204 -0.633507
v -0.219214 -0.340852 -0.614552
v -0.131931 -0.395905 -0.725374
v -0.189112 -0.364387 -0.697404
v -0.057543 -0.464533 0.516799
v -0.002708 -0.465495 0.516301
v -0.003057 -0.442544 0.668680
v -0.047808 -0.441452 0.671983
v -0.073301 -0.473738 0.360585
v -0.002310 -0.478467 0.359845
v -0.073301 -0.473738 0.360585
v -0.073301 -0.473738 0.360585
v -0.069070 -0.480261 0.008210
v -0.000528 -0.474970 -0.260336
v -0.001014 -0.485384 -0.103787
v -0.000091 -0.456527 -0.389489
v 0.000294 -0.436898 -0.499036
v -0.001347 -0.487787 0.009839
v -0.001861 -0.483689 0.195515
v 0.000675 -0.412461 -0.600480
v 0.000892 -0.413901 -0.678606
v -0.073734 -0.408818 -0.742423
v -0.213366 -0.322025 -0.728729
v -0.192872 -0.355948 -0.752227
v -0.218694 -0.332613 -0.676735
v -0.203750 -0.309407 -0.769940
v -0.184717 -0.342794 -0.797560
v -0.215513 -0.282564 -0.755893
v -0.226532 -0.292577 -0.716158
v -0.211768 -0.277980 -0.796844
v -0.202937 -0.302733 -0.812979
v -0.134607 -0.388857 -0.785034
v -0.131962 -0.376692 -0.837082
v -0.181079 -0.331004 -0.845184
v -0.203417 -0.266923 -0.852557
v -0.195359 -0.286280 -0.872593
v -0.218709 -0.250619 -0.841646
v -0.229714 -0.255147 -0.788662
v -0.182956 -0.263040 -0.917258
v -0.171355 -0.244877 -0.936784
v -0.139170 -0.261223 -0.984640
v -0.147785 -0.283827 -0.966867
v -0.154109 -0.312912 -0.912685
v -0.074216 -0.400058 -0.804561
v 0.001101 -0.413341 -0.751161
v -0.071497 -0.384290 -0.858066
v -0.067134 -0.368944 -0.911702
v 0.001741 -0.372700 -0.922376
v 0.001537 -0.385678 -0.867829
v -0.124867 -0.360053 -0.889191
v -0.108374 -0.329768 -0.955526
v -0.105273 -0.297612 -1.011145
v -0.102678 -0.274714 -1.031572
v -0.060882 -0.340338 -0.981716
v -0.060530 -0.309291 -1.039643
v -0.057297 -0.282975 -1.060018
v -0.095472 -0.252538 -1.039989
v -0.086129 -0.235971 -1.038540
v -0.053361 -0.260664 -1.067941
v 0.002028 -0.351232 -0.994865
v 0.002323 -0.315785 -1.052167
v 0.002485 -0.288666 -1.073489
v 0.002549 -0.269899 -1.071387
v -0.048448 -0.244723 -1.063487
v 0.002616 -0.250070 -1.069167
v -0.152529 -0.224504 -0.945033
v -0.167802 -0.213459 -0.911070
v -0.141249 -0.218626 -0.901468
v 0.001318 -0.403227 -0.813988
v -0.073439 -0.387306 0.980765
v -0.100445 -0.377770 1.005452
v -0.110280 -0.390786 0.923159
v -0.077793 -0.406685 0.895872
v -0.045602 -0.383122 1.075102
v -0.038232 -0.401186 0.967543
v -0.039105 -0.420392 0.879164
v -0.084507 -0.408620 0.811263
v -0.041697 -0.427857 0.788835
v -0.049367 -0.364105 1.141586
v -0.003981 -0.379783 1.074609
v -0.004144 -0.367918 1.147351
v -0.003735 -0.398735 0.963741
v -0.003558 -0.417833 0.876756
v -0.003324 -0.425927 0.784000
v -0.134450 -0.205259 1.132232
v -0.155736 -0.193377 1.015619
v -0.146593 -0.129467 1.023601
v -0.131051 -0.142793 1.139909
v -0.124400 -0.063501 1.032614
v -0.108900 -0.081557 1.147078
v -0.107279 -0.020937 1.038882
v -0.095847 -0.040836 1.152236
v -0.058530 0.015999 1.044246
v -0.053601 -0.006246 1.156121
v -0.003355 0.031560 1.046853
v -0.003759 0.007862 1.157737
v -0.042226 -0.025566 1.257322
v -0.004136 -0.015037 1.259789
v -0.077629 -0.058247 1.253253
v -0.093670 -0.101168 1.246047
v -0.115037 -0.156040 1.239300
v -0.049662 -0.308831 1.347683
v -0.004344 -0.358245 1.230103
v -0.004549 -0.322718 1.348229
v -0.103900 -0.169095 1.354314
v -0.033590 -0.046163 1.364638
v -0.063990 -0.076454 1.361459
v -0.003542 -0.038881 1.365751
v -0.004783 -0.311948 1.444488
v -0.043484 -0.300421 1.444904
v -0.071560 -0.250696 1.447791
v -0.094775 -0.178602 1.450065
v -0.085831 -0.120157 1.358118
v -0.034472 -0.072402 1.457608
v -0.061688 -0.103659 1.455218
v -0.034472 -0.072402 1.457608
v -0.084122 -0.135304 1.452875
v -0.034472 -0.072402 1.457608
v -0.061951 -0.116052 1.532600
v -0.041896 -0.087308 1.533981
v -0.147448 -0.370917 1.046527
v -0.204013 -0.462280 1.051755
v -0.168140 -0.417642 1.095635
v -0.092589 -0.360494 1.241423
v -0.106477 -0.376989 1.281263
v -0.134577 -0.331642 1.006348
v -0.149152 -0.350021 0.927523
v -0.140268 -0.416142 0.983352
v -0.100445 -0.377770 1.005452
v -0.118006 -0.388294 1.034181
v -0.163324 -0.435147 1.102243
v -0.102503 -0.376361 1.109051
v -0.134484 -0.402766 1.158882
v -0.103511 -0.342400 1.078550
v -0.121787 -0.387481 1.202153
v -0.106477 -0.376989 1.281263
v -0.176131 -0.202546 -0.938899
v -0.166421 -0.188086 -0.929608
v -0.159516 -0.168740 -0.905830
v -0.168796 -0.190019 -0.961818
v -0.106612 -0.171162 -1.062283
v -0.086480 -0.171279 -1.084062
v 0.003104 -0.125570 -1.077503
v 0.003061 -0.142689 -1.084782
v -0.062974 -0.173094 -1.100653
v 0.003017 -0.159866 -1.092068
v -0.149699 -0.158260 -1.072643
v -0.170716 -0.160500 -1.040760
v -0.181787 -0.134570 -1.052418
v -0.161522 -0.133355 -1.092489
v -0.136310 -0.171530 -1.053290
v -0.155310 -0.174257 -1.025391
v -0.113757 -0.167093 -1.080563
v -0.122585 -0.153621 -1.103280
v -0.091419 -0.166588 -1.105919
v -0.066364 -0.167166 -1.127057
v -0.034859 -0.176351 -1.110394
v 0.003011 -0.178171 -1.113590
v -0.034859 -0.176351 -1.110394
v 0.003140 -0.168471 -1.146381
v -0.034859 -0.176351 -1.110394
v -0.036568 -0.168128 -1.141221
v -0.047745 0.095789 -1.005796
v 0.003725 0.098296 -1.002997
v 0.003844 0.088850 -1.057029
v -0.044309 0.085594 -1.059251
v -0.050483 0.104294 -0.956333
v 0.003623 0.108385 -0.954144
v -0.052550 0.112362 -0.908364
v 0.003530 0.118720 -0.908001
v -0.054989 0.120612 -0.855152
v 0.003408 0.125974 -0.855753
v -0.058092 0.136183 -0.780769
v 0.003245 0.139365 -0.781261
v 0.002015 0.157768 -0.671324
v -0.061184 0.150842 -0.670791
v -0.061725 0.162464 -0.561544
v -0.121457 0.144485 -0.560788
v -0.120548 0.151271 -0.479797
v -0.061466 0.170831 -0.479093
v -0.120273 0.130735 -0.668611
v -0.114978 0.118014 -0.777683
v -0.109433 0.103879 -0.853885
v -0.104268 0.096481 -0.909599
v -0.098906 0.091485 -0.960984
v -0.092192 0.083486 -1.011507
v -0.085093 0.074773 -1.064463
v -0.040519 0.075275 -1.117030
v -0.077080 0.066312 -1.121028
v -0.141837 0.063808 -0.964651
v -0.132831 0.060597 -1.016940
v -0.149752 0.065054 -0.910488
v -0.157521 0.067685 -0.849843
v -0.287137 -0.020581 -0.476294
v -0.226266 0.062844 -0.478704
v -0.227598 0.057577 -0.554143
v -0.280468 -0.026644 -0.543863
v -0.179290 0.107347 -0.558556
v -0.181606 0.118554 -0.480907
v -0.174140 0.093080 -0.663203
v -0.164155 0.080463 -0.770641
v -0.190148 0.024843 -0.914753
v -0.184116 0.034944 -0.969868
v -0.173773 0.038376 -1.023658
v -0.121968 0.054021 -1.070201
v -0.201411 0.029046 -0.756662
v -0.219386 0.046149 -0.654466
v -0.158296 0.033948 -1.076959
v -0.205303 0.008527 -1.001113
v -0.262471 -0.037319 -0.627300
v -0.136999 -0.005827 -1.187469
v -0.146244 -0.039065 -1.182115
v -0.110155 -0.038619 -1.243666
v -0.105696 -0.009864 -1.253504
v -0.112276 -0.072097 -1.211585
v -0.146401 -0.078662 -1.166410
v -0.081758 -0.065172 -1.257568
v -0.112276 -0.072097 -1.211585
v -0.110155 -0.038619 -1.243666
v -0.082897 -0.038343 -1.282102
v -0.082897 -0.038343 -1.282102
v -0.079704 -0.010872 -1.292001
v -0.123403 0.023092 -1.188683
v -0.094368 0.016359 -1.252451
v -0.140853 0.027349 -1.131704
v -0.110442 0.048598 -1.126396
v -0.097464 0.042538 -1.182812
v -0.071414 0.013530 -1.287410
v -0.079704 -0.010872 -1.292001
v -0.036741 0.064504 -1.174629
v -0.068544 0.057067 -1.177193
v -0.033054 0.054271 -1.225038
v -0.040650 0.013532 -1.320759
v 0.004339 0.030809 -1.306506
v 0.004288 0.044577 -1.270724
v 0.004201 0.055415 -1.226003
v 0.004094 0.066202 -1.174270
v 0.003972 0.078457 -1.115708
v -0.181505 0.008226 0.559786
v -0.151132 0.074157 0.562967
v -0.164318 0.102494 0.414351
v -0.196035 0.035867 0.407909
v -0.164099 -0.019429 0.715154
v -0.139586 0.038545 0.720939
v -0.145801 -0.043286 0.888081
v -0.124016 0.006329 0.893885
v -0.076901 0.096856 0.726135
v -0.067245 0.049960 0.899039
v -0.002115 0.120443 0.728203
v -0.002798 0.069864 0.901604
v -0.202523 -0.071660 0.554293
v -0.182794 -0.092119 0.709947
v -0.164290 -0.112910 0.881238
v -0.173397 0.132246 0.258490
v -0.191876 -0.162055 0.706125
v -0.171596 -0.180300 0.875830
v -0.061086 0.221466 -0.079299
v -0.119732 0.196215 -0.077665
v -0.130291 0.194169 0.065151
v -0.177424 0.151122 0.062194
v -0.177152 0.152240 -0.076462
v -0.138592 0.175524 0.258456
v -0.062720 0.215619 -0.209787
v 0.000604 0.231982 -0.079605
v 0.000930 0.220766 -0.208531
v -0.124955 0.194193 -0.211799
v -0.062828 0.188768 -0.399062
v -0.064458 0.206048 -0.321031
v 0.001201 0.208514 -0.319660
v 0.001364 0.192358 -0.397637
v -0.127037 0.184163 -0.322912
v -0.125132 0.170201 -0.401090
v 0.001529 0.174850 -0.478371
v 0.001741 0.168182 -0.561411
v -0.186000 0.132013 -0.402811
v -0.223945 0.068110 -0.403703
v -0.246930 -0.313262 -0.600920
v -0.267827 -0.272300 -0.592634
v -0.287124 -0.219188 -0.527002
v -0.281784 -0.224109 -0.592801
v -0.294887 -0.209803 -0.479095
v -0.296133 -0.160064 -0.479713
v -0.291853 -0.166600 -0.531190
v -0.298583 -0.152139 -0.422119
v -0.297884 -0.198461 -0.426480
v -0.297764 -0.107500 -0.476498
v -0.292720 -0.102525 -0.415044
v -0.279736 -0.017760 -0.407682
v -0.308602 -0.185900 -0.359794
v -0.314600 -0.176664 -0.242204
v -0.323666 -0.208429 -0.245827
v -0.321625 -0.220189 -0.366527
v -0.190442 -0.233593 -0.896905
v -0.167802 -0.213459 -0.911070
v -0.233341 -0.230487 -0.838552
v -0.240335 -0.204629 -0.841642
v -0.234723 -0.256722 -0.749303
v -0.244547 -0.226207 -0.787493
v -0.250178 -0.191117 -0.793965
v -0.248217 -0.155635 -0.809886
v -0.226956 -0.161010 -0.927695
v -0.218138 -0.183283 -0.939448
v -0.213485 -0.144503 -0.974385
v -0.205420 -0.170608 -0.976771
v -0.197284 -0.138510 -1.018837
v -0.187782 -0.165188 -1.012491
v -0.239077 -0.081987 -0.879643
v -0.239393 -0.124165 -0.906171
v -0.243956 -0.122569 -0.833709
v -0.236314 -0.142576 -0.916940
v -0.240526 -0.103950 -0.804089
v -0.220700 -0.122439 -0.970995
v -0.201191 -0.114290 -1.020387
v -0.184938 -0.111041 -1.058278
v -0.095670 -0.148484 -1.131645
v -0.132515 -0.129807 -1.129109
v -0.166435 -0.110702 -1.102634
v -0.139105 -0.108581 -1.144957
v -0.101399 -0.123083 -1.160409
v -0.068002 -0.145795 -1.157685
v -0.034859 -0.176351 -1.110394
v -0.037201 -0.144417 -1.176918
v -0.070725 -0.118335 -1.192579
v -0.106429 -0.102792 -1.181233
v -0.112276 -0.072097 -1.211585
v -0.076199 -0.092032 -1.228771
v -0.038018 -0.116615 -1.217846
v 0.003341 -0.143420 -1.183983
v -0.112276 -0.072097 -1.211585
v -0.040634 -0.089714 -1.258691
v 0.003566 -0.116314 -1.227654
v -0.043774 -0.062703 -1.290923
v 0.003789 -0.089095 -1.270028
v 0.003988 -0.061725 -1.304097
v -0.082897 -0.038343 -1.282102
v -0.046993 -0.035743 -1.316319
v -0.082897 -0.038343 -1.282102
v -0.079704 -0.010872 -1.292001
v -0.045756 -0.009163 -1.328158
v 0.004311 -0.005293 -1.343637
v 0.004166 -0.033906 -1.330233
v 0.004357 0.012971 -1.336077
v -0.079704 -0.010872 -1.292001
v 0.002002 -0.300075 -0.919069
v 0.002570 -0.236848 -1.035545
v -0.365010 -0.461184 -0.293844
v -0.402136 -0.448433 -0.332530
v -0.362793 -0.393992 -0.358388
v -0.348447 -0.415680 -0.159897
v -0.328703 -0.354739 -0.390025
v -0.440867 -0.530826 -0.130577
v -0.389605 -0.471748 -0.147890
v -0.367861 -0.426151 -0.042987
v -0.288870 -0.340582 -0.031248
v -0.325672 -0.378817 -0.037150
v -0.272170 -0.326765 -0.052824
v -0.270782 -0.347448 -0.220239
v -0.269669 -0.361933 -0.358267
v -0.307420 -0.322656 -0.410427
v -0.282805 -0.311643 -0.026504
v -0.299044 -0.298375 -0.058959
v -0.371939 -0.358755 -0.127463
v -0.341237 -0.314739 -0.127411
v -0.363767 -0.299986 -0.255638
v -0.396089 -0.355023 -0.254065
v -0.317565 -0.281592 -0.132010
v -0.337129 -0.263055 -0.248768
v -0.338588 -0.280097 -0.369146
v -0.358182 -0.319515 -0.357617
v -0.386069 -0.371798 -0.336949
v -0.424001 -0.429953 -0.314252
v -0.428177 -0.412125 -0.240142
v -0.379674 -0.419873 -0.032708
v -0.410212 -0.408213 -0.123107
v -0.288870 -0.340582 -0.031248
v -0.272170 -0.326765 -0.052824
v -0.325672 -0.378817 -0.037150
v -0.367861 -0.426151 -0.042987
v -0.238311 -0.303841 -0.664768
v -0.243053 -0.260173 -0.709157
v -0.257485 -0.268318 -0.658046
v -0.250311 -0.223505 -0.749912
v -0.257493 -0.222280 -0.711043
v -0.255758 -0.183811 -0.759007
v -0.259981 -0.178191 -0.721020
v -0.251238 -0.142954 -0.777544
v -0.250659 -0.133029 -0.739441
v -0.261651 -0.126531 -0.686177
v -0.270982 -0.176228 -0.669219
v -0.269410 -0.224855 -0.659474
v -0.286880 -0.171529 -0.600150
v -0.281839 -0.118249 -0.612268
v -0.291927 -0.112006 -0.535008
v -0.206797 -0.223741 -0.897956
v -0.196165 -0.199477 -0.943530
v -0.186195 -0.186664 -0.971494
v -0.171360 -0.177273 -0.999774
v -0.044156 -0.291190 1.536337
v -0.069185 -0.246776 1.531013
v -0.042768 -0.280900 1.618430
v -0.070012 -0.242232 1.622586
v -0.063706 -0.254252 1.737212
v -0.035156 -0.288769 1.734046
v -0.090951 -0.202720 1.741768
v -0.091171 -0.192566 1.626303
v -0.053349 -0.277730 1.840082
v -0.077594 -0.218654 1.845743
v -0.005909 -0.314742 1.835940
v -0.024135 -0.300522 1.837531
v -0.035156 -0.288769 1.734046
v -0.091171 -0.192566 1.626303
v -0.089970 -0.185498 1.529765
v -0.106644 0.205830 0.256903
v -0.089014 0.229164 0.257084
v -0.085447 0.180673 0.410180
v -0.060277 0.200395 0.408757
v -0.084128 0.132848 0.564298
v -0.001409 0.159098 0.531080
v -0.123694 0.148801 0.415239
v -0.001109 0.182496 0.456570
v -0.084128 0.132848 0.564298
v -0.084128 0.132848 0.564298
v -0.000829 0.259223 0.458400
v -0.023869 0.303513 0.424082
v -0.026223 0.261669 0.436082
v -0.026223 0.261669 0.436082
v 0.000771 0.503479 0.216447
v -0.025553 0.497341 0.233003
v -0.023408 0.552450 0.360086
v -0.042530 0.364081 0.285761
v -0.029488 0.403155 0.177805
v -0.042530 0.364081 0.285761
v -0.021455 0.362262 0.412738
v -0.052261 0.293161 0.266200
v -0.026223 0.261669 0.436082
v -0.026223 0.261669 0.436082
v -0.052261 0.293161 0.266200
v -0.052261 0.293161 0.266200
v -0.042530 0.364081 0.285761
v 0.000577 0.405921 0.157079
v -0.052261 0.293161 0.266200
v 0.000347 0.275616 0.067609
v 0.000372 0.246682 0.020897
v -0.053014 -0.088851 2.036220
v -0.030789 0.013269 2.002549
v -0.032396 -0.053262 1.911030
v -0.048157 -0.116857 1.941626
v -0.058313 -0.182716 1.958597
v -0.019857 -0.196979 2.113476
v -0.006348 -0.195735 2.145167
v -0.036369 0.057924 2.235385
v -0.006861 0.024929 2.267810
v -0.030213 0.069203 2.080386
v -0.031934 0.140491 2.173570
v -0.035108 0.209660 2.276988
v -0.028721 0.252137 2.347746
v -0.006172 0.267592 2.343074
v -0.006107 0.226684 2.267148
v -0.006042 0.163235 2.161427
v -0.006011 0.100672 2.068804
v -0.006033 0.037821 1.994234
v -0.006066 -0.039879 1.904387
v -0.005276 -0.078551 1.849244
v -0.023797 -0.095048 1.852967
v -0.035008 -0.106468 1.623068
v -0.005521 -0.109591 1.749700
v -0.028721 -0.123350 1.748575
v -0.005521 -0.109591 1.749700
v -0.059015 -0.131271 1.628131
v -0.055485 -0.139224 1.747277
v -0.081789 -0.155007 1.628154
v -0.082128 -0.169825 1.744675
v -0.082376 -0.147411 1.530901
v -0.072010 -0.177012 1.849404
v -0.051840 -0.136929 1.851991
v -0.058313 -0.182716 1.958597
v -0.091171 -0.192566 1.626303
v -0.091171 -0.192566 1.626303
v -0.021455 0.362262 0.412738
v -0.021455 0.362262 0.412738
v -0.023869 0.303513 0.424082
v -0.598830 -0.726472 -0.043804
v -0.602978 -0.706015 0.017026
v -0.616375 -0.744702 -0.109737
v -0.570530 -0.705406 -0.149959
v -0.557189 -0.671986 -0.067599
v -0.517687 -0.628675 -0.086856
v -0.534300 -0.668736 -0.179881
v -0.499633 -0.633478 -0.204867
v -0.485191 -0.591955 -0.107209
v -0.412865 -0.521578 -0.268900
v -0.389605 -0.471748 -0.147890
v -0.440867 -0.530826 -0.130577
v -0.462071 -0.580964 -0.238546
v -0.440867 -0.530826 -0.130577
v -0.478115 -0.559717 -0.027791
v -0.517687 -0.628675 -0.086856
v -0.517687 -0.628675 -0.086856
v -0.552948 -0.646741 0.003411
v -0.557189 -0.671986 -0.067599
v -0.478870 -0.576888 -0.262542
v -0.440369 -0.511670 -0.300554
v -0.548117 -0.668026 -0.195019
v -0.570530 -0.705406 -0.149959
v -0.581462 -0.702340 -0.164090
v -0.499633 -0.633478 -0.204867
v -0.512535 -0.630718 -0.224473
v -0.602978 -0.706015 0.017026
v -0.552948 -0.646741 0.003411
v -0.572488 -0.644485 -0.038333
v -0.610892 -0.703162 -0.013074
v -0.547425 -0.606191 -0.054818
v -0.529931 -0.580999 -0.064664
v -0.428177 -0.412125 -0.240142
v -0.428177 -0.412125 -0.240142
v -0.460183 -0.493719 -0.284883
v -0.467023 -0.478974 -0.215621
v -0.500671 -0.560063 -0.251803
v -0.621668 -0.722784 -0.083357
v -0.585766 -0.665940 -0.120419
v -0.616375 -0.744702 -0.109737
v -0.591308 -0.686083 -0.154162
v -0.428177 -0.412125 -0.240142
v -0.467023 -0.478974 -0.215621
v -0.455861 -0.474977 -0.103058
v -0.541921 -0.597534 -0.164566
v -0.560645 -0.626164 -0.146353
v -0.500671 -0.560063 -0.251803
v -0.512535 -0.630718 -0.224473
v -0.543801 -0.618481 -0.211582
v -0.563171 -0.649918 -0.185433
v -0.581462 -0.702340 -0.164090
v -0.591308 -0.686083 -0.154162
v -0.454729 -0.530853 -0.032472
v -0.437722 -0.506190 -0.051672
v -0.410017 -0.476512 -0.039070
v -0.084128 0.132848 0.564298
v -0.440867 -0.530826 -0.130577
v -0.499633 -0.633478 -0.204867
v -0.517687 -0.628675 -0.086856
v -0.570530 -0.705406 -0.149959
v -0.512535 -0.630718 -0.224473
v -0.499633 -0.633478 -0.204867
v -0.512535 -0.630718 -0.224473
v -0.455861 -0.474977 -0.103058
v -0.491639 -0.525857 -0.086216
v -0.503500 -0.538861 -0.193402
v -0.503500 -0.538861 -0.193402
v -0.018329 -0.433670 2.048383
v -0.018332 -0.388601 2.108072
v -0.019294 -0.530092 2.127544
v -0.020301 -0.532254 2.043508
v -0.020763 -0.582392 2.094328
v -0.018849 -0.491847 2.154769
v -0.018595 -0.480048 2.080863
v -0.019294 -0.530092 2.127544
v -0.060554 -0.240702 1.958218
v -0.060554 -0.240702 1.958218
v -0.045001 -0.263427 2.033244
v 0.064463 -0.219184 1.846148
v 0.046618 -0.241101 1.958524
v 0.033275 -0.314493 1.943703
v 0.039811 -0.278077 1.840348
v 0.003824 -0.363300 1.892543
v 0.010492 -0.301589 1.837521
v 0.046618 -0.241101 1.958524
v 0.030468 -0.263708 2.033459
v 0.009115 -0.370118 2.009205
v -0.000724 -0.473136 2.000177
v -0.002687 -0.532319 2.043558
v -0.008946 -0.546672 2.030490
v -0.001265 -0.522632 2.125209
v -0.002687 -0.532319 2.043558
v -0.001367 -0.579685 2.086388
v -0.000715 -0.433735 2.048434
v -0.000980 -0.480113 2.080914
v -0.002687 -0.532319 2.043558
v -0.000724 -0.473136 2.000177
v -0.000718 -0.388667 2.108123
v -0.000967 -0.443510 2.123832
v 0.010308 -0.287677 2.101801
v 0.007425 -0.343500 2.098868
v 0.033882 -0.190201 2.044650
v 0.009293 -0.197088 2.113559
v 0.010308 -0.287677 2.101801
v -0.001367 -0.579685 2.086388
v -0.001265 -0.522632 2.125209
v -0.000718 -0.388667 2.108123
v 0.007425 -0.343500 2.098868
v 0.010308 -0.287677 2.101801
v 0.010308 -0.287677 2.101801
v 0.160253 -0.238724 0.873820
v 0.147661 -0.252565 1.010017
v 0.120804 -0.263877 1.124878
v 0.125387 -0.332610 1.007089
v 0.173634 -0.273077 0.702965
v 0.183973 -0.223181 0.705342
v 0.203945 -0.265127 0.539993
v 0.211123 -0.210607 0.544862
v 0.232719 -0.258669 0.383971
v 0.238578 -0.200220 0.387264
v 0.233034 -0.132276 0.392109
v 0.208928 -0.146799 0.549868
v 0.263048 -0.189681 0.223859
v 0.257144 -0.121499 0.230578
v 0.235414 -0.034146 0.239494
v 0.216669 -0.052322 0.399209
v 0.283521 -0.118797 0.042184
v 0.255343 -0.020427 0.052071
v 0.215183 0.087180 0.060497
v 0.204894 0.061747 0.251248
v 0.262654 -0.014809 -0.083484
v 0.220394 0.087139 -0.077556
v 0.089733 -0.421865 0.678721
v 0.111908 -0.441145 0.520541
v 0.157379 -0.393828 0.525304
v 0.180992 -0.357915 0.528619
v 0.190495 -0.312813 0.534742
v 0.158372 -0.316385 0.698988
v 0.213869 -0.308345 0.381850
v 0.256540 -0.249039 0.218790
v 0.287499 -0.178628 0.035477
v 0.287526 -0.107180 -0.085112
v 0.268360 -0.013573 -0.225846
v 0.223634 0.082523 -0.218388
v 0.276103 -0.015860 -0.335096
v 0.228094 0.075783 -0.328105
v 0.190469 0.141404 -0.324870
v 0.185561 0.148515 -0.213819
v 0.291533 -0.159012 -0.084829
v 0.294699 -0.097615 -0.232095
v 0.294361 -0.100542 -0.344234
v 0.303596 -0.141726 -0.236391
v 0.305020 -0.147032 -0.351238
v 0.236432 -0.300376 0.213957
v 0.197165 -0.353566 0.378688
v 0.176548 -0.393409 0.374617
v 0.127251 -0.441922 0.368763
v 0.153072 -0.434279 0.200508
v 0.194374 -0.384984 0.206954
v 0.202889 -0.372213 0.004124
v 0.221075 -0.338067 0.004511
v 0.213465 -0.343863 0.211945
v 0.282829 -0.279453 -0.067560
v 0.300730 -0.257619 -0.131206
v 0.296171 -0.300592 -0.057262
v 0.315233 -0.283949 -0.130206
v 0.335600 -0.265560 -0.246849
v 0.319413 -0.239346 -0.246554
v 0.279649 -0.313737 -0.024900
v 0.255964 -0.350238 -0.369308
v 0.234410 -0.353744 -0.379340
v 0.268032 -0.363936 -0.356733
v 0.268465 -0.349456 -0.218701
v 0.249663 -0.345273 -0.233133
v 0.269051 -0.328781 -0.051280
v 0.227846 -0.336521 -0.070536
v 0.228843 -0.356947 -0.244639
v 0.205889 -0.378221 -0.079901
v 0.210276 -0.384253 -0.250744
v 0.174002 -0.420047 0.002697
v 0.172086 -0.433563 -0.092704
v 0.175245 -0.426947 -0.255416
v 0.278737 -0.252505 -0.471433
v 0.294450 -0.239441 -0.425842
v 0.211247 -0.355607 -0.478674
v 0.213251 -0.344924 -0.549526
v 0.211592 -0.374891 -0.381507
v 0.173015 -0.413923 -0.382931
v 0.168235 -0.398214 -0.481151
v 0.167236 -0.387784 -0.568254
v 0.126803 -0.463697 -0.101088
v 0.129071 -0.453364 -0.258240
v 0.126997 -0.440327 -0.384996
v 0.123288 -0.425611 -0.488379
v 0.121709 -0.413829 -0.582918
v 0.119230 -0.464116 0.004102
v 0.070960 -0.476270 -0.104546
v 0.072614 -0.466689 -0.259814
v 0.072154 -0.451598 -0.387594
v 0.070798 -0.435576 -0.494675
v 0.069584 -0.417641 -0.593529
v 0.070378 -0.413572 -0.669920
v 0.125364 -0.406047 -0.655896
v 0.182372 -0.375563 -0.632466
v 0.219197 -0.342485 -0.613301
v 0.132140 -0.396888 -0.724621
v 0.189394 -0.365797 -0.696324
v 0.050159 -0.464934 0.517106
v 0.039711 -0.441778 0.672233
v 0.066738 -0.474260 0.360985
v 0.066738 -0.474260 0.360985
v 0.066738 -0.474260 0.360985
v 0.064470 -0.480759 0.008591
v 0.073947 -0.409368 -0.742001
v 0.214142 -0.323618 -0.727510
v 0.219093 -0.334244 -0.675487
v 0.193530 -0.357387 -0.751124
v 0.185732 -0.344173 -0.796503
v 0.204855 -0.310929 -0.768775
v 0.216736 -0.284173 -0.754660
v 0.227454 -0.294268 -0.714863
v 0.204337 -0.304250 -0.811818
v 0.213260 -0.279563 -0.795631
v 0.135208 -0.389862 -0.784264
v 0.132951 -0.377678 -0.836326
v 0.182453 -0.332358 -0.844148
v 0.197222 -0.287742 -0.871473
v 0.205309 -0.268445 -0.851391
v 0.220659 -0.252256 -0.840393
v 0.231329 -0.256864 -0.787347
v 0.185247 -0.264412 -0.916208
v 0.150206 -0.284937 -0.966017
v 0.141861 -0.262270 -0.983839
v 0.173894 -0.246162 -0.935799
v 0.156004 -0.314067 -0.911800
v 0.074849 -0.400613 -0.804136
v 0.072552 -0.384827 -0.857655
v 0.068610 -0.369450 -0.911314
v 0.126278 -0.360989 -0.888474
v 0.110390 -0.330583 -0.954902
v 0.107845 -0.298406 -1.010537
v 0.105538 -0.275489 -1.030978
v 0.062971 -0.340799 -0.981362
v 0.063180 -0.309752 -1.039290
v 0.060260 -0.283413 -1.059683
v 0.098546 -0.253260 -1.039435
v 0.089318 -0.236625 -1.038039
v 0.056535 -0.261074 -1.067627
v 0.143783 -0.219687 -0.900655
v 0.170428 -0.214719 -0.910105
v 0.155267 -0.225651 -0.944155
v 0.063984 -0.387818 0.981157
v 0.068677 -0.407231 0.896289
v 0.101126 -0.391573 0.923762
v 0.090918 -0.378483 1.005998
v 0.035640 -0.383425 1.075334
v 0.028750 -0.401436 0.967735
v 0.029983 -0.420649 0.879361
v 0.033035 -0.428135 0.789048
v 0.075858 -0.409217 0.811720
v 0.039167 -0.364435 1.141839
v 0.125483 -0.206227 1.132974
v 0.147522 -0.194506 1.016484
v 0.138810 -0.130530 1.024415
v 0.122506 -0.143737 1.140632
v 0.117058 -0.064400 1.033303
v 0.100771 -0.082338 1.147676
v 0.100219 -0.021709 1.039474
v 0.087993 -0.041521 1.152761
v 0.051717 0.015588 1.044561
v 0.045984 -0.006617 1.156405
v 0.033889 -0.025849 1.257539
v 0.069070 -0.058793 1.253671
v 0.084831 -0.101833 1.246556
v 0.105827 -0.156863 1.239930
v 0.038699 -0.309160 1.347935
v 0.093937 -0.169832 1.354879
v 0.027581 -0.051467 1.359932
v 0.054679 -0.076896 1.361798
v 0.032029 -0.300703 1.445119
v 0.060458 -0.251188 1.448168
v 0.084187 -0.179509 1.453403
v 0.076212 -0.120761 1.358580
v 0.024791 -0.077521 1.453541
v 0.051658 -0.099876 1.454521
v 0.024791 -0.077521 1.453541
v 0.073839 -0.136196 1.456895
v 0.024791 -0.077521 1.453541
v 0.031521 -0.087582 1.534190
v 0.051369 -0.116474 1.532924
v 0.137736 -0.371980 1.047341
v 0.157799 -0.418856 1.096564
v 0.193588 -0.463761 1.052889
v 0.081845 -0.361143 1.241921
v 0.095383 -0.377741 1.281839
v 0.125387 -0.332610 1.007089
v 0.140274 -0.351098 0.928349
v 0.130580 -0.417150 0.984125
v 0.108236 -0.389137 1.034826
v 0.090918 -0.378483 1.005998
v 0.152815 -0.436324 1.103144
v 0.123894 -0.403728 1.159618
v 0.092396 -0.377087 1.109607
v 0.093831 -0.343135 1.079113
v 0.111065 -0.388348 1.202818
v 0.095383 -0.377741 1.281839
v 0.178997 -0.203869 -0.937886
v 0.169341 -0.189337 -0.928650
v 0.162445 -0.169939 -0.904912
v 0.171886 -0.191288 -0.960847
v 0.110418 -0.171970 -1.061664
v 0.090410 -0.171938 -1.083557
v 0.066987 -0.173578 -1.100283
v 0.153658 -0.159390 -1.071778
v 0.165779 -0.134574 -1.091556
v 0.185806 -0.135939 -1.051370
v 0.174476 -0.161786 -1.039775
v 0.158881 -0.175427 -1.024495
v 0.140061 -0.172559 -1.052502
v 0.117698 -0.167955 -1.079903
v 0.126755 -0.154550 -1.102569
v 0.095509 -0.167285 -1.105385
v 0.070571 -0.167676 -1.126667
v 0.038904 -0.176626 -1.110183
v 0.038904 -0.176626 -1.110183
v 0.040850 -0.168417 -1.141000
v 0.038904 -0.176626 -1.110183
v 0.053220 0.095413 -1.005508
v 0.050013 0.085243 -1.058982
v 0.055739 0.103898 -0.956030
v 0.057593 0.111951 -0.908050
v 0.059790 0.120185 -0.854825
v 0.062584 0.135734 -0.780425
v 0.065157 0.150371 -0.670431
v 0.065162 0.161991 -0.561182
v 0.064495 0.170362 -0.478734
v 0.123433 0.150363 -0.479101
v 0.124753 0.143568 -0.560086
v 0.124081 0.129825 -0.667914
v 0.119314 0.117141 -0.777014
v 0.114099 0.103046 -0.853247
v 0.109196 0.095686 -0.908991
v 0.104091 0.090729 -0.960406
v 0.097606 0.082779 -1.010966
v 0.090745 0.074118 -1.063962
v 0.082991 0.065715 -1.120571
v 0.046476 0.074951 -1.116782
v 0.146835 0.062733 -0.963828
v 0.138104 0.059587 -1.016167
v 0.154450 0.063921 -0.909620
v 0.161892 0.066495 -0.848932
v 0.288714 -0.022726 -0.474652
v 0.282386 -0.028740 -0.542257
v 0.230204 0.055872 -0.552838
v 0.228481 0.061150 -0.477407
v 0.182294 0.106000 -0.557524
v 0.184251 0.117192 -0.479863
v 0.177635 0.091770 -0.662199
v 0.168169 0.079225 -0.769693
v 0.194569 0.023410 -0.913656
v 0.188927 0.033554 -0.968804
v 0.178917 0.037062 -1.022653
v 0.127496 0.053092 -1.069489
v 0.204961 0.027533 -0.755503
v 0.222480 0.044503 -0.653205
v 0.163711 0.032749 -1.076041
v 0.210095 0.006980 -0.999929
v 0.264786 -0.039283 -0.625796
v 0.151715 -0.040175 -1.181265
v 0.142750 -0.006869 -1.186671
v 0.115983 -0.039462 -1.243021
v 0.111794 -0.010674 -1.252884
v 0.151488 -0.079772 -1.165560
v 0.117671 -0.072953 -1.210929
v 0.087468 -0.065803 -1.257085
v 0.088947 -0.038983 -1.281612
v 0.115983 -0.039462 -1.243021
v 0.117671 -0.072953 -1.210929
v 0.088947 -0.038983 -1.281612
v 0.086016 -0.011489 -1.291528
v 0.100656 0.015632 -1.251895
v 0.129376 0.022151 -1.187962
v 0.146532 0.026279 -1.130885
v 0.116250 0.047753 -1.125749
v 0.103550 0.041790 -1.182238
v 0.077881 0.012974 -1.286984
v 0.086016 -0.011489 -1.291528
v 0.074707 0.056534 -1.176785
v 0.042946 0.064207 -1.174402
v 0.039471 0.054001 -1.224832
v 0.047309 0.013205 -1.320508
v 0.177392 0.006889 0.560809
v 0.192994 0.034418 0.409019
v 0.161737 0.101279 0.415281
v 0.147493 0.073045 0.563819
v 0.134781 0.037523 0.721722
v 0.158894 -0.020632 0.716075
v 0.117985 0.005428 0.894575
v 0.139433 -0.044348 0.888895
v 0.072503 0.096300 0.726561
v 0.061512 0.049480 0.899407
v 0.177077 -0.093459 0.710974
v 0.197846 -0.073151 0.555435
v 0.157442 -0.114108 0.882156
v 0.171927 0.130960 0.259475
v 0.185659 -0.163461 0.707202
v 0.164276 -0.181551 0.876788
v 0.062211 0.221007 -0.078948
v 0.130387 0.193199 0.065894
v 0.120658 0.195320 -0.076980
v 0.177213 0.149801 0.063206
v 0.177740 0.150919 -0.075450
v 0.137445 0.174496 0.259243
v 0.064546 0.215145 -0.209424
v 0.126630 0.193256 -0.211082
v 0.065534 0.188290 -0.398696
v 0.066848 0.205559 -0.320656
v 0.129272 0.183209 -0.322181
v 0.127709 0.169260 -0.400369
v 0.188299 0.130619 -0.401744
v 0.225772 0.066435 -0.402420
v 0.247040 -0.315102 -0.599511
v 0.268194 -0.274296 -0.591106
v 0.282510 -0.226210 -0.591192
v 0.287511 -0.221328 -0.525363
v 0.295070 -0.212000 -0.477412
v 0.292656 -0.168777 -0.529523
v 0.296691 -0.162272 -0.478022
v 0.298871 -0.154364 -0.420415
v 0.297852 -0.200680 -0.424781
v 0.298695 -0.109722 -0.474797
v 0.293338 -0.104708 -0.413372
v 0.280943 -0.019849 -0.406083
v 0.308282 -0.188197 -0.358035
v 0.313678 -0.179004 -0.240412
v 0.322528 -0.210836 -0.243984
v 0.321088 -0.222583 -0.364694
v 0.192836 -0.235020 -0.895812
v 0.170428 -0.214719 -0.910105
v 0.235424 -0.232233 -0.837216
v 0.242627 -0.206428 -0.840265
v 0.236101 -0.258476 -0.747961
v 0.246369 -0.228036 -0.786093
v 0.252299 -0.192988 -0.792532
v 0.250693 -0.157493 -0.808463
v 0.221149 -0.184919 -0.938195
v 0.230065 -0.162712 -0.926392
v 0.208738 -0.172151 -0.975590
v 0.216984 -0.146106 -0.973158
v 0.191345 -0.166600 -1.011409
v 0.201081 -0.139993 -1.017701
v 0.242500 -0.083780 -0.878270
v 0.246814 -0.124396 -0.832309
v 0.242652 -0.125960 -0.904797
v 0.239498 -0.144348 -0.915583
v 0.243354 -0.105753 -0.802709
v 0.224343 -0.124096 -0.969726
v 0.205178 -0.115804 -1.019228
v 0.189166 -0.112434 -1.057211
v 0.100041 -0.149212 -1.131087
v 0.137009 -0.130811 -1.128341
v 0.170919 -0.111958 -1.101672
v 0.143847 -0.109635 -1.144150
v 0.106124 -0.123856 -1.159817
v 0.072543 -0.146319 -1.157284
v 0.038904 -0.176626 -1.110183
v 0.041863 -0.144712 -1.176692
v 0.075670 -0.118881 -1.192161
v 0.111423 -0.103603 -1.180611
v 0.117671 -0.072953 -1.210929
v 0.081546 -0.092619 -1.228321
v 0.043121 -0.116918 -1.217614
v 0.117671 -0.072953 -1.210929
v 0.046170 -0.090037 -1.258443
v 0.049695 -0.063051 -1.290657
v 0.053260 -0.036117 -1.316033
v 0.088947 -0.038983 -1.281612
v 0.052288 -0.009529 -1.327879
v 0.086016 -0.011489 -1.291528
v 0.088947 -0.038983 -1.281612
v 0.086016 -0.011489 -1.291528
v 0.360913 -0.396687 -0.356324
v 0.399701 -0.451419 -0.330243
v 0.362261 -0.463892 -0.291770
v 0.345274 -0.418263 -0.157918
v 0.327298 -0.357182 -0.388154
v 0.436665 -0.534094 -0.128075
v 0.363943 -0.428876 -0.040900
v 0.385944 -0.474636 -0.145678
v 0.285525 -0.342721 -0.029610
v 0.322074 -0.381229 -0.035303
v 0.269051 -0.328781 -0.051280
v 0.268465 -0.349456 -0.218701
v 0.268032 -0.363936 -0.356733
v 0.306370 -0.324942 -0.408676
v 0.296171 -0.300592 -0.057262
v 0.279649 -0.313737 -0.024900
v 0.369004 -0.361515 -0.125350
v 0.338631 -0.317271 -0.125472
v 0.393903 -0.357965 -0.251812
v 0.362001 -0.302689 -0.253568
v 0.335600 -0.265560 -0.246849
v 0.315233 -0.283949 -0.130206
v 0.356853 -0.322178 -0.355578
v 0.337619 -0.282616 -0.367217
v 0.384232 -0.374666 -0.334752
v 0.421598 -0.433103 -0.311841
v 0.425485 -0.415304 -0.237708
v 0.375743 -0.422687 -0.030554
v 0.406882 -0.411255 -0.120776
v 0.285525 -0.342721 -0.029610
v 0.269051 -0.328781 -0.051280
v 0.322074 -0.381229 -0.035303
v 0.363943 -0.428876 -0.040900
v 0.238856 -0.305618 -0.663407
v 0.244176 -0.261988 -0.707768
v 0.258255 -0.270238 -0.656575
v 0.251939 -0.225376 -0.748479
v 0.258908 -0.224203 -0.709570
v 0.257733 -0.185723 -0.757542
v 0.261781 -0.180134 -0.719532
v 0.253624 -0.144834 -0.776104
v 0.252901 -0.134905 -0.738005
v 0.263637 -0.128487 -0.684679
v 0.272501 -0.178252 -0.667669
v 0.270511 -0.226866 -0.657934
v 0.288040 -0.173670 -0.598510
v 0.283465 -0.120355 -0.610656
v 0.293158 -0.114185 -0.533340
v 0.209270 -0.225291 -0.896769
v 0.199079 -0.200949 -0.942402
v 0.189364 -0.188063 -0.970423
v 0.174761 -0.178562 -0.998787
v 0.032250 -0.291475 1.536555
v 0.030471 -0.281172 1.618639
v 0.022141 -0.288983 1.734210
v 0.057637 -0.247248 1.531375
v 0.057978 -0.242709 1.622951
v 0.050929 -0.254679 1.737539
v 0.079485 -0.193202 1.626790
v 0.078531 -0.203351 1.742251
v 0.064463 -0.219184 1.846148
v 0.039811 -0.278077 1.840348
v 0.022141 -0.288983 1.734210
v 0.010492 -0.301589 1.837521
v 0.078887 -0.186127 1.530247
v 0.079485 -0.193202 1.626790
v 0.010492 -0.301589 1.837521
v 0.105733 0.205039 0.257509
v 0.088277 0.228504 0.257589
v 0.058462 0.199953 0.409095
v 0.083476 0.180044 0.410662
v 0.080922 0.132234 0.564768
v 0.121455 0.147888 0.415938
v 0.080922 0.132234 0.564768
v 0.080922 0.132234 0.564768
v -0.000829 0.259223 0.458400
v 0.024710 0.261480 0.436227
v 0.022736 0.303340 0.424215
v 0.028103 0.220662 0.454613
v 0.024710 0.261480 0.436227
v 0.026954 0.497145 0.233153
v 0.024495 0.552272 0.360222
v 0.042637 0.363764 0.286004
v 0.030502 0.402932 0.177976
v 0.020824 0.362105 0.412859
v 0.042637 0.363764 0.286004
v 0.024710 0.261480 0.436227
v 0.051951 0.292773 0.266497
v 0.028103 0.220662 0.454613
v 0.051951 0.292773 0.266497
v 0.024710 0.261480 0.436227
v 0.030675 0.206620 0.430387
v 0.051951 0.292773 0.266497
v 0.042637 0.363764 0.286004
v 0.051951 0.292773 0.266497
v 0.039764 -0.089197 2.036485
v 0.035238 -0.117168 1.941864
v 0.020126 -0.053457 1.911180
v 0.018493 0.013086 2.002689
v 0.044807 -0.183100 1.958891
v 0.009293 -0.197088 2.113559
v 0.023077 0.057703 2.235555
v 0.017890 0.069024 2.080523
v 0.019609 0.140299 2.173717
v 0.022709 0.209445 2.277153
v 0.016235 0.251970 2.347874
v 0.022069 -0.106681 1.623231
v 0.015755 -0.098869 1.852783
v 0.018943 -0.124561 1.748632
v 0.047776 -0.131669 1.628435
v 0.043508 -0.139592 1.747560
v 0.069937 -0.170392 1.745109
v 0.070358 -0.159535 1.628251
v 0.071568 -0.147985 1.531340
v 0.039283 -0.137269 1.852251
v 0.059168 -0.177500 1.849778
v -0.005276 -0.078551 1.849244
v 0.044807 -0.183100 1.958891
v 0.079485 -0.193202 1.626790
v 0.079485 -0.193202 1.626790
v 0.020824 0.362105 0.412859
v 0.022736 0.303340 0.424215
v 0.020824 0.362105 0.412859
v 0.000845 0.720830 0.474434
v 0.596622 -0.710483 0.020447
v 0.592669 -0.730909 -0.040406
v 0.610453 -0.749271 -0.106238
v 0.551572 -0.676116 -0.064437
v 0.565132 -0.709635 -0.146720
v 0.512503 -0.632512 -0.083917
v 0.480398 -0.595551 -0.104455
v 0.495088 -0.637183 -0.202030
v 0.529348 -0.672697 -0.176848
v 0.409522 -0.524641 -0.266555
v 0.458111 -0.584390 -0.235922
v 0.436665 -0.534094 -0.128075
v 0.385944 -0.474636 -0.145678
v 0.436665 -0.534094 -0.128075
v 0.473110 -0.563260 -0.025078
v 0.512503 -0.632512 -0.083917
v 0.512503 -0.632512 -0.083917
v 0.551572 -0.676116 -0.064437
v 0.547113 -0.650838 0.006549
v 0.437280 -0.514939 -0.298051
v 0.475076 -0.580440 -0.259822
v 0.543256 -0.672091 -0.191907
v 0.576167 -0.706652 -0.160789
v 0.565132 -0.709635 -0.146720
v 0.508121 -0.634519 -0.221562
v 0.495088 -0.637183 -0.202030
v 0.596622 -0.710483 0.020447
v 0.604728 -0.707690 -0.009607
v 0.566907 -0.648728 -0.035084
v 0.547113 -0.650838 0.006549
v 0.542224 -0.610249 -0.051710
v 0.524975 -0.584927 -0.061655
v 0.425485 -0.415304 -0.237708
v 0.425485 -0.415304 -0.237708
v 0.463692 -0.482440 -0.212967
v 0.457137 -0.497136 -0.282266
v 0.496940 -0.563779 -0.248958
v 0.615758 -0.727392 -0.079828
v 0.580494 -0.670284 -0.117093
v 0.610453 -0.749271 -0.106238
v 0.586077 -0.690467 -0.150804
v 0.451918 -0.478358 -0.100469
v 0.463692 -0.482440 -0.212967
v 0.425485 -0.415304 -0.237708
v 0.555818 -0.630322 -0.143169
v 0.537412 -0.601553 -0.161487
v 0.496940 -0.563779 -0.248958
v 0.539404 -0.622515 -0.208493
v 0.508121 -0.634519 -0.221562
v 0.558390 -0.654095 -0.182234
v 0.586077 -0.690467 -0.150804
v 0.576167 -0.706652 -0.160789
v 0.449967 -0.534222 -0.029892
v 0.433254 -0.509434 -0.049188
v 0.405699 -0.479549 -0.036744
v 0.080922 0.132234 0.564768
v 0.436665 -0.534094 -0.128075
v 0.495088 -0.637183 -0.202030
v 0.512503 -0.632512 -0.083917
v 0.565132 -0.709635 -0.146720
v 0.508121 -0.634519 -0.221562
v 0.495088 -0.637183 -0.202030
v 0.508121 -0.634519 -0.221562
v 0.451918 -0.478358 -0.100469
v 0.487219 -0.529502 -0.083424
v 0.499594 -0.542597 -0.190541
v 0.499594 -0.542597 -0.190541
v -0.000718 -0.388667 2.108123
v -0.000715 -0.433735 2.048434
v 0.002174 -0.419694 1.959018
v -0.006688 -0.440049 1.945444
v -0.001265 -0.522632 2.125209
v -0.001367 -0.579685 2.086388
v -0.002687 -0.532319 2.043558
v -0.001235 -0.491913 2.154820
v -0.000980 -0.480113 2.080914
v -0.001265 -0.522632 2.125209
v 0.046618 -0.241101 1.958524
v 0.030468 -0.263708 2.033459
v 0.046618 -0.241101 1.958524
v 0.000845 0.720830 0.474434
v 0.000845 0.720830 0.474434
v 0.000934 0.713990 0.434254
v -0.024135 -0.300522 1.837531
vn 0.1121 -0.8064 -0.5806
vn 0.0566 -0.9513 -0.3031
vn -0.9538 -0.2299 -0.1936
vn 0.0723 0.2432 0.9673
vn -0.9726 0.0211 0.2314
vn -0.0854 0.1738 0.9811
vn -0.0128 -0.5744 0.8185
vn -0.9282 -0.1283 0.3493
vn -0.0559 -0.4624 0.8849
vn -0.9596 -0.2803 0.0239
vn -0.7735 -0.6333 -0.0255
vn -0.9975 -0.0300 -0.0644
vn -0.8742 -0.4780 0.0856
vn -0.9623 -0.2689 0.0399
vn -0.9900 -0.0223 0.1396
vn -0.9612 -0.0575 0.2699
vn -0.9740 0.0475 0.2214
vn -0.5987 -0.1823 0.7799
vn -0.1152 -0.9617 0.2487
vn -0.8677 0.3052 -0.3923
vn -0.9296 0.2442 -0.2760
vn -0.8367 -0.0444 -0.5458
vn -0.5278 -0.4289 -0.7331
vn -0.4637 -0.7203 -0.5159
vn -0.8551 -0.3175 -0.4100
vn -0.7022 -0.6635 -0.2583
vn -0.9099 -0.4070 -0.0798
vn -0.7908 -0.6104 -0.0446
vn -0.3919 -0.9197 0.0245
vn -0.1295 -0.9915 0.0135
vn -0.2728 -0.9603 0.0582
vn -0.3948 0.8204 -0.4136
vn -0.7645 0.2830 -0.5791
vn -0.4917 0.7772 -0.3927
vn 0.0136 0.9996 0.0234
vn 0.0989 0.9937 -0.0536
vn 0.3490 0.8110 0.4695
vn 0.2957 0.9483 0.1155
vn 0.6343 0.7018 0.3241
vn 0.2790 0.9540 0.1099
vn 0.2877 0.9560 0.0573
vn 0.5552 0.8286 -0.0721
vn -0.4250 -0.8585 0.2870
vn -0.6235 -0.7537 0.2079
vn -0.7491 -0.6007 0.2793
vn -0.8797 -0.4200 0.2229
vn -0.7836 -0.5727 0.2408
vn -0.5886 -0.7788 0.2169
vn -0.9208 -0.3714 0.1189
vn -0.9607 -0.2094 0.1824
vn -0.8556 0.5171 0.0238
vn 0.0572 0.9926 0.1074
vn -0.6848 0.7161 0.1354
vn -0.0412 0.9676 -0.2493
vn -0.5150 -0.5167 0.6839
vn -0.2644 -0.8308 0.4897
vn -0.4323 -0.5967 0.6761
vn -0.8945 0.3454 0.2837
vn -0.9614 0.2303 -0.1505
vn -0.6129 -0.6666 -0.4243
vn -0.5269 -0.5278 -0.6662
vn 0.1809 0.9697 0.1641
vn -0.5151 -0.5165 0.6840
vn -0.6048 0.7818 0.1514
vn -0.7735 -0.6333 -0.0257
vn -0.1242 -0.9915 -0.0386
vn -0.0680 -0.3697 0.9267
vn 0.9609 -0.2762 -0.0193
vn 0.1811 0.9697 0.1639
vn 0.5632 -0.8171 -0.1231
vn -0.1034 -0.7102 0.6963
vn -0.4660 -0.6377 0.6134
vn -0.5700 -0.7755 -0.2715
vn -0.5082 -0.4898 -0.7084
vn 0.5991 -0.5983 0.5321
vn 0.6721 -0.6007 0.4329
vn 0.4884 -0.6470 0.5856
vn 0.7232 -0.5889 0.3607
vn 0.4199 -0.8959 0.1453
vn 0.6768 -0.6266 0.3865
vn 0.7019 -0.6822 0.2048
vn 0.3152 -0.9463 -0.0718
vn 0.7860 -0.5739 0.2299
vn 0.7942 -0.6017 0.0845
vn 0.2466 -0.9664 0.0726
vn 0.2951 -0.6317 0.7168
vn 0.2756 -0.4470 0.8510
vn 0.3146 -0.6600 0.6822
vn 0.0987 -0.6252 0.7742
vn -0.9568 0.2893 0.0280
vn -0.8498 0.5261 -0.0331
vn -0.9590 0.2828 0.0175
vn -0.9225 0.3800 -0.0672
vn -0.8621 0.4543 -0.2247
vn -0.9542 0.1340 -0.2675
vn -0.8302 0.4861 -0.2728
vn -0.7743 0.5380 -0.3332
vn -0.8540 0.3711 -0.3646
vn -0.9170 0.2193 -0.3333
vn -0.8872 0.3151 -0.3371
vn -0.9326 0.0396 -0.3586
vn -0.8303 0.4859 -0.2728
vn -0.8541 0.3710 -0.3646
vn -0.9282 0.1010 -0.3581
vn -0.9282 0.1010 -0.3582
vn -0.8620 0.4543 -0.2247
vn -0.4002 0.8412 -0.3637
vn -0.1275 0.9462 -0.2974
vn -0.2571 0.8485 -0.4626
vn -0.3130 0.9194 -0.2381
vn -0.5019 0.8103 -0.3025
vn 0.3823 0.2792 -0.8808
vn 0.9594 0.2334 -0.1586
vn 0.5552 0.8286 -0.0722
vn -0.9136 -0.2918 -0.2832
vn -0.9315 -0.2337 -0.2788
vn -0.7118 -0.5465 -0.4412
vn -0.9842 -0.0924 -0.1511
vn -0.9938 -0.0433 -0.1023
vn -0.9710 -0.1601 -0.1777
vn -0.9115 -0.0525 -0.4080
vn -0.9593 -0.0174 -0.2817
vn -0.9158 -0.0134 -0.4015
vn -0.9857 0.0923 -0.1413
vn -0.9281 0.1009 -0.3583
vn -0.8568 -0.0252 -0.5150
vn -0.9344 -0.1037 -0.3409
vn -0.9489 -0.0036 -0.3156
vn -0.9282 0.1009 -0.3581
vn -0.9415 -0.0082 -0.3370
vn -0.9082 -0.1698 -0.3825
vn -0.9282 0.1009 -0.3582
vn -0.9383 0.0401 -0.3435
vn 0.6765 0.6439 -0.3574
vn 0.8618 0.3163 -0.3964
vn -0.0000 -0.0129 -0.9999
vn 0.8876 -0.1643 -0.4303
vn 0.5674 -0.6995 -0.4346
vn 0.0421 -0.9024 -0.4289
vn -0.0050 -0.9831 -0.1830
vn 0.3544 0.8814 -0.3123
vn 0.4361 -0.8749 0.2105
vn -0.0076 -0.9659 0.2589
vn 0.0024 0.9524 -0.3049
vn 0.3489 0.8111 0.4694
vn 0.4531 0.8520 0.2623
vn 0.5553 0.8285 -0.0722
vn 0.7417 0.6634 0.0986
vn 0.9740 -0.2255 -0.0201
vn 0.9486 0.3162 0.0163
vn 0.9594 0.2335 -0.1584
vn 0.9503 -0.3112 0.0072
vn 0.6571 -0.7520 0.0518
vn 0.7860 -0.5739 0.2300
vn 0.5990 -0.5985 0.5320
vn 0.2951 -0.6319 0.7167
vn -0.0070 -0.6425 0.7662
vn 0.6162 -0.7383 -0.2743
vn 0.5360 -0.8101 -0.2375
vn 0.6973 -0.7116 0.0860
vn -0.3027 -0.0145 0.9530
vn 0.0836 0.1686 0.9821
vn -0.6896 0.6148 0.3827
vn -0.9697 0.2378 -0.0556
vn -0.9447 0.2594 -0.2005
vn -0.2854 -0.7872 -0.5466
vn -0.4678 -0.7512 -0.4657
vn -0.6348 -0.7669 0.0940
vn 0.0041 -0.9995 0.0309
vn -0.8971 -0.4289 0.1065
vn -0.5110 0.8554 -0.0848
vn -0.6198 0.7542 -0.2167
vn 0.0043 0.9703 -0.2418
vn -0.0007 0.4951 0.8688
vn -0.8743 0.1567 0.4595
vn -0.0011 0.3641 0.9314
vn -0.9160 0.1016 0.3880
vn 0.0030 -0.3582 0.9336
vn 0.0391 0.6610 0.7494
vn -0.8910 0.0424 0.4521
vn -0.8742 0.1568 0.4595
vn -0.8852 0.0933 0.4557
vn -0.9953 0.0889 0.0394
vn -0.8726 0.4812 0.0832
vn -0.5167 0.7737 0.3667
vn -0.0157 0.2758 0.9611
vn -0.6944 0.6471 -0.3147
vn -0.6199 0.7541 -0.2168
vn -0.7073 0.6982 0.1106
vn 0.0038 0.2990 -0.9542
vn 0.0046 0.6446 -0.7645
vn -0.8387 0.3173 -0.4426
vn -0.7502 0.5314 -0.3934
vn 0.0047 0.7743 -0.6328
vn -0.9755 -0.0866 0.2022
vn 0.0051 -0.5317 0.8469
vn -0.0055 -0.5675 0.8233
vn -0.0047 -0.7568 0.6536
vn -0.9470 -0.1877 0.2606
vn -0.0045 -0.5768 0.8169
vn -0.8865 -0.3584 0.2927
vn -0.0047 -0.8612 0.5082
vn -0.9488 -0.1632 0.2705
vn -0.0043 -0.4886 0.8725
vn -0.0039 -0.3206 0.9472
vn -0.0028 0.0291 0.9996
vn 0.0015 0.8316 0.5553
vn 0.0045 0.9320 -0.3624
vn -0.8817 0.4577 -0.1142
vn 0.0257 0.9624 0.2703
vn -0.0451 0.8076 0.5880
vn -0.8394 0.5253 0.1399
vn -0.0058 0.8236 0.5672
vn 0.0047 0.7515 -0.6597
vn 0.0046 0.6716 -0.7409
vn -0.8289 0.4039 -0.3870
vn -0.9964 0.0647 0.0556
vn -0.8704 0.0266 0.4916
vn -0.8170 -0.0503 0.5744
vn -0.0029 -0.0176 0.9998
vn -0.0022 0.1202 0.9927
vn -0.8851 0.0934 0.4559
vn -0.0017 0.2635 0.9646
vn -0.0022 0.1454 0.9894
vn -0.0039 -0.3263 0.9452
vn -0.0036 -0.2155 0.9765
vn -0.8599 -0.1058 0.4993
vn -0.8867 -0.0577 0.4587
vn -0.8906 0.2788 0.3593
vn -0.9951 0.0992 0.0001
vn -0.8482 0.4819 -0.2196
vn -0.0000 0.9563 -0.2923
vn 0.0047 0.7516 -0.6596
vn -0.8483 0.4818 -0.2197
vn -0.8483 0.4819 -0.2195
vn -0.9951 0.0992 0.0002
vn -0.8906 0.2787 0.3594
vn -0.0034 -0.1642 0.9864
vn 0.0210 -0.2400 0.9706
vn -0.0364 -0.0923 0.9951
vn -0.5755 -0.6923 0.4353
vn 0.7368 -0.6683 0.1025
vn 0.5980 -0.7802 -0.1837
vn -0.2918 -0.7388 -0.6075
vn -0.2547 -0.5962 -0.7614
vn 0.7951 -0.5943 0.1210
vn 0.6414 -0.5836 0.4980
vn 0.7443 -0.5725 0.3439
vn 0.7953 -0.5940 0.1210
vn 0.7444 -0.5724 0.3439
vn 0.8362 -0.4207 0.3518
vn 0.7693 -0.6161 0.1689
vn 0.2244 0.1278 0.9661
vn 0.8077 -0.4803 0.3421
vn -0.3739 -0.7128 -0.5934
vn 0.7367 -0.6684 0.1024
vn -0.5755 -0.6924 0.4352
vn 0.2243 0.1278 0.9661
vn -0.2678 0.0046 0.9635
vn 0.1259 0.3620 0.9236
vn -0.7859 0.5884 0.1900
vn -0.1105 0.3652 0.9243
vn -0.2446 0.0267 0.9693
vn -0.8696 0.1737 -0.4622
vn -0.2544 -0.5964 -0.7613
vn -0.2916 -0.7389 -0.6075
vn -0.8898 0.4257 -0.1645
vn -0.8139 0.5646 0.1369
vn -0.5754 -0.6925 0.4351
vn 0.2244 0.1276 0.9661
vn 0.7591 -0.5667 0.3205
vn 0.8076 -0.4802 0.3423
vn 0.0878 0.3484 0.9332
vn 0.1239 0.0082 0.9923
vn -0.9074 -0.3994 0.1308
vn -0.7908 -0.5968 0.1357
vn -0.9587 -0.2325 0.1639
vn -0.9660 -0.2425 0.0895
vn -0.4679 -0.7512 -0.4655
vn -0.6621 -0.6508 -0.3716
vn -0.8194 -0.4832 -0.3083
vn -0.7061 -0.3567 -0.6117
vn -0.9182 -0.0598 -0.3915
vn -0.7616 -0.4640 -0.4524
vn -0.7061 -0.3566 -0.6118
vn 0.2744 -0.7968 -0.5383
vn -0.9990 0.0065 0.0437
vn 0.1124 -0.8062 -0.5808
vn 0.9794 -0.1573 -0.1265
vn 0.0568 -0.9513 -0.3030
vn 0.0726 0.2432 0.9673
vn -0.0853 0.1735 0.9811
vn 0.9714 -0.0827 0.2225
vn 0.9259 -0.1241 0.3567
vn 0.9574 -0.2874 0.0294
vn 0.9976 -0.0376 -0.0587
vn 0.7689 -0.6391 -0.0211
vn 0.8701 -0.4845 0.0906
vn 0.9890 -0.0297 0.1452
vn 0.9601 -0.2760 0.0454
vn 0.9592 -0.0646 0.2753
vn 0.9731 0.0403 0.2270
vn 0.1066 -0.9625 0.2493
vn 0.5929 -0.1867 0.7833
vn 0.8722 0.2987 -0.3874
vn 0.8395 -0.0507 -0.5410
vn 0.9330 0.2373 -0.2707
vn 0.5287 -0.4329 -0.7301
vn 0.4613 -0.7238 -0.5132
vn 0.6987 -0.6687 -0.2544
vn 0.8550 -0.3239 -0.4051
vn 0.9073 -0.4138 -0.0746
vn 0.7864 -0.6165 -0.0403
vn 0.3849 -0.9226 0.0267
vn 0.2661 -0.9621 0.0597
vn 0.1237 -0.9922 0.0142
vn 0.4032 0.8175 -0.4113
vn 0.4997 0.7735 -0.3898
vn 0.7699 0.2772 -0.5748
vn 0.1634 0.6735 -0.7209
vn 0.0134 0.5930 -0.8051
vn 0.0136 0.9996 0.0233
vn -0.2938 0.9499 0.1068
vn -0.4460 0.2123 0.8695
vn -0.6309 0.7066 0.3205
vn -0.2725 0.9560 0.1084
vn -0.2810 0.9581 0.0557
vn -0.5486 0.8327 -0.0754
vn 0.4169 -0.8617 0.2894
vn 0.7430 -0.6063 0.2836
vn 0.6167 -0.7583 0.2114
vn 0.8753 -0.4265 0.2279
vn 0.5863 -0.7799 0.2194
vn 0.7779 -0.5785 0.2453
vn 0.9172 -0.3787 0.1237
vn 0.9580 -0.2166 0.1879
vn 0.8689 0.4948 -0.0137
vn 0.7028 0.7018 0.1163
vn 0.5072 -0.5206 0.6868
vn 0.2553 -0.8328 0.4912
vn 0.8954 0.3388 0.2888
vn 0.4239 -0.5998 0.6786
vn 0.9639 0.2231 -0.1450
vn 0.5267 -0.5317 -0.6632
vn 0.6103 -0.6711 -0.4208
vn -0.1745 0.9711 0.1631
vn 0.6098 0.7773 0.1548
vn 0.5073 -0.5205 0.6868
vn 0.1171 -0.9924 -0.0379
vn 0.7689 -0.6391 -0.0212
vn 0.0599 -0.3700 0.9271
vn -0.1748 0.9710 0.1630
vn -0.9628 -0.2690 -0.0248
vn -0.5685 -0.8129 -0.1264
vn 0.4578 -0.6411 0.6160
vn 0.0941 -0.7110 0.6969
vn 0.5658 -0.7797 -0.2683
vn 0.5086 -0.4935 -0.7055
vn -0.6077 -0.5929 0.5284
vn -0.4965 -0.6433 0.5828
vn -0.6790 -0.5957 0.4290
vn -0.7297 -0.5834 0.3566
vn -0.6835 -0.6216 0.3827
vn -0.4274 -0.8927 0.1429
vn -0.3218 -0.9439 -0.0736
vn -0.7081 -0.6769 0.2008
vn -0.7915 -0.5680 0.2254
vn -0.7991 -0.5958 0.0800
vn -0.2542 -0.9645 0.0712
vn -0.3070 -0.6285 0.7146
vn -0.2856 -0.4444 0.8491
vn -0.1097 -0.6237 0.7739
vn -0.3234 -0.6576 0.6804
vn 0.9588 0.2821 0.0336
vn 0.9610 0.2757 0.0230
vn 0.8538 0.5198 -0.0282
vn 0.9257 0.3731 -0.0619
vn 0.9567 0.1269 -0.2621
vn 0.8667 0.4478 -0.2197
vn 0.8354 0.4799 -0.2680
vn 0.8588 0.3647 -0.3598
vn 0.7802 0.5322 -0.3288
vn 0.9205 0.2125 -0.3281
vn 0.8914 0.3085 -0.3321
vn 0.9349 0.0326 -0.3533
vn 0.8355 0.4797 -0.2680
vn 0.9310 0.0941 -0.3528
vn 0.8589 0.3645 -0.3598
vn 0.8355 0.4797 -0.2681
vn 0.8667 0.4478 -0.2198
vn 0.9309 0.0941 -0.3529
vn 0.9309 0.0940 -0.3529
vn 0.4085 0.8381 -0.3614
vn 0.2686 0.8462 -0.4603
vn 0.1377 0.9451 -0.2964
vn 0.3212 0.9171 -0.2363
vn 0.5097 0.8065 -0.2996
vn -0.3753 0.2820 -0.8830
vn -0.5486 0.8327 -0.0753
vn -0.9567 0.2406 -0.1640
vn 0.9130 -0.2987 -0.2780
vn 0.7102 -0.5518 -0.4372
vn 0.9313 -0.2407 -0.2734
vn 0.9843 -0.0997 -0.1455
vn 0.9707 -0.1674 -0.1721
vn 0.9940 -0.0508 -0.0966
vn 0.9134 -0.0593 -0.4028
vn 0.9179 -0.0203 -0.3963
vn 0.9608 -0.0245 -0.2762
vn 0.9871 0.0849 -0.1356
vn 0.9309 0.0940 -0.3530
vn 0.8595 -0.0316 -0.5101
vn 0.9355 -0.1106 -0.3355
vn 0.9506 -0.0107 -0.3102
vn 0.9310 0.0940 -0.3528
vn 0.9433 -0.0152 -0.3316
vn 0.9091 -0.1766 -0.3773
vn 0.9405 0.0331 -0.3381
vn -0.6702 0.6494 -0.3593
vn -0.8583 0.3230 -0.3989
vn -0.8873 -0.1581 -0.4332
vn -0.5703 -0.6961 -0.4361
vn -0.0420 -0.9023 -0.4290
vn -0.3477 0.8836 -0.3135
vn -0.4464 -0.8705 0.2074
vn -0.4460 0.2121 0.8696
vn -0.4506 0.8542 0.2593
vn -0.2939 0.9498 0.1069
vn -0.6309 0.7065 0.3205
vn -0.7373 0.6689 0.0944
vn -0.5487 0.8326 -0.0754
vn -0.9756 -0.2182 -0.0257
vn -0.9567 0.2406 -0.1639
vn -0.9464 0.3227 0.0110
vn -0.9526 -0.3041 0.0018
vn -0.6630 -0.7471 0.0481
vn -0.7915 -0.5680 0.2255
vn -0.7297 -0.5835 0.3566
vn -0.6077 -0.5930 0.5283
vn -0.3070 -0.6287 0.7145
vn -0.6201 -0.7337 -0.2778
vn -0.7030 -0.7064 0.0820
vn -0.5406 -0.8061 -0.2406
vn 0.2971 -0.0168 0.9547
vn 0.6920 0.6096 0.3866
vn -0.0880 0.1693 0.9816
vn 0.9478 0.2523 -0.1950
vn 0.9718 0.2305 -0.0500
vn 0.2827 -0.7893 -0.5450
vn 0.4648 -0.7547 -0.4630
vn 0.5178 0.8516 -0.0819
vn 0.6266 0.7496 -0.2131
vn -0.0012 0.3641 0.9314
vn 0.8727 0.1503 0.4645
vn 0.9180 0.1172 0.3789
vn 0.0388 0.6609 0.7494
vn 0.0030 -0.3582 0.9337
vn 0.9180 0.1171 0.3789
vn 0.0031 -0.3583 0.9336
vn 0.8899 -0.0335 0.4550
vn 0.8728 0.1503 0.4643
vn 0.9957 0.0814 0.0451
vn 0.8833 0.0868 0.4606
vn 0.8782 0.4702 0.0880
vn 0.8899 -0.0334 0.4549
vn 0.8899 -0.0334 0.4550
vn -0.0159 0.2759 0.9610
vn 0.5355 0.7605 0.3673
vn 0.7010 0.6419 -0.3108
vn 0.7147 0.6901 0.1139
vn 0.6267 0.7495 -0.2132
vn 0.8436 0.3110 -0.4378
vn 0.7564 0.5258 -0.3891
vn 0.9751 -0.0842 0.2052
vn 0.9441 -0.1947 0.2660
vn 0.8822 -0.3649 0.2977
vn 0.9460 -0.1703 0.2759
vn -0.0027 0.0291 0.9996
vn 0.0015 0.8316 0.5554
vn 0.8858 0.4511 -0.1091
vn 0.8590 0.4894 0.1507
vn 0.8341 0.3977 -0.3823
vn 0.9965 0.0573 0.0613
vn 0.8134 -0.0564 0.5790
vn 0.8678 0.0202 0.4965
vn 0.8832 0.0868 0.4609
vn -0.0024 0.1455 0.9894
vn -0.0019 0.2635 0.9646
vn 0.8563 -0.1122 0.5042
vn 0.8465 0.4829 -0.2242
vn -0.0001 0.9563 -0.2924
vn 0.0053 0.7355 0.6775
vn 0.8465 0.4828 -0.2242
vn -0.0001 0.9563 -0.2923
vn 0.8466 0.4827 -0.2243
vn 0.9959 0.0902 0.0036
vn 0.8466 0.4827 -0.2242
vn 0.0052 0.7354 0.6776
vn 0.9112 0.2059 0.3568
vn 0.8831 -0.0674 0.4643
vn 0.0209 -0.2400 0.9705
vn -0.0159 0.2758 0.9611
vn 0.8898 -0.0334 0.4550
vn 0.0031 -0.3584 0.9336
vn 0.0300 -0.0926 0.9953
vn -0.7424 -0.6627 0.0983
vn 0.5678 -0.6966 0.4386
vn -0.6027 -0.7757 -0.1872
vn 0.2547 -0.5982 -0.7598
vn 0.2897 -0.7409 -0.6059
vn -0.8002 -0.5883 0.1165
vn -0.7505 -0.5669 0.3397
vn -0.6487 -0.5787 0.4943
vn -0.8004 -0.5881 0.1164
vn -0.8413 -0.4145 0.3470
vn -0.7506 -0.5668 0.3396
vn -0.7748 -0.6104 0.1645
vn -0.8131 -0.4743 0.3375
vn -0.2290 0.1294 0.9648
vn 0.3718 -0.7156 -0.5913
vn 0.5678 -0.6967 0.4385
vn -0.7423 -0.6628 0.0982
vn -0.2288 0.1294 0.9648
vn -0.1285 0.3629 0.9229
vn 0.2624 0.0026 0.9650
vn 0.7892 0.5825 0.1945
vn 0.2392 0.0249 0.9706
vn 0.1080 0.3643 0.9250
vn 0.8735 0.1672 -0.4573
vn 0.2896 -0.7410 -0.6058
vn 0.2544 -0.5982 -0.7599
vn 0.5679 -0.6966 0.4384
vn 0.3720 -0.7156 -0.5912
vn 0.8939 0.4190 -0.1594
vn 0.8173 0.5586 0.1415
vn 0.5677 -0.6967 0.4385
vn 0.0300 -0.0924 0.9953
vn 0.5678 -0.6966 0.4385
vn -0.2289 0.1294 0.9648
vn -0.7651 -0.5610 0.3161
vn -0.8130 -0.4743 0.3377
vn -0.0904 0.3490 0.9327
vn -0.2289 0.1296 0.9648
vn -0.1296 0.0091 0.9915
vn 0.7855 -0.6027 0.1402
vn 0.9036 -0.4061 0.1360
vn 0.9560 -0.2396 0.1694
vn 0.9637 -0.2497 0.0950
vn 0.4649 -0.7547 -0.4629
vn 0.8176 -0.4893 -0.3037
vn 0.6594 -0.6557 -0.3678
vn 0.7069 -0.3620 -0.6076
vn 0.7606 -0.4697 -0.4481
vn 0.9200 -0.0666 -0.3863
vn -0.2773 -0.7948 -0.5398
vn 0.7069 -0.3619 -0.6077
vn 0.9970 -0.0293 0.0720
vn -0.9940 -0.0137 0.1083
vn 0.0567 -0.9513 -0.3031
vn -0.0032 -0.7231 0.6908
vn -0.0045 0.4668 0.8844
vn -0.9940 -0.0135 0.1084
vn 0.9877 0.0028 0.1562
vn -0.0043 0.4668 0.8843
vn -0.0033 -0.7230 0.6908
vn 0.9877 0.0027 0.1561
vn -0.0034 -0.7231 0.6908
vn -0.8970 -0.4290 0.1066
vn 0.1556 -0.9652 0.2103
vn 0.7082 -0.7050 0.0375
vn 0.0038 -0.9992 -0.0390
vn 0.9112 0.2060 0.3567
vn -0.0059 -0.9851 -0.1719
vn -0.0061 -0.9851 -0.1719
vn -0.9895 -0.1169 0.0849
vn -0.8712 -0.4877 -0.0561
vn -0.9572 -0.2847 -0.0516
vn -0.9896 -0.0919 0.1109
vn 0.0105 -0.8841 -0.4672
vn 0.0156 -0.6995 -0.7144
vn -0.8261 -0.4360 -0.3570
vn -0.6970 -0.6818 -0.2222
vn -0.9841 -0.1716 0.0462
vn -0.9710 -0.0828 0.2241
vn -0.9312 -0.2824 -0.2304
vn -0.9576 -0.1893 -0.2171
vn 0.1107 -0.6119 -0.7832
vn 0.0884 -0.6464 -0.7578
vn -0.9596 -0.1722 -0.2225
vn -0.9990 0.0066 0.0437
vn 0.1121 -0.8063 -0.5807
vn -0.9538 -0.2298 -0.1937
vn -0.9596 -0.1723 -0.2224
vn -0.9976 -0.0636 0.0257
vn -0.9577 -0.1892 -0.2169
vn -0.9597 -0.1721 -0.2223
vn -0.9999 0.0139 0.0009
vn -0.9849 0.0064 0.1729
vn -0.9915 0.0510 0.1194
vn 0.0704 0.2667 0.9612
vn 0.0095 0.2565 0.9665
vn -0.9689 -0.0327 0.2453
vn -0.9370 -0.0618 0.3438
vn -0.9710 -0.0828 0.2243
vn -0.9370 -0.0618 0.3439
vn -0.9282 -0.1283 0.3492
vn -0.9771 -0.0444 0.2081
vn -0.9538 -0.2297 -0.1935
vn -0.9990 0.0066 0.0436
vn -0.9849 0.0064 0.1730
vn 0.0095 0.2564 0.9665
vn -0.0514 -0.0950 0.9941
vn -0.9689 -0.0327 0.2454
vn -0.0374 -0.1693 0.9849
vn -0.0375 -0.1693 0.9849
vn -0.9857 -0.1350 0.1008
vn -0.9739 -0.1756 0.1436
vn -0.9264 -0.2832 0.2482
vn -0.9721 0.1502 0.1802
vn -0.9851 -0.1053 0.1362
vn -0.9615 -0.2411 0.1320
vn -0.9614 -0.2266 0.1562
vn -0.9858 -0.0570 0.1578
vn -0.9883 -0.0232 0.1506
vn -0.9646 -0.2260 0.1358
vn -0.9804 0.1292 0.1487
vn -0.9845 0.0896 0.1510
vn -0.9784 0.1556 0.1359
vn -0.9912 -0.0192 0.1307
vn -0.9558 0.2669 0.1233
vn -0.9641 0.2268 0.1382
vn -0.9488 0.3051 0.0815
vn -0.9823 0.1660 0.0867
vn -0.8996 0.4323 0.0616
vn -0.9206 0.3742 0.1115
vn -0.8849 0.4652 0.0239
vn -0.9416 0.3343 0.0409
vn -0.7877 -0.6011 0.1349
vn -0.5553 -0.8228 0.1213
vn -0.5225 -0.8406 0.1426
vn -0.9047 -0.3995 0.1480
vn -0.9346 -0.3319 0.1283
vn -0.9391 -0.3072 0.1539
vn -0.9342 -0.3398 0.1088
vn -0.9629 -0.2482 0.1061
vn -0.9968 -0.0142 0.0788
vn -0.9796 0.1943 0.0522
vn -0.9352 0.3529 0.0291
vn -0.8808 0.4732 0.0149
vn -0.8704 0.4916 -0.0271
vn -0.9336 0.3584 0.0045
vn -0.7262 0.6835 -0.0743
vn -0.7347 0.6783 -0.0048
vn -0.9959 0.0626 0.0652
vn -0.9737 0.2252 0.0333
vn -0.9774 0.2110 -0.0101
vn -0.9859 0.1628 0.0383
vn -0.9850 0.1618 -0.0596
vn -0.9024 -0.4250 0.0711
vn -0.9088 -0.4084 0.0849
vn -0.8073 -0.5858 0.0717
vn -0.6055 -0.7927 0.0708
vn -0.8427 -0.5372 0.0363
vn -0.6868 -0.7258 0.0390
vn -0.8902 -0.4532 0.0459
vn -0.8357 -0.5455 0.0639
vn -0.8651 -0.5002 0.0362
vn -0.8662 0.2993 0.4001
vn -0.9277 0.2619 0.2659
vn -0.5701 0.6930 0.4412
vn -0.7836 0.5593 0.2704
vn -0.9671 0.2346 0.0987
vn -0.8585 0.5052 0.0874
vn 0.3586 0.4454 0.8204
vn -0.5528 -0.8234 -0.1284
vn -0.1202 -0.9687 -0.2172
vn 0.3676 -0.8884 -0.2751
vn 0.0200 -0.9961 0.0860
vn 0.5491 -0.8299 0.0987
vn 0.7581 -0.5595 0.3350
vn -0.7440 -0.6617 0.0927
vn -0.6395 -0.7680 0.0363
vn -0.8552 -0.5163 0.0461
vn -0.7997 -0.6004 -0.0062
vn -0.7095 -0.7043 0.0255
vn -0.7420 -0.6693 0.0377
vn -0.6631 -0.7469 -0.0487
vn -0.9437 -0.0248 -0.3298
vn -0.9393 -0.2818 -0.1958
vn -0.6982 -0.7054 -0.1219
vn -0.6934 -0.7196 -0.0377
vn -0.7285 -0.6784 -0.0950
vn -0.6267 -0.7705 -0.1165
vn -0.6201 -0.7739 -0.1285
vn -0.6020 -0.7960 -0.0629
vn -0.3800 -0.9217 -0.0783
vn -0.4145 -0.9100 -0.0116
vn -0.3699 -0.9201 -0.1288
vn -0.3617 -0.9212 -0.1434
vn -0.3344 -0.9367 -0.1036
vn -0.4370 -0.8993 0.0166
vn -0.1698 -0.9812 -0.0913
vn -0.1858 -0.9818 -0.0400
vn -0.1472 -0.9795 -0.1375
vn -0.1054 -0.9802 -0.1678
vn -0.0642 -0.9913 -0.1147
vn -0.3358 -0.9390 -0.0743
vn -0.0874 -0.9949 -0.0509
vn -0.6102 -0.7909 -0.0456
vn -0.7243 -0.6882 -0.0425
vn -0.3714 -0.9241 -0.0901
vn -0.6594 -0.7467 -0.0871
vn -0.2090 -0.9713 0.1137
vn -0.0036 -0.9939 0.1105
vn -0.0043 -0.9903 0.1390
vn -0.1785 -0.9735 0.1431
vn -0.2728 -0.9603 0.0583
vn -0.0028 -0.9989 0.0464
vn -0.2730 -0.9602 0.0583
vn -0.2730 -0.9602 0.0582
vn -0.1760 -0.9844 -0.0027
vn -0.0020 -0.9953 -0.0965
vn -0.0020 -0.9990 -0.0453
vn -0.0023 -0.9892 -0.1465
vn -0.0027 -0.9826 -0.1856
vn -0.0020 -1.0000 -0.0011
vn -0.0022 -0.9997 0.0223
vn -0.0037 -0.9943 -0.1063
vn -0.0035 -0.9997 -0.0252
vn -0.1378 -0.9859 -0.0953
vn -0.8886 -0.3989 -0.2263
vn -0.7504 -0.6324 -0.1924
vn -0.8108 -0.5685 -0.1391
vn -0.9203 -0.3321 -0.2068
vn -0.7750 -0.5873 -0.2333
vn -0.8867 -0.4096 -0.2143
vn -0.8803 -0.3853 -0.2767
vn -0.8887 -0.4308 -0.1572
vn -0.9144 -0.3634 -0.1785
vn -0.4183 -0.8882 -0.1900
vn -0.4437 -0.8512 -0.2803
vn -0.7512 -0.5852 -0.3053
vn -0.9127 -0.2848 -0.2930
vn -0.8914 -0.3172 -0.3239
vn -0.7966 -0.5152 -0.3163
vn -0.8387 -0.5205 -0.1603
vn -0.8812 -0.1910 -0.4325
vn -0.8334 0.1855 -0.5206
vn -0.8151 -0.0354 -0.5783
vn -0.7696 -0.3966 -0.5004
vn -0.7124 -0.5667 -0.4139
vn -0.1523 -0.9656 -0.2107
vn -0.0027 -0.9955 -0.0949
vn -0.1549 -0.9462 -0.2842
vn -0.2113 -0.9179 -0.3358
vn -0.0009 -0.9537 -0.3007
vn -0.0019 -0.9614 -0.2752
vn -0.4765 -0.7951 -0.3751
vn -0.5120 -0.7427 -0.4316
vn -0.6173 -0.5648 -0.5476
vn -0.6766 -0.2560 -0.6904
vn -0.2997 -0.8548 -0.4237
vn -0.3695 -0.6906 -0.6217
vn -0.3847 -0.3582 -0.8507
vn -0.6356 0.1471 -0.7579
vn -0.3407 0.7558 -0.5591
vn -0.3206 0.0683 -0.9447
vn 0.0008 -0.9045 -0.4264
vn 0.0026 -0.7441 -0.6681
vn 0.0044 -0.3815 -0.9244
vn 0.0038 0.0171 -0.9998
vn -0.1632 0.6523 -0.7402
vn 0.0135 0.5930 -0.8051
vn 0.2876 0.9560 0.0572
vn -0.4916 0.7773 -0.3927
vn 0.3824 0.2792 -0.8808
vn 0.0133 0.5930 -0.8051
vn -0.0021 -0.9733 -0.2296
vn -0.3186 -0.9210 0.2243
vn 0.3375 -0.9138 0.2260
vn -0.1244 -0.9915 -0.0385
vn -0.3783 -0.9185 0.1150
vn -0.3008 -0.9323 0.2009
vn -0.1311 -0.9703 0.2033
vn -0.1189 -0.9831 0.1395
vn -0.4865 -0.8700 0.0795
vn -0.1550 -0.9821 0.1070
vn -0.4529 -0.8688 0.2002
vn -0.0052 -0.9812 0.1930
vn -0.0012 -0.9794 0.2019
vn -0.0068 -0.9813 0.1926
vn -0.0065 -0.9892 0.1461
vn -0.0053 -0.9942 0.1078
vn -0.9764 -0.0664 0.2053
vn -0.9889 0.0246 0.1463
vn -0.9691 0.1901 0.1569
vn -0.9680 0.1734 0.1815
vn -0.9344 0.3135 0.1689
vn -0.9327 0.3095 0.1851
vn -0.7969 0.5722 0.1936
vn -0.8157 0.5413 0.2038
vn -0.4542 0.8647 0.2143
vn -0.4679 0.8584 0.2105
vn 0.0030 0.9732 0.2298
vn 0.0030 0.9768 0.2140
vn -0.4795 0.8505 0.2162
vn 0.0210 0.9746 0.2232
vn -0.8164 0.5409 0.2022
vn -0.9265 0.3344 0.1727
vn -0.9789 0.1182 0.1668
vn -0.6336 -0.7562 0.1634
vn 0.0015 -0.9726 0.2325
vn 0.0026 -0.9810 0.1942
vn -0.9923 0.0462 0.1153
vn -0.5535 0.8114 0.1879
vn -0.8036 0.5696 0.1724
vn 0.0632 0.9783 0.1972
vn 0.0037 -0.9960 0.0890
vn -0.6281 -0.7735 0.0843
vn -0.9144 -0.3991 0.0674
vn -0.9970 -0.0236 0.0738
vn -0.9164 0.3799 0.1258
vn -0.6848 0.7160 0.1354
vn -0.8050 0.5808 0.1212
vn -0.6847 0.7161 0.1353
vn -0.9136 0.3950 0.0969
vn -0.6849 0.7160 0.1354
vn -0.7898 0.6045 0.1040
vn -0.6706 0.7261 0.1516
vn -0.8010 0.5798 0.1489
vn -0.9405 0.3393 0.0181
vn -0.8724 0.3857 0.3001
vn -0.0679 -0.3696 0.9267
vn -0.4312 -0.5612 0.7065
vn -0.9721 0.1504 0.1802
vn -0.9975 -0.0301 -0.0645
vn 0.4368 -0.8703 -0.2273
vn 0.3376 -0.9138 0.2260
vn 0.8213 -0.5693 0.0359
vn -0.1032 -0.7103 0.6963
vn 0.9198 -0.3923 0.0116
vn -0.2640 -0.8309 0.4898
vn -0.5151 -0.5167 0.6839
vn -0.4324 -0.5966 0.6761
vn -0.4314 -0.5611 0.7065
vn 0.4200 -0.8240 -0.3803
vn 0.8684 -0.4820 -0.1167
vn 0.9503 -0.3112 0.0071
vn 0.4230 -0.8830 -0.2035
vn 0.2509 -0.9632 0.0966
vn 0.1173 -0.9769 0.1785
vn -0.0070 -0.6423 0.7664
vn -0.0064 -0.4316 0.9020
vn 0.0074 -0.9805 0.1966
vn -0.0059 -0.6267 0.7793
vn -0.4931 -0.7589 -0.4252
vn -0.5844 -0.6998 -0.4109
vn -0.8160 -0.3837 -0.4324
vn -0.7061 -0.5236 -0.4767
vn -0.2210 -0.9380 -0.2671
vn -0.2173 -0.9470 -0.2366
vn -0.2348 -0.9242 -0.3012
vn -0.4128 -0.7788 -0.4723
vn -0.2962 -0.8976 -0.3265
vn -0.2808 -0.8825 -0.3772
vn -0.0317 -0.9820 0.1863
vn -0.0036 -0.9828 0.1844
vn -0.0317 -0.9820 0.1864
vn -0.0005 -0.9039 -0.4278
vn -0.1552 -0.8963 -0.4155
vn -0.1439 0.9720 -0.1857
vn 0.0053 0.9829 -0.1843
vn 0.0054 0.9839 -0.1787
vn -0.1425 0.9726 -0.1837
vn -0.1622 0.9708 -0.1766
vn 0.0056 0.9816 -0.1906
vn -0.1868 0.9691 -0.1610
vn 0.0059 0.9854 -0.1704
vn -0.1922 0.9656 -0.1753
vn 0.0058 0.9854 -0.1701
vn -0.1936 0.9663 -0.1697
vn 0.0053 0.9853 -0.1710
vn 0.0041 0.9922 -0.1248
vn -0.2025 0.9714 -0.1238
vn -0.1967 0.9756 -0.0978
vn -0.4205 0.9009 -0.1072
vn -0.3982 0.9039 -0.1560
vn -0.1812 0.9708 -0.1570
vn -0.4507 0.8836 -0.1271
vn -0.4610 0.8721 -0.1640
vn -0.4537 0.8747 -0.1706
vn -0.4283 0.8927 -0.1400
vn -0.3916 0.9071 -0.1545
vn -0.3605 0.9137 -0.1874
vn -0.3443 0.9191 -0.1915
vn -0.1379 0.9727 -0.1866
vn -0.3293 0.9248 -0.1907
vn -0.5511 0.8285 -0.0995
vn -0.4784 0.8624 -0.1654
vn -0.6265 0.7741 -0.0910
vn -0.6786 0.7231 -0.1291
vn -0.9356 0.3527 -0.0170
vn -0.8070 0.5884 -0.0510
vn -0.7987 0.5902 -0.1169
vn -0.9335 0.3306 -0.1387
vn -0.6404 0.7602 -0.1095
vn -0.6552 0.7464 -0.1169
vn -0.6689 0.7286 -0.1473
vn -0.6924 0.7053 -0.1520
vn -0.7605 0.6487 -0.0290
vn -0.6726 0.7389 -0.0409
vn -0.6153 0.7685 -0.1755
vn -0.4588 0.8656 -0.2006
vn -0.8661 0.4785 -0.1449
vn -0.8319 0.5188 -0.1970
vn -0.6314 0.7289 -0.2648
vn -0.8620 0.4545 -0.2246
vn -0.9288 0.2882 -0.2330
vn -0.8788 0.2653 -0.3966
vn -0.8947 -0.0547 -0.4433
vn -0.8184 -0.2150 -0.5329
vn -0.8425 0.1733 -0.5101
vn -0.6802 -0.5031 -0.5331
vn -0.7940 -0.3569 -0.4920
vn -0.5755 -0.6026 -0.5529
vn -0.6801 -0.5032 -0.5331
vn -0.8183 -0.2152 -0.5330
vn -0.6966 -0.3628 -0.6189
vn -0.6966 -0.3627 -0.6190
vn -0.8184 -0.2150 -0.5330
vn -0.8425 0.1731 -0.5101
vn -0.7648 0.0911 -0.6378
vn -0.7142 0.6166 -0.3311
vn -0.7051 0.5604 -0.4345
vn -0.6813 0.6760 -0.2807
vn -0.4754 0.8552 -0.2064
vn -0.4866 0.8384 -0.2456
vn -0.6481 0.5465 -0.5304
vn -0.7648 0.0912 -0.6378
vn -0.1275 0.9714 -0.2002
vn -0.3162 0.9247 -0.2121
vn -0.1233 0.9668 -0.2239
vn -0.4233 0.5869 -0.6902
vn 0.0076 0.8813 -0.4725
vn 0.0060 0.9518 -0.3066
vn 0.0054 0.9756 -0.2193
vn 0.0054 0.9799 -0.1995
vn 0.0056 0.9825 -0.1863
vn -0.9341 0.3223 0.1536
vn -0.8011 0.5674 0.1903
vn -0.8191 0.5463 0.1749
vn -0.9305 0.3386 0.1398
vn -0.9383 0.3115 0.1501
vn -0.8022 0.5672 0.1864
vn -0.9371 0.3118 0.1571
vn -0.7940 0.5757 0.1955
vn -0.4759 0.8500 0.2259
vn -0.4678 0.8512 0.2379
vn 0.0029 0.9700 0.2432
vn 0.0028 0.9643 0.2647
vn -0.9694 0.1972 0.1463
vn -0.9736 0.1807 0.1393
vn -0.9736 0.1817 0.1380
vn -0.8210 0.5593 0.1145
vn -0.9893 0.0497 0.1370
vn -0.9924 0.0344 0.1182
vn -0.2966 0.9531 -0.0608
vn -0.5212 0.8532 -0.0216
vn -0.6221 0.7829 0.0027
vn -0.7779 0.6274 0.0352
vn -0.7403 0.6722 0.0072
vn -0.6912 0.7131 0.1168
vn -0.2176 0.9739 -0.0647
vn 0.0039 0.9968 -0.0793
vn 0.0039 0.9967 -0.0807
vn -0.4706 0.8818 -0.0322
vn -0.1713 0.9620 -0.2128
vn -0.1825 0.9724 -0.1451
vn 0.0041 0.9882 -0.1528
vn 0.0042 0.9771 -0.2128
vn -0.4386 0.8910 -0.1172
vn -0.4060 0.8930 -0.1940
vn 0.0041 0.9881 -0.1540
vn 0.0040 0.9954 -0.0954
vn -0.6940 0.7068 -0.1370
vn -0.8416 0.5380 -0.0482
vn -0.8177 -0.5720 -0.0650
vn -0.9211 -0.3800 -0.0842
vn -0.9744 -0.2147 -0.0671
vn -0.9736 -0.1979 -0.1139
vn -0.9812 -0.1705 -0.0900
vn -0.9981 -0.0156 -0.0594
vn -0.9949 -0.0378 -0.0936
vn -0.9965 0.0605 -0.0574
vn -0.9873 -0.0004 -0.1591
vn -0.9972 0.0703 -0.0237
vn -0.9903 0.1387 0.0103
vn -0.9333 0.3585 0.0212
vn -0.9752 0.1798 -0.1288
vn -0.9800 0.1912 0.0542
vn -0.9868 0.1442 0.0735
vn -0.9618 0.1744 -0.2108
vn -0.7060 -0.3568 -0.6118
vn 0.3824 0.2791 -0.8808
vn -0.8508 -0.4568 -0.2596
vn -0.9521 -0.2309 -0.2003
vn -0.8677 -0.4606 -0.1868
vn -0.9318 -0.3315 -0.1479
vn -0.9838 -0.1011 -0.1479
vn -0.9925 0.0345 -0.1172
vn -0.9150 -0.2384 -0.3256
vn -0.7875 -0.4462 -0.4252
vn -0.8952 -0.2442 -0.3727
vn -0.7367 -0.5226 -0.4291
vn -0.8577 -0.2979 -0.4191
vn -0.6440 -0.6348 -0.4270
vn -0.9911 0.1052 -0.0811
vn -0.9868 -0.0002 -0.1619
vn -0.9955 0.0803 -0.0504
vn -0.9541 -0.1500 -0.2591
vn -0.9776 0.2101 0.0096
vn -0.9276 -0.1477 -0.3430
vn -0.9083 -0.1517 -0.3899
vn -0.8992 -0.2045 -0.3868
vn -0.4116 -0.7557 -0.5093
vn -0.5352 -0.6446 -0.5459
vn -0.8212 -0.3586 -0.4439
vn -0.6527 -0.5377 -0.5337
vn -0.4589 -0.6997 -0.5476
vn -0.3712 -0.7616 -0.5312
vn -0.2065 -0.8111 -0.5472
vn -0.4075 -0.7491 -0.5222
vn -0.5265 -0.6595 -0.5366
vn -0.6801 -0.5033 -0.5331
vn -0.4753 -0.7117 -0.5172
vn -0.2329 -0.8135 -0.5329
vn 0.0007 -0.8365 -0.5479
vn -0.5754 -0.6027 -0.5529
vn -0.2749 -0.7772 -0.5661
vn 0.0011 -0.8399 -0.5427
vn -0.3279 -0.6961 -0.6387
vn 0.0018 -0.8056 -0.5924
vn 0.0027 -0.7296 -0.6839
vn -0.6965 -0.3630 -0.6190
vn -0.4318 -0.4810 -0.7630
vn -0.7648 0.0910 -0.6378
vn -0.5061 0.0107 -0.8624
vn 0.0084 0.0002 -1.0000
vn 0.0046 -0.5435 -0.8394
vn 0.0097 0.6046 -0.7965
vn -0.7648 0.0913 -0.6378
vn -0.0004 0.9539 0.3002
vn 0.0136 0.9996 0.0235
vn 0.6804 -0.6715 -0.2935
vn -0.1184 -0.3678 -0.9223
vn -0.1814 -0.4093 -0.8942
vn 0.7669 -0.6366 0.0812
vn -0.2599 -0.4564 -0.8510
vn 0.7952 -0.5942 0.1210
vn 0.7835 -0.6131 0.1009
vn 0.6763 -0.5769 0.4580
vn 0.7316 -0.5678 0.3772
vn 0.6385 -0.6579 0.3993
vn 0.7581 -0.5596 0.3349
vn 0.5493 -0.8298 0.0987
vn -0.5276 -0.4288 -0.7333
vn 0.3586 0.4455 0.8203
vn -0.5701 0.6931 0.4411
vn -0.7991 0.5506 0.2415
vn -0.7902 0.5574 0.2547
vn -0.8520 0.5229 0.0279
vn -0.8604 0.5094 -0.0132
vn -0.7836 0.5594 0.2704
vn -0.8585 0.5053 0.0874
vn -0.8384 0.2971 -0.4570
vn -0.8178 0.2826 -0.5013
vn -0.8116 0.2658 -0.5202
vn -0.8596 0.5099 -0.0340
vn -0.2484 0.1740 0.9529
vn -0.7854 0.5815 0.2120
vn 0.7317 -0.5677 0.3774
vn 0.6384 -0.6579 0.3995
vn 0.6762 -0.5769 0.4582
vn -0.8584 -0.4679 -0.2101
vn -0.8860 -0.3840 -0.2599
vn -0.9082 -0.3538 -0.2235
vn -0.9491 -0.2795 -0.1453
vn -0.9524 -0.2249 -0.2058
vn -0.9928 -0.0300 -0.1159
vn -0.9862 0.0093 -0.1653
vn -0.9854 0.1532 -0.0744
vn -0.9726 0.1929 -0.1296
vn -0.9582 0.1507 -0.2430
vn -0.9750 -0.0055 -0.2223
vn -0.9575 -0.1940 -0.2135
vn -0.9878 -0.0269 -0.1537
vn -0.9712 0.1097 -0.2116
vn -0.9899 0.0720 -0.1220
vn -0.4679 -0.7512 -0.4656
vn -0.2852 -0.8174 -0.5005
vn -0.2623 -0.8674 -0.4228
vn -0.2050 -0.9240 -0.3229
vn -0.6665 -0.7433 0.0569
vn -0.9051 -0.4242 0.0291
vn -0.6853 -0.7276 0.0312
vn -0.8778 -0.4790 0.0019
vn -0.8408 -0.5412 -0.0093
vn -0.6260 -0.7792 -0.0309
vn -0.9934 -0.1057 0.0439
vn -0.9966 -0.0819 0.0025
vn -0.8711 -0.4879 -0.0559
vn -0.9895 -0.1168 0.0850
vn 0.0105 -0.8841 -0.4671
vn -0.6969 -0.6819 -0.2221
vn -0.6260 -0.7792 -0.0310
vn 0.0038 -0.9992 -0.0391
vn -0.9966 -0.0818 0.0025
vn -0.9978 -0.0615 0.0267
vn -0.6659 0.7376 0.1116
vn -0.7074 0.6981 0.1105
vn -0.4980 0.8204 0.2810
vn -0.5168 0.7735 0.3668
vn -0.4809 0.8460 0.2303
vn 0.0027 0.9560 0.2933
vn -0.6189 0.7532 0.2230
vn -0.0159 0.2759 0.9611
vn 0.0027 0.9561 0.2932
vn -0.4809 0.8460 0.2302
vn -0.4811 0.8459 0.2302
vn 0.0206 0.4672 0.8839
vn -0.0012 0.3642 0.9313
vn -0.8741 0.1568 0.4597
vn -0.8668 0.2560 0.4279
vn 0.0206 0.4671 0.8840
vn -0.8668 0.2562 0.4279
vn 0.0045 0.5612 -0.8277
vn -0.8418 0.3283 -0.4285
vn -0.9955 0.0824 0.0476
vn -0.9953 0.0889 0.0392
vn -0.8470 0.2978 -0.4404
vn -0.9953 0.0888 0.0394
vn -0.8853 0.0933 0.4557
vn -0.9811 0.1892 0.0406
vn -0.8668 0.2562 0.4278
vn -0.9811 0.1893 0.0406
vn -0.9811 0.1892 0.0405
vn 0.0044 0.5136 -0.8580
vn -0.9811 0.1893 0.0405
vn 0.0047 0.7968 -0.6042
vn 0.0043 0.9703 -0.2420
vn -0.9963 0.0566 0.0643
vn -0.8849 0.3911 -0.2530
vn -0.8185 0.4674 -0.3340
vn -0.9776 0.2055 -0.0449
vn -0.9919 0.0828 0.0962
vn -0.0128 -0.5743 0.8186
vn -0.9747 -0.1422 0.1724
vn -0.0045 -0.6233 0.7820
vn -0.9271 0.3112 -0.2091
vn -0.9161 0.3282 -0.2305
vn -0.8984 0.3878 -0.2060
vn -0.8840 0.4306 -0.1822
vn 0.0046 0.8940 -0.4481
vn 0.0047 0.8619 -0.5070
vn 0.0047 0.8248 -0.5654
vn 0.0047 0.7998 -0.6002
vn 0.0047 0.7886 -0.6148
vn 0.0060 0.7882 -0.6154
vn 0.0163 0.8846 -0.4661
vn -0.7450 0.6197 -0.2468
vn -0.5909 0.7909 0.1591
vn 0.0174 0.9981 -0.0586
vn -0.6105 0.7920 -0.0080
vn 0.0175 0.9981 -0.0586
vn -0.7250 0.6808 0.1043
vn -0.7359 0.6755 0.0462
vn -0.8899 0.4532 0.0519
vn -0.9061 0.4160 0.0767
vn -0.9114 0.4061 0.0671
vn -0.9557 0.2753 0.1039
vn -0.8813 0.4721 -0.0212
vn -0.9967 -0.0815 0.0025
vn -0.8852 0.0933 0.4558
vn -0.0023 0.1455 0.9894
vn -0.0016 0.2635 0.9646
vn -0.8851 0.0934 0.4560
vn -0.8742 0.1568 0.4596
vn -0.0006 0.4952 0.8688
vn 0.7759 -0.6207 0.1129
vn 0.1271 0.1325 0.9830
vn -0.2917 -0.7388 -0.6075
vn 0.5981 -0.7801 -0.1836
vn 0.7677 -0.6242 0.1449
vn 0.7758 -0.6208 0.1128
vn 0.7693 -0.6162 0.1689
vn 0.6369 -0.7529 -0.1660
vn 0.6926 -0.7002 -0.1735
vn 0.7909 -0.5929 0.1517
vn 0.6888 -0.6720 -0.2721
vn 0.7040 -0.6719 -0.2302
vn 0.8362 -0.4207 0.3517
vn 0.7591 -0.5667 0.3203
vn 0.2245 0.1277 0.9661
vn 0.8076 -0.4804 0.3421
vn 0.1242 0.0082 0.9922
vn 0.7677 -0.6242 0.1450
vn -0.0167 -0.5244 -0.8513
vn -0.0848 -0.4354 -0.8962
vn -0.1073 -0.6032 -0.7904
vn 0.6367 -0.7530 -0.1662
vn 0.5979 -0.7802 -0.1838
vn -0.2548 -0.5962 -0.7613
vn 0.6925 -0.7002 -0.1736
vn 0.0247 -0.6113 -0.7910
vn 0.1270 0.1326 0.9830
vn 0.1240 0.0081 0.9922
vn -0.7980 0.5805 0.1616
vn -0.7908 0.5955 0.1413
vn -0.7705 0.6153 0.1663
vn 0.0874 0.3485 0.9332
vn -0.7669 0.6151 0.1829
vn -0.8595 0.5100 -0.0337
vn -0.8161 0.2157 -0.5361
vn -0.8618 0.5040 -0.0573
vn -0.7920 0.1546 -0.5906
vn -0.8801 0.4450 -0.1659
vn -0.8748 0.4727 -0.1059
vn -0.2917 -0.7388 -0.6076
vn -0.8696 0.1738 -0.4621
vn -0.7855 0.5815 0.2119
vn -0.8618 0.5040 -0.0571
vn -0.7860 0.5884 0.1898
vn -0.8556 0.5092 -0.0929
vn -0.8599 0.5023 -0.0910
vn -0.7921 0.1546 -0.5905
vn -0.0167 -0.5245 -0.8513
vn 0.0249 -0.6114 -0.7909
vn -0.8015 0.1282 -0.5841
vn -0.8264 0.1649 -0.5384
vn -0.1071 -0.6033 -0.7903
vn -0.2545 -0.5964 -0.7613
vn 0.8362 -0.4206 0.3520
vn 0.7443 -0.5724 0.3441
vn 0.6413 -0.5835 0.4982
vn -0.4811 0.8459 0.2303
vn 0.7952 -0.5942 0.1208
vn 0.6926 -0.7001 -0.1735
vn 0.7040 -0.6719 -0.2301
vn 0.5981 -0.7801 -0.1837
vn 0.6368 -0.7529 -0.1660
vn 0.0248 -0.6115 -0.7908
vn -0.7862 0.5894 0.1857
vn -0.8532 0.5145 -0.0862
vn -0.8531 0.5145 -0.0860
vn -0.9976 -0.0637 0.0258
vn -0.9727 0.0212 0.2312
vn 0.0725 0.2434 0.9672
vn -0.9999 0.0139 0.0008
vn -0.9896 -0.0917 0.1109
vn -0.9896 -0.0918 0.1109
vn -0.9710 -0.0828 0.2242
vn 0.9881 -0.1243 0.0906
vn 0.9851 -0.1165 0.1262
vn 0.9513 -0.3082 -0.0004
vn 0.8711 -0.4885 -0.0503
vn 0.8471 -0.4286 -0.3142
vn 0.7050 -0.6754 -0.2164
vn 0.9738 -0.1189 0.1937
vn 0.9813 -0.1846 0.0543
vn 0.9826 -0.1425 -0.1194
vn 0.9823 -0.1239 -0.1402
vn 0.0886 -0.6464 -0.7579
vn 0.1107 -0.6118 -0.7832
vn 0.9970 -0.0291 0.0720
vn -0.0852 0.1734 0.9812
vn 0.0886 -0.6464 -0.7578
vn 0.1122 -0.8063 -0.5808
vn 0.9978 -0.0627 0.0231
vn 1.0000 -0.0090 -0.0021
vn 0.9824 -0.1238 -0.1401
vn 0.9826 -0.1424 -0.1192
vn 0.9926 -0.0316 0.1172
vn 0.9972 0.0224 0.0713
vn 0.9375 -0.0885 0.3367
vn 0.9730 -0.1019 0.2072
vn 0.9738 -0.1188 0.1937
vn 0.9804 -0.0417 0.1927
vn 0.9260 -0.1240 0.3565
vn 0.9374 -0.0885 0.3368
vn 0.9795 -0.1572 -0.1264
vn 0.9970 -0.0292 0.0719
vn 0.9926 -0.0315 0.1173
vn 0.9729 -0.1019 0.2075
vn 0.9841 -0.1423 0.1064
vn 0.9717 -0.1829 0.1492
vn 0.9228 -0.2901 0.2535
vn 0.9721 0.1430 0.1858
vn 0.9589 -0.2482 0.1375
vn 0.9835 -0.1126 0.1418
vn 0.9588 -0.2337 0.1617
vn 0.9845 -0.0644 0.1634
vn 0.9621 -0.2333 0.1412
vn 0.9873 -0.0306 0.1562
vn 0.9805 0.1219 0.1543
vn 0.9842 0.0823 0.1566
vn 0.9903 -0.0266 0.1363
vn 0.9788 0.1483 0.1415
vn 0.9571 0.2598 0.1287
vn 0.9649 0.2197 0.1437
vn 0.9830 0.1586 0.0923
vn 0.9506 0.2980 0.0869
vn 0.9024 0.4256 0.0667
vn 0.9227 0.3674 0.1168
vn 0.9438 0.3273 0.0463
vn 0.8882 0.4586 0.0289
vn 0.5154 -0.8445 0.1455
vn 0.5484 -0.8269 0.1245
vn 0.7824 -0.6069 0.1394
vn 0.9008 -0.4063 0.1531
vn 0.9359 -0.3142 0.1593
vn 0.9313 -0.3388 0.1336
vn 0.9310 -0.3467 0.1142
vn 0.9604 -0.2553 0.1115
vn 0.9962 -0.0216 0.0845
vn 0.9807 0.1870 0.0578
vn 0.9376 0.3459 0.0344
vn 0.8842 0.4666 0.0200
vn 0.9361 0.3515 0.0098
vn 0.8742 0.4851 -0.0221
vn 0.7316 0.6781 -0.0701
vn 0.7398 0.6728 -0.0006
vn 0.9960 0.0552 0.0709
vn 0.9752 0.2180 0.0388
vn 0.9790 0.2038 -0.0045
vn 0.9869 0.1554 0.0439
vn 0.9865 0.1545 -0.0540
vn 0.8988 -0.4317 0.0762
vn 0.9053 -0.4151 0.0901
vn 0.8025 -0.5918 0.0763
vn 0.5992 -0.7971 0.0742
vn 0.6811 -0.7309 0.0429
vn 0.8383 -0.5437 0.0411
vn 0.8611 -0.5067 0.0411
vn 0.8312 -0.5517 0.0686
vn 0.8866 -0.4598 0.0509
vn 0.8661 0.2929 0.4051
vn 0.9281 0.2550 0.2712
vn 0.5728 0.6888 0.4444
vn 0.7862 0.5535 0.2748
vn 0.8618 0.4988 0.0923
vn 0.9682 0.2274 0.1042
vn -0.3600 0.4481 0.8183
vn 0.1142 -0.9696 -0.2165
vn 0.5473 -0.8275 -0.1253
vn -0.3727 -0.8856 -0.2772
vn -0.5558 -0.8258 0.0955
vn -0.0279 -0.9959 0.0858
vn -0.7641 -0.5539 0.3307
vn 0.7385 -0.6672 0.0969
vn 0.6335 -0.7727 0.0399
vn 0.8510 -0.5226 0.0510
vn 0.7952 -0.6063 -0.0017
vn 0.7368 -0.6748 0.0419
vn 0.7041 -0.7095 0.0296
vn 0.6578 -0.7518 -0.0450
vn 0.9383 -0.2888 -0.1904
vn 0.9454 -0.0319 -0.3244
vn 0.6936 -0.7107 -0.1179
vn 0.6882 -0.7247 -0.0338
vn 0.7241 -0.6837 -0.0909
vn 0.6216 -0.7751 -0.1129
vn 0.6151 -0.7785 -0.1250
vn 0.5963 -0.8005 -0.0596
vn 0.4079 -0.9130 -0.0093
vn 0.3736 -0.9244 -0.0763
vn 0.3639 -0.9228 -0.1267
vn 0.3557 -0.9239 -0.1413
vn 0.3280 -0.9392 -0.1017
vn 0.4302 -0.9025 0.0191
vn 0.1803 -0.9828 -0.0389
vn 0.1644 -0.9823 -0.0903
vn 0.1417 -0.9804 -0.1369
vn 0.0994 -0.9809 -0.1672
vn 0.0572 -0.9918 -0.1144
vn 0.0802 -0.9955 -0.0505
vn 0.3292 -0.9415 -0.0724
vn 0.6046 -0.7954 -0.0422
vn 0.7193 -0.6936 -0.0384
vn 0.3651 -0.9268 -0.0880
vn 0.6543 -0.7516 -0.0834
vn 0.2016 -0.9727 0.1149
vn 0.1702 -0.9748 0.1441
vn 0.2661 -0.9621 0.0598
vn 0.2665 -0.9620 0.0598
vn 0.1703 -0.9854 -0.0017
vn 0.1317 -0.9868 -0.0945
vn 0.8869 -0.4055 -0.2212
vn 0.8073 -0.5746 -0.1345
vn 0.7467 -0.6380 -0.1881
vn 0.7719 -0.5931 -0.2289
vn 0.9189 -0.3390 -0.2016
vn 0.8849 -0.4162 -0.2093
vn 0.8790 -0.3919 -0.2717
vn 0.9127 -0.3702 -0.1733
vn 0.8863 -0.4374 -0.1521
vn 0.4127 -0.8913 -0.1876
vn 0.4389 -0.8545 -0.2778
vn 0.7486 -0.5908 -0.3010
vn 0.8908 -0.3239 -0.3188
vn 0.9122 -0.2915 -0.2878
vn 0.7945 -0.5211 -0.3117
vn 0.8356 -0.5268 -0.1556
vn 0.8822 -0.1976 -0.4275
vn 0.7695 -0.4023 -0.4960
vn 0.8181 -0.0415 -0.5736
vn 0.8377 0.1793 -0.5159
vn 0.7105 -0.5720 -0.4098
vn 0.1472 -0.9666 -0.2097
vn 0.1504 -0.9471 -0.2834
vn 0.2079 -0.9192 -0.3345
vn 0.4727 -0.7987 -0.3724
vn 0.5089 -0.7465 -0.4287
vn 0.6162 -0.5694 -0.5441
vn 0.6786 -0.2610 -0.6865
vn 0.2985 -0.8563 -0.4216
vn 0.3712 -0.6925 -0.6186
vn 0.3899 -0.3604 -0.8474
vn 0.6409 0.1424 -0.7543
vn 0.3284 0.7637 -0.5559
vn 0.3283 0.0665 -0.9422
vn -0.2808 0.9582 0.0556
vn -0.5486 0.8327 -0.0755
vn -0.3753 0.2821 -0.8829
vn 0.4996 0.7736 -0.3899
vn 0.3104 -0.9233 0.2261
vn 0.3708 -0.9213 0.1172
vn 0.1172 -0.9924 -0.0378
vn -0.3455 -0.9113 0.2241
vn 0.2918 -0.9347 0.2027
vn 0.1200 -0.9716 0.2041
vn 0.1084 -0.9842 0.1403
vn 0.1456 -0.9835 0.1077
vn 0.4796 -0.8736 0.0823
vn 0.4474 -0.8711 0.2025
vn 0.9747 -0.0737 0.2108
vn 0.9882 0.0172 0.1519
vn 0.9696 0.1829 0.1624
vn 0.9682 0.1662 0.1870
vn 0.9358 0.3065 0.1742
vn 0.9339 0.3025 0.1905
vn 0.8001 0.5663 0.1981
vn 0.8186 0.5352 0.2085
vn 0.4595 0.8613 0.2169
vn 0.4730 0.8549 0.2132
vn 0.4911 0.8415 0.2251
vn 0.8152 0.5397 0.2103
vn 0.9279 0.3275 0.1780
vn 0.9788 0.1109 0.1724
vn 0.6319 -0.7570 0.1663
vn 0.9920 0.0383 0.1200
vn 0.5716 0.7955 0.2014
vn 0.7863 0.5905 0.1820
vn 0.6280 -0.7733 0.0875
vn 0.9107 -0.4067 0.0730
vn 0.9964 -0.0320 0.0790
vn 0.9208 0.3689 0.1266
vn 0.7027 0.7019 0.1164
vn 0.7853 0.6052 0.1306
vn 0.7027 0.7019 0.1163
vn 0.9198 0.3792 0.1013
vn 0.6933 0.7046 0.1512
vn 0.7873 0.6050 0.1188
vn 0.8045 0.5738 0.1535
vn 0.8736 0.3792 0.3051
vn 0.9429 0.3322 0.0235
vn 0.0600 -0.3700 0.9271
vn 0.4230 -0.5644 0.7089
vn 0.9721 0.1433 0.1858
vn 0.9976 -0.0376 -0.0588
vn -0.4420 -0.8671 -0.2298
vn -0.8257 -0.5632 0.0312
vn -0.3457 -0.9112 0.2240
vn 0.0941 -0.7110 0.6968
vn 0.2552 -0.8329 0.4911
vn -0.9227 -0.3855 0.0063
vn 0.5073 -0.5204 0.6869
vn 0.4241 -0.5997 0.6786
vn 0.4231 -0.5643 0.7089
vn -0.4239 -0.8209 -0.3827
vn -0.8713 -0.4755 -0.1216
vn -0.9526 -0.3041 0.0017
vn -0.4284 -0.8798 -0.2060
vn -0.2587 -0.9613 0.0951
vn -0.1256 -0.9760 0.1778
vn -0.0158 -0.9804 0.1965
vn 0.4899 -0.7626 -0.4225
vn 0.7049 -0.5288 -0.4727
vn 0.8155 -0.3898 -0.4277
vn 0.5815 -0.7041 -0.4076
vn 0.2115 -0.9486 -0.2354
vn 0.2155 -0.9396 -0.2658
vn 0.2296 -0.9259 -0.2999
vn 0.4097 -0.7818 -0.4700
vn 0.2911 -0.8999 -0.3248
vn 0.2764 -0.8846 -0.3757
vn 0.0236 -0.9820 0.1873
vn 0.1525 -0.8973 -0.4142
vn 0.1532 0.9707 -0.1849
vn 0.1520 0.9713 -0.1828
vn 0.1718 0.9693 -0.1756
vn 0.1967 0.9673 -0.1599
vn 0.2019 0.9638 -0.1742
vn 0.2027 0.9647 -0.1682
vn 0.2108 0.9698 -0.1224
vn 0.2045 0.9741 -0.0967
vn 0.1893 0.9695 -0.1559
vn 0.4058 0.9010 -0.1537
vn 0.4278 0.8978 -0.1048
vn 0.4578 0.8803 -0.1244
vn 0.4683 0.8687 -0.1613
vn 0.4611 0.8713 -0.1679
vn 0.4357 0.8895 -0.1375
vn 0.3992 0.9041 -0.1522
vn 0.3683 0.9110 -0.1853
vn 0.3522 0.9165 -0.1898
vn 0.3374 0.9222 -0.1888
vn 0.1475 0.9715 -0.1858
vn 0.5578 0.8244 -0.0963
vn 0.4857 0.8588 -0.1627
vn 0.6328 0.7694 -0.0874
vn 0.6847 0.7180 -0.1253
vn 0.9382 0.3458 -0.0116
vn 0.9367 0.3237 -0.1333
vn 0.8038 0.5842 -0.1123
vn 0.8116 0.5823 -0.0464
vn 0.6467 0.7554 -0.1059
vn 0.6614 0.7415 -0.1131
vn 0.6752 0.7236 -0.1435
vn 0.6985 0.7002 -0.1480
vn 0.7655 0.6430 -0.0246
vn 0.6783 0.7339 -0.0370
vn 0.6220 0.7639 -0.1719
vn 0.4664 0.8622 -0.1979
vn 0.8704 0.4720 -0.1399
vn 0.8368 0.5126 -0.1922
vn 0.6383 0.7241 -0.2612
vn 0.8666 0.4481 -0.2197
vn 0.9322 0.2813 -0.2276
vn 0.8968 -0.0613 -0.4382
vn 0.8830 0.2587 -0.3916
vn 0.8198 -0.2211 -0.5282
vn 0.8466 0.1670 -0.5053
vn 0.7942 -0.3628 -0.4875
vn 0.6795 -0.5082 -0.5292
vn 0.5742 -0.6069 -0.5496
vn 0.6974 -0.3680 -0.6150
vn 0.8197 -0.2212 -0.5283
vn 0.6794 -0.5083 -0.5292
vn 0.6974 -0.3679 -0.6150
vn 0.7691 0.0854 -0.6334
vn 0.8466 0.1669 -0.5053
vn 0.8198 -0.2210 -0.5283
vn 0.7117 0.5551 -0.4305
vn 0.7207 0.6113 -0.3271
vn 0.6879 0.6709 -0.2768
vn 0.4829 0.8517 -0.2036
vn 0.4943 0.8347 -0.2428
vn 0.6552 0.5416 -0.5267
vn 0.7691 0.0855 -0.6334
vn 0.3243 0.9223 -0.2103
vn 0.1371 0.9703 -0.1994
vn 0.1330 0.9657 -0.2231
vn 0.4361 0.5836 -0.6850
vn 0.9356 0.3153 0.1589
vn 0.9322 0.3316 0.1453
vn 0.8222 0.5402 0.1795
vn 0.8042 0.5614 0.1949
vn 0.8054 0.5612 0.1910
vn 0.9397 0.3045 0.1555
vn 0.7971 0.5698 0.2001
vn 0.9384 0.3049 0.1625
vn 0.4809 0.8464 0.2286
vn 0.4728 0.8477 0.2406
vn 0.9741 0.1732 0.1452
vn 0.9700 0.1900 0.1518
vn 0.9741 0.1744 0.1436
vn 0.8245 0.5531 0.1192
vn 0.9889 0.0423 0.1426
vn 0.9919 0.0270 0.1239
vn 0.3040 0.9508 -0.0591
vn 0.6279 0.7783 0.0063
vn 0.5277 0.8492 -0.0186
vn 0.7823 0.6216 0.0396
vn 0.7452 0.6667 0.0114
vn 0.6959 0.7079 0.1207
vn 0.2253 0.9722 -0.0634
vn 0.4773 0.8783 -0.0295
vn 0.1796 0.9607 -0.2118
vn 0.1905 0.9711 -0.1441
vn 0.4459 0.8877 -0.1147
vn 0.4137 0.8900 -0.1917
vn 0.7000 0.7017 -0.1330
vn 0.8458 0.5317 -0.0434
vn 0.8138 -0.5780 -0.0604
vn 0.9187 -0.3869 -0.0789
vn 0.9727 -0.2051 -0.1083
vn 0.9731 -0.2219 -0.0616
vn 0.9804 -0.1779 -0.0844
vn 0.9951 -0.0452 -0.0879
vn 0.9983 -0.0230 -0.0538
vn 0.9973 0.0530 -0.0517
vn 0.9881 -0.0078 -0.1535
vn 0.9979 0.0629 -0.0180
vn 0.9912 0.1313 0.0160
vn 0.9358 0.3515 0.0265
vn 0.9773 0.1725 -0.1232
vn 0.9811 0.1839 0.0598
vn 0.9874 0.1369 0.0791
vn 0.9643 0.1673 -0.2053
vn 0.7068 -0.3620 -0.6078
vn 0.8489 -0.4632 -0.2547
vn 0.9515 -0.2380 -0.1949
vn 0.8653 -0.4670 -0.1819
vn 0.9301 -0.3384 -0.1426
vn 0.9839 -0.1085 -0.1423
vn 0.9934 0.0271 -0.1115
vn 0.7865 -0.4520 -0.4208
vn 0.9150 -0.2452 -0.3204
vn 0.7353 -0.5281 -0.4249
vn 0.8955 -0.2509 -0.3676
vn 0.6417 -0.6396 -0.4233
vn 0.8578 -0.3043 -0.4142
vn 0.9923 0.0978 -0.0754
vn 0.9963 0.0729 -0.0447
vn 0.9877 -0.0075 -0.1563
vn 0.9544 -0.1571 -0.2537
vn 0.9791 0.2028 0.0152
vn 0.9285 -0.1546 -0.3377
vn 0.9094 -0.1584 -0.3847
vn 0.8998 -0.2112 -0.3817
vn 0.4089 -0.7588 -0.5070
vn 0.5335 -0.6486 -0.5429
vn 0.8210 -0.3647 -0.4392
vn 0.6517 -0.5426 -0.5300
vn 0.4567 -0.7031 -0.5450
vn 0.3686 -0.7644 -0.5291
vn 0.0237 -0.9820 0.1873
vn 0.2057 -0.8123 -0.5458
vn 0.4049 -0.7521 -0.5200
vn 0.5242 -0.6637 -0.5335
vn 0.6793 -0.5084 -0.5292
vn 0.4729 -0.7153 -0.5145
vn 0.2324 -0.8147 -0.5312
vn 0.5741 -0.6070 -0.5496
vn 0.2753 -0.7788 -0.5636
vn 0.3296 -0.6979 -0.6358
vn 0.4361 -0.4837 -0.7588
vn 0.6973 -0.3681 -0.6150
vn 0.5160 0.0068 -0.8566
vn 0.7691 0.0852 -0.6335
vn 0.6974 -0.3679 -0.6151
vn 0.7690 0.0855 -0.6335
vn 0.1834 -0.4106 -0.8932
vn 0.1209 -0.3687 -0.9216
vn -0.6837 -0.6664 -0.2974
vn -0.7722 -0.6308 0.0767
vn 0.2614 -0.4583 -0.8495
vn -0.8003 -0.5882 0.1164
vn -0.6486 -0.5787 0.4944
vn -0.6832 -0.5719 0.4541
vn -0.7886 -0.6073 0.0964
vn -0.7380 -0.5623 0.3731
vn -0.6456 -0.6531 0.3957
vn -0.7641 -0.5540 0.3305
vn -0.5560 -0.8257 0.0955
vn -0.3726 -0.8856 -0.2773
vn 0.5286 -0.4328 -0.7302
vn 0.5727 0.6889 0.4444
vn -0.3599 0.4482 0.8183
vn 0.8018 0.5446 0.2461
vn 0.7929 0.5515 0.2592
vn 0.8643 0.5029 -0.0083
vn 0.8557 0.5165 0.0328
vn 0.8617 0.4989 0.0923
vn 0.8432 0.2908 -0.4522
vn 0.8227 0.2765 -0.4967
vn 0.8165 0.2600 -0.5154
vn 0.8635 0.5035 -0.0291
vn 0.2443 0.1721 0.9543
vn 0.7885 0.5757 0.2165
vn -0.7380 -0.5622 0.3732
vn -0.7642 -0.5538 0.3306
vn -0.6456 -0.6531 0.3958
vn -0.6831 -0.5718 0.4543
vn 0.8561 -0.4743 -0.2052
vn 0.8846 -0.3906 -0.2549
vn 0.9068 -0.3605 -0.2184
vn 0.9478 -0.2865 -0.1399
vn 0.9519 -0.2320 -0.2004
vn 0.9932 -0.0374 -0.1102
vn 0.9872 0.0020 -0.1597
vn 0.9869 0.1459 -0.0688
vn 0.9748 0.1857 -0.1240
vn 0.9607 0.1436 -0.2376
vn 0.9762 -0.0128 -0.2167
vn 0.9572 -0.2011 -0.2081
vn 0.9884 -0.0342 -0.1480
vn 0.9732 0.1025 -0.2060
vn 0.9911 0.0647 -0.1163
vn 0.4649 -0.7547 -0.4630
vn 0.2820 -0.8195 -0.4988
vn 0.2582 -0.8693 -0.4214
vn 0.2000 -0.9255 -0.3217
vn 0.6640 -0.7451 0.0635
vn 0.6789 -0.7333 0.0362
vn 0.6252 -0.7799 -0.0307
vn 0.9016 -0.4312 0.0345
vn 0.8742 -0.4855 0.0069
vn 0.8379 -0.5458 -0.0049
vn 0.9965 -0.0828 0.0088
vn 0.9928 -0.1095 0.0488
vn 0.9881 -0.1242 0.0906
vn 0.8710 -0.4886 -0.0502
vn 0.6251 -0.7799 -0.0308
vn 0.7050 -0.6754 -0.2163
vn 0.9972 -0.0665 0.0347
vn 0.9965 -0.0829 0.0088
vn 0.6254 -0.7797 -0.0308
vn 0.6708 0.7326 0.1154
vn 0.7148 0.6900 0.1138
vn 0.5355 0.7604 0.3676
vn 0.5025 0.8167 0.2838
vn 0.4858 0.8424 0.2330
vn 0.6232 0.7485 0.2265
vn 0.4859 0.8424 0.2330
vn 0.4861 0.8423 0.2330
vn 0.0204 0.4671 0.8840
vn 0.8690 0.2329 0.4366
vn 0.8727 0.1504 0.4646
vn 0.0390 0.6609 0.7495
vn 0.9179 0.1173 0.3790
vn 0.8689 0.2330 0.4366
vn 0.0205 0.4671 0.8840
vn 0.8467 0.3220 -0.4237
vn 0.9958 0.0750 0.0533
vn 0.9957 0.0814 0.0449
vn 0.8517 0.2915 -0.4355
vn 0.8833 0.0867 0.4607
vn 0.8691 0.2329 0.4364
vn 0.9829 0.1780 0.0466
vn 0.9180 0.1173 0.3788
vn 0.8782 0.4701 0.0880
vn 0.9829 0.1781 0.0466
vn 0.8691 0.2329 0.4365
vn 0.5354 0.7605 0.3674
vn 0.8781 0.4702 0.0880
vn 0.9829 0.1780 0.0464
vn 0.9957 0.0815 0.0449
vn 0.9829 0.1781 0.0465
vn 0.9965 0.0540 0.0637
vn 0.9803 0.1946 -0.0338
vn 0.8260 0.4609 -0.3244
vn 0.8892 0.3845 -0.2480
vn 0.9919 0.0755 0.1019
vn 0.9260 -0.1241 0.3566
vn 0.9726 -0.1495 0.1780
vn 0.9306 0.3042 -0.2038
vn 0.9198 0.3214 -0.2252
vn 0.9024 0.3811 -0.2009
vn 0.8882 0.4240 -0.1770
vn 0.6051 0.7792 0.1633
vn 0.7700 0.5980 -0.2225
vn 0.6292 0.7772 -0.0055
vn 0.7363 0.6679 0.1083
vn 0.7477 0.6624 0.0465
vn 0.9101 0.4071 0.0778
vn 0.8997 0.4329 0.0557
vn 0.9174 0.3900 0.0797
vn 0.8892 0.4574 -0.0096
vn 0.9571 0.2682 0.1093
vn 0.0164 0.8847 -0.4660
vn 0.9965 -0.0826 0.0088
vn 0.9966 -0.0824 0.0088
vn 0.8832 0.0867 0.4608
vn -0.0019 0.2637 0.9646
vn -0.0008 0.4953 0.8687
vn 0.8727 0.1503 0.4646
vn 0.0053 0.7354 0.6776
vn -0.1317 0.1335 0.9823
vn -0.7811 -0.6149 0.1085
vn -0.7811 -0.6150 0.1084
vn -0.7732 -0.6184 0.1406
vn -0.6028 -0.7757 -0.1871
vn -0.7748 -0.6105 0.1645
vn -0.7961 -0.5870 0.1471
vn -0.6968 -0.6950 -0.1773
vn -0.6415 -0.7481 -0.1695
vn -0.6922 -0.6668 -0.2760
vn -0.7076 -0.6666 -0.2343
vn -0.7961 -0.5870 0.1472
vn -0.7651 -0.5610 0.3160
vn -0.1296 0.0089 0.9915
vn -0.8131 -0.4743 0.3374
vn 0.0866 -0.4360 -0.8958
vn 0.0175 -0.5245 -0.8512
vn 0.1073 -0.6040 -0.7897
vn 0.2546 -0.5980 -0.7599
vn -0.6414 -0.7482 -0.1698
vn -0.0247 -0.6111 -0.7911
vn -0.6967 -0.6950 -0.1776
vn -0.1316 0.1335 0.9823
vn 0.7944 0.5896 0.1458
vn 0.8014 0.5746 0.1662
vn -0.1297 0.0092 0.9915
vn 0.7741 0.6096 0.1707
vn 0.7704 0.6094 0.1873
vn -0.0903 0.3492 0.9327
vn 0.8635 0.5036 -0.0289
vn 0.8635 0.5035 -0.0292
vn 0.8659 0.4975 -0.0523
vn 0.8208 0.2096 -0.5314
vn 0.7965 0.1487 -0.5860
vn 0.8842 0.4386 -0.1610
vn 0.8789 0.4662 -0.1009
vn 0.2897 -0.7410 -0.6058
vn 0.8735 0.1673 -0.4571
vn 0.7885 0.5757 0.2164
vn 0.7893 0.5825 0.1943
vn 0.8658 0.4976 -0.0522
vn 0.8640 0.4961 -0.0862
vn 0.8599 0.5028 -0.0880
vn 0.7966 0.1487 -0.5859
vn 0.8058 0.1222 -0.5795
vn -0.0249 -0.6112 -0.7911
vn 0.8306 0.1587 -0.5337
vn 0.8734 0.1673 -0.4573
vn 0.2544 -0.5983 -0.7598
vn 0.1072 -0.6041 -0.7897
vn -0.8413 -0.4144 0.3471
vn -0.7505 -0.5668 0.3399
vn -0.6485 -0.5787 0.4945
vn -0.7077 -0.6666 -0.2341
vn -0.6969 -0.6949 -0.1774
vn -0.6414 -0.7482 -0.1695
vn -0.6029 -0.7756 -0.1871
vn -0.0246 -0.6112 -0.7911
vn 0.7892 0.5825 0.1944
vn 0.7895 0.5836 0.1902
vn 0.8574 0.5081 -0.0813
vn 0.8574 0.5082 -0.0810
vn 0.9926 -0.0317 0.1171
vn 0.9593 -0.2426 -0.1443
vn 0.0486 -0.6880 -0.7241
vn 0.9795 -0.1571 -0.1264
vn 1.0000 -0.0089 -0.0021
vn 0.9715 -0.0826 0.2223
vn 1.0000 -0.0089 -0.0020
vn 0.9852 -0.1164 0.1262
vn 0.9739 -0.1188 0.1936
vn 0.9851 -0.1164 0.1263
vn 0.0052 0.7353 0.6777
vn 0.0051 0.7355 0.6775
vn 0.0001 0.9563 -0.2924
vn -0.6261 -0.7791 -0.0310
vn -0.6970 -0.6819 -0.2221
vt 0.861648 2.757427
vt 0.873403 2.792401
vt 0.869573 2.741082
vt 0.910853 2.684861
vt 0.903323 2.709433
vt 0.900256 2.723792
vt 0.947440 2.471646
vt 0.935076 2.461909
vt 0.945893 2.483946
vt 0.571153 2.529733
vt 0.564853 2.590840
vt 0.582566 2.550740
vt 0.369668 2.569117
vt 0.371957 2.511184
vt 0.343685 2.486510
vt 0.346300 2.533487
vt 0.333462 2.519934
vt 0.342602 2.582103
vt 0.326903 2.614759
vt 0.278446 2.584978
vt 0.273935 2.564515
vt 0.254884 2.587066
vt 0.263867 2.616103
vt 0.253071 2.632311
vt 0.242067 2.603366
vt 0.240992 2.647999
vt 0.227602 2.598818
vt 0.219895 2.652916
vt 0.402267 2.786169
vt 0.407520 2.822423
vt 0.448230 2.769727
vt 0.047642 2.721780
vt 0.056688 2.727679
vt 0.065524 2.657454
vt 0.010018 2.791730
vt 0.015974 2.787372
vt 0.014673 2.763152
vt 0.024444 2.732068
vt 0.041762 2.668921
vt 0.038954 2.694980
vt 0.051476 2.648531
vt 0.050791 2.624830
vt 0.611623 2.555549
vt 0.621087 2.536145
vt 0.612505 2.512014
vt 0.643590 2.469302
vt 0.636991 2.522720
vt 0.649808 2.542145
vt 0.680287 2.437896
vt 0.648125 2.395863
vt 0.680635 2.153400
vt 0.674322 2.159434
vt 0.681300 2.183926
vt 0.685492 2.109421
vt 0.607346 2.527874
vt 0.443983 2.887750
vt 0.424403 2.903931
vt 0.443956 2.916963
vt 0.514505 2.955261
vt 0.535102 2.957214
vt 0.520312 2.930539
vt 0.427886 2.958931
vt 0.459643 2.989051
vt 0.452370 2.966875
vt 0.562186 2.995411
vt 0.553374 2.951923
vt 0.571105 2.736775
vt 0.561021 2.778002
vt 0.566472 2.785545
vt 0.496906 2.883763
vt 0.477763 2.879207
vt 0.492233 2.884096
vt 0.495076 2.886856
vt 0.501673 2.897798
vt 0.032732 2.503371
vt 0.039453 2.493529
vt 0.031137 2.491360
vt 0.047131 2.508480
vt 0.058252 2.496128
vt 0.047788 2.495727
vt 0.063152 2.506295
vt 0.068258 2.499502
vt 0.059352 2.522906
vt 0.067817 2.520307
vt 0.051800 2.487327
vt 0.016637 2.502894
vt 0.016832 2.492939
vt 0.021542 2.486149
vt 0.012510 2.479819
vt 0.178258 2.365254
vt 0.169460 2.294361
vt 0.160552 2.375513
vt 0.140453 2.312477
vt 0.130270 2.284333
vt 0.128450 2.327870
vt 0.127059 2.242262
vt 0.111950 2.235693
vt 0.113653 2.255250
vt 0.103048 2.272988
vt 0.090138 2.254400
vt 0.087452 2.302784
vt 0.126537 2.258982
vt 0.117872 2.306478
vt 0.047289 2.141477
vt 0.045049 2.109936
vt 0.033750 2.143417
vt 0.059924 2.125787
vt 0.058215 2.159194
vt 0.071191 2.588468
vt 0.056875 2.582400
vt 0.058356 2.613311
vt 0.116970 2.536592
vt 0.115901 2.518888
vt 0.101581 2.540530
vt 0.138831 2.522826
vt 0.138267 2.494457
vt 0.128049 2.507488
vt 0.108264 2.387326
vt 0.120869 2.405478
vt 0.121635 2.355956
vt 0.133371 2.368011
vt 0.115823 2.358186
vt 0.095995 2.374557
vt 0.104732 2.345241
vt 0.098229 2.340779
vt 0.084211 2.358095
vt 0.099334 2.311112
vt 0.958873 2.893777
vt 0.953808 2.861751
vt 0.994546 2.852151
vt 0.954338 2.827497
vt 0.965123 2.799370
vt 0.980062 2.779385
vt 0.999357 2.730440
vt 0.970663 2.924002
vt 0.938117 2.710843
vt 0.956645 2.685330
vt 0.989201 2.948489
vt 0.909100 2.990362
vt 0.906615 2.967295
vt 0.928244 2.945391
vt 0.907843 2.926622
vt 0.905520 2.889973
vt 0.926769 2.893220
vt 0.923277 2.822591
vt 0.927048 2.856910
vt 0.901578 2.846425
vt 0.899434 2.809395
vt 0.925764 2.764183
vt 0.901911 2.768313
vt 0.903507 2.730192
vt 0.912863 2.702382
vt 0.919938 2.674206
vt 0.931004 2.666544
vt 0.635545 2.834651
vt 0.609506 2.826174
vt 0.624734 2.916325
vt 0.706602 2.627915
vt 0.691797 2.603798
vt 0.683532 2.617246
vt 0.182301 2.419072
vt 0.196369 2.376942
vt 0.087816 2.541102
vt 0.087365 2.557073
vt 0.766632 2.595227
vt 0.743430 2.592334
vt 0.763800 2.616378
vt 0.378312 2.060181
vt 0.386269 2.035703
vt 0.371632 2.012923
vt 0.840848 2.015304
vt 0.838043 2.036374
vt 0.845730 2.012915
vt 0.872678 2.033555
vt 0.891348 1.997774
vt 0.868503 2.009181
vt 0.873556 2.057154
vt 0.838589 2.038298
vt 0.815154 2.032483
vt 0.810977 2.119683
vt 0.856767 2.162794
vt 0.877625 2.076667
vt 0.882301 2.034338
vt 0.848911 2.264801
vt 0.862667 2.275749
vt 0.868702 2.170970
vt 0.816185 2.255371
vt 0.823720 2.266983
vt 0.822419 2.228117
vt 0.836671 2.247690
vt 0.831256 2.278594
vt 0.942163 2.344054
vt 0.966740 2.378092
vt 0.973483 2.325801
vt 0.991921 2.136865
vt 0.975721 2.159950
vt 0.990627 2.176183
vt 0.983739 2.109261
vt 0.996323 2.102660
vt 0.989738 2.071206
vt 0.997689 2.080234
vt 0.998506 2.063823
vt 0.998707 2.031030
vt 0.994555 2.014105
vt 0.972151 2.033101
vt 0.975177 2.048423
vt 0.727630 2.190724
vt 0.717370 2.167818
vt 0.695617 2.167916
vt 0.689344 2.105361
vt 0.687626 2.071270
vt 0.717604 2.126985
vt 0.722991 2.114285
vt 0.773751 2.092424
vt 0.788251 2.028544
vt 0.778228 2.026391
vt 0.781662 2.010876
vt 0.791883 2.011669
vt 0.816710 2.037442
vt 0.816204 2.011143
vt 0.808545 2.015884
vt 0.746450 2.007040
vt 0.731968 2.003880
vt 0.743095 2.018616
vt 0.707603 2.017338
vt 0.678149 2.027200
vt 0.704073 2.041870
vt 0.676625 2.038635
vt 0.671294 2.035623
vt 0.678360 2.035558
vt 0.678478 2.035484
vt 0.676633 2.017824
vt 0.707402 2.006868
vt 0.685962 2.010811
vt 0.881910 2.980870
vt 0.892315 2.971011
vt 0.879281 2.968759
vt 0.810355 2.896759
vt 0.840399 2.908082
vt 0.809206 2.891851
vt 0.724803 2.944723
vt 0.705288 3.000000
vt 0.721244 3.000000
vt 0.725199 2.937855
vt 0.737200 3.000000
vt 0.783832 2.952305
vt 0.775403 3.000000
vt 0.793879 3.000000
vt 0.871482 2.917706
vt 0.872790 2.931483
vt 0.891390 2.939873
vt 0.818734 2.750746
vt 0.802608 2.732966
vt 0.786481 2.715187
vt 0.746218 2.734029
vt 0.772770 2.699979
vt 0.759059 2.684771
vt 0.810320 2.887328
vt 0.809089 2.893042
vt 0.840276 2.904631
vt 0.888213 2.913529
vt 0.872334 2.903581
vt 0.870833 2.913367
vt 0.885574 2.880452
vt 0.891942 2.909592
vt 0.891669 2.880324
vt 0.897359 2.899966
vt 0.820146 2.747254
vt 0.806083 2.725569
vt 0.836605 2.765130
vt 0.833298 2.771548
vt 0.849758 2.789424
vt 0.521490 2.577447
vt 0.521080 2.611225
vt 0.590928 2.494311
vt 0.566266 2.485247
vt 0.113766 2.584077
vt 0.120161 2.583475
vt 0.115335 2.554399
vt 0.108975 2.607283
vt 0.104958 2.635268
vt 0.114970 2.608186
vt 0.085471 2.574157
vt 0.078627 2.549005
vt 0.892933 2.744046
vt 0.861404 2.758102
vt 0.867638 2.739014
vt 0.873009 2.792998
vt 0.903142 2.725937
vt 0.028504 2.814632
vt 0.018827 2.836188
vt 0.012003 2.790278
vt 0.840848 2.015314
vt 0.838043 2.036375
vt 0.871370 2.036206
vt 0.891346 1.997779
vt 0.872029 2.037499
vt 0.873965 2.054575
vt 0.872298 2.037938
vt 0.873784 2.054318
vt 0.874085 2.055836
vt 0.808543 2.015882
vt 0.816204 2.011140
vt 0.676964 2.035312
vt 0.673319 2.034314
vt 0.673530 2.013112
vt 0.678517 2.035477
vt 0.672538 2.012760
vt 0.677209 2.019998
vt 0.684076 2.004575
vt 0.874142 2.054915
vt 0.893592 2.741002
vt 0.880698 2.764477
vt 0.875978 2.791966
vt 0.885575 2.804570
vt 0.899915 2.772320
vt 0.886437 2.765532
vt 0.887203 2.765068
vt 0.903372 2.771889
vt 0.888039 2.801608
vt 0.875419 2.790368
vt 0.885868 2.764514
vt 0.763590 2.615955
vt 0.768552 2.605701
vt 0.766523 2.594553
vt 0.792979 2.568905
vt 0.680252 2.030210
vt 0.759211 2.650642
vt 0.758660 2.649533
vt 0.827657 2.447376
vt 0.823443 2.507934
vt 0.854565 2.534493
vt 0.864431 2.468976
vt 0.817697 2.545393
vt 0.831051 2.592229
vt 0.834546 2.579963
vt 0.819905 2.531002
vt 0.871542 2.583115
vt 0.893068 2.502766
vt 0.867670 2.475857
vt 0.849042 2.622959
vt 0.857606 2.661902
vt 0.852354 2.676657
vt 0.856557 2.721519
vt 0.862960 2.706190
vt 0.884716 2.703871
vt 0.868816 2.738336
vt 0.863205 2.705047
vt 0.876492 2.633215
vt 0.856559 2.662193
vt 0.863564 2.707175
vt 0.881308 2.669590
vt 0.904526 2.606000
vt 0.899900 2.652611
vt 0.915112 2.636695
vt 0.926320 2.589081
vt 0.908390 2.572792
vt 0.917647 2.532189
vt 0.917382 2.531663
vt 0.939138 2.468445
vt 0.903878 2.445280
vt 0.868052 2.740967
vt 0.885513 2.709539
vt 0.905541 2.606709
vt 0.928462 2.575369
vt 0.911743 2.573614
vt 0.921539 2.530620
vt 0.930603 2.561657
vt 0.920111 2.532518
vt 0.561406 2.441013
vt 0.592165 2.441361
vt 0.614482 2.445965
vt 0.592921 2.515487
vt 0.519947 2.446893
vt 0.520999 2.494499
vt 0.475431 2.499751
vt 0.473388 2.444316
vt 0.443607 2.443343
vt 0.446946 2.501985
vt 0.442597 2.386132
vt 0.471896 2.388738
vt 0.416770 2.381189
vt 0.416933 2.439118
vt 0.415531 2.294937
vt 0.442089 2.300299
vt 0.374740 2.302715
vt 0.373995 2.385527
vt 0.372185 2.212062
vt 0.413037 2.205463
vt 0.344024 2.223621
vt 0.347571 2.314428
vt 0.476868 2.634191
vt 0.479462 2.691017
vt 0.519691 2.665651
vt 0.475402 2.584196
vt 0.521966 2.538260
vt 0.476107 2.541826
vt 0.447038 2.552912
vt 0.415135 2.503257
vt 0.372522 2.445327
vt 0.346700 2.388624
vt 0.315913 2.324631
vt 0.316114 2.234680
vt 0.294725 2.240592
vt 0.292049 2.333177
vt 0.296242 2.169249
vt 0.317602 2.165430
vt 0.346050 2.440139
vt 0.313735 2.397374
vt 0.286418 2.410687
vt 0.312322 2.442898
vt 0.281173 2.456764
vt 0.414354 2.561123
vt 0.447547 2.607413
vt 0.446338 2.654965
vt 0.446752 2.715340
vt 0.406444 2.674046
vt 0.403717 2.731732
vt 0.409720 2.620384
vt 0.371450 2.624734
vt 0.360520 2.673344
vt 0.340622 2.555324
vt 0.328430 2.542978
vt 0.336681 2.565476
vt 0.325683 2.555901
vt 0.305091 2.545244
vt 0.304983 2.561234
vt 0.336735 2.586342
vt 0.265013 2.672073
vt 0.273240 2.646918
vt 0.279274 2.636400
vt 0.302187 2.638321
vt 0.303563 2.630440
vt 0.324517 2.611261
vt 0.336356 2.639179
vt 0.298893 2.666415
vt 0.335429 2.696165
vt 0.294263 2.717558
vt 0.331033 2.760641
vt 0.354409 2.736132
vt 0.292504 2.772077
vt 0.252555 2.551578
vt 0.239698 2.571025
vt 0.233749 2.705424
vt 0.216253 2.700998
vt 0.260252 2.719750
vt 0.259273 2.773625
vt 0.233188 2.769038
vt 0.213807 2.768662
vt 0.291767 2.838698
vt 0.330536 2.820323
vt 0.259684 2.836845
vt 0.234681 2.836018
vt 0.212716 2.832632
vt 0.355594 2.807709
vt 0.292140 2.903167
vt 0.331763 2.886241
vt 0.260174 2.902717
vt 0.233395 2.901878
vt 0.209900 2.900594
vt 0.195721 2.832718
vt 0.192069 2.906765
vt 0.199949 2.758020
vt 0.203371 2.702729
vt 0.176877 2.841777
vt 0.181658 2.742250
vt 0.482736 2.745417
vt 0.487142 2.784114
vt 0.525027 2.744065
vt 0.521232 2.711851
vt 0.448381 2.769187
vt 0.454220 2.818596
vt 0.448505 2.769017
vt 0.447965 2.771152
vt 0.357855 2.863860
vt 0.294060 2.998123
vt 0.335668 2.963089
vt 0.261291 2.998123
vt 0.233092 2.998123
vt 0.365162 2.918325
vt 0.413414 2.863550
vt 0.207490 2.998123
vt 0.188648 2.998123
vt 0.171416 2.921191
vt 0.174723 2.690471
vt 0.170196 2.741237
vt 0.186903 2.696989
vt 0.161322 2.687738
vt 0.155805 2.744368
vt 0.165349 2.649178
vt 0.178356 2.651137
vt 0.150577 2.647974
vt 0.143720 2.690302
vt 0.163360 2.844024
vt 0.146040 2.838457
vt 0.139482 2.742248
vt 0.125860 2.643955
vt 0.121155 2.684910
vt 0.132003 2.610751
vt 0.155203 2.614178
vt 0.097597 2.668863
vt 0.082223 2.664710
vt 0.067490 2.733082
vt 0.081150 2.740666
vt 0.109053 2.758391
vt 0.158115 2.923390
vt 0.168522 2.998123
vt 0.141310 2.918942
vt 0.119529 2.906975
vt 0.122115 2.998123
vt 0.140107 2.998123
vt 0.125406 2.833760
vt 0.094897 2.827868
vt 0.067845 2.805737
vt 0.055767 2.796061
vt 0.087396 2.887110
vt 0.059784 2.865820
vt 0.045238 2.846102
vt 0.046475 2.787097
vt 0.038320 2.777341
vt 0.035047 2.828789
vt 0.087091 2.956515
vt 0.058582 2.925624
vt 0.040662 2.895972
vt 0.033211 2.878189
vt 0.025339 2.859401
vt 0.059720 2.643591
vt 0.063044 2.616452
vt 0.055143 2.616942
vt 0.154804 2.998123
vt 0.594770 2.604048
vt 0.599111 2.574327
vt 0.581246 2.604864
vt 0.573129 2.636488
vt 0.617143 2.590482
vt 0.591557 2.635438
vt 0.568245 2.668004
vt 0.552353 2.647222
vt 0.548140 2.689670
vt 0.631315 2.564903
vt 0.622697 2.619578
vt 0.639041 2.598096
vt 0.593698 2.658245
vt 0.569086 2.692441
vt 0.550261 2.712383
vt 0.618935 2.386380
vt 0.592883 2.381416
vt 0.592464 2.318407
vt 0.618369 2.325547
vt 0.591979 2.251556
vt 0.617392 2.264145
vt 0.591289 2.205736
vt 0.616074 2.220584
vt 0.593173 2.154422
vt 0.615889 2.171577
vt 0.599003 2.119578
vt 0.617705 2.144318
vt 0.639267 2.188892
vt 0.640050 2.162971
vt 0.638607 2.234041
vt 0.640213 2.276789
vt 0.644697 2.331903
vt 0.688807 2.513222
vt 0.653104 2.584332
vt 0.695542 2.554549
vt 0.676310 2.342834
vt 0.664387 2.192741
vt 0.667975 2.235484
vt 0.662816 2.174689
vt 0.717034 2.557598
vt 0.713097 2.522795
vt 0.706473 2.452648
vt 0.703277 2.354226
vt 0.670685 2.285197
vt 0.682817 2.186457
vt 0.691630 2.240725
vt 0.680541 2.183856
vt 0.697273 2.291975
vt 0.681518 2.182277
vt 0.713570 2.257357
vt 0.704198 2.204683
vt 0.482590 2.959442
vt 0.495826 2.896978
vt 0.472127 2.908422
vt 0.403746 2.928357
vt 0.398607 2.906839
vt 0.493963 2.994280
vt 0.529474 2.991678
vt 0.530109 2.922046
vt 0.553633 2.895935
vt 0.543899 2.879244
vt 0.519139 2.835732
vt 0.552719 2.821755
vt 0.539806 2.787494
vt 0.564634 2.841739
vt 0.551521 2.751714
vt 0.567302 2.708494
vt 0.076860 2.533430
vt 0.068938 2.540070
vt 0.058683 2.559271
vt 0.073759 2.514396
vt 0.042436 2.482070
vt 0.033084 2.475970
vt 0.001306 2.494628
vt 0.001824 2.483959
vt 0.023373 2.469217
vt 0.002341 2.473290
vt 0.064034 2.453471
vt 0.075047 2.460783
vt 0.083881 2.432119
vt 0.070492 2.420497
vt 0.056583 2.474657
vt 0.066457 2.479787
vt 0.046119 2.469642
vt 0.050634 2.445945
vt 0.035279 2.462105
vt 0.024672 2.452069
vt 0.013335 2.462355
vt 0.003098 2.454826
vt 0.013466 2.462208
vt 0.004001 2.430517
vt 0.013348 2.463985
vt 0.014910 2.441240
vt 0.127177 2.070554
vt 0.125964 2.025503
vt 0.111154 2.032892
vt 0.112706 2.070264
vt 0.140948 2.072335
vt 0.140036 2.019027
vt 0.154673 2.075328
vt 0.153712 2.010623
vt 0.170022 2.078906
vt 0.168181 2.007411
vt 0.187676 2.070359
vt 0.185267 2.002871
vt 0.217002 2.002872
vt 0.218671 2.062759
vt 0.245597 2.056585
vt 0.246409 2.116777
vt 0.265304 2.110105
vt 0.264500 2.050821
vt 0.220045 2.125700
vt 0.189630 2.133489
vt 0.171244 2.139303
vt 0.155456 2.130928
vt 0.141114 2.122312
vt 0.127278 2.115911
vt 0.112536 2.112953
vt 0.094664 2.071326
vt 0.094332 2.111872
vt 0.140947 2.178433
vt 0.127024 2.166337
vt 0.155540 2.193876
vt 0.170856 2.207144
vt 0.261129 2.349253
vt 0.264052 2.251135
vt 0.246100 2.257389
vt 0.245252 2.354527
vt 0.246266 2.186306
vt 0.264676 2.179071
vt 0.220549 2.195848
vt 0.190500 2.203792
vt 0.152071 2.261056
vt 0.139931 2.240379
vt 0.126586 2.219639
vt 0.111573 2.161777
vt 0.191290 2.278710
vt 0.221199 2.267078
vt 0.110570 2.214377
vt 0.131791 2.266646
vt 0.223041 2.362633
vt 0.070577 2.245063
vt 0.067747 2.287183
vt 0.050203 2.271772
vt 0.048491 2.230811
vt 0.048917 2.324312
vt 0.064907 2.338264
vt 0.034241 2.298772
vt 0.046861 2.322175
vt 0.043511 2.262589
vt 0.035633 2.257495
vt 0.036074 2.258411
vt 0.039260 2.224505
vt 0.072386 2.204922
vt 0.051090 2.194286
vt 0.091612 2.209746
vt 0.093050 2.159920
vt 0.074341 2.161384
vt 0.039075 2.187550
vt 0.038419 2.223243
vt 0.076094 2.076261
vt 0.075813 2.117600
vt 0.059519 2.093050
vt 0.025424 2.180835
vt 0.028151 2.114051
vt 0.041750 2.084874
vt 0.057503 2.064972
vt 0.075711 2.044230
vt 0.093838 2.036763
vt 0.470200 2.218648
vt 0.471105 2.159674
vt 0.443205 2.151542
vt 0.442142 2.210480
vt 0.513476 2.234565
vt 0.513689 2.179779
vt 0.551861 2.246622
vt 0.552613 2.194808
vt 0.516714 2.104841
vt 0.557203 2.131802
vt 0.530041 2.049660
vt 0.563733 2.087789
vt 0.470509 2.306074
vt 0.514163 2.313522
vt 0.554071 2.316275
vt 0.415283 2.143426
vt 0.517031 2.390437
vt 0.557381 2.384553
vt 0.347728 2.046174
vt 0.345154 2.089328
vt 0.374868 2.098181
vt 0.371916 2.147159
vt 0.343658 2.154041
vt 0.416465 2.096594
vt 0.318629 2.042435
vt 0.348435 2.002865
vt 0.319701 2.002891
vt 0.318589 2.098304
vt 0.281051 2.044769
vt 0.296695 2.042209
vt 0.297217 2.002871
vt 0.280698 2.002875
vt 0.296919 2.100902
vt 0.281715 2.104802
vt 0.263459 2.002877
vt 0.244300 2.002875
vt 0.281359 2.173319
vt 0.280323 2.245846
vt 0.207104 2.655396
vt 0.210550 2.605286
vt 0.229951 2.542608
vt 0.214158 2.553072
vt 0.242227 2.529133
vt 0.247611 2.479342
vt 0.234272 2.489750
vt 0.262338 2.467968
vt 0.256246 2.514288
vt 0.254746 2.428298
vt 0.270473 2.418840
vt 0.277528 2.341093
vt 0.275658 2.497706
vt 0.310062 2.484286
vt 0.306534 2.518735
vt 0.272028 2.533689
vt 0.088683 2.632837
vt 0.075473 2.607465
vt 0.135691 2.582011
vt 0.138022 2.552811
vt 0.169174 2.612300
vt 0.157676 2.578463
vt 0.158575 2.540807
vt 0.157872 2.502480
vt 0.112397 2.493210
vt 0.099328 2.507950
vt 0.104722 2.461998
vt 0.093058 2.481364
vt 0.094242 2.442449
vt 0.084222 2.466680
vt 0.149182 2.418690
vt 0.133183 2.458485
vt 0.155509 2.465161
vt 0.124110 2.478336
vt 0.168411 2.439861
vt 0.113933 2.441943
vt 0.101572 2.416095
vt 0.089909 2.404892
vt 0.038916 2.434224
vt 0.055746 2.408106
vt 0.076107 2.391026
vt 0.060254 2.379239
vt 0.042180 2.397203
vt 0.027536 2.421293
vt 0.013104 2.463581
vt 0.016391 2.409298
vt 0.029800 2.381501
vt 0.044757 2.368741
vt 0.048499 2.327478
vt 0.031945 2.335490
vt 0.017542 2.368135
vt 0.004001 2.399524
vt 0.048261 2.328466
vt 0.018868 2.319180
vt 0.004001 2.366125
vt 0.019337 2.279916
vt 0.004001 2.321399
vt 0.004001 2.284609
vt 0.030466 2.261677
vt 0.018521 2.252949
vt 0.028324 2.253753
vt 0.030145 2.217137
vt 0.020655 2.215544
vt 0.008603 2.205673
vt 0.004001 2.254163
vt 0.015963 2.164604
vt 0.031513 2.216807
vt 0.942482 2.983014
vt 0.916796 2.998607
vt 0.664843 2.844897
vt 0.663736 2.821580
vt 0.632450 2.808114
vt 0.658145 2.927803
vt 0.605818 2.797296
vt 0.726310 2.940718
vt 0.689638 2.932181
vt 0.674404 3.000000
vt 0.630588 3.000000
vt 0.649104 3.000000
vt 0.624247 3.000000
vt 0.606706 2.897207
vt 0.591098 2.821240
vt 0.584928 2.788339
vt 0.685165 2.594479
vt 0.672168 2.603508
vt 0.680387 2.681479
vt 0.662003 2.656000
vt 0.633129 2.717710
vt 0.656888 2.744567
vt 0.649271 2.633070
vt 0.619739 2.688735
vt 0.593859 2.749042
vt 0.611552 2.768040
vt 0.637651 2.785493
vt 0.668662 2.802818
vt 0.683993 2.765328
vt 0.731355 2.656428
vt 0.710091 2.707665
vt 0.697042 2.593955
vt 0.691308 2.574101
vt 0.712508 2.619079
vt 0.735445 2.646480
vt 0.190461 2.656656
vt 0.181639 2.609963
vt 0.193201 2.609948
vt 0.171333 2.571906
vt 0.183419 2.564786
vt 0.171678 2.528616
vt 0.184355 2.517579
vt 0.170287 2.485541
vt 0.183866 2.467952
vt 0.197906 2.454998
vt 0.196543 2.510135
vt 0.195318 2.560638
vt 0.217254 2.499397
vt 0.219971 2.444181
vt 0.239676 2.435187
vt 0.100481 2.568195
vt 0.086223 2.521888
vt 0.082992 2.498099
vt 0.075648 2.484789
vt 0.735771 2.543787
vt 0.728746 2.470001
vt 0.759508 2.551500
vt 0.753775 2.484318
vt 0.790233 2.495239
vt 0.793118 2.537786
vt 0.791941 2.431306
vt 0.752267 2.416793
vt 0.823086 2.508166
vt 0.831471 2.447903
vt 0.811015 2.543757
vt 0.813051 2.523123
vt 0.796397 2.535006
vt 0.751100 2.414838
vt 0.723628 2.375553
vt 0.417352 2.060327
vt 0.418597 2.030385
vt 0.448674 2.060313
vt 0.448424 2.026541
vt 0.475825 2.084731
vt 0.477607 2.018377
vt 0.446848 2.102002
vt 0.460360 2.009103
vt 0.470432 2.081681
vt 0.473543 2.085933
vt 0.859948 2.013904
vt 0.836442 2.037440
vt 0.856350 2.037604
vt 0.856348 2.035523
vt 0.754713 2.175045
vt 0.759715 2.155960
vt 0.737200 2.068398
vt 0.810803 2.118196
vt 0.794525 2.194206
vt 0.811387 2.120531
vt 0.814408 2.033721
vt 0.838365 2.147926
vt 0.855445 2.039699
vt 0.854750 2.040454
vt 0.838150 2.147841
vt 0.838526 2.148267
vt 0.811163 2.122212
vt 0.790464 2.217099
vt 0.838716 2.148337
vt 0.841088 2.291939
vt 0.856602 2.311743
vt 0.906369 2.370419
vt 0.902175 2.303666
vt 0.871793 2.337811
vt 0.871928 2.378565
vt 0.871671 2.427481
vt 0.935308 2.466532
vt 0.948080 2.473132
vt 0.960381 2.245768
vt 0.980454 2.268193
vt 0.918930 2.263019
vt 0.933605 2.196023
vt 0.953403 2.127218
vt 0.965820 2.079181
vt 0.960857 2.064049
vt 0.946754 2.114431
vt 0.924975 2.170276
vt 0.909298 2.235384
vt 0.895102 2.279751
vt 0.868171 2.322349
vt 0.841689 2.338467
vt 0.837503 2.348393
vt 0.733426 2.232167
vt 0.786490 2.286214
vt 0.785189 2.308990
vt 0.786259 2.292840
vt 0.738767 2.277552
vt 0.783954 2.327620
vt 0.744584 2.342777
vt 0.790689 2.379832
vt 0.718187 2.313491
vt 0.832612 2.407113
vt 0.831175 2.363399
vt 0.874168 2.433517
vt 0.749781 2.410962
vt 0.750998 2.412039
vt 0.814454 2.034152
vt 0.814500 2.030761
vt 0.838214 2.033510
vt 0.847530 2.950827
vt 0.851332 2.993116
vt 0.840911 2.909371
vt 0.807968 2.896075
vt 0.811828 2.949912
vt 0.781838 2.948081
vt 0.785915 2.888973
vt 0.764575 2.884059
vt 0.760322 2.944706
vt 0.698768 2.857813
vt 0.690090 2.934192
vt 0.724407 2.939783
vt 0.732920 2.868553
vt 0.726266 2.941309
vt 0.756302 3.000000
vt 0.786084 2.953115
vt 0.784285 2.950706
vt 0.812356 3.000000
vt 0.813091 2.950194
vt 0.731884 2.857072
vt 0.697293 2.839755
vt 0.786106 2.881987
vt 0.809769 2.897586
vt 0.808903 2.891719
vt 0.763259 2.881984
vt 0.762101 2.872596
vt 0.870737 2.841385
vt 0.847863 2.792350
vt 0.836617 2.819187
vt 0.862555 2.849119
vt 0.819690 2.799653
vt 0.805564 2.787581
vt 0.685128 2.766049
vt 0.684593 2.767488
vt 0.701933 2.823977
vt 0.717606 2.792306
vt 0.734750 2.844921
vt 0.844632 2.887231
vt 0.815585 2.867029
vt 0.840665 2.902468
vt 0.809808 2.885800
vt 0.684481 2.765913
vt 0.718300 2.791763
vt 0.747257 2.737478
vt 0.779001 2.842258
vt 0.795259 2.852893
vt 0.735342 2.845244
vt 0.762206 2.872697
vt 0.770279 2.864333
vt 0.788089 2.874803
vt 0.808923 2.891713
vt 0.810195 2.886057
vt 0.790608 2.707376
vt 0.776310 2.691565
vt 0.762013 2.675753
vt 0.475515 2.086873
vt 0.726008 2.939402
vt 0.763278 2.881995
vt 0.785761 2.951055
vt 0.810798 2.895862
vt 0.762490 2.871769
vt 0.763788 2.882253
vt 0.762315 2.873062
vt 0.746422 2.730480
vt 0.774644 2.761157
vt 0.747375 2.817719
vt 0.747723 2.817471
vt 0.875591 2.633847
vt 0.904724 2.606202
vt 0.889009 2.706895
vt 0.862928 2.705340
vt 0.871269 2.741175
vt 0.900106 2.697122
vt 0.879790 2.671283
vt 0.884796 2.719915
vt 0.871157 2.481571
vt 0.866437 2.467779
vt 0.896563 2.497766
vt 0.819759 2.531956
vt 0.862843 2.706866
vt 0.854683 2.721012
vt 0.885916 2.700203
vt 0.862327 2.706410
vt 0.867164 2.737374
vt 0.867906 2.739440
vt 0.886762 2.704706
vt 0.812971 2.523957
vt 0.814317 2.525316
vt 0.858647 2.013112
vt 0.856361 2.037606
vt 0.836453 2.037433
vt 0.872587 2.034812
vt 0.856703 2.035154
vt 0.871940 2.037971
vt 0.854788 2.040438
vt 0.873572 2.054778
vt 0.836732 2.350223
vt 0.785109 2.310194
vt 0.841277 2.334644
vt 0.671002 2.013831
vt 0.849546 2.621710
vt 0.843505 2.640452
vt 0.889816 2.702899
vt 0.868878 2.738110
vt 0.862828 2.705072
vt 0.885583 2.713392
vt 0.671369 2.014643
vt 0.672202 2.012826
vt 0.671978 2.031730
vt 0.814665 2.524634
s 1
f 1/1/1 2/2/2 3/3/3
f 4/4/4 5/5/5 6/6/6
f 7/7/7 8/8/8 9/9/9
f 10/10/10 11/11/11 12/12/12
f 13/13/13 14/14/14 15/15/15
f 15/15/15 16/16/16 13/13/13
f 16/16/16 15/15/15 17/17/17
f 13/13/13 18/18/18 19/19/19
f 20/20/20 21/21/21 22/22/22
f 22/22/22 23/23/23 20/20/20
f 24/24/24 25/25/25 26/26/26
f 27/27/27 28/28/28 26/26/26
f 29/29/29 30/30/30 31/31/31
f 32/32/32 33/33/33 34/34/34
f 35/35/35 36/36/36 37/37/37
f 38/38/38 37/37/37 36/36/36
f 39/39/39 38/38/38 40/40/40
f 39/39/39 40/40/40 41/41/41
f 42/42/42 39/39/39 41/41/41
f 43/43/43 44/44/44 45/45/45
f 46/46/46 47/47/47 48/48/48
f 49/49/49 50/50/50 46/46/46
f 51/51/51 52/52/52 53/53/53
f 54/54/54 52/52/52 51/51/51
f 45/45/45 55/55/55 43/43/43
f 56/56/56 57/57/57 58/58/58
f 59/59/59 60/60/60 61/61/61
f 62/62/62 63/63/63 64/64/64
f 60/60/60 65/65/65 66/66/66
f 67/67/67 68/68/68 69/69/69
f 70/70/70 71/71/71 72/72/72
f 72/72/72 73/73/73 70/70/70
f 73/73/73 74/74/74 70/70/70
f 75/75/75 76/76/76 77/77/77
f 78/78/78 79/79/79 80/80/80
f 79/79/79 81/81/81 82/82/82
f 83/83/83 84/84/84 81/81/81
f 80/80/80 79/79/79 85/85/85
f 86/86/86 75/75/75 87/87/87
f 87/87/87 88/88/88 89/89/89
f 90/90/90 91/91/91 92/92/92
f 93/93/93 94/94/94 95/95/95
f 96/96/96 97/97/97 98/98/98
f 99/99/99 98/98/98 97/97/97
f 97/97/97 100/100/100 99/99/99
f 99/99/99 100/100/100 101/101/101
f 102/102/102 98/98/103 103/103/104
f 102/102/102 104/103/105 94/94/106
f 99/99/99 105/103/105 98/98/98
f 106/104/107 107/105/108 108/106/109
f 109/107/110 106/104/107 110/108/111
f 111/109/112 112/110/113 113/111/114
f 114/112/115 115/113/116 116/114/117
f 117/115/118 118/116/119 119/117/120
f 120/118/121 121/119/122 122/120/123
f 121/119/122 123/121/124 122/120/123
f 123/121/124 95/95/95 122/120/123
f 123/121/124 93/93/93 95/95/95
f 122/120/123 95/95/95 103/103/125
f 122/120/123 103/103/125 124/122/126
f 122/120/123 124/122/126 120/118/121
f 125/123/127 120/118/121 124/122/126
f 124/122/126 126/124/128 125/123/127
f 124/122/126 105/103/129 126/124/128
f 127/125/130 128/126/131 125/123/127
f 125/123/127 126/124/128 127/125/130
f 127/125/130 126/124/128 129/103/132
f 129/103/132 130/127/133 127/125/130
f 127/125/130 130/127/133 101/101/101
f 101/101/101 130/127/133 99/99/99
f 130/127/133 105/103/105 99/99/99
f 101/101/101 128/126/131 127/125/130
f 131/128/134 132/129/135 133/130/136
f 132/129/135 134/131/137 133/130/136
f 134/131/137 135/132/138 133/130/136
f 135/132/138 136/133/139 133/130/136
f 136/133/139 137/134/140 133/130/136
f 138/135/141 131/128/134 133/130/136
f 137/134/140 136/133/139 139/136/142
f 139/136/142 140/137/143 137/134/140
f 141/138/144 138/135/141 133/130/136
f 142/139/145 143/140/38 144/141/146
f 145/142/39 146/143/147 147/144/148
f 148/145/149 149/146/150 150/147/151
f 150/147/151 151/148/152 148/145/149
f 152/149/153 148/145/149 151/148/152
f 151/148/152 153/150/154 152/149/153
f 154/151/78 155/152/155 139/136/142
f 156/153/156 157/154/157 140/137/143
f 158/155/158 159/156/159 160/157/160
f 161/158/161 162/159/162 163/160/163
f 90/90/90 164/161/164 165/162/165
f 166/163/166 167/164/167 116/114/117
f 103/103/125 95/95/95 94/94/94
f 168/165/168 169/166/169 170/167/170
f 171/168/171 172/169/172 173/170/173
f 174/171/174 175/172/175 176/173/176
f 177/174/177 178/175/178 179/176/179
f 177/174/177 180/177/180 178/175/178
f 181/178/181 182/179/182 183/180/183
f 184/181/184 180/177/180 177/174/177
f 180/177/180 185/182/185 186/183/186
f 187/184/187 188/185/188 189/186/189
f 190/187/190 191/188/191 192/189/192
f 191/188/191 193/190/193 192/189/192
f 191/188/191 194/191/194 193/190/193
f 195/192/195 196/193/196 197/194/197
f 198/195/198 199/196/199 200/197/200
f 201/198/201 199/196/199 198/195/198
f 201/198/201 198/195/198 202/199/202
f 202/199/202 203/200/203 201/198/201
f 202/199/202 204/201/204 203/200/203
f 204/201/204 205/202/205 203/200/203
f 205/202/205 206/203/206 203/200/203
f 207/204/207 208/205/208 209/206/209
f 210/207/210 211/208/211 212/209/212
f 211/208/211 213/210/213 212/209/212
f 214/211/214 215/212/215 216/213/216
f 217/214/217 218/215/218 219/216/219
f 218/215/218 220/217/220 219/216/219
f 218/215/218 221/218/221 220/217/220
f 222/219/222 223/220/223 224/221/224
f 225/222/225 226/223/226 227/224/227
f 228/225/228 229/226/229 230/227/230
f 231/228/231 232/229/232 214/211/233
f 233/230/234 214/211/214 230/227/230
f 234/231/235 230/227/236 235/232/237
f 236/233/238 237/234/239 228/225/228
f 227/224/227 226/223/226 228/225/228
f 226/223/226 236/233/238 228/225/228
f 186/183/186 178/175/178 180/177/180
f 238/235/240 239/236/241 240/237/242
f 241/238/243 242/239/244 243/240/245
f 244/241/246 245/242/247 246/243/248
f 247/244/249 246/243/250 248/245/251
f 249/246/252 250/247/253 251/248/254
f 252/249/255 253/250/256 254/251/257
f 255/252/258 256/253/259 257/254/260
f 258/255/261 259/256/262 260/257/263
f 261/258/264 262/259/265 263/260/266
f 264/261/241 265/262/267 266/263/255
f 267/264/268 265/262/267 268/265/269
f 269/266/240 267/264/268 270/267/257
f 271/268/270 272/269/271 256/253/259
f 273/270/272 271/268/258 274/271/273
f 275/272/274 273/270/272 274/271/273
f 11/11/11 276/273/275 277/274/276
f 278/275/277 279/276/278 10/10/10
f 45/45/45 44/44/44 47/47/47
f 280/277/279 281/278/280 282/279/281
f 283/280/282 284/281/283 285/282/284
f 111/109/112 286/283/285 287/284/286
f 6/6/6 5/5/5 288/285/287
f 289/286/288 290/287/289 291/288/290
f 4/4/291 292/289/292 293/5/293
f 7/7/7 9/9/9 294/8/294
f 295/10/295 296/12/296 297/11/297
f 298/13/298 299/15/299 300/14/300
f 299/15/299 298/13/298 301/16/301
f 301/16/301 302/17/302 299/15/299
f 298/13/298 303/19/303 304/18/304
f 305/20/305 306/22/306 307/21/307
f 306/22/306 305/20/305 308/23/308
f 309/24/309 310/26/310 311/25/311
f 312/27/312 310/26/310 313/28/313
f 314/29/314 315/31/315 316/30/316
f 317/32/317 318/34/318 319/33/319
f 320/290/320 321/291/321 322/292/322
f 323/38/323 322/292/322 324/37/324
f 325/39/325 326/40/326 323/38/323
f 325/39/325 327/41/327 326/40/326
f 328/42/328 327/41/327 325/39/325
f 329/43/329 330/45/330 331/44/331
f 332/46/332 333/48/333 334/47/334
f 335/49/335 332/46/332 336/50/336
f 337/51/337 338/53/338 52/52/52
f 54/54/54 337/51/337 52/52/52
f 330/45/330 329/43/329 339/55/339
f 340/56/340 341/58/341 342/57/342
f 343/59/343 344/61/344 345/60/345
f 346/62/346 347/64/347 348/63/348
f 345/60/345 349/66/349 350/65/350
f 351/67/351 352/69/352 353/68/353
f 354/70/354 355/72/355 356/71/356
f 355/72/355 354/70/354 357/73/357
f 357/73/357 354/70/354 358/74/358
f 359/75/359 360/77/360 361/76/361
f 362/78/362 363/80/363 364/79/364
f 364/79/364 365/82/365 366/81/366
f 367/83/367 366/81/366 368/84/368
f 363/80/363 369/85/369 364/79/364
f 370/86/370 371/87/371 359/75/359
f 371/87/371 372/89/372 373/88/373
f 374/90/374 375/92/375 376/91/376
f 377/93/377 378/95/378 379/94/379
f 380/96/380 381/98/381 382/97/382
f 383/99/383 382/97/382 381/98/381
f 382/97/382 383/99/383 384/100/384
f 383/99/383 385/101/385 384/100/384
f 386/102/386 387/103/387 381/98/388
f 386/102/389 379/94/390 388/103/391
f 383/99/383 381/98/381 389/103/392
f 390/104/393 391/106/394 392/105/395
f 393/107/396 394/108/397 390/104/393
f 395/109/398 396/111/399 397/110/400
f 398/112/401 399/114/402 400/113/403
f 401/115/404 402/117/405 403/116/406
f 404/118/407 405/120/408 406/119/409
f 406/119/409 405/120/408 407/121/410
f 407/121/410 405/120/408 378/95/378
f 407/121/410 378/95/378 377/93/377
f 405/120/408 387/103/411 378/95/378
f 405/120/408 408/122/412 387/103/411
f 405/120/408 404/118/407 408/122/412
f 409/123/413 408/122/412 404/118/407
f 408/122/412 409/123/413 410/124/414
f 408/122/412 410/124/414 389/103/415
f 411/125/416 409/123/413 412/126/417
f 409/123/413 411/125/416 410/124/414
f 411/125/416 413/103/415 410/124/414
f 413/103/415 411/125/416 414/127/418
f 411/125/416 385/101/385 414/127/418
f 385/101/385 383/99/383 414/127/418
f 414/127/418 383/99/383 389/103/392
f 385/101/385 411/125/416 412/126/417
f 415/128/419 133/130/136 416/129/420
f 416/129/420 133/130/136 417/131/421
f 417/131/421 133/130/136 418/132/422
f 418/132/422 133/130/136 419/133/423
f 419/133/423 133/130/136 137/134/140
f 420/135/424 133/130/136 415/128/419
f 137/134/140 421/136/425 419/133/423
f 421/136/425 137/134/140 140/137/143
f 141/138/144 133/130/136 420/135/424
f 422/139/426 423/141/427 424/140/428
f 425/142/429 426/144/430 427/143/431
f 428/145/432 429/147/433 430/146/434
f 429/147/433 428/145/432 431/148/435
f 432/149/436 431/148/435 428/145/432
f 431/148/435 432/149/436 433/150/437
f 434/151/438 421/136/425 435/152/439
f 436/153/440 140/137/143 157/154/157
f 437/155/441 438/157/442 439/156/443
f 440/158/444 441/160/445 442/159/446
f 374/90/374 443/162/447 444/161/448
f 445/163/449 399/114/402 446/164/450
f 387/103/411 379/94/379 378/95/378
f 447/168/451 173/170/173 448/169/452
f 449/293/174 176/173/453 450/294/454
f 451/295/455 179/176/456 452/296/457
f 453/297/458 452/296/459 454/298/460
f 455/178/461 456/180/462 457/179/463
f 458/181/464 459/299/458 460/300/465
f 461/301/466 186/183/467 462/182/468
f 463/184/469 464/186/470 465/185/471
f 190/187/190 466/189/472 191/188/191
f 191/188/191 466/189/472 467/190/473
f 191/188/191 467/190/473 194/191/194
f 468/192/474 197/194/197 196/193/196
f 198/195/198 200/197/200 469/196/475
f 470/198/476 198/195/198 469/196/475
f 470/198/476 202/199/202 198/195/198
f 202/199/202 470/198/476 471/200/477
f 202/199/202 471/200/477 204/201/204
f 204/201/204 471/200/477 205/202/205
f 205/202/205 471/200/477 472/203/478
f 473/204/479 474/206/480 208/205/208
f 210/207/210 475/209/481 211/208/211
f 211/208/211 475/209/481 213/210/213
f 214/211/214 476/213/482 215/212/215
f 477/214/483 478/216/484 479/215/485
f 479/215/485 478/216/484 220/217/220
f 479/215/485 220/217/220 221/218/221
f 480/219/486 481/302/487 482/303/488
f 225/222/225 483/224/489 226/223/226
f 484/304/490 485/305/491 486/306/492
f 487/228/493 214/211/233 485/305/494
f 488/230/495 489/227/496 214/211/214
f 490/307/497 491/308/498 492/309/499
f 236/233/238 493/225/500 494/310/501
f 483/224/489 493/225/500 226/223/226
f 226/223/226 493/225/500 236/233/238
f 186/183/502 495/311/503 452/296/504
f 496/235/505 497/237/506 498/236/507
f 499/238/508 500/240/509 501/239/510
f 502/241/511 503/243/512 504/242/513
f 505/244/514 506/245/515 503/243/516
f 507/246/517 508/248/518 509/247/519
f 510/249/520 511/251/521 512/250/522
f 513/252/523 514/254/524 515/253/525
f 516/255/526 517/257/527 518/256/528
f 519/258/529 520/260/530 521/259/531
f 522/261/532 523/263/533 524/262/534
f 525/264/535 526/265/536 524/262/534
f 527/266/537 528/267/538 525/264/535
f 529/268/539 515/253/525 530/269/540
f 531/270/541 532/271/542 529/268/543
f 533/272/544 532/271/542 531/270/541
f 297/11/297 534/274/545 535/273/546
f 536/275/547 295/10/295 537/276/548
f 330/45/330 334/47/334 331/44/331
f 538/277/549 539/279/550 540/278/551
f 541/280/552 542/282/553 543/281/554
f 395/109/398 544/284/555 545/283/556
f 292/289/292 546/312/557 293/5/293
f 547/313/558 548/314/559 549/315/560
f 550/316/561 551/317/562 549/315/560
f 552/318/563 553/319/564 554/320/565
f 555/321/559 556/322/566 554/320/567
f 557/323/568 558/324/569 168/165/168
f 559/325/570 560/326/571 558/324/569
f 168/165/168 558/324/569 560/326/571
f 561/327/572 493/225/500 489/227/496
f 490/307/497 492/309/499 489/227/496
f 170/167/170 169/166/169 562/328/573
f 563/329/574 558/324/569 557/323/568
f 564/330/575 565/331/576 566/332/577
f 564/330/575 566/332/577 567/333/578
f 568/334/579 569/335/580 570/336/581
f 568/334/579 570/336/581 571/337/582
f 566/332/577 572/338/583 573/339/584
f 566/332/577 573/339/584 574/340/578
f 572/338/583 566/332/577 570/336/581
f 572/338/583 570/336/581 575/341/585
f 576/342/586 577/343/587 578/344/588
f 576/342/586 578/344/588 579/345/589
f 580/346/590 551/317/562 550/316/561
f 580/346/590 550/316/561 6/6/292
f 578/344/588 1/1/591 581/347/592
f 578/344/588 581/347/592 582/348/593
f 583/349/594 584/350/595 585/351/596
f 583/349/594 585/351/596 586/352/597
f 587/353/598 588/354/599 589/355/600
f 587/353/598 589/355/600 590/356/601
f 572/338/583 591/357/602 592/358/603
f 572/338/583 592/358/603 573/339/584
f 573/339/604 593/359/605 594/360/606
f 573/339/604 594/360/606 595/361/607
f 596/362/608 548/314/559 547/313/558
f 596/362/608 547/313/558 597/363/609
f 598/364/610 590/356/611 599/365/612
f 598/364/610 599/365/612 600/366/613
f 601/367/605 600/366/613 599/365/612
f 601/367/605 599/365/612 602/368/614
f 8/8/8 603/369/605 602/368/615
f 8/8/8 602/368/615 9/9/9
f 604/370/616 279/276/278 278/275/277
f 604/370/616 278/275/277 605/371/617
f 605/371/617 278/275/277 45/45/45
f 605/371/617 45/45/45 606/372/618
f 55/55/55 45/45/45 278/275/277
f 55/55/55 278/275/277 607/373/619
f 607/373/619 278/275/277 10/10/10
f 607/373/619 10/10/10 12/12/12
f 604/370/616 608/374/620 609/375/621
f 604/370/616 609/375/621 279/276/278
f 610/376/622 609/375/621 608/374/620
f 610/376/622 608/374/620 611/377/623
f 610/376/622 611/377/623 612/378/624
f 610/376/622 612/378/624 613/379/625
f 614/380/626 612/378/624 611/377/623
f 614/380/626 611/377/623 615/381/627
f 612/378/624 614/380/626 616/382/628
f 612/378/624 616/382/628 617/383/629
f 618/384/630 616/382/628 614/380/626
f 618/384/630 614/380/626 619/385/631
f 616/382/628 618/384/630 620/386/632
f 616/382/628 620/386/632 621/387/633
f 622/388/634 620/386/632 618/384/630
f 622/388/634 618/384/630 623/389/635
f 620/386/632 622/388/634 624/390/636
f 620/386/632 624/390/636 625/391/637
f 277/274/276 626/392/638 627/393/639
f 277/274/276 627/393/639 628/394/640
f 629/395/641 276/273/275 630/396/642
f 629/395/641 630/396/642 631/397/643
f 631/397/643 610/376/622 613/379/625
f 631/397/643 613/379/625 632/398/644
f 613/379/625 612/378/624 617/383/629
f 613/379/625 617/383/629 633/399/645
f 617/383/629 616/382/628 621/387/633
f 617/383/629 621/387/633 634/400/646
f 621/387/633 620/386/632 625/391/637
f 621/387/633 625/391/637 635/401/647
f 636/402/648 625/391/637 624/390/636
f 636/402/648 624/390/636 637/403/649
f 636/402/648 637/403/649 638/404/650
f 636/402/648 638/404/650 639/405/651
f 640/406/652 638/404/650 637/403/649
f 640/406/652 637/403/649 641/407/653
f 634/400/646 621/387/633 635/401/647
f 634/400/646 635/401/647 642/408/654
f 643/409/655 635/401/647 625/391/637
f 643/409/655 625/391/637 636/402/648
f 643/409/655 636/402/648 639/405/651
f 643/409/655 639/405/651 644/410/656
f 645/411/657 643/409/655 644/410/656
f 645/411/657 644/410/656 646/412/658
f 635/401/647 643/409/655 645/411/657
f 635/401/647 645/411/657 642/408/654
f 14/14/14 634/400/646 642/408/654
f 14/14/14 642/408/654 15/15/15
f 617/383/629 634/400/646 14/14/14
f 617/383/629 14/14/14 633/399/645
f 632/398/644 613/379/625 633/399/645
f 632/398/644 633/399/645 647/413/659
f 629/395/641 631/397/643 632/398/644
f 629/395/641 632/398/644 648/414/660
f 626/392/638 629/395/641 648/414/660
f 626/392/638 648/414/660 649/415/661
f 627/393/639 626/392/638 649/415/661
f 627/393/639 649/415/661 650/416/662
f 650/416/662 649/415/661 651/417/663
f 650/416/662 651/417/663 652/418/664
f 651/417/663 653/419/665 654/420/666
f 651/417/663 654/420/666 655/421/667
f 653/419/665 651/417/663 649/415/661
f 653/419/665 649/415/661 648/414/660
f 647/413/659 653/419/665 648/414/660
f 647/413/659 648/414/660 632/398/644
f 13/13/13 647/413/659 633/399/645
f 13/13/13 633/399/645 14/14/14
f 656/422/668 16/16/16 17/17/17
f 656/422/668 17/17/17 657/423/669
f 658/424/670 656/422/668 657/423/669
f 658/424/670 657/423/669 659/425/671
f 659/425/671 657/423/669 660/426/672
f 659/425/671 660/426/672 661/427/673
f 662/428/674 18/18/18 656/422/668
f 662/428/674 656/422/668 658/424/670
f 18/18/18 13/13/13 16/16/16
f 18/18/18 16/16/16 656/422/668
f 24/24/24 26/26/26 663/429/675
f 24/24/24 663/429/675 664/430/676
f 23/23/23 24/24/24 664/430/676
f 23/23/23 664/430/676 665/431/677
f 665/431/677 664/430/676 666/432/678
f 665/431/677 666/432/678 667/433/679
f 667/433/679 666/432/678 19/19/19
f 667/433/679 19/19/19 668/434/680
f 669/435/681 19/19/19 666/432/678
f 669/435/681 666/432/678 670/436/682
f 13/13/13 19/19/19 669/435/681
f 13/13/13 669/435/681 654/420/666
f 13/13/13 654/420/666 653/419/665
f 13/13/13 653/419/665 647/413/659
f 655/421/667 654/420/666 669/435/681
f 655/421/667 669/435/681 671/437/683
f 670/436/682 666/432/678 664/430/676
f 670/436/682 664/430/676 663/429/675
f 661/427/673 660/426/672 21/21/21
f 661/427/673 21/21/21 20/20/20
f 23/23/23 22/22/22 25/25/25
f 23/23/23 25/25/25 24/24/24
f 671/437/683 669/435/681 670/436/682
f 671/437/683 670/436/682 672/438/684
f 655/421/667 671/437/683 673/439/685
f 655/421/667 673/439/685 674/440/686
f 675/441/687 673/439/685 671/437/683
f 675/441/687 671/437/683 672/438/684
f 22/22/22 676/442/688 677/443/689
f 22/22/22 677/443/689 25/25/25
f 25/25/25 677/443/689 27/27/27
f 25/25/25 27/27/27 26/26/26
f 678/444/690 26/26/26 28/28/28
f 678/444/690 28/28/28 679/445/691
f 663/429/675 26/26/26 678/444/690
f 663/429/675 678/444/690 680/446/692
f 670/436/682 663/429/675 680/446/692
f 670/436/682 680/446/692 672/438/684
f 681/447/693 675/441/687 672/438/684
f 681/447/693 672/438/684 680/446/692
f 682/448/694 681/447/693 680/446/692
f 682/448/694 680/446/692 678/444/690
f 682/448/694 678/444/690 679/445/691
f 682/448/694 679/445/691 683/449/695
f 673/439/685 675/441/687 684/450/696
f 673/439/685 684/450/696 685/451/697
f 684/450/696 675/441/687 681/447/693
f 684/450/696 681/447/693 686/452/698
f 686/452/698 681/447/693 682/448/694
f 686/452/698 682/448/694 687/453/699
f 687/453/699 682/448/694 683/449/695
f 687/453/699 683/449/695 688/454/700
f 652/418/664 651/417/663 655/421/667
f 652/418/664 655/421/667 674/440/686
f 674/440/686 673/439/685 685/451/697
f 674/440/686 685/451/697 689/455/701
f 685/451/697 684/450/696 690/456/702
f 685/451/697 690/456/702 691/457/703
f 690/456/702 684/450/696 686/452/698
f 690/456/702 686/452/698 692/458/704
f 692/458/704 686/452/698 687/453/699
f 692/458/704 687/453/699 693/459/705
f 693/459/705 687/453/699 688/454/700
f 693/459/705 688/454/700 694/460/706
f 694/460/706 688/454/700 695/461/707
f 694/460/706 695/461/707 696/462/708
f 688/454/700 683/449/695 697/463/709
f 688/454/700 697/463/709 695/461/707
f 683/449/695 679/445/691 698/464/710
f 683/449/695 698/464/710 697/463/709
f 699/465/711 695/461/707 697/463/709
f 699/465/711 697/463/709 700/466/712
f 701/467/713 702/468/714 703/469/715
f 701/467/713 703/469/715 704/470/716
f 702/468/714 701/467/713 705/471/717
f 702/468/714 705/471/717 706/472/718
f 650/416/662 707/473/719 701/467/713
f 650/416/662 701/467/713 627/393/639
f 708/474/720 650/416/662 652/418/664
f 708/474/720 652/418/664 29/29/29
f 29/29/29 652/418/664 674/440/686
f 29/29/29 674/440/686 689/455/701
f 689/455/701 685/451/697 691/457/703
f 689/455/701 691/457/703 709/475/721
f 691/457/703 690/456/702 710/476/722
f 691/457/703 710/476/722 711/477/723
f 710/476/722 690/456/702 692/458/704
f 710/476/722 692/458/704 712/478/724
f 712/478/724 692/458/704 693/459/705
f 712/478/724 693/459/705 713/479/725
f 29/29/29 689/455/701 709/475/721
f 29/29/29 709/475/721 30/30/30
f 709/475/721 691/457/703 711/477/723
f 709/475/721 711/477/723 714/480/726
f 709/475/721 714/480/726 715/481/727
f 709/475/721 715/481/727 30/30/30
f 716/482/728 713/479/725 693/459/705
f 716/482/728 693/459/705 694/460/706
f 717/483/729 716/482/728 694/460/706
f 717/483/729 694/460/706 696/462/708
f 696/462/708 695/461/707 699/465/711
f 696/462/708 699/465/711 718/484/730
f 719/485/731 720/486/732 700/466/712
f 719/485/731 700/466/712 721/487/733
f 720/486/732 719/485/731 722/488/734
f 720/486/732 722/488/734 723/489/735
f 724/490/736 722/488/734 719/485/731
f 724/490/736 719/485/731 725/491/737
f 722/488/734 724/490/736 726/492/738
f 722/488/734 726/492/738 727/493/739
f 720/486/732 728/494/740 699/465/711
f 720/486/732 699/465/711 700/466/712
f 720/486/732 723/489/735 729/495/741
f 720/486/732 729/495/741 728/494/740
f 723/489/735 722/488/734 727/493/739
f 723/489/735 727/493/739 730/496/742
f 727/493/739 726/492/738 731/497/743
f 727/493/739 731/497/743 732/498/744
f 733/499/745 731/497/743 726/492/738
f 733/499/745 726/492/738 734/500/746
f 735/501/747 736/502/748 737/503/749
f 735/501/747 737/503/749 738/504/750
f 732/498/744 735/501/747 738/504/750
f 732/498/744 738/504/750 739/505/751
f 732/498/744 739/505/751 730/496/742
f 732/498/744 730/496/742 727/493/739
f 718/484/730 699/465/711 728/494/740
f 718/484/730 728/494/740 740/506/752
f 696/462/708 718/484/730 741/507/753
f 696/462/708 741/507/753 717/483/729
f 742/508/754 743/509/755 744/510/756
f 742/508/754 744/510/756 745/511/757
f 743/509/755 742/508/754 729/495/741
f 743/509/755 729/495/741 746/512/758
f 728/494/740 729/495/741 742/508/754
f 728/494/740 742/508/754 740/506/752
f 730/496/742 746/512/758 729/495/741
f 730/496/742 729/495/741 723/489/735
f 730/496/742 739/505/751 747/513/759
f 730/496/742 747/513/759 746/512/758
f 33/33/33 737/503/749 736/502/748
f 33/33/33 736/502/748 34/34/34
f 738/504/750 748/514/760 747/513/759
f 738/504/750 747/513/759 739/505/751
f 738/504/750 737/503/749 749/515/761
f 738/504/750 749/515/761 748/514/760
f 747/513/759 750/516/762 743/509/755
f 747/513/759 743/509/755 746/512/758
f 748/514/760 751/517/763 750/516/762
f 748/514/760 750/516/762 747/513/759
f 748/514/760 749/515/761 752/518/764
f 748/514/760 752/518/764 751/517/763
f 33/33/33 753/519/765 749/515/761
f 33/33/33 749/515/761 737/503/749
f 33/33/33 32/32/32 754/520/766
f 33/33/33 754/520/766 753/519/765
f 749/515/761 753/519/765 755/521/767
f 749/515/761 755/521/767 752/518/764
f 756/522/768 750/516/762 751/517/763
f 756/522/768 751/517/763 757/523/769
f 750/516/762 756/522/768 744/510/756
f 750/516/762 744/510/756 743/509/755
f 758/524/770 757/523/769 751/517/763
f 758/524/770 751/517/763 752/518/764
f 758/524/770 752/518/764 755/521/767
f 758/524/770 755/521/767 759/525/771
f 755/521/767 760/290/772 761/526/773
f 755/521/767 761/526/773 759/525/771
f 754/520/766 760/290/772 755/521/767
f 754/520/766 755/521/767 753/519/765
f 760/290/772 754/520/766 38/38/38
f 760/290/772 38/38/38 36/36/36
f 754/520/766 32/32/32 40/40/40
f 754/520/766 40/40/40 38/38/38
f 41/41/774 762/527/775 763/528/776
f 41/41/774 763/528/776 764/529/114
f 34/34/34 41/41/41 40/40/40
f 34/34/34 40/40/40 32/32/32
f 760/290/772 36/36/36 35/35/35
f 760/290/772 35/35/35 321/291/777
f 740/506/752 742/508/754 745/511/757
f 740/506/752 745/511/757 765/530/778
f 741/507/753 718/484/730 740/506/752
f 741/507/753 740/506/752 765/530/778
f 766/531/779 767/532/780 768/533/781
f 766/531/779 768/533/781 769/534/782
f 55/55/55 767/532/780 766/531/779
f 55/55/55 766/531/779 43/43/43
f 770/535/783 43/43/43 766/531/779
f 770/535/783 766/531/779 771/536/784
f 771/536/784 766/531/779 769/534/782
f 771/536/784 769/534/782 772/537/785
f 772/537/785 769/534/782 773/538/786
f 772/537/785 773/538/786 774/539/787
f 774/539/787 773/538/786 628/394/640
f 774/539/787 628/394/640 704/470/716
f 277/274/276 628/394/640 773/538/786
f 277/274/276 773/538/786 11/11/11
f 630/396/642 276/273/275 11/11/11
f 630/396/642 11/11/11 10/10/10
f 11/11/11 773/538/786 769/534/782
f 11/11/11 769/534/782 768/533/781
f 775/540/788 770/535/783 776/541/789
f 775/540/788 776/541/789 777/542/790
f 776/541/789 770/535/783 771/536/784
f 776/541/789 771/536/784 778/543/791
f 778/543/791 771/536/784 772/537/785
f 778/543/791 772/537/785 779/544/792
f 780/545/793 779/544/792 772/537/785
f 780/545/793 772/537/785 774/539/787
f 780/545/793 774/539/787 704/470/716
f 780/545/793 704/470/716 703/469/715
f 704/470/716 628/394/640 627/393/639
f 704/470/716 627/393/639 701/467/713
f 781/546/794 606/372/618 46/46/46
f 781/546/794 46/46/46 50/50/50
f 606/372/618 781/546/794 782/547/795
f 606/372/618 782/547/795 605/371/617
f 783/548/796 782/547/795 781/546/794
f 783/548/796 781/546/794 784/549/797
f 785/550/798 783/548/796 784/549/797
f 785/550/798 784/549/797 786/551/799
f 787/552/800 785/550/798 786/551/799
f 787/552/800 786/551/799 788/553/801
f 789/554/802 787/552/800 788/553/801
f 789/554/802 788/553/801 790/555/803
f 791/556/804 789/554/802 790/555/803
f 791/556/804 790/555/803 792/557/805
f 793/558/806 794/559/807 792/557/805
f 793/558/806 792/557/805 790/555/803
f 795/560/808 793/558/806 790/555/803
f 795/560/808 790/555/803 788/553/801
f 796/561/809 795/560/808 788/553/801
f 796/561/809 788/553/801 786/551/799
f 797/562/810 796/561/809 786/551/799
f 797/562/810 786/551/799 784/549/797
f 50/50/50 797/562/810 784/549/797
f 50/50/50 784/549/797 781/546/794
f 798/563/811 48/48/48 799/564/812
f 798/563/811 799/564/812 800/565/813
f 797/562/810 50/50/50 49/49/49
f 797/562/810 49/49/49 801/566/814
f 802/567/815 793/558/806 795/560/808
f 802/567/815 795/560/808 803/568/816
f 793/558/806 802/567/815 804/569/817
f 793/558/806 804/569/817 794/559/807
f 798/563/811 800/565/813 805/570/818
f 798/563/811 805/570/818 806/571/819
f 798/563/811 806/571/819 807/572/820
f 798/563/811 807/572/820 49/49/49
f 801/566/814 49/49/49 807/572/820
f 801/566/814 807/572/820 808/573/821
f 796/561/809 797/562/810 801/566/814
f 796/561/809 801/566/814 809/574/822
f 795/560/808 796/561/809 809/574/822
f 795/560/808 809/574/822 803/568/816
f 810/575/823 802/567/815 803/568/816
f 810/575/823 803/568/816 811/576/824
f 804/569/817 802/567/815 812/577/825
f 804/569/817 812/577/825 52/52/52
f 809/574/822 801/566/814 808/573/821
f 809/574/822 808/573/821 813/578/826
f 803/568/816 809/574/822 813/578/826
f 803/568/816 813/578/826 811/576/824
f 814/579/827 811/576/824 815/580/828
f 814/579/827 815/580/828 816/581/829
f 53/53/53 816/581/829 212/209/212
f 53/53/53 212/209/212 51/51/51
f 817/582/830 59/59/59 818/583/831
f 817/582/830 818/583/831 819/584/832
f 817/582/830 819/584/832 58/58/58
f 817/582/830 58/58/58 64/64/64
f 62/62/62 64/64/64 58/58/58
f 62/62/62 58/58/58 57/57/57
f 820/585/833 62/62/62 57/57/57
f 820/585/833 57/57/57 821/586/834
f 56/56/56 58/58/58 819/584/832
f 56/56/56 819/584/832 71/71/71
f 72/72/72 71/71/71 819/584/832
f 72/72/72 819/584/832 818/583/831
f 73/73/73 72/72/72 818/583/831
f 73/73/73 818/583/831 74/74/74
f 74/74/74 818/583/831 59/59/59
f 74/74/74 59/59/59 61/61/61
f 817/582/830 64/64/64 63/63/63
f 817/582/830 63/63/63 822/587/835
f 817/582/830 822/587/835 823/588/836
f 817/582/830 823/588/836 59/59/59
f 59/59/59 823/588/836 65/65/65
f 59/59/59 65/65/65 60/60/60
f 60/60/60 66/66/66 824/589/837
f 60/60/60 824/589/837 61/61/61
f 824/589/837 66/66/66 825/590/838
f 824/589/837 825/590/838 826/591/839
f 824/589/837 826/591/839 827/592/840
f 824/589/837 827/592/840 70/70/70
f 827/592/840 826/591/839 828/593/841
f 827/592/840 828/593/841 829/594/842
f 69/69/69 68/68/68 828/593/841
f 69/69/69 828/593/841 830/595/843
f 830/595/843 828/593/841 826/591/839
f 830/595/843 826/591/839 825/590/838
f 829/594/842 828/593/841 68/68/68
f 829/594/842 68/68/68 831/596/844
f 831/596/844 68/68/68 67/67/67
f 831/596/844 67/67/67 832/597/845
f 70/70/70 74/74/74 61/61/61
f 70/70/70 61/61/61 824/589/837
f 833/598/846 834/599/847 111/109/112
f 833/598/846 111/109/112 287/284/286
f 111/109/112 834/599/847 835/600/848
f 111/109/112 835/600/848 112/110/113
f 833/598/846 836/601/849 84/84/84
f 833/598/846 84/84/84 834/599/847
f 834/599/847 84/84/84 83/83/83
f 834/599/847 83/83/83 835/600/848
f 76/76/76 80/80/80 85/85/85
f 76/76/76 85/85/85 837/602/850
f 77/77/77 76/76/76 837/602/850
f 77/77/77 837/602/850 838/603/851
f 80/80/80 76/76/76 75/75/75
f 80/80/80 75/75/75 78/78/78
f 81/81/81 79/79/79 78/78/78
f 81/81/81 78/78/78 83/83/83
f 81/81/81 84/84/84 836/601/849
f 81/81/81 836/601/849 82/82/82
f 87/87/87 75/75/75 77/77/77
f 87/87/87 77/77/77 88/88/88
f 839/604/852 86/86/86 87/87/87
f 839/604/852 87/87/87 840/605/853
f 77/77/77 838/603/851 841/606/854
f 77/77/77 841/606/854 88/88/88
f 840/605/853 87/87/87 89/89/89
f 840/605/853 89/89/89 842/607/855
f 843/608/856 844/609/857 845/610/858
f 843/608/856 845/610/858 846/611/859
f 844/609/857 843/608/856 847/612/860
f 844/609/857 847/612/860 848/613/861
f 849/614/862 847/612/860 843/608/856
f 849/614/862 843/608/856 850/615/863
f 849/614/862 851/616/864 838/603/851
f 849/614/862 838/603/851 837/602/850
f 841/606/854 838/603/851 851/616/864
f 841/606/854 851/616/864 852/617/865
f 88/88/88 841/606/854 853/618/866
f 88/88/88 853/618/866 89/89/89
f 854/619/867 842/607/855 89/89/89
f 854/619/867 89/89/89 855/620/868
f 856/621/869 854/619/867 857/622/866
f 856/621/869 857/622/866 858/623/870
f 859/624/871 860/625/872 861/626/873
f 859/624/871 861/626/873 862/627/874
f 860/625/872 859/624/871 863/628/875
f 860/625/872 863/628/875 864/629/876
f 864/629/876 863/628/875 865/630/877
f 864/629/876 865/630/877 866/631/878
f 866/631/878 865/630/877 867/632/879
f 866/631/878 867/632/879 868/633/880
f 868/633/880 867/632/879 869/634/881
f 868/633/880 869/634/881 870/635/882
f 871/636/883 870/635/882 869/634/881
f 871/636/883 869/634/881 872/637/884
f 873/638/885 874/639/886 875/640/887
f 873/638/885 875/640/887 876/641/888
f 874/639/886 873/638/885 872/637/884
f 874/639/886 872/637/884 877/642/889
f 877/642/889 872/637/884 869/634/881
f 877/642/889 869/634/881 878/643/890
f 878/643/890 869/634/881 867/632/879
f 878/643/890 867/632/879 879/644/891
f 879/644/891 867/632/879 865/630/877
f 879/644/891 865/630/877 880/645/892
f 880/645/892 865/630/877 863/628/875
f 880/645/892 863/628/875 881/646/893
f 881/646/893 863/628/875 859/624/871
f 881/646/893 859/624/871 882/647/894
f 882/647/894 859/624/871 862/627/874
f 882/647/894 862/627/874 883/648/895
f 883/648/895 862/627/874 884/649/896
f 883/648/895 884/649/896 885/650/897
f 886/651/898 881/646/893 882/647/894
f 886/651/898 882/647/894 887/652/899
f 880/645/892 881/646/893 886/651/898
f 880/645/892 886/651/898 888/653/900
f 879/644/891 880/645/892 888/653/900
f 879/644/891 888/653/900 889/654/901
f 890/655/902 891/656/903 892/657/904
f 890/655/902 892/657/904 893/658/905
f 894/659/906 892/657/904 891/656/903
f 894/659/906 891/656/903 895/660/907
f 874/639/886 894/659/906 895/660/907
f 874/639/886 895/660/907 875/640/887
f 894/659/906 874/639/886 877/642/889
f 894/659/906 877/642/889 896/661/908
f 896/661/908 877/642/889 878/643/890
f 896/661/908 878/643/890 897/662/909
f 897/662/909 878/643/890 879/644/891
f 897/662/909 879/644/891 889/654/901
f 889/654/901 888/653/900 898/663/910
f 889/654/901 898/663/910 91/91/91
f 899/664/911 898/663/910 888/653/900
f 899/664/911 888/653/900 886/651/898
f 899/664/911 886/651/898 887/652/899
f 899/664/911 887/652/899 900/665/912
f 887/652/899 882/647/894 883/648/895
f 887/652/899 883/648/895 901/666/913
f 889/654/901 91/91/91 902/667/914
f 889/654/901 902/667/914 897/662/909
f 896/661/908 897/662/909 902/667/914
f 896/661/908 902/667/914 903/668/915
f 900/665/912 887/652/899 901/666/913
f 900/665/912 901/666/913 904/669/916
f 899/664/911 900/665/912 96/96/96
f 899/664/911 96/96/96 905/670/917
f 899/664/911 905/670/917 93/93/93
f 899/664/911 93/93/93 898/663/910
f 898/663/910 93/93/93 92/92/92
f 898/663/910 92/92/92 91/91/91
f 902/667/914 91/91/91 90/90/90
f 902/667/914 90/90/90 165/162/165
f 903/668/915 902/667/914 165/162/165
f 903/668/915 165/162/165 906/671/918
f 97/97/97 96/96/96 900/665/912
f 97/97/97 900/665/912 904/669/916
f 101/101/101 100/100/100 907/672/919
f 101/101/101 907/672/919 908/673/920
f 909/674/921 908/673/920 907/672/919
f 909/674/921 907/672/919 910/675/922
f 908/673/920 909/674/921 911/676/923
f 908/673/920 911/676/923 912/677/924
f 913/678/925 914/679/926 915/680/927
f 913/678/925 915/680/927 916/681/928
f 917/682/929 915/680/930 910/675/931
f 917/682/929 910/675/931 918/683/932
f 910/675/922 907/672/919 919/684/933
f 910/675/922 919/684/933 920/685/934
f 919/684/933 907/672/919 100/100/100
f 919/684/933 100/100/100 921/686/935
f 921/686/935 100/100/100 97/97/97
f 921/686/935 97/97/97 904/669/916
f 921/686/935 904/669/916 901/666/913
f 921/686/935 901/666/913 922/687/936
f 919/684/933 921/686/935 922/687/936
f 919/684/933 922/687/936 923/688/937
f 920/685/934 919/684/933 923/688/937
f 920/685/934 923/688/937 110/108/111
f 920/685/934 110/108/111 106/104/107
f 920/685/934 106/104/107 924/689/938
f 920/685/934 924/689/938 925/690/939
f 920/685/934 925/690/939 910/675/922
f 885/650/897 884/649/896 926/691/940
f 885/650/897 926/691/940 927/692/941
f 927/692/941 926/691/940 928/693/942
f 927/692/941 928/693/942 109/107/110
f 109/107/110 928/693/942 107/105/108
f 109/107/110 107/105/108 106/104/107
f 927/692/941 109/107/110 110/108/111
f 927/692/941 110/108/111 923/688/937
f 885/650/897 927/692/941 923/688/937
f 885/650/897 923/688/937 922/687/936
f 883/648/895 885/650/897 922/687/936
f 883/648/895 922/687/936 901/666/913
f 924/689/938 106/104/107 108/106/109
f 924/689/938 108/106/109 929/694/943
f 930/695/944 108/106/109 107/105/108
f 930/695/944 107/105/108 931/696/945
f 931/696/945 107/105/108 928/693/942
f 931/696/945 928/693/942 932/697/946
f 932/697/946 928/693/942 926/691/940
f 932/697/946 926/691/940 933/698/947
f 933/698/947 926/691/940 884/649/896
f 933/698/947 884/649/896 934/699/948
f 934/699/948 884/649/896 862/627/874
f 934/699/948 862/627/874 861/626/873
f 935/700/949 936/701/950 937/702/951
f 935/700/949 937/702/951 938/703/952
f 936/701/950 935/700/949 939/704/953
f 936/701/950 939/704/953 940/705/954
f 940/705/954 939/704/953 941/706/955
f 940/705/954 941/706/955 942/707/956
f 943/708/957 940/705/954 942/707/956
f 943/708/957 942/707/956 944/709/958
f 945/710/959 943/708/957 944/709/958
f 945/710/959 944/709/958 946/711/960
f 935/700/949 947/712/961 948/713/962
f 935/700/949 948/713/962 939/704/953
f 939/704/953 948/713/962 949/714/963
f 939/704/953 949/714/963 941/706/955
f 941/706/955 949/714/963 783/548/796
f 941/706/955 783/548/796 785/550/798
f 942/707/956 941/706/955 785/550/798
f 942/707/956 785/550/798 787/552/800
f 944/709/958 942/707/956 787/552/800
f 944/709/958 787/552/800 789/554/802
f 946/711/960 944/709/958 789/554/802
f 946/711/960 789/554/802 791/556/804
f 938/703/952 937/702/951 950/715/964
f 938/703/952 950/715/964 623/389/635
f 935/700/949 938/703/952 619/385/631
f 935/700/949 619/385/631 947/712/961
f 615/381/627 947/712/961 619/385/631
f 615/381/627 619/385/631 614/380/626
f 948/713/962 947/712/961 615/381/627
f 948/713/962 615/381/627 951/716/965
f 949/714/963 948/713/962 951/716/965
f 949/714/963 951/716/965 952/717/966
f 783/548/796 949/714/963 952/717/966
f 783/548/796 952/717/966 782/547/795
f 953/718/967 954/719/968 955/720/969
f 953/718/967 955/720/969 171/168/171
f 956/721/970 955/720/969 954/719/968
f 956/721/970 954/719/968 957/722/971
f 955/720/969 956/721/970 950/715/964
f 955/720/969 950/715/964 958/723/972
f 623/389/635 950/715/964 956/721/970
f 623/389/635 956/721/970 622/388/634
f 938/703/952 623/389/635 618/384/630
f 938/703/952 618/384/630 619/385/631
f 951/716/965 615/381/627 611/377/623
f 951/716/965 611/377/623 608/374/620
f 952/717/966 951/716/965 608/374/620
f 952/717/966 608/374/620 604/370/616
f 782/547/795 952/717/966 604/370/616
f 782/547/795 604/370/616 605/371/617
f 959/724/973 953/718/967 960/725/974
f 959/724/973 960/725/974 961/726/975
f 622/388/634 956/721/970 957/722/971
f 622/388/634 957/722/971 624/390/636
f 957/722/971 954/719/968 962/727/976
f 957/722/971 962/727/976 641/407/653
f 963/728/977 964/729/978 965/730/979
f 963/728/977 965/730/979 966/731/980
f 965/730/979 964/729/978 959/724/973
f 965/730/979 959/724/973 961/726/975
f 962/727/976 959/724/973 964/729/978
f 962/727/976 964/729/978 967/732/981
f 953/718/967 959/724/973 962/727/976
f 953/718/967 962/727/976 954/719/968
f 624/390/636 957/722/971 641/407/653
f 624/390/636 641/407/653 637/403/649
f 641/407/653 962/727/976 967/732/981
f 641/407/653 967/732/981 640/406/652
f 967/732/981 964/729/978 963/728/977
f 967/732/981 963/728/977 968/733/982
f 876/641/888 969/734/983 970/735/984
f 876/641/888 970/735/984 873/638/885
f 969/734/983 876/641/888 963/728/977
f 969/734/983 963/728/977 966/731/980
f 968/733/982 963/728/977 876/641/888
f 968/733/982 876/641/888 875/640/887
f 640/406/652 967/732/981 968/733/982
f 640/406/652 968/733/982 971/736/985
f 638/404/650 640/406/652 971/736/985
f 638/404/650 971/736/985 972/737/986
f 971/736/985 968/733/982 875/640/887
f 971/736/985 875/640/887 895/660/907
f 679/445/691 28/28/28 973/738/987
f 679/445/691 973/738/987 698/464/710
f 28/28/28 27/27/27 974/739/988
f 28/28/28 974/739/988 973/738/987
f 27/27/27 975/740/989 976/741/990
f 27/27/27 976/741/990 974/739/988
f 977/742/991 975/740/989 27/27/27
f 977/742/991 27/27/27 677/443/689
f 975/740/989 977/742/991 978/743/992
f 975/740/989 978/743/992 979/744/993
f 980/745/994 978/743/992 977/742/991
f 980/745/994 977/742/991 981/746/995
f 982/747/996 978/743/992 980/745/994
f 982/747/996 980/745/994 983/748/997
f 890/655/902 982/747/996 983/748/997
f 890/655/902 983/748/997 984/749/998
f 891/656/903 890/655/902 984/749/998
f 891/656/903 984/749/998 972/737/986
f 895/660/907 891/656/903 972/737/986
f 895/660/907 972/737/986 971/736/985
f 980/745/994 981/746/995 985/750/999
f 980/745/994 985/750/999 646/412/658
f 981/746/995 977/742/991 677/443/689
f 981/746/995 677/443/689 676/442/688
f 983/748/997 980/745/994 646/412/658
f 983/748/997 646/412/658 644/410/656
f 646/412/658 985/750/999 986/751/1000
f 646/412/658 986/751/1000 645/411/657
f 987/752/1001 986/751/1000 985/750/999
f 987/752/1001 985/750/999 988/753/1002
f 988/753/1002 985/750/999 981/746/995
f 988/753/1002 981/746/995 676/442/688
f 639/405/651 638/404/650 972/737/986
f 639/405/651 972/737/986 984/749/998
f 644/410/656 639/405/651 984/749/998
f 644/410/656 984/749/998 983/748/997
f 642/408/654 645/411/657 986/751/1000
f 642/408/654 986/751/1000 15/15/15
f 15/15/15 986/751/1000 987/752/1001
f 15/15/15 987/752/1001 17/17/17
f 657/423/669 17/17/17 987/752/1001
f 657/423/669 987/752/1001 660/426/672
f 660/426/672 987/752/1001 988/753/1002
f 660/426/672 988/753/1002 21/21/21
f 21/21/21 988/753/1002 676/442/688
f 21/21/21 676/442/688 22/22/22
f 284/281/283 735/501/747 732/498/744
f 284/281/283 732/498/744 731/497/743
f 735/501/747 284/281/283 989/754/1003
f 735/501/747 989/754/1003 736/502/748
f 34/34/34 736/502/748 989/754/1003
f 34/34/34 989/754/1003 990/755/1004
f 285/282/284 284/281/283 731/497/743
f 285/282/284 731/497/743 733/499/745
f 281/278/280 285/282/284 733/499/745
f 281/278/280 733/499/745 991/756/1005
f 282/279/281 281/278/280 991/756/1005
f 282/279/281 991/756/1005 992/757/1006
f 734/500/746 726/492/738 724/490/736
f 734/500/746 724/490/736 993/758/1007
f 733/499/745 734/500/746 994/759/1008
f 733/499/745 994/759/1008 991/756/1005
f 991/756/1005 994/759/1008 995/760/1009
f 991/756/1005 995/760/1009 992/757/1006
f 117/115/118 992/757/1006 995/760/1009
f 117/115/118 995/760/1009 996/761/1010
f 992/757/1006 117/115/118 114/112/115
f 992/757/1006 114/112/115 282/279/281
f 115/113/116 114/112/115 117/115/118
f 115/113/116 117/115/118 119/117/120
f 116/114/117 115/113/116 997/762/1011
f 116/114/117 997/762/1011 998/763/1012
f 998/763/1012 997/762/1011 999/764/1013
f 998/763/1012 999/764/1013 1000/765/1014
f 1000/765/1014 999/764/1013 1001/766/1015
f 1000/765/1014 1001/766/1015 1002/767/1016
f 1002/767/1016 1001/766/1015 845/610/858
f 1002/767/1016 845/610/858 844/609/857
f 1003/768/1017 1004/769/1018 118/116/119
f 1003/768/1017 118/116/119 1005/770/1019
f 119/117/120 118/116/119 1004/769/1018
f 119/117/120 1004/769/1018 1006/771/1020
f 115/113/116 119/117/120 1006/771/1020
f 115/113/116 1006/771/1020 997/762/1011
f 118/116/119 117/115/118 996/761/1010
f 118/116/119 996/761/1010 1005/770/1019
f 92/92/92 1003/768/1017 1005/770/1019
f 92/92/92 1005/770/1019 1007/772/1021
f 1003/768/1017 92/92/92 93/93/93
f 1003/768/1017 93/93/93 123/121/124
f 1004/769/1018 1003/768/1017 123/121/124
f 1004/769/1018 123/121/124 121/119/122
f 1006/771/1020 1004/769/1018 121/119/122
f 1006/771/1020 121/119/122 1008/773/1022
f 997/762/1011 1006/771/1020 1008/773/1022
f 997/762/1011 1008/773/1022 999/764/1013
f 1001/766/1015 999/764/1013 1008/773/1022
f 1001/766/1015 1008/773/1022 1009/774/1023
f 845/610/858 1001/766/1015 1009/774/1023
f 845/610/858 1009/774/1023 1010/775/1024
f 1009/774/1023 1008/773/1022 121/119/122
f 1009/774/1023 121/119/122 120/118/121
f 851/616/864 849/614/862 850/615/863
f 851/616/864 850/615/863 1011/776/1025
f 850/615/863 843/608/856 846/611/859
f 850/615/863 846/611/859 1012/777/1026
f 846/611/859 845/610/858 1010/775/1024
f 846/611/859 1010/775/1024 1013/778/1027
f 1010/775/1024 1009/774/1023 120/118/121
f 1010/775/1024 120/118/121 125/123/127
f 1013/778/1027 1010/775/1024 125/123/127
f 1013/778/1027 125/123/127 128/126/131
f 1012/777/1026 846/611/859 1013/778/1027
f 1012/777/1026 1013/778/1027 1014/779/1028
f 1011/776/1025 850/615/863 1012/777/1026
f 1011/776/1025 1012/777/1026 1015/780/1029
f 852/617/865 851/616/864 1011/776/1025
f 852/617/865 1011/776/1025 1016/781/1030
f 841/606/854 852/617/865 858/623/870
f 841/606/854 858/623/870 1017/782/868
f 858/623/870 852/617/865 1016/781/1030
f 858/623/870 1016/781/1030 1018/783/1031
f 1016/781/1030 1011/776/1025 1015/780/1029
f 1016/781/1030 1015/780/1029 1019/784/1032
f 1015/780/1029 1012/777/1026 1014/779/1028
f 1015/780/1029 1014/779/1028 1020/785/1033
f 1014/779/1028 1013/778/1027 128/126/131
f 1014/779/1028 128/126/131 912/677/924
f 128/126/131 101/101/101 908/673/920
f 128/126/131 908/673/920 912/677/924
f 1020/785/1033 1014/779/1028 912/677/924
f 1020/785/1033 912/677/924 1021/786/1034
f 1019/784/1032 1015/780/1029 1020/785/1033
f 1019/784/1032 1020/785/1033 1022/787/1035
f 1018/783/1031 1016/781/1030 1019/784/1032
f 1018/783/1031 1019/784/1032 1023/788/1036
f 856/621/869 858/623/870 1018/783/1031
f 856/621/869 1018/783/1031 1024/789/1037
f 1022/787/1035 1020/785/1033 1025/790/1034
f 1022/787/1035 1025/790/1034 913/678/1038
f 1023/788/1036 1019/784/1032 1022/787/1035
f 1023/788/1036 1022/787/1035 1026/791/1039
f 1024/789/1037 1018/783/1031 1023/788/1036
f 1024/789/1037 1023/788/1036 1027/792/1040
f 1026/791/1039 1022/787/1035 913/678/1038
f 1026/791/1039 913/678/1038 1028/793/1041
f 1027/792/1040 1023/788/1036 1026/791/1039
f 1027/792/1040 1026/791/1039 1029/794/1042
f 1029/794/1042 1026/791/1039 1028/793/1041
f 1029/794/1042 1028/793/1041 1030/795/1043
f 1028/793/1041 913/678/1038 1031/796/1044
f 1028/793/1041 1031/796/1044 1032/797/1045
f 1032/797/1045 1033/798/929 1034/799/1046
f 1032/797/1045 1034/799/1046 1035/800/1047
f 1036/801/1048 1037/802/1049 1032/797/1045
f 1036/801/1048 1032/797/1045 1035/800/1047
f 1028/793/1041 1032/797/1045 1037/802/1049
f 1028/793/1041 1037/802/1049 1030/795/1043
f 930/695/944 1038/803/1050 929/694/943
f 930/695/944 929/694/943 108/106/109
f 929/694/943 1035/800/1047 1039/804/1051
f 929/694/943 1039/804/1051 924/689/938
f 131/128/134 138/135/141 144/141/146
f 131/128/134 144/141/146 147/144/148
f 132/129/135 131/128/134 147/144/148
f 132/129/135 147/144/148 149/146/150
f 134/131/137 132/129/135 149/146/150
f 134/131/137 149/146/150 148/145/149
f 135/132/138 134/131/137 148/145/149
f 135/132/138 148/145/149 152/149/153
f 136/133/139 135/132/138 152/149/153
f 136/133/139 152/149/153 139/136/142
f 138/135/141 141/138/144 1040/805/1052
f 138/135/141 1040/805/1052 144/141/146
f 144/141/146 1040/805/1052 1041/806/1053
f 144/141/146 1041/806/1053 142/139/145
f 144/141/146 143/140/38 145/142/39
f 144/141/146 145/142/39 147/144/148
f 149/146/150 147/144/148 146/143/147
f 149/146/150 146/143/147 150/147/151
f 152/149/153 153/150/154 154/151/78
f 152/149/153 154/151/78 139/136/142
f 139/136/142 155/152/155 156/153/156
f 139/136/142 156/153/156 140/137/143
f 158/155/158 1042/807/1054 1043/808/1055
f 158/155/158 1043/808/1055 1044/809/1056
f 1045/810/1057 1042/807/1054 158/155/158
f 1045/810/1057 158/155/158 160/157/160
f 159/156/159 158/155/158 1044/809/1056
f 159/156/159 1044/809/1056 1046/811/1058
f 1047/812/1059 1048/813/1060 1049/814/1061
f 1047/812/1059 1049/814/1061 245/242/247
f 1050/815/1062 1051/816/1063 1045/810/1057
f 1050/815/1062 1045/810/1057 160/157/160
f 1052/817/1064 1050/815/1062 160/157/160
f 1052/817/1064 160/157/160 1053/818/1065
f 1053/818/1065 160/157/160 159/156/159
f 1053/818/1065 159/156/159 1054/819/677
f 1054/819/677 159/156/159 1046/811/1058
f 1054/819/677 1046/811/1058 1055/820/1066
f 162/159/162 1056/821/1067 1057/822/1068
f 162/159/162 1057/822/1068 163/160/163
f 1058/823/1069 161/158/161 163/160/163
f 1058/823/1069 163/160/163 1059/824/1070
f 1058/823/1069 1059/824/1070 1060/825/1071
f 1058/823/1069 1060/825/1071 1061/826/1072
f 1060/825/1071 1059/824/1070 1062/827/1073
f 1060/825/1071 1062/827/1073 1063/828/1074
f 1060/825/1071 1063/828/1074 1064/829/20
f 1060/825/1071 1064/829/20 1065/830/1075
f 1065/830/1075 1064/829/20 1055/820/1066
f 1065/830/1075 1055/820/1066 1046/811/1058
f 1066/831/1076 1065/830/1075 1046/811/1058
f 1066/831/1076 1046/811/1058 1044/809/1056
f 1066/831/1076 1044/809/1056 1043/808/1055
f 1066/831/1076 1043/808/1055 1067/832/1077
f 1061/826/1072 1066/831/1076 1067/832/1077
f 1061/826/1072 1067/832/1077 1068/833/1078
f 1065/830/1075 1066/831/1076 1061/826/1072
f 1065/830/1075 1061/826/1072 1060/825/1071
f 163/160/163 1057/822/1068 1062/827/1073
f 163/160/163 1062/827/1073 1059/824/1070
f 1069/834/1079 161/158/161 1058/823/1069
f 1069/834/1079 1058/823/1069 1070/835/1080
f 1071/836/1081 1072/837/680 1056/821/1067
f 1071/836/1081 1056/821/1067 162/159/162
f 1073/838/1082 1071/836/1081 162/159/162
f 1073/838/1082 162/159/162 161/158/161
f 1074/839/1083 1073/838/1082 161/158/161
f 1074/839/1083 161/158/161 1069/834/1079
f 721/487/733 1075/840/1084 725/491/737
f 721/487/733 725/491/737 719/485/731
f 1076/841/1085 725/491/737 1075/840/1084
f 1076/841/1085 1075/840/1084 1077/842/1086
f 725/491/737 1076/841/1085 993/758/1007
f 725/491/737 993/758/1007 724/490/736
f 1078/843/1087 993/758/1007 1076/841/1085
f 1078/843/1087 1076/841/1085 1079/844/1088
f 1080/845/1089 1078/843/1087 1079/844/1088
f 1080/845/1089 1079/844/1088 1081/846/1090
f 1082/847/1091 1080/845/1089 1081/846/1090
f 1082/847/1091 1081/846/1090 1083/848/1092
f 1007/772/1021 1082/847/1091 1083/848/1092
f 1007/772/1021 1083/848/1092 164/161/164
f 994/759/1008 734/500/746 993/758/1007
f 994/759/1008 993/758/1007 1078/843/1087
f 995/760/1009 994/759/1008 1078/843/1087
f 995/760/1009 1078/843/1087 1080/845/1089
f 996/761/1010 995/760/1009 1080/845/1089
f 996/761/1010 1080/845/1089 1082/847/1091
f 1005/770/1019 996/761/1010 1082/847/1091
f 1005/770/1019 1082/847/1091 1007/772/1021
f 90/90/90 92/92/92 1007/772/1021
f 90/90/90 1007/772/1021 164/161/164
f 165/162/165 164/161/164 1083/848/1092
f 165/162/165 1083/848/1092 1084/849/1093
f 1084/849/1093 1083/848/1092 1081/846/1090
f 1084/849/1093 1081/846/1090 1085/850/1094
f 1085/850/1094 1081/846/1090 1079/844/1088
f 1085/850/1094 1079/844/1088 1086/851/1095
f 1086/851/1095 1079/844/1088 1076/841/1085
f 1086/851/1095 1076/841/1085 1077/842/1086
f 1077/842/1086 1075/840/1084 973/738/987
f 1077/842/1086 973/738/987 974/739/988
f 1075/840/1084 721/487/733 698/464/710
f 1075/840/1084 698/464/710 973/738/987
f 721/487/733 700/466/712 697/463/709
f 721/487/733 697/463/709 698/464/710
f 1085/850/1094 1086/851/1095 976/741/990
f 1085/850/1094 976/741/990 1087/852/1096
f 1084/849/1093 1085/850/1094 1087/852/1096
f 1084/849/1093 1087/852/1096 1088/853/1097
f 906/671/918 165/162/165 1084/849/1093
f 906/671/918 1084/849/1093 1088/853/1097
f 1086/851/1095 1077/842/1086 974/739/988
f 1086/851/1095 974/739/988 976/741/990
f 982/747/996 890/655/902 893/658/905
f 982/747/996 893/658/905 1089/854/1098
f 978/743/992 982/747/996 1089/854/1098
f 978/743/992 1089/854/1098 979/744/993
f 282/279/281 114/112/115 116/114/117
f 282/279/281 116/114/117 1090/855/1099
f 167/164/167 166/163/166 287/284/286
f 167/164/167 287/284/286 286/283/285
f 833/598/846 287/284/286 166/163/166
f 833/598/846 166/163/166 1091/856/1100
f 836/601/849 833/598/846 1091/856/1100
f 836/601/849 1091/856/1100 1092/857/1101
f 82/82/82 836/601/849 1092/857/1101
f 82/82/82 1092/857/1101 1093/858/1102
f 79/79/79 82/82/82 1093/858/1102
f 79/79/79 1093/858/1102 848/613/861
f 85/85/85 79/79/79 848/613/861
f 85/85/85 848/613/861 847/612/860
f 849/614/862 837/602/850 85/85/85
f 849/614/862 85/85/85 847/612/860
f 998/763/1012 1091/856/1100 166/163/166
f 998/763/1012 166/163/166 116/114/117
f 1002/767/1016 844/609/857 848/613/861
f 1002/767/1016 848/613/861 1093/858/1102
f 1000/765/1014 1002/767/1016 1093/858/1102
f 1000/765/1014 1093/858/1102 1092/857/1101
f 1000/765/1014 1092/857/1101 1091/856/1100
f 1000/765/1014 1091/856/1100 998/763/1012
f 18/18/18 662/428/674 668/434/680
f 18/18/18 668/434/680 19/19/19
f 805/570/818 169/166/169 1094/859/1103
f 805/570/818 1094/859/1103 806/571/819
f 1095/860/1104 1094/859/1103 1096/861/1105
f 1095/860/1104 1096/861/1105 1097/862/1106
f 1098/863/1107 1097/862/1106 1096/861/1105
f 1098/863/1107 1096/861/1105 1099/864/1108
f 1097/862/1106 1098/863/1107 1100/865/1109
f 1097/862/1106 1100/865/1109 1101/866/1110
f 1100/865/1109 1098/863/1107 1102/867/1111
f 1100/865/1109 1102/867/1111 1103/868/1112
f 1104/869/1113 1105/870/1114 1106/871/1115
f 1104/869/1113 1106/871/1115 560/326/1116
f 1095/860/1104 1097/862/1106 1107/872/1117
f 1095/860/1104 1107/872/1117 1108/873/1118
f 958/723/972 1109/874/1119 171/168/171
f 958/723/972 171/168/171 955/720/969
f 172/169/172 171/168/171 1109/874/1119
f 172/169/172 1109/874/1119 1110/875/1120
f 1110/875/1120 1109/874/1119 1111/876/1121
f 1110/875/1120 1111/876/1121 1112/877/1122
f 1113/878/1123 1114/879/1124 1111/876/1121
f 1113/878/1123 1111/876/1121 1115/880/1125
f 1111/876/1121 1114/879/1124 1116/881/1126
f 1111/876/1121 1116/881/1126 1112/877/1122
f 945/710/959 1114/879/1127 1117/882/1128
f 945/710/959 1117/882/1128 943/708/957
f 1115/880/1125 1111/876/1121 1109/874/1119
f 1115/880/1125 1109/874/1119 958/723/972
f 937/702/951 1115/880/1125 958/723/972
f 937/702/951 958/723/972 950/715/964
f 953/718/967 171/168/171 173/170/173
f 953/718/967 173/170/173 960/725/974
f 940/705/954 943/708/957 1118/883/1129
f 940/705/954 1118/883/1129 936/701/950
f 1119/884/1130 176/173/1131 1120/885/1132
f 1119/884/1130 1120/885/1132 1121/886/1133
f 179/176/179 1119/884/1134 1122/887/1135
f 179/176/179 1122/887/1135 177/174/177
f 216/213/216 215/212/215 1123/888/1136
f 216/213/216 1123/888/1136 1124/889/1137
f 216/213/216 1124/889/1137 217/214/217
f 216/213/216 217/214/217 1125/890/1138
f 1126/891/1139 217/214/217 1124/889/1137
f 1126/891/1139 1124/889/1137 1127/892/1140
f 218/215/218 217/214/217 1128/893/1141
f 218/215/218 1128/893/1141 1129/894/1142
f 183/180/183 1130/895/1143 1131/896/1144
f 183/180/183 1131/896/1144 181/178/181
f 177/174/177 1132/897/1144 1133/898/1145
f 177/174/177 1133/898/1145 184/181/184
f 180/177/180 184/181/184 189/186/189
f 180/177/180 189/186/189 185/182/185
f 1134/899/1146 1135/900/1139 1127/892/1140
f 1134/899/1146 1127/892/1140 192/189/192
f 1127/892/1140 1124/889/1137 1123/888/1136
f 1127/892/1140 1123/888/1136 1136/901/1147
f 192/189/192 1127/892/1140 1136/901/1147
f 192/189/192 1136/901/1147 190/187/190
f 1137/902/1148 192/189/192 193/190/193
f 1137/902/1148 193/190/193 184/181/184
f 184/181/184 193/190/193 187/184/187
f 184/181/184 187/184/187 189/186/189
f 188/185/188 187/184/187 1138/903/1149
f 188/185/188 1138/903/1149 1139/904/1150
f 187/184/187 193/190/193 194/191/194
f 187/184/187 194/191/194 1138/903/1149
f 1140/905/1151 1141/906/1152 1142/907/1153
f 1140/905/1151 1142/907/1153 1143/908/1154
f 1143/908/1154 1144/909/1155 595/361/607
f 1143/908/1154 595/361/607 1140/905/1151
f 1140/905/1151 595/361/607 594/360/606
f 1140/905/1151 594/360/606 195/192/195
f 1145/910/606 1146/911/1156 196/193/196
f 1145/910/606 196/193/196 195/192/195
f 1147/912/1157 195/192/195 197/194/197
f 1147/912/1157 197/194/197 1148/913/1158
f 199/196/199 1147/912/1157 1148/913/1158
f 199/196/199 1148/913/1158 200/197/200
f 1141/906/1152 1140/905/1151 195/192/195
f 1141/906/1152 195/192/195 1149/914/1159
f 1149/914/1159 195/192/195 1147/912/1157
f 1149/914/1159 1147/912/1157 1150/915/1160
f 1150/915/1160 1147/912/1157 199/196/199
f 1150/915/1160 199/196/199 1151/916/1161
f 1151/916/1161 199/196/199 201/198/201
f 1151/916/1161 201/198/201 1152/917/1162
f 206/203/206 207/204/207 209/206/209
f 206/203/206 209/206/209 203/200/203
f 1152/917/1162 1153/918/1163 1154/919/1164
f 1152/917/1162 1154/919/1164 1151/916/1161
f 1151/916/1161 1154/919/1164 1155/920/1165
f 1151/916/1161 1155/920/1165 1150/915/1160
f 1149/914/1159 1150/915/1160 1155/920/1165
f 1149/914/1159 1155/920/1165 1156/921/1166
f 1149/914/1159 1156/921/1166 1157/922/1167
f 1149/914/1159 1157/922/1167 1141/906/1152
f 1141/906/1152 1157/922/1167 1158/923/1168
f 1141/906/1152 1158/923/1168 1142/907/1153
f 1142/907/1153 1158/923/1168 1159/924/1169
f 1142/907/1153 1159/924/1169 1160/925/1170
f 210/207/210 212/209/212 816/581/829
f 210/207/210 816/581/829 1161/926/1171
f 1162/927/1172 210/207/210 1161/926/1171
f 1162/927/1172 1161/926/1171 1163/928/1173
f 1163/928/1173 1160/925/1170 1159/924/1169
f 1163/928/1173 1159/924/1169 1164/929/1174
f 1165/930/1175 1161/926/1171 816/581/829
f 1165/930/1175 816/581/829 815/580/828
f 1166/931/1176 1165/930/1175 1167/932/1177
f 1166/931/1176 1167/932/1177 1168/933/1178
f 1167/932/1177 1165/930/1175 815/580/828
f 1167/932/1177 815/580/828 1169/934/1179
f 813/578/826 1169/934/1179 815/580/828
f 813/578/826 815/580/828 811/576/824
f 54/54/54 51/51/51 212/209/212
f 54/54/54 212/209/212 213/210/213
f 1166/931/1176 1168/933/1178 1170/935/1180
f 1166/931/1176 1170/935/1180 1171/936/1181
f 1170/935/1180 1172/937/1155 1143/908/1154
f 1170/935/1180 1143/908/1154 1171/936/1181
f 1103/868/1112 1170/935/1180 1168/933/1178
f 1103/868/1112 1168/933/1178 1100/865/1109
f 1100/865/1109 1168/933/1178 1167/932/1177
f 1100/865/1109 1167/932/1177 1173/938/1182
f 1174/939/1182 1167/932/1177 1169/934/1179
f 1174/939/1182 1169/934/1179 1108/873/1118
f 1108/873/1118 1169/934/1179 813/578/826
f 1108/873/1118 813/578/826 808/573/821
f 1095/860/1104 1108/873/1118 808/573/821
f 1095/860/1104 808/573/821 807/572/820
f 1095/860/1104 807/572/820 806/571/819
f 1095/860/1104 806/571/819 1094/859/1103
f 214/211/214 216/213/216 1125/890/1138
f 214/211/214 1125/890/1138 230/227/230
f 228/225/228 230/227/230 1125/890/1138
f 228/225/228 1125/890/1138 227/224/227
f 227/224/227 1125/890/1138 217/214/217
f 227/224/227 217/214/217 219/216/219
f 221/218/221 218/215/218 1175/940/1183
f 221/218/221 1175/940/1183 224/221/1184
f 223/220/1185 1176/941/1186 1177/942/1187
f 223/220/1185 1177/942/1187 174/171/1188
f 227/224/227 219/216/219 220/217/220
f 227/224/227 220/217/220 225/222/225
f 240/237/242 1178/943/1189 1179/944/1190
f 240/237/242 1179/944/1190 238/235/240
f 1180/945/1191 1181/946/1192 1182/947/1193
f 1180/945/1191 1182/947/1193 1178/943/1194
f 1183/948/1195 1184/949/1196 1185/950/1197
f 1183/948/1195 1185/950/1197 1186/951/1198
f 253/250/256 252/249/255 1180/945/1191
f 253/250/256 1180/945/1191 1178/943/1194
f 1187/952/1199 1188/953/1060 1189/954/1059
f 1187/952/1199 1189/954/1059 1190/955/1200
f 1191/956/1059 248/245/1201 1192/957/1202
f 1191/956/1059 1192/957/1202 1186/951/1198
f 1193/958/1195 1186/951/1198 1192/957/1202
f 1193/958/1195 1192/957/1202 250/247/1203
f 1194/959/1195 251/248/1204 1195/960/1205
f 1194/959/1195 1195/960/1205 1196/961/1206
f 1196/961/1206 1195/960/1205 1179/944/1190
f 1196/961/1206 1179/944/1190 1178/943/1189
f 1187/952/1199 1190/955/1200 1197/962/1207
f 1187/952/1199 1197/962/1207 1198/963/1208
f 1042/807/1054 1187/952/1199 1198/963/1208
f 1042/807/1054 1198/963/1208 1043/808/1055
f 1199/964/1209 1184/949/1210 1200/965/1211
f 1199/964/1209 1200/965/1211 1201/966/1212
f 1190/955/1200 1202/967/1213 1203/968/1214
f 1190/955/1200 1203/968/1214 1197/962/1207
f 1204/969/1215 1205/970/1216 1206/971/1217
f 1204/969/1215 1206/971/1217 1207/972/1218
f 1208/973/1219 274/271/1220 255/252/258
f 1208/973/1219 255/252/258 1209/974/1221
f 1070/835/1080 258/255/261 260/257/263
f 1070/835/1080 260/257/263 1069/834/1079
f 1210/975/1222 1070/835/1080 1058/823/1069
f 1210/975/1222 1058/823/1069 1061/826/1072
f 1211/976/1078 1067/832/1077 1212/977/1223
f 1211/976/1078 1212/977/1223 1213/978/1224
f 1198/963/1208 1212/977/1223 1067/832/1077
f 1198/963/1208 1067/832/1077 1043/808/1055
f 1212/977/1223 1198/963/1208 1197/962/1207
f 1212/977/1223 1197/962/1207 1214/979/1225
f 1215/980/1226 1207/972/1218 1206/971/1217
f 1215/980/1226 1206/971/1217 1216/981/1227
f 1207/972/1218 1215/980/1226 265/262/267
f 1207/972/1218 265/262/267 267/264/268
f 265/262/267 1215/980/1226 1217/982/1228
f 265/262/267 1217/982/1228 266/263/255
f 1217/982/1228 1215/980/1226 1216/981/1227
f 1217/982/1228 1216/981/1227 1218/983/1229
f 1070/835/1230 1219/984/1222 1220/985/1231
f 1070/835/1230 1220/985/1231 1221/986/1232
f 1209/974/1221 1222/987/1233 1223/988/1234
f 1209/974/1221 1223/988/1234 1208/973/1219
f 1204/969/1215 1207/972/1218 267/264/268
f 1204/969/1215 267/264/268 269/266/240
f 1224/989/1235 1197/962/1236 1225/990/1237
f 1224/989/1235 1225/990/1237 1226/991/1238
f 1227/992/1239 1199/964/1240 1228/993/1241
f 1227/992/1239 1228/993/1241 1229/994/264
f 256/253/259 272/269/271 1230/995/1242
f 256/253/259 1230/995/1242 257/254/260
f 259/256/262 257/254/260 1230/995/1242
f 259/256/262 1230/995/1242 1231/996/1243
f 260/257/263 259/256/262 1231/996/1243
f 260/257/263 1231/996/1243 1232/997/1244
f 1069/834/1079 260/257/263 1232/997/1244
f 1069/834/1079 1232/997/1244 1074/839/1083
f 936/701/950 1233/998/1245 1115/880/1125
f 936/701/950 1115/880/1125 937/702/951
f 630/396/642 609/375/621 610/376/622
f 630/396/642 610/376/622 631/397/643
f 626/392/638 277/274/276 276/273/275
f 626/392/638 276/273/275 629/395/641
f 1036/801/1048 1035/800/1047 929/694/943
f 1036/801/1048 929/694/943 1038/803/1050
f 630/396/642 10/10/10 279/276/278
f 630/396/642 279/276/278 609/375/621
f 45/45/45 47/47/47 46/46/46
f 45/45/45 46/46/46 606/372/618
f 775/540/788 777/542/790 799/564/812
f 775/540/788 799/564/812 48/48/48
f 775/540/788 44/44/44 43/43/43
f 775/540/788 43/43/43 770/535/783
f 47/47/47 44/44/44 775/540/788
f 47/47/47 775/540/788 48/48/48
f 49/49/49 46/46/46 48/48/48
f 49/49/49 48/48/48 798/563/811
f 1087/852/1096 976/741/990 975/740/989
f 1087/852/1096 975/740/989 979/744/993
f 1088/853/1097 1087/852/1096 979/744/993
f 1088/853/1097 979/744/993 1089/854/1098
f 893/658/905 906/671/918 1088/853/1097
f 893/658/905 1088/853/1097 1089/854/1098
f 892/657/904 903/668/915 906/671/918
f 892/657/904 906/671/918 893/658/905
f 894/659/906 896/661/908 903/668/915
f 894/659/906 903/668/915 892/657/904
f 970/735/984 871/636/883 872/637/884
f 970/735/984 872/637/884 873/638/885
f 1152/917/1162 201/198/201 203/200/203
f 1152/917/1162 203/200/203 209/206/209
f 209/206/209 208/205/208 1153/918/1163
f 209/206/209 1153/918/1163 1152/917/1162
f 283/280/282 285/282/284 281/278/280
f 283/280/282 281/278/280 280/277/279
f 31/31/31 30/30/30 715/481/727
f 31/31/31 715/481/727 706/472/718
f 1234/999/1246 1186/951/1198 1235/1000/1247
f 1234/999/1246 1235/1000/1247 1190/955/1248
f 1187/952/1199 1042/807/1054 1045/810/1057
f 1187/952/1199 1045/810/1057 1188/953/1060
f 1045/810/1057 1051/816/1063 1049/814/1061
f 1045/810/1057 1049/814/1061 1048/813/1060
f 1236/1001/1195 1182/947/1206 1237/1002/1249
f 1236/1001/1195 1237/1002/1249 1184/949/1250
f 1226/991/1238 1227/992/1239 1223/988/1234
f 1226/991/1238 1223/988/1234 1222/987/1233
f 1226/991/1238 1238/1003/1251 1199/964/1240
f 1226/991/1238 1199/964/1240 1227/992/1239
f 1239/1004/1213 1184/949/1210 1199/964/1209
f 1239/1004/1213 1199/964/1209 1240/1005/1214
f 1208/973/1219 1206/971/1217 1205/970/1216
f 1208/973/1219 1205/970/1216 274/271/1220
f 1216/981/1227 1206/971/1217 1208/973/1219
f 1216/981/1227 1208/973/1219 1223/988/1234
f 1218/983/1229 1216/981/1227 1223/988/1234
f 1218/983/1229 1223/988/1234 1227/992/1239
f 1241/1006/261 1242/1007/1252 257/254/260
f 1241/1006/261 257/254/260 259/256/262
f 1224/989/1235 1243/1008/1253 1213/978/1224
f 1224/989/1235 1213/978/1224 1212/977/1223
f 1221/986/1232 1220/985/1231 1244/1009/1254
f 1221/986/1232 1244/1009/1254 1242/1007/1252
f 1226/991/1238 1222/987/1233 1243/1008/1253
f 1226/991/1238 1243/1008/1253 1224/989/1235
f 1242/1007/1252 1244/1009/1254 1222/987/1233
f 1242/1007/1252 1222/987/1233 1209/974/1221
f 257/254/260 1242/1007/1252 1209/974/1221
f 257/254/260 1209/974/1221 255/252/258
f 572/338/583 1245/1010/1255 1246/1011/610
f 572/338/583 1246/1011/610 591/357/602
f 575/341/585 584/350/595 583/349/594
f 575/341/585 583/349/594 572/338/583
f 1247/1012/590 586/352/597 1248/1013/596
f 1247/1012/590 1248/1013/596 1249/1014/608
f 588/354/599 1250/1015/1256 4/4/1257
f 588/354/599 4/4/1257 589/355/600
f 587/353/598 1245/1010/594 1251/1016/1258
f 587/353/598 1251/1016/1258 588/354/599
f 1251/1016/1258 1252/1017/609 1250/1015/1256
f 1251/1016/1258 1250/1015/1256 588/354/599
f 1253/1018/1259 1172/937/1155 1170/935/1180
f 1253/1018/1259 1170/935/1180 1103/868/1112
f 1144/909/1155 1254/1019/1260 1255/1020/1261
f 1144/909/1155 1255/1020/1261 595/361/607
f 1256/330/1262 1257/333/1263 1258/332/1264
f 1256/330/1262 1258/332/1264 1259/331/1265
f 1260/336/1266 1261/1021/1267 1259/331/1265
f 1260/336/1266 1259/331/1265 1258/332/1264
f 1258/332/1264 1262/340/1263 1263/339/1268
f 1258/332/1264 1263/339/1268 1264/338/1269
f 1265/342/1270 1266/1022/1271 1267/1023/1272
f 1265/342/1270 1267/1023/1272 577/343/1273
f 1268/1024/1274 292/289/1275 553/319/564
f 1268/1024/1274 553/319/564 552/318/563
f 1267/1023/1276 1269/1025/1271 1270/1026/289
f 1267/1023/1276 1270/1026/289 289/286/1277
f 1271/349/1278 1272/352/1279 1273/351/1280
f 1271/349/1278 1273/351/1280 1274/350/1281
f 1275/353/1282 590/356/601 589/355/600
f 1275/353/1282 589/355/600 1276/354/1283
f 1264/338/1269 1263/339/1268 1277/358/1284
f 1264/338/1269 1277/358/1284 1278/357/1285
f 1263/339/1286 1279/361/1287 1280/360/1288
f 1263/339/1286 1280/360/1288 1281/359/1289
f 1282/1027/1290 1283/1028/1291 556/322/566
f 1282/1027/1290 556/322/566 555/321/559
f 1284/364/1292 1285/366/1293 599/365/612
f 1284/364/1292 599/365/612 590/356/611
f 1286/367/1289 602/368/614 599/365/612
f 1286/367/1289 599/365/612 1285/366/1293
f 294/8/294 9/9/9 602/368/615
f 294/8/294 602/368/615 1287/369/1289
f 1288/370/1294 1289/371/1295 536/275/547
f 1288/370/1294 536/275/547 537/276/548
f 1289/371/1295 1290/372/1296 330/45/330
f 1289/371/1295 330/45/330 536/275/547
f 339/55/339 1291/373/1297 536/275/547
f 339/55/339 536/275/547 330/45/330
f 1291/373/1297 296/12/296 295/10/295
f 1291/373/1297 295/10/295 536/275/547
f 1288/370/1294 537/276/548 1292/375/1298
f 1288/370/1294 1292/375/1298 1293/374/1299
f 1294/376/1300 1295/377/1301 1293/374/1299
f 1294/376/1300 1293/374/1299 1292/375/1298
f 1294/376/1300 1296/379/1302 1297/378/1303
f 1294/376/1300 1297/378/1303 1295/377/1301
f 1298/380/1304 1299/381/1305 1295/377/1301
f 1298/380/1304 1295/377/1301 1297/378/1303
f 1297/378/1303 1300/383/1306 1301/382/1307
f 1297/378/1303 1301/382/1307 1298/380/1304
f 1302/384/1308 1303/385/1309 1298/380/1304
f 1302/384/1308 1298/380/1304 1301/382/1307
f 1301/382/1307 1304/387/1310 1305/386/1311
f 1301/382/1307 1305/386/1311 1302/384/1308
f 1306/388/1312 1307/389/1313 1302/384/1308
f 1306/388/1312 1302/384/1308 1305/386/1311
f 1305/386/1311 1308/391/1314 1309/390/1315
f 1305/386/1311 1309/390/1315 1306/388/1312
f 534/274/545 1310/394/1316 1311/393/1317
f 534/274/545 1311/393/1317 1312/392/1318
f 1313/395/1319 1314/397/1320 1315/396/1321
f 1313/395/1319 1315/396/1321 535/273/546
f 1314/397/1320 1316/398/1322 1296/379/1302
f 1314/397/1320 1296/379/1302 1294/376/1300
f 1296/379/1302 1317/399/1323 1300/383/1306
f 1296/379/1302 1300/383/1306 1297/378/1303
f 1300/383/1306 1318/400/1324 1304/387/1310
f 1300/383/1306 1304/387/1310 1301/382/1307
f 1304/387/1310 1319/401/1325 1308/391/1314
f 1304/387/1310 1308/391/1314 1305/386/1311
f 1320/402/1326 1321/403/1327 1309/390/1315
f 1320/402/1326 1309/390/1315 1308/391/1314
f 1320/402/1326 1322/405/1328 1323/404/1329
f 1320/402/1326 1323/404/1329 1321/403/1327
f 1324/406/1330 1325/407/1331 1321/403/1327
f 1324/406/1330 1321/403/1327 1323/404/1329
f 1318/400/1324 1326/408/1332 1319/401/1325
f 1318/400/1324 1319/401/1325 1304/387/1310
f 1327/409/1333 1320/402/1326 1308/391/1314
f 1327/409/1333 1308/391/1314 1319/401/1325
f 1327/409/1333 1328/410/1334 1322/405/1328
f 1327/409/1333 1322/405/1328 1320/402/1326
f 1329/411/1335 1330/412/1336 1328/410/1334
f 1329/411/1335 1328/410/1334 1327/409/1333
f 1319/401/1325 1326/408/1332 1329/411/1335
f 1319/401/1325 1329/411/1335 1327/409/1333
f 300/14/300 299/15/299 1326/408/1332
f 300/14/300 1326/408/1332 1318/400/1324
f 1300/383/1306 1317/399/1323 300/14/300
f 1300/383/1306 300/14/300 1318/400/1324
f 1316/398/1322 1331/413/1337 1317/399/1323
f 1316/398/1322 1317/399/1323 1296/379/1302
f 1313/395/1319 1332/414/1338 1316/398/1322
f 1313/395/1319 1316/398/1322 1314/397/1320
f 1312/392/1318 1333/415/1339 1332/414/1338
f 1312/392/1318 1332/414/1338 1313/395/1319
f 1311/393/1317 1334/416/1340 1333/415/1339
f 1311/393/1317 1333/415/1339 1312/392/1318
f 1334/416/1340 1335/418/1341 1336/417/1342
f 1334/416/1340 1336/417/1342 1333/415/1339
f 1336/417/1342 1337/421/1343 1338/420/1344
f 1336/417/1342 1338/420/1344 1339/419/1345
f 1339/419/1345 1332/414/1338 1333/415/1339
f 1339/419/1345 1333/415/1339 1336/417/1342
f 1331/413/1337 1316/398/1322 1332/414/1338
f 1331/413/1337 1332/414/1338 1339/419/1345
f 298/13/298 300/14/300 1317/399/1323
f 298/13/298 1317/399/1323 1331/413/1337
f 1340/422/1346 1341/423/1347 302/17/302
f 1340/422/1346 302/17/302 301/16/301
f 1342/424/1348 1343/425/1349 1341/423/1347
f 1342/424/1348 1341/423/1347 1340/422/1346
f 1343/425/1349 1344/427/1350 1345/426/1351
f 1343/425/1349 1345/426/1351 1341/423/1347
f 1346/428/1352 1342/424/1348 1340/422/1346
f 1346/428/1352 1340/422/1346 304/18/304
f 304/18/304 1340/422/1346 301/16/301
f 304/18/304 301/16/301 298/13/298
f 309/24/309 1347/430/1353 1348/429/1354
f 309/24/309 1348/429/1354 310/26/310
f 308/23/308 1349/431/1355 1347/430/1353
f 308/23/308 1347/430/1353 309/24/309
f 1349/431/1355 1350/433/1356 1351/432/1357
f 1349/431/1355 1351/432/1357 1347/430/1353
f 1350/433/1356 1352/434/1358 303/19/303
f 1350/433/1356 303/19/303 1351/432/1357
f 1353/435/1359 1354/436/1360 1351/432/1357
f 1353/435/1359 1351/432/1357 303/19/303
f 298/13/298 1338/420/1344 1353/435/1359
f 298/13/298 1353/435/1359 303/19/303
f 298/13/298 1331/413/1337 1339/419/1345
f 298/13/298 1339/419/1345 1338/420/1344
f 1337/421/1343 1355/437/1361 1353/435/1359
f 1337/421/1343 1353/435/1359 1338/420/1344
f 1354/436/1360 1348/429/1354 1347/430/1353
f 1354/436/1360 1347/430/1353 1351/432/1357
f 1344/427/1350 305/20/305 307/21/307
f 1344/427/1350 307/21/307 1345/426/1351
f 308/23/308 309/24/309 311/25/311
f 308/23/308 311/25/311 306/22/306
f 1355/437/1361 1356/438/1362 1354/436/1360
f 1355/437/1361 1354/436/1360 1353/435/1359
f 1337/421/1343 1357/440/1363 1358/439/1364
f 1337/421/1343 1358/439/1364 1355/437/1361
f 1359/441/1365 1356/438/1362 1355/437/1361
f 1359/441/1365 1355/437/1361 1358/439/1364
f 306/22/306 311/25/311 1360/443/1366
f 306/22/306 1360/443/1366 1361/442/1367
f 311/25/311 310/26/310 312/27/312
f 311/25/311 312/27/312 1360/443/1366
f 1362/444/1368 1363/445/1369 313/28/313
f 1362/444/1368 313/28/313 310/26/310
f 1348/429/1354 1364/446/1370 1362/444/1368
f 1348/429/1354 1362/444/1368 310/26/310
f 1354/436/1360 1356/438/1362 1364/446/1370
f 1354/436/1360 1364/446/1370 1348/429/1354
f 1365/447/1371 1364/446/1370 1356/438/1362
f 1365/447/1371 1356/438/1362 1359/441/1365
f 1366/448/1372 1362/444/1368 1364/446/1370
f 1366/448/1372 1364/446/1370 1365/447/1371
f 1366/448/1372 1367/449/1373 1363/445/1369
f 1366/448/1372 1363/445/1369 1362/444/1368
f 1358/439/1364 1368/451/1374 1369/450/1375
f 1358/439/1364 1369/450/1375 1359/441/1365
f 1369/450/1375 1370/452/1376 1365/447/1371
f 1369/450/1375 1365/447/1371 1359/441/1365
f 1370/452/1376 1371/453/1377 1366/448/1372
f 1370/452/1376 1366/448/1372 1365/447/1371
f 1371/453/1377 1372/454/1378 1367/449/1373
f 1371/453/1377 1367/449/1373 1366/448/1372
f 1335/418/1341 1357/440/1363 1337/421/1343
f 1335/418/1341 1337/421/1343 1336/417/1342
f 1357/440/1363 1373/455/1379 1368/451/1374
f 1357/440/1363 1368/451/1374 1358/439/1364
f 1368/451/1374 1374/457/1380 1375/456/1381
f 1368/451/1374 1375/456/1381 1369/450/1375
f 1375/456/1381 1376/458/1382 1370/452/1376
f 1375/456/1381 1370/452/1376 1369/450/1375
f 1376/458/1382 1377/459/1383 1371/453/1377
f 1376/458/1382 1371/453/1377 1370/452/1376
f 1377/459/1383 1378/460/1384 1372/454/1378
f 1377/459/1383 1372/454/1378 1371/453/1377
f 1378/460/1384 1379/462/1385 1380/461/1386
f 1378/460/1384 1380/461/1386 1372/454/1378
f 1372/454/1378 1380/461/1386 1381/463/1387
f 1372/454/1378 1381/463/1387 1367/449/1373
f 1367/449/1373 1381/463/1387 1382/464/1388
f 1367/449/1373 1382/464/1388 1363/445/1369
f 1383/465/1389 1384/466/1390 1381/463/1387
f 1383/465/1389 1381/463/1387 1380/461/1386
f 1385/467/1391 1386/470/1392 703/469/715
f 1385/467/1391 703/469/715 702/468/714
f 702/468/714 706/472/718 1387/471/1393
f 702/468/714 1387/471/1393 1385/467/1391
f 1334/416/1340 1311/393/1317 1385/467/1391
f 1334/416/1340 1385/467/1391 1388/473/1394
f 1389/474/1394 314/29/314 1335/418/1341
f 1389/474/1394 1335/418/1341 1334/416/1340
f 314/29/314 1373/455/1379 1357/440/1363
f 314/29/314 1357/440/1363 1335/418/1341
f 1373/455/1379 1390/475/1395 1374/457/1380
f 1373/455/1379 1374/457/1380 1368/451/1374
f 1374/457/1380 711/477/723 710/476/722
f 1374/457/1380 710/476/722 1375/456/1381
f 710/476/722 712/478/724 1376/458/1382
f 710/476/722 1376/458/1382 1375/456/1381
f 712/478/724 713/479/725 1377/459/1383
f 712/478/724 1377/459/1383 1376/458/1382
f 314/29/314 316/30/316 1390/475/1395
f 314/29/314 1390/475/1395 1373/455/1379
f 1390/475/1395 714/480/726 711/477/723
f 1390/475/1395 711/477/723 1374/457/1380
f 1390/475/1395 316/30/316 715/481/727
f 1390/475/1395 715/481/727 714/480/726
f 716/482/728 1378/460/1384 1377/459/1383
f 716/482/728 1377/459/1383 713/479/725
f 717/483/729 1379/462/1385 1378/460/1384
f 717/483/729 1378/460/1384 716/482/728
f 1379/462/1385 1391/484/1396 1383/465/1389
f 1379/462/1385 1383/465/1389 1380/461/1386
f 1392/485/1397 1393/487/1398 1384/466/1390
f 1392/485/1397 1384/466/1390 1394/486/1399
f 1394/486/1399 1395/489/1400 1396/488/1401
f 1394/486/1399 1396/488/1401 1392/485/1397
f 1397/490/1402 1398/491/1403 1392/485/1397
f 1397/490/1402 1392/485/1397 1396/488/1401
f 1396/488/1401 1399/493/1404 1400/492/1405
f 1396/488/1401 1400/492/1405 1397/490/1402
f 1394/486/1399 1384/466/1390 1383/465/1389
f 1394/486/1399 1383/465/1389 1401/494/1406
f 1394/486/1399 1401/494/1406 1402/495/1407
f 1394/486/1399 1402/495/1407 1395/489/1400
f 1395/489/1400 1403/496/1408 1399/493/1404
f 1395/489/1400 1399/493/1404 1396/488/1401
f 1399/493/1404 1404/498/1409 1405/497/1410
f 1399/493/1404 1405/497/1410 1400/492/1405
f 1406/499/1411 1407/500/1412 1400/492/1405
f 1406/499/1411 1400/492/1405 1405/497/1410
f 1408/501/1413 1409/504/1414 1410/503/1415
f 1408/501/1413 1410/503/1415 1411/502/1416
f 1404/498/1409 1412/505/1417 1409/504/1414
f 1404/498/1409 1409/504/1414 1408/501/1413
f 1404/498/1409 1399/493/1404 1403/496/1408
f 1404/498/1409 1403/496/1408 1412/505/1417
f 1391/484/1396 1413/506/1418 1401/494/1406
f 1391/484/1396 1401/494/1406 1383/465/1389
f 1379/462/1385 717/483/729 741/507/753
f 1379/462/1385 741/507/753 1391/484/1396
f 1414/508/1419 745/511/757 744/510/756
f 1414/508/1419 744/510/756 1415/509/1420
f 1415/509/1420 1416/512/1421 1402/495/1407
f 1415/509/1420 1402/495/1407 1414/508/1419
f 1401/494/1406 1413/506/1418 1414/508/1419
f 1401/494/1406 1414/508/1419 1402/495/1407
f 1403/496/1408 1395/489/1400 1402/495/1407
f 1403/496/1408 1402/495/1407 1416/512/1421
f 1403/496/1408 1416/512/1421 1417/513/1422
f 1403/496/1408 1417/513/1422 1412/505/1417
f 319/33/319 318/34/318 1411/502/1416
f 319/33/319 1411/502/1416 1410/503/1415
f 1409/504/1414 1412/505/1417 1417/513/1422
f 1409/504/1414 1417/513/1422 1418/514/1423
f 1409/504/1414 1418/514/1423 1419/515/1424
f 1409/504/1414 1419/515/1424 1410/503/1415
f 1417/513/1422 1416/512/1421 1415/509/1420
f 1417/513/1422 1415/509/1420 1420/516/1425
f 1418/514/1423 1417/513/1422 1420/516/1425
f 1418/514/1423 1420/516/1425 1421/517/1426
f 1418/514/1423 1421/517/1426 1422/518/1427
f 1418/514/1423 1422/518/1427 1419/515/1424
f 319/33/319 1410/503/1415 1419/515/1424
f 319/33/319 1419/515/1424 1423/519/1428
f 319/33/319 1423/519/1428 1424/520/1429
f 319/33/319 1424/520/1429 317/32/317
f 1419/515/1424 1422/518/1427 1425/521/1430
f 1419/515/1424 1425/521/1430 1423/519/1428
f 756/522/768 757/523/769 1421/517/1426
f 756/522/768 1421/517/1426 1420/516/1425
f 1420/516/1425 1415/509/1420 744/510/756
f 1420/516/1425 744/510/756 756/522/768
f 758/524/770 1422/518/1427 1421/517/1426
f 758/524/770 1421/517/1426 757/523/769
f 758/524/770 759/525/771 1425/521/1430
f 758/524/770 1425/521/1430 1422/518/1427
f 1425/521/1430 759/525/771 761/526/773
f 1425/521/1430 761/526/773 320/290/320
f 1424/520/1429 1423/519/1428 1425/521/1430
f 1424/520/1429 1425/521/1430 320/290/320
f 320/290/320 322/292/322 323/38/323
f 320/290/320 323/38/323 1424/520/1429
f 1424/520/1429 323/38/323 326/40/326
f 1424/520/1429 326/40/326 317/32/317
f 327/41/1431 1426/529/1432 1427/528/1433
f 327/41/1431 1427/528/1433 1428/527/1434
f 318/34/318 317/32/317 326/40/326
f 318/34/318 326/40/326 327/41/327
f 1413/506/1418 765/530/778 745/511/757
f 1413/506/1418 745/511/757 1414/508/1419
f 741/507/753 765/530/778 1413/506/1418
f 741/507/753 1413/506/1418 1391/484/1396
f 1429/531/1435 1430/534/1436 1431/533/1437
f 1429/531/1435 1431/533/1437 1432/532/1438
f 339/55/339 329/43/329 1429/531/1435
f 339/55/339 1429/531/1435 1432/532/1438
f 1433/535/1439 1434/536/1440 1429/531/1435
f 1433/535/1439 1429/531/1435 329/43/329
f 1434/536/1440 1435/537/1441 1430/534/1436
f 1434/536/1440 1430/534/1436 1429/531/1435
f 1435/537/1441 1436/539/1442 1437/538/1443
f 1435/537/1441 1437/538/1443 1430/534/1436
f 1436/539/1442 1386/470/1392 1310/394/1316
f 1436/539/1442 1310/394/1316 1437/538/1443
f 534/274/545 297/11/297 1437/538/1443
f 534/274/545 1437/538/1443 1310/394/1316
f 1315/396/1321 295/10/295 297/11/297
f 1315/396/1321 297/11/297 535/273/546
f 297/11/297 1431/533/1437 1430/534/1436
f 297/11/297 1430/534/1436 1437/538/1443
f 1438/540/1444 777/542/790 776/541/789
f 1438/540/1444 776/541/789 1433/535/1439
f 776/541/789 778/543/791 1434/536/1440
f 776/541/789 1434/536/1440 1433/535/1439
f 778/543/791 779/544/792 1435/537/1441
f 778/543/791 1435/537/1441 1434/536/1440
f 780/545/793 1436/539/1442 1435/537/1441
f 780/545/793 1435/537/1441 779/544/792
f 780/545/793 703/469/715 1386/470/1392
f 780/545/793 1386/470/1392 1436/539/1442
f 1386/470/1392 1385/467/1391 1311/393/1317
f 1386/470/1392 1311/393/1317 1310/394/1316
f 1439/546/1445 336/50/336 332/46/332
f 1439/546/1445 332/46/332 1290/372/1296
f 1290/372/1296 1289/371/1295 1440/547/1446
f 1290/372/1296 1440/547/1446 1439/546/1445
f 1441/548/1447 1442/549/1448 1439/546/1445
f 1441/548/1447 1439/546/1445 1440/547/1446
f 1443/550/1449 1444/551/1450 1442/549/1448
f 1443/550/1449 1442/549/1448 1441/548/1447
f 1445/552/1451 1446/553/1452 1444/551/1450
f 1445/552/1451 1444/551/1450 1443/550/1449
f 1447/554/1453 1448/555/1454 1446/553/1452
f 1447/554/1453 1446/553/1452 1445/552/1451
f 791/556/804 792/557/805 1448/555/1454
f 791/556/804 1448/555/1454 1447/554/1453
f 1449/558/1455 1448/555/1454 792/557/805
f 1449/558/1455 792/557/805 794/559/807
f 1450/560/1456 1446/553/1452 1448/555/1454
f 1450/560/1456 1448/555/1454 1449/558/1455
f 1451/561/1457 1444/551/1450 1446/553/1452
f 1451/561/1457 1446/553/1452 1450/560/1456
f 1452/562/1458 1442/549/1448 1444/551/1450
f 1452/562/1458 1444/551/1450 1451/561/1457
f 336/50/336 1439/546/1445 1442/549/1448
f 336/50/336 1442/549/1448 1452/562/1458
f 1453/563/1459 800/565/813 799/564/812
f 1453/563/1459 799/564/812 333/48/333
f 1452/562/1458 1454/566/1460 335/49/335
f 1452/562/1458 335/49/335 336/50/336
f 1455/567/1461 1456/568/1462 1450/560/1456
f 1455/567/1461 1450/560/1456 1449/558/1455
f 1449/558/1455 794/559/807 804/569/817
f 1449/558/1455 804/569/817 1455/567/1461
f 1453/563/1459 1457/571/1463 805/570/818
f 1453/563/1459 805/570/818 800/565/813
f 1453/563/1459 335/49/335 1458/572/1464
f 1453/563/1459 1458/572/1464 1457/571/1463
f 1454/566/1460 1459/573/1465 1458/572/1464
f 1454/566/1460 1458/572/1464 335/49/335
f 1451/561/1457 1460/574/1466 1454/566/1460
f 1451/561/1457 1454/566/1460 1452/562/1458
f 1450/560/1456 1456/568/1462 1460/574/1466
f 1450/560/1456 1460/574/1466 1451/561/1457
f 1461/575/1467 1462/576/1468 1456/568/1462
f 1461/575/1467 1456/568/1462 1455/567/1461
f 804/569/817 52/52/52 1463/577/1469
f 804/569/817 1463/577/1469 1455/567/1461
f 1460/574/1466 1464/578/1470 1459/573/1465
f 1460/574/1466 1459/573/1465 1454/566/1460
f 1456/568/1462 1462/576/1468 1464/578/1470
f 1456/568/1462 1464/578/1470 1460/574/1466
f 1465/579/1467 1466/581/1471 1467/580/1472
f 1465/579/1467 1467/580/1472 1462/576/1468
f 338/53/338 337/51/337 475/209/481
f 338/53/338 475/209/481 1466/581/1471
f 1468/582/1473 1469/584/1474 1470/583/1475
f 1468/582/1473 1470/583/1475 343/59/343
f 1468/582/1473 347/64/347 341/58/341
f 1468/582/1473 341/58/341 1469/584/1474
f 346/62/346 342/57/342 341/58/341
f 346/62/346 341/58/341 347/64/347
f 1471/585/1476 1472/586/1477 342/57/342
f 1471/585/1476 342/57/342 346/62/346
f 340/56/340 356/71/356 1469/584/1474
f 340/56/340 1469/584/1474 341/58/341
f 355/72/355 1470/583/1475 1469/584/1474
f 355/72/355 1469/584/1474 356/71/356
f 357/73/357 358/74/358 1470/583/1475
f 357/73/357 1470/583/1475 355/72/355
f 358/74/358 344/61/344 343/59/343
f 358/74/358 343/59/343 1470/583/1475
f 1468/582/1473 1473/587/1478 348/63/348
f 1468/582/1473 348/63/348 347/64/347
f 1468/582/1473 343/59/343 1474/588/1479
f 1468/582/1473 1474/588/1479 1473/587/1478
f 343/59/343 345/60/345 350/65/350
f 343/59/343 350/65/350 1474/588/1479
f 345/60/345 344/61/344 1475/589/1480
f 345/60/345 1475/589/1480 349/66/349
f 1475/589/1480 1476/591/1481 1477/590/1482
f 1475/589/1480 1477/590/1482 349/66/349
f 1475/589/1480 354/70/354 1478/592/1483
f 1475/589/1480 1478/592/1483 1476/591/1481
f 1478/592/1483 1479/594/1484 1480/593/1485
f 1478/592/1483 1480/593/1485 1476/591/1481
f 352/69/352 1481/595/1486 1480/593/1485
f 352/69/352 1480/593/1485 353/68/353
f 1481/595/1486 1477/590/1482 1476/591/1481
f 1481/595/1486 1476/591/1481 1480/593/1485
f 1479/594/1484 1482/596/1487 353/68/353
f 1479/594/1484 353/68/353 1480/593/1485
f 1482/596/1487 1483/597/1488 351/67/351
f 1482/596/1487 351/67/351 353/68/353
f 354/70/354 1475/589/1480 344/61/344
f 354/70/354 344/61/344 358/74/358
f 1484/598/1489 544/284/555 395/109/398
f 1484/598/1489 395/109/398 1485/599/1490
f 395/109/398 397/110/400 1486/600/1491
f 395/109/398 1486/600/1491 1485/599/1490
f 1484/598/1489 1485/599/1490 368/84/368
f 1484/598/1489 368/84/368 1487/601/1492
f 1485/599/1490 1486/600/1491 367/83/367
f 1485/599/1490 367/83/367 368/84/368
f 361/76/361 1488/602/1493 369/85/369
f 361/76/361 369/85/369 363/80/363
f 360/77/360 1489/603/1494 1488/602/1493
f 360/77/360 1488/602/1493 361/76/361
f 363/80/363 362/78/362 359/75/359
f 363/80/363 359/75/359 361/76/361
f 366/81/366 367/83/367 362/78/362
f 366/81/366 362/78/362 364/79/364
f 366/81/366 365/82/365 1487/601/1492
f 366/81/366 1487/601/1492 368/84/368
f 371/87/371 373/88/373 360/77/360
f 371/87/371 360/77/360 359/75/359
f 839/604/852 840/605/853 371/87/371
f 839/604/852 371/87/371 370/86/370
f 360/77/360 373/88/373 1490/606/1495
f 360/77/360 1490/606/1495 1489/603/1494
f 840/605/853 842/607/855 372/89/372
f 840/605/853 372/89/372 371/87/371
f 1491/608/1496 1492/611/1497 1493/610/1498
f 1491/608/1496 1493/610/1498 1494/609/1499
f 1494/609/1499 1495/613/1500 1496/612/1501
f 1494/609/1499 1496/612/1501 1491/608/1496
f 1497/614/1502 1498/615/1503 1491/608/1496
f 1497/614/1502 1491/608/1496 1496/612/1501
f 1497/614/1502 1488/602/1493 1489/603/1494
f 1497/614/1502 1489/603/1494 1499/616/1504
f 1490/606/1495 1500/617/1505 1499/616/1504
f 1490/606/1495 1499/616/1504 1489/603/1494
f 373/88/373 372/89/372 1501/618/1506
f 373/88/373 1501/618/1506 1490/606/1495
f 854/619/867 1502/620/1506 372/89/372
f 854/619/867 372/89/372 842/607/855
f 856/621/869 1503/623/1507 1504/622/1506
f 856/621/869 1504/622/1506 854/619/867
f 1505/624/1508 1506/627/1509 861/626/873
f 1505/624/1508 861/626/873 860/625/872
f 860/625/872 864/629/876 1507/628/1510
f 860/625/872 1507/628/1510 1505/624/1508
f 864/629/876 866/631/878 1508/630/1511
f 864/629/876 1508/630/1511 1507/628/1510
f 866/631/878 868/633/880 1509/632/1512
f 866/631/878 1509/632/1512 1508/630/1511
f 868/633/880 870/635/882 1510/634/1513
f 868/633/880 1510/634/1513 1509/632/1512
f 871/636/883 1511/637/1514 1510/634/1513
f 871/636/883 1510/634/1513 870/635/882
f 1512/638/1515 1513/641/1516 1514/640/1517
f 1512/638/1515 1514/640/1517 1515/639/1518
f 1515/639/1518 1516/642/1519 1511/637/1514
f 1515/639/1518 1511/637/1514 1512/638/1515
f 1516/642/1519 1517/643/1520 1510/634/1513
f 1516/642/1519 1510/634/1513 1511/637/1514
f 1517/643/1520 1518/644/1521 1509/632/1512
f 1517/643/1520 1509/632/1512 1510/634/1513
f 1518/644/1521 1519/645/1522 1508/630/1511
f 1518/644/1521 1508/630/1511 1509/632/1512
f 1519/645/1522 1520/646/1523 1507/628/1510
f 1519/645/1522 1507/628/1510 1508/630/1511
f 1520/646/1523 1521/647/1524 1505/624/1508
f 1520/646/1523 1505/624/1508 1507/628/1510
f 1521/647/1524 1522/648/1525 1506/627/1509
f 1521/647/1524 1506/627/1509 1505/624/1508
f 1522/648/1525 1523/650/1526 1524/649/1527
f 1522/648/1525 1524/649/1527 1506/627/1509
f 1525/651/1528 1526/652/1529 1521/647/1524
f 1525/651/1528 1521/647/1524 1520/646/1523
f 1519/645/1522 1527/653/1530 1525/651/1528
f 1519/645/1522 1525/651/1528 1520/646/1523
f 1518/644/1521 1528/654/1531 1527/653/1530
f 1518/644/1521 1527/653/1530 1519/645/1522
f 1529/655/1532 1530/658/1533 1531/657/1534
f 1529/655/1532 1531/657/1534 1532/656/1535
f 1533/659/1536 1534/660/1537 1532/656/1535
f 1533/659/1536 1532/656/1535 1531/657/1534
f 1515/639/1518 1514/640/1517 1534/660/1537
f 1515/639/1518 1534/660/1537 1533/659/1536
f 1533/659/1536 1535/661/1538 1516/642/1519
f 1533/659/1536 1516/642/1519 1515/639/1518
f 1535/661/1538 1536/662/1539 1517/643/1520
f 1535/661/1538 1517/643/1520 1516/642/1519
f 1536/662/1539 1528/654/1531 1518/644/1521
f 1536/662/1539 1518/644/1521 1517/643/1520
f 1528/654/1531 376/91/376 1537/663/1540
f 1528/654/1531 1537/663/1540 1527/653/1530
f 1538/664/1541 1525/651/1528 1527/653/1530
f 1538/664/1541 1527/653/1530 1537/663/1540
f 1538/664/1541 1539/665/1542 1526/652/1529
f 1538/664/1541 1526/652/1529 1525/651/1528
f 1526/652/1529 1540/666/1543 1522/648/1525
f 1526/652/1529 1522/648/1525 1521/647/1524
f 1528/654/1531 1536/662/1539 1541/667/1544
f 1528/654/1531 1541/667/1544 376/91/376
f 1535/661/1538 1542/668/1545 1541/667/1544
f 1535/661/1538 1541/667/1544 1536/662/1539
f 1539/665/1542 1543/669/1546 1540/666/1543
f 1539/665/1542 1540/666/1543 1526/652/1529
f 1538/664/1541 1544/670/1547 380/96/380
f 1538/664/1541 380/96/380 1539/665/1542
f 1538/664/1541 1537/663/1540 377/93/377
f 1538/664/1541 377/93/377 1544/670/1547
f 1537/663/1540 376/91/376 375/92/375
f 1537/663/1540 375/92/375 377/93/377
f 1541/667/1544 443/162/447 374/90/374
f 1541/667/1544 374/90/374 376/91/376
f 1542/668/1545 1545/671/1548 443/162/447
f 1542/668/1545 443/162/447 1541/667/1544
f 382/97/382 1543/669/1546 1539/665/1542
f 382/97/382 1539/665/1542 380/96/380
f 385/101/385 1546/673/1549 1547/672/1550
f 385/101/385 1547/672/1550 384/100/384
f 1548/674/1551 1549/675/1552 1547/672/1550
f 1548/674/1551 1547/672/1550 1546/673/1549
f 1546/673/1549 1550/677/1553 1551/676/1554
f 1546/673/1549 1551/676/1554 1548/674/1551
f 1552/678/1555 1553/681/1556 1554/680/1557
f 1552/678/1555 1554/680/1557 1555/679/1558
f 1556/682/1559 1557/683/1560 1549/675/1561
f 1556/682/1559 1549/675/1561 1554/680/1562
f 1549/675/1552 1558/685/1563 1559/684/1564
f 1549/675/1552 1559/684/1564 1547/672/1550
f 1559/684/1564 1560/686/1565 384/100/384
f 1559/684/1564 384/100/384 1547/672/1550
f 1560/686/1565 1543/669/1546 382/97/382
f 1560/686/1565 382/97/382 384/100/384
f 1560/686/1565 1561/687/1566 1540/666/1543
f 1560/686/1565 1540/666/1543 1543/669/1546
f 1559/684/1564 1562/688/1567 1561/687/1566
f 1559/684/1564 1561/687/1566 1560/686/1565
f 1558/685/1563 394/108/397 1562/688/1567
f 1558/685/1563 1562/688/1567 1559/684/1564
f 1558/685/1563 1563/689/1568 390/104/393
f 1558/685/1563 390/104/393 394/108/397
f 1558/685/1563 1549/675/1552 1564/690/1569
f 1558/685/1563 1564/690/1569 1563/689/1568
f 1523/650/1526 1565/692/1570 1566/691/1571
f 1523/650/1526 1566/691/1571 1524/649/1527
f 1565/692/1570 393/107/396 1567/693/1572
f 1565/692/1570 1567/693/1572 1566/691/1571
f 393/107/396 390/104/393 392/105/395
f 393/107/396 392/105/395 1567/693/1572
f 1565/692/1570 1562/688/1567 394/108/397
f 1565/692/1570 394/108/397 393/107/396
f 1523/650/1526 1561/687/1566 1562/688/1567
f 1523/650/1526 1562/688/1567 1565/692/1570
f 1522/648/1525 1540/666/1543 1561/687/1566
f 1522/648/1525 1561/687/1566 1523/650/1526
f 1563/689/1568 1568/694/1573 391/106/394
f 1563/689/1568 391/106/394 390/104/393
f 930/695/944 931/696/945 392/105/395
f 930/695/944 392/105/395 391/106/394
f 931/696/945 932/697/946 1567/693/1572
f 931/696/945 1567/693/1572 392/105/395
f 932/697/946 933/698/947 1566/691/1571
f 932/697/946 1566/691/1571 1567/693/1572
f 933/698/947 934/699/948 1524/649/1527
f 933/698/947 1524/649/1527 1566/691/1571
f 934/699/948 861/626/873 1506/627/1509
f 934/699/948 1506/627/1509 1524/649/1527
f 1569/700/1574 1570/703/1575 1571/702/1576
f 1569/700/1574 1571/702/1576 1572/701/1577
f 1572/701/1577 1573/705/1578 1574/704/1579
f 1572/701/1577 1574/704/1579 1569/700/1574
f 1573/705/1578 1575/707/1580 1576/706/1581
f 1573/705/1578 1576/706/1581 1574/704/1579
f 1577/708/1582 1578/709/1583 1575/707/1580
f 1577/708/1582 1575/707/1580 1573/705/1578
f 945/710/959 946/711/960 1578/709/1583
f 945/710/959 1578/709/1583 1577/708/1582
f 1569/700/1574 1574/704/1579 1579/713/1584
f 1569/700/1574 1579/713/1584 1580/712/1585
f 1574/704/1579 1576/706/1581 1581/714/1586
f 1574/704/1579 1581/714/1586 1579/713/1584
f 1576/706/1581 1443/550/1449 1441/548/1447
f 1576/706/1581 1441/548/1447 1581/714/1586
f 1575/707/1580 1445/552/1451 1443/550/1449
f 1575/707/1580 1443/550/1449 1576/706/1581
f 1578/709/1583 1447/554/1453 1445/552/1451
f 1578/709/1583 1445/552/1451 1575/707/1580
f 946/711/960 791/556/804 1447/554/1453
f 946/711/960 1447/554/1453 1578/709/1583
f 1570/703/1575 1307/389/1313 1582/715/1587
f 1570/703/1575 1582/715/1587 1571/702/1576
f 1569/700/1574 1580/712/1585 1303/385/1309
f 1569/700/1574 1303/385/1309 1570/703/1575
f 1299/381/1305 1298/380/1304 1303/385/1309
f 1299/381/1305 1303/385/1309 1580/712/1585
f 1579/713/1584 1583/716/1588 1299/381/1305
f 1579/713/1584 1299/381/1305 1580/712/1585
f 1581/714/1586 1584/717/1589 1583/716/1588
f 1581/714/1586 1583/716/1588 1579/713/1584
f 1441/548/1447 1440/547/1446 1584/717/1589
f 1441/548/1447 1584/717/1589 1581/714/1586
f 1585/718/1590 447/168/451 1586/720/1591
f 1585/718/1590 1586/720/1591 1587/719/1592
f 1588/721/1593 1589/722/1594 1587/719/1592
f 1588/721/1593 1587/719/1592 1586/720/1591
f 1586/720/1591 1590/723/1595 1582/715/1587
f 1586/720/1591 1582/715/1587 1588/721/1593
f 1307/389/1313 1306/388/1312 1588/721/1593
f 1307/389/1313 1588/721/1593 1582/715/1587
f 1570/703/1575 1303/385/1309 1302/384/1308
f 1570/703/1575 1302/384/1308 1307/389/1313
f 1583/716/1588 1293/374/1299 1295/377/1301
f 1583/716/1588 1295/377/1301 1299/381/1305
f 1584/717/1589 1288/370/1294 1293/374/1299
f 1584/717/1589 1293/374/1299 1583/716/1588
f 1440/547/1446 1289/371/1295 1288/370/1294
f 1440/547/1446 1288/370/1294 1584/717/1589
f 1591/724/1596 961/726/975 960/725/974
f 1591/724/1596 960/725/974 1585/718/1590
f 1306/388/1312 1309/390/1315 1589/722/1594
f 1306/388/1312 1589/722/1594 1588/721/1593
f 1589/722/1594 1325/407/1331 1592/727/1597
f 1589/722/1594 1592/727/1597 1587/719/1592
f 1593/728/1598 966/731/980 965/730/979
f 1593/728/1598 965/730/979 1594/729/1599
f 965/730/979 961/726/975 1591/724/1596
f 965/730/979 1591/724/1596 1594/729/1599
f 1592/727/1597 1595/732/1600 1594/729/1599
f 1592/727/1597 1594/729/1599 1591/724/1596
f 1585/718/1590 1587/719/1592 1592/727/1597
f 1585/718/1590 1592/727/1597 1591/724/1596
f 1309/390/1315 1321/403/1327 1325/407/1331
f 1309/390/1315 1325/407/1331 1589/722/1594
f 1325/407/1331 1324/406/1330 1595/732/1600
f 1325/407/1331 1595/732/1600 1592/727/1597
f 1595/732/1600 1596/733/1601 1593/728/1598
f 1595/732/1600 1593/728/1598 1594/729/1599
f 1513/641/1516 1512/638/1515 970/735/984
f 1513/641/1516 970/735/984 969/734/983
f 969/734/983 966/731/980 1593/728/1598
f 969/734/983 1593/728/1598 1513/641/1516
f 1596/733/1601 1514/640/1517 1513/641/1516
f 1596/733/1601 1513/641/1516 1593/728/1598
f 1324/406/1330 1597/736/1602 1596/733/1601
f 1324/406/1330 1596/733/1601 1595/732/1600
f 1323/404/1329 1598/737/1603 1597/736/1602
f 1323/404/1329 1597/736/1602 1324/406/1330
f 1597/736/1602 1534/660/1537 1514/640/1517
f 1597/736/1602 1514/640/1517 1596/733/1601
f 1363/445/1369 1382/464/1388 1599/738/1604
f 1363/445/1369 1599/738/1604 313/28/313
f 313/28/313 1599/738/1604 1600/739/1605
f 313/28/313 1600/739/1605 312/27/312
f 312/27/312 1600/739/1605 1601/741/1606
f 312/27/312 1601/741/1606 1602/740/1607
f 1603/742/1608 1360/443/1366 312/27/312
f 1603/742/1608 312/27/312 1602/740/1607
f 1602/740/1607 1604/744/1609 1605/743/1610
f 1602/740/1607 1605/743/1610 1603/742/1608
f 1606/745/1611 1607/746/1612 1603/742/1608
f 1606/745/1611 1603/742/1608 1605/743/1610
f 1608/747/1613 1609/748/1614 1606/745/1611
f 1608/747/1613 1606/745/1611 1605/743/1610
f 1529/655/1532 1610/749/1615 1609/748/1614
f 1529/655/1532 1609/748/1614 1608/747/1613
f 1532/656/1535 1598/737/1603 1610/749/1615
f 1532/656/1535 1610/749/1615 1529/655/1532
f 1534/660/1537 1597/736/1602 1598/737/1603
f 1534/660/1537 1598/737/1603 1532/656/1535
f 1606/745/1611 1330/412/1336 1611/750/1616
f 1606/745/1611 1611/750/1616 1607/746/1612
f 1607/746/1612 1361/442/1367 1360/443/1366
f 1607/746/1612 1360/443/1366 1603/742/1608
f 1609/748/1614 1328/410/1334 1330/412/1336
f 1609/748/1614 1330/412/1336 1606/745/1611
f 1330/412/1336 1329/411/1335 1612/751/1617
f 1330/412/1336 1612/751/1617 1611/750/1616
f 1613/752/1618 1614/753/1619 1611/750/1616
f 1613/752/1618 1611/750/1616 1612/751/1617
f 1614/753/1619 1361/442/1367 1607/746/1612
f 1614/753/1619 1607/746/1612 1611/750/1616
f 1322/405/1328 1610/749/1615 1598/737/1603
f 1322/405/1328 1598/737/1603 1323/404/1329
f 1328/410/1334 1609/748/1614 1610/749/1615
f 1328/410/1334 1610/749/1615 1322/405/1328
f 1326/408/1332 299/15/299 1612/751/1617
f 1326/408/1332 1612/751/1617 1329/411/1335
f 299/15/299 302/17/302 1613/752/1618
f 299/15/299 1613/752/1618 1612/751/1617
f 1341/423/1347 1345/426/1351 1613/752/1618
f 1341/423/1347 1613/752/1618 302/17/302
f 1345/426/1351 307/21/307 1614/753/1619
f 1345/426/1351 1614/753/1619 1613/752/1618
f 307/21/307 306/22/306 1361/442/1367
f 307/21/307 1361/442/1367 1614/753/1619
f 543/281/554 1405/497/1410 1404/498/1409
f 543/281/554 1404/498/1409 1408/501/1413
f 1408/501/1413 1411/502/1416 1615/754/1620
f 1408/501/1413 1615/754/1620 543/281/554
f 318/34/318 1616/755/398 1615/754/1620
f 318/34/318 1615/754/1620 1411/502/1416
f 542/282/553 1406/499/1411 1405/497/1410
f 542/282/553 1405/497/1410 543/281/554
f 540/278/551 1617/756/1621 1406/499/1411
f 540/278/551 1406/499/1411 542/282/553
f 539/279/550 1618/757/1622 1617/756/1621
f 539/279/550 1617/756/1621 540/278/551
f 1407/500/1412 1619/758/1623 1397/490/1402
f 1407/500/1412 1397/490/1402 1400/492/1405
f 1406/499/1411 1617/756/1621 1620/759/1624
f 1406/499/1411 1620/759/1624 1407/500/1412
f 1617/756/1621 1618/757/1622 1621/760/1625
f 1617/756/1621 1621/760/1625 1620/759/1624
f 401/115/404 1622/761/1626 1621/760/1625
f 401/115/404 1621/760/1625 1618/757/1622
f 1618/757/1622 539/279/550 398/112/401
f 1618/757/1622 398/112/401 401/115/404
f 400/113/403 402/117/405 401/115/404
f 400/113/403 401/115/404 398/112/401
f 399/114/402 1623/763/1627 1624/762/1628
f 399/114/402 1624/762/1628 400/113/403
f 1623/763/1627 1625/765/1629 1626/764/1630
f 1623/763/1627 1626/764/1630 1624/762/1628
f 1625/765/1629 1627/767/1631 1628/766/1632
f 1625/765/1629 1628/766/1632 1626/764/1630
f 1627/767/1631 1494/609/1499 1493/610/1498
f 1627/767/1631 1493/610/1498 1628/766/1632
f 1629/768/1633 1630/770/1634 403/116/406
f 1629/768/1633 403/116/406 1631/769/1635
f 402/117/405 1632/771/1636 1631/769/1635
f 402/117/405 1631/769/1635 403/116/406
f 400/113/403 1624/762/1628 1632/771/1636
f 400/113/403 1632/771/1636 402/117/405
f 403/116/406 1630/770/1634 1622/761/1626
f 403/116/406 1622/761/1626 401/115/404
f 375/92/375 1633/772/1637 1630/770/1634
f 375/92/375 1630/770/1634 1629/768/1633
f 1629/768/1633 407/121/410 377/93/377
f 1629/768/1633 377/93/377 375/92/375
f 1631/769/1635 406/119/409 407/121/410
f 1631/769/1635 407/121/410 1629/768/1633
f 1632/771/1636 1634/773/1638 406/119/409
f 1632/771/1636 406/119/409 1631/769/1635
f 1624/762/1628 1626/764/1630 1634/773/1638
f 1624/762/1628 1634/773/1638 1632/771/1636
f 1628/766/1632 1635/774/1639 1634/773/1638
f 1628/766/1632 1634/773/1638 1626/764/1630
f 1493/610/1498 1636/775/1640 1635/774/1639
f 1493/610/1498 1635/774/1639 1628/766/1632
f 1635/774/1639 404/118/407 406/119/409
f 1635/774/1639 406/119/409 1634/773/1638
f 1499/616/1504 1637/776/1641 1498/615/1503
f 1499/616/1504 1498/615/1503 1497/614/1502
f 1498/615/1503 1638/777/1642 1492/611/1497
f 1498/615/1503 1492/611/1497 1491/608/1496
f 1492/611/1497 1639/778/1643 1636/775/1640
f 1492/611/1497 1636/775/1640 1493/610/1498
f 1636/775/1640 409/123/413 404/118/407
f 1636/775/1640 404/118/407 1635/774/1639
f 1639/778/1643 412/126/417 409/123/413
f 1639/778/1643 409/123/413 1636/775/1640
f 1638/777/1642 1640/779/1644 1639/778/1643
f 1638/777/1642 1639/778/1643 1492/611/1497
f 1637/776/1641 1641/780/1645 1638/777/1642
f 1637/776/1641 1638/777/1642 1498/615/1503
f 1500/617/1505 1642/781/1646 1637/776/1641
f 1500/617/1505 1637/776/1641 1499/616/1504
f 1490/606/1495 1643/782/1647 1503/623/1507
f 1490/606/1495 1503/623/1507 1500/617/1505
f 1503/623/1507 1644/783/1648 1642/781/1646
f 1503/623/1507 1642/781/1646 1500/617/1505
f 1642/781/1646 1645/784/1649 1641/780/1645
f 1642/781/1646 1641/780/1645 1637/776/1641
f 1641/780/1645 1646/785/1650 1640/779/1644
f 1641/780/1645 1640/779/1644 1638/777/1642
f 1640/779/1644 1550/677/1553 412/126/417
f 1640/779/1644 412/126/417 1639/778/1643
f 412/126/417 1550/677/1553 1546/673/1549
f 412/126/417 1546/673/1549 385/101/385
f 1646/785/1650 1647/786/1651 1550/677/1553
f 1646/785/1650 1550/677/1553 1640/779/1644
f 1645/784/1649 1648/787/1652 1646/785/1650
f 1645/784/1649 1646/785/1650 1641/780/1645
f 1644/783/1648 1649/788/1653 1645/784/1649
f 1644/783/1648 1645/784/1649 1642/781/1646
f 856/621/869 1024/789/1037 1644/783/1648
f 856/621/869 1644/783/1648 1503/623/1507
f 1648/787/1652 1552/678/1654 1650/790/1651
f 1648/787/1652 1650/790/1651 1646/785/1650
f 1649/788/1653 1651/791/1655 1648/787/1652
f 1649/788/1653 1648/787/1652 1645/784/1649
f 1024/789/1037 1027/792/1040 1649/788/1653
f 1024/789/1037 1649/788/1653 1644/783/1648
f 1651/791/1655 1652/793/1656 1552/678/1654
f 1651/791/1655 1552/678/1654 1648/787/1652
f 1027/792/1040 1029/794/1042 1651/791/1655
f 1027/792/1040 1651/791/1655 1649/788/1653
f 1029/794/1042 1030/795/1043 1652/793/1656
f 1029/794/1042 1652/793/1656 1651/791/1655
f 1652/793/1656 1653/797/1657 1654/796/1658
f 1652/793/1656 1654/796/1658 1552/678/1654
f 1653/797/1657 1655/800/1659 1656/799/1660
f 1653/797/1657 1656/799/1660 1657/798/1661
f 1036/801/1048 1655/800/1659 1653/797/1657
f 1036/801/1048 1653/797/1657 1037/802/1049
f 1652/793/1656 1030/795/1043 1037/802/1049
f 1652/793/1656 1037/802/1049 1653/797/1657
f 930/695/944 391/106/394 1568/694/1573
f 930/695/944 1568/694/1573 1038/803/1050
f 1568/694/1573 1563/689/1568 1658/804/1662
f 1568/694/1573 1658/804/1662 1655/800/1659
f 415/128/419 426/144/430 423/141/427
f 415/128/419 423/141/427 420/135/424
f 416/129/420 430/146/434 426/144/430
f 416/129/420 426/144/430 415/128/419
f 417/131/421 428/145/432 430/146/434
f 417/131/421 430/146/434 416/129/420
f 418/132/422 432/149/436 428/145/432
f 418/132/422 428/145/432 417/131/421
f 419/133/423 421/136/425 432/149/436
f 419/133/423 432/149/436 418/132/422
f 420/135/424 423/141/427 1040/805/1052
f 420/135/424 1040/805/1052 141/138/144
f 423/141/427 422/139/426 1041/806/1053
f 423/141/427 1041/806/1053 1040/805/1052
f 423/141/427 426/144/430 425/142/429
f 423/141/427 425/142/429 424/140/428
f 430/146/434 429/147/433 427/143/431
f 430/146/434 427/143/431 426/144/430
f 432/149/436 421/136/425 434/151/438
f 432/149/436 434/151/438 433/150/437
f 421/136/425 140/137/143 436/153/440
f 421/136/425 436/153/440 435/152/439
f 437/155/441 1659/809/1663 1660/808/1664
f 437/155/441 1660/808/1664 1661/807/1665
f 1662/810/1666 438/157/442 437/155/441
f 1662/810/1666 437/155/441 1661/807/1665
f 439/156/443 1663/811/1667 1659/809/1663
f 439/156/443 1659/809/1663 437/155/441
f 1664/812/1668 504/242/1669 1665/814/1670
f 1664/812/1668 1665/814/1670 1666/813/1671
f 1667/815/1672 438/157/442 1662/810/1666
f 1667/815/1672 1662/810/1666 1668/816/1673
f 1669/817/1674 1670/818/1675 438/157/442
f 1669/817/1674 438/157/442 1667/815/1672
f 1670/818/1675 1671/819/1676 439/156/443
f 1670/818/1675 439/156/443 438/157/442
f 1671/819/1676 1672/820/1677 1663/811/1667
f 1671/819/1676 1663/811/1667 439/156/443
f 442/159/446 441/160/445 1673/822/1678
f 442/159/446 1673/822/1678 1674/821/1679
f 1675/823/1680 1676/824/1681 441/160/445
f 1675/823/1680 441/160/445 440/158/444
f 1675/823/1680 1677/826/1682 1678/825/1683
f 1675/823/1680 1678/825/1683 1676/824/1681
f 1678/825/1683 1679/828/1684 1680/827/1349
f 1678/825/1683 1680/827/1349 1676/824/1681
f 1678/825/1683 1681/830/1685 1682/829/305
f 1678/825/1683 1682/829/305 1679/828/1684
f 1681/830/1685 1663/811/1667 1672/820/1677
f 1681/830/1685 1672/820/1677 1682/829/305
f 1683/831/1686 1659/809/1663 1663/811/1667
f 1683/831/1686 1663/811/1667 1681/830/1685
f 1683/831/1686 1684/832/1687 1660/808/1664
f 1683/831/1686 1660/808/1664 1659/809/1663
f 1677/826/1682 1685/833/1688 1684/832/1687
f 1677/826/1682 1684/832/1687 1683/831/1686
f 1681/830/1685 1678/825/1683 1677/826/1682
f 1681/830/1685 1677/826/1682 1683/831/1686
f 441/160/445 1676/824/1681 1680/827/1349
f 441/160/445 1680/827/1349 1673/822/1678
f 1686/834/1689 1687/835/1690 1675/823/1680
f 1686/834/1689 1675/823/1680 440/158/444
f 1688/836/1691 442/159/446 1674/821/1679
f 1688/836/1691 1674/821/1679 1689/837/1692
f 1690/838/1693 440/158/444 442/159/446
f 1690/838/1693 442/159/446 1688/836/1691
f 1691/839/1694 1686/834/1689 440/158/444
f 1691/839/1694 440/158/444 1690/838/1693
f 1393/487/1398 1392/485/1397 1398/491/1403
f 1393/487/1398 1398/491/1403 1692/840/1695
f 1693/841/1696 1694/842/1697 1692/840/1695
f 1693/841/1696 1692/840/1695 1398/491/1403
f 1398/491/1403 1397/490/1402 1619/758/1623
f 1398/491/1403 1619/758/1623 1693/841/1696
f 1695/843/1698 1696/844/1699 1693/841/1696
f 1695/843/1698 1693/841/1696 1619/758/1623
f 1697/845/1700 1698/846/1701 1696/844/1699
f 1697/845/1700 1696/844/1699 1695/843/1698
f 1699/847/1702 1700/848/1703 1698/846/1701
f 1699/847/1702 1698/846/1701 1697/845/1700
f 1633/772/1637 444/161/448 1700/848/1703
f 1633/772/1637 1700/848/1703 1699/847/1702
f 1620/759/1624 1695/843/1698 1619/758/1623
f 1620/759/1624 1619/758/1623 1407/500/1412
f 1621/760/1625 1697/845/1700 1695/843/1698
f 1621/760/1625 1695/843/1698 1620/759/1624
f 1622/761/1626 1699/847/1702 1697/845/1700
f 1622/761/1626 1697/845/1700 1621/760/1625
f 1630/770/1634 1633/772/1637 1699/847/1702
f 1630/770/1634 1699/847/1702 1622/761/1626
f 374/90/374 444/161/448 1633/772/1637
f 374/90/374 1633/772/1637 375/92/375
f 443/162/447 1701/849/1704 1700/848/1703
f 443/162/447 1700/848/1703 444/161/448
f 1701/849/1704 1702/850/1705 1698/846/1701
f 1701/849/1704 1698/846/1701 1700/848/1703
f 1702/850/1705 1703/851/1706 1696/844/1699
f 1702/850/1705 1696/844/1699 1698/846/1701
f 1703/851/1706 1694/842/1697 1693/841/1696
f 1703/851/1706 1693/841/1696 1696/844/1699
f 1694/842/1697 1600/739/1605 1599/738/1604
f 1694/842/1697 1599/738/1604 1692/840/1695
f 1692/840/1695 1599/738/1604 1382/464/1388
f 1692/840/1695 1382/464/1388 1393/487/1398
f 1393/487/1398 1382/464/1388 1381/463/1387
f 1393/487/1398 1381/463/1387 1384/466/1390
f 1702/850/1705 1704/852/1707 1601/741/1606
f 1702/850/1705 1601/741/1606 1703/851/1706
f 1701/849/1704 1705/853/1708 1704/852/1707
f 1701/849/1704 1704/852/1707 1702/850/1705
f 1545/671/1548 1705/853/1708 1701/849/1704
f 1545/671/1548 1701/849/1704 443/162/447
f 1703/851/1706 1601/741/1606 1600/739/1605
f 1703/851/1706 1600/739/1605 1694/842/1697
f 1608/747/1613 1706/854/1709 1530/658/1533
f 1608/747/1613 1530/658/1533 1529/655/1532
f 1605/743/1610 1604/744/1609 1706/854/1709
f 1605/743/1610 1706/854/1709 1608/747/1613
f 539/279/550 1707/855/1710 399/114/402
f 539/279/550 399/114/402 398/112/401
f 446/164/450 545/283/556 544/284/555
f 446/164/450 544/284/555 445/163/449
f 1484/598/1489 1708/856/1711 445/163/449
f 1484/598/1489 445/163/449 544/284/555
f 1487/601/1492 1709/857/1712 1708/856/1711
f 1487/601/1492 1708/856/1711 1484/598/1489
f 365/82/365 1710/858/1713 1709/857/1712
f 365/82/365 1709/857/1712 1487/601/1492
f 364/79/364 1495/613/1500 1710/858/1713
f 364/79/364 1710/858/1713 365/82/365
f 369/85/369 1496/612/1501 1495/613/1500
f 369/85/369 1495/613/1500 364/79/364
f 1497/614/1502 1496/612/1501 369/85/369
f 1497/614/1502 369/85/369 1488/602/1493
f 1623/763/1627 399/114/402 445/163/449
f 1623/763/1627 445/163/449 1708/856/1711
f 1627/767/1631 1710/858/1713 1495/613/1500
f 1627/767/1631 1495/613/1500 1494/609/1499
f 1625/765/1629 1709/857/1712 1710/858/1713
f 1625/765/1629 1710/858/1713 1627/767/1631
f 1625/765/1629 1623/763/1627 1708/856/1711
f 1625/765/1629 1708/856/1711 1709/857/1712
f 304/18/304 303/19/303 1352/434/1358
f 304/18/304 1352/434/1358 1346/428/1352
f 805/570/818 1457/571/1463 1711/859/1714
f 805/570/818 1711/859/1714 169/166/169
f 169/166/169 1711/859/1714 1712/861/1715
f 169/166/169 1712/861/1715 559/325/570
f 1712/861/1715 1713/864/1716 560/326/571
f 1712/861/1715 560/326/571 559/325/570
f 1714/860/1717 1715/862/1718 1712/861/1715
f 1714/860/1717 1712/861/1715 1711/859/1714
f 1716/863/1719 1713/864/1716 1712/861/1715
f 1716/863/1719 1712/861/1715 1715/862/1718
f 1715/862/1718 1717/866/1720 1718/865/1721
f 1715/862/1718 1718/865/1721 1716/863/1719
f 1718/865/1721 1719/868/1722 1720/867/1723
f 1718/865/1721 1720/867/1723 1716/863/1719
f 1721/871/1724 1722/1029/1725 1104/869/1113
f 1721/871/1724 1104/869/1113 560/326/1116
f 1714/860/1717 1723/873/1726 1724/872/1727
f 1714/860/1717 1724/872/1727 1715/862/1718
f 1721/871/1728 1716/863/1719 1720/867/1723
f 1721/871/1728 1720/867/1723 1725/1030/1725
f 1590/723/1595 1586/720/1591 447/168/451
f 1590/723/1595 447/168/451 1726/874/1729
f 448/169/452 1727/875/1730 1726/874/1729
f 448/169/452 1726/874/1729 447/168/451
f 1727/875/1730 1728/877/1731 1729/876/1732
f 1727/875/1730 1729/876/1732 1726/874/1729
f 1730/878/1733 1731/880/1734 1729/876/1732
f 1730/878/1733 1729/876/1732 1114/879/1124
f 1729/876/1732 1728/877/1731 1116/881/1126
f 1729/876/1732 1116/881/1126 1114/879/1124
f 945/710/959 1577/708/1582 1732/882/1735
f 945/710/959 1732/882/1735 1114/879/1127
f 1731/880/1734 1590/723/1595 1726/874/1729
f 1731/880/1734 1726/874/1729 1729/876/1732
f 1571/702/1576 1582/715/1587 1590/723/1595
f 1571/702/1576 1590/723/1595 1731/880/1734
f 1585/718/1590 960/725/974 173/170/173
f 1585/718/1590 173/170/173 447/168/451
f 1573/705/1578 1572/701/1577 1733/883/1736
f 1573/705/1578 1733/883/1736 1577/708/1582
f 1734/1031/1737 1735/1032/1738 1736/1033/1739
f 1734/1031/1737 1736/1033/1739 176/173/1131
f 179/176/1740 1737/1034/1741 1738/1035/1742
f 179/176/1740 1738/1035/1742 1734/1031/1743
f 476/213/482 1739/889/1744 1123/888/1136
f 476/213/482 1123/888/1136 215/212/215
f 476/213/482 1740/890/1745 477/214/483
f 476/213/482 477/214/483 1739/889/1744
f 1741/891/1746 1742/892/1747 1739/889/1744
f 1741/891/1746 1739/889/1744 477/214/483
f 479/215/485 1743/894/1748 1744/893/462
f 479/215/485 1744/893/462 477/214/483
f 456/180/462 455/178/461 1745/896/1749
f 456/180/462 1745/896/1749 1746/895/1750
f 1747/1036/1751 458/181/1752 1748/898/1753
f 1747/1036/1751 1748/898/1753 1749/1037/1754
f 1750/1038/465 462/182/1755 464/186/470
f 1750/1038/465 464/186/470 458/181/1756
f 1751/899/1757 466/189/472 1742/892/1747
f 1751/899/1757 1742/892/1747 1752/900/1758
f 1742/892/1747 1136/901/1147 1123/888/1136
f 1742/892/1747 1123/888/1136 1739/889/1744
f 466/189/472 190/187/190 1136/901/1147
f 466/189/472 1136/901/1147 1742/892/1747
f 1753/902/1759 458/181/1756 467/190/473
f 1753/902/1759 467/190/473 466/189/472
f 458/181/1756 464/186/470 463/184/469
f 458/181/1756 463/184/469 467/190/473
f 465/185/471 1139/904/1150 1138/903/1149
f 465/185/471 1138/903/1149 463/184/469
f 463/184/469 1138/903/1149 194/191/194
f 463/184/469 194/191/194 467/190/473
f 1754/905/1760 1755/908/1761 1756/907/1762
f 1754/905/1760 1756/907/1762 1757/906/1763
f 1755/908/1761 1754/905/1760 1279/361/1287
f 1755/908/1761 1279/361/1287 1758/909/1764
f 1754/905/1760 468/192/474 1280/360/1288
f 1754/905/1760 1280/360/1288 1279/361/1287
f 1759/910/1765 468/192/474 196/193/196
f 1759/910/1765 196/193/196 1146/911/1156
f 1760/912/1766 1148/913/1158 197/194/197
f 1760/912/1766 197/194/197 468/192/474
f 469/196/475 200/197/200 1148/913/1158
f 469/196/475 1148/913/1158 1760/912/1766
f 1757/906/1763 1761/914/1767 468/192/474
f 1757/906/1763 468/192/474 1754/905/1760
f 1761/914/1767 1762/915/1768 1760/912/1766
f 1761/914/1767 1760/912/1766 468/192/474
f 1762/915/1768 1763/916/1769 469/196/475
f 1762/915/1768 469/196/475 1760/912/1766
f 1763/916/1769 1764/917/1770 470/198/476
f 1763/916/1769 470/198/476 469/196/475
f 472/203/478 471/200/477 474/206/480
f 472/203/478 474/206/480 473/204/479
f 1764/917/1770 1763/916/1769 1154/919/1164
f 1764/917/1770 1154/919/1164 1153/918/1163
f 1763/916/1769 1762/915/1768 1155/920/1165
f 1763/916/1769 1155/920/1165 1154/919/1164
f 1761/914/1767 1156/921/1166 1155/920/1165
f 1761/914/1767 1155/920/1165 1762/915/1768
f 1761/914/1767 1757/906/1763 1157/922/1167
f 1761/914/1767 1157/922/1167 1156/921/1166
f 1757/906/1763 1756/907/1762 1158/923/1168
f 1757/906/1763 1158/923/1168 1157/922/1167
f 210/207/210 1765/926/1771 1466/581/1471
f 210/207/210 1466/581/1471 475/209/481
f 1766/1039/1772 1767/1040/1773 1164/929/1174
f 1766/1039/1772 1164/929/1174 1159/924/1169
f 1164/929/1174 1767/1040/1773 1765/926/1771
f 1164/929/1174 1765/926/1771 210/207/210
f 1768/930/1774 1467/580/1472 1466/581/1471
f 1768/930/1774 1466/581/1471 1765/926/1771
f 1769/931/1775 1770/933/1776 1771/932/1777
f 1769/931/1775 1771/932/1777 1768/930/1774
f 1771/932/1777 1772/934/1778 1467/580/1472
f 1771/932/1777 1467/580/1472 1768/930/1774
f 1464/578/1470 1462/576/1468 1467/580/1472
f 1464/578/1470 1467/580/1472 1772/934/1778
f 54/54/54 213/210/213 475/209/481
f 54/54/54 475/209/481 337/51/337
f 1769/931/1775 1773/936/1779 1774/935/1780
f 1769/931/1775 1774/935/1780 1770/933/1776
f 1756/907/1762 1766/1039/1772 1775/1041/1781
f 1756/907/1762 1775/1041/1781 1158/923/1168
f 1774/935/1780 1773/936/1779 1755/908/1761
f 1774/935/1780 1755/908/1761 1776/937/1764
f 1719/868/1722 1718/865/1721 1770/933/1776
f 1719/868/1722 1770/933/1776 1774/935/1780
f 1718/865/1721 1777/938/1782 1771/932/1777
f 1718/865/1721 1771/932/1777 1770/933/1776
f 1778/939/1783 1723/873/1726 1772/934/1778
f 1778/939/1783 1772/934/1778 1771/932/1777
f 1723/873/1726 1459/573/1465 1464/578/1470
f 1723/873/1726 1464/578/1470 1772/934/1778
f 1714/860/1717 1458/572/1464 1459/573/1465
f 1714/860/1717 1459/573/1465 1723/873/1726
f 1714/860/1717 1711/859/1714 1457/571/1463
f 1714/860/1717 1457/571/1463 1458/572/1464
f 214/211/214 489/227/496 1740/890/1745
f 214/211/214 1740/890/1745 476/213/482
f 493/225/500 483/224/489 1740/890/1745
f 493/225/500 1740/890/1745 489/227/496
f 483/224/489 478/216/484 477/214/483
f 483/224/489 477/214/483 1740/890/1745
f 221/218/221 481/302/1184 1779/940/1784
f 221/218/221 1779/940/1784 479/215/485
f 482/303/1785 449/293/1786 1780/942/1787
f 482/303/1785 1780/942/1787 1781/941/486
f 483/224/489 225/222/225 220/217/220
f 483/224/489 220/217/220 478/216/484
f 1782/1042/1788 494/310/501 493/225/500
f 1782/1042/1788 493/225/500 561/327/572
f 497/237/506 496/235/505 1783/944/1789
f 497/237/506 1783/944/1789 1784/943/1790
f 1785/945/530 1784/943/1791 1786/947/1792
f 1785/945/530 1786/947/1792 1787/946/1793
f 1788/948/1794 1789/951/1795 1790/950/1796
f 1788/948/1794 1790/950/1796 1791/949/1797
f 512/250/522 1784/943/1791 1785/945/530
f 512/250/522 1785/945/530 510/249/520
f 1792/952/1798 1793/955/1799 1794/954/1668
f 1792/952/1798 1794/954/1668 1795/953/1671
f 1796/956/1668 1789/951/1800 1797/957/1801
f 1796/956/1668 1797/957/1801 506/245/515
f 1798/958/1794 509/247/539 1797/957/1801
f 1798/958/1794 1797/957/1801 1789/951/1800
f 1799/959/1794 1800/961/1792 1801/960/1802
f 1799/959/1794 1801/960/1802 508/248/1803
f 1800/961/1792 1784/943/1790 1783/944/1789
f 1800/961/1792 1783/944/1789 1801/960/1802
f 1792/952/1798 1802/963/1804 1803/962/1805
f 1792/952/1798 1803/962/1805 1793/955/1799
f 1661/807/1665 1660/808/1664 1802/963/1804
f 1661/807/1665 1802/963/1804 1792/952/1798
f 1804/964/1806 1805/966/1807 1806/965/508
f 1804/964/1806 1806/965/508 1791/949/1808
f 1793/955/1799 1803/962/1805 1807/968/1809
f 1793/955/1799 1807/968/1809 1808/967/1810
f 1809/969/1811 1810/972/1812 1811/971/1813
f 1809/969/1811 1811/971/1813 1812/970/1814
f 1813/973/1815 1814/974/1816 513/252/523
f 1813/973/1815 513/252/523 532/271/1817
f 1687/835/1690 1686/834/1689 517/257/527
f 1687/835/1690 517/257/527 516/255/526
f 1815/975/1818 1677/826/1682 1675/823/1680
f 1815/975/1818 1675/823/1680 1687/835/1690
f 1816/976/1819 1817/978/1820 1818/977/1821
f 1816/976/1819 1818/977/1821 1684/832/1687
f 1802/963/1804 1660/808/1664 1684/832/1687
f 1802/963/1804 1684/832/1687 1818/977/1821
f 1818/977/1821 1819/979/1822 1803/962/1805
f 1818/977/1821 1803/962/1805 1802/963/1804
f 1820/980/1823 1821/981/1824 1811/971/1813
f 1820/980/1823 1811/971/1813 1810/972/1812
f 1810/972/1812 525/264/535 524/262/534
f 1810/972/1812 524/262/534 1820/980/1823
f 524/262/534 523/263/533 1822/982/1825
f 524/262/534 1822/982/1825 1820/980/1823
f 1822/982/1825 1823/983/1826 1821/981/1824
f 1822/982/1825 1821/981/1824 1820/980/1823
f 1687/835/1827 1824/986/1828 1825/985/1829
f 1687/835/1827 1825/985/1829 1826/984/1818
f 1814/974/1816 1813/973/1815 1827/988/1830
f 1814/974/1816 1827/988/1830 1828/987/1831
f 1809/969/1811 527/266/537 525/264/535
f 1809/969/1811 525/264/535 1810/972/1812
f 1829/989/1832 1830/991/1833 1831/990/1834
f 1829/989/1832 1831/990/1834 1803/962/1805
f 1832/992/1835 1833/994/1836 1834/993/1837
f 1832/992/1835 1834/993/1837 1804/964/1838
f 515/253/525 514/254/524 1835/995/1839
f 515/253/525 1835/995/1839 530/269/540
f 518/256/528 1836/996/1840 1835/995/1839
f 518/256/528 1835/995/1839 514/254/524
f 517/257/527 1837/997/1841 1836/996/1840
f 517/257/527 1836/996/1840 518/256/528
f 1686/834/1689 1691/839/1694 1837/997/1841
f 1686/834/1689 1837/997/1841 517/257/527
f 1572/701/1577 1571/702/1576 1731/880/1734
f 1572/701/1577 1731/880/1734 1838/998/1736
f 1315/396/1321 1314/397/1320 1294/376/1300
f 1315/396/1321 1294/376/1300 1292/375/1298
f 1312/392/1318 1313/395/1319 535/273/546
f 1312/392/1318 535/273/546 534/274/545
f 1036/801/1048 1038/803/1050 1568/694/1573
f 1036/801/1048 1568/694/1573 1655/800/1659
f 1315/396/1321 1292/375/1298 537/276/548
f 1315/396/1321 537/276/548 295/10/295
f 330/45/330 1290/372/1296 332/46/332
f 330/45/330 332/46/332 334/47/334
f 1438/540/1444 333/48/333 799/564/812
f 1438/540/1444 799/564/812 777/542/790
f 1438/540/1444 1433/535/1439 329/43/329
f 1438/540/1444 329/43/329 331/44/331
f 334/47/334 333/48/333 1438/540/1444
f 334/47/334 1438/540/1444 331/44/331
f 335/49/335 1453/563/1459 333/48/333
f 335/49/335 333/48/333 332/46/332
f 1704/852/1707 1604/744/1609 1602/740/1607
f 1704/852/1707 1602/740/1607 1601/741/1606
f 1705/853/1708 1706/854/1709 1604/744/1609
f 1705/853/1708 1604/744/1609 1704/852/1707
f 1530/658/1533 1706/854/1709 1705/853/1708
f 1530/658/1533 1705/853/1708 1545/671/1548
f 1531/657/1534 1530/658/1533 1545/671/1548
f 1531/657/1534 1545/671/1548 1542/668/1545
f 1533/659/1536 1531/657/1534 1542/668/1545
f 1533/659/1536 1542/668/1545 1535/661/1538
f 970/735/984 1512/638/1515 1511/637/1514
f 970/735/984 1511/637/1514 871/636/883
f 1764/917/1770 474/206/480 471/200/477
f 1764/917/1770 471/200/477 470/198/476
f 474/206/480 1764/917/1770 1153/918/1163
f 474/206/480 1153/918/1163 208/205/208
f 541/280/552 538/277/549 540/278/551
f 541/280/552 540/278/551 542/282/553
f 315/31/315 706/472/718 715/481/727
f 315/31/315 715/481/727 316/30/316
f 1839/999/1668 1793/955/1842 1840/1000/1843
f 1839/999/1668 1840/1000/1843 1789/951/1795
f 1792/952/1798 1795/953/1671 1662/810/1666
f 1792/952/1798 1662/810/1666 1661/807/1665
f 1662/810/1666 1666/813/1671 1665/814/1670
f 1662/810/1666 1665/814/1670 1668/816/1673
f 1841/1001/1794 1791/949/1844 1842/1002/1845
f 1841/1001/1794 1842/1002/1845 1786/947/1792
f 1830/991/1833 1828/987/1831 1827/988/1830
f 1830/991/1833 1827/988/1830 1832/992/1835
f 1830/991/1833 1832/992/1835 1804/964/1838
f 1830/991/1833 1804/964/1838 1843/1003/1834
f 1844/1004/1810 1845/1005/1846 1804/964/1806
f 1844/1004/1810 1804/964/1806 1791/949/1808
f 1813/973/1815 532/271/1817 1812/970/1814
f 1813/973/1815 1812/970/1814 1811/971/1813
f 1821/981/1824 1827/988/1830 1813/973/1815
f 1821/981/1824 1813/973/1815 1811/971/1813
f 1823/983/1826 1832/992/1835 1827/988/1830
f 1823/983/1826 1827/988/1830 1821/981/1824
f 1846/1006/1847 518/256/528 514/254/524
f 1846/1006/1847 514/254/524 1847/1007/1848
f 1829/989/1832 1818/977/1821 1817/978/1820
f 1829/989/1832 1817/978/1820 1848/1008/1849
f 1824/986/1828 1847/1007/1848 1849/1009/1850
f 1824/986/1828 1849/1009/1850 1825/985/1829
f 1830/991/1833 1829/989/1832 1848/1008/1849
f 1830/991/1833 1848/1008/1849 1828/987/1831
f 1847/1007/1848 1814/974/1816 1828/987/1831
f 1847/1007/1848 1828/987/1831 1849/1009/1850
f 514/254/524 513/252/523 1814/974/1816
f 514/254/524 1814/974/1816 1847/1007/1848
f 1264/338/1269 1278/357/1285 1850/1011/1851
f 1264/338/1269 1850/1011/1851 1851/1010/1278
f 1852/1043/1852 1853/1044/1853 569/335/580
f 1852/1043/1852 569/335/580 1260/336/1266
f 1854/1045/1291 1855/1046/1854 1856/1047/1280
f 1854/1045/1291 1856/1047/1280 1272/352/1855
f 1276/354/1283 589/355/600 4/4/1257
f 1276/354/1283 4/4/1257 1857/1015/1856
f 1275/353/1282 1276/354/1283 1858/1016/1857
f 1275/353/1282 1858/1016/1857 1851/1010/1278
f 1858/1016/1857 1276/354/1283 1857/1015/1856
f 1858/1016/1857 1857/1015/1856 1859/1048/1291
f 1860/1018/1858 1719/868/1722 1774/935/1780
f 1860/1018/1858 1774/935/1780 1776/937/1764
f 1758/909/1764 1279/361/1287 1861/1020/1859
f 1758/909/1764 1861/1020/1859 1862/1019/1860
f 1099/864/1108 1096/861/1105 168/165/168
f 1099/864/1108 168/165/168 560/326/571
f 1096/861/1105 1094/859/1103 169/166/169
f 1096/861/1105 169/166/169 168/165/168
f 1755/908/1761 1773/936/1779 1766/1039/1772
f 1755/908/1761 1766/1039/1772 1756/907/1762
f 1773/936/1779 1769/931/1775 1767/1040/1773
f 1773/936/1779 1767/1040/1773 1766/1039/1772
f 1768/930/1774 1765/926/1771 1767/1040/1773
f 1768/930/1774 1767/1040/1773 1769/931/1775
f 1165/930/1175 1166/931/1176 1163/928/1173
f 1165/930/1175 1163/928/1173 1161/926/1171
f 1171/936/1181 1160/925/1170 1163/928/1173
f 1171/936/1181 1163/928/1173 1166/931/1176
f 1143/908/1154 1142/907/1153 1160/925/1170
f 1143/908/1154 1160/925/1170 1171/936/1181
f 1264/338/1269 1852/1043/1852 1260/336/1266
f 1264/338/1269 1260/336/1266 1258/332/1264
f 1274/350/1281 1852/1043/1852 1264/338/1269
f 1274/350/1281 1264/338/1269 1271/349/1278
f 575/341/585 570/336/581 569/335/580
f 575/341/585 569/335/580 1853/1044/1853
f 1852/1043/1852 1265/342/1270 577/343/1273
f 1852/1043/1852 577/343/1273 1853/1044/1853
f 575/341/585 1853/1044/1853 577/343/1273
f 575/341/585 577/343/1273 584/350/595
f 169/166/169 559/325/570 558/324/569
f 169/166/169 558/324/569 563/329/574
f 1863/1049/1861 229/226/229 228/225/228
f 1863/1049/1861 228/225/228 237/234/239
f 234/231/235 235/232/237 1864/1050/1862
f 234/231/235 1864/1050/1862 1865/1051/1863
f 1260/336/1266 569/335/580 568/334/579
f 1260/336/1266 568/334/579 1261/1021/1267
f 570/336/581 566/332/577 565/331/576
f 570/336/581 565/331/576 571/337/582
f 1102/867/1111 1098/863/1107 1106/871/1864
f 1102/867/1111 1106/871/1864 1866/1052/1865
