# Blender 5.1.2
# www.blender.org
o Sphere
v 0.000000 1.000000 0.000000
v 0.000000 0.980785 -0.195090
v 0.000000 0.956940 -0.290285
v 0.000000 0.803208 -0.595699
v 0.000000 0.740951 -0.671559
v 0.000000 0.707107 -0.707107
v 0.000000 0.671559 -0.740951
v 0.000000 0.595699 -0.803208
v 0.000000 0.555570 -0.831470
v 0.000000 0.514103 -0.857729
v 0.000000 0.471397 -0.881921
v 0.000000 0.427555 -0.903989
v 0.000000 0.382683 -0.923880
v 0.000000 0.336890 -0.941544
v 0.000000 0.290285 -0.956940
v 0.000000 0.242980 -0.970031
v 0.000000 0.146730 -0.989177
v 0.000000 0.098017 -0.995185
v 0.000000 0.049068 -0.998795
v 0.000000 0.000000 -1.000000
v 0.000000 -0.098017 -0.995185
v 0.000000 -0.146730 -0.989177
v 0.000000 -0.242980 -0.970031
v 0.000000 -0.290285 -0.956940
v 0.000000 -0.382683 -0.923880
v 0.000000 -0.427555 -0.903989
v 0.000000 -0.471397 -0.881921
v 0.000000 -0.514103 -0.857729
v 0.000000 -0.555570 -0.831470
v 0.000000 -0.595699 -0.803208
v 0.000000 -0.671559 -0.740951
v 0.000000 -0.707107 -0.707107
v 0.000000 -0.740951 -0.671559
v 0.000000 -0.773010 -0.634393
v 0.000000 -0.803208 -0.595699
v 0.000000 -0.857729 -0.514103
v 0.000000 -0.881921 -0.471397
v 0.000000 -0.903989 -0.427555
v 0.000000 -0.923880 -0.382683
v 0.000000 -0.941544 -0.336890
v 0.000000 -0.956940 -0.290285
v 0.000000 -0.980785 -0.195090
v 0.000000 -1.000000 0.000000
v 0.004809 0.998795 -0.048831
v 0.009607 0.995185 -0.097545
v 0.014382 0.989177 -0.146024
v 0.019122 0.980785 -0.194151
v 0.023816 0.970031 -0.241810
v 0.028453 0.956940 -0.288887
v 0.033021 0.941544 -0.335268
v 0.037510 0.923880 -0.380841
v 0.041908 0.903989 -0.425496
v 0.046205 0.881921 -0.469127
v 0.050391 0.857729 -0.511627
v 0.054455 0.831470 -0.552895
v 0.058389 0.803208 -0.592831
v 0.062181 0.773010 -0.631339
v 0.065824 0.740951 -0.668325
v 0.069309 0.707107 -0.703702
v 0.072626 0.671559 -0.737383
v 0.075768 0.634393 -0.769288
v 0.078728 0.595699 -0.799340
v 0.081498 0.555570 -0.827466
v 0.084072 0.514103 -0.853598
v 0.086443 0.471397 -0.877675
v 0.088606 0.427555 -0.899636
v 0.090556 0.382683 -0.919431
v 0.092287 0.336890 -0.937010
v 0.093797 0.290285 -0.952332
v 0.095080 0.242980 -0.965360
v 0.096134 0.195090 -0.976062
v 0.096956 0.146730 -0.984413
v 0.097545 0.098017 -0.990393
v 0.097899 0.049068 -0.993986
v 0.098017 0.000000 -0.995185
v 0.097899 -0.049068 -0.993986
v 0.097545 -0.098017 -0.990393
v 0.096956 -0.146730 -0.984413
v 0.096134 -0.195090 -0.976062
v 0.095080 -0.242980 -0.965360
v 0.093797 -0.290285 -0.952332
v 0.092287 -0.336890 -0.937010
v 0.090556 -0.382683 -0.919431
v 0.088606 -0.427555 -0.899636
v 0.086443 -0.471397 -0.877675
v 0.084072 -0.514103 -0.853598
v 0.081498 -0.555570 -0.827466
v 0.078728 -0.595699 -0.799340
v 0.075768 -0.634393 -0.769288
v 0.072626 -0.671559 -0.737383
v 0.069309 -0.707107 -0.703702
v 0.065824 -0.740951 -0.668325
v 0.062181 -0.773010 -0.631339
v 0.058389 -0.803208 -0.592831
v 0.054455 -0.831470 -0.552895
v 0.050391 -0.857729 -0.511627
v 0.046205 -0.881921 -0.469127
v 0.041908 -0.903989 -0.425496
v 0.037510 -0.923880 -0.380841
v 0.033021 -0.941544 -0.335268
v 0.028453 -0.956940 -0.288887
v 0.023816 -0.970031 -0.241810
v 0.019122 -0.980785 -0.194151
v 0.014382 -0.989177 -0.146024
v 0.009607 -0.995185 -0.097545
v 0.004809 -0.998795 -0.048831
v 0.009573 0.998795 -0.048125
v 0.019122 0.995185 -0.096134
v 0.028626 0.989177 -0.143911
v 0.038060 0.980785 -0.191342
v 0.047403 0.970031 -0.238311
v 0.056632 0.956940 -0.284707
v 0.065724 0.941544 -0.330417
v 0.074658 0.923880 -0.375330
v 0.083412 0.903989 -0.419340
v 0.091965 0.881921 -0.462339
v 0.100296 0.857729 -0.504224
v 0.108386 0.831470 -0.544895
v 0.116215 0.803208 -0.584253
v 0.123764 0.773010 -0.622204
v 0.131015 0.740951 -0.658655
v 0.137950 0.707107 -0.693520
v 0.144552 0.671559 -0.726714
v 0.150807 0.634393 -0.758157
v 0.156698 0.595699 -0.787774
v 0.162212 0.555570 -0.815493
v 0.167335 0.514103 -0.841248
v 0.172054 0.471397 -0.864975
v 0.176360 0.427555 -0.886619
v 0.180240 0.382683 -0.906127
v 0.183686 0.336890 -0.923452
v 0.186690 0.290285 -0.938553
v 0.189244 0.242980 -0.951392
v 0.191342 0.195090 -0.961940
v 0.192979 0.146730 -0.970170
v 0.194151 0.098017 -0.976062
v 0.194855 0.049068 -0.979604
v 0.195090 0.000000 -0.980785
v 0.194855 -0.049068 -0.979604
v 0.194151 -0.098017 -0.976062
v 0.192979 -0.146730 -0.970170
v 0.191342 -0.195090 -0.961940
v 0.189244 -0.242980 -0.951392
v 0.186690 -0.290285 -0.938553
v 0.183686 -0.336890 -0.923452
v 0.180240 -0.382683 -0.906127
v 0.176360 -0.427555 -0.886619
v 0.172054 -0.471397 -0.864975
v 0.167335 -0.514103 -0.841248
v 0.162212 -0.555570 -0.815493
v 0.156698 -0.595699 -0.787774
v 0.150807 -0.634393 -0.758157
v 0.144552 -0.671559 -0.726714
v 0.137950 -0.707107 -0.693520
v 0.131015 -0.740951 -0.658655
v 0.123764 -0.773010 -0.622204
v 0.116215 -0.803208 -0.584253
v 0.108386 -0.831470 -0.544895
v 0.100296 -0.857729 -0.504224
v 0.091965 -0.881921 -0.462339
v 0.083412 -0.903989 -0.419340
v 0.074658 -0.923880 -0.375330
v 0.065724 -0.941544 -0.330417
v 0.056632 -0.956940 -0.284707
v 0.047403 -0.970031 -0.238311
v 0.038060 -0.980785 -0.191342
v 0.028626 -0.989177 -0.143911
v 0.019122 -0.995185 -0.096134
v 0.009573 -0.998795 -0.048125
v 0.014244 0.998795 -0.046955
v 0.028453 0.995185 -0.093797
v 0.042594 0.989177 -0.140412
v 0.056632 0.980785 -0.186690
v 0.070533 0.970031 -0.232518
v 0.084265 0.956940 -0.277785
v 0.097794 0.941544 -0.322383
v 0.111087 0.923880 -0.366205
v 0.124113 0.903989 -0.409145
v 0.136839 0.881921 -0.451099
v 0.149236 0.857729 -0.491966
v 0.161274 0.831470 -0.531648
v 0.172922 0.803208 -0.570049
v 0.184155 0.773010 -0.607077
v 0.194943 0.740951 -0.642642
v 0.205262 0.707107 -0.676659
v 0.215087 0.671559 -0.709046
v 0.224393 0.634393 -0.739725
v 0.233159 0.595699 -0.768622
v 0.241363 0.555570 -0.795667
v 0.248985 0.514103 -0.820795
v 0.256008 0.471397 -0.843946
v 0.262414 0.427555 -0.865064
v 0.268188 0.382683 -0.884098
v 0.273316 0.336890 -0.901001
v 0.277785 0.290285 -0.915735
v 0.281585 0.242980 -0.928262
v 0.284707 0.195090 -0.938553
v 0.287143 0.146730 -0.946583
v 0.288887 0.098017 -0.952332
v 0.289935 0.049068 -0.955788
v 0.290285 0.000000 -0.956940
v 0.289935 -0.049068 -0.955788
v 0.288887 -0.098017 -0.952332
v 0.287143 -0.146730 -0.946583
v 0.284707 -0.195090 -0.938553
v 0.281585 -0.242980 -0.928262
v 0.277785 -0.290285 -0.915735
v 0.273316 -0.336890 -0.901001
v 0.268188 -0.382683 -0.884098
v 0.262414 -0.427555 -0.865064
v 0.256008 -0.471397 -0.843946
v 0.248985 -0.514103 -0.820795
v 0.241363 -0.555570 -0.795667
v 0.233159 -0.595699 -0.768622
v 0.224393 -0.634393 -0.739725
v 0.215087 -0.671559 -0.709046
v 0.205262 -0.707107 -0.676659
v 0.194943 -0.740951 -0.642642
v 0.184155 -0.773010 -0.607077
v 0.172922 -0.803208 -0.570049
v 0.161274 -0.831470 -0.531648
v 0.149236 -0.857729 -0.491966
v 0.136839 -0.881921 -0.451099
v 0.124113 -0.903989 -0.409145
v 0.111087 -0.923880 -0.366205
v 0.097794 -0.941544 -0.322383
v 0.084265 -0.956940 -0.277785
v 0.070533 -0.970031 -0.232518
v 0.056632 -0.980785 -0.186690
v 0.042594 -0.989177 -0.140412
v 0.028453 -0.995185 -0.093797
v 0.014244 -0.998795 -0.046955
v 0.018777 0.998795 -0.045333
v 0.037510 0.995185 -0.090556
v 0.056151 0.989177 -0.135561
v 0.074658 0.980785 -0.180240
v 0.092984 0.970031 -0.224484
v 0.111087 0.956940 -0.268188
v 0.128922 0.941544 -0.311246
v 0.146447 0.923880 -0.353553
v 0.163618 0.903989 -0.395009
v 0.180396 0.881921 -0.435514
v 0.196739 0.857729 -0.474969
v 0.212608 0.831470 -0.513280
v 0.227964 0.803208 -0.550354
v 0.242772 0.773010 -0.586103
v 0.256994 0.740951 -0.620440
v 0.270598 0.707107 -0.653281
v 0.283550 0.671559 -0.684550
v 0.295818 0.634393 -0.714169
v 0.307374 0.595699 -0.742067
v 0.318190 0.555570 -0.768178
v 0.328239 0.514103 -0.792438
v 0.337497 0.471397 -0.814789
v 0.345942 0.427555 -0.835177
v 0.353553 0.382683 -0.853553
v 0.360313 0.336890 -0.869873
v 0.366205 0.290285 -0.884098
v 0.371215 0.242980 -0.896192
v 0.375330 0.195090 -0.906127
v 0.378541 0.146730 -0.913880
v 0.380841 0.098017 -0.919431
v 0.382222 0.049068 -0.922767
v 0.382683 0.000000 -0.923880
v 0.382222 -0.049068 -0.922767
v 0.380841 -0.098017 -0.919431
v 0.378541 -0.146730 -0.913880
v 0.375330 -0.195090 -0.906127
v 0.371215 -0.242980 -0.896192
v 0.366205 -0.290285 -0.884098
v 0.360313 -0.336890 -0.869873
v 0.353553 -0.382683 -0.853553
v 0.345942 -0.427555 -0.835177
v 0.337497 -0.471397 -0.814789
v 0.328239 -0.514103 -0.792438
v 0.318190 -0.555570 -0.768178
v 0.307374 -0.595699 -0.742067
v 0.295818 -0.634393 -0.714169
v 0.283550 -0.671559 -0.684550
v 0.270598 -0.707107 -0.653281
v 0.256994 -0.740951 -0.620440
v 0.242772 -0.773010 -0.586103
v 0.227964 -0.803208 -0.550354
v 0.212608 -0.831470 -0.513280
v 0.196739 -0.857729 -0.474969
v 0.180396 -0.881921 -0.435514
v 0.163618 -0.903989 -0.395009
v 0.146447 -0.923880 -0.353553
v 0.128922 -0.941544 -0.311246
v 0.111087 -0.956940 -0.268188
v 0.092984 -0.970031 -0.224484
v 0.074658 -0.980785 -0.180240
v 0.056151 -0.989177 -0.135561
v 0.037510 -0.995185 -0.090556
v 0.018777 -0.998795 -0.045333
v 0.023130 0.998795 -0.043274
v 0.046205 0.995185 -0.086443
v 0.069168 0.989177 -0.129405
v 0.091965 0.980785 -0.172054
v 0.114540 0.970031 -0.214289
v 0.136839 0.956940 -0.256008
v 0.158809 0.941544 -0.297110
v 0.180396 0.923880 -0.337497
v 0.201548 0.903989 -0.377070
v 0.222215 0.881921 -0.415735
v 0.242346 0.857729 -0.453398
v 0.261894 0.831470 -0.489969
v 0.280811 0.803208 -0.525360
v 0.299051 0.773010 -0.559485
v 0.316571 0.740951 -0.592262
v 0.333328 0.707107 -0.623612
v 0.349282 0.671559 -0.653461
v 0.364395 0.634393 -0.681734
v 0.378629 0.595699 -0.708366
v 0.391952 0.555570 -0.733291
v 0.404330 0.514103 -0.756449
v 0.415735 0.471397 -0.777785
v 0.426138 0.427555 -0.797247
v 0.435514 0.382683 -0.814789
v 0.443841 0.336890 -0.830368
v 0.451099 0.290285 -0.843946
v 0.457270 0.242980 -0.855491
v 0.462339 0.195090 -0.864975
v 0.466295 0.146730 -0.872376
v 0.469127 0.098017 -0.877675
v 0.470829 0.049068 -0.880859
v 0.471397 0.000000 -0.881921
v 0.470829 -0.049068 -0.880859
v 0.469127 -0.098017 -0.877675
v 0.466295 -0.146730 -0.872376
v 0.462339 -0.195090 -0.864975
v 0.457270 -0.242980 -0.855491
v 0.451099 -0.290285 -0.843946
v 0.443841 -0.336890 -0.830368
v 0.435514 -0.382683 -0.814789
v 0.426138 -0.427555 -0.797247
v 0.415735 -0.471397 -0.777785
v 0.404330 -0.514103 -0.756449
v 0.391952 -0.555570 -0.733291
v 0.378629 -0.595699 -0.708366
v 0.364395 -0.634393 -0.681734
v 0.349282 -0.671559 -0.653461
v 0.333328 -0.707107 -0.623612
v 0.316571 -0.740951 -0.592262
v 0.299051 -0.773010 -0.559485
v 0.280811 -0.803208 -0.525360
v 0.261894 -0.831470 -0.489969
v 0.242346 -0.857729 -0.453398
v 0.222215 -0.881921 -0.415735
v 0.201548 -0.903989 -0.377070
v 0.180396 -0.923880 -0.337497
v 0.158809 -0.941544 -0.297110
v 0.136839 -0.956940 -0.256008
v 0.114540 -0.970031 -0.214289
v 0.091965 -0.980785 -0.172054
v 0.069168 -0.989177 -0.129405
v 0.046205 -0.995185 -0.086443
v 0.023130 -0.998795 -0.043274
v 0.027261 0.998795 -0.040798
v 0.054455 0.995185 -0.081498
v 0.081519 0.989177 -0.122002
v 0.108386 0.980785 -0.162212
v 0.134993 0.970031 -0.202031
v 0.161274 0.956940 -0.241363
v 0.187166 0.941544 -0.280114
v 0.212608 0.923880 -0.318190
v 0.237537 0.903989 -0.355499
v 0.261894 0.881921 -0.391952
v 0.285620 0.857729 -0.427461
v 0.308658 0.831470 -0.461940
v 0.330953 0.803208 -0.495306
v 0.352450 0.773010 -0.527479
v 0.373098 0.740951 -0.558381
v 0.392847 0.707107 -0.587938
v 0.411650 0.671559 -0.616078
v 0.429462 0.634393 -0.642735
v 0.446238 0.595699 -0.667843
v 0.461940 0.555570 -0.691342
v 0.476528 0.514103 -0.713175
v 0.489969 0.471397 -0.733291
v 0.502230 0.427555 -0.751640
v 0.513280 0.382683 -0.768178
v 0.523094 0.336890 -0.782865
v 0.531648 0.290285 -0.795667
v 0.538920 0.242980 -0.806551
v 0.544895 0.195090 -0.815493
v 0.549557 0.146730 -0.822470
v 0.552895 0.098017 -0.827466
v 0.554901 0.049068 -0.830468
v 0.555570 0.000000 -0.831470
v 0.554901 -0.049068 -0.830468
v 0.552895 -0.098017 -0.827466
v 0.549557 -0.146730 -0.822470
v 0.544895 -0.195090 -0.815493
v 0.538920 -0.242980 -0.806551
v 0.531648 -0.290285 -0.795667
v 0.523094 -0.336890 -0.782865
v 0.513280 -0.382683 -0.768178
v 0.502230 -0.427555 -0.751640
v 0.489969 -0.471397 -0.733291
v 0.476528 -0.514103 -0.713175
v 0.461940 -0.555570 -0.691342
v 0.446238 -0.595699 -0.667843
v 0.429462 -0.634393 -0.642735
v 0.411650 -0.671559 -0.616078
v 0.392847 -0.707107 -0.587938
v 0.373098 -0.740951 -0.558381
v 0.352450 -0.773010 -0.527479
v 0.330953 -0.803208 -0.495306
v 0.308658 -0.831470 -0.461940
v 0.285620 -0.857729 -0.427461
v 0.261894 -0.881921 -0.391952
v 0.237537 -0.903989 -0.355499
v 0.212608 -0.923880 -0.318190
v 0.187166 -0.941544 -0.280114
v 0.161274 -0.956940 -0.241363
v 0.134993 -0.970031 -0.202031
v 0.108386 -0.980785 -0.162212
v 0.081519 -0.989177 -0.122002
v 0.054455 -0.995185 -0.081498
v 0.027261 -0.998795 -0.040798
v 0.031128 0.998795 -0.037930
v 0.062181 0.995185 -0.075768
v 0.093085 0.989177 -0.113424
v 0.123764 0.980785 -0.150807
v 0.154145 0.970031 -0.187826
v 0.184155 0.956940 -0.224393
v 0.213721 0.941544 -0.260419
v 0.242772 0.923880 -0.295818
v 0.271238 0.903989 -0.330505
v 0.299051 0.881921 -0.364395
v 0.326143 0.857729 -0.397407
v 0.352450 0.831470 -0.429462
v 0.377908 0.803208 -0.460482
v 0.402455 0.773010 -0.490393
v 0.426032 0.740951 -0.519122
v 0.448584 0.707107 -0.546601
v 0.470054 0.671559 -0.572763
v 0.490393 0.634393 -0.597545
v 0.509549 0.595699 -0.620888
v 0.527479 0.555570 -0.642735
v 0.544137 0.514103 -0.663033
v 0.559485 0.471397 -0.681734
v 0.573485 0.427555 -0.698793
v 0.586103 0.382683 -0.714168
v 0.597309 0.336890 -0.727823
v 0.607077 0.290285 -0.739725
v 0.615381 0.242980 -0.749844
v 0.622204 0.195090 -0.758157
v 0.627527 0.146730 -0.764644
v 0.631338 0.098017 -0.769288
v 0.633629 0.049068 -0.772079
v 0.634393 0.000000 -0.773010
v 0.633629 -0.049068 -0.772079
v 0.631338 -0.098017 -0.769288
v 0.627527 -0.146730 -0.764644
v 0.622204 -0.195090 -0.758157
v 0.615381 -0.242980 -0.749844
v 0.607077 -0.290285 -0.739725
v 0.597309 -0.336890 -0.727823
v 0.586103 -0.382683 -0.714168
v 0.573485 -0.427555 -0.698793
v 0.559485 -0.471397 -0.681734
v 0.544137 -0.514103 -0.663033
v 0.527479 -0.555570 -0.642735
v 0.509549 -0.595699 -0.620888
v 0.490393 -0.634393 -0.597545
v 0.470054 -0.671559 -0.572763
v 0.448584 -0.707107 -0.546601
v 0.426032 -0.740951 -0.519122
v 0.402455 -0.773010 -0.490393
v 0.377908 -0.803208 -0.460482
v 0.352450 -0.831470 -0.429462
v 0.326143 -0.857729 -0.397407
v 0.299051 -0.881921 -0.364395
v 0.271238 -0.903989 -0.330505
v 0.242772 -0.923880 -0.295818
v 0.213721 -0.941544 -0.260419
v 0.184155 -0.956940 -0.224393
v 0.154145 -0.970031 -0.187826
v 0.123764 -0.980785 -0.150807
v 0.093085 -0.989177 -0.113424
v 0.062181 -0.995185 -0.075768
v 0.031128 -0.998795 -0.037930
v 0.034696 0.998795 -0.034696
v 0.069309 0.995185 -0.069309
v 0.103754 0.989177 -0.103754
v 0.137950 0.980785 -0.137950
v 0.171813 0.970031 -0.171813
v 0.205262 0.956940 -0.205262
v 0.238217 0.941544 -0.238217
v 0.270598 0.923880 -0.270598
v 0.302327 0.903989 -0.302327
v 0.333328 0.881921 -0.333328
v 0.363526 0.857729 -0.363525
v 0.392848 0.831470 -0.392848
v 0.421223 0.803208 -0.421223
v 0.448584 0.773010 -0.448584
v 0.474864 0.740951 -0.474864
v 0.500000 0.707107 -0.500000
v 0.523932 0.671559 -0.523932
v 0.546601 0.634393 -0.546601
v 0.567953 0.595699 -0.567953
v 0.587938 0.555570 -0.587938
v 0.606506 0.514103 -0.606506
v 0.623612 0.471397 -0.623612
v 0.639217 0.427555 -0.639217
v 0.653281 0.382683 -0.653281
v 0.665772 0.336890 -0.665772
v 0.676659 0.290285 -0.676659
v 0.685916 0.242980 -0.685916
v 0.693520 0.195090 -0.693520
v 0.699453 0.146730 -0.699453
v 0.703702 0.098017 -0.703702
v 0.706255 0.049068 -0.706255
v 0.707107 0.000000 -0.707107
v 0.706255 -0.049068 -0.706255
v 0.703702 -0.098017 -0.703702
v 0.699453 -0.146730 -0.699453
v 0.693520 -0.195090 -0.693520
v 0.685916 -0.242980 -0.685916
v 0.676659 -0.290285 -0.676659
v 0.665772 -0.336890 -0.665772
v 0.653281 -0.382683 -0.653281
v 0.639217 -0.427555 -0.639217
v 0.623612 -0.471397 -0.623612
v 0.606506 -0.514103 -0.606506
v 0.587938 -0.555570 -0.587938
v 0.567953 -0.595699 -0.567953
v 0.546601 -0.634393 -0.546601
v 0.523932 -0.671559 -0.523932
v 0.500000 -0.707107 -0.500000
v 0.474864 -0.740951 -0.474864
v 0.448584 -0.773010 -0.448584
v 0.421223 -0.803208 -0.421223
v 0.392848 -0.831470 -0.392848
v 0.363526 -0.857729 -0.363525
v 0.333328 -0.881921 -0.333328
v 0.302327 -0.903989 -0.302327
v 0.270598 -0.923880 -0.270598
v 0.238217 -0.941544 -0.238217
v 0.205262 -0.956940 -0.205262
v 0.171813 -0.970031 -0.171813
v 0.137950 -0.980785 -0.137950
v 0.103754 -0.989177 -0.103754
v 0.069309 -0.995185 -0.069309
v 0.034696 -0.998795 -0.034696
v 0.037930 0.998795 -0.031128
v 0.075768 0.995185 -0.062181
v 0.113424 0.989177 -0.093085
v 0.150807 0.980785 -0.123764
v 0.187826 0.970031 -0.154145
v 0.224393 0.956940 -0.184155
v 0.260419 0.941544 -0.213721
v 0.295818 0.923880 -0.242772
v 0.330505 0.903989 -0.271238
v 0.364395 0.881921 -0.299051
v 0.397407 0.857729 -0.326143
v 0.429462 0.831470 -0.352450
v 0.460482 0.803208 -0.377908
v 0.490393 0.773010 -0.402455
v 0.519122 0.740951 -0.426033
v 0.546601 0.707107 -0.448584
v 0.572763 0.671559 -0.470054
v 0.597545 0.634393 -0.490393
v 0.620888 0.595699 -0.509549
v 0.642735 0.555570 -0.527479
v 0.663033 0.514103 -0.544137
v 0.681734 0.471397 -0.559485
v 0.698793 0.427555 -0.573485
v 0.714168 0.382683 -0.586103
v 0.727823 0.336890 -0.597309
v 0.739725 0.290285 -0.607077
v 0.749844 0.242980 -0.615381
v 0.758157 0.195090 -0.622203
v 0.764644 0.146730 -0.627527
v 0.769288 0.098017 -0.631338
v 0.772079 0.049068 -0.633629
v 0.773010 0.000000 -0.634393
v 0.772079 -0.049068 -0.633629
v 0.769288 -0.098017 -0.631338
v 0.764644 -0.146730 -0.627527
v 0.758157 -0.195090 -0.622203
v 0.749844 -0.242980 -0.615381
v 0.739725 -0.290285 -0.607077
v 0.727823 -0.336890 -0.597309
v 0.714168 -0.382683 -0.586103
v 0.698793 -0.427555 -0.573485
v 0.681734 -0.471397 -0.559485
v 0.663033 -0.514103 -0.544137
v 0.642735 -0.555570 -0.527479
v 0.620888 -0.595699 -0.509549
v 0.597545 -0.634393 -0.490393
v 0.572763 -0.671559 -0.470054
v 0.546601 -0.707107 -0.448584
v 0.519122 -0.740951 -0.426033
v 0.490393 -0.773010 -0.402455
v 0.460482 -0.803208 -0.377908
v 0.429462 -0.831470 -0.352450
v 0.397407 -0.857729 -0.326143
v 0.364395 -0.881921 -0.299051
v 0.330505 -0.903989 -0.271238
v 0.295818 -0.923880 -0.242772
v 0.260419 -0.941544 -0.213721
v 0.224393 -0.956940 -0.184155
v 0.187826 -0.970031 -0.154145
v 0.150807 -0.980785 -0.123764
v 0.113424 -0.989177 -0.093085
v 0.075768 -0.995185 -0.062181
v 0.037930 -0.998795 -0.031128
v 0.040798 0.998795 -0.027261
v 0.081498 0.995185 -0.054455
v 0.122002 0.989177 -0.081519
v 0.162212 0.980785 -0.108386
v 0.202031 0.970031 -0.134993
v 0.241363 0.956940 -0.161274
v 0.280114 0.941544 -0.187166
v 0.318190 0.923880 -0.212607
v 0.355499 0.903989 -0.237537
v 0.391952 0.881921 -0.261894
v 0.427461 0.857729 -0.285620
v 0.461940 0.831470 -0.308658
v 0.495306 0.803208 -0.330953
v 0.527479 0.773010 -0.352450
v 0.558381 0.740951 -0.373098
v 0.587938 0.707107 -0.392847
v 0.616078 0.671559 -0.411650
v 0.642735 0.634393 -0.429462
v 0.667843 0.595699 -0.446238
v 0.691342 0.555570 -0.461940
v 0.713175 0.514103 -0.476528
v 0.733291 0.471397 -0.489969
v 0.751640 0.427555 -0.502230
v 0.768178 0.382683 -0.513280
v 0.782865 0.336890 -0.523094
v 0.795667 0.290285 -0.531648
v 0.806551 0.242980 -0.538920
v 0.815493 0.195090 -0.544895
v 0.822470 0.146730 -0.549557
v 0.827466 0.098017 -0.552895
v 0.830468 0.049068 -0.554901
v 0.831470 0.000000 -0.555570
v 0.830468 -0.049068 -0.554901
v 0.827466 -0.098017 -0.552895
v 0.822470 -0.146730 -0.549557
v 0.815493 -0.195090 -0.544895
v 0.806551 -0.242980 -0.538920
v 0.795667 -0.290285 -0.531648
v 0.782865 -0.336890 -0.523094
v 0.768178 -0.382683 -0.513280
v 0.751640 -0.427555 -0.502230
v 0.733291 -0.471397 -0.489969
v 0.713175 -0.514103 -0.476528
v 0.691342 -0.555570 -0.461940
v 0.667843 -0.595699 -0.446238
v 0.642735 -0.634393 -0.429462
v 0.616078 -0.671559 -0.411650
v 0.587938 -0.707107 -0.392847
v 0.558381 -0.740951 -0.373098
v 0.527479 -0.773010 -0.352450
v 0.495306 -0.803208 -0.330953
v 0.461940 -0.831470 -0.308658
v 0.427461 -0.857729 -0.285620
v 0.391952 -0.881921 -0.261894
v 0.355499 -0.903989 -0.237537
v 0.318190 -0.923880 -0.212607
v 0.280114 -0.941544 -0.187166
v 0.241363 -0.956940 -0.161274
v 0.202031 -0.970031 -0.134993
v 0.162212 -0.980785 -0.108386
v 0.122002 -0.989177 -0.081519
v 0.081498 -0.995185 -0.054455
v 0.040798 -0.998795 -0.027261
v 0.043274 0.998795 -0.023130
v 0.086443 0.995185 -0.046205
v 0.129405 0.989177 -0.069168
v 0.172054 0.980785 -0.091965
v 0.214289 0.970031 -0.114540
v 0.256008 0.956940 -0.136839
v 0.297110 0.941544 -0.158809
v 0.337497 0.923880 -0.180396
v 0.377070 0.903989 -0.201548
v 0.415735 0.881921 -0.222215
v 0.453398 0.857729 -0.242346
v 0.489969 0.831470 -0.261894
v 0.525360 0.803208 -0.280811
v 0.559485 0.773010 -0.299051
v 0.592262 0.740951 -0.316571
v 0.623613 0.707107 -0.333328
v 0.653461 0.671559 -0.349282
v 0.681734 0.634393 -0.364395
v 0.708366 0.595699 -0.378629
v 0.733291 0.555570 -0.391952
v 0.756449 0.514103 -0.404330
v 0.777785 0.471397 -0.415735
v 0.797247 0.427555 -0.426138
v 0.814789 0.382683 -0.435514
v 0.830368 0.336890 -0.443841
v 0.843946 0.290285 -0.451099
v 0.855491 0.242980 -0.457269
v 0.864975 0.195090 -0.462339
v 0.872376 0.146730 -0.466294
v 0.877675 0.098017 -0.469127
v 0.880859 0.049068 -0.470829
v 0.881921 0.000000 -0.471397
v 0.880859 -0.049068 -0.470829
v 0.877675 -0.098017 -0.469127
v 0.872376 -0.146730 -0.466294
v 0.864975 -0.195090 -0.462339
v 0.855491 -0.242980 -0.457269
v 0.843946 -0.290285 -0.451099
v 0.830368 -0.336890 -0.443841
v 0.814789 -0.382683 -0.435514
v 0.797247 -0.427555 -0.426138
v 0.777785 -0.471397 -0.415735
v 0.756449 -0.514103 -0.404330
v 0.733291 -0.555570 -0.391952
v 0.708366 -0.595699 -0.378629
v 0.681734 -0.634393 -0.364395
v 0.653461 -0.671559 -0.349282
v 0.623613 -0.707107 -0.333328
v 0.592262 -0.740951 -0.316571
v 0.559485 -0.773010 -0.299051
v 0.525360 -0.803208 -0.280811
v 0.489969 -0.831470 -0.261894
v 0.453398 -0.857729 -0.242346
v 0.415735 -0.881921 -0.222215
v 0.377070 -0.903989 -0.201548
v 0.337497 -0.923880 -0.180396
v 0.297110 -0.941544 -0.158809
v 0.256008 -0.956940 -0.136839
v 0.214289 -0.970031 -0.114540
v 0.172054 -0.980785 -0.091965
v 0.129405 -0.989177 -0.069168
v 0.086443 -0.995185 -0.046205
v 0.043274 -0.998795 -0.023130
v 0.045333 0.998795 -0.018777
v 0.090556 0.995185 -0.037510
v 0.135561 0.989177 -0.056151
v 0.180240 0.980785 -0.074658
v 0.224484 0.970031 -0.092984
v 0.268188 0.956940 -0.111087
v 0.311246 0.941544 -0.128922
v 0.353553 0.923880 -0.146447
v 0.395009 0.903989 -0.163618
v 0.435514 0.881921 -0.180396
v 0.474969 0.857729 -0.196739
v 0.513280 0.831470 -0.212608
v 0.550354 0.803208 -0.227964
v 0.586103 0.773010 -0.242772
v 0.620440 0.740951 -0.256995
v 0.653281 0.707107 -0.270598
v 0.684550 0.671559 -0.283550
v 0.714168 0.634393 -0.295818
v 0.742067 0.595699 -0.307374
v 0.768178 0.555570 -0.318190
v 0.792438 0.514103 -0.328238
v 0.814789 0.471397 -0.337497
v 0.835177 0.427555 -0.345942
v 0.853553 0.382683 -0.353553
v 0.869873 0.336890 -0.360313
v 0.884098 0.290285 -0.366205
v 0.896192 0.242980 -0.371215
v 0.906127 0.195090 -0.375330
v 0.913880 0.146730 -0.378541
v 0.919431 0.098017 -0.380841
v 0.922767 0.049068 -0.382222
v 0.923879 0.000000 -0.382683
v 0.922767 -0.049068 -0.382222
v 0.919431 -0.098017 -0.380841
v 0.913880 -0.146730 -0.378541
v 0.906127 -0.195090 -0.375330
v 0.896192 -0.242980 -0.371215
v 0.884098 -0.290285 -0.366205
v 0.869873 -0.336890 -0.360313
v 0.853553 -0.382683 -0.353553
v 0.835177 -0.427555 -0.345942
v 0.814789 -0.471397 -0.337497
v 0.792438 -0.514103 -0.328238
v 0.768178 -0.555570 -0.318190
v 0.742067 -0.595699 -0.307374
v 0.714168 -0.634393 -0.295818
v 0.684550 -0.671559 -0.283550
v 0.653281 -0.707107 -0.270598
v 0.620440 -0.740951 -0.256995
v 0.586103 -0.773010 -0.242772
v 0.550354 -0.803208 -0.227964
v 0.513280 -0.831470 -0.212608
v 0.474969 -0.857729 -0.196739
v 0.435514 -0.881921 -0.180396
v 0.395009 -0.903989 -0.163618
v 0.353553 -0.923880 -0.146447
v 0.311246 -0.941544 -0.128922
v 0.268188 -0.956940 -0.111087
v 0.224484 -0.970031 -0.092984
v 0.180240 -0.980785 -0.074658
v 0.135561 -0.989177 -0.056151
v 0.090556 -0.995185 -0.037510
v 0.045333 -0.998795 -0.018777
v 0.046955 0.998795 -0.014244
v 0.093797 0.995185 -0.028453
v 0.140412 0.989177 -0.042594
v 0.186690 0.980785 -0.056632
v 0.232517 0.970031 -0.070533
v 0.277785 0.956940 -0.084265
v 0.322383 0.941544 -0.097794
v 0.366205 0.923880 -0.111087
v 0.409145 0.903989 -0.124113
v 0.451099 0.881921 -0.136839
v 0.491966 0.857729 -0.149236
v 0.531648 0.831470 -0.161274
v 0.570049 0.803208 -0.172922
v 0.607076 0.773010 -0.184155
v 0.642642 0.740951 -0.194943
v 0.676659 0.707107 -0.205262
v 0.709046 0.671559 -0.215087
v 0.739725 0.634393 -0.224393
v 0.768622 0.595699 -0.233159
v 0.795667 0.555570 -0.241363
v 0.820795 0.514103 -0.248985
v 0.843946 0.471397 -0.256008
v 0.865064 0.427555 -0.262414
v 0.884098 0.382683 -0.268188
v 0.901001 0.336890 -0.273316
v 0.915735 0.290285 -0.277785
v 0.928262 0.242980 -0.281585
v 0.938553 0.195090 -0.284707
v 0.946583 0.146730 -0.287143
v 0.952332 0.098017 -0.288887
v 0.955788 0.049068 -0.289935
v 0.956940 0.000000 -0.290285
v 0.955788 -0.049068 -0.289935
v 0.952332 -0.098017 -0.288887
v 0.946583 -0.146730 -0.287143
v 0.938553 -0.195090 -0.284707
v 0.928262 -0.242980 -0.281585
v 0.915735 -0.290285 -0.277785
v 0.901001 -0.336890 -0.273316
v 0.884098 -0.382683 -0.268188
v 0.865064 -0.427555 -0.262414
v 0.843946 -0.471397 -0.256008
v 0.820795 -0.514103 -0.248985
v 0.795667 -0.555570 -0.241363
v 0.768622 -0.595699 -0.233159
v 0.739725 -0.634393 -0.224393
v 0.709046 -0.671559 -0.215087
v 0.676659 -0.707107 -0.205262
v 0.642642 -0.740951 -0.194943
v 0.607076 -0.773010 -0.184155
v 0.570049 -0.803208 -0.172922
v 0.531648 -0.831470 -0.161274
v 0.491966 -0.857729 -0.149236
v 0.451099 -0.881921 -0.136839
v 0.409145 -0.903989 -0.124113
v 0.366205 -0.923880 -0.111087
v 0.322383 -0.941544 -0.097794
v 0.277785 -0.956940 -0.084265
v 0.232517 -0.970031 -0.070533
v 0.186690 -0.980785 -0.056632
v 0.140412 -0.989177 -0.042594
v 0.093797 -0.995185 -0.028453
v 0.046955 -0.998795 -0.014244
v 0.048125 0.998795 -0.009573
v 0.096134 0.995185 -0.019122
v 0.143911 0.989177 -0.028626
v 0.191342 0.980785 -0.038060
v 0.238311 0.970031 -0.047403
v 0.284707 0.956940 -0.056632
v 0.330417 0.941544 -0.065724
v 0.375330 0.923880 -0.074658
v 0.419340 0.903989 -0.083412
v 0.462339 0.881921 -0.091965
v 0.504224 0.857729 -0.100296
v 0.544895 0.831470 -0.108386
v 0.584253 0.803208 -0.116215
v 0.622204 0.773010 -0.123764
v 0.658655 0.740951 -0.131015
v 0.693520 0.707107 -0.137950
v 0.726714 0.671559 -0.144552
v 0.758157 0.634393 -0.150807
v 0.787774 0.595699 -0.156698
v 0.815493 0.555570 -0.162212
v 0.841247 0.514103 -0.167334
v 0.864975 0.471397 -0.172054
v 0.886619 0.427555 -0.176360
v 0.906127 0.382683 -0.180240
v 0.923452 0.336890 -0.183686
v 0.938553 0.290285 -0.186690
v 0.951392 0.242980 -0.189244
v 0.961940 0.195090 -0.191342
v 0.970169 0.146730 -0.192979
v 0.976063 0.098017 -0.194151
v 0.979604 0.049068 -0.194855
v 0.980785 0.000000 -0.195090
v 0.979604 -0.049068 -0.194855
v 0.976063 -0.098017 -0.194151
v 0.970169 -0.146730 -0.192979
v 0.961940 -0.195090 -0.191342
v 0.951392 -0.242980 -0.189244
v 0.938553 -0.290285 -0.186690
v 0.923452 -0.336890 -0.183686
v 0.906127 -0.382683 -0.180240
v 0.886619 -0.427555 -0.176360
v 0.864975 -0.471397 -0.172054
v 0.841247 -0.514103 -0.167334
v 0.815493 -0.555570 -0.162212
v 0.787774 -0.595699 -0.156698
v 0.758157 -0.634393 -0.150807
v 0.726714 -0.671559 -0.144552
v 0.693520 -0.707107 -0.137950
v 0.658655 -0.740951 -0.131015
v 0.622204 -0.773010 -0.123764
v 0.584253 -0.803208 -0.116215
v 0.544895 -0.831470 -0.108386
v 0.504224 -0.857729 -0.100296
v 0.462339 -0.881921 -0.091965
v 0.419340 -0.903989 -0.083412
v 0.375330 -0.923880 -0.074658
v 0.330417 -0.941544 -0.065724
v 0.284707 -0.956940 -0.056632
v 0.238311 -0.970031 -0.047403
v 0.191342 -0.980785 -0.038060
v 0.143911 -0.989177 -0.028626
v 0.096134 -0.995185 -0.019122
v 0.048125 -0.998795 -0.009573
v 0.048831 0.998795 -0.004809
v 0.097545 0.995185 -0.009607
v 0.146024 0.989177 -0.014382
v 0.194151 0.980785 -0.019122
v 0.241810 0.970031 -0.023816
v 0.288887 0.956940 -0.028453
v 0.335268 0.941544 -0.033021
v 0.380841 0.923880 -0.037510
v 0.425496 0.903989 -0.041908
v 0.469127 0.881921 -0.046205
v 0.511627 0.857729 -0.050391
v 0.552895 0.831470 -0.054455
v 0.592831 0.803208 -0.058389
v 0.631338 0.773010 -0.062181
v 0.668325 0.740951 -0.065824
v 0.703702 0.707107 -0.069308
v 0.737383 0.671559 -0.072626
v 0.769288 0.634393 -0.075768
v 0.799340 0.595699 -0.078728
v 0.827466 0.555570 -0.081498
v 0.853598 0.514103 -0.084072
v 0.877674 0.471397 -0.086443
v 0.899636 0.427555 -0.088606
v 0.919431 0.382683 -0.090556
v 0.937010 0.336890 -0.092287
v 0.952332 0.290285 -0.093797
v 0.965360 0.242980 -0.095080
v 0.976062 0.195090 -0.096134
v 0.984413 0.146730 -0.096956
v 0.990393 0.098017 -0.097545
v 0.993986 0.049068 -0.097899
v 0.995185 0.000000 -0.098017
v 0.993986 -0.049068 -0.097899
v 0.990393 -0.098017 -0.097545
v 0.984413 -0.146730 -0.096956
v 0.976062 -0.195090 -0.096134
v 0.965360 -0.242980 -0.095080
v 0.952332 -0.290285 -0.093797
v 0.937010 -0.336890 -0.092287
v 0.919431 -0.382683 -0.090556
v 0.899636 -0.427555 -0.088606
v 0.877674 -0.471397 -0.086443
v 0.853598 -0.514103 -0.084072
v 0.827466 -0.555570 -0.081498
v 0.799340 -0.595699 -0.078728
v 0.769288 -0.634393 -0.075768
v 0.737383 -0.671559 -0.072626
v 0.703702 -0.707107 -0.069308
v 0.668325 -0.740951 -0.065824
v 0.631338 -0.773010 -0.062181
v 0.592831 -0.803208 -0.058389
v 0.552895 -0.831470 -0.054455
v 0.511627 -0.857729 -0.050391
v 0.469127 -0.881921 -0.046205
v 0.425496 -0.903989 -0.041908
v 0.380841 -0.923880 -0.037510
v 0.335268 -0.941544 -0.033021
v 0.288887 -0.956940 -0.028453
v 0.241810 -0.970031 -0.023816
v 0.194151 -0.980785 -0.019122
v 0.146024 -0.989177 -0.014382
v 0.097545 -0.995185 -0.009607
v 0.048831 -0.998795 -0.004809
v 0.049068 0.998795 0.000000
v 0.098017 0.995185 0.000000
v 0.146730 0.989177 -0.000000
v 0.195090 0.980785 -0.000000
v 0.242980 0.970031 0.000000
v 0.290285 0.956940 0.000000
v 0.336890 0.941544 0.000000
v 0.382683 0.923880 0.000000
v 0.427555 0.903989 -0.000000
v 0.471397 0.881921 0.000000
v 0.514103 0.857729 0.000000
v 0.555570 0.831470 -0.000000
v 0.595699 0.803208 0.000000
v 0.634393 0.773010 -0.000000
v 0.671559 0.740951 -0.000000
v 0.707107 0.707107 0.000000
v 0.740951 0.671559 0.000000
v 0.773010 0.634393 -0.000000
v 0.803207 0.595699 0.000000
v 0.831470 0.555570 -0.000000
v 0.857728 0.514103 0.000000
v 0.881921 0.471397 0.000000
v 0.903989 0.427555 0.000000
v 0.923879 0.382683 0.000000
v 0.941544 0.336890 -0.000000
v 0.956940 0.290285 -0.000000
v 0.970031 0.242980 0.000000
v 0.980785 0.195090 0.000000
v 0.989176 0.146730 0.000000
v 0.995185 0.098017 0.000000
v 0.998795 0.049068 0.000000
v 1.000000 0.000000 0.000000
v 0.998795 -0.049068 0.000000
v 0.995185 -0.098017 0.000000
v 0.989176 -0.146730 0.000000
v 0.980785 -0.195090 0.000000
v 0.970031 -0.242980 0.000000
v 0.956940 -0.290285 -0.000000
v 0.941544 -0.336890 -0.000000
v 0.923879 -0.382683 0.000000
v 0.903989 -0.427555 0.000000
v 0.881921 -0.471397 0.000000
v 0.857728 -0.514103 0.000000
v 0.831470 -0.555570 -0.000000
v 0.803207 -0.595699 0.000000
v 0.773010 -0.634393 -0.000000
v 0.740951 -0.671559 0.000000
v 0.707107 -0.707107 0.000000
v 0.671559 -0.740951 -0.000000
v 0.634393 -0.773010 -0.000000
v 0.595699 -0.803208 0.000000
v 0.555570 -0.831470 -0.000000
v 0.514103 -0.857729 0.000000
v 0.471397 -0.881921 0.000000
v 0.427555 -0.903989 -0.000000
v 0.382683 -0.923880 0.000000
v 0.336890 -0.941544 0.000000
v 0.290285 -0.956940 0.000000
v 0.242980 -0.970031 0.000000
v 0.195090 -0.980785 -0.000000
v 0.146730 -0.989177 -0.000000
v 0.098017 -0.995185 0.000000
v 0.049068 -0.998795 0.000000
v 0.048831 0.998795 0.004809
v 0.097545 0.995185 0.009607
v 0.146024 0.989177 0.014382
v 0.194151 0.980785 0.019122
v 0.241810 0.970031 0.023816
v 0.288887 0.956940 0.028453
v 0.335268 0.941544 0.033021
v 0.380841 0.923880 0.037510
v 0.425496 0.903989 0.041908
v 0.469127 0.881921 0.046205
v 0.511627 0.857729 0.050391
v 0.552895 0.831470 0.054455
v 0.592831 0.803208 0.058389
v 0.631338 0.773010 0.062181
v 0.668325 0.740951 0.065824
v 0.703702 0.707107 0.069309
v 0.737383 0.671559 0.072626
v 0.769288 0.634393 0.075768
v 0.799340 0.595699 0.078728
v 0.827466 0.555570 0.081498
v 0.853598 0.514103 0.084072
v 0.877674 0.471397 0.086443
v 0.899636 0.427555 0.088606
v 0.919431 0.382683 0.090556
v 0.937010 0.336890 0.092287
v 0.952332 0.290285 0.093797
v 0.965360 0.242980 0.095080
v 0.976062 0.195090 0.096134
v 0.984413 0.146730 0.096956
v 0.990393 0.098017 0.097545
v 0.993986 0.049068 0.097899
v 0.995185 0.000000 0.098017
v 0.993986 -0.049068 0.097899
v 0.990393 -0.098017 0.097545
v 0.984413 -0.146730 0.096956
v 0.976062 -0.195090 0.096134
v 0.965360 -0.242980 0.095080
v 0.952332 -0.290285 0.093797
v 0.937010 -0.336890 0.092287
v 0.919431 -0.382683 0.090556
v 0.899636 -0.427555 0.088606
v 0.877674 -0.471397 0.086443
v 0.853598 -0.514103 0.084072
v 0.827466 -0.555570 0.081498
v 0.799340 -0.595699 0.078728
v 0.769288 -0.634393 0.075768
v 0.737383 -0.671559 0.072626
v 0.703702 -0.707107 0.069309
v 0.668325 -0.740951 0.065824
v 0.631338 -0.773010 0.062181
v 0.592831 -0.803208 0.058389
v 0.552895 -0.831470 0.054455
v 0.511627 -0.857729 0.050391
v 0.469127 -0.881921 0.046205
v 0.425496 -0.903989 0.041908
v 0.380841 -0.923880 0.037510
v 0.335268 -0.941544 0.033021
v 0.288887 -0.956940 0.028453
v 0.241810 -0.970031 0.023816
v 0.194151 -0.980785 0.019122
v 0.146024 -0.989177 0.014382
v 0.097545 -0.995185 0.009607
v 0.048831 -0.998795 0.004809
v 0.048125 0.998795 0.009573
v 0.096134 0.995185 0.019122
v 0.143911 0.989177 0.028626
v 0.191342 0.980785 0.038060
v 0.238311 0.970031 0.047403
v 0.284707 0.956940 0.056632
v 0.330417 0.941544 0.065724
v 0.375330 0.923880 0.074658
v 0.419340 0.903989 0.083412
v 0.462339 0.881921 0.091965
v 0.504224 0.857729 0.100296
v 0.544895 0.831470 0.108386
v 0.584253 0.803208 0.116215
v 0.622204 0.773010 0.123764
v 0.658655 0.740951 0.131015
v 0.693520 0.707107 0.137950
v 0.726714 0.671559 0.144552
v 0.758157 0.634393 0.150807
v 0.787774 0.595699 0.156698
v 0.815493 0.555570 0.162212
v 0.841247 0.514103 0.167335
v 0.864975 0.471397 0.172054
v 0.886619 0.427555 0.176360
v 0.906127 0.382683 0.180240
v 0.923452 0.336890 0.183686
v 0.938553 0.290285 0.186690
v 0.951392 0.242980 0.189244
v 0.961940 0.195090 0.191342
v 0.970169 0.146730 0.192979
v 0.976062 0.098017 0.194151
v 0.979604 0.049068 0.194855
v 0.980785 0.000000 0.195090
v 0.979604 -0.049068 0.194855
v 0.976062 -0.098017 0.194151
v 0.970169 -0.146730 0.192979
v 0.961940 -0.195090 0.191342
v 0.951392 -0.242980 0.189244
v 0.938553 -0.290285 0.186690
v 0.923452 -0.336890 0.183686
v 0.906127 -0.382683 0.180240
v 0.886619 -0.427555 0.176360
v 0.864975 -0.471397 0.172054
v 0.841247 -0.514103 0.167335
v 0.815493 -0.555570 0.162212
v 0.787774 -0.595699 0.156698
v 0.758157 -0.634393 0.150807
v 0.726714 -0.671559 0.144552
v 0.693520 -0.707107 0.137950
v 0.658655 -0.740951 0.131015
v 0.622204 -0.773010 0.123764
v 0.584253 -0.803208 0.116215
v 0.544895 -0.831470 0.108386
v 0.504224 -0.857729 0.100296
v 0.462339 -0.881921 0.091965
v 0.419340 -0.903989 0.083412
v 0.375330 -0.923880 0.074658
v 0.330417 -0.941544 0.065724
v 0.284707 -0.956940 0.056632
v 0.238311 -0.970031 0.047403
v 0.191342 -0.980785 0.038060
v 0.143911 -0.989177 0.028626
v 0.096134 -0.995185 0.019122
v 0.048125 -0.998795 0.009573
v 0.046955 0.998795 0.014244
v 0.093797 0.995185 0.028453
v 0.140412 0.989177 0.042594
v 0.186690 0.980785 0.056632
v 0.232517 0.970031 0.070533
v 0.277785 0.956940 0.084265
v 0.322383 0.941544 0.097794
v 0.366205 0.923880 0.111087
v 0.409145 0.903989 0.124113
v 0.451098 0.881921 0.136839
v 0.491965 0.857729 0.149236
v 0.531648 0.831470 0.161274
v 0.570049 0.803208 0.172922
v 0.607076 0.773010 0.184155
v 0.642642 0.740951 0.194943
v 0.676659 0.707107 0.205262
v 0.709046 0.671559 0.215087
v 0.739725 0.634393 0.224393
v 0.768622 0.595699 0.233159
v 0.795667 0.555570 0.241363
v 0.820795 0.514103 0.248985
v 0.843946 0.471397 0.256008
v 0.865064 0.427555 0.262414
v 0.884097 0.382683 0.268188
v 0.901001 0.336890 0.273316
v 0.915735 0.290285 0.277785
v 0.928262 0.242980 0.281585
v 0.938553 0.195090 0.284707
v 0.946582 0.146730 0.287143
v 0.952332 0.098017 0.288887
v 0.955788 0.049068 0.289935
v 0.956940 0.000000 0.290285
v 0.955788 -0.049068 0.289935
v 0.952332 -0.098017 0.288887
v 0.946582 -0.146730 0.287143
v 0.938553 -0.195090 0.284707
v 0.928262 -0.242980 0.281585
v 0.915735 -0.290285 0.277785
v 0.901001 -0.336890 0.273316
v 0.884097 -0.382683 0.268188
v 0.865064 -0.427555 0.262414
v 0.843946 -0.471397 0.256008
v 0.820795 -0.514103 0.248985
v 0.795667 -0.555570 0.241363
v 0.768622 -0.595699 0.233159
v 0.739725 -0.634393 0.224393
v 0.709046 -0.671559 0.215087
v 0.676659 -0.707107 0.205262
v 0.642642 -0.740951 0.194943
v 0.607076 -0.773010 0.184155
v 0.570049 -0.803208 0.172922
v 0.531648 -0.831470 0.161274
v 0.491965 -0.857729 0.149236
v 0.451098 -0.881921 0.136839
v 0.409145 -0.903989 0.124113
v 0.366205 -0.923880 0.111087
v 0.322383 -0.941544 0.097794
v 0.277785 -0.956940 0.084265
v 0.232517 -0.970031 0.070533
v 0.186690 -0.980785 0.056632
v 0.140412 -0.989177 0.042594
v 0.093797 -0.995185 0.028453
v 0.046955 -0.998795 0.014244
v 0.045333 0.998795 0.018777
v 0.090556 0.995185 0.037510
v 0.135561 0.989177 0.056151
v 0.180240 0.980785 0.074658
v 0.224484 0.970031 0.092984
v 0.268188 0.956940 0.111087
v 0.311246 0.941544 0.128922
v 0.353553 0.923880 0.146447
v 0.395009 0.903989 0.163618
v 0.435514 0.881921 0.180396
v 0.474969 0.857729 0.196739
v 0.513280 0.831470 0.212608
v 0.550354 0.803208 0.227964
v 0.586103 0.773010 0.242772
v 0.620440 0.740951 0.256994
v 0.653281 0.707107 0.270598
v 0.684549 0.671559 0.283550
v 0.714169 0.634393 0.295818
v 0.742067 0.595699 0.307374
v 0.768178 0.555570 0.318190
v 0.792438 0.514103 0.328239
v 0.814789 0.471397 0.337497
v 0.835177 0.427555 0.345942
v 0.853553 0.382683 0.353553
v 0.869873 0.336890 0.360313
v 0.884098 0.290285 0.366205
v 0.896192 0.242980 0.371215
v 0.906127 0.195090 0.375330
v 0.913880 0.146730 0.378541
v 0.919431 0.098017 0.380841
v 0.922767 0.049068 0.382222
v 0.923879 0.000000 0.382683
v 0.922767 -0.049068 0.382222
v 0.919431 -0.098017 0.380841
v 0.913880 -0.146730 0.378541
v 0.906127 -0.195090 0.375330
v 0.896192 -0.242980 0.371215
v 0.884098 -0.290285 0.366205
v 0.869873 -0.336890 0.360313
v 0.853553 -0.382683 0.353553
v 0.835177 -0.427555 0.345942
v 0.814789 -0.471397 0.337497
v 0.792438 -0.514103 0.328239
v 0.768178 -0.555570 0.318190
v 0.742067 -0.595699 0.307374
v 0.714169 -0.634393 0.295818
v 0.684549 -0.671559 0.283550
v 0.653281 -0.707107 0.270598
v 0.620440 -0.740951 0.256994
v 0.586103 -0.773010 0.242772
v 0.550354 -0.803208 0.227964
v 0.513280 -0.831470 0.212608
v 0.474969 -0.857729 0.196739
v 0.435514 -0.881921 0.180396
v 0.395009 -0.903989 0.163618
v 0.353553 -0.923880 0.146447
v 0.311246 -0.941544 0.128922
v 0.268188 -0.956940 0.111087
v 0.224484 -0.970031 0.092984
v 0.180240 -0.980785 0.074658
v 0.135561 -0.989177 0.056151
v 0.090556 -0.995185 0.037510
v 0.045333 -0.998795 0.018777
v 0.043274 0.998795 0.023130
v 0.086443 0.995185 0.046205
v 0.129405 0.989177 0.069168
v 0.172054 0.980785 0.091965
v 0.214289 0.970031 0.114540
v 0.256008 0.956940 0.136839
v 0.297110 0.941544 0.158809
v 0.337497 0.923880 0.180396
v 0.377070 0.903989 0.201548
v 0.415735 0.881921 0.222215
v 0.453398 0.857729 0.242346
v 0.489969 0.831470 0.261894
v 0.525360 0.803208 0.280811
v 0.559485 0.773010 0.299051
v 0.592262 0.740951 0.316571
v 0.623612 0.707107 0.333328
v 0.653460 0.671559 0.349282
v 0.681734 0.634393 0.364395
v 0.708366 0.595699 0.378629
v 0.733291 0.555570 0.391952
v 0.756449 0.514103 0.404330
v 0.777785 0.471397 0.415735
v 0.797247 0.427555 0.426138
v 0.814789 0.382683 0.435514
v 0.830368 0.336890 0.443841
v 0.843946 0.290285 0.451099
v 0.855491 0.242980 0.457269
v 0.864975 0.195090 0.462339
v 0.872375 0.146730 0.466294
v 0.877674 0.098017 0.469127
v 0.880859 0.049068 0.470829
v 0.881921 0.000000 0.471397
v 0.880859 -0.049068 0.470829
v 0.877674 -0.098017 0.469127
v 0.872375 -0.146730 0.466294
v 0.864975 -0.195090 0.462339
v 0.855491 -0.242980 0.457269
v 0.843946 -0.290285 0.451099
v 0.830368 -0.336890 0.443841
v 0.814789 -0.382683 0.435514
v 0.797247 -0.427555 0.426138
v 0.777785 -0.471397 0.415735
v 0.756449 -0.514103 0.404330
v 0.733291 -0.555570 0.391952
v 0.708366 -0.595699 0.378629
v 0.681734 -0.634393 0.364395
v 0.653460 -0.671559 0.349282
v 0.623612 -0.707107 0.333328
v 0.592262 -0.740951 0.316571
v 0.559485 -0.773010 0.299051
v 0.525360 -0.803208 0.280811
v 0.489969 -0.831470 0.261894
v 0.453398 -0.857729 0.242346
v 0.415735 -0.881921 0.222215
v 0.377070 -0.903989 0.201548
v 0.337497 -0.923880 0.180396
v 0.297110 -0.941544 0.158809
v 0.256008 -0.956940 0.136839
v 0.214289 -0.970031 0.114540
v 0.172054 -0.980785 0.091965
v 0.129405 -0.989177 0.069168
v 0.086443 -0.995185 0.046205
v 0.043274 -0.998795 0.023130
v 0.040798 0.998795 0.027261
v 0.081498 0.995185 0.054455
v 0.122002 0.989177 0.081519
v 0.162212 0.980785 0.108386
v 0.202031 0.970031 0.134993
v 0.241363 0.956940 0.161274
v 0.280114 0.941544 0.187166
v 0.318190 0.923880 0.212607
v 0.355499 0.903989 0.237537
v 0.391952 0.881921 0.261894
v 0.427461 0.857729 0.285620
v 0.461940 0.831470 0.308658
v 0.495306 0.803208 0.330953
v 0.527479 0.773010 0.352450
v 0.558381 0.740951 0.373098
v 0.587938 0.707107 0.392848
v 0.616078 0.671559 0.411650
v 0.642735 0.634393 0.429462
v 0.667842 0.595699 0.446238
v 0.691342 0.555570 0.461940
v 0.713175 0.514103 0.476528
v 0.733290 0.471397 0.489969
v 0.751640 0.427555 0.502230
v 0.768178 0.382683 0.513280
v 0.782865 0.336890 0.523094
v 0.795667 0.290285 0.531648
v 0.806551 0.242980 0.538920
v 0.815493 0.195090 0.544895
v 0.822470 0.146730 0.549557
v 0.827466 0.098017 0.552895
v 0.830468 0.049068 0.554901
v 0.831469 0.000000 0.555570
v 0.830468 -0.049068 0.554901
v 0.827466 -0.098017 0.552895
v 0.822470 -0.146730 0.549557
v 0.815493 -0.195090 0.544895
v 0.806551 -0.242980 0.538920
v 0.795667 -0.290285 0.531648
v 0.782865 -0.336890 0.523094
v 0.768178 -0.382683 0.513280
v 0.751640 -0.427555 0.502230
v 0.733290 -0.471397 0.489969
v 0.713175 -0.514103 0.476528
v 0.691342 -0.555570 0.461940
v 0.667842 -0.595699 0.446238
v 0.642735 -0.634393 0.429462
v 0.616078 -0.671559 0.411650
v 0.587938 -0.707107 0.392848
v 0.558381 -0.740951 0.373098
v 0.527479 -0.773010 0.352450
v 0.495306 -0.803208 0.330953
v 0.461940 -0.831470 0.308658
v 0.427461 -0.857729 0.285620
v 0.391952 -0.881921 0.261894
v 0.355499 -0.903989 0.237537
v 0.318190 -0.923880 0.212607
v 0.280114 -0.941544 0.187166
v 0.241363 -0.956940 0.161274
v 0.202031 -0.970031 0.134993
v 0.162212 -0.980785 0.108386
v 0.122002 -0.989177 0.081519
v 0.081498 -0.995185 0.054455
v 0.040798 -0.998795 0.027261
v 0.037930 0.998795 0.031128
v 0.075768 0.995185 0.062181
v 0.113424 0.989177 0.093085
v 0.150807 0.980785 0.123764
v 0.187826 0.970031 0.154145
v 0.224393 0.956940 0.184155
v 0.260419 0.941544 0.213721
v 0.295818 0.923880 0.242772
v 0.330505 0.903989 0.271238
v 0.364394 0.881921 0.299051
v 0.397407 0.857729 0.326143
v 0.429462 0.831470 0.352450
v 0.460482 0.803208 0.377908
v 0.490393 0.773010 0.402455
v 0.519122 0.740951 0.426032
v 0.546601 0.707107 0.448584
v 0.572763 0.671559 0.470054
v 0.597545 0.634393 0.490393
v 0.620888 0.595699 0.509549
v 0.642735 0.555570 0.527479
v 0.663033 0.514103 0.544137
v 0.681734 0.471397 0.559485
v 0.698793 0.427555 0.573485
v 0.714168 0.382683 0.586103
v 0.727823 0.336890 0.597309
v 0.739725 0.290285 0.607076
v 0.749844 0.242980 0.615381
v 0.758157 0.195090 0.622204
v 0.764643 0.146730 0.627527
v 0.769288 0.098017 0.631338
v 0.772079 0.049068 0.633629
v 0.773010 0.000000 0.634393
v 0.772079 -0.049068 0.633629
v 0.769288 -0.098017 0.631338
v 0.764643 -0.146730 0.627527
v 0.758157 -0.195090 0.622204
v 0.749844 -0.242980 0.615381
v 0.739725 -0.290285 0.607076
v 0.727823 -0.336890 0.597309
v 0.714168 -0.382683 0.586103
v 0.698793 -0.427555 0.573485
v 0.681734 -0.471397 0.559485
v 0.663033 -0.514103 0.544137
v 0.642735 -0.555570 0.527479
v 0.620888 -0.595699 0.509549
v 0.597545 -0.634393 0.490393
v 0.572763 -0.671559 0.470054
v 0.546601 -0.707107 0.448584
v 0.519122 -0.740951 0.426032
v 0.490393 -0.773010 0.402455
v 0.460482 -0.803208 0.377908
v 0.429462 -0.831470 0.352450
v 0.397407 -0.857729 0.326143
v 0.364394 -0.881921 0.299051
v 0.330505 -0.903989 0.271238
v 0.295818 -0.923880 0.242772
v 0.260419 -0.941544 0.213721
v 0.224393 -0.956940 0.184155
v 0.187826 -0.970031 0.154145
v 0.150807 -0.980785 0.123764
v 0.113424 -0.989177 0.093085
v 0.075768 -0.995185 0.062181
v 0.037930 -0.998795 0.031128
v 0.034696 0.998795 0.034696
v 0.069309 0.995185 0.069309
v 0.103754 0.989177 0.103754
v 0.137950 0.980785 0.137950
v 0.171813 0.970031 0.171813
v 0.205262 0.956940 0.205262
v 0.238217 0.941544 0.238217
v 0.270598 0.923880 0.270598
v 0.302327 0.903989 0.302327
v 0.333328 0.881921 0.333328
v 0.363525 0.857729 0.363525
v 0.392848 0.831470 0.392848
v 0.421223 0.803208 0.421223
v 0.448584 0.773010 0.448584
v 0.474864 0.740951 0.474864
v 0.500000 0.707107 0.500000
v 0.523931 0.671559 0.523931
v 0.546601 0.634393 0.546601
v 0.567953 0.595699 0.567953
v 0.587938 0.555570 0.587938
v 0.606506 0.514103 0.606506
v 0.623612 0.471397 0.623612
v 0.639217 0.427555 0.639217
v 0.653281 0.382683 0.653281
v 0.665772 0.336890 0.665772
v 0.676659 0.290285 0.676659
v 0.685915 0.242980 0.685915
v 0.693520 0.195090 0.693520
v 0.699453 0.146730 0.699453
v 0.703702 0.098017 0.703702
v 0.706255 0.049068 0.706255
v 0.707107 0.000000 0.707107
v 0.706255 -0.049068 0.706255
v 0.703702 -0.098017 0.703702
v 0.699453 -0.146730 0.699453
v 0.693520 -0.195090 0.693520
v 0.685915 -0.242980 0.685915
v 0.676659 -0.290285 0.676659
v 0.665772 -0.336890 0.665772
v 0.653281 -0.382683 0.653281
v 0.639217 -0.427555 0.639217
v 0.623612 -0.471397 0.623612
v 0.606506 -0.514103 0.606506
v 0.587938 -0.555570 0.587938
v 0.567953 -0.595699 0.567953
v 0.546601 -0.634393 0.546601
v 0.523931 -0.671559 0.523931
v 0.500000 -0.707107 0.500000
v 0.474864 -0.740951 0.474864
v 0.448584 -0.773010 0.448584
v 0.421223 -0.803208 0.421223
v 0.392848 -0.831470 0.392848
v 0.363525 -0.857729 0.363525
v 0.333328 -0.881921 0.333328
v 0.302327 -0.903989 0.302327
v 0.270598 -0.923880 0.270598
v 0.238217 -0.941544 0.238217
v 0.205262 -0.956940 0.205262
v 0.171813 -0.970031 0.171813
v 0.137950 -0.980785 0.137950
v 0.103754 -0.989177 0.103754
v 0.069309 -0.995185 0.069309
v 0.034696 -0.998795 0.034696
v 0.031128 0.998795 0.037930
v 0.062181 0.995185 0.075768
v 0.093085 0.989177 0.113424
v 0.123764 0.980785 0.150807
v 0.154145 0.970031 0.187826
v 0.184155 0.956940 0.224393
v 0.213721 0.941544 0.260419
v 0.242772 0.923880 0.295818
v 0.271238 0.903989 0.330505
v 0.299051 0.881921 0.364395
v 0.326143 0.857729 0.397407
v 0.352450 0.831470 0.429462
v 0.377907 0.803208 0.460482
v 0.402455 0.773010 0.490393
v 0.426032 0.740951 0.519122
v 0.448584 0.707107 0.546601
v 0.470054 0.671559 0.572763
v 0.490393 0.634393 0.597545
v 0.509549 0.595699 0.620888
v 0.527479 0.555570 0.642735
v 0.544137 0.514103 0.663033
v 0.559485 0.471397 0.681734
v 0.573485 0.427555 0.698793
v 0.586103 0.382683 0.714168
v 0.597309 0.336890 0.727823
v 0.607076 0.290285 0.739725
v 0.615381 0.242980 0.749844
v 0.622203 0.195090 0.758157
v 0.627527 0.146730 0.764643
v 0.631338 0.098017 0.769288
v 0.633629 0.049068 0.772079
v 0.634393 0.000000 0.773010
v 0.633629 -0.049068 0.772079
v 0.631338 -0.098017 0.769288
v 0.627527 -0.146730 0.764643
v 0.622203 -0.195090 0.758157
v 0.615381 -0.242980 0.749844
v 0.607076 -0.290285 0.739725
v 0.597309 -0.336890 0.727823
v 0.586103 -0.382683 0.714168
v 0.573485 -0.427555 0.698793
v 0.559485 -0.471397 0.681734
v 0.544137 -0.514103 0.663033
v 0.527479 -0.555570 0.642735
v 0.509549 -0.595699 0.620888
v 0.490393 -0.634393 0.597545
v 0.470054 -0.671559 0.572763
v 0.448584 -0.707107 0.546601
v 0.426032 -0.740951 0.519122
v 0.402455 -0.773010 0.490393
v 0.377907 -0.803208 0.460482
v 0.352450 -0.831470 0.429462
v 0.326143 -0.857729 0.397407
v 0.299051 -0.881921 0.364395
v 0.271238 -0.903989 0.330505
v 0.242772 -0.923880 0.295818
v 0.213721 -0.941544 0.260419
v 0.184155 -0.956940 0.224393
v 0.154145 -0.970031 0.187826
v 0.123764 -0.980785 0.150807
v 0.093085 -0.989177 0.113424
v 0.062181 -0.995185 0.075768
v 0.031128 -0.998795 0.037930
v 0.027261 0.998795 0.040798
v 0.054455 0.995185 0.081498
v 0.081519 0.989177 0.122002
v 0.108386 0.980785 0.162212
v 0.134992 0.970031 0.202031
v 0.161274 0.956940 0.241363
v 0.187166 0.941544 0.280114
v 0.212607 0.923880 0.318190
v 0.237537 0.903989 0.355499
v 0.261894 0.881921 0.391952
v 0.285620 0.857729 0.427461
v 0.308658 0.831470 0.461940
v 0.330953 0.803208 0.495306
v 0.352450 0.773010 0.527479
v 0.373098 0.740951 0.558381
v 0.392847 0.707107 0.587938
v 0.411650 0.671559 0.616078
v 0.429462 0.634393 0.642735
v 0.446238 0.595699 0.667843
v 0.461940 0.555570 0.691342
v 0.476528 0.514103 0.713175
v 0.489969 0.471397 0.733291
v 0.502230 0.427555 0.751640
v 0.513280 0.382683 0.768178
v 0.523094 0.336890 0.782865
v 0.531647 0.290285 0.795667
v 0.538920 0.242980 0.806551
v 0.544895 0.195090 0.815493
v 0.549557 0.146730 0.822470
v 0.552895 0.098017 0.827466
v 0.554901 0.049068 0.830468
v 0.555570 0.000000 0.831470
v 0.554901 -0.049068 0.830468
v 0.552895 -0.098017 0.827466
v 0.549557 -0.146730 0.822470
v 0.544895 -0.195090 0.815493
v 0.538920 -0.242980 0.806551
v 0.531647 -0.290285 0.795667
v 0.523094 -0.336890 0.782865
v 0.513280 -0.382683 0.768178
v 0.502230 -0.427555 0.751640
v 0.489969 -0.471397 0.733291
v 0.476528 -0.514103 0.713175
v 0.461940 -0.555570 0.691342
v 0.446238 -0.595699 0.667843
v 0.429462 -0.634393 0.642735
v 0.411650 -0.671559 0.616078
v 0.392847 -0.707107 0.587938
v 0.373098 -0.740951 0.558381
v 0.352450 -0.773010 0.527479
v 0.330953 -0.803208 0.495306
v 0.308658 -0.831470 0.461940
v 0.285620 -0.857729 0.427461
v 0.261894 -0.881921 0.391952
v 0.237537 -0.903989 0.355499
v 0.212607 -0.923880 0.318190
v 0.187166 -0.941544 0.280114
v 0.161274 -0.956940 0.241363
v 0.134992 -0.970031 0.202031
v 0.108386 -0.980785 0.162212
v 0.081519 -0.989177 0.122002
v 0.054455 -0.995185 0.081498
v 0.027261 -0.998795 0.040798
v 0.023130 0.998795 0.043274
v 0.046205 0.995185 0.086443
v 0.069168 0.989177 0.129405
v 0.091965 0.980785 0.172054
v 0.114540 0.970031 0.214289
v 0.136839 0.956940 0.256008
v 0.158809 0.941544 0.297110
v 0.180396 0.923880 0.337497
v 0.201548 0.903989 0.377070
v 0.222215 0.881921 0.415735
v 0.242346 0.857729 0.453398
v 0.261894 0.831470 0.489969
v 0.280811 0.803208 0.525360
v 0.299051 0.773010 0.559485
v 0.316571 0.740951 0.592262
v 0.333328 0.707107 0.623612
v 0.349282 0.671559 0.653460
v 0.364395 0.634393 0.681734
v 0.378629 0.595699 0.708366
v 0.391952 0.555570 0.733291
v 0.404330 0.514103 0.756449
v 0.415735 0.471397 0.777785
v 0.426138 0.427555 0.797247
v 0.435514 0.382683 0.814789
v 0.443841 0.336890 0.830367
v 0.451098 0.290285 0.843946
v 0.457269 0.242980 0.855491
v 0.462339 0.195090 0.864975
v 0.466294 0.146730 0.872375
v 0.469127 0.098017 0.877674
v 0.470829 0.049068 0.880859
v 0.471397 0.000000 0.881921
v 0.470829 -0.049068 0.880859
v 0.469127 -0.098017 0.877674
v 0.466294 -0.146730 0.872375
v 0.462339 -0.195090 0.864975
v 0.457269 -0.242980 0.855491
v 0.451098 -0.290285 0.843946
v 0.443841 -0.336890 0.830367
v 0.435514 -0.382683 0.814789
v 0.426138 -0.427555 0.797247
v 0.415735 -0.471397 0.777785
v 0.404330 -0.514103 0.756449
v 0.391952 -0.555570 0.733291
v 0.378629 -0.595699 0.708366
v 0.364395 -0.634393 0.681734
v 0.349282 -0.671559 0.653460
v 0.333328 -0.707107 0.623612
v 0.316571 -0.740951 0.592262
v 0.299051 -0.773010 0.559485
v 0.280811 -0.803208 0.525360
v 0.261894 -0.831470 0.489969
v 0.242346 -0.857729 0.453398
v 0.222215 -0.881921 0.415735
v 0.201548 -0.903989 0.377070
v 0.180396 -0.923880 0.337497
v 0.158809 -0.941544 0.297110
v 0.136839 -0.956940 0.256008
v 0.114540 -0.970031 0.214289
v 0.091965 -0.980785 0.172054
v 0.069168 -0.989177 0.129405
v 0.046205 -0.995185 0.086443
v 0.023130 -0.998795 0.043274
v 0.018777 0.998795 0.045333
v 0.037510 0.995185 0.090556
v 0.056151 0.989177 0.135561
v 0.074658 0.980785 0.180240
v 0.092984 0.970031 0.224484
v 0.111087 0.956940 0.268188
v 0.128922 0.941544 0.311246
v 0.146447 0.923880 0.353553
v 0.163618 0.903989 0.395009
v 0.180396 0.881921 0.435514
v 0.196738 0.857729 0.474969
v 0.212608 0.831470 0.513280
v 0.227964 0.803208 0.550354
v 0.242772 0.773010 0.586103
v 0.256994 0.740951 0.620439
v 0.270598 0.707107 0.653281
v 0.283550 0.671559 0.684549
v 0.295818 0.634393 0.714168
v 0.307374 0.595699 0.742067
v 0.318190 0.555570 0.768178
v 0.328238 0.514103 0.792438
v 0.337497 0.471397 0.814789
v 0.345942 0.427555 0.835177
v 0.353553 0.382683 0.853553
v 0.360313 0.336890 0.869873
v 0.366205 0.290285 0.884097
v 0.371215 0.242980 0.896192
v 0.375330 0.195090 0.906127
v 0.378541 0.146730 0.913879
v 0.380841 0.098017 0.919431
v 0.382222 0.049068 0.922767
v 0.382683 0.000000 0.923879
v 0.382222 -0.049068 0.922767
v 0.380841 -0.098017 0.919431
v 0.378541 -0.146730 0.913879
v 0.375330 -0.195090 0.906127
v 0.371215 -0.242980 0.896192
v 0.366205 -0.290285 0.884097
v 0.360313 -0.336890 0.869873
v 0.353553 -0.382683 0.853553
v 0.345942 -0.427555 0.835177
v 0.337497 -0.471397 0.814789
v 0.328238 -0.514103 0.792438
v 0.318190 -0.555570 0.768178
v 0.307374 -0.595699 0.742067
v 0.295818 -0.634393 0.714168
v 0.283550 -0.671559 0.684549
v 0.270598 -0.707107 0.653281
v 0.256994 -0.740951 0.620439
v 0.242772 -0.773010 0.586103
v 0.227964 -0.803208 0.550354
v 0.212608 -0.831470 0.513280
v 0.196738 -0.857729 0.474969
v 0.180396 -0.881921 0.435514
v 0.163618 -0.903989 0.395009
v 0.146447 -0.923880 0.353553
v 0.128922 -0.941544 0.311246
v 0.111087 -0.956940 0.268188
v 0.092984 -0.970031 0.224484
v 0.074658 -0.980785 0.180240
v 0.056151 -0.989177 0.135561
v 0.037510 -0.995185 0.090556
v 0.018777 -0.998795 0.045333
v 0.014244 0.998795 0.046955
v 0.028453 0.995185 0.093797
v 0.042594 0.989177 0.140412
v 0.056632 0.980785 0.186690
v 0.070533 0.970031 0.232517
v 0.084265 0.956940 0.277785
v 0.097794 0.941544 0.322383
v 0.111087 0.923880 0.366205
v 0.124113 0.903989 0.409145
v 0.136839 0.881921 0.451098
v 0.149236 0.857729 0.491965
v 0.161274 0.831470 0.531648
v 0.172922 0.803208 0.570049
v 0.184155 0.773010 0.607076
v 0.194943 0.740951 0.642642
v 0.205262 0.707107 0.676659
v 0.215087 0.671559 0.709046
v 0.224393 0.634393 0.739725
v 0.233159 0.595699 0.768622
v 0.241363 0.555570 0.795667
v 0.248985 0.514103 0.820795
v 0.256008 0.471397 0.843946
v 0.262414 0.427555 0.865064
v 0.268188 0.382683 0.884097
v 0.273316 0.336890 0.901001
v 0.277785 0.290285 0.915735
v 0.281585 0.242980 0.928262
v 0.284707 0.195090 0.938553
v 0.287143 0.146730 0.946582
v 0.288887 0.098017 0.952332
v 0.289935 0.049068 0.955787
v 0.290284 0.000000 0.956940
v 0.289935 -0.049068 0.955787
v 0.288887 -0.098017 0.952332
v 0.287143 -0.146730 0.946582
v 0.284707 -0.195090 0.938553
v 0.281585 -0.242980 0.928262
v 0.277785 -0.290285 0.915735
v 0.273316 -0.336890 0.901001
v 0.268188 -0.382683 0.884097
v 0.262414 -0.427555 0.865064
v 0.256008 -0.471397 0.843946
v 0.248985 -0.514103 0.820795
v 0.241363 -0.555570 0.795667
v 0.233159 -0.595699 0.768622
v 0.224393 -0.634393 0.739725
v 0.215087 -0.671559 0.709046
v 0.205262 -0.707107 0.676659
v 0.194943 -0.740951 0.642642
v 0.184155 -0.773010 0.607076
v 0.172922 -0.803208 0.570049
v 0.161274 -0.831470 0.531648
v 0.149236 -0.857729 0.491965
v 0.136839 -0.881921 0.451098
v 0.124113 -0.903989 0.409145
v 0.111087 -0.923880 0.366205
v 0.097794 -0.941544 0.322383
v 0.084265 -0.956940 0.277785
v 0.070533 -0.970031 0.232517
v 0.056632 -0.980785 0.186690
v 0.042594 -0.989177 0.140412
v 0.028453 -0.995185 0.093797
v 0.014244 -0.998795 0.046955
v 0.009573 0.998795 0.048125
v 0.019122 0.995185 0.096134
v 0.028626 0.989177 0.143911
v 0.038060 0.980785 0.191342
v 0.047403 0.970031 0.238311
v 0.056632 0.956940 0.284707
v 0.065724 0.941544 0.330417
v 0.074658 0.923880 0.375330
v 0.083412 0.903989 0.419340
v 0.091965 0.881921 0.462339
v 0.100296 0.857729 0.504224
v 0.108386 0.831470 0.544895
v 0.116215 0.803208 0.584253
v 0.123764 0.773010 0.622204
v 0.131015 0.740951 0.658655
v 0.137950 0.707107 0.693520
v 0.144552 0.671559 0.726714
v 0.150807 0.634393 0.758157
v 0.156698 0.595699 0.787774
v 0.162212 0.555570 0.815493
v 0.167334 0.514103 0.841247
v 0.172054 0.471397 0.864975
v 0.176360 0.427555 0.886619
v 0.180240 0.382683 0.906127
v 0.183686 0.336890 0.923452
v 0.186690 0.290285 0.938553
v 0.189243 0.242980 0.951392
v 0.191342 0.195090 0.961940
v 0.192979 0.146730 0.970169
v 0.194151 0.098017 0.976062
v 0.194855 0.049068 0.979604
v 0.195090 0.000000 0.980785
v 0.194855 -0.049068 0.979604
v 0.194151 -0.098017 0.976062
v 0.192979 -0.146730 0.970169
v 0.191342 -0.195090 0.961940
v 0.189243 -0.242980 0.951392
v 0.186690 -0.290285 0.938553
v 0.183686 -0.336890 0.923452
v 0.180240 -0.382683 0.906127
v 0.176360 -0.427555 0.886619
v 0.172054 -0.471397 0.864975
v 0.167334 -0.514103 0.841247
v 0.162212 -0.555570 0.815493
v 0.156698 -0.595699 0.787774
v 0.150807 -0.634393 0.758157
v 0.144552 -0.671559 0.726714
v 0.137950 -0.707107 0.693520
v 0.131015 -0.740951 0.658655
v 0.123764 -0.773010 0.622204
v 0.116215 -0.803208 0.584253
v 0.108386 -0.831470 0.544895
v 0.100296 -0.857729 0.504224
v 0.091965 -0.881921 0.462339
v 0.083412 -0.903989 0.419340
v 0.074658 -0.923880 0.375330
v 0.065724 -0.941544 0.330417
v 0.056632 -0.956940 0.284707
v 0.047403 -0.970031 0.238311
v 0.038060 -0.980785 0.191342
v 0.028626 -0.989177 0.143911
v 0.019122 -0.995185 0.096134
v 0.009573 -0.998795 0.048125
v 0.004809 0.998795 0.048831
v 0.009607 0.995185 0.097545
v 0.014382 0.989177 0.146024
v 0.019122 0.980785 0.194151
v 0.023816 0.970031 0.241810
v 0.028453 0.956940 0.288887
v 0.033021 0.941544 0.335268
v 0.037510 0.923880 0.380841
v 0.041908 0.903989 0.425496
v 0.046205 0.881921 0.469127
v 0.050391 0.857729 0.511627
v 0.054455 0.831470 0.552895
v 0.058389 0.803208 0.592831
v 0.062181 0.773010 0.631338
v 0.065824 0.740951 0.668325
v 0.069308 0.707107 0.703702
v 0.072626 0.671559 0.737383
v 0.075768 0.634393 0.769288
v 0.078728 0.595699 0.799340
v 0.081498 0.555570 0.827466
v 0.084072 0.514103 0.853598
v 0.086443 0.471397 0.877674
v 0.088606 0.427555 0.899636
v 0.090556 0.382683 0.919430
v 0.092288 0.336890 0.937010
v 0.093796 0.290285 0.952332
v 0.095080 0.242980 0.965360
v 0.096134 0.195090 0.976062
v 0.096956 0.146730 0.984413
v 0.097545 0.098017 0.990392
v 0.097899 0.049068 0.993986
v 0.098017 0.000000 0.995185
v 0.097899 -0.049068 0.993986
v 0.097545 -0.098017 0.990392
v 0.096956 -0.146730 0.984413
v 0.096134 -0.195090 0.976062
v 0.095080 -0.242980 0.965360
v 0.093796 -0.290285 0.952332
v 0.092288 -0.336890 0.937010
v 0.090556 -0.382683 0.919430
v 0.088606 -0.427555 0.899636
v 0.086443 -0.471397 0.877674
v 0.084072 -0.514103 0.853598
v 0.081498 -0.555570 0.827466
v 0.078728 -0.595699 0.799340
v 0.075768 -0.634393 0.769288
v 0.072626 -0.671559 0.737383
v 0.069308 -0.707107 0.703702
v 0.065824 -0.740951 0.668325
v 0.062181 -0.773010 0.631338
v 0.058389 -0.803208 0.592831
v 0.054455 -0.831470 0.552895
v 0.050391 -0.857729 0.511627
v 0.046205 -0.881921 0.469127
v 0.041908 -0.903989 0.425496
v 0.037510 -0.923880 0.380841
v 0.033021 -0.941544 0.335268
v 0.028453 -0.956940 0.288887
v 0.023816 -0.970031 0.241810
v 0.019122 -0.980785 0.194151
v 0.014382 -0.989177 0.146024
v 0.009607 -0.995185 0.097545
v 0.004809 -0.998795 0.048831
v -0.000000 0.998795 0.049068
v -0.000000 0.995185 0.098017
v 0.000000 0.989177 0.146730
v 0.000000 0.980785 0.195090
v -0.000000 0.970031 0.242980
v -0.000000 0.956940 0.290285
v -0.000000 0.941544 0.336890
v -0.000000 0.923880 0.382683
v 0.000000 0.903989 0.427555
v -0.000000 0.881921 0.471397
v -0.000000 0.857729 0.514102
v 0.000000 0.831470 0.555571
v -0.000000 0.803208 0.595699
v 0.000000 0.773010 0.634393
v 0.000000 0.740951 0.671559
v -0.000000 0.707107 0.707107
v -0.000000 0.671559 0.740951
v 0.000000 0.634393 0.773010
v -0.000000 0.595699 0.803207
v 0.000000 0.555570 0.831470
v -0.000000 0.514103 0.857728
v -0.000000 0.471397 0.881921
v -0.000000 0.427555 0.903989
v -0.000000 0.382683 0.923879
v 0.000000 0.336890 0.941544
v -0.000000 0.290285 0.956940
v -0.000000 0.242980 0.970031
v -0.000000 0.195090 0.980785
v 0.000000 0.146730 0.989176
v -0.000000 0.098017 0.995184
v -0.000000 0.049068 0.998795
v -0.000000 0.000000 1.000000
v -0.000000 -0.049068 0.998795
v -0.000000 -0.098017 0.995184
v 0.000000 -0.146730 0.989176
v -0.000000 -0.195090 0.980785
v -0.000000 -0.242980 0.970031
v -0.000000 -0.290285 0.956940
v 0.000000 -0.336890 0.941544
v -0.000000 -0.382683 0.923879
v -0.000000 -0.427555 0.903989
v -0.000000 -0.471397 0.881921
v -0.000000 -0.514103 0.857728
v 0.000000 -0.555570 0.831470
v -0.000000 -0.595699 0.803207
v 0.000000 -0.634393 0.773010
v -0.000000 -0.671559 0.740951
v -0.000000 -0.707107 0.707107
v 0.000000 -0.740951 0.671559
v 0.000000 -0.773010 0.634393
v -0.000000 -0.803208 0.595699
v 0.000000 -0.831470 0.555571
v -0.000000 -0.857729 0.514102
v -0.000000 -0.881921 0.471397
v 0.000000 -0.903989 0.427555
v -0.000000 -0.923880 0.382683
v -0.000000 -0.941544 0.336890
v -0.000000 -0.956940 0.290285
v -0.000000 -0.970031 0.242980
v 0.000000 -0.980785 0.195090
v 0.000000 -0.989177 0.146730
v -0.000000 -0.995185 0.098017
v -0.000000 -0.998795 0.049068
v -0.004809 0.998795 0.048831
v -0.009607 0.995185 0.097545
v -0.014382 0.989177 0.146024
v -0.019122 0.980785 0.194151
v -0.023816 0.970031 0.241810
v -0.028453 0.956940 0.288887
v -0.033021 0.941544 0.335268
v -0.037510 0.923880 0.380840
v -0.041908 0.903989 0.425496
v -0.046205 0.881921 0.469127
v -0.050391 0.857729 0.511627
v -0.054455 0.831470 0.552895
v -0.058389 0.803208 0.592831
v -0.062181 0.773010 0.631338
v -0.065824 0.740951 0.668325
v -0.069309 0.707107 0.703702
v -0.072626 0.671559 0.737383
v -0.075768 0.634393 0.769288
v -0.078728 0.595699 0.799340
v -0.081498 0.555570 0.827466
v -0.084072 0.514103 0.853598
v -0.086443 0.471397 0.877674
v -0.088606 0.427555 0.899636
v -0.090556 0.382683 0.919430
v -0.092287 0.336890 0.937010
v -0.093797 0.290285 0.952332
v -0.095080 0.242980 0.965360
v -0.096134 0.195090 0.976062
v -0.096956 0.146730 0.984413
v -0.097545 0.098017 0.990392
v -0.097899 0.049068 0.993986
v -0.098017 0.000000 0.995184
v -0.097899 -0.049068 0.993986
v -0.097545 -0.098017 0.990392
v -0.096956 -0.146730 0.984413
v -0.096134 -0.195090 0.976062
v -0.095080 -0.242980 0.965360
v -0.093797 -0.290285 0.952332
v -0.092287 -0.336890 0.937010
v -0.090556 -0.382683 0.919430
v -0.088606 -0.427555 0.899636
v -0.086443 -0.471397 0.877674
v -0.084072 -0.514103 0.853598
v -0.081498 -0.555570 0.827466
v -0.078728 -0.595699 0.799340
v -0.075768 -0.634393 0.769288
v -0.072626 -0.671559 0.737383
v -0.069309 -0.707107 0.703702
v -0.065824 -0.740951 0.668325
v -0.062181 -0.773010 0.631338
v -0.058389 -0.803208 0.592831
v -0.054455 -0.831470 0.552895
v -0.050391 -0.857729 0.511627
v -0.046205 -0.881921 0.469127
v -0.041908 -0.903989 0.425496
v -0.037510 -0.923880 0.380840
v -0.033021 -0.941544 0.335268
v -0.028453 -0.956940 0.288887
v -0.023816 -0.970031 0.241810
v -0.019122 -0.980785 0.194151
v -0.014382 -0.989177 0.146024
v -0.009607 -0.995185 0.097545
v -0.004809 -0.998795 0.048831
v -0.009573 0.998795 0.048125
v -0.019122 0.995185 0.096134
v -0.028626 0.989177 0.143911
v -0.038060 0.980785 0.191342
v -0.047403 0.970031 0.238311
v -0.056632 0.956940 0.284707
v -0.065724 0.941544 0.330417
v -0.074658 0.923880 0.375330
v -0.083412 0.903989 0.419340
v -0.091965 0.881921 0.462339
v -0.100296 0.857729 0.504224
v -0.108386 0.831470 0.544895
v -0.116215 0.803208 0.584253
v -0.123764 0.773010 0.622204
v -0.131015 0.740951 0.658655
v -0.137950 0.707107 0.693520
v -0.144552 0.671559 0.726714
v -0.150807 0.634393 0.758157
v -0.156698 0.595699 0.787774
v -0.162212 0.555570 0.815493
v -0.167335 0.514103 0.841247
v -0.172054 0.471397 0.864975
v -0.176360 0.427555 0.886619
v -0.180240 0.382683 0.906127
v -0.183686 0.336890 0.923452
v -0.186690 0.290285 0.938553
v -0.189244 0.242980 0.951392
v -0.191342 0.195090 0.961940
v -0.192979 0.146730 0.970169
v -0.194151 0.098017 0.976062
v -0.194855 0.049068 0.979604
v -0.195090 0.000000 0.980785
v -0.194855 -0.049068 0.979604
v -0.194151 -0.098017 0.976062
v -0.192979 -0.146730 0.970169
v -0.191342 -0.195090 0.961940
v -0.189244 -0.242980 0.951392
v -0.186690 -0.290285 0.938553
v -0.183686 -0.336890 0.923452
v -0.180240 -0.382683 0.906127
v -0.176360 -0.427555 0.886619
v -0.172054 -0.471397 0.864975
v -0.167335 -0.514103 0.841247
v -0.162212 -0.555570 0.815493
v -0.156698 -0.595699 0.787774
v -0.150807 -0.634393 0.758157
v -0.144552 -0.671559 0.726714
v -0.137950 -0.707107 0.693520
v -0.131015 -0.740951 0.658655
v -0.123764 -0.773010 0.622204
v -0.116215 -0.803208 0.584253
v -0.108386 -0.831470 0.544895
v -0.100296 -0.857729 0.504224
v -0.091965 -0.881921 0.462339
v -0.083412 -0.903989 0.419340
v -0.074658 -0.923880 0.375330
v -0.065724 -0.941544 0.330417
v -0.056632 -0.956940 0.284707
v -0.047403 -0.970031 0.238311
v -0.038060 -0.980785 0.191342
v -0.028626 -0.989177 0.143911
v -0.019122 -0.995185 0.096134
v -0.009573 -0.998795 0.048125
v -0.014244 0.998795 0.046955
v -0.028453 0.995185 0.093797
v -0.042594 0.989177 0.140412
v -0.056632 0.980785 0.186690
v -0.070533 0.970031 0.232517
v -0.084265 0.956940 0.277785
v -0.097794 0.941544 0.322383
v -0.111087 0.923880 0.366205
v -0.124113 0.903989 0.409145
v -0.136839 0.881921 0.451098
v -0.149236 0.857729 0.491965
v -0.161274 0.831470 0.531648
v -0.172922 0.803208 0.570048
v -0.184155 0.773010 0.607076
v -0.194943 0.740951 0.642642
v -0.205262 0.707107 0.676659
v -0.215087 0.671559 0.709046
v -0.224393 0.634393 0.739725
v -0.233159 0.595699 0.768621
v -0.241363 0.555570 0.795667
v -0.248985 0.514103 0.820795
v -0.256008 0.471397 0.843946
v -0.262414 0.427555 0.865064
v -0.268188 0.382683 0.884097
v -0.273316 0.336890 0.901001
v -0.277785 0.290285 0.915735
v -0.281585 0.242980 0.928261
v -0.284707 0.195090 0.938553
v -0.287143 0.146730 0.946582
v -0.288887 0.098017 0.952332
v -0.289935 0.049068 0.955787
v -0.290285 0.000000 0.956940
v -0.289935 -0.049068 0.955787
v -0.288887 -0.098017 0.952332
v -0.287143 -0.146730 0.946582
v -0.284707 -0.195090 0.938553
v -0.281585 -0.242980 0.928261
v -0.277785 -0.290285 0.915735
v -0.273316 -0.336890 0.901001
v -0.268188 -0.382683 0.884097
v -0.262414 -0.427555 0.865064
v -0.256008 -0.471397 0.843946
v -0.248985 -0.514103 0.820795
v -0.241363 -0.555570 0.795667
v -0.233159 -0.595699 0.768621
v -0.224393 -0.634393 0.739725
v -0.215087 -0.671559 0.709046
v -0.205262 -0.707107 0.676659
v -0.194943 -0.740951 0.642642
v -0.184155 -0.773010 0.607076
v -0.172922 -0.803208 0.570048
v -0.161274 -0.831470 0.531648
v -0.149236 -0.857729 0.491965
v -0.136839 -0.881921 0.451098
v -0.124113 -0.903989 0.409145
v -0.111087 -0.923880 0.366205
v -0.097794 -0.941544 0.322383
v -0.084265 -0.956940 0.277785
v -0.070533 -0.970031 0.232517
v -0.056632 -0.980785 0.186690
v -0.042594 -0.989177 0.140412
v -0.028453 -0.995185 0.093797
v -0.014244 -0.998795 0.046955
v -0.018777 0.998795 0.045333
v -0.037510 0.995185 0.090556
v -0.056151 0.989177 0.135561
v -0.074658 0.980785 0.180240
v -0.092984 0.970031 0.224484
v -0.111087 0.956940 0.268188
v -0.128922 0.941544 0.311246
v -0.146447 0.923880 0.353553
v -0.163618 0.903989 0.395010
v -0.180396 0.881921 0.435514
v -0.196739 0.857729 0.474969
v -0.212608 0.831470 0.513280
v -0.227964 0.803208 0.550354
v -0.242772 0.773010 0.586103
v -0.256994 0.740951 0.620439
v -0.270598 0.707107 0.653281
v -0.283550 0.671559 0.684549
v -0.295818 0.634393 0.714168
v -0.307374 0.595699 0.742067
v -0.318190 0.555570 0.768178
v -0.328238 0.514103 0.792438
v -0.337497 0.471397 0.814789
v -0.345942 0.427555 0.835177
v -0.353553 0.382683 0.853553
v -0.360313 0.336890 0.869873
v -0.366205 0.290285 0.884097
v -0.371215 0.242980 0.896191
v -0.375330 0.195090 0.906127
v -0.378541 0.146730 0.913879
v -0.380841 0.098017 0.919430
v -0.382222 0.049068 0.922766
v -0.382684 0.000000 0.923879
v -0.382222 -0.049068 0.922766
v -0.380841 -0.098017 0.919430
v -0.378541 -0.146730 0.913879
v -0.375330 -0.195090 0.906127
v -0.371215 -0.242980 0.896191
v -0.366205 -0.290285 0.884097
v -0.360313 -0.336890 0.869873
v -0.353553 -0.382683 0.853553
v -0.345942 -0.427555 0.835177
v -0.337497 -0.471397 0.814789
v -0.328238 -0.514103 0.792438
v -0.318190 -0.555570 0.768178
v -0.307374 -0.595699 0.742067
v -0.295818 -0.634393 0.714168
v -0.283550 -0.671559 0.684549
v -0.270598 -0.707107 0.653281
v -0.256994 -0.740951 0.620439
v -0.242772 -0.773010 0.586103
v -0.227964 -0.803208 0.550354
v -0.212608 -0.831470 0.513280
v -0.196739 -0.857729 0.474969
v -0.180396 -0.881921 0.435514
v -0.163618 -0.903989 0.395010
v -0.146447 -0.923880 0.353553
v -0.128922 -0.941544 0.311246
v -0.111087 -0.956940 0.268188
v -0.092984 -0.970031 0.224484
v -0.074658 -0.980785 0.180240
v -0.056151 -0.989177 0.135561
v -0.037510 -0.995185 0.090556
v -0.018777 -0.998795 0.045333
v -0.023130 0.998795 0.043274
v -0.046205 0.995185 0.086443
v -0.069168 0.989177 0.129405
v -0.091965 0.980785 0.172054
v -0.114540 0.970031 0.214289
v -0.136839 0.956940 0.256008
v -0.158809 0.941544 0.297110
v -0.180396 0.923880 0.337496
v -0.201548 0.903989 0.377070
v -0.222215 0.881921 0.415735
v -0.242346 0.857729 0.453398
v -0.261894 0.831470 0.489970
v -0.280811 0.803208 0.525360
v -0.299051 0.773010 0.559485
v -0.316571 0.740951 0.592262
v -0.333328 0.707107 0.623612
v -0.349282 0.671559 0.653460
v -0.364394 0.634393 0.681734
v -0.378629 0.595699 0.708365
v -0.391952 0.555570 0.733291
v -0.404330 0.514103 0.756449
v -0.415735 0.471397 0.777785
v -0.426138 0.427555 0.797247
v -0.435514 0.382683 0.814789
v -0.443841 0.336890 0.830368
v -0.451099 0.290285 0.843946
v -0.457269 0.242980 0.855491
v -0.462339 0.195090 0.864975
v -0.466294 0.146730 0.872375
v -0.469127 0.098017 0.877674
v -0.470829 0.049068 0.880859
v -0.471397 0.000000 0.881921
v -0.470829 -0.049068 0.880859
v -0.469127 -0.098017 0.877674
v -0.466294 -0.146730 0.872375
v -0.462339 -0.195090 0.864975
v -0.457269 -0.242980 0.855491
v -0.451099 -0.290285 0.843946
v -0.443841 -0.336890 0.830368
v -0.435514 -0.382683 0.814789
v -0.426138 -0.427555 0.797247
v -0.415735 -0.471397 0.777785
v -0.404330 -0.514103 0.756449
v -0.391952 -0.555570 0.733291
v -0.378629 -0.595699 0.708365
v -0.364394 -0.634393 0.681734
v -0.349282 -0.671559 0.653460
v -0.333328 -0.707107 0.623612
v -0.316571 -0.740951 0.592262
v -0.299051 -0.773010 0.559485
v -0.280811 -0.803208 0.525360
v -0.261894 -0.831470 0.489970
v -0.242346 -0.857729 0.453398
v -0.222215 -0.881921 0.415735
v -0.201548 -0.903989 0.377070
v -0.180396 -0.923880 0.337496
v -0.158809 -0.941544 0.297110
v -0.136839 -0.956940 0.256008
v -0.114540 -0.970031 0.214289
v -0.091965 -0.980785 0.172054
v -0.069168 -0.989177 0.129405
v -0.046205 -0.995185 0.086443
v -0.023130 -0.998795 0.043274
v -0.027261 0.998795 0.040798
v -0.054455 0.995185 0.081498
v -0.081519 0.989177 0.122002
v -0.108386 0.980785 0.162212
v -0.134993 0.970031 0.202031
v -0.161274 0.956940 0.241363
v -0.187166 0.941544 0.280114
v -0.212607 0.923880 0.318189
v -0.237537 0.903989 0.355499
v -0.261894 0.881921 0.391952
v -0.285620 0.857729 0.427460
v -0.308658 0.831470 0.461940
v -0.330953 0.803208 0.495306
v -0.352450 0.773010 0.527479
v -0.373098 0.740951 0.558381
v -0.392848 0.707107 0.587938
v -0.411650 0.671559 0.616078
v -0.429461 0.634393 0.642735
v -0.446238 0.595699 0.667842
v -0.461940 0.555570 0.691342
v -0.476528 0.514103 0.713175
v -0.489969 0.471397 0.733290
v -0.502230 0.427555 0.751640
v -0.513280 0.382683 0.768177
v -0.523094 0.336890 0.782865
v -0.531648 0.290285 0.795667
v -0.538920 0.242980 0.806551
v -0.544895 0.195090 0.815493
v -0.549557 0.146730 0.822469
v -0.552895 0.098017 0.827466
v -0.554901 0.049068 0.830468
v -0.555570 0.000000 0.831469
v -0.554901 -0.049068 0.830468
v -0.552895 -0.098017 0.827466
v -0.549557 -0.146730 0.822469
v -0.544895 -0.195090 0.815493
v -0.538920 -0.242980 0.806551
v -0.531648 -0.290285 0.795667
v -0.523094 -0.336890 0.782865
v -0.513280 -0.382683 0.768177
v -0.502230 -0.427555 0.751640
v -0.489969 -0.471397 0.733290
v -0.476528 -0.514103 0.713175
v -0.461940 -0.555570 0.691342
v -0.446238 -0.595699 0.667842
v -0.429461 -0.634393 0.642735
v -0.411650 -0.671559 0.616078
v -0.392848 -0.707107 0.587938
v -0.373098 -0.740951 0.558381
v -0.352450 -0.773010 0.527479
v -0.330953 -0.803208 0.495306
v -0.308658 -0.831470 0.461940
v -0.285620 -0.857729 0.427460
v -0.261894 -0.881921 0.391952
v -0.237537 -0.903989 0.355499
v -0.212607 -0.923880 0.318189
v -0.187166 -0.941544 0.280114
v -0.161274 -0.956940 0.241363
v -0.134993 -0.970031 0.202031
v -0.108386 -0.980785 0.162212
v -0.081519 -0.989177 0.122002
v -0.054455 -0.995185 0.081498
v -0.027261 -0.998795 0.040798
v -0.031128 0.998795 0.037930
v -0.062181 0.995185 0.075768
v -0.093085 0.989177 0.113424
v -0.123764 0.980785 0.150807
v -0.154145 0.970031 0.187826
v -0.184155 0.956940 0.224393
v -0.213721 0.941544 0.260419
v -0.242772 0.923880 0.295818
v -0.271238 0.903989 0.330505
v -0.299051 0.881921 0.364394
v -0.326143 0.857729 0.397406
v -0.352450 0.831470 0.429462
v -0.377908 0.803208 0.460482
v -0.402455 0.773010 0.490393
v -0.426032 0.740951 0.519122
v -0.448584 0.707107 0.546601
v -0.470054 0.671559 0.572763
v -0.490392 0.634393 0.597545
v -0.509549 0.595699 0.620888
v -0.527479 0.555570 0.642735
v -0.544137 0.514103 0.663033
v -0.559485 0.471397 0.681734
v -0.573485 0.427555 0.698793
v -0.586103 0.382683 0.714168
v -0.597309 0.336890 0.727823
v -0.607077 0.290285 0.739725
v -0.615381 0.242980 0.749844
v -0.622204 0.195090 0.758157
v -0.627526 0.146730 0.764643
v -0.631338 0.098017 0.769288
v -0.633629 0.049068 0.772079
v -0.634393 0.000000 0.773010
v -0.633629 -0.049068 0.772079
v -0.631338 -0.098017 0.769288
v -0.627526 -0.146730 0.764643
v -0.622204 -0.195090 0.758157
v -0.615381 -0.242980 0.749844
v -0.607077 -0.290285 0.739725
v -0.597309 -0.336890 0.727823
v -0.586103 -0.382683 0.714168
v -0.573485 -0.427555 0.698793
v -0.559485 -0.471397 0.681734
v -0.544137 -0.514103 0.663033
v -0.527479 -0.555570 0.642735
v -0.509549 -0.595699 0.620888
v -0.490392 -0.634393 0.597545
v -0.470054 -0.671559 0.572763
v -0.448584 -0.707107 0.546601
v -0.426032 -0.740951 0.519122
v -0.402455 -0.773010 0.490393
v -0.377908 -0.803208 0.460482
v -0.352450 -0.831470 0.429462
v -0.326143 -0.857729 0.397406
v -0.299051 -0.881921 0.364394
v -0.271238 -0.903989 0.330505
v -0.242772 -0.923880 0.295818
v -0.213721 -0.941544 0.260419
v -0.184155 -0.956940 0.224393
v -0.154145 -0.970031 0.187826
v -0.123764 -0.980785 0.150807
v -0.093085 -0.989177 0.113424
v -0.062181 -0.995185 0.075768
v -0.031128 -0.998795 0.037930
v -0.034696 0.998795 0.034696
v -0.069309 0.995185 0.069309
v -0.103754 0.989177 0.103754
v -0.137950 0.980785 0.137950
v -0.171813 0.970031 0.171813
v -0.205262 0.956940 0.205262
v -0.238217 0.941544 0.238217
v -0.270598 0.923880 0.270598
v -0.302327 0.903989 0.302327
v -0.333328 0.881921 0.333328
v -0.363525 0.857729 0.363525
v -0.392848 0.831470 0.392848
v -0.421223 0.803208 0.421223
v -0.448584 0.773010 0.448584
v -0.474864 0.740951 0.474864
v -0.500000 0.707107 0.500000
v -0.523931 0.671559 0.523931
v -0.546601 0.634393 0.546601
v -0.567953 0.595699 0.567953
v -0.587938 0.555570 0.587938
v -0.606506 0.514103 0.606506
v -0.623612 0.471397 0.623612
v -0.639217 0.427555 0.639217
v -0.653281 0.382683 0.653281
v -0.665772 0.336890 0.665772
v -0.676659 0.290285 0.676659
v -0.685915 0.242980 0.685915
v -0.693520 0.195090 0.693520
v -0.699453 0.146730 0.699453
v -0.703702 0.098017 0.703702
v -0.706255 0.049068 0.706255
v -0.707107 0.000000 0.707106
v -0.706255 -0.049068 0.706255
v -0.703702 -0.098017 0.703702
v -0.699453 -0.146730 0.699453
v -0.693520 -0.195090 0.693520
v -0.685915 -0.242980 0.685915
v -0.676659 -0.290285 0.676659
v -0.665772 -0.336890 0.665772
v -0.653281 -0.382683 0.653281
v -0.639217 -0.427555 0.639217
v -0.623612 -0.471397 0.623612
v -0.606506 -0.514103 0.606506
v -0.587938 -0.555570 0.587938
v -0.567953 -0.595699 0.567953
v -0.546601 -0.634393 0.546601
v -0.523931 -0.671559 0.523931
v -0.500000 -0.707107 0.500000
v -0.474864 -0.740951 0.474864
v -0.448584 -0.773010 0.448584
v -0.421223 -0.803208 0.421223
v -0.392848 -0.831470 0.392848
v -0.363525 -0.857729 0.363525
v -0.333328 -0.881921 0.333328
v -0.302327 -0.903989 0.302327
v -0.270598 -0.923880 0.270598
v -0.238217 -0.941544 0.238217
v -0.205262 -0.956940 0.205262
v -0.171813 -0.970031 0.171813
v -0.137950 -0.980785 0.137950
v -0.103754 -0.989177 0.103754
v -0.069309 -0.995185 0.069309
v -0.034696 -0.998795 0.034696
v -0.037930 0.998795 0.031128
v -0.075768 0.995185 0.062181
v -0.113424 0.989177 0.093085
v -0.150807 0.980785 0.123764
v -0.187826 0.970031 0.154145
v -0.224393 0.956940 0.184155
v -0.260419 0.941544 0.213721
v -0.295818 0.923880 0.242772
v -0.330505 0.903989 0.271238
v -0.364394 0.881921 0.299051
v -0.397407 0.857729 0.326143
v -0.429462 0.831470 0.352450
v -0.460482 0.803208 0.377907
v -0.490393 0.773010 0.402455
v -0.519122 0.740951 0.426032
v -0.546601 0.707107 0.448584
v -0.572763 0.671559 0.470054
v -0.597545 0.634393 0.490393
v -0.620888 0.595699 0.509549
v -0.642735 0.555570 0.527479
v -0.663033 0.514103 0.544137
v -0.681734 0.471397 0.559485
v -0.698793 0.427555 0.573485
v -0.714168 0.382683 0.586103
v -0.727823 0.336890 0.597309
v -0.739725 0.290285 0.607076
v -0.749844 0.242980 0.615381
v -0.758157 0.195090 0.622203
v -0.764643 0.146730 0.627526
v -0.769288 0.098017 0.631338
v -0.772079 0.049068 0.633629
v -0.773010 0.000000 0.634393
v -0.772079 -0.049068 0.633629
v -0.769288 -0.098017 0.631338
v -0.764643 -0.146730 0.627526
v -0.758157 -0.195090 0.622203
v -0.749844 -0.242980 0.615381
v -0.739725 -0.290285 0.607076
v -0.727823 -0.336890 0.597309
v -0.714168 -0.382683 0.586103
v -0.698793 -0.427555 0.573485
v -0.681734 -0.471397 0.559485
v -0.663033 -0.514103 0.544137
v -0.642735 -0.555570 0.527479
v -0.620888 -0.595699 0.509549
v -0.597545 -0.634393 0.490393
v -0.572763 -0.671559 0.470054
v -0.546601 -0.707107 0.448584
v -0.519122 -0.740951 0.426032
v -0.490393 -0.773010 0.402455
v -0.460482 -0.803208 0.377907
v -0.429462 -0.831470 0.352450
v -0.397407 -0.857729 0.326143
v -0.364394 -0.881921 0.299051
v -0.330505 -0.903989 0.271238
v -0.295818 -0.923880 0.242772
v -0.260419 -0.941544 0.213721
v -0.224393 -0.956940 0.184155
v -0.187826 -0.970031 0.154145
v -0.150807 -0.980785 0.123764
v -0.113424 -0.989177 0.093085
v -0.075768 -0.995185 0.062181
v -0.037930 -0.998795 0.031128
v -0.040798 0.998795 0.027261
v -0.081498 0.995185 0.054455
v -0.122002 0.989177 0.081519
v -0.162212 0.980785 0.108386
v -0.202031 0.970031 0.134992
v -0.241363 0.956940 0.161274
v -0.280114 0.941544 0.187166
v -0.318189 0.923880 0.212607
v -0.355499 0.903989 0.237537
v -0.391952 0.881921 0.261894
v -0.427460 0.857729 0.285620
v -0.461940 0.831470 0.308659
v -0.495306 0.803208 0.330953
v -0.527479 0.773010 0.352450
v -0.558381 0.740951 0.373098
v -0.587938 0.707107 0.392847
v -0.616078 0.671559 0.411650
v -0.642734 0.634393 0.429462
v -0.667842 0.595699 0.446238
v -0.691342 0.555570 0.461940
v -0.713175 0.514103 0.476528
v -0.733290 0.471397 0.489969
v -0.751640 0.427555 0.502230
v -0.768177 0.382683 0.513280
v -0.782865 0.336890 0.523094
v -0.795667 0.290285 0.531647
v -0.806551 0.242980 0.538920
v -0.815493 0.195090 0.544895
v -0.822470 0.146730 0.549556
v -0.827466 0.098017 0.552895
v -0.830468 0.049068 0.554901
v -0.831470 0.000000 0.555570
v -0.830468 -0.049068 0.554901
v -0.827466 -0.098017 0.552895
v -0.822470 -0.146730 0.549556
v -0.815493 -0.195090 0.544895
v -0.806551 -0.242980 0.538920
v -0.795667 -0.290285 0.531647
v -0.782865 -0.336890 0.523094
v -0.768177 -0.382683 0.513280
v -0.751640 -0.427555 0.502230
v -0.733290 -0.471397 0.489969
v -0.713175 -0.514103 0.476528
v -0.691342 -0.555570 0.461940
v -0.667842 -0.595699 0.446238
v -0.642734 -0.634393 0.429462
v -0.616078 -0.671559 0.411650
v -0.587938 -0.707107 0.392847
v -0.558381 -0.740951 0.373098
v -0.527479 -0.773010 0.352450
v -0.495306 -0.803208 0.330953
v -0.461940 -0.831470 0.308659
v -0.427460 -0.857729 0.285620
v -0.391952 -0.881921 0.261894
v -0.355499 -0.903989 0.237537
v -0.318189 -0.923880 0.212607
v -0.280114 -0.941544 0.187166
v -0.241363 -0.956940 0.161274
v -0.202031 -0.970031 0.134992
v -0.162212 -0.980785 0.108386
v -0.122002 -0.989177 0.081519
v -0.081498 -0.995185 0.054455
v -0.040798 -0.998795 0.027261
v -0.043274 0.998795 0.023130
v -0.086443 0.995185 0.046205
v -0.129405 0.989177 0.069168
v -0.172054 0.980785 0.091965
v -0.214289 0.970031 0.114540
v -0.256008 0.956940 0.136839
v -0.297110 0.941544 0.158809
v -0.337496 0.923880 0.180396
v -0.377070 0.903989 0.201548
v -0.415735 0.881921 0.222215
v -0.453398 0.857729 0.242346
v -0.489969 0.831470 0.261894
v -0.525360 0.803208 0.280810
v -0.559485 0.773010 0.299051
v -0.592262 0.740951 0.316571
v -0.623612 0.707107 0.333328
v -0.653460 0.671559 0.349282
v -0.681734 0.634393 0.364395
v -0.708365 0.595699 0.378629
v -0.733291 0.555570 0.391952
v -0.756449 0.514103 0.404330
v -0.777785 0.471397 0.415735
v -0.797247 0.427555 0.426138
v -0.814789 0.382683 0.435513
v -0.830367 0.336890 0.443841
v -0.843946 0.290285 0.451098
v -0.855491 0.242980 0.457269
v -0.864975 0.195090 0.462339
v -0.872375 0.146730 0.466294
v -0.877674 0.098017 0.469127
v -0.880859 0.049068 0.470829
v -0.881921 0.000000 0.471396
v -0.880859 -0.049068 0.470829
v -0.877674 -0.098017 0.469127
v -0.872375 -0.146730 0.466294
v -0.864975 -0.195090 0.462339
v -0.855491 -0.242980 0.457269
v -0.843946 -0.290285 0.451098
v -0.830367 -0.336890 0.443841
v -0.814789 -0.382683 0.435513
v -0.797247 -0.427555 0.426138
v -0.777785 -0.471397 0.415735
v -0.756449 -0.514103 0.404330
v -0.733291 -0.555570 0.391952
v -0.708365 -0.595699 0.378629
v -0.681734 -0.634393 0.364395
v -0.653460 -0.671559 0.349282
v -0.623612 -0.707107 0.333328
v -0.592262 -0.740951 0.316571
v -0.559485 -0.773010 0.299051
v -0.525360 -0.803208 0.280810
v -0.489969 -0.831470 0.261894
v -0.453398 -0.857729 0.242346
v -0.415735 -0.881921 0.222215
v -0.377070 -0.903989 0.201548
v -0.337496 -0.923880 0.180396
v -0.297110 -0.941544 0.158809
v -0.256008 -0.956940 0.136839
v -0.214289 -0.970031 0.114540
v -0.172054 -0.980785 0.091965
v -0.129405 -0.989177 0.069168
v -0.086443 -0.995185 0.046205
v -0.043274 -0.998795 0.023130
v -0.045333 0.998795 0.018777
v -0.090556 0.995185 0.037509
v -0.135561 0.989177 0.056151
v -0.180240 0.980785 0.074658
v -0.224484 0.970031 0.092984
v -0.268188 0.956940 0.111087
v -0.311246 0.941544 0.128922
v -0.353553 0.923880 0.146446
v -0.395010 0.903989 0.163618
v -0.435514 0.881921 0.180396
v -0.474969 0.857729 0.196738
v -0.513280 0.831470 0.212608
v -0.550354 0.803208 0.227964
v -0.586103 0.773010 0.242772
v -0.620439 0.740951 0.256994
v -0.653281 0.707107 0.270598
v -0.684549 0.671559 0.283550
v -0.714168 0.634393 0.295818
v -0.742067 0.595699 0.307374
v -0.768178 0.555570 0.318190
v -0.792438 0.514103 0.328238
v -0.814789 0.471397 0.337496
v -0.835177 0.427555 0.345942
v -0.853553 0.382683 0.353553
v -0.869873 0.336890 0.360313
v -0.884098 0.290285 0.366205
v -0.896191 0.242980 0.371214
v -0.906127 0.195090 0.375330
v -0.913879 0.146730 0.378541
v -0.919431 0.098017 0.380840
v -0.922766 0.049068 0.382222
v -0.923879 0.000000 0.382683
v -0.922766 -0.049068 0.382222
v -0.919431 -0.098017 0.380840
v -0.913879 -0.146730 0.378541
v -0.906127 -0.195090 0.375330
v -0.896191 -0.242980 0.371214
v -0.884098 -0.290285 0.366205
v -0.869873 -0.336890 0.360313
v -0.853553 -0.382683 0.353553
v -0.835177 -0.427555 0.345942
v -0.814789 -0.471397 0.337496
v -0.792438 -0.514103 0.328238
v -0.768178 -0.555570 0.318190
v -0.742067 -0.595699 0.307374
v -0.714168 -0.634393 0.295818
v -0.684549 -0.671559 0.283550
v -0.653281 -0.707107 0.270598
v -0.620439 -0.740951 0.256994
v -0.586103 -0.773010 0.242772
v -0.550354 -0.803208 0.227964
v -0.513280 -0.831470 0.212608
v -0.474969 -0.857729 0.196738
v -0.435514 -0.881921 0.180396
v -0.395010 -0.903989 0.163618
v -0.353553 -0.923880 0.146446
v -0.311246 -0.941544 0.128922
v -0.268188 -0.956940 0.111087
v -0.224484 -0.970031 0.092984
v -0.180240 -0.980785 0.074658
v -0.135561 -0.989177 0.056151
v -0.090556 -0.995185 0.037509
v -0.045333 -0.998795 0.018777
v -0.046955 0.998795 0.014244
v -0.093796 0.995185 0.028453
v -0.140412 0.989177 0.042594
v -0.186690 0.980785 0.056632
v -0.232517 0.970031 0.070533
v -0.277785 0.956940 0.084265
v -0.322383 0.941544 0.097794
v -0.366205 0.923880 0.111087
v -0.409145 0.903989 0.124113
v -0.451098 0.881921 0.136839
v -0.491965 0.857729 0.149236
v -0.531648 0.831470 0.161274
v -0.570048 0.803208 0.172922
v -0.607076 0.773010 0.184155
v -0.642642 0.740951 0.194943
v -0.676659 0.707107 0.205262
v -0.709046 0.671559 0.215087
v -0.739725 0.634393 0.224393
v -0.768621 0.595699 0.233159
v -0.795667 0.555570 0.241363
v -0.820795 0.514103 0.248985
v -0.843946 0.471397 0.256008
v -0.865064 0.427555 0.262414
v -0.884097 0.382683 0.268188
v -0.901001 0.336890 0.273316
v -0.915735 0.290285 0.277785
v -0.928261 0.242980 0.281585
v -0.938553 0.195090 0.284707
v -0.946582 0.146730 0.287142
v -0.952332 0.098017 0.288887
v -0.955787 0.049068 0.289935
v -0.956940 0.000000 0.290284
v -0.955787 -0.049068 0.289935
v -0.952332 -0.098017 0.288887
v -0.946582 -0.146730 0.287142
v -0.938553 -0.195090 0.284707
v -0.928261 -0.242980 0.281585
v -0.915735 -0.290285 0.277785
v -0.901001 -0.336890 0.273316
v -0.884097 -0.382683 0.268188
v -0.865064 -0.427555 0.262414
v -0.843946 -0.471397 0.256008
v -0.820795 -0.514103 0.248985
v -0.795667 -0.555570 0.241363
v -0.768621 -0.595699 0.233159
v -0.739725 -0.634393 0.224393
v -0.709046 -0.671559 0.215087
v -0.676659 -0.707107 0.205262
v -0.642642 -0.740951 0.194943
v -0.607076 -0.773010 0.184155
v -0.570048 -0.803208 0.172922
v -0.531648 -0.831470 0.161274
v -0.491965 -0.857729 0.149236
v -0.451098 -0.881921 0.136839
v -0.409145 -0.903989 0.124113
v -0.366205 -0.923880 0.111087
v -0.322383 -0.941544 0.097794
v -0.277785 -0.956940 0.084265
v -0.232517 -0.970031 0.070533
v -0.186690 -0.980785 0.056632
v -0.140412 -0.989177 0.042594
v -0.093796 -0.995185 0.028453
v -0.046955 -0.998795 0.014244
v -0.048125 0.998795 0.009573
v -0.096134 0.995185 0.019122
v -0.143911 0.989177 0.028626
v -0.191342 0.980785 0.038060
v -0.238311 0.970031 0.047403
v -0.284707 0.956940 0.056632
v -0.330417 0.941544 0.065724
v -0.375330 0.923880 0.074658
v -0.419340 0.903989 0.083412
v -0.462339 0.881921 0.091965
v -0.504224 0.857729 0.100296
v -0.544895 0.831470 0.108386
v -0.584253 0.803208 0.116215
v -0.622204 0.773010 0.123764
v -0.658655 0.740951 0.131015
v -0.693520 0.707107 0.137949
v -0.726714 0.671559 0.144552
v -0.758157 0.634393 0.150807
v -0.787774 0.595699 0.156698
v -0.815493 0.555570 0.162212
v -0.841247 0.514103 0.167334
v -0.864975 0.471397 0.172054
v -0.886619 0.427555 0.176360
v -0.906127 0.382683 0.180240
v -0.923452 0.336890 0.183686
v -0.938553 0.290285 0.186690
v -0.951392 0.242980 0.189243
v -0.961940 0.195090 0.191342
v -0.970169 0.146730 0.192978
v -0.976062 0.098017 0.194151
v -0.979603 0.049068 0.194855
v -0.980785 0.000000 0.195090
v -0.979603 -0.049068 0.194855
v -0.976062 -0.098017 0.194151
v -0.970169 -0.146730 0.192978
v -0.961940 -0.195090 0.191342
v -0.951392 -0.242980 0.189243
v -0.938553 -0.290285 0.186690
v -0.923452 -0.336890 0.183686
v -0.906127 -0.382683 0.180240
v -0.886619 -0.427555 0.176360
v -0.864975 -0.471397 0.172054
v -0.841247 -0.514103 0.167334
v -0.815493 -0.555570 0.162212
v -0.787774 -0.595699 0.156698
v -0.758157 -0.634393 0.150807
v -0.726714 -0.671559 0.144552
v -0.693520 -0.707107 0.137949
v -0.658655 -0.740951 0.131015
v -0.622204 -0.773010 0.123764
v -0.584253 -0.803208 0.116215
v -0.544895 -0.831470 0.108386
v -0.504224 -0.857729 0.100296
v -0.462339 -0.881921 0.091965
v -0.419340 -0.903989 0.083412
v -0.375330 -0.923880 0.074658
v -0.330417 -0.941544 0.065724
v -0.284707 -0.956940 0.056632
v -0.238311 -0.970031 0.047403
v -0.191342 -0.980785 0.038060
v -0.143911 -0.989177 0.028626
v -0.096134 -0.995185 0.019122
v -0.048125 -0.998795 0.009573
v -0.048831 0.998795 0.004809
v -0.097545 0.995185 0.009607
v -0.146024 0.989177 0.014382
v -0.194151 0.980785 0.019122
v -0.241810 0.970031 0.023816
v -0.288887 0.956940 0.028453
v -0.335268 0.941544 0.033021
v -0.380840 0.923880 0.037509
v -0.425496 0.903989 0.041908
v -0.469127 0.881921 0.046205
v -0.511627 0.857729 0.050391
v -0.552895 0.831470 0.054455
v -0.592831 0.803208 0.058389
v -0.631338 0.773010 0.062181
v -0.668325 0.740951 0.065824
v -0.703702 0.707107 0.069308
v -0.737383 0.671559 0.072626
v -0.769288 0.634393 0.075768
v -0.799339 0.595699 0.078728
v -0.827466 0.555570 0.081498
v -0.853598 0.514103 0.084072
v -0.877674 0.471397 0.086443
v -0.899636 0.427555 0.088606
v -0.919430 0.382683 0.090556
v -0.937010 0.336890 0.092288
v -0.952332 0.290285 0.093796
v -0.965359 0.242980 0.095079
v -0.976062 0.195090 0.096134
v -0.984412 0.146730 0.096956
v -0.990392 0.098017 0.097545
v -0.993986 0.049068 0.097899
v -0.995184 0.000000 0.098017
v -0.993986 -0.049068 0.097899
v -0.990392 -0.098017 0.097545
v -0.984412 -0.146730 0.096956
v -0.976062 -0.195090 0.096134
v -0.965359 -0.242980 0.095079
v -0.952332 -0.290285 0.093796
v -0.937010 -0.336890 0.092288
v -0.919430 -0.382683 0.090556
v -0.899636 -0.427555 0.088606
v -0.877674 -0.471397 0.086443
v -0.853598 -0.514103 0.084072
v -0.827466 -0.555570 0.081498
v -0.799339 -0.595699 0.078728
v -0.769288 -0.634393 0.075768
v -0.737383 -0.671559 0.072626
v -0.703702 -0.707107 0.069308
v -0.668325 -0.740951 0.065824
v -0.631338 -0.773010 0.062181
v -0.592831 -0.803208 0.058389
v -0.552895 -0.831470 0.054455
v -0.511627 -0.857729 0.050391
v -0.469127 -0.881921 0.046205
v -0.425496 -0.903989 0.041908
v -0.380840 -0.923880 0.037509
v -0.335268 -0.941544 0.033021
v -0.288887 -0.956940 0.028453
v -0.241810 -0.970031 0.023816
v -0.194151 -0.980785 0.019122
v -0.146024 -0.989177 0.014382
v -0.097545 -0.995185 0.009607
v -0.048831 -0.998795 0.004809
v -0.049068 0.998795 -0.000000
v -0.098017 0.995185 -0.000000
v -0.146730 0.989177 0.000000
v -0.195090 0.980785 0.000000
v -0.242980 0.970031 -0.000000
v -0.290285 0.956940 -0.000000
v -0.336890 0.941544 -0.000000
v -0.382683 0.923880 -0.000000
v -0.427555 0.903989 -0.000000
v -0.471396 0.881921 -0.000000
v -0.514102 0.857729 -0.000000
v -0.555571 0.831470 0.000000
v -0.595699 0.803208 -0.000000
v -0.634393 0.773010 0.000000
v -0.671559 0.740951 -0.000000
v -0.707107 0.707107 -0.000000
v -0.740951 0.671559 -0.000000
v -0.773010 0.634393 0.000000
v -0.803207 0.595699 -0.000000
v -0.831470 0.555570 0.000000
v -0.857728 0.514103 -0.000000
v -0.881921 0.471397 -0.000000
v -0.903989 0.427555 -0.000000
v -0.923879 0.382683 -0.000000
v -0.941544 0.336890 0.000000
v -0.956940 0.290285 -0.000000
v -0.970030 0.242980 -0.000000
v -0.980785 0.195090 -0.000000
v -0.989175 0.146730 -0.000000
v -0.995184 0.098017 -0.000000
v -0.998795 0.049068 -0.000000
v -1.000000 0.000000 -0.000000
v -0.998795 -0.049068 -0.000000
v -0.995184 -0.098017 -0.000000
v -0.989175 -0.146730 -0.000000
v -0.980785 -0.195090 -0.000000
v -0.970030 -0.242980 -0.000000
v -0.956940 -0.290285 -0.000000
v -0.941544 -0.336890 0.000000
v -0.923879 -0.382683 -0.000000
v -0.903989 -0.427555 -0.000000
v -0.881921 -0.471397 -0.000000
v -0.857728 -0.514103 -0.000000
v -0.831470 -0.555570 0.000000
v -0.803207 -0.595699 -0.000000
v -0.773010 -0.634393 0.000000
v -0.740951 -0.671559 -0.000000
v -0.707107 -0.707107 -0.000000
v -0.671559 -0.740951 -0.000000
v -0.634393 -0.773010 0.000000
v -0.595699 -0.803208 -0.000000
v -0.555571 -0.831470 0.000000
v -0.514102 -0.857729 -0.000000
v -0.471396 -0.881921 -0.000000
v -0.427555 -0.903989 -0.000000
v -0.382683 -0.923880 -0.000000
v -0.336890 -0.941544 -0.000000
v -0.290285 -0.956940 -0.000000
v -0.242980 -0.970031 -0.000000
v -0.195090 -0.980785 0.000000
v -0.146730 -0.989177 0.000000
v -0.098017 -0.995185 -0.000000
v -0.049068 -0.998795 -0.000000
v -0.048831 0.998795 -0.004809
v -0.097545 0.995185 -0.009607
v -0.146024 0.989177 -0.014382
v -0.194151 0.980785 -0.019122
v -0.241810 0.970031 -0.023816
v -0.288887 0.956940 -0.028453
v -0.335268 0.941544 -0.033021
v -0.380840 0.923880 -0.037510
v -0.425496 0.903989 -0.041908
v -0.469127 0.881921 -0.046205
v -0.511627 0.857729 -0.050391
v -0.552895 0.831470 -0.054455
v -0.592830 0.803208 -0.058389
v -0.631338 0.773010 -0.062181
v -0.668325 0.740951 -0.065824
v -0.703702 0.707107 -0.069309
v -0.737383 0.671559 -0.072626
v -0.769288 0.634393 -0.075768
v -0.799339 0.595699 -0.078728
v -0.827466 0.555570 -0.081498
v -0.853598 0.514103 -0.084072
v -0.877674 0.471397 -0.086443
v -0.899636 0.427555 -0.088606
v -0.919430 0.382683 -0.090556
v -0.937010 0.336890 -0.092287
v -0.952332 0.290285 -0.093797
v -0.965359 0.242980 -0.095080
v -0.976062 0.195090 -0.096134
v -0.984412 0.146730 -0.096956
v -0.990392 0.098017 -0.097545
v -0.993986 0.049068 -0.097899
v -0.995184 0.000000 -0.098017
v -0.993986 -0.049068 -0.097899
v -0.990392 -0.098017 -0.097545
v -0.984412 -0.146730 -0.096956
v -0.976062 -0.195090 -0.096134
v -0.965359 -0.242980 -0.095080
v -0.952332 -0.290285 -0.093797
v -0.937010 -0.336890 -0.092287
v -0.919430 -0.382683 -0.090556
v -0.899636 -0.427555 -0.088606
v -0.877674 -0.471397 -0.086443
v -0.853598 -0.514103 -0.084072
v -0.827466 -0.555570 -0.081498
v -0.799339 -0.595699 -0.078728
v -0.769288 -0.634393 -0.075768
v -0.737383 -0.671559 -0.072626
v -0.703702 -0.707107 -0.069309
v -0.668325 -0.740951 -0.065824
v -0.631338 -0.773010 -0.062181
v -0.592830 -0.803208 -0.058389
v -0.552895 -0.831470 -0.054455
v -0.511627 -0.857729 -0.050391
v -0.469127 -0.881921 -0.046205
v -0.425496 -0.903989 -0.041908
v -0.380840 -0.923880 -0.037510
v -0.335268 -0.941544 -0.033021
v -0.288887 -0.956940 -0.028453
v -0.241810 -0.970031 -0.023816
v -0.194151 -0.980785 -0.019122
v -0.146024 -0.989177 -0.014382
v -0.097545 -0.995185 -0.009607
v -0.048831 -0.998795 -0.004809
v -0.048125 0.998795 -0.009573
v -0.096134 0.995185 -0.019122
v -0.143911 0.989177 -0.028626
v -0.191342 0.980785 -0.038060
v -0.238311 0.970031 -0.047403
v -0.284707 0.956940 -0.056632
v -0.330416 0.941544 -0.065724
v -0.375330 0.923880 -0.074658
v -0.419340 0.903989 -0.083412
v -0.462339 0.881921 -0.091965
v -0.504224 0.857729 -0.100296
v -0.544896 0.831470 -0.108386
v -0.584253 0.803208 -0.116215
v -0.622204 0.773010 -0.123764
v -0.658655 0.740951 -0.131015
v -0.693520 0.707107 -0.137950
v -0.726714 0.671559 -0.144552
v -0.758157 0.634393 -0.150807
v -0.787774 0.595699 -0.156698
v -0.815493 0.555570 -0.162212
v -0.841247 0.514103 -0.167335
v -0.864975 0.471397 -0.172054
v -0.886619 0.427555 -0.176360
v -0.906127 0.382683 -0.180240
v -0.923452 0.336890 -0.183686
v -0.938553 0.290285 -0.186690
v -0.951392 0.242980 -0.189244
v -0.961940 0.195090 -0.191342
v -0.970169 0.146730 -0.192979
v -0.976062 0.098017 -0.194151
v -0.979603 0.049068 -0.194855
v -0.980785 0.000000 -0.195091
v -0.979603 -0.049068 -0.194855
v -0.976062 -0.098017 -0.194151
v -0.970169 -0.146730 -0.192979
v -0.961940 -0.195090 -0.191342
v -0.951392 -0.242980 -0.189244
v -0.938553 -0.290285 -0.186690
v -0.923452 -0.336890 -0.183686
v -0.906127 -0.382683 -0.180240
v -0.886619 -0.427555 -0.176360
v -0.864975 -0.471397 -0.172054
v -0.841247 -0.514103 -0.167335
v -0.815493 -0.555570 -0.162212
v -0.787774 -0.595699 -0.156698
v -0.758157 -0.634393 -0.150807
v -0.726714 -0.671559 -0.144552
v -0.693520 -0.707107 -0.137950
v -0.658655 -0.740951 -0.131015
v -0.622204 -0.773010 -0.123764
v -0.584253 -0.803208 -0.116215
v -0.544896 -0.831470 -0.108386
v -0.504224 -0.857729 -0.100296
v -0.462339 -0.881921 -0.091965
v -0.419340 -0.903989 -0.083412
v -0.375330 -0.923880 -0.074658
v -0.330416 -0.941544 -0.065724
v -0.284707 -0.956940 -0.056632
v -0.238311 -0.970031 -0.047403
v -0.191342 -0.980785 -0.038060
v -0.143911 -0.989177 -0.028626
v -0.096134 -0.995185 -0.019122
v -0.048125 -0.998795 -0.009573
v -0.046955 0.998795 -0.014244
v -0.093796 0.995185 -0.028453
v -0.140412 0.989177 -0.042594
v -0.186690 0.980785 -0.056632
v -0.232517 0.970031 -0.070533
v -0.277785 0.956940 -0.084265
v -0.322383 0.941544 -0.097794
v -0.366205 0.923880 -0.111087
v -0.409145 0.903989 -0.124113
v -0.451098 0.881921 -0.136839
v -0.491965 0.857729 -0.149236
v -0.531648 0.831470 -0.161274
v -0.570048 0.803208 -0.172922
v -0.607076 0.773010 -0.184155
v -0.642642 0.740951 -0.194943
v -0.676659 0.707107 -0.205262
v -0.709046 0.671559 -0.215087
v -0.739725 0.634393 -0.224393
v -0.768621 0.595699 -0.233159
v -0.795667 0.555570 -0.241363
v -0.820795 0.514103 -0.248985
v -0.843946 0.471397 -0.256008
v -0.865064 0.427555 -0.262414
v -0.884097 0.382683 -0.268188
v -0.901001 0.336890 -0.273316
v -0.915735 0.290285 -0.277785
v -0.928261 0.242980 -0.281585
v -0.938553 0.195090 -0.284707
v -0.946582 0.146730 -0.287143
v -0.952332 0.098017 -0.288887
v -0.955787 0.049068 -0.289935
v -0.956940 0.000000 -0.290285
v -0.955787 -0.049068 -0.289935
v -0.952332 -0.098017 -0.288887
v -0.946582 -0.146730 -0.287143
v -0.938553 -0.195090 -0.284707
v -0.928261 -0.242980 -0.281585
v -0.915735 -0.290285 -0.277785
v -0.901001 -0.336890 -0.273316
v -0.884097 -0.382683 -0.268188
v -0.865064 -0.427555 -0.262414
v -0.843946 -0.471397 -0.256008
v -0.820795 -0.514103 -0.248985
v -0.795667 -0.555570 -0.241363
v -0.768621 -0.595699 -0.233159
v -0.739725 -0.634393 -0.224393
v -0.709046 -0.671559 -0.215087
v -0.676659 -0.707107 -0.205262
v -0.642642 -0.740951 -0.194943
v -0.607076 -0.773010 -0.184155
v -0.570048 -0.803208 -0.172922
v -0.531648 -0.831470 -0.161274
v -0.491965 -0.857729 -0.149236
v -0.451098 -0.881921 -0.136839
v -0.409145 -0.903989 -0.124113
v -0.366205 -0.923880 -0.111087
v -0.322383 -0.941544 -0.097794
v -0.277785 -0.956940 -0.084265
v -0.232517 -0.970031 -0.070533
v -0.186690 -0.980785 -0.056632
v -0.140412 -0.989177 -0.042594
v -0.093796 -0.995185 -0.028453
v -0.046955 -0.998795 -0.014244
v -0.045333 0.998795 -0.018777
v -0.090556 0.995185 -0.037510
v -0.135561 0.989177 -0.056151
v -0.180240 0.980785 -0.074658
v -0.224484 0.970031 -0.092984
v -0.268188 0.956940 -0.111087
v -0.311245 0.941544 -0.128922
v -0.353553 0.923880 -0.146446
v -0.395010 0.903989 -0.163618
v -0.435514 0.881921 -0.180396
v -0.474968 0.857729 -0.196738
v -0.513280 0.831470 -0.212608
v -0.550354 0.803208 -0.227964
v -0.586103 0.773010 -0.242772
v -0.620439 0.740951 -0.256994
v -0.653281 0.707107 -0.270598
v -0.684549 0.671559 -0.283550
v -0.714168 0.634393 -0.295818
v -0.742067 0.595699 -0.307374
v -0.768178 0.555570 -0.318190
v -0.792437 0.514103 -0.328238
v -0.814789 0.471397 -0.337497
v -0.835177 0.427555 -0.345942
v -0.853553 0.382683 -0.353553
v -0.869873 0.336890 -0.360313
v -0.884098 0.290285 -0.366205
v -0.896191 0.242980 -0.371215
v -0.906127 0.195090 -0.375330
v -0.913879 0.146730 -0.378541
v -0.919430 0.098017 -0.380841
v -0.922766 0.049068 -0.382222
v -0.923879 0.000000 -0.382684
v -0.922766 -0.049068 -0.382222
v -0.919430 -0.098017 -0.380841
v -0.913879 -0.146730 -0.378541
v -0.906127 -0.195090 -0.375330
v -0.896191 -0.242980 -0.371215
v -0.884098 -0.290285 -0.366205
v -0.869873 -0.336890 -0.360313
v -0.853553 -0.382683 -0.353553
v -0.835177 -0.427555 -0.345942
v -0.814789 -0.471397 -0.337497
v -0.792437 -0.514103 -0.328238
v -0.768178 -0.555570 -0.318190
v -0.742067 -0.595699 -0.307374
v -0.714168 -0.634393 -0.295818
v -0.684549 -0.671559 -0.283550
v -0.653281 -0.707107 -0.270598
v -0.620439 -0.740951 -0.256994
v -0.586103 -0.773010 -0.242772
v -0.550354 -0.803208 -0.227964
v -0.513280 -0.831470 -0.212608
v -0.474968 -0.857729 -0.196738
v -0.435514 -0.881921 -0.180396
v -0.395010 -0.903989 -0.163618
v -0.353553 -0.923880 -0.146446
v -0.311245 -0.941544 -0.128922
v -0.268188 -0.956940 -0.111087
v -0.224484 -0.970031 -0.092984
v -0.180240 -0.980785 -0.074658
v -0.135561 -0.989177 -0.056151
v -0.090556 -0.995185 -0.037510
v -0.045333 -0.998795 -0.018777
v -0.043274 0.998795 -0.023130
v -0.086443 0.995185 -0.046205
v -0.129405 0.989177 -0.069168
v -0.172054 0.980785 -0.091965
v -0.214289 0.970031 -0.114540
v -0.256008 0.956940 -0.136839
v -0.297110 0.941544 -0.158809
v -0.337496 0.923880 -0.180396
v -0.377070 0.903989 -0.201548
v -0.415735 0.881921 -0.222215
v -0.453398 0.857729 -0.242346
v -0.489970 0.831470 -0.261894
v -0.525360 0.803208 -0.280811
v -0.559485 0.773010 -0.299051
v -0.592262 0.740951 -0.316571
v -0.623612 0.707107 -0.333328
v -0.653460 0.671559 -0.349282
v -0.681734 0.634393 -0.364394
v -0.708365 0.595699 -0.378629
v -0.733291 0.555570 -0.391952
v -0.756449 0.514103 -0.404330
v -0.777785 0.471397 -0.415735
v -0.797247 0.427555 -0.426138
v -0.814788 0.382683 -0.435514
v -0.830368 0.336890 -0.443841
v -0.843946 0.290285 -0.451099
v -0.855490 0.242980 -0.457269
v -0.864975 0.195090 -0.462339
v -0.872375 0.146730 -0.466294
v -0.877674 0.098017 -0.469127
v -0.880858 0.049068 -0.470829
v -0.881921 0.000000 -0.471397
v -0.880858 -0.049068 -0.470829
v -0.877674 -0.098017 -0.469127
v -0.872375 -0.146730 -0.466294
v -0.864975 -0.195090 -0.462339
v -0.855490 -0.242980 -0.457269
v -0.843946 -0.290285 -0.451099
v -0.830368 -0.336890 -0.443841
v -0.814788 -0.382683 -0.435514
v -0.797247 -0.427555 -0.426138
v -0.777785 -0.471397 -0.415735
v -0.756449 -0.514103 -0.404330
v -0.733291 -0.555570 -0.391952
v -0.708365 -0.595699 -0.378629
v -0.681734 -0.634393 -0.364394
v -0.653460 -0.671559 -0.349282
v -0.623612 -0.707107 -0.333328
v -0.592262 -0.740951 -0.316571
v -0.559485 -0.773010 -0.299051
v -0.525360 -0.803208 -0.280811
v -0.489970 -0.831470 -0.261894
v -0.453398 -0.857729 -0.242346
v -0.415735 -0.881921 -0.222215
v -0.377070 -0.903989 -0.201548
v -0.337496 -0.923880 -0.180396
v -0.297110 -0.941544 -0.158809
v -0.256008 -0.956940 -0.136839
v -0.214289 -0.970031 -0.114540
v -0.172054 -0.980785 -0.091965
v -0.129405 -0.989177 -0.069168
v -0.086443 -0.995185 -0.046205
v -0.043274 -0.998795 -0.023130
v -0.040798 0.998795 -0.027261
v -0.081498 0.995185 -0.054455
v -0.122002 0.989177 -0.081519
v -0.162212 0.980785 -0.108386
v -0.202030 0.970031 -0.134992
v -0.241363 0.956940 -0.161274
v -0.280114 0.941544 -0.187166
v -0.318189 0.923880 -0.212607
v -0.355499 0.903989 -0.237537
v -0.391952 0.881921 -0.261894
v -0.427460 0.857729 -0.285620
v -0.461940 0.831470 -0.308659
v -0.495306 0.803208 -0.330953
v -0.527479 0.773010 -0.352450
v -0.558381 0.740951 -0.373098
v -0.587938 0.707107 -0.392847
v -0.616078 0.671559 -0.411650
v -0.642735 0.634393 -0.429461
v -0.667842 0.595699 -0.446238
v -0.691342 0.555570 -0.461940
v -0.713175 0.514103 -0.476528
v -0.733290 0.471397 -0.489969
v -0.751640 0.427555 -0.502230
v -0.768177 0.382683 -0.513280
v -0.782865 0.336890 -0.523094
v -0.795667 0.290285 -0.531648
v -0.806551 0.242980 -0.538920
v -0.815493 0.195090 -0.544895
v -0.822469 0.146730 -0.549557
v -0.827465 0.098017 -0.552895
v -0.830468 0.049068 -0.554901
v -0.831469 0.000000 -0.555570
v -0.830468 -0.049068 -0.554901
v -0.827465 -0.098017 -0.552895
v -0.822469 -0.146730 -0.549557
v -0.815493 -0.195090 -0.544895
v -0.806551 -0.242980 -0.538920
v -0.795667 -0.290285 -0.531648
v -0.782865 -0.336890 -0.523094
v -0.768177 -0.382683 -0.513280
v -0.751640 -0.427555 -0.502230
v -0.733290 -0.471397 -0.489969
v -0.713175 -0.514103 -0.476528
v -0.691342 -0.555570 -0.461940
v -0.667842 -0.595699 -0.446238
v -0.642735 -0.634393 -0.429461
v -0.616078 -0.671559 -0.411650
v -0.587938 -0.707107 -0.392847
v -0.558381 -0.740951 -0.373098
v -0.527479 -0.773010 -0.352450
v -0.495306 -0.803208 -0.330953
v -0.461940 -0.831470 -0.308659
v -0.427460 -0.857729 -0.285620
v -0.391952 -0.881921 -0.261894
v -0.355499 -0.903989 -0.237537
v -0.318189 -0.923880 -0.212607
v -0.280114 -0.941544 -0.187166
v -0.241363 -0.956940 -0.161274
v -0.202030 -0.970031 -0.134992
v -0.162212 -0.980785 -0.108386
v -0.122002 -0.989177 -0.081519
v -0.081498 -0.995185 -0.054455
v -0.040798 -0.998795 -0.027261
v -0.037930 0.998795 -0.031128
v -0.075768 0.995185 -0.062181
v -0.113424 0.989177 -0.093085
v -0.150807 0.980785 -0.123764
v -0.187826 0.970031 -0.154145
v -0.224393 0.956940 -0.184155
v -0.260419 0.941544 -0.213721
v -0.295818 0.923880 -0.242772
v -0.330505 0.903989 -0.271238
v -0.364394 0.881921 -0.299051
v -0.397406 0.857729 -0.326143
v -0.429462 0.831470 -0.352450
v -0.460481 0.803208 -0.377908
v -0.490393 0.773010 -0.402455
v -0.519122 0.740951 -0.426032
v -0.546601 0.707107 -0.448584
v -0.572763 0.671559 -0.470054
v -0.597545 0.634393 -0.490392
v -0.620887 0.595699 -0.509549
v -0.642735 0.555570 -0.527479
v -0.663033 0.514103 -0.544137
v -0.681734 0.471397 -0.559485
v -0.698793 0.427555 -0.573485
v -0.714168 0.382683 -0.586103
v -0.727823 0.336890 -0.597309
v -0.739725 0.290285 -0.607077
v -0.749843 0.242980 -0.615381
v -0.758157 0.195090 -0.622204
v -0.764643 0.146730 -0.627526
v -0.769288 0.098017 -0.631338
v -0.772079 0.049068 -0.633629
v -0.773010 0.000000 -0.634393
v -0.772079 -0.049068 -0.633629
v -0.769288 -0.098017 -0.631338
v -0.764643 -0.146730 -0.627526
v -0.758157 -0.195090 -0.622204
v -0.749843 -0.242980 -0.615381
v -0.739725 -0.290285 -0.607077
v -0.727823 -0.336890 -0.597309
v -0.714168 -0.382683 -0.586103
v -0.698793 -0.427555 -0.573485
v -0.681734 -0.471397 -0.559485
v -0.663033 -0.514103 -0.544137
v -0.642735 -0.555570 -0.527479
v -0.620887 -0.595699 -0.509549
v -0.597545 -0.634393 -0.490392
v -0.572763 -0.671559 -0.470054
v -0.546601 -0.707107 -0.448584
v -0.519122 -0.740951 -0.426032
v -0.490393 -0.773010 -0.402455
v -0.460481 -0.803208 -0.377908
v -0.429462 -0.831470 -0.352450
v -0.397406 -0.857729 -0.326143
v -0.364394 -0.881921 -0.299051
v -0.330505 -0.903989 -0.271238
v -0.295818 -0.923880 -0.242772
v -0.260419 -0.941544 -0.213721
v -0.224393 -0.956940 -0.184155
v -0.187826 -0.970031 -0.154145
v -0.150807 -0.980785 -0.123764
v -0.113424 -0.989177 -0.093085
v -0.075768 -0.995185 -0.062181
v -0.037930 -0.998795 -0.031128
v -0.034696 0.998795 -0.034696
v -0.069309 0.995185 -0.069309
v -0.103754 0.989177 -0.103754
v -0.137950 0.980785 -0.137950
v -0.171813 0.970031 -0.171813
v -0.205262 0.956940 -0.205262
v -0.238217 0.941544 -0.238217
v -0.270598 0.923880 -0.270598
v -0.302327 0.903989 -0.302327
v -0.333328 0.881921 -0.333328
v -0.363525 0.857729 -0.363525
v -0.392848 0.831470 -0.392848
v -0.421223 0.803208 -0.421223
v -0.448584 0.773010 -0.448584
v -0.474864 0.740951 -0.474864
v -0.500000 0.707107 -0.500000
v -0.523931 0.671559 -0.523931
v -0.546601 0.634393 -0.546601
v -0.567953 0.595699 -0.567953
v -0.587938 0.555570 -0.587938
v -0.606505 0.514103 -0.606505
v -0.623612 0.471397 -0.623612
v -0.639217 0.427555 -0.639217
v -0.653281 0.382683 -0.653281
v -0.665772 0.336890 -0.665772
v -0.676659 0.290285 -0.676659
v -0.685915 0.242980 -0.685915
v -0.693520 0.195090 -0.693520
v -0.699452 0.146730 -0.699453
v -0.703702 0.098017 -0.703702
v -0.706255 0.049068 -0.706255
v -0.707106 0.000000 -0.707107
v -0.706255 -0.049068 -0.706255
v -0.703702 -0.098017 -0.703702
v -0.699452 -0.146730 -0.699453
v -0.693520 -0.195090 -0.693520
v -0.685915 -0.242980 -0.685915
v -0.676659 -0.290285 -0.676659
v -0.665772 -0.336890 -0.665772
v -0.653281 -0.382683 -0.653281
v -0.639217 -0.427555 -0.639217
v -0.623612 -0.471397 -0.623612
v -0.606505 -0.514103 -0.606505
v -0.587938 -0.555570 -0.587938
v -0.567953 -0.595699 -0.567953
v -0.546601 -0.634393 -0.546601
v -0.523931 -0.671559 -0.523931
v -0.500000 -0.707107 -0.500000
v -0.474864 -0.740951 -0.474864
v -0.448584 -0.773010 -0.448584
v -0.421223 -0.803208 -0.421223
v -0.392848 -0.831470 -0.392848
v -0.363525 -0.857729 -0.363525
v -0.333328 -0.881921 -0.333328
v -0.302327 -0.903989 -0.302327
v -0.270598 -0.923880 -0.270598
v -0.238217 -0.941544 -0.238217
v -0.205262 -0.956940 -0.205262
v -0.171813 -0.970031 -0.171813
v -0.137950 -0.980785 -0.137950
v -0.103754 -0.989177 -0.103754
v -0.069309 -0.995185 -0.069309
v -0.034696 -0.998795 -0.034696
v -0.031128 0.998795 -0.037930
v -0.062181 0.995185 -0.075768
v -0.093085 0.989177 -0.113424
v -0.123764 0.980785 -0.150807
v -0.154145 0.970031 -0.187826
v -0.184155 0.956940 -0.224393
v -0.213721 0.941544 -0.260419
v -0.242772 0.923880 -0.295818
v -0.271238 0.903989 -0.330505
v -0.299051 0.881921 -0.364394
v -0.326143 0.857729 -0.397406
v -0.352450 0.831470 -0.429462
v -0.377907 0.803208 -0.460482
v -0.402455 0.773010 -0.490393
v -0.426032 0.740951 -0.519122
v -0.448584 0.707107 -0.546601
v -0.470054 0.671559 -0.572763
v -0.490393 0.634393 -0.597545
v -0.509549 0.595699 -0.620887
v -0.527479 0.555570 -0.642735
v -0.544137 0.514103 -0.663033
v -0.559485 0.471397 -0.681734
v -0.573485 0.427555 -0.698793
v -0.586102 0.382683 -0.714168
v -0.597309 0.336890 -0.727823
v -0.607076 0.290285 -0.739725
v -0.615381 0.242980 -0.749844
v -0.622203 0.195090 -0.758157
v -0.627526 0.146730 -0.764643
v -0.631338 0.098017 -0.769288
v -0.633629 0.049068 -0.772079
v -0.634393 0.000000 -0.773010
v -0.633629 -0.049068 -0.772079
v -0.631338 -0.098017 -0.769288
v -0.627526 -0.146730 -0.764643
v -0.622203 -0.195090 -0.758157
v -0.615381 -0.242980 -0.749844
v -0.607076 -0.290285 -0.739725
v -0.597309 -0.336890 -0.727823
v -0.586102 -0.382683 -0.714168
v -0.573485 -0.427555 -0.698793
v -0.559485 -0.471397 -0.681734
v -0.544137 -0.514103 -0.663033
v -0.527479 -0.555570 -0.642735
v -0.509549 -0.595699 -0.620887
v -0.490393 -0.634393 -0.597545
v -0.470054 -0.671559 -0.572763
v -0.448584 -0.707107 -0.546601
v -0.426032 -0.740951 -0.519122
v -0.402455 -0.773010 -0.490393
v -0.377907 -0.803208 -0.460482
v -0.352450 -0.831470 -0.429462
v -0.326143 -0.857729 -0.397406
v -0.299051 -0.881921 -0.364394
v -0.271238 -0.903989 -0.330505
v -0.242772 -0.923880 -0.295818
v -0.213721 -0.941544 -0.260419
v -0.184155 -0.956940 -0.224393
v -0.154145 -0.970031 -0.187826
v -0.123764 -0.980785 -0.150807
v -0.093085 -0.989177 -0.113424
v -0.062181 -0.995185 -0.075768
v -0.031128 -0.998795 -0.037930
v -0.027261 0.998795 -0.040798
v -0.054455 0.995185 -0.081498
v -0.081519 0.989177 -0.122002
v -0.108386 0.980785 -0.162212
v -0.134992 0.970031 -0.202030
v -0.161274 0.956940 -0.241363
v -0.187166 0.941544 -0.280114
v -0.212607 0.923880 -0.318189
v -0.237537 0.903989 -0.355499
v -0.261894 0.881921 -0.391952
v -0.285620 0.857729 -0.427460
v -0.308659 0.831470 -0.461940
v -0.330952 0.803208 -0.495306
v -0.352450 0.773010 -0.527479
v -0.373098 0.740951 -0.558381
v -0.392847 0.707107 -0.587938
v -0.411650 0.671559 -0.616078
v -0.429461 0.634393 -0.642734
v -0.446238 0.595699 -0.667842
v -0.461940 0.555570 -0.691342
v -0.476528 0.514103 -0.713175
v -0.489969 0.471397 -0.733290
v -0.502230 0.427555 -0.751640
v -0.513280 0.382683 -0.768177
v -0.523094 0.336890 -0.782865
v -0.531647 0.290285 -0.795667
v -0.538920 0.242980 -0.806551
v -0.544895 0.195090 -0.815493
v -0.549556 0.146730 -0.822469
v -0.552895 0.098017 -0.827466
v -0.554901 0.049068 -0.830468
v -0.555570 0.000000 -0.831469
v -0.554901 -0.049068 -0.830468
v -0.552895 -0.098017 -0.827466
v -0.549556 -0.146730 -0.822469
v -0.544895 -0.195090 -0.815493
v -0.538920 -0.242980 -0.806551
v -0.531647 -0.290285 -0.795667
v -0.523094 -0.336890 -0.782865
v -0.513280 -0.382683 -0.768177
v -0.502230 -0.427555 -0.751640
v -0.489969 -0.471397 -0.733290
v -0.476528 -0.514103 -0.713175
v -0.461940 -0.555570 -0.691342
v -0.446238 -0.595699 -0.667842
v -0.429461 -0.634393 -0.642734
v -0.411650 -0.671559 -0.616078
v -0.392847 -0.707107 -0.587938
v -0.373098 -0.740951 -0.558381
v -0.352450 -0.773010 -0.527479
v -0.330952 -0.803208 -0.495306
v -0.308659 -0.831470 -0.461940
v -0.285620 -0.857729 -0.427460
v -0.261894 -0.881921 -0.391952
v -0.237537 -0.903989 -0.355499
v -0.212607 -0.923880 -0.318189
v -0.187166 -0.941544 -0.280114
v -0.161274 -0.956940 -0.241363
v -0.134992 -0.970031 -0.202030
v -0.108386 -0.980785 -0.162212
v -0.081519 -0.989177 -0.122002
v -0.054455 -0.995185 -0.081498
v -0.027261 -0.998795 -0.040798
v -0.023130 0.998795 -0.043274
v -0.046205 0.995185 -0.086443
v -0.069168 0.989177 -0.129405
v -0.091965 0.980785 -0.172054
v -0.114540 0.970031 -0.214289
v -0.136839 0.956940 -0.256008
v -0.158809 0.941544 -0.297110
v -0.180396 0.923880 -0.337496
v -0.201548 0.903989 -0.377070
v -0.222215 0.881921 -0.415735
v -0.242346 0.857729 -0.453398
v -0.261894 0.831470 -0.489970
v -0.280810 0.803208 -0.525360
v -0.299051 0.773010 -0.559485
v -0.316571 0.740951 -0.592262
v -0.333328 0.707107 -0.623612
v -0.349282 0.671559 -0.653460
v -0.364395 0.634393 -0.681734
v -0.378629 0.595699 -0.708365
v -0.391952 0.555570 -0.733291
v -0.404330 0.514103 -0.756449
v -0.415735 0.471397 -0.777785
v -0.426138 0.427555 -0.797247
v -0.435513 0.382683 -0.814789
v -0.443841 0.336890 -0.830367
v -0.451098 0.290285 -0.843946
v -0.457269 0.242980 -0.855490
v -0.462339 0.195090 -0.864975
v -0.466294 0.146730 -0.872375
v -0.469127 0.098017 -0.877674
v -0.470829 0.049068 -0.880859
v -0.471396 0.000000 -0.881921
v -0.470829 -0.049068 -0.880859
v -0.469127 -0.098017 -0.877674
v -0.466294 -0.146730 -0.872375
v -0.462339 -0.195090 -0.864975
v -0.457269 -0.242980 -0.855490
v -0.451098 -0.290285 -0.843946
v -0.443841 -0.336890 -0.830367
v -0.435513 -0.382683 -0.814789
v -0.426138 -0.427555 -0.797247
v -0.415735 -0.471397 -0.777785
v -0.404330 -0.514103 -0.756449
v -0.391952 -0.555570 -0.733291
v -0.378629 -0.595699 -0.708365
v -0.364395 -0.634393 -0.681734
v -0.349282 -0.671559 -0.653460
v -0.333328 -0.707107 -0.623612
v -0.316571 -0.740951 -0.592262
v -0.299051 -0.773010 -0.559485
v -0.280810 -0.803208 -0.525360
v -0.261894 -0.831470 -0.489970
v -0.242346 -0.857729 -0.453398
v -0.222215 -0.881921 -0.415735
v -0.201548 -0.903989 -0.377070
v -0.180396 -0.923880 -0.337496
v -0.158809 -0.941544 -0.297110
v -0.136839 -0.956940 -0.256008
v -0.114540 -0.970031 -0.214289
v -0.091965 -0.980785 -0.172054
v -0.069168 -0.989177 -0.129405
v -0.046205 -0.995185 -0.086443
v -0.023130 -0.998795 -0.043274
v -0.018777 0.998795 -0.045333
v -0.037509 0.995185 -0.090556
v -0.056151 0.989177 -0.135561
v -0.074658 0.980785 -0.180240
v -0.092984 0.970031 -0.224484
v -0.111087 0.956940 -0.268188
v -0.128922 0.941544 -0.311246
v -0.146446 0.923880 -0.353553
v -0.163618 0.903989 -0.395010
v -0.180396 0.881921 -0.435514
v -0.196738 0.857729 -0.474968
v -0.212608 0.831470 -0.513280
v -0.227964 0.803208 -0.550354
v -0.242772 0.773010 -0.586103
v -0.256994 0.740951 -0.620439
v -0.270598 0.707107 -0.653281
v -0.283549 0.671559 -0.684549
v -0.295818 0.634393 -0.714168
v -0.307374 0.595699 -0.742066
v -0.318190 0.555570 -0.768178
v -0.328238 0.514103 -0.792438
v -0.337496 0.471397 -0.814789
v -0.345942 0.427555 -0.835177
v -0.353553 0.382683 -0.853553
v -0.360313 0.336890 -0.869873
v -0.366205 0.290285 -0.884098
v -0.371214 0.242980 -0.896191
v -0.375330 0.195090 -0.906127
v -0.378541 0.146730 -0.913879
v -0.380840 0.098017 -0.919430
v -0.382222 0.049068 -0.922766
v -0.382683 0.000000 -0.923879
v -0.382222 -0.049068 -0.922766
v -0.380840 -0.098017 -0.919430
v -0.378541 -0.146730 -0.913879
v -0.375330 -0.195090 -0.906127
v -0.371214 -0.242980 -0.896191
v -0.366205 -0.290285 -0.884098
v -0.360313 -0.336890 -0.869873
v -0.353553 -0.382683 -0.853553
v -0.345942 -0.427555 -0.835177
v -0.337496 -0.471397 -0.814789
v -0.328238 -0.514103 -0.792438
v -0.318190 -0.555570 -0.768178
v -0.307374 -0.595699 -0.742066
v -0.295818 -0.634393 -0.714168
v -0.283549 -0.671559 -0.684549
v -0.270598 -0.707107 -0.653281
v -0.256994 -0.740951 -0.620439
v -0.242772 -0.773010 -0.586103
v -0.227964 -0.803208 -0.550354
v -0.212608 -0.831470 -0.513280
v -0.196738 -0.857729 -0.474968
v -0.180396 -0.881921 -0.435514
v -0.163618 -0.903989 -0.395010
v -0.146446 -0.923880 -0.353553
v -0.128922 -0.941544 -0.311246
v -0.111087 -0.956940 -0.268188
v -0.092984 -0.970031 -0.224484
v -0.074658 -0.980785 -0.180240
v -0.056151 -0.989177 -0.135561
v -0.037509 -0.995185 -0.090556
v -0.018777 -0.998795 -0.045333
v -0.014244 0.998795 -0.046955
v -0.028453 0.995185 -0.093796
v -0.042594 0.989177 -0.140412
v -0.056632 0.980785 -0.186690
v -0.070533 0.970031 -0.232517
v -0.084265 0.956940 -0.277785
v -0.097794 0.941544 -0.322383
v -0.111087 0.923880 -0.366205
v -0.124113 0.903989 -0.409145
v -0.136839 0.881921 -0.451098
v -0.149236 0.857729 -0.491965
v -0.161274 0.831470 -0.531648
v -0.172922 0.803208 -0.570048
v -0.184155 0.773010 -0.607076
v -0.194943 0.740951 -0.642642
v -0.205262 0.707107 -0.676659
v -0.215087 0.671559 -0.709046
v -0.224393 0.634393 -0.739724
v -0.233159 0.595699 -0.768621
v -0.241363 0.555570 -0.795667
v -0.248985 0.514103 -0.820795
v -0.256008 0.471397 -0.843946
v -0.262414 0.427555 -0.865064
v -0.268188 0.382683 -0.884097
v -0.273316 0.336890 -0.901001
v -0.277785 0.290285 -0.915735
v -0.281585 0.242980 -0.928261
v -0.284707 0.195090 -0.938553
v -0.287142 0.146730 -0.946582
v -0.288887 0.098017 -0.952332
v -0.289935 0.049068 -0.955787
v -0.290284 0.000000 -0.956940
v -0.289935 -0.049068 -0.955787
v -0.288887 -0.098017 -0.952332
v -0.287142 -0.146730 -0.946582
v -0.284707 -0.195090 -0.938553
v -0.281585 -0.242980 -0.928261
v -0.277785 -0.290285 -0.915735
v -0.273316 -0.336890 -0.901001
v -0.268188 -0.382683 -0.884097
v -0.262414 -0.427555 -0.865064
v -0.256008 -0.471397 -0.843946
v -0.248985 -0.514103 -0.820795
v -0.241363 -0.555570 -0.795667
v -0.233159 -0.595699 -0.768621
v -0.224393 -0.634393 -0.739724
v -0.215087 -0.671559 -0.709046
v -0.205262 -0.707107 -0.676659
v -0.194943 -0.740951 -0.642642
v -0.184155 -0.773010 -0.607076
v -0.172922 -0.803208 -0.570048
v -0.161274 -0.831470 -0.531648
v -0.149236 -0.857729 -0.491965
v -0.136839 -0.881921 -0.451098
v -0.124113 -0.903989 -0.409145
v -0.111087 -0.923880 -0.366205
v -0.097794 -0.941544 -0.322383
v -0.084265 -0.956940 -0.277785
v -0.070533 -0.970031 -0.232517
v -0.056632 -0.980785 -0.186690
v -0.042594 -0.989177 -0.140412
v -0.028453 -0.995185 -0.093796
v -0.014244 -0.998795 -0.046955
v -0.009573 0.998795 -0.048125
v -0.019122 0.995185 -0.096134
v -0.028626 0.989177 -0.143911
v -0.038060 0.980785 -0.191342
v -0.047403 0.970031 -0.238311
v -0.056632 0.956940 -0.284707
v -0.065724 0.941544 -0.330416
v -0.074658 0.923880 -0.375330
v -0.083412 0.903989 -0.419340
v -0.091965 0.881921 -0.462339
v -0.100296 0.857729 -0.504224
v -0.108386 0.831470 -0.544896
v -0.116215 0.803208 -0.584253
v -0.123764 0.773010 -0.622204
v -0.131014 0.740951 -0.658655
v -0.137950 0.707107 -0.693520
v -0.144552 0.671559 -0.726713
v -0.150807 0.634393 -0.758157
v -0.156698 0.595699 -0.787773
v -0.162212 0.555570 -0.815493
v -0.167334 0.514103 -0.841247
v -0.172054 0.471397 -0.864975
v -0.176360 0.427555 -0.886619
v -0.180240 0.382683 -0.906127
v -0.183686 0.336890 -0.923452
v -0.186690 0.290285 -0.938553
v -0.189243 0.242980 -0.951391
v -0.191342 0.195090 -0.961940
v -0.192978 0.146730 -0.970168
v -0.194151 0.098017 -0.976062
v -0.194855 0.049068 -0.979603
v -0.195090 0.000000 -0.980785
v -0.194855 -0.049068 -0.979603
v -0.194151 -0.098017 -0.976062
v -0.192978 -0.146730 -0.970168
v -0.191342 -0.195090 -0.961940
v -0.189243 -0.242980 -0.951391
v -0.186690 -0.290285 -0.938553
v -0.183686 -0.336890 -0.923452
v -0.180240 -0.382683 -0.906127
v -0.176360 -0.427555 -0.886619
v -0.172054 -0.471397 -0.864975
v -0.167334 -0.514103 -0.841247
v -0.162212 -0.555570 -0.815493
v -0.156698 -0.595699 -0.787773
v -0.150807 -0.634393 -0.758157
v -0.144552 -0.671559 -0.726713
v -0.137950 -0.707107 -0.693520
v -0.131014 -0.740951 -0.658655
v -0.123764 -0.773010 -0.622204
v -0.116215 -0.803208 -0.584253
v -0.108386 -0.831470 -0.544896
v -0.100296 -0.857729 -0.504224
v -0.091965 -0.881921 -0.462339
v -0.083412 -0.903989 -0.419340
v -0.074658 -0.923880 -0.375330
v -0.065724 -0.941544 -0.330416
v -0.056632 -0.956940 -0.284707
v -0.047403 -0.970031 -0.238311
v -0.038060 -0.980785 -0.191342
v -0.028626 -0.989177 -0.143911
v -0.019122 -0.995185 -0.096134
v -0.009573 -0.998795 -0.048125
v -0.004809 0.998795 -0.048831
v -0.009607 0.995185 -0.097545
v -0.014382 0.989177 -0.146024
v -0.019122 0.980785 -0.194151
v -0.023816 0.970031 -0.241810
v -0.028453 0.956940 -0.288887
v -0.033021 0.941544 -0.335267
v -0.037509 0.923880 -0.380840
v -0.041908 0.903989 -0.425496
v -0.046205 0.881921 -0.469127
v -0.050391 0.857729 -0.511627
v -0.054455 0.831470 -0.552896
v -0.058389 0.803208 -0.592830
v -0.062181 0.773010 -0.631338
v -0.065824 0.740951 -0.668325
v -0.069308 0.707107 -0.703702
v -0.072626 0.671559 -0.737383
v -0.075768 0.634393 -0.769288
v -0.078728 0.595699 -0.799339
v -0.081499 0.555570 -0.827466
v -0.084072 0.514103 -0.853598
v -0.086443 0.471397 -0.877674
v -0.088606 0.427555 -0.899636
v -0.090556 0.382683 -0.919430
v -0.092288 0.336890 -0.937010
v -0.093796 0.290285 -0.952332
v -0.095079 0.242980 -0.965359
v -0.096134 0.195090 -0.976062
v -0.096956 0.146730 -0.984412
v -0.097545 0.098017 -0.990392
v -0.097899 0.049068 -0.993985
v -0.098017 0.000000 -0.995184
v -0.097899 -0.049068 -0.993985
v -0.097545 -0.098017 -0.990392
v -0.096956 -0.146730 -0.984412
v -0.096134 -0.195090 -0.976062
v -0.095079 -0.242980 -0.965359
v -0.093796 -0.290285 -0.952332
v -0.092288 -0.336890 -0.937010
v -0.090556 -0.382683 -0.919430
v -0.088606 -0.427555 -0.899636
v -0.086443 -0.471397 -0.877674
v -0.084072 -0.514103 -0.853598
v -0.081499 -0.555570 -0.827466
v -0.078728 -0.595699 -0.799339
v -0.075768 -0.634393 -0.769288
v -0.072626 -0.671559 -0.737383
v -0.069308 -0.707107 -0.703702
v -0.065824 -0.740951 -0.668325
v -0.062181 -0.773010 -0.631338
v -0.058389 -0.803208 -0.592830
v -0.054455 -0.831470 -0.552896
v -0.050391 -0.857729 -0.511627
v -0.046205 -0.881921 -0.469127
v -0.041908 -0.903989 -0.425496
v -0.037509 -0.923880 -0.380840
v -0.033021 -0.941544 -0.335267
v -0.028453 -0.956940 -0.288887
v -0.023816 -0.970031 -0.241810
v -0.019122 -0.980785 -0.194151
v -0.014382 -0.989177 -0.146024
v -0.009607 -0.995185 -0.097545
v -0.004809 -0.998795 -0.048831
v 0.000000 0.998795 -0.049068
v 0.000000 0.995185 -0.098017
v 0.000000 0.989177 -0.146730
v 0.000000 0.970031 -0.242980
v 0.000000 0.941544 -0.336890
v 0.000000 0.923880 -0.382683
v 0.000000 0.903989 -0.427555
v 0.000000 0.881921 -0.471396
v 0.000000 0.857729 -0.514102
v -0.000000 0.831470 -0.555571
v -0.000000 0.773010 -0.634393
v -0.000000 0.634393 -0.773010
v 0.000000 0.195090 -0.980785
v 0.000000 -0.049068 -0.998795
v 0.000000 -0.195090 -0.980785
v -0.000000 -0.336890 -0.941544
v -0.000000 -0.634393 -0.773010
v -0.000000 -0.831470 -0.555571
v 0.000000 -0.970031 -0.242980
v 0.000000 -0.989177 -0.146730
v 0.000000 -0.995185 -0.098017
v 0.000000 -0.998795 -0.049068
vn 0.0084 -0.9852 -0.1710
vn 0.0487 -0.1223 -0.9913
vn 0.0199 0.9140 -0.4052
vn 0.0060 -0.9925 -0.1224
vn 0.0483 -0.1708 -0.9841
vn 0.0221 0.8930 -0.4495
vn 0.0036 -0.9973 -0.0736
vn 0.0479 -0.2188 -0.9746
vn 0.0242 0.8698 -0.4928
vn 0.0012 -0.9997 -0.0245
vn 0.0473 -0.2664 -0.9627
vn 0.0263 0.8446 -0.5348
vn 0.0466 -0.3133 -0.9485
vn 0.0283 0.8173 -0.5756
vn 0.0458 -0.3595 -0.9320
vn 0.0302 0.7880 -0.6150
vn 0.0449 -0.4048 -0.9133
vn 0.0321 0.7568 -0.6528
vn 0.0438 -0.4492 -0.8924
vn 0.0339 0.7238 -0.6891
vn 0.0427 -0.4924 -0.8693
vn 0.0356 0.6891 -0.7238
vn 0.0415 -0.5345 -0.8441
vn 0.0372 0.6527 -0.7567
vn 0.0401 -0.5753 -0.8169
vn 0.0387 0.6148 -0.7878
vn 0.0387 -0.6148 -0.7878
vn 0.0401 0.5753 -0.8169
vn 0.0372 -0.6527 -0.7567
vn 0.0415 0.5345 -0.8441
vn 0.0356 -0.6891 -0.7238
vn 0.0427 0.4924 -0.8693
vn 0.0339 -0.7238 -0.6891
vn 0.0438 0.4492 -0.8924
vn 0.0321 -0.7568 -0.6528
vn 0.0449 0.4048 -0.9133
vn 0.0302 -0.7880 -0.6150
vn 0.0458 0.3595 -0.9320
vn 0.0283 -0.8173 -0.5756
vn 0.0466 0.3133 -0.9485
vn 0.0263 -0.8446 -0.5348
vn 0.0473 0.2664 -0.9627
vn 0.0012 0.9997 -0.0245
vn 0.0242 -0.8698 -0.4928
vn 0.0479 0.2188 -0.9746
vn 0.0036 0.9973 -0.0736
vn 0.0221 -0.8930 -0.4495
vn 0.0483 0.1708 -0.9841
vn 0.0060 0.9925 -0.1224
vn 0.0199 -0.9140 -0.4052
vn 0.0487 0.1223 -0.9913
vn 0.0084 0.9852 -0.1710
vn 0.0177 -0.9328 -0.3598
vn 0.0489 0.0735 -0.9961
vn 0.0108 0.9756 -0.2191
vn 0.0154 -0.9494 -0.3136
vn 0.0491 0.0245 -0.9985
vn 0.0131 0.9637 -0.2667
vn 0.0131 -0.9637 -0.2667
vn 0.0491 -0.0245 -0.9985
vn 0.0154 0.9494 -0.3136
vn 0.0108 -0.9756 -0.2191
vn 0.0489 -0.0735 -0.9961
vn 0.0177 0.9328 -0.3598
vn 0.0959 -0.7568 -0.6465
vn 0.1342 0.4048 -0.9045
vn 0.0903 -0.7880 -0.6090
vn 0.1369 0.3595 -0.9230
vn 0.0846 -0.8173 -0.5700
vn 0.1393 0.3133 -0.9394
vn 0.0786 -0.8446 -0.5297
vn 0.1414 0.2664 -0.9534
vn 0.0036 0.9997 -0.0243
vn 0.0724 -0.8698 -0.4880
vn 0.1432 0.2188 -0.9652
vn 0.0108 0.9973 -0.0729
vn 0.0660 -0.8930 -0.4452
vn 0.1446 0.1708 -0.9746
vn 0.0180 0.9925 -0.1212
vn 0.0595 -0.9140 -0.4013
vn 0.1456 0.1223 -0.9818
vn 0.0251 0.9852 -0.1693
vn 0.0529 -0.9328 -0.3564
vn 0.1463 0.0735 -0.9865
vn 0.0322 0.9756 -0.2170
vn 0.0461 -0.9494 -0.3106
vn 0.1467 0.0245 -0.9889
vn 0.0392 0.9637 -0.2641
vn 0.0392 -0.9637 -0.2641
vn 0.1467 -0.0245 -0.9889
vn 0.0461 0.9494 -0.3106
vn 0.0322 -0.9756 -0.2170
vn 0.1463 -0.0735 -0.9865
vn 0.0529 0.9328 -0.3564
vn 0.0251 -0.9852 -0.1693
vn 0.1456 -0.1223 -0.9818
vn 0.0595 0.9140 -0.4013
vn 0.0180 -0.9925 -0.1212
vn 0.1446 -0.1708 -0.9746
vn 0.0660 0.8930 -0.4452
vn 0.0108 -0.9973 -0.0729
vn 0.1432 -0.2188 -0.9652
vn 0.0724 0.8698 -0.4880
vn 0.0036 -0.9997 -0.0243
vn 0.1414 -0.2664 -0.9534
vn 0.0786 0.8446 -0.5297
vn 0.1393 -0.3133 -0.9394
vn 0.0846 0.8173 -0.5700
vn 0.1369 -0.3595 -0.9230
vn 0.0903 0.7880 -0.6090
vn 0.1342 -0.4048 -0.9045
vn 0.0959 0.7568 -0.6465
vn 0.1311 -0.4492 -0.8838
vn 0.1012 0.7238 -0.6825
vn 0.1277 -0.4924 -0.8609
vn 0.1063 0.6891 -0.7168
vn 0.1240 -0.5345 -0.8360
vn 0.1112 0.6527 -0.7494
vn 0.1200 -0.5753 -0.8091
vn 0.1157 0.6148 -0.7802
vn 0.1157 -0.6148 -0.7802
vn 0.1200 0.5753 -0.8091
vn 0.1112 -0.6527 -0.7494
vn 0.1240 0.5345 -0.8360
vn 0.1063 -0.6891 -0.7168
vn 0.1277 0.4924 -0.8609
vn 0.1012 -0.7238 -0.6825
vn 0.1311 0.4492 -0.8838
vn 0.1400 -0.8173 -0.5590
vn 0.2307 0.3133 -0.9212
vn 0.1301 -0.8446 -0.5194
vn 0.2342 0.2664 -0.9350
vn 0.0060 0.9997 -0.0238
vn 0.1199 -0.8698 -0.4786
vn 0.2371 0.2188 -0.9465
vn 0.0179 0.9973 -0.0714
vn 0.1094 -0.8930 -0.4366
vn 0.2394 0.1708 -0.9558
vn 0.0298 0.9925 -0.1189
vn 0.0986 -0.9140 -0.3935
vn 0.2412 0.1223 -0.9628
vn 0.0416 0.9852 -0.1660
vn 0.0875 -0.9328 -0.3495
vn 0.2423 0.0735 -0.9674
vn 0.0533 0.9756 -0.2128
vn 0.0763 -0.9494 -0.3046
vn 0.2429 0.0245 -0.9697
vn 0.0649 0.9637 -0.2590
vn 0.0649 -0.9637 -0.2590
vn 0.2429 -0.0245 -0.9697
vn 0.0763 0.9494 -0.3046
vn 0.0533 -0.9756 -0.2128
vn 0.2423 -0.0735 -0.9674
vn 0.0875 0.9328 -0.3495
vn 0.0416 -0.9852 -0.1660
vn 0.2412 -0.1223 -0.9628
vn 0.0986 0.9140 -0.3935
vn 0.0298 -0.9925 -0.1189
vn 0.2394 -0.1708 -0.9558
vn 0.1094 0.8930 -0.4366
vn 0.0179 -0.9973 -0.0714
vn 0.2371 -0.2188 -0.9465
vn 0.1199 0.8698 -0.4786
vn 0.0060 -0.9997 -0.0238
vn 0.2342 -0.2664 -0.9350
vn 0.1301 0.8446 -0.5194
vn 0.2307 -0.3133 -0.9212
vn 0.1400 0.8173 -0.5590
vn 0.2267 -0.3595 -0.9052
vn 0.1496 0.7880 -0.5972
vn 0.2222 -0.4048 -0.8870
vn 0.1588 0.7568 -0.6340
vn 0.2171 -0.4492 -0.8667
vn 0.1677 0.7238 -0.6693
vn 0.2115 -0.4924 -0.8443
vn 0.1761 0.6891 -0.7029
vn 0.2054 -0.5345 -0.8198
vn 0.1841 0.6527 -0.7349
vn 0.1987 -0.5753 -0.7934
vn 0.1916 0.6148 -0.7651
vn 0.1916 -0.6148 -0.7651
vn 0.1987 0.5753 -0.7934
vn 0.1841 -0.6527 -0.7349
vn 0.2054 0.5345 -0.8198
vn 0.1761 -0.6891 -0.7029
vn 0.2115 0.4924 -0.8443
vn 0.1677 -0.7238 -0.6693
vn 0.2171 0.4492 -0.8667
vn 0.1588 -0.7568 -0.6340
vn 0.2222 0.4048 -0.8870
vn 0.1496 -0.7880 -0.5972
vn 0.2267 0.3595 -0.9052
vn 0.0083 0.9997 -0.0231
vn 0.1662 -0.8698 -0.4645
vn 0.3287 0.2188 -0.9187
vn 0.0248 0.9973 -0.0693
vn 0.1516 -0.8930 -0.4237
vn 0.3319 0.1708 -0.9277
vn 0.0413 0.9925 -0.1154
vn 0.1367 -0.9140 -0.3819
vn 0.3344 0.1223 -0.9345
vn 0.0577 0.9852 -0.1612
vn 0.1214 -0.9328 -0.3392
vn 0.3360 0.0735 -0.9390
vn 0.0739 0.9756 -0.2065
vn 0.1058 -0.9494 -0.2957
vn 0.3368 0.0245 -0.9413
vn 0.0900 0.9637 -0.2514
vn 0.0900 -0.9637 -0.2514
vn 0.3368 -0.0245 -0.9413
vn 0.1058 0.9494 -0.2957
vn 0.0739 -0.9756 -0.2065
vn 0.3360 -0.0735 -0.9390
vn 0.1214 0.9328 -0.3392
vn 0.0577 -0.9852 -0.1612
vn 0.3344 -0.1223 -0.9345
vn 0.1367 0.9140 -0.3819
vn 0.0413 -0.9925 -0.1154
vn 0.3319 -0.1708 -0.9277
vn 0.1516 0.8930 -0.4237
vn 0.0248 -0.9973 -0.0693
vn 0.3287 -0.2188 -0.9187
vn 0.1662 0.8698 -0.4645
vn 0.0083 -0.9997 -0.0231
vn 0.3247 -0.2664 -0.9075
vn 0.1804 0.8446 -0.5042
vn 0.3199 -0.3133 -0.8941
vn 0.1941 0.8173 -0.5426
vn 0.3144 -0.3595 -0.8786
vn 0.2074 0.7880 -0.5797
vn 0.3080 -0.4048 -0.8609
vn 0.2202 0.7568 -0.6154
vn 0.3010 -0.4492 -0.8412
vn 0.2324 0.7238 -0.6496
vn 0.2932 -0.4924 -0.8195
vn 0.2441 0.6891 -0.6823
vn 0.2847 -0.5345 -0.7957
vn 0.2552 0.6527 -0.7133
vn 0.2755 -0.5753 -0.7701
vn 0.2657 0.6148 -0.7426
vn 0.2657 -0.6148 -0.7426
vn 0.2755 0.5753 -0.7701
vn 0.2552 -0.6527 -0.7133
vn 0.2847 0.5345 -0.7957
vn 0.2441 -0.6891 -0.6823
vn 0.2932 0.4924 -0.8195
vn 0.2324 -0.7238 -0.6496
vn 0.3010 0.4492 -0.8412
vn 0.2202 -0.7568 -0.6154
vn 0.3080 0.4048 -0.8609
vn 0.2074 -0.7880 -0.5797
vn 0.3144 0.3595 -0.8786
vn 0.1941 -0.8173 -0.5426
vn 0.3199 0.3133 -0.8941
vn 0.1804 -0.8446 -0.5042
vn 0.3247 0.2664 -0.9075
vn 0.0524 0.9925 -0.1108
vn 0.1734 -0.9140 -0.3667
vn 0.4243 0.1223 -0.8972
vn 0.0732 0.9852 -0.1547
vn 0.1540 -0.9328 -0.3257
vn 0.4264 0.0735 -0.9015
vn 0.0938 0.9756 -0.1983
vn 0.1343 -0.9494 -0.2839
vn 0.4274 0.0245 -0.9037
vn 0.1142 0.9637 -0.2414
vn 0.1142 -0.9637 -0.2414
vn 0.4274 -0.0245 -0.9037
vn 0.1343 0.9494 -0.2839
vn 0.0938 -0.9756 -0.1983
vn 0.4264 -0.0735 -0.9015
vn 0.1540 0.9328 -0.3257
vn 0.0732 -0.9852 -0.1547
vn 0.4243 -0.1223 -0.8972
vn 0.1734 0.9140 -0.3667
vn 0.0524 -0.9925 -0.1108
vn 0.4213 -0.1708 -0.8907
vn 0.1924 0.8930 -0.4068
vn 0.0315 -0.9973 -0.0666
vn 0.4172 -0.2189 -0.8821
vn 0.2109 0.8698 -0.4460
vn 0.0105 -0.9997 -0.0222
vn 0.4121 -0.2664 -0.8713
vn 0.2289 0.8446 -0.4840
vn 0.4060 -0.3133 -0.8585
vn 0.2464 0.8173 -0.5209
vn 0.3990 -0.3595 -0.8435
vn 0.2632 0.7880 -0.5566
vn 0.3910 -0.4048 -0.8266
vn 0.2795 0.7568 -0.5909
vn 0.3820 -0.4492 -0.8077
vn 0.2950 0.7238 -0.6237
vn 0.3721 -0.4924 -0.7868
vn 0.3098 0.6891 -0.6551
vn 0.3613 -0.5345 -0.7640
vn 0.3239 0.6527 -0.6849
vn 0.3497 -0.5753 -0.7394
vn 0.3372 0.6148 -0.7130
vn 0.3372 -0.6148 -0.7130
vn 0.3497 0.5753 -0.7394
vn 0.3239 -0.6527 -0.6849
vn 0.3613 0.5345 -0.7640
vn 0.3098 -0.6891 -0.6551
vn 0.3721 0.4924 -0.7868
vn 0.2950 -0.7238 -0.6237
vn 0.3820 0.4492 -0.8077
vn 0.2795 -0.7568 -0.5909
vn 0.3910 0.4048 -0.8266
vn 0.2632 -0.7880 -0.5566
vn 0.3990 0.3595 -0.8435
vn 0.2464 -0.8173 -0.5209
vn 0.4060 0.3133 -0.8585
vn 0.2289 -0.8446 -0.4840
vn 0.4121 0.2664 -0.8713
vn 0.0105 0.9997 -0.0222
vn 0.2109 -0.8698 -0.4460
vn 0.4172 0.2189 -0.8821
vn 0.0315 0.9973 -0.0666
vn 0.1924 -0.8930 -0.4068
vn 0.4213 0.1708 -0.8907
vn 0.1128 0.9756 -0.1881
vn 0.1614 -0.9494 -0.2693
vn 0.5139 0.0245 -0.8575
vn 0.1373 0.9637 -0.2290
vn 0.1373 -0.9637 -0.2290
vn 0.5139 -0.0245 -0.8575
vn 0.1614 0.9494 -0.2693
vn 0.1128 -0.9756 -0.1881
vn 0.5127 -0.0735 -0.8554
vn 0.1852 0.9328 -0.3090
vn 0.0880 -0.9852 -0.1468
vn 0.5102 -0.1223 -0.8513
vn 0.2085 0.9140 -0.3479
vn 0.0630 -0.9925 -0.1051
vn 0.5066 -0.1708 -0.8451
vn 0.2314 0.8930 -0.3860
vn 0.0379 -0.9973 -0.0632
vn 0.5016 -0.2189 -0.8369
vn 0.2536 0.8698 -0.4232
vn 0.0126 -0.9997 -0.0211
vn 0.4955 -0.2664 -0.8267
vn 0.2753 0.8446 -0.4593
vn 0.4882 -0.3133 -0.8145
vn 0.2963 0.8173 -0.4943
vn 0.4797 -0.3595 -0.8004
vn 0.3165 0.7880 -0.5281
vn 0.4701 -0.4048 -0.7843
vn 0.3360 0.7568 -0.5606
vn 0.4593 -0.4492 -0.7663
vn 0.3547 0.7238 -0.5918
vn 0.4474 -0.4924 -0.7465
vn 0.3726 0.6891 -0.6216
vn 0.4345 -0.5345 -0.7249
vn 0.3895 0.6527 -0.6498
vn 0.4205 -0.5753 -0.7015
vn 0.4055 0.6148 -0.6765
vn 0.4055 -0.6148 -0.6765
vn 0.4205 0.5753 -0.7015
vn 0.3895 -0.6527 -0.6498
vn 0.4345 0.5345 -0.7249
vn 0.3725 -0.6891 -0.6216
vn 0.4474 0.4924 -0.7465
vn 0.3547 -0.7238 -0.5918
vn 0.4593 0.4492 -0.7663
vn 0.3360 -0.7568 -0.5606
vn 0.4701 0.4048 -0.7843
vn 0.3165 -0.7880 -0.5281
vn 0.4797 0.3595 -0.8004
vn 0.2963 -0.8173 -0.4943
vn 0.4882 0.3133 -0.8145
vn 0.2753 -0.8446 -0.4593
vn 0.4955 0.2664 -0.8267
vn 0.0126 0.9997 -0.0211
vn 0.2536 -0.8698 -0.4232
vn 0.5016 0.2189 -0.8369
vn 0.0379 0.9973 -0.0632
vn 0.2314 -0.8930 -0.3860
vn 0.5066 0.1708 -0.8451
vn 0.0630 0.9925 -0.1051
vn 0.2085 -0.9140 -0.3479
vn 0.5102 0.1223 -0.8513
vn 0.0880 0.9852 -0.1468
vn 0.1852 -0.9328 -0.3090
vn 0.5127 0.0735 -0.8554
vn 0.1871 0.9494 -0.2522
vn 0.1307 -0.9756 -0.1762
vn 0.5941 -0.0735 -0.8010
vn 0.2146 0.9328 -0.2894
vn 0.1020 -0.9852 -0.1375
vn 0.5912 -0.1223 -0.7972
vn 0.2416 0.9140 -0.3258
vn 0.0730 -0.9925 -0.0984
vn 0.5869 -0.1708 -0.7914
vn 0.2681 0.8930 -0.3615
vn 0.0439 -0.9973 -0.0592
vn 0.5813 -0.2189 -0.7837
vn 0.2939 0.8698 -0.3963
vn 0.0146 -0.9997 -0.0197
vn 0.5742 -0.2664 -0.7742
vn 0.3190 0.8446 -0.4301
vn 0.5657 -0.3133 -0.7628
vn 0.3433 0.8173 -0.4629
vn 0.5559 -0.3595 -0.7495
vn 0.3668 0.7880 -0.4945
vn 0.5447 -0.4048 -0.7344
vn 0.3894 0.7568 -0.5250
vn 0.5322 -0.4492 -0.7176
vn 0.4110 0.7238 -0.5542
vn 0.5185 -0.4924 -0.6991
vn 0.4317 0.6891 -0.5821
vn 0.5035 -0.5345 -0.6788
vn 0.4513 0.6527 -0.6085
vn 0.4872 -0.5753 -0.6570
vn 0.4698 0.6148 -0.6335
vn 0.4698 -0.6148 -0.6335
vn 0.4872 0.5753 -0.6570
vn 0.4513 -0.6527 -0.6085
vn 0.5035 0.5345 -0.6788
vn 0.4317 -0.6891 -0.5821
vn 0.5185 0.4924 -0.6991
vn 0.4110 -0.7238 -0.5542
vn 0.5322 0.4492 -0.7176
vn 0.3894 -0.7568 -0.5250
vn 0.5447 0.4048 -0.7344
vn 0.3668 -0.7880 -0.4945
vn 0.5559 0.3595 -0.7495
vn 0.3433 -0.8173 -0.4629
vn 0.5657 0.3133 -0.7628
vn 0.3190 -0.8446 -0.4301
vn 0.5742 0.2664 -0.7742
vn 0.0146 0.9997 -0.0197
vn 0.2939 -0.8698 -0.3963
vn 0.5813 0.2189 -0.7837
vn 0.0439 0.9973 -0.0592
vn 0.2681 -0.8930 -0.3615
vn 0.5869 0.1708 -0.7914
vn 0.0730 0.9925 -0.0984
vn 0.2416 -0.9140 -0.3258
vn 0.5912 0.1223 -0.7972
vn 0.1020 0.9852 -0.1375
vn 0.2146 -0.9328 -0.2894
vn 0.5941 0.0735 -0.8010
vn 0.1307 0.9756 -0.1762
vn 0.1871 -0.9494 -0.2522
vn 0.5955 0.0245 -0.8030
vn 0.1591 0.9637 -0.2145
vn 0.1591 -0.9637 -0.2145
vn 0.5955 -0.0245 -0.8030
vn 0.2724 0.9140 -0.3006
vn 0.0823 -0.9925 -0.0908
vn 0.6617 -0.1708 -0.7301
vn 0.3022 0.8930 -0.3335
vn 0.0495 -0.9973 -0.0546
vn 0.6553 -0.2189 -0.7230
vn 0.3313 0.8698 -0.3655
vn 0.0165 -0.9997 -0.0182
vn 0.6473 -0.2664 -0.7142
vn 0.3596 0.8446 -0.3967
vn 0.6377 -0.3133 -0.7036
vn 0.3870 0.8173 -0.4270
vn 0.6267 -0.3595 -0.6914
vn 0.4135 0.7880 -0.4562
vn 0.6141 -0.4048 -0.6775
vn 0.4389 0.7568 -0.4843
vn 0.6000 -0.4492 -0.6620
vn 0.4634 0.7238 -0.5112
vn 0.5845 -0.4924 -0.6449
vn 0.4867 0.6891 -0.5369
vn 0.5676 -0.5345 -0.6262
vn 0.5088 0.6527 -0.5613
vn 0.5493 -0.5753 -0.6060
vn 0.5297 0.6148 -0.5844
vn 0.5297 -0.6148 -0.5844
vn 0.5493 0.5753 -0.6060
vn 0.5088 -0.6527 -0.5613
vn 0.5676 0.5345 -0.6262
vn 0.4867 -0.6891 -0.5369
vn 0.5845 0.4924 -0.6449
vn 0.4634 -0.7238 -0.5112
vn 0.6000 0.4492 -0.6620
vn 0.4389 -0.7568 -0.4843
vn 0.6141 0.4048 -0.6775
vn 0.4135 -0.7880 -0.4562
vn 0.6267 0.3595 -0.6914
vn 0.3870 -0.8173 -0.4270
vn 0.6377 0.3133 -0.7036
vn 0.3596 -0.8446 -0.3967
vn 0.6473 0.2664 -0.7142
vn 0.0165 0.9997 -0.0182
vn 0.3313 -0.8698 -0.3655
vn 0.6553 0.2189 -0.7230
vn 0.0495 0.9973 -0.0546
vn 0.3022 -0.8930 -0.3335
vn 0.6617 0.1708 -0.7301
vn 0.0823 0.9925 -0.0908
vn 0.2724 -0.9140 -0.3006
vn 0.6665 0.1223 -0.7354
vn 0.1149 0.9852 -0.1268
vn 0.2419 -0.9328 -0.2669
vn 0.6697 0.0735 -0.7389
vn 0.1473 0.9756 -0.1625
vn 0.2109 -0.9494 -0.2327
vn 0.6714 0.0245 -0.7407
vn 0.1793 0.9637 -0.1978
vn 0.1793 -0.9637 -0.1978
vn 0.6714 -0.0245 -0.7407
vn 0.2109 0.9494 -0.2327
vn 0.1473 -0.9756 -0.1625
vn 0.6697 -0.0735 -0.7389
vn 0.2419 0.9328 -0.2669
vn 0.1149 -0.9852 -0.1268
vn 0.6665 -0.1223 -0.7354
vn 0.3655 0.8698 -0.3313
vn 0.0182 -0.9997 -0.0165
vn 0.7142 -0.2664 -0.6473
vn 0.3967 0.8446 -0.3596
vn 0.7036 -0.3133 -0.6377
vn 0.4270 0.8173 -0.3870
vn 0.6914 -0.3595 -0.6267
vn 0.4562 0.7880 -0.4135
vn 0.6775 -0.4048 -0.6141
vn 0.4843 0.7568 -0.4389
vn 0.6620 -0.4492 -0.6000
vn 0.5112 0.7238 -0.4634
vn 0.6449 -0.4924 -0.5845
vn 0.5369 0.6891 -0.4867
vn 0.6262 -0.5345 -0.5676
vn 0.5613 0.6527 -0.5088
vn 0.6060 -0.5753 -0.5493
vn 0.5844 0.6148 -0.5297
vn 0.5844 -0.6148 -0.5297
vn 0.6060 0.5753 -0.5493
vn 0.5613 -0.6527 -0.5088
vn 0.6262 0.5345 -0.5676
vn 0.5369 -0.6891 -0.4867
vn 0.6449 0.4924 -0.5845
vn 0.5112 -0.7238 -0.4634
vn 0.6620 0.4492 -0.6000
vn 0.4843 -0.7568 -0.4389
vn 0.6775 0.4048 -0.6141
vn 0.4562 -0.7880 -0.4135
vn 0.6914 0.3595 -0.6267
vn 0.4270 -0.8173 -0.3870
vn 0.7036 0.3133 -0.6377
vn 0.3967 -0.8446 -0.3596
vn 0.7142 0.2664 -0.6473
vn 0.0182 0.9997 -0.0165
vn 0.3655 -0.8698 -0.3313
vn 0.7230 0.2188 -0.6553
vn 0.0546 0.9973 -0.0495
vn 0.3335 -0.8930 -0.3022
vn 0.7301 0.1708 -0.6617
vn 0.0908 0.9925 -0.0823
vn 0.3006 -0.9140 -0.2724
vn 0.7354 0.1223 -0.6665
vn 0.1268 0.9852 -0.1149
vn 0.2669 -0.9328 -0.2419
vn 0.7389 0.0735 -0.6697
vn 0.1625 0.9756 -0.1473
vn 0.2327 -0.9494 -0.2109
vn 0.7407 0.0245 -0.6714
vn 0.1978 0.9637 -0.1793
vn 0.1978 -0.9637 -0.1793
vn 0.7407 -0.0245 -0.6714
vn 0.2327 0.9494 -0.2109
vn 0.1625 -0.9756 -0.1473
vn 0.7389 -0.0735 -0.6697
vn 0.2669 0.9328 -0.2419
vn 0.1268 -0.9852 -0.1149
vn 0.7354 -0.1223 -0.6665
vn 0.3006 0.9140 -0.2724
vn 0.0908 -0.9925 -0.0823
vn 0.7301 -0.1708 -0.6617
vn 0.3335 0.8930 -0.3022
vn 0.0546 -0.9973 -0.0495
vn 0.7230 -0.2188 -0.6553
vn 0.4629 0.8173 -0.3433
vn 0.7495 -0.3595 -0.5559
vn 0.4945 0.7880 -0.3668
vn 0.7344 -0.4048 -0.5447
vn 0.5250 0.7568 -0.3894
vn 0.7176 -0.4492 -0.5322
vn 0.5542 0.7238 -0.4110
vn 0.6991 -0.4924 -0.5185
vn 0.5821 0.6891 -0.4317
vn 0.6788 -0.5345 -0.5035
vn 0.6085 0.6527 -0.4513
vn 0.6570 -0.5753 -0.4872
vn 0.6335 0.6148 -0.4698
vn 0.6335 -0.6148 -0.4698
vn 0.6570 0.5753 -0.4872
vn 0.6085 -0.6527 -0.4513
vn 0.6788 0.5345 -0.5035
vn 0.5821 -0.6891 -0.4317
vn 0.6991 0.4924 -0.5185
vn 0.5542 -0.7238 -0.4110
vn 0.7176 0.4492 -0.5322
vn 0.5250 -0.7568 -0.3894
vn 0.7344 0.4048 -0.5447
vn 0.4945 -0.7880 -0.3668
vn 0.7495 0.3595 -0.5559
vn 0.4629 -0.8173 -0.3433
vn 0.7628 0.3133 -0.5657
vn 0.4301 -0.8446 -0.3190
vn 0.7742 0.2664 -0.5742
vn 0.0197 0.9997 -0.0146
vn 0.3963 -0.8698 -0.2939
vn 0.7837 0.2189 -0.5813
vn 0.0592 0.9973 -0.0439
vn 0.3615 -0.8930 -0.2681
vn 0.7914 0.1708 -0.5869
vn 0.0984 0.9925 -0.0730
vn 0.3258 -0.9140 -0.2416
vn 0.7972 0.1223 -0.5912
vn 0.1375 0.9852 -0.1020
vn 0.2894 -0.9328 -0.2146
vn 0.8010 0.0735 -0.5941
vn 0.1762 0.9756 -0.1307
vn 0.2522 -0.9494 -0.1871
vn 0.8030 0.0245 -0.5955
vn 0.2145 0.9637 -0.1591
vn 0.2145 -0.9637 -0.1591
vn 0.8030 -0.0245 -0.5955
vn 0.2522 0.9494 -0.1871
vn 0.1762 -0.9756 -0.1307
vn 0.8010 -0.0735 -0.5941
vn 0.2894 0.9328 -0.2146
vn 0.1375 -0.9852 -0.1020
vn 0.7972 -0.1223 -0.5912
vn 0.3258 0.9140 -0.2416
vn 0.0984 -0.9925 -0.0730
vn 0.7914 -0.1708 -0.5869
vn 0.3615 0.8930 -0.2681
vn 0.0592 -0.9973 -0.0439
vn 0.7837 -0.2189 -0.5813
vn 0.3963 0.8698 -0.2939
vn 0.0197 -0.9997 -0.0146
vn 0.7742 -0.2664 -0.5742
vn 0.4301 0.8446 -0.3190
vn 0.7628 -0.3133 -0.5657
vn 0.5606 0.7568 -0.3360
vn 0.7663 -0.4492 -0.4593
vn 0.5918 0.7238 -0.3547
vn 0.7465 -0.4924 -0.4474
vn 0.6216 0.6891 -0.3726
vn 0.7249 -0.5345 -0.4345
vn 0.6498 0.6527 -0.3895
vn 0.7015 -0.5753 -0.4205
vn 0.6765 0.6148 -0.4055
vn 0.6765 -0.6148 -0.4055
vn 0.7015 0.5753 -0.4205
vn 0.6498 -0.6527 -0.3895
vn 0.7249 0.5345 -0.4345
vn 0.6216 -0.6891 -0.3726
vn 0.7465 0.4924 -0.4474
vn 0.5918 -0.7238 -0.3547
vn 0.7663 0.4492 -0.4593
vn 0.5606 -0.7568 -0.3360
vn 0.7843 0.4048 -0.4701
vn 0.5281 -0.7880 -0.3165
vn 0.8004 0.3595 -0.4797
vn 0.4943 -0.8173 -0.2963
vn 0.8145 0.3133 -0.4882
vn 0.4593 -0.8446 -0.2753
vn 0.8267 0.2664 -0.4955
vn 0.0211 0.9997 -0.0126
vn 0.4232 -0.8698 -0.2536
vn 0.8369 0.2189 -0.5016
vn 0.0632 0.9973 -0.0379
vn 0.3860 -0.8930 -0.2314
vn 0.8451 0.1708 -0.5066
vn 0.1051 0.9925 -0.0630
vn 0.3479 -0.9140 -0.2085
vn 0.8513 0.1223 -0.5102
vn 0.1468 0.9852 -0.0880
vn 0.3090 -0.9328 -0.1852
vn 0.8554 0.0735 -0.5127
vn 0.1881 0.9756 -0.1128
vn 0.2693 -0.9494 -0.1614
vn 0.8575 0.0245 -0.5139
vn 0.2290 0.9637 -0.1373
vn 0.2290 -0.9637 -0.1373
vn 0.8575 -0.0245 -0.5139
vn 0.2693 0.9494 -0.1614
vn 0.1881 -0.9756 -0.1128
vn 0.8554 -0.0735 -0.5127
vn 0.3090 0.9328 -0.1852
vn 0.1468 -0.9852 -0.0880
vn 0.8513 -0.1223 -0.5102
vn 0.3479 0.9140 -0.2085
vn 0.1051 -0.9925 -0.0630
vn 0.8451 -0.1708 -0.5066
vn 0.3860 0.8930 -0.2314
vn 0.0632 -0.9973 -0.0379
vn 0.8369 -0.2189 -0.5016
vn 0.4232 0.8698 -0.2536
vn 0.0211 -0.9997 -0.0126
vn 0.8267 -0.2664 -0.4955
vn 0.4593 0.8446 -0.2753
vn 0.8145 -0.3133 -0.4882
vn 0.4943 0.8173 -0.2963
vn 0.8004 -0.3595 -0.4797
vn 0.5281 0.7880 -0.3165
vn 0.7843 -0.4048 -0.4701
vn 0.6551 0.6891 -0.3098
vn 0.7640 -0.5345 -0.3613
vn 0.6849 0.6527 -0.3239
vn 0.7394 -0.5753 -0.3497
vn 0.7130 0.6148 -0.3372
vn 0.7130 -0.6148 -0.3372
vn 0.7394 0.5753 -0.3497
vn 0.6849 -0.6527 -0.3239
vn 0.7640 0.5345 -0.3613
vn 0.6551 -0.6891 -0.3098
vn 0.7868 0.4924 -0.3721
vn 0.6237 -0.7238 -0.2950
vn 0.8077 0.4492 -0.3820
vn 0.5909 -0.7568 -0.2795
vn 0.8266 0.4048 -0.3910
vn 0.5566 -0.7880 -0.2632
vn 0.8435 0.3595 -0.3990
vn 0.5209 -0.8173 -0.2464
vn 0.8585 0.3133 -0.4060
vn 0.4840 -0.8446 -0.2289
vn 0.8713 0.2664 -0.4121
vn 0.0222 0.9997 -0.0105
vn 0.4460 -0.8698 -0.2109
vn 0.8821 0.2189 -0.4172
vn 0.0666 0.9973 -0.0315
vn 0.4068 -0.8930 -0.1924
vn 0.8907 0.1708 -0.4213
vn 0.1108 0.9925 -0.0524
vn 0.3667 -0.9140 -0.1734
vn 0.8972 0.1223 -0.4243
vn 0.1547 0.9852 -0.0732
vn 0.3257 -0.9328 -0.1540
vn 0.9015 0.0735 -0.4264
vn 0.1983 0.9756 -0.0938
vn 0.2839 -0.9494 -0.1343
vn 0.9037 0.0245 -0.4274
vn 0.2414 0.9637 -0.1142
vn 0.2414 -0.9637 -0.1142
vn 0.9037 -0.0245 -0.4274
vn 0.2839 0.9494 -0.1343
vn 0.1983 -0.9756 -0.0938
vn 0.9015 -0.0735 -0.4264
vn 0.3257 0.9328 -0.1540
vn 0.1547 -0.9852 -0.0732
vn 0.8972 -0.1223 -0.4243
vn 0.3667 0.9140 -0.1734
vn 0.1108 -0.9925 -0.0524
vn 0.8907 -0.1708 -0.4213
vn 0.4068 0.8930 -0.1924
vn 0.0666 -0.9973 -0.0315
vn 0.8821 -0.2189 -0.4172
vn 0.4460 0.8698 -0.2109
vn 0.0222 -0.9997 -0.0105
vn 0.8713 -0.2664 -0.4121
vn 0.4840 0.8446 -0.2289
vn 0.8585 -0.3133 -0.4060
vn 0.5209 0.8173 -0.2464
vn 0.8435 -0.3595 -0.3990
vn 0.5566 0.7880 -0.2632
vn 0.8266 -0.4048 -0.3910
vn 0.5909 0.7568 -0.2795
vn 0.8077 -0.4492 -0.3820
vn 0.6237 0.7238 -0.2950
vn 0.7868 -0.4924 -0.3721
vn 0.7426 0.6148 -0.2657
vn 0.7426 -0.6148 -0.2657
vn 0.7701 0.5753 -0.2755
vn 0.7133 -0.6527 -0.2552
vn 0.7957 0.5345 -0.2847
vn 0.6823 -0.6891 -0.2441
vn 0.8195 0.4924 -0.2932
vn 0.6496 -0.7238 -0.2324
vn 0.8412 0.4492 -0.3010
vn 0.6154 -0.7568 -0.2202
vn 0.8609 0.4048 -0.3080
vn 0.5797 -0.7880 -0.2074
vn 0.8786 0.3595 -0.3144
vn 0.5426 -0.8173 -0.1941
vn 0.8941 0.3133 -0.3199
vn 0.5042 -0.8446 -0.1804
vn 0.9075 0.2664 -0.3247
vn 0.0231 0.9997 -0.0083
vn 0.4645 -0.8698 -0.1662
vn 0.9187 0.2189 -0.3287
vn 0.0693 0.9973 -0.0248
vn 0.4237 -0.8930 -0.1516
vn 0.9277 0.1708 -0.3319
vn 0.1154 0.9925 -0.0413
vn 0.3819 -0.9140 -0.1367
vn 0.9345 0.1223 -0.3344
vn 0.1612 0.9852 -0.0577
vn 0.3392 -0.9328 -0.1214
vn 0.9390 0.0735 -0.3360
vn 0.2065 0.9756 -0.0739
vn 0.2957 -0.9494 -0.1058
vn 0.9413 0.0245 -0.3368
vn 0.2514 0.9637 -0.0900
vn 0.2514 -0.9637 -0.0900
vn 0.9413 -0.0245 -0.3368
vn 0.2957 0.9494 -0.1058
vn 0.2065 -0.9756 -0.0739
vn 0.9390 -0.0735 -0.3360
vn 0.3392 0.9328 -0.1214
vn 0.1612 -0.9852 -0.0577
vn 0.9345 -0.1223 -0.3344
vn 0.3819 0.9140 -0.1367
vn 0.1154 -0.9925 -0.0413
vn 0.9277 -0.1708 -0.3319
vn 0.4237 0.8930 -0.1516
vn 0.0693 -0.9973 -0.0248
vn 0.9187 -0.2189 -0.3287
vn 0.4645 0.8698 -0.1662
vn 0.0231 -0.9997 -0.0083
vn 0.9075 -0.2664 -0.3247
vn 0.5042 0.8446 -0.1804
vn 0.8941 -0.3133 -0.3199
vn 0.5426 0.8173 -0.1941
vn 0.8786 -0.3595 -0.3144
vn 0.5797 0.7880 -0.2074
vn 0.8609 -0.4048 -0.3080
vn 0.6154 0.7568 -0.2202
vn 0.8412 -0.4492 -0.3010
vn 0.6496 0.7238 -0.2324
vn 0.8195 -0.4924 -0.2932
vn 0.6823 0.6891 -0.2441
vn 0.7957 -0.5345 -0.2847
vn 0.7133 0.6527 -0.2552
vn 0.7701 -0.5753 -0.2755
vn 0.8198 0.5345 -0.2054
vn 0.7349 -0.6527 -0.1841
vn 0.8443 0.4924 -0.2115
vn 0.7029 -0.6891 -0.1761
vn 0.8667 0.4492 -0.2171
vn 0.6693 -0.7238 -0.1677
vn 0.8870 0.4048 -0.2222
vn 0.6340 -0.7568 -0.1588
vn 0.9052 0.3595 -0.2267
vn 0.5972 -0.7880 -0.1496
vn 0.9212 0.3133 -0.2307
vn 0.5590 -0.8173 -0.1400
vn 0.5194 -0.8446 -0.1301
vn 0.0238 0.9997 -0.0060
vn 0.9350 0.2664 -0.2342
vn 0.4786 -0.8698 -0.1199
vn 0.0714 0.9973 -0.0179
vn 0.9465 0.2189 -0.2371
vn 0.4366 -0.8930 -0.1094
vn 0.1189 0.9925 -0.0298
vn 0.9558 0.1708 -0.2394
vn 0.3935 -0.9140 -0.0986
vn 0.1660 0.9852 -0.0416
vn 0.9628 0.1223 -0.2412
vn 0.3495 -0.9328 -0.0875
vn 0.2128 0.9756 -0.0533
vn 0.9674 0.0735 -0.2423
vn 0.3046 -0.9494 -0.0763
vn 0.2590 0.9637 -0.0649
vn 0.9697 0.0245 -0.2429
vn 0.2590 -0.9637 -0.0649
vn 0.3046 0.9494 -0.0763
vn 0.9697 -0.0245 -0.2429
vn 0.2128 -0.9756 -0.0533
vn 0.3495 0.9328 -0.0875
vn 0.9674 -0.0735 -0.2423
vn 0.1660 -0.9852 -0.0416
vn 0.3935 0.9140 -0.0986
vn 0.9628 -0.1223 -0.2412
vn 0.1189 -0.9925 -0.0298
vn 0.4366 0.8930 -0.1094
vn 0.9558 -0.1708 -0.2394
vn 0.0714 -0.9973 -0.0179
vn 0.4786 0.8698 -0.1199
vn 0.9465 -0.2189 -0.2371
vn 0.0238 -0.9997 -0.0060
vn 0.5194 0.8446 -0.1301
vn 0.9350 -0.2664 -0.2342
vn 0.5590 0.8173 -0.1400
vn 0.9212 -0.3133 -0.2307
vn 0.5972 0.7880 -0.1496
vn 0.9052 -0.3595 -0.2267
vn 0.6340 0.7568 -0.1588
vn 0.8870 -0.4048 -0.2222
vn 0.6693 0.7238 -0.1677
vn 0.8667 -0.4492 -0.2171
vn 0.7029 0.6891 -0.1761
vn 0.8443 -0.4924 -0.2115
vn 0.7349 0.6527 -0.1841
vn 0.8198 -0.5345 -0.2054
vn 0.7651 0.6148 -0.1916
vn 0.7934 -0.5753 -0.1987
vn 0.7934 0.5753 -0.1987
vn 0.7651 -0.6148 -0.1916
vn 0.6825 -0.7238 -0.1012
vn 0.8838 0.4492 -0.1311
vn 0.6465 -0.7568 -0.0959
vn 0.9045 0.4048 -0.1342
vn 0.6090 -0.7880 -0.0903
vn 0.9230 0.3595 -0.1369
vn 0.5700 -0.8173 -0.0846
vn 0.9394 0.3133 -0.1393
vn 0.5297 -0.8446 -0.0786
vn 0.9534 0.2664 -0.1414
vn 0.0243 0.9997 -0.0036
vn 0.4880 -0.8698 -0.0724
vn 0.9652 0.2189 -0.1432
vn 0.0729 0.9973 -0.0108
vn 0.4452 -0.8930 -0.0660
vn 0.9746 0.1708 -0.1446
vn 0.1212 0.9925 -0.0180
vn 0.4013 -0.9140 -0.0595
vn 0.9818 0.1223 -0.1456
vn 0.1693 0.9852 -0.0251
vn 0.3564 -0.9328 -0.0529
vn 0.9865 0.0735 -0.1463
vn 0.2170 0.9756 -0.0322
vn 0.3106 -0.9494 -0.0461
vn 0.9889 0.0245 -0.1467
vn 0.2641 0.9637 -0.0392
vn 0.2641 -0.9637 -0.0392
vn 0.9889 -0.0245 -0.1467
vn 0.3106 0.9494 -0.0461
vn 0.2170 -0.9756 -0.0322
vn 0.9865 -0.0735 -0.1463
vn 0.3564 0.9328 -0.0529
vn 0.1693 -0.9852 -0.0251
vn 0.9818 -0.1223 -0.1456
vn 0.4013 0.9140 -0.0595
vn 0.1212 -0.9925 -0.0180
vn 0.9746 -0.1708 -0.1446
vn 0.4452 0.8930 -0.0660
vn 0.0729 -0.9973 -0.0108
vn 0.9652 -0.2189 -0.1432
vn 0.4880 0.8698 -0.0724
vn 0.0243 -0.9997 -0.0036
vn 0.9534 -0.2664 -0.1414
vn 0.5297 0.8446 -0.0786
vn 0.9394 -0.3133 -0.1393
vn 0.5700 0.8173 -0.0846
vn 0.9230 -0.3595 -0.1369
vn 0.6090 0.7880 -0.0903
vn 0.9045 -0.4048 -0.1342
vn 0.6465 0.7568 -0.0959
vn 0.8838 -0.4492 -0.1311
vn 0.6825 0.7238 -0.1012
vn 0.8609 -0.4924 -0.1277
vn 0.7168 0.6891 -0.1063
vn 0.8360 -0.5345 -0.1240
vn 0.7494 0.6527 -0.1112
vn 0.8091 -0.5753 -0.1200
vn 0.7802 0.6148 -0.1157
vn 0.7802 -0.6148 -0.1157
vn 0.8091 0.5753 -0.1200
vn 0.7494 -0.6527 -0.1112
vn 0.8360 0.5345 -0.1240
vn 0.7168 -0.6891 -0.1063
vn 0.8609 0.4924 -0.1277
vn 0.6149 -0.7880 -0.0302
vn 0.9320 0.3595 -0.0458
vn 0.5756 -0.8173 -0.0283
vn 0.9485 0.3133 -0.0466
vn 0.5348 -0.8446 -0.0263
vn 0.9627 0.2664 -0.0473
vn 0.0245 0.9997 -0.0012
vn 0.4928 -0.8698 -0.0242
vn 0.9746 0.2189 -0.0479
vn 0.0736 0.9973 -0.0036
vn 0.4495 -0.8930 -0.0221
vn 0.9841 0.1708 -0.0483
vn 0.1224 0.9925 -0.0060
vn 0.4052 -0.9140 -0.0199
vn 0.9913 0.1223 -0.0487
vn 0.1710 0.9852 -0.0084
vn 0.3598 -0.9328 -0.0177
vn 0.9961 0.0735 -0.0489
vn 0.2191 0.9756 -0.0108
vn 0.3136 -0.9494 -0.0154
vn 0.9985 0.0245 -0.0491
vn 0.2667 0.9637 -0.0131
vn 0.2667 -0.9637 -0.0131
vn 0.9985 -0.0245 -0.0491
vn 0.3136 0.9494 -0.0154
vn 0.2191 -0.9756 -0.0108
vn 0.9961 -0.0735 -0.0489
vn 0.3598 0.9328 -0.0177
vn 0.1710 -0.9852 -0.0084
vn 0.9913 -0.1223 -0.0487
vn 0.4052 0.9140 -0.0199
vn 0.1224 -0.9925 -0.0060
vn 0.9841 -0.1708 -0.0483
vn 0.4495 0.8930 -0.0221
vn 0.0736 -0.9973 -0.0036
vn 0.9746 -0.2189 -0.0479
vn 0.4928 0.8698 -0.0242
vn 0.0245 -0.9997 -0.0012
vn 0.9627 -0.2664 -0.0473
vn 0.5348 0.8446 -0.0263
vn 0.9485 -0.3133 -0.0466
vn 0.5756 0.8173 -0.0283
vn 0.9320 -0.3595 -0.0458
vn 0.6149 0.7880 -0.0302
vn 0.9133 -0.4048 -0.0449
vn 0.6528 0.7568 -0.0321
vn 0.8924 -0.4492 -0.0438
vn 0.6891 0.7238 -0.0339
vn 0.8693 -0.4924 -0.0427
vn 0.7238 0.6891 -0.0356
vn 0.8441 -0.5345 -0.0415
vn 0.7567 0.6527 -0.0372
vn 0.8169 -0.5753 -0.0401
vn 0.7878 0.6148 -0.0387
vn 0.7878 -0.6148 -0.0387
vn 0.8169 0.5753 -0.0401
vn 0.7567 -0.6527 -0.0372
vn 0.8441 0.5345 -0.0415
vn 0.7238 -0.6891 -0.0356
vn 0.8693 0.4924 -0.0427
vn 0.6891 -0.7238 -0.0339
vn 0.8924 0.4492 -0.0438
vn 0.6528 -0.7568 -0.0321
vn 0.9133 0.4048 -0.0449
vn 0.5348 -0.8446 0.0263
vn 0.9627 0.2664 0.0473
vn 0.0245 0.9997 0.0012
vn 0.4928 -0.8698 0.0242
vn 0.9746 0.2189 0.0479
vn 0.0736 0.9973 0.0036
vn 0.4495 -0.8930 0.0221
vn 0.9841 0.1708 0.0483
vn 0.1224 0.9925 0.0060
vn 0.4052 -0.9140 0.0199
vn 0.9913 0.1223 0.0487
vn 0.1710 0.9852 0.0084
vn 0.3598 -0.9328 0.0177
vn 0.9961 0.0735 0.0489
vn 0.2191 0.9756 0.0108
vn 0.3136 -0.9494 0.0154
vn 0.9985 0.0245 0.0491
vn 0.2667 0.9637 0.0131
vn 0.2667 -0.9637 0.0131
vn 0.9985 -0.0245 0.0491
vn 0.3136 0.9494 0.0154
vn 0.2191 -0.9756 0.0108
vn 0.9961 -0.0735 0.0489
vn 0.3598 0.9328 0.0177
vn 0.1710 -0.9852 0.0084
vn 0.9913 -0.1223 0.0487
vn 0.4052 0.9140 0.0199
vn 0.1224 -0.9925 0.0060
vn 0.9841 -0.1708 0.0483
vn 0.4495 0.8930 0.0221
vn 0.0736 -0.9973 0.0036
vn 0.9746 -0.2189 0.0479
vn 0.4928 0.8698 0.0242
vn 0.0245 -0.9997 0.0012
vn 0.9627 -0.2664 0.0473
vn 0.5348 0.8446 0.0263
vn 0.9485 -0.3133 0.0466
vn 0.5756 0.8173 0.0283
vn 0.9320 -0.3595 0.0458
vn 0.6150 0.7880 0.0302
vn 0.9133 -0.4048 0.0449
vn 0.6528 0.7568 0.0321
vn 0.8924 -0.4492 0.0438
vn 0.6891 0.7238 0.0339
vn 0.8693 -0.4924 0.0427
vn 0.7238 0.6891 0.0356
vn 0.8441 -0.5345 0.0415
vn 0.7567 0.6527 0.0372
vn 0.8169 -0.5753 0.0401
vn 0.7878 0.6148 0.0387
vn 0.7878 -0.6148 0.0387
vn 0.8169 0.5753 0.0401
vn 0.7567 -0.6527 0.0372
vn 0.8441 0.5345 0.0415
vn 0.7238 -0.6891 0.0356
vn 0.8693 0.4924 0.0427
vn 0.6891 -0.7238 0.0339
vn 0.8924 0.4492 0.0438
vn 0.6528 -0.7568 0.0321
vn 0.9133 0.4048 0.0449
vn 0.6150 -0.7880 0.0302
vn 0.9320 0.3595 0.0458
vn 0.5756 -0.8173 0.0283
vn 0.9485 0.3133 0.0466
vn 0.4452 -0.8930 0.0660
vn 0.9746 0.1708 0.1446
vn 0.1212 0.9925 0.0180
vn 0.4013 -0.9140 0.0595
vn 0.9818 0.1223 0.1456
vn 0.1693 0.9852 0.0251
vn 0.3564 -0.9328 0.0529
vn 0.9865 0.0735 0.1463
vn 0.2170 0.9756 0.0322
vn 0.3106 -0.9494 0.0461
vn 0.9889 0.0245 0.1467
vn 0.2641 0.9637 0.0392
vn 0.2641 -0.9637 0.0392
vn 0.9889 -0.0245 0.1467
vn 0.3106 0.9494 0.0461
vn 0.2170 -0.9756 0.0322
vn 0.9865 -0.0735 0.1463
vn 0.3564 0.9328 0.0529
vn 0.1693 -0.9852 0.0251
vn 0.9818 -0.1223 0.1456
vn 0.4013 0.9140 0.0595
vn 0.1212 -0.9925 0.0180
vn 0.9746 -0.1708 0.1446
vn 0.4452 0.8930 0.0660
vn 0.0729 -0.9973 0.0108
vn 0.9652 -0.2189 0.1432
vn 0.4880 0.8698 0.0724
vn 0.0243 -0.9997 0.0036
vn 0.9534 -0.2664 0.1414
vn 0.5297 0.8446 0.0786
vn 0.9394 -0.3133 0.1393
vn 0.5700 0.8173 0.0846
vn 0.9230 -0.3595 0.1369
vn 0.6090 0.7880 0.0903
vn 0.9045 -0.4048 0.1342
vn 0.6465 0.7568 0.0959
vn 0.8838 -0.4492 0.1311
vn 0.6825 0.7238 0.1012
vn 0.8609 -0.4924 0.1277
vn 0.7168 0.6891 0.1063
vn 0.8360 -0.5345 0.1240
vn 0.7494 0.6527 0.1112
vn 0.8091 -0.5753 0.1200
vn 0.7802 0.6148 0.1157
vn 0.7802 -0.6148 0.1157
vn 0.8091 0.5753 0.1200
vn 0.7494 -0.6527 0.1112
vn 0.8360 0.5345 0.1240
vn 0.7168 -0.6891 0.1063
vn 0.8609 0.4924 0.1277
vn 0.6825 -0.7238 0.1012
vn 0.8838 0.4492 0.1311
vn 0.6465 -0.7568 0.0959
vn 0.9045 0.4048 0.1342
vn 0.6090 -0.7880 0.0903
vn 0.9230 0.3595 0.1369
vn 0.5700 -0.8173 0.0846
vn 0.9394 0.3133 0.1393
vn 0.5297 -0.8446 0.0786
vn 0.9534 0.2664 0.1414
vn 0.0243 0.9997 0.0036
vn 0.4880 -0.8698 0.0724
vn 0.9652 0.2189 0.1432
vn 0.0729 0.9973 0.0108
vn 0.3495 -0.9328 0.0875
vn 0.9674 0.0735 0.2423
vn 0.2128 0.9756 0.0533
vn 0.3046 -0.9494 0.0763
vn 0.9697 0.0245 0.2429
vn 0.2590 0.9637 0.0649
vn 0.2590 -0.9637 0.0649
vn 0.9697 -0.0245 0.2429
vn 0.3046 0.9494 0.0763
vn 0.2128 -0.9756 0.0533
vn 0.9674 -0.0735 0.2423
vn 0.3495 0.9328 0.0875
vn 0.1660 -0.9852 0.0416
vn 0.9628 -0.1223 0.2412
vn 0.3935 0.9140 0.0986
vn 0.1189 -0.9925 0.0298
vn 0.9558 -0.1708 0.2394
vn 0.4366 0.8930 0.1094
vn 0.0714 -0.9973 0.0179
vn 0.9465 -0.2189 0.2371
vn 0.4786 0.8698 0.1199
vn 0.0238 -0.9997 0.0060
vn 0.9350 -0.2664 0.2342
vn 0.5194 0.8446 0.1301
vn 0.9212 -0.3133 0.2307
vn 0.5590 0.8173 0.1400
vn 0.9052 -0.3595 0.2267
vn 0.5972 0.7880 0.1496
vn 0.8870 -0.4048 0.2222
vn 0.6340 0.7568 0.1588
vn 0.8667 -0.4492 0.2171
vn 0.6693 0.7238 0.1677
vn 0.8443 -0.4924 0.2115
vn 0.7029 0.6891 0.1761
vn 0.8198 -0.5345 0.2054
vn 0.7349 0.6527 0.1841
vn 0.7934 -0.5753 0.1987
vn 0.7651 0.6148 0.1916
vn 0.7651 -0.6148 0.1916
vn 0.7934 0.5753 0.1987
vn 0.7349 -0.6527 0.1841
vn 0.8198 0.5345 0.2054
vn 0.7029 -0.6891 0.1761
vn 0.8443 0.4924 0.2115
vn 0.6693 -0.7238 0.1677
vn 0.8667 0.4492 0.2171
vn 0.6340 -0.7568 0.1588
vn 0.8870 0.4048 0.2222
vn 0.5972 -0.7880 0.1496
vn 0.9052 0.3595 0.2267
vn 0.5590 -0.8173 0.1400
vn 0.9212 0.3133 0.2307
vn 0.5194 -0.8446 0.1301
vn 0.9350 0.2664 0.2342
vn 0.0238 0.9997 0.0060
vn 0.4786 -0.8698 0.1199
vn 0.9465 0.2189 0.2371
vn 0.0714 0.9973 0.0179
vn 0.4366 -0.8930 0.1094
vn 0.9558 0.1708 0.2394
vn 0.1189 0.9925 0.0298
vn 0.3935 -0.9140 0.0986
vn 0.9628 0.1223 0.2412
vn 0.1660 0.9852 0.0416
vn 0.2514 -0.9637 0.0900
vn 0.9413 -0.0245 0.3368
vn 0.2957 0.9494 0.1058
vn 0.2065 -0.9756 0.0739
vn 0.9390 -0.0735 0.3360
vn 0.3392 0.9328 0.1214
vn 0.1612 -0.9852 0.0577
vn 0.9345 -0.1223 0.3344
vn 0.3819 0.9140 0.1367
vn 0.1154 -0.9925 0.0413
vn 0.9277 -0.1708 0.3319
vn 0.4237 0.8930 0.1516
vn 0.0693 -0.9973 0.0248
vn 0.9187 -0.2189 0.3287
vn 0.4645 0.8698 0.1662
vn 0.0231 -0.9997 0.0083
vn 0.9075 -0.2664 0.3247
vn 0.5042 0.8446 0.1804
vn 0.8941 -0.3133 0.3199
vn 0.5426 0.8173 0.1941
vn 0.8786 -0.3595 0.3144
vn 0.5797 0.7880 0.2074
vn 0.8609 -0.4048 0.3080
vn 0.6154 0.7568 0.2202
vn 0.8412 -0.4492 0.3010
vn 0.6496 0.7238 0.2324
vn 0.8195 -0.4924 0.2932
vn 0.6823 0.6891 0.2441
vn 0.7957 -0.5345 0.2847
vn 0.7133 0.6527 0.2552
vn 0.7701 -0.5753 0.2755
vn 0.7426 0.6148 0.2657
vn 0.7426 -0.6148 0.2657
vn 0.7701 0.5753 0.2755
vn 0.7133 -0.6527 0.2552
vn 0.7957 0.5345 0.2847
vn 0.6823 -0.6891 0.2441
vn 0.8195 0.4924 0.2932
vn 0.6496 -0.7238 0.2324
vn 0.8412 0.4492 0.3010
vn 0.6154 -0.7568 0.2202
vn 0.8609 0.4048 0.3080
vn 0.5797 -0.7880 0.2074
vn 0.8786 0.3595 0.3144
vn 0.5426 -0.8173 0.1941
vn 0.8941 0.3133 0.3199
vn 0.5042 -0.8446 0.1804
vn 0.9075 0.2664 0.3247
vn 0.0232 0.9997 0.0083
vn 0.4645 -0.8698 0.1662
vn 0.9187 0.2189 0.3287
vn 0.0693 0.9973 0.0248
vn 0.4237 -0.8930 0.1516
vn 0.9277 0.1708 0.3319
vn 0.1154 0.9925 0.0413
vn 0.3819 -0.9140 0.1367
vn 0.9345 0.1223 0.3344
vn 0.1612 0.9852 0.0577
vn 0.3392 -0.9328 0.1214
vn 0.9390 0.0735 0.3360
vn 0.2065 0.9756 0.0739
vn 0.2957 -0.9494 0.1058
vn 0.9413 0.0245 0.3368
vn 0.2514 0.9637 0.0900
vn 0.1547 -0.9852 0.0732
vn 0.8972 -0.1223 0.4243
vn 0.3667 0.9140 0.1734
vn 0.1108 -0.9925 0.0524
vn 0.8907 -0.1708 0.4213
vn 0.4068 0.8930 0.1924
vn 0.0666 -0.9973 0.0315
vn 0.8821 -0.2189 0.4172
vn 0.4460 0.8698 0.2109
vn 0.0222 -0.9997 0.0105
vn 0.8713 -0.2664 0.4121
vn 0.4840 0.8446 0.2289
vn 0.8585 -0.3133 0.4060
vn 0.5209 0.8173 0.2464
vn 0.8435 -0.3595 0.3990
vn 0.5566 0.7880 0.2632
vn 0.8266 -0.4048 0.3910
vn 0.5909 0.7568 0.2795
vn 0.8077 -0.4492 0.3820
vn 0.6237 0.7238 0.2950
vn 0.7868 -0.4924 0.3721
vn 0.6551 0.6891 0.3098
vn 0.7640 -0.5345 0.3613
vn 0.6849 0.6527 0.3239
vn 0.7394 -0.5753 0.3497
vn 0.7130 0.6148 0.3372
vn 0.7130 -0.6148 0.3372
vn 0.7394 0.5753 0.3497
vn 0.6849 -0.6527 0.3239
vn 0.7640 0.5345 0.3613
vn 0.6551 -0.6891 0.3098
vn 0.7868 0.4924 0.3721
vn 0.6237 -0.7238 0.2950
vn 0.8077 0.4492 0.3820
vn 0.5909 -0.7568 0.2795
vn 0.8266 0.4048 0.3910
vn 0.5566 -0.7880 0.2632
vn 0.8435 0.3595 0.3990
vn 0.5209 -0.8173 0.2464
vn 0.8585 0.3133 0.4060
vn 0.4840 -0.8446 0.2289
vn 0.8713 0.2664 0.4121
vn 0.0222 0.9997 0.0105
vn 0.4460 -0.8698 0.2109
vn 0.8821 0.2189 0.4172
vn 0.0666 0.9973 0.0315
vn 0.4068 -0.8930 0.1924
vn 0.8907 0.1708 0.4213
vn 0.1108 0.9925 0.0524
vn 0.3667 -0.9140 0.1734
vn 0.8972 0.1223 0.4243
vn 0.1547 0.9852 0.0732
vn 0.3257 -0.9328 0.1540
vn 0.9015 0.0735 0.4264
vn 0.1983 0.9756 0.0938
vn 0.2839 -0.9494 0.1343
vn 0.9037 0.0245 0.4274
vn 0.2414 0.9637 0.1142
vn 0.2414 -0.9637 0.1142
vn 0.9037 -0.0245 0.4274
vn 0.2839 0.9494 0.1343
vn 0.1983 -0.9756 0.0938
vn 0.9015 -0.0735 0.4264
vn 0.3257 0.9328 0.1540
vn 0.0632 -0.9973 0.0379
vn 0.8369 -0.2189 0.5016
vn 0.4232 0.8698 0.2536
vn 0.0211 -0.9997 0.0126
vn 0.8267 -0.2664 0.4955
vn 0.4593 0.8446 0.2753
vn 0.8145 -0.3133 0.4882
vn 0.4943 0.8173 0.2963
vn 0.8004 -0.3595 0.4797
vn 0.5281 0.7880 0.3165
vn 0.7843 -0.4048 0.4701
vn 0.5606 0.7568 0.3360
vn 0.7663 -0.4492 0.4593
vn 0.5918 0.7238 0.3547
vn 0.7465 -0.4924 0.4474
vn 0.6216 0.6891 0.3726
vn 0.7249 -0.5345 0.4345
vn 0.6498 0.6527 0.3895
vn 0.7015 -0.5753 0.4205
vn 0.6765 0.6148 0.4055
vn 0.6765 -0.6148 0.4055
vn 0.7015 0.5753 0.4205
vn 0.6498 -0.6527 0.3895
vn 0.7249 0.5345 0.4345
vn 0.6216 -0.6891 0.3726
vn 0.7465 0.4924 0.4474
vn 0.5918 -0.7238 0.3547
vn 0.7663 0.4492 0.4593
vn 0.5606 -0.7568 0.3360
vn 0.7843 0.4048 0.4701
vn 0.5281 -0.7880 0.3165
vn 0.8004 0.3595 0.4797
vn 0.4943 -0.8173 0.2963
vn 0.8145 0.3133 0.4882
vn 0.4593 -0.8446 0.2753
vn 0.8267 0.2664 0.4955
vn 0.0211 0.9997 0.0126
vn 0.4232 -0.8698 0.2536
vn 0.8369 0.2189 0.5016
vn 0.0632 0.9973 0.0379
vn 0.3860 -0.8930 0.2314
vn 0.8451 0.1708 0.5066
vn 0.1051 0.9925 0.0630
vn 0.3479 -0.9140 0.2085
vn 0.8513 0.1223 0.5102
vn 0.1468 0.9852 0.0880
vn 0.3090 -0.9328 0.1852
vn 0.8554 0.0735 0.5127
vn 0.1881 0.9756 0.1128
vn 0.2693 -0.9494 0.1614
vn 0.8575 0.0245 0.5139
vn 0.2290 0.9637 0.1373
vn 0.2290 -0.9637 0.1373
vn 0.8575 -0.0245 0.5139
vn 0.2693 0.9494 0.1614
vn 0.1881 -0.9756 0.1128
vn 0.8554 -0.0735 0.5127
vn 0.3090 0.9328 0.1852
vn 0.1468 -0.9852 0.0880
vn 0.8513 -0.1223 0.5102
vn 0.3479 0.9140 0.2085
vn 0.1051 -0.9925 0.0630
vn 0.8451 -0.1708 0.5066
vn 0.3860 0.8930 0.2314
vn 0.7628 -0.3133 0.5657
vn 0.4629 0.8173 0.3433
vn 0.7495 -0.3595 0.5559
vn 0.4945 0.7880 0.3668
vn 0.7344 -0.4048 0.5447
vn 0.5250 0.7568 0.3894
vn 0.7176 -0.4492 0.5322
vn 0.5542 0.7238 0.4110
vn 0.6991 -0.4924 0.5185
vn 0.5821 0.6891 0.4317
vn 0.6788 -0.5345 0.5035
vn 0.6085 0.6527 0.4513
vn 0.6570 -0.5753 0.4872
vn 0.6335 0.6148 0.4698
vn 0.6335 -0.6148 0.4698
vn 0.6570 0.5753 0.4872
vn 0.6085 -0.6527 0.4513
vn 0.6788 0.5345 0.5035
vn 0.5821 -0.6891 0.4317
vn 0.6991 0.4924 0.5185
vn 0.5542 -0.7238 0.4110
vn 0.7176 0.4492 0.5322
vn 0.5250 -0.7568 0.3894
vn 0.7344 0.4048 0.5447
vn 0.4945 -0.7880 0.3668
vn 0.7495 0.3595 0.5559
vn 0.4629 -0.8173 0.3433
vn 0.7628 0.3133 0.5657
vn 0.4301 -0.8446 0.3190
vn 0.7742 0.2664 0.5742
vn 0.0197 0.9997 0.0146
vn 0.3963 -0.8698 0.2939
vn 0.7837 0.2189 0.5813
vn 0.0592 0.9973 0.0439
vn 0.3615 -0.8930 0.2681
vn 0.7914 0.1708 0.5870
vn 0.0984 0.9925 0.0730
vn 0.3258 -0.9140 0.2416
vn 0.7972 0.1223 0.5912
vn 0.1375 0.9852 0.1020
vn 0.2894 -0.9328 0.2146
vn 0.8010 0.0735 0.5941
vn 0.1762 0.9756 0.1307
vn 0.2522 -0.9494 0.1871
vn 0.8030 0.0245 0.5955
vn 0.2145 0.9637 0.1591
vn 0.2145 -0.9637 0.1591
vn 0.8030 -0.0245 0.5955
vn 0.2522 0.9494 0.1871
vn 0.1762 -0.9756 0.1307
vn 0.8010 -0.0735 0.5941
vn 0.2894 0.9328 0.2146
vn 0.1375 -0.9852 0.1020
vn 0.7972 -0.1223 0.5912
vn 0.3258 0.9140 0.2416
vn 0.0984 -0.9925 0.0730
vn 0.7914 -0.1708 0.5870
vn 0.3615 0.8930 0.2681
vn 0.0592 -0.9973 0.0439
vn 0.7837 -0.2189 0.5813
vn 0.3963 0.8698 0.2939
vn 0.0197 -0.9997 0.0146
vn 0.7742 -0.2664 0.5742
vn 0.4301 0.8446 0.3190
vn 0.6775 -0.4048 0.6141
vn 0.4843 0.7568 0.4389
vn 0.6620 -0.4492 0.6000
vn 0.5112 0.7238 0.4634
vn 0.6449 -0.4924 0.5845
vn 0.5369 0.6891 0.4867
vn 0.6262 -0.5345 0.5676
vn 0.5613 0.6527 0.5088
vn 0.6060 -0.5753 0.5493
vn 0.5844 0.6148 0.5297
vn 0.5844 -0.6148 0.5297
vn 0.6060 0.5753 0.5493
vn 0.5613 -0.6527 0.5088
vn 0.6262 0.5345 0.5676
vn 0.5369 -0.6891 0.4867
vn 0.6449 0.4924 0.5845
vn 0.5112 -0.7238 0.4634
vn 0.6620 0.4492 0.6000
vn 0.4843 -0.7568 0.4389
vn 0.6775 0.4048 0.6141
vn 0.4562 -0.7880 0.4135
vn 0.6914 0.3595 0.6267
vn 0.4270 -0.8173 0.3870
vn 0.7036 0.3133 0.6377
vn 0.3967 -0.8446 0.3596
vn 0.7142 0.2664 0.6473
vn 0.0182 0.9997 0.0165
vn 0.3655 -0.8698 0.3313
vn 0.7230 0.2189 0.6553
vn 0.0546 0.9973 0.0495
vn 0.3335 -0.8930 0.3022
vn 0.7301 0.1708 0.6617
vn 0.0908 0.9925 0.0823
vn 0.3006 -0.9140 0.2724
vn 0.7354 0.1223 0.6665
vn 0.1268 0.9852 0.1149
vn 0.2669 -0.9328 0.2419
vn 0.7389 0.0735 0.6697
vn 0.1625 0.9756 0.1473
vn 0.2327 -0.9494 0.2109
vn 0.7407 0.0245 0.6714
vn 0.1978 0.9637 0.1793
vn 0.1978 -0.9637 0.1793
vn 0.7407 -0.0245 0.6714
vn 0.2327 0.9494 0.2109
vn 0.1625 -0.9756 0.1473
vn 0.7389 -0.0735 0.6697
vn 0.2669 0.9328 0.2419
vn 0.1268 -0.9852 0.1149
vn 0.7354 -0.1223 0.6665
vn 0.3006 0.9140 0.2724
vn 0.0908 -0.9925 0.0823
vn 0.7301 -0.1708 0.6617
vn 0.3335 0.8930 0.3022
vn 0.0546 -0.9973 0.0495
vn 0.7230 -0.2189 0.6553
vn 0.3655 0.8698 0.3313
vn 0.0182 -0.9997 0.0165
vn 0.7142 -0.2664 0.6473
vn 0.3967 0.8446 0.3596
vn 0.7036 -0.3133 0.6377
vn 0.4270 0.8173 0.3870
vn 0.6914 -0.3595 0.6267
vn 0.4562 0.7880 0.4135
vn 0.5845 -0.4924 0.6449
vn 0.4867 0.6891 0.5369
vn 0.5676 -0.5345 0.6262
vn 0.5088 0.6527 0.5613
vn 0.5493 -0.5753 0.6060
vn 0.5297 0.6148 0.5844
vn 0.5297 -0.6148 0.5844
vn 0.5493 0.5753 0.6060
vn 0.5088 -0.6527 0.5613
vn 0.5676 0.5345 0.6262
vn 0.4867 -0.6891 0.5369
vn 0.5845 0.4924 0.6449
vn 0.4634 -0.7238 0.5112
vn 0.6000 0.4492 0.6620
vn 0.4389 -0.7568 0.4843
vn 0.6141 0.4048 0.6775
vn 0.4135 -0.7880 0.4562
vn 0.6267 0.3595 0.6914
vn 0.3870 -0.8173 0.4270
vn 0.6377 0.3133 0.7036
vn 0.3596 -0.8446 0.3967
vn 0.6473 0.2664 0.7142
vn 0.0165 0.9997 0.0182
vn 0.3313 -0.8698 0.3655
vn 0.6553 0.2189 0.7230
vn 0.0495 0.9973 0.0546
vn 0.3022 -0.8930 0.3335
vn 0.6617 0.1708 0.7301
vn 0.0823 0.9925 0.0908
vn 0.2724 -0.9140 0.3006
vn 0.6665 0.1223 0.7354
vn 0.1149 0.9852 0.1268
vn 0.2419 -0.9328 0.2669
vn 0.6697 0.0735 0.7389
vn 0.1473 0.9756 0.1625
vn 0.2109 -0.9494 0.2327
vn 0.6714 0.0245 0.7407
vn 0.1793 0.9637 0.1978
vn 0.1793 -0.9637 0.1978
vn 0.6714 -0.0245 0.7407
vn 0.2109 0.9494 0.2327
vn 0.1473 -0.9756 0.1625
vn 0.6697 -0.0735 0.7389
vn 0.2419 0.9328 0.2669
vn 0.1149 -0.9852 0.1268
vn 0.6665 -0.1223 0.7354
vn 0.2724 0.9140 0.3006
vn 0.0823 -0.9925 0.0908
vn 0.6617 -0.1708 0.7301
vn 0.3022 0.8930 0.3335
vn 0.0495 -0.9973 0.0546
vn 0.6553 -0.2189 0.7230
vn 0.3313 0.8698 0.3655
vn 0.0165 -0.9997 0.0182
vn 0.6473 -0.2664 0.7142
vn 0.3596 0.8446 0.3967
vn 0.6377 -0.3133 0.7036
vn 0.3870 0.8173 0.4270
vn 0.6267 -0.3595 0.6914
vn 0.4135 0.7880 0.4562
vn 0.6141 -0.4048 0.6775
vn 0.4389 0.7568 0.4843
vn 0.6000 -0.4492 0.6620
vn 0.4634 0.7238 0.5112
vn 0.4872 -0.5753 0.6570
vn 0.4698 0.6148 0.6335
vn 0.4698 -0.6148 0.6335
vn 0.4872 0.5753 0.6570
vn 0.4513 -0.6527 0.6085
vn 0.5035 0.5345 0.6788
vn 0.4317 -0.6891 0.5821
vn 0.5185 0.4924 0.6991
vn 0.4110 -0.7238 0.5542
vn 0.5322 0.4492 0.7176
vn 0.3894 -0.7568 0.5250
vn 0.5447 0.4048 0.7344
vn 0.3668 -0.7880 0.4945
vn 0.5559 0.3595 0.7495
vn 0.3433 -0.8173 0.4629
vn 0.5657 0.3133 0.7628
vn 0.3190 -0.8446 0.4301
vn 0.5742 0.2664 0.7742
vn 0.0146 0.9997 0.0197
vn 0.2939 -0.8698 0.3963
vn 0.5813 0.2189 0.7837
vn 0.0439 0.9973 0.0592
vn 0.2681 -0.8930 0.3615
vn 0.5870 0.1708 0.7914
vn 0.0730 0.9925 0.0984
vn 0.2416 -0.9140 0.3258
vn 0.5912 0.1223 0.7972
vn 0.1020 0.9852 0.1375
vn 0.2146 -0.9328 0.2894
vn 0.5941 0.0735 0.8010
vn 0.1307 0.9756 0.1762
vn 0.1871 -0.9494 0.2522
vn 0.5955 0.0245 0.8030
vn 0.1591 0.9637 0.2145
vn 0.1591 -0.9637 0.2145
vn 0.5955 -0.0245 0.8030
vn 0.1871 0.9494 0.2522
vn 0.1307 -0.9756 0.1762
vn 0.5941 -0.0735 0.8010
vn 0.2146 0.9328 0.2894
vn 0.1020 -0.9852 0.1375
vn 0.5912 -0.1223 0.7972
vn 0.2416 0.9140 0.3258
vn 0.0730 -0.9925 0.0984
vn 0.5870 -0.1708 0.7914
vn 0.2681 0.8930 0.3615
vn 0.0439 -0.9973 0.0592
vn 0.5813 -0.2189 0.7837
vn 0.2939 0.8698 0.3963
vn 0.0146 -0.9997 0.0197
vn 0.5742 -0.2664 0.7742
vn 0.3190 0.8446 0.4301
vn 0.5657 -0.3133 0.7628
vn 0.3433 0.8173 0.4629
vn 0.5559 -0.3595 0.7495
vn 0.3668 0.7880 0.4945
vn 0.5447 -0.4048 0.7344
vn 0.3894 0.7568 0.5250
vn 0.5322 -0.4492 0.7176
vn 0.4110 0.7238 0.5542
vn 0.5185 -0.4924 0.6991
vn 0.4317 0.6891 0.5821
vn 0.5035 -0.5345 0.6788
vn 0.4513 0.6527 0.6085
vn 0.3165 -0.7880 0.5281
vn 0.4797 0.3595 0.8004
vn 0.2963 -0.8173 0.4943
vn 0.4882 0.3133 0.8145
vn 0.2753 -0.8446 0.4593
vn 0.4955 0.2664 0.8267
vn 0.0126 0.9997 0.0211
vn 0.2536 -0.8698 0.4232
vn 0.5016 0.2189 0.8369
vn 0.0379 0.9973 0.0632
vn 0.2314 -0.8930 0.3860
vn 0.5066 0.1708 0.8451
vn 0.0630 0.9925 0.1051
vn 0.2085 -0.9140 0.3479
vn 0.5102 0.1223 0.8513
vn 0.0880 0.9852 0.1468
vn 0.1852 -0.9328 0.3090
vn 0.5127 0.0735 0.8554
vn 0.1128 0.9756 0.1881
vn 0.1614 -0.9494 0.2693
vn 0.5139 0.0245 0.8575
vn 0.1373 0.9637 0.2290
vn 0.1373 -0.9637 0.2290
vn 0.5139 -0.0245 0.8575
vn 0.1614 0.9494 0.2693
vn 0.1128 -0.9756 0.1881
vn 0.5127 -0.0735 0.8554
vn 0.1852 0.9328 0.3090
vn 0.0880 -0.9852 0.1468
vn 0.5102 -0.1223 0.8513
vn 0.2085 0.9140 0.3479
vn 0.0630 -0.9925 0.1051
vn 0.5066 -0.1708 0.8451
vn 0.2314 0.8930 0.3860
vn 0.0379 -0.9973 0.0632
vn 0.5016 -0.2189 0.8369
vn 0.2536 0.8698 0.4232
vn 0.0126 -0.9997 0.0211
vn 0.4955 -0.2664 0.8267
vn 0.2753 0.8446 0.4593
vn 0.4882 -0.3133 0.8145
vn 0.2963 0.8173 0.4943
vn 0.4797 -0.3595 0.8004
vn 0.3165 0.7880 0.5281
vn 0.4701 -0.4048 0.7843
vn 0.3360 0.7568 0.5606
vn 0.4593 -0.4492 0.7663
vn 0.3547 0.7238 0.5918
vn 0.4474 -0.4924 0.7465
vn 0.3726 0.6891 0.6216
vn 0.4345 -0.5345 0.7249
vn 0.3895 0.6527 0.6498
vn 0.4205 -0.5753 0.7015
vn 0.4055 0.6148 0.6765
vn 0.4055 -0.6148 0.6765
vn 0.4205 0.5753 0.7015
vn 0.3895 -0.6527 0.6498
vn 0.4345 0.5345 0.7249
vn 0.3726 -0.6891 0.6216
vn 0.4474 0.4924 0.7465
vn 0.3547 -0.7238 0.5918
vn 0.4593 0.4492 0.7663
vn 0.3360 -0.7568 0.5606
vn 0.4701 0.4048 0.7843
vn 0.2289 -0.8446 0.4840
vn 0.4121 0.2664 0.8713
vn 0.0105 0.9997 0.0222
vn 0.2109 -0.8698 0.4460
vn 0.4172 0.2189 0.8821
vn 0.0315 0.9973 0.0666
vn 0.1924 -0.8930 0.4068
vn 0.4213 0.1708 0.8907
vn 0.0524 0.9925 0.1108
vn 0.1734 -0.9140 0.3667
vn 0.4243 0.1223 0.8972
vn 0.0732 0.9852 0.1547
vn 0.1540 -0.9328 0.3257
vn 0.4264 0.0735 0.9015
vn 0.0938 0.9756 0.1983
vn 0.1343 -0.9494 0.2839
vn 0.4274 0.0245 0.9037
vn 0.1142 0.9637 0.2414
vn 0.1142 -0.9637 0.2414
vn 0.4274 -0.0245 0.9037
vn 0.1343 0.9494 0.2839
vn 0.0938 -0.9756 0.1983
vn 0.4264 -0.0735 0.9015
vn 0.1540 0.9328 0.3257
vn 0.0732 -0.9852 0.1547
vn 0.4243 -0.1223 0.8972
vn 0.1734 0.9140 0.3667
vn 0.0524 -0.9925 0.1108
vn 0.4213 -0.1708 0.8907
vn 0.1924 0.8930 0.4068
vn 0.0315 -0.9973 0.0666
vn 0.4172 -0.2189 0.8821
vn 0.2109 0.8698 0.4460
vn 0.0105 -0.9997 0.0222
vn 0.4121 -0.2664 0.8713
vn 0.2289 0.8446 0.4840
vn 0.4060 -0.3133 0.8585
vn 0.2464 0.8173 0.5209
vn 0.3990 -0.3595 0.8435
vn 0.2632 0.7880 0.5566
vn 0.3910 -0.4048 0.8266
vn 0.2795 0.7568 0.5909
vn 0.3820 -0.4492 0.8077
vn 0.2950 0.7238 0.6237
vn 0.3721 -0.4924 0.7868
vn 0.3098 0.6891 0.6551
vn 0.3613 -0.5345 0.7640
vn 0.3239 0.6527 0.6849
vn 0.3497 -0.5753 0.7394
vn 0.3372 0.6148 0.7130
vn 0.3372 -0.6148 0.7130
vn 0.3497 0.5753 0.7394
vn 0.3239 -0.6527 0.6849
vn 0.3613 0.5345 0.7640
vn 0.3098 -0.6891 0.6551
vn 0.3721 0.4924 0.7868
vn 0.2950 -0.7238 0.6237
vn 0.3820 0.4492 0.8077
vn 0.2795 -0.7568 0.5909
vn 0.3910 0.4048 0.8266
vn 0.2632 -0.7880 0.5566
vn 0.3990 0.3595 0.8435
vn 0.2464 -0.8173 0.5209
vn 0.4060 0.3133 0.8585
vn 0.1516 -0.8930 0.4237
vn 0.3319 0.1708 0.9277
vn 0.0413 0.9925 0.1154
vn 0.1367 -0.9140 0.3819
vn 0.3344 0.1223 0.9345
vn 0.0577 0.9852 0.1612
vn 0.1214 -0.9328 0.3392
vn 0.3360 0.0735 0.9390
vn 0.0739 0.9756 0.2065
vn 0.1058 -0.9494 0.2957
vn 0.3368 0.0245 0.9413
vn 0.0900 0.9637 0.2514
vn 0.0900 -0.9637 0.2514
vn 0.3368 -0.0245 0.9413
vn 0.1058 0.9494 0.2957
vn 0.0739 -0.9756 0.2065
vn 0.3360 -0.0735 0.9390
vn 0.1214 0.9328 0.3392
vn 0.0577 -0.9852 0.1612
vn 0.3344 -0.1223 0.9345
vn 0.1367 0.9140 0.3819
vn 0.0413 -0.9925 0.1154
vn 0.3319 -0.1708 0.9277
vn 0.1516 0.8930 0.4237
vn 0.0248 -0.9973 0.0693
vn 0.3287 -0.2189 0.9187
vn 0.1662 0.8698 0.4645
vn 0.0083 -0.9997 0.0231
vn 0.3247 -0.2664 0.9075
vn 0.1804 0.8446 0.5042
vn 0.3199 -0.3133 0.8941
vn 0.1941 0.8173 0.5426
vn 0.3144 -0.3595 0.8786
vn 0.2074 0.7880 0.5797
vn 0.3080 -0.4048 0.8609
vn 0.2202 0.7568 0.6154
vn 0.3010 -0.4492 0.8412
vn 0.2324 0.7238 0.6496
vn 0.2932 -0.4924 0.8195
vn 0.2441 0.6891 0.6823
vn 0.2847 -0.5345 0.7957
vn 0.2552 0.6527 0.7133
vn 0.2755 -0.5753 0.7701
vn 0.2657 0.6148 0.7426
vn 0.2657 -0.6148 0.7426
vn 0.2755 0.5753 0.7701
vn 0.2552 -0.6527 0.7133
vn 0.2847 0.5345 0.7957
vn 0.2441 -0.6891 0.6823
vn 0.2932 0.4924 0.8195
vn 0.2324 -0.7238 0.6496
vn 0.3010 0.4492 0.8412
vn 0.2202 -0.7568 0.6154
vn 0.3080 0.4048 0.8609
vn 0.2074 -0.7880 0.5797
vn 0.3144 0.3595 0.8786
vn 0.1941 -0.8173 0.5426
vn 0.3199 0.3133 0.8941
vn 0.1804 -0.8446 0.5042
vn 0.3247 0.2664 0.9075
vn 0.0083 0.9997 0.0231
vn 0.1662 -0.8698 0.4645
vn 0.3287 0.2189 0.9187
vn 0.0248 0.9973 0.0693
vn 0.0875 -0.9328 0.3495
vn 0.2423 0.0735 0.9674
vn 0.0533 0.9756 0.2128
vn 0.0763 -0.9494 0.3046
vn 0.2429 0.0245 0.9697
vn 0.0649 0.9637 0.2590
vn 0.0649 -0.9637 0.2590
vn 0.2429 -0.0245 0.9697
vn 0.0763 0.9494 0.3046
vn 0.0533 -0.9756 0.2128
vn 0.2423 -0.0735 0.9674
vn 0.0875 0.9328 0.3495
vn 0.0416 -0.9852 0.1660
vn 0.2412 -0.1223 0.9628
vn 0.0986 0.9140 0.3935
vn 0.0298 -0.9925 0.1189
vn 0.2394 -0.1708 0.9558
vn 0.1094 0.8930 0.4366
vn 0.0179 -0.9973 0.0714
vn 0.2371 -0.2189 0.9465
vn 0.1199 0.8698 0.4786
vn 0.0060 -0.9997 0.0238
vn 0.2342 -0.2664 0.9350
vn 0.1301 0.8446 0.5194
vn 0.2307 -0.3133 0.9212
vn 0.1400 0.8173 0.5590
vn 0.2267 -0.3595 0.9052
vn 0.1496 0.7880 0.5972
vn 0.2222 -0.4048 0.8870
vn 0.1588 0.7568 0.6340
vn 0.2171 -0.4492 0.8667
vn 0.1677 0.7238 0.6693
vn 0.2115 -0.4924 0.8443
vn 0.1761 0.6891 0.7029
vn 0.2054 -0.5345 0.8198
vn 0.1841 0.6527 0.7349
vn 0.1987 -0.5753 0.7934
vn 0.1916 0.6148 0.7651
vn 0.1916 -0.6148 0.7651
vn 0.1987 0.5753 0.7934
vn 0.1841 -0.6527 0.7349
vn 0.2054 0.5345 0.8198
vn 0.1761 -0.6891 0.7029
vn 0.2115 0.4924 0.8443
vn 0.1677 -0.7238 0.6693
vn 0.2171 0.4492 0.8667
vn 0.1588 -0.7568 0.6340
vn 0.2222 0.4048 0.8870
vn 0.1496 -0.7880 0.5972
vn 0.2267 0.3595 0.9052
vn 0.1400 -0.8173 0.5590
vn 0.2307 0.3133 0.9212
vn 0.1301 -0.8446 0.5194
vn 0.2342 0.2664 0.9350
vn 0.0060 0.9997 0.0238
vn 0.1199 -0.8698 0.4786
vn 0.2371 0.2189 0.9465
vn 0.0179 0.9973 0.0714
vn 0.1094 -0.8930 0.4366
vn 0.2394 0.1708 0.9558
vn 0.0298 0.9925 0.1189
vn 0.0986 -0.9140 0.3935
vn 0.2412 0.1223 0.9628
vn 0.0416 0.9852 0.1660
vn 0.0392 -0.9637 0.2641
vn 0.1467 -0.0245 0.9889
vn 0.0461 0.9494 0.3106
vn 0.0322 -0.9756 0.2170
vn 0.1463 -0.0735 0.9865
vn 0.0529 0.9328 0.3564
vn 0.0251 -0.9852 0.1693
vn 0.1456 -0.1223 0.9818
vn 0.0595 0.9140 0.4013
vn 0.0180 -0.9925 0.1212
vn 0.1446 -0.1708 0.9746
vn 0.0660 0.8930 0.4452
vn 0.0108 -0.9973 0.0729
vn 0.1432 -0.2189 0.9652
vn 0.0724 0.8698 0.4880
vn 0.0036 -0.9997 0.0243
vn 0.1414 -0.2664 0.9534
vn 0.0786 0.8446 0.5297
vn 0.1393 -0.3133 0.9394
vn 0.0846 0.8173 0.5700
vn 0.1369 -0.3595 0.9230
vn 0.0903 0.7880 0.6090
vn 0.1342 -0.4048 0.9045
vn 0.0959 0.7568 0.6465
vn 0.1311 -0.4492 0.8838
vn 0.1012 0.7238 0.6825
vn 0.1277 -0.4924 0.8609
vn 0.1063 0.6891 0.7168
vn 0.1240 -0.5345 0.8360
vn 0.1112 0.6527 0.7494
vn 0.1200 -0.5753 0.8091
vn 0.1157 0.6148 0.7802
vn 0.1157 -0.6148 0.7802
vn 0.1200 0.5753 0.8091
vn 0.1112 -0.6527 0.7494
vn 0.1240 0.5345 0.8360
vn 0.1063 -0.6891 0.7168
vn 0.1277 0.4924 0.8609
vn 0.1012 -0.7238 0.6825
vn 0.1311 0.4492 0.8838
vn 0.0959 -0.7568 0.6465
vn 0.1342 0.4048 0.9045
vn 0.0903 -0.7880 0.6090
vn 0.1369 0.3595 0.9230
vn 0.0846 -0.8173 0.5700
vn 0.1393 0.3133 0.9394
vn 0.0786 -0.8446 0.5297
vn 0.1414 0.2664 0.9534
vn 0.0036 0.9997 0.0243
vn 0.0724 -0.8698 0.4880
vn 0.1432 0.2189 0.9652
vn 0.0108 0.9973 0.0729
vn 0.0660 -0.8930 0.4452
vn 0.1446 0.1708 0.9746
vn 0.0180 0.9925 0.1212
vn 0.0595 -0.9140 0.4013
vn 0.1456 0.1223 0.9818
vn 0.0251 0.9852 0.1693
vn 0.0529 -0.9328 0.3564
vn 0.1463 0.0735 0.9865
vn 0.0322 0.9756 0.2170
vn 0.0461 -0.9494 0.3106
vn 0.1467 0.0245 0.9889
vn 0.0392 0.9637 0.2641
vn 0.0084 -0.9852 0.1710
vn 0.0487 -0.1223 0.9913
vn 0.0199 0.9140 0.4052
vn 0.0060 -0.9925 0.1224
vn 0.0483 -0.1708 0.9841
vn 0.0221 0.8930 0.4495
vn 0.0036 -0.9973 0.0736
vn 0.0479 -0.2189 0.9746
vn 0.0242 0.8698 0.4928
vn 0.0012 -0.9997 0.0245
vn 0.0473 -0.2664 0.9627
vn 0.0263 0.8446 0.5348
vn 0.0466 -0.3133 0.9485
vn 0.0283 0.8173 0.5756
vn 0.0458 -0.3595 0.9320
vn 0.0302 0.7880 0.6149
vn 0.0449 -0.4048 0.9133
vn 0.0321 0.7568 0.6528
vn 0.0438 -0.4492 0.8924
vn 0.0339 0.7238 0.6891
vn 0.0427 -0.4924 0.8693
vn 0.0356 0.6891 0.7238
vn 0.0415 -0.5345 0.8441
vn 0.0372 0.6527 0.7567
vn 0.0401 -0.5753 0.8169
vn 0.0387 0.6148 0.7878
vn 0.0387 -0.6148 0.7878
vn 0.0401 0.5753 0.8169
vn 0.0372 -0.6527 0.7567
vn 0.0415 0.5345 0.8441
vn 0.0356 -0.6891 0.7238
vn 0.0427 0.4924 0.8693
vn 0.0339 -0.7238 0.6891
vn 0.0438 0.4492 0.8924
vn 0.0321 -0.7568 0.6528
vn 0.0449 0.4048 0.9133
vn 0.0302 -0.7880 0.6149
vn 0.0458 0.3595 0.9320
vn 0.0283 -0.8173 0.5756
vn 0.0466 0.3133 0.9485
vn 0.0263 -0.8446 0.5348
vn 0.0473 0.2664 0.9627
vn 0.0012 0.9997 0.0245
vn 0.0242 -0.8698 0.4928
vn 0.0479 0.2189 0.9746
vn 0.0036 0.9973 0.0736
vn 0.0221 -0.8930 0.4495
vn 0.0483 0.1708 0.9841
vn 0.0060 0.9925 0.1224
vn 0.0199 -0.9140 0.4052
vn 0.0487 0.1223 0.9913
vn 0.0084 0.9852 0.1710
vn 0.0177 -0.9328 0.3598
vn 0.0489 0.0735 0.9961
vn 0.0108 0.9756 0.2191
vn 0.0154 -0.9494 0.3136
vn 0.0491 0.0245 0.9985
vn 0.0131 0.9637 0.2667
vn 0.0131 -0.9637 0.2667
vn 0.0491 -0.0245 0.9985
vn 0.0154 0.9494 0.3136
vn 0.0108 -0.9756 0.2191
vn 0.0489 -0.0735 0.9961
vn 0.0177 0.9328 0.3598
vn -0.0036 -0.9973 0.0736
vn -0.0479 -0.2189 0.9746
vn -0.0242 0.8698 0.4928
vn -0.0012 -0.9997 0.0245
vn -0.0473 -0.2664 0.9627
vn -0.0263 0.8446 0.5348
vn -0.0466 -0.3133 0.9485
vn -0.0283 0.8173 0.5756
vn -0.0458 -0.3595 0.9320
vn -0.0302 0.7880 0.6149
vn -0.0449 -0.4048 0.9133
vn -0.0321 0.7568 0.6528
vn -0.0438 -0.4492 0.8924
vn -0.0339 0.7238 0.6891
vn -0.0427 -0.4924 0.8693
vn -0.0356 0.6891 0.7238
vn -0.0415 -0.5345 0.8441
vn -0.0372 0.6527 0.7567
vn -0.0401 -0.5753 0.8169
vn -0.0387 0.6148 0.7878
vn -0.0387 -0.6148 0.7878
vn -0.0401 0.5753 0.8169
vn -0.0372 -0.6527 0.7567
vn -0.0415 0.5345 0.8441
vn -0.0356 -0.6891 0.7238
vn -0.0427 0.4924 0.8693
vn -0.0339 -0.7238 0.6891
vn -0.0438 0.4492 0.8924
vn -0.0321 -0.7568 0.6528
vn -0.0449 0.4048 0.9133
vn -0.0302 -0.7880 0.6149
vn -0.0458 0.3595 0.9320
vn -0.0283 -0.8173 0.5756
vn -0.0466 0.3133 0.9485
vn -0.0263 -0.8446 0.5348
vn -0.0473 0.2664 0.9627
vn -0.0012 0.9997 0.0245
vn -0.0242 -0.8698 0.4928
vn -0.0479 0.2189 0.9746
vn -0.0036 0.9973 0.0736
vn -0.0221 -0.8930 0.4495
vn -0.0483 0.1707 0.9841
vn -0.0060 0.9925 0.1224
vn -0.0199 -0.9140 0.4052
vn -0.0487 0.1223 0.9913
vn -0.0084 0.9852 0.1710
vn -0.0177 -0.9328 0.3598
vn -0.0489 0.0735 0.9961
vn -0.0108 0.9756 0.2191
vn -0.0154 -0.9494 0.3136
vn -0.0491 0.0245 0.9985
vn -0.0131 0.9637 0.2667
vn -0.0131 -0.9637 0.2667
vn -0.0491 -0.0245 0.9985
vn -0.0154 0.9494 0.3136
vn -0.0108 -0.9756 0.2191
vn -0.0489 -0.0735 0.9961
vn -0.0177 0.9328 0.3598
vn -0.0084 -0.9852 0.1710
vn -0.0487 -0.1223 0.9913
vn -0.0199 0.9140 0.4052
vn -0.0060 -0.9925 0.1224
vn -0.0483 -0.1707 0.9841
vn -0.0221 0.8930 0.4495
vn -0.1393 -0.3133 0.9394
vn -0.0846 0.8173 0.5700
vn -0.1369 -0.3595 0.9230
vn -0.0903 0.7880 0.6090
vn -0.1342 -0.4048 0.9045
vn -0.0959 0.7568 0.6465
vn -0.1311 -0.4492 0.8838
vn -0.1012 0.7238 0.6825
vn -0.1277 -0.4924 0.8609
vn -0.1063 0.6891 0.7168
vn -0.1240 -0.5345 0.8360
vn -0.1112 0.6527 0.7494
vn -0.1200 -0.5753 0.8091
vn -0.1157 0.6148 0.7802
vn -0.1157 -0.6148 0.7802
vn -0.1200 0.5753 0.8091
vn -0.1112 -0.6527 0.7494
vn -0.1240 0.5345 0.8360
vn -0.1063 -0.6891 0.7168
vn -0.1277 0.4924 0.8609
vn -0.1012 -0.7238 0.6825
vn -0.1311 0.4492 0.8838
vn -0.0959 -0.7568 0.6465
vn -0.1342 0.4048 0.9045
vn -0.0903 -0.7880 0.6090
vn -0.1369 0.3595 0.9230
vn -0.0846 -0.8173 0.5700
vn -0.1393 0.3133 0.9394
vn -0.0786 -0.8446 0.5297
vn -0.1414 0.2664 0.9534
vn -0.0036 0.9997 0.0243
vn -0.0724 -0.8698 0.4880
vn -0.1432 0.2189 0.9652
vn -0.0108 0.9973 0.0729
vn -0.0660 -0.8930 0.4452
vn -0.1446 0.1708 0.9746
vn -0.0180 0.9925 0.1212
vn -0.0595 -0.9140 0.4013
vn -0.1456 0.1223 0.9818
vn -0.0251 0.9852 0.1693
vn -0.0529 -0.9328 0.3564
vn -0.1463 0.0735 0.9865
vn -0.0322 0.9756 0.2170
vn -0.0461 -0.9494 0.3106
vn -0.1467 0.0245 0.9889
vn -0.0392 0.9637 0.2641
vn -0.0392 -0.9637 0.2641
vn -0.1467 -0.0245 0.9889
vn -0.0461 0.9494 0.3106
vn -0.0322 -0.9756 0.2170
vn -0.1463 -0.0735 0.9865
vn -0.0529 0.9328 0.3564
vn -0.0251 -0.9852 0.1693
vn -0.1456 -0.1223 0.9818
vn -0.0595 0.9140 0.4013
vn -0.0180 -0.9925 0.1212
vn -0.1446 -0.1708 0.9746
vn -0.0660 0.8930 0.4452
vn -0.0108 -0.9973 0.0729
vn -0.1432 -0.2189 0.9652
vn -0.0724 0.8698 0.4880
vn -0.0036 -0.9997 0.0243
vn -0.1414 -0.2664 0.9534
vn -0.0786 0.8446 0.5297
vn -0.2222 -0.4048 0.8870
vn -0.1588 0.7568 0.6340
vn -0.2171 -0.4492 0.8667
vn -0.1677 0.7238 0.6693
vn -0.2115 -0.4924 0.8443
vn -0.1761 0.6891 0.7029
vn -0.2054 -0.5345 0.8198
vn -0.1841 0.6527 0.7349
vn -0.1987 -0.5753 0.7934
vn -0.1916 0.6148 0.7651
vn -0.1916 -0.6148 0.7651
vn -0.1987 0.5753 0.7934
vn -0.1841 -0.6527 0.7349
vn -0.2054 0.5345 0.8198
vn -0.1761 -0.6891 0.7029
vn -0.2115 0.4924 0.8443
vn -0.1677 -0.7238 0.6693
vn -0.2171 0.4492 0.8667
vn -0.1588 -0.7568 0.6340
vn -0.2222 0.4048 0.8870
vn -0.1496 -0.7880 0.5972
vn -0.2267 0.3595 0.9052
vn -0.1400 -0.8173 0.5590
vn -0.2307 0.3133 0.9212
vn -0.1301 -0.8446 0.5194
vn -0.2342 0.2664 0.9350
vn -0.0060 0.9997 0.0238
vn -0.1199 -0.8698 0.4786
vn -0.2371 0.2189 0.9465
vn -0.0179 0.9973 0.0714
vn -0.1094 -0.8930 0.4366
vn -0.2394 0.1708 0.9558
vn -0.0298 0.9925 0.1189
vn -0.0986 -0.9140 0.3935
vn -0.2412 0.1223 0.9628
vn -0.0416 0.9852 0.1660
vn -0.0875 -0.9328 0.3495
vn -0.2423 0.0735 0.9674
vn -0.0533 0.9756 0.2128
vn -0.0763 -0.9494 0.3046
vn -0.2429 0.0245 0.9697
vn -0.0649 0.9637 0.2590
vn -0.0649 -0.9637 0.2590
vn -0.2429 -0.0245 0.9697
vn -0.0763 0.9494 0.3046
vn -0.0533 -0.9756 0.2128
vn -0.2423 -0.0735 0.9674
vn -0.0875 0.9328 0.3495
vn -0.0416 -0.9852 0.1660
vn -0.2412 -0.1223 0.9628
vn -0.0986 0.9140 0.3935
vn -0.0298 -0.9925 0.1189
vn -0.2394 -0.1708 0.9558
vn -0.1094 0.8930 0.4366
vn -0.0179 -0.9973 0.0714
vn -0.2371 -0.2189 0.9465
vn -0.1199 0.8698 0.4786
vn -0.0060 -0.9997 0.0238
vn -0.2342 -0.2664 0.9350
vn -0.1301 0.8446 0.5194
vn -0.2307 -0.3133 0.9212
vn -0.1400 0.8173 0.5590
vn -0.2267 -0.3595 0.9052
vn -0.1496 0.7880 0.5972
vn -0.2932 -0.4924 0.8195
vn -0.2441 0.6891 0.6823
vn -0.2847 -0.5345 0.7957
vn -0.2552 0.6527 0.7133
vn -0.2755 -0.5753 0.7701
vn -0.2657 0.6148 0.7426
vn -0.2657 -0.6148 0.7426
vn -0.2755 0.5753 0.7701
vn -0.2552 -0.6527 0.7133
vn -0.2847 0.5345 0.7957
vn -0.2441 -0.6891 0.6823
vn -0.2932 0.4924 0.8195
vn -0.2324 -0.7238 0.6496
vn -0.3010 0.4492 0.8412
vn -0.2202 -0.7568 0.6154
vn -0.3081 0.4048 0.8609
vn -0.2074 -0.7880 0.5797
vn -0.3144 0.3595 0.8786
vn -0.1941 -0.8173 0.5426
vn -0.3199 0.3133 0.8941
vn -0.1804 -0.8446 0.5042
vn -0.3247 0.2664 0.9075
vn -0.0083 0.9997 0.0231
vn -0.1662 -0.8698 0.4645
vn -0.3287 0.2189 0.9187
vn -0.0248 0.9973 0.0693
vn -0.1516 -0.8930 0.4237
vn -0.3319 0.1708 0.9277
vn -0.0413 0.9925 0.1154
vn -0.1367 -0.9140 0.3819
vn -0.3344 0.1223 0.9345
vn -0.0577 0.9852 0.1612
vn -0.1214 -0.9328 0.3392
vn -0.3360 0.0735 0.9390
vn -0.0739 0.9756 0.2065
vn -0.1058 -0.9494 0.2957
vn -0.3368 0.0245 0.9413
vn -0.0900 0.9637 0.2514
vn -0.0900 -0.9637 0.2514
vn -0.3368 -0.0245 0.9413
vn -0.1058 0.9494 0.2957
vn -0.0739 -0.9756 0.2065
vn -0.3360 -0.0735 0.9390
vn -0.1214 0.9328 0.3392
vn -0.0577 -0.9852 0.1612
vn -0.3344 -0.1223 0.9345
vn -0.1367 0.9140 0.3819
vn -0.0413 -0.9925 0.1154
vn -0.3319 -0.1708 0.9277
vn -0.1516 0.8930 0.4237
vn -0.0248 -0.9973 0.0693
vn -0.3287 -0.2189 0.9187
vn -0.1662 0.8698 0.4645
vn -0.0083 -0.9997 0.0231
vn -0.3247 -0.2664 0.9075
vn -0.1804 0.8446 0.5042
vn -0.3199 -0.3133 0.8941
vn -0.1941 0.8173 0.5426
vn -0.3144 -0.3595 0.8786
vn -0.2074 0.7880 0.5797
vn -0.3080 -0.4048 0.8609
vn -0.2202 0.7568 0.6154
vn -0.3010 -0.4492 0.8412
vn -0.2324 0.7238 0.6496
vn -0.3497 -0.5753 0.7394
vn -0.3372 0.6148 0.7130
vn -0.3372 -0.6148 0.7130
vn -0.3497 0.5753 0.7394
vn -0.3239 -0.6527 0.6849
vn -0.3613 0.5345 0.7640
vn -0.3098 -0.6891 0.6551
vn -0.3721 0.4924 0.7868
vn -0.2950 -0.7238 0.6237
vn -0.3820 0.4492 0.8077
vn -0.2795 -0.7568 0.5909
vn -0.3910 0.4048 0.8266
vn -0.2632 -0.7880 0.5566
vn -0.3990 0.3595 0.8435
vn -0.2464 -0.8173 0.5209
vn -0.4060 0.3133 0.8585
vn -0.2289 -0.8446 0.4840
vn -0.4121 0.2664 0.8713
vn -0.0105 0.9997 0.0222
vn -0.2109 -0.8698 0.4460
vn -0.4172 0.2189 0.8821
vn -0.0315 0.9973 0.0666
vn -0.1924 -0.8930 0.4068
vn -0.4213 0.1708 0.8907
vn -0.0524 0.9925 0.1108
vn -0.1734 -0.9140 0.3667
vn -0.4243 0.1223 0.8972
vn -0.0732 0.9852 0.1547
vn -0.1540 -0.9328 0.3257
vn -0.4264 0.0735 0.9015
vn -0.0938 0.9756 0.1983
vn -0.1343 -0.9494 0.2839
vn -0.4274 0.0245 0.9037
vn -0.1142 0.9637 0.2414
vn -0.1142 -0.9637 0.2414
vn -0.4274 -0.0245 0.9037
vn -0.1343 0.9494 0.2839
vn -0.0938 -0.9756 0.1983
vn -0.4264 -0.0735 0.9015
vn -0.1540 0.9328 0.3257
vn -0.0732 -0.9852 0.1547
vn -0.4243 -0.1223 0.8972
vn -0.1734 0.9140 0.3667
vn -0.0524 -0.9925 0.1108
vn -0.4213 -0.1708 0.8907
vn -0.1924 0.8930 0.4068
vn -0.0315 -0.9973 0.0666
vn -0.4172 -0.2189 0.8821
vn -0.2109 0.8698 0.4460
vn -0.0105 -0.9997 0.0222
vn -0.4121 -0.2664 0.8713
vn -0.2289 0.8446 0.4840
vn -0.4060 -0.3133 0.8585
vn -0.2464 0.8173 0.5209
vn -0.3990 -0.3595 0.8435
vn -0.2632 0.7880 0.5566
vn -0.3910 -0.4048 0.8266
vn -0.2795 0.7568 0.5909
vn -0.3820 -0.4492 0.8077
vn -0.2950 0.7238 0.6237
vn -0.3721 -0.4924 0.7868
vn -0.3098 0.6891 0.6551
vn -0.3613 -0.5345 0.7640
vn -0.3239 0.6527 0.6849
vn -0.3895 -0.6527 0.6498
vn -0.4345 0.5345 0.7249
vn -0.3726 -0.6891 0.6216
vn -0.4474 0.4924 0.7465
vn -0.3547 -0.7238 0.5918
vn -0.4593 0.4492 0.7663
vn -0.3360 -0.7568 0.5606
vn -0.4701 0.4048 0.7843
vn -0.3165 -0.7880 0.5281
vn -0.4797 0.3595 0.8004
vn -0.2963 -0.8173 0.4943
vn -0.4882 0.3133 0.8145
vn -0.2753 -0.8446 0.4593
vn -0.4955 0.2664 0.8267
vn -0.0126 0.9997 0.0211
vn -0.2536 -0.8698 0.4232
vn -0.5016 0.2189 0.8369
vn -0.0379 0.9973 0.0632
vn -0.2314 -0.8930 0.3860
vn -0.5066 0.1707 0.8451
vn -0.0630 0.9925 0.1051
vn -0.2085 -0.9140 0.3479
vn -0.5102 0.1223 0.8513
vn -0.0880 0.9852 0.1468
vn -0.1852 -0.9328 0.3090
vn -0.5127 0.0735 0.8554
vn -0.1128 0.9756 0.1881
vn -0.1614 -0.9494 0.2693
vn -0.5139 0.0245 0.8575
vn -0.1373 0.9637 0.2290
vn -0.1373 -0.9637 0.2290
vn -0.5139 -0.0245 0.8575
vn -0.1614 0.9494 0.2693
vn -0.1128 -0.9756 0.1881
vn -0.5127 -0.0735 0.8554
vn -0.1852 0.9328 0.3090
vn -0.0880 -0.9852 0.1468
vn -0.5102 -0.1223 0.8513
vn -0.2085 0.9140 0.3479
vn -0.0630 -0.9925 0.1051
vn -0.5066 -0.1707 0.8451
vn -0.2314 0.8930 0.3860
vn -0.0379 -0.9973 0.0632
vn -0.5016 -0.2189 0.8369
vn -0.2536 0.8698 0.4232
vn -0.0126 -0.9997 0.0211
vn -0.4955 -0.2664 0.8267
vn -0.2753 0.8446 0.4593
vn -0.4882 -0.3133 0.8145
vn -0.2963 0.8173 0.4943
vn -0.4797 -0.3595 0.8004
vn -0.3165 0.7880 0.5281
vn -0.4701 -0.4048 0.7843
vn -0.3360 0.7568 0.5606
vn -0.4593 -0.4492 0.7663
vn -0.3547 0.7238 0.5918
vn -0.4474 -0.4924 0.7465
vn -0.3726 0.6891 0.6216
vn -0.4345 -0.5345 0.7249
vn -0.3895 0.6527 0.6498
vn -0.4205 -0.5753 0.7015
vn -0.4055 0.6148 0.6765
vn -0.4055 -0.6148 0.6765
vn -0.4205 0.5753 0.7015
vn -0.4110 -0.7238 0.5542
vn -0.5322 0.4492 0.7176
vn -0.3894 -0.7568 0.5250
vn -0.5447 0.4048 0.7344
vn -0.3668 -0.7880 0.4945
vn -0.5559 0.3595 0.7495
vn -0.3433 -0.8173 0.4629
vn -0.5657 0.3133 0.7628
vn -0.3190 -0.8446 0.4301
vn -0.5742 0.2664 0.7742
vn -0.0146 0.9997 0.0197
vn -0.2939 -0.8698 0.3963
vn -0.5813 0.2189 0.7837
vn -0.0439 0.9973 0.0592
vn -0.2681 -0.8930 0.3615
vn -0.5870 0.1707 0.7914
vn -0.0730 0.9925 0.0984
vn -0.2416 -0.9140 0.3258
vn -0.5912 0.1223 0.7972
vn -0.1020 0.9852 0.1375
vn -0.2146 -0.9328 0.2894
vn -0.5941 0.0735 0.8010
vn -0.1307 0.9756 0.1762
vn -0.1871 -0.9494 0.2522
vn -0.5955 0.0245 0.8030
vn -0.1591 0.9637 0.2145
vn -0.1591 -0.9637 0.2145
vn -0.5955 -0.0245 0.8030
vn -0.1871 0.9494 0.2522
vn -0.1307 -0.9756 0.1762
vn -0.5941 -0.0735 0.8010
vn -0.2146 0.9328 0.2894
vn -0.1020 -0.9852 0.1375
vn -0.5912 -0.1223 0.7972
vn -0.2416 0.9140 0.3258
vn -0.0730 -0.9925 0.0984
vn -0.5870 -0.1707 0.7914
vn -0.2681 0.8930 0.3615
vn -0.0439 -0.9973 0.0592
vn -0.5813 -0.2189 0.7837
vn -0.2939 0.8698 0.3963
vn -0.0146 -0.9997 0.0197
vn -0.5742 -0.2664 0.7742
vn -0.3190 0.8446 0.4301
vn -0.5657 -0.3133 0.7628
vn -0.3433 0.8173 0.4629
vn -0.5559 -0.3595 0.7495
vn -0.3668 0.7880 0.4945
vn -0.5447 -0.4048 0.7344
vn -0.3894 0.7568 0.5250
vn -0.5322 -0.4492 0.7176
vn -0.4110 0.7238 0.5542
vn -0.5185 -0.4924 0.6991
vn -0.4317 0.6891 0.5821
vn -0.5035 -0.5345 0.6788
vn -0.4513 0.6527 0.6085
vn -0.4872 -0.5754 0.6569
vn -0.4698 0.6148 0.6335
vn -0.4698 -0.6148 0.6335
vn -0.4872 0.5754 0.6569
vn -0.4513 -0.6527 0.6085
vn -0.5035 0.5345 0.6788
vn -0.4317 -0.6891 0.5821
vn -0.5185 0.4924 0.6991
vn -0.4634 -0.7238 0.5112
vn -0.6000 0.4492 0.6620
vn -0.4389 -0.7568 0.4843
vn -0.6141 0.4048 0.6775
vn -0.4135 -0.7880 0.4562
vn -0.6267 0.3595 0.6914
vn -0.3870 -0.8173 0.4270
vn -0.6377 0.3133 0.7036
vn -0.3596 -0.8446 0.3967
vn -0.6473 0.2664 0.7142
vn -0.0165 0.9997 0.0182
vn -0.3313 -0.8698 0.3655
vn -0.6553 0.2189 0.7230
vn -0.0495 0.9973 0.0546
vn -0.3022 -0.8930 0.3335
vn -0.6617 0.1707 0.7301
vn -0.0823 0.9925 0.0908
vn -0.2724 -0.9140 0.3006
vn -0.6665 0.1223 0.7354
vn -0.1149 0.9852 0.1268
vn -0.2419 -0.9328 0.2669
vn -0.6697 0.0735 0.7389
vn -0.1473 0.9756 0.1625
vn -0.2109 -0.9494 0.2327
vn -0.6714 0.0245 0.7407
vn -0.1793 0.9637 0.1978
vn -0.1793 -0.9637 0.1978
vn -0.6714 -0.0245 0.7407
vn -0.2109 0.9494 0.2327
vn -0.1473 -0.9756 0.1625
vn -0.6697 -0.0735 0.7389
vn -0.2419 0.9328 0.2669
vn -0.1149 -0.9852 0.1268
vn -0.6665 -0.1223 0.7354
vn -0.2724 0.9140 0.3006
vn -0.0823 -0.9925 0.0908
vn -0.6617 -0.1707 0.7301
vn -0.3022 0.8930 0.3335
vn -0.0495 -0.9973 0.0546
vn -0.6553 -0.2189 0.7230
vn -0.3313 0.8698 0.3655
vn -0.0165 -0.9997 0.0182
vn -0.6473 -0.2664 0.7142
vn -0.3596 0.8446 0.3967
vn -0.6377 -0.3133 0.7036
vn -0.3870 0.8173 0.4270
vn -0.6267 -0.3595 0.6914
vn -0.4135 0.7880 0.4562
vn -0.6141 -0.4048 0.6775
vn -0.4389 0.7568 0.4843
vn -0.6000 -0.4492 0.6620
vn -0.4634 0.7238 0.5112
vn -0.5845 -0.4924 0.6449
vn -0.4867 0.6891 0.5369
vn -0.5676 -0.5345 0.6262
vn -0.5088 0.6527 0.5613
vn -0.5493 -0.5754 0.6060
vn -0.5297 0.6148 0.5844
vn -0.5297 -0.6148 0.5844
vn -0.5493 0.5754 0.6060
vn -0.5088 -0.6527 0.5613
vn -0.5676 0.5345 0.6262
vn -0.4867 -0.6891 0.5369
vn -0.5845 0.4924 0.6449
vn -0.4562 -0.7880 0.4135
vn -0.6914 0.3595 0.6267
vn -0.4270 -0.8173 0.3870
vn -0.7036 0.3133 0.6377
vn -0.3967 -0.8446 0.3596
vn -0.7142 0.2664 0.6473
vn -0.0182 0.9997 0.0165
vn -0.3655 -0.8698 0.3313
vn -0.7230 0.2189 0.6553
vn -0.0546 0.9973 0.0495
vn -0.3335 -0.8930 0.3022
vn -0.7301 0.1707 0.6617
vn -0.0908 0.9925 0.0823
vn -0.3006 -0.9140 0.2724
vn -0.7354 0.1223 0.6665
vn -0.1268 0.9852 0.1149
vn -0.2669 -0.9328 0.2419
vn -0.7389 0.0735 0.6697
vn -0.1625 0.9756 0.1473
vn -0.2327 -0.9494 0.2109
vn -0.7407 0.0245 0.6714
vn -0.1978 0.9637 0.1793
vn -0.1978 -0.9637 0.1793
vn -0.7407 -0.0245 0.6714
vn -0.2327 0.9494 0.2109
vn -0.1625 -0.9756 0.1473
vn -0.7389 -0.0735 0.6697
vn -0.2669 0.9328 0.2419
vn -0.1268 -0.9852 0.1149
vn -0.7354 -0.1223 0.6665
vn -0.3006 0.9140 0.2724
vn -0.0908 -0.9925 0.0823
vn -0.7301 -0.1707 0.6617
vn -0.3335 0.8930 0.3022
vn -0.0546 -0.9973 0.0495
vn -0.7230 -0.2189 0.6553
vn -0.3655 0.8698 0.3313
vn -0.0182 -0.9997 0.0165
vn -0.7142 -0.2664 0.6473
vn -0.3967 0.8446 0.3596
vn -0.7036 -0.3133 0.6377
vn -0.4270 0.8173 0.3870
vn -0.6914 -0.3595 0.6267
vn -0.4562 0.7880 0.4135
vn -0.6775 -0.4048 0.6141
vn -0.4843 0.7568 0.4389
vn -0.6620 -0.4492 0.6000
vn -0.5112 0.7238 0.4634
vn -0.6449 -0.4924 0.5845
vn -0.5369 0.6891 0.4867
vn -0.6262 -0.5345 0.5676
vn -0.5613 0.6527 0.5088
vn -0.6060 -0.5754 0.5493
vn -0.5844 0.6148 0.5297
vn -0.5844 -0.6148 0.5297
vn -0.6060 0.5754 0.5493
vn -0.5613 -0.6527 0.5088
vn -0.6262 0.5345 0.5676
vn -0.5369 -0.6891 0.4867
vn -0.6449 0.4924 0.5845
vn -0.5112 -0.7238 0.4634
vn -0.6620 0.4492 0.6000
vn -0.4843 -0.7568 0.4389
vn -0.6775 0.4048 0.6141
vn -0.4301 -0.8446 0.3190
vn -0.7742 0.2664 0.5742
vn -0.0197 0.9997 0.0146
vn -0.3963 -0.8698 0.2939
vn -0.7837 0.2189 0.5813
vn -0.0592 0.9973 0.0439
vn -0.3615 -0.8930 0.2681
vn -0.7914 0.1707 0.5870
vn -0.0984 0.9925 0.0730
vn -0.3258 -0.9140 0.2416
vn -0.7972 0.1223 0.5912
vn -0.1375 0.9852 0.1020
vn -0.2894 -0.9328 0.2146
vn -0.8010 0.0735 0.5941
vn -0.1762 0.9756 0.1307
vn -0.2522 -0.9494 0.1871
vn -0.8030 0.0245 0.5955
vn -0.2145 0.9637 0.1591
vn -0.2145 -0.9637 0.1591
vn -0.8030 -0.0245 0.5955
vn -0.2522 0.9494 0.1871
vn -0.1762 -0.9756 0.1307
vn -0.8010 -0.0735 0.5941
vn -0.2894 0.9328 0.2146
vn -0.1375 -0.9852 0.1020
vn -0.7972 -0.1223 0.5912
vn -0.3258 0.9140 0.2416
vn -0.0984 -0.9925 0.0730
vn -0.7914 -0.1707 0.5870
vn -0.3615 0.8930 0.2681
vn -0.0592 -0.9973 0.0439
vn -0.7837 -0.2189 0.5813
vn -0.3963 0.8698 0.2939
vn -0.0197 -0.9997 0.0146
vn -0.7742 -0.2664 0.5742
vn -0.4301 0.8446 0.3190
vn -0.7628 -0.3133 0.5657
vn -0.4629 0.8173 0.3433
vn -0.7495 -0.3595 0.5559
vn -0.4945 0.7880 0.3668
vn -0.7344 -0.4048 0.5447
vn -0.5250 0.7568 0.3894
vn -0.7176 -0.4492 0.5322
vn -0.5542 0.7238 0.4110
vn -0.6991 -0.4924 0.5185
vn -0.5821 0.6891 0.4317
vn -0.6788 -0.5345 0.5035
vn -0.6085 0.6527 0.4513
vn -0.6569 -0.5754 0.4872
vn -0.6335 0.6148 0.4698
vn -0.6335 -0.6148 0.4698
vn -0.6569 0.5754 0.4872
vn -0.6085 -0.6527 0.4513
vn -0.6788 0.5345 0.5035
vn -0.5821 -0.6891 0.4317
vn -0.6991 0.4924 0.5185
vn -0.5542 -0.7238 0.4110
vn -0.7176 0.4492 0.5322
vn -0.5250 -0.7568 0.3894
vn -0.7344 0.4048 0.5447
vn -0.4945 -0.7880 0.3668
vn -0.7495 0.3595 0.5559
vn -0.4629 -0.8173 0.3433
vn -0.7628 0.3133 0.5657
vn -0.3860 -0.8930 0.2314
vn -0.8451 0.1707 0.5066
vn -0.1051 0.9925 0.0630
vn -0.3479 -0.9140 0.2085
vn -0.8513 0.1223 0.5102
vn -0.1468 0.9852 0.0880
vn -0.3090 -0.9328 0.1852
vn -0.8554 0.0735 0.5127
vn -0.1881 0.9756 0.1128
vn -0.2693 -0.9494 0.1614
vn -0.8575 0.0245 0.5139
vn -0.2290 0.9637 0.1373
vn -0.2290 -0.9637 0.1373
vn -0.8575 -0.0245 0.5139
vn -0.2693 0.9494 0.1614
vn -0.1881 -0.9756 0.1128
vn -0.8554 -0.0735 0.5127
vn -0.3090 0.9328 0.1852
vn -0.1468 -0.9852 0.0880
vn -0.8513 -0.1223 0.5102
vn -0.3479 0.9140 0.2085
vn -0.1051 -0.9925 0.0630
vn -0.8451 -0.1707 0.5066
vn -0.3860 0.8930 0.2314
vn -0.0632 -0.9973 0.0379
vn -0.8369 -0.2189 0.5016
vn -0.4232 0.8698 0.2536
vn -0.0211 -0.9997 0.0126
vn -0.8267 -0.2664 0.4955
vn -0.4593 0.8446 0.2753
vn -0.8145 -0.3133 0.4882
vn -0.4943 0.8173 0.2963
vn -0.8004 -0.3595 0.4797
vn -0.5281 0.7880 0.3165
vn -0.7843 -0.4048 0.4701
vn -0.5606 0.7568 0.3360
vn -0.7663 -0.4492 0.4593
vn -0.5918 0.7238 0.3547
vn -0.7465 -0.4924 0.4474
vn -0.6216 0.6891 0.3726
vn -0.7249 -0.5345 0.4345
vn -0.6498 0.6527 0.3895
vn -0.7015 -0.5754 0.4205
vn -0.6765 0.6148 0.4055
vn -0.6765 -0.6148 0.4055
vn -0.7015 0.5754 0.4205
vn -0.6498 -0.6527 0.3895
vn -0.7249 0.5345 0.4345
vn -0.6216 -0.6891 0.3726
vn -0.7465 0.4924 0.4474
vn -0.5918 -0.7238 0.3547
vn -0.7663 0.4492 0.4593
vn -0.5606 -0.7568 0.3360
vn -0.7843 0.4048 0.4701
vn -0.5281 -0.7880 0.3165
vn -0.8004 0.3595 0.4797
vn -0.4943 -0.8173 0.2963
vn -0.8145 0.3133 0.4882
vn -0.4593 -0.8446 0.2753
vn -0.8267 0.2664 0.4955
vn -0.0211 0.9997 0.0126
vn -0.4232 -0.8698 0.2536
vn -0.8369 0.2189 0.5016
vn -0.0632 0.9973 0.0379
vn -0.3257 -0.9328 0.1540
vn -0.9015 0.0735 0.4264
vn -0.1983 0.9756 0.0938
vn -0.2839 -0.9494 0.1343
vn -0.9037 0.0245 0.4274
vn -0.2414 0.9637 0.1142
vn -0.2414 -0.9637 0.1142
vn -0.9037 -0.0245 0.4274
vn -0.2839 0.9494 0.1343
vn -0.1983 -0.9756 0.0938
vn -0.9015 -0.0735 0.4264
vn -0.3257 0.9328 0.1540
vn -0.1547 -0.9852 0.0732
vn -0.8972 -0.1223 0.4243
vn -0.3667 0.9140 0.1734
vn -0.1108 -0.9925 0.0524
vn -0.8907 -0.1707 0.4213
vn -0.4068 0.8930 0.1924
vn -0.0666 -0.9973 0.0315
vn -0.8821 -0.2189 0.4172
vn -0.4460 0.8698 0.2109
vn -0.0222 -0.9997 0.0105
vn -0.8713 -0.2664 0.4121
vn -0.4840 0.8446 0.2289
vn -0.8585 -0.3133 0.4060
vn -0.5210 0.8173 0.2464
vn -0.8435 -0.3595 0.3990
vn -0.5566 0.7880 0.2632
vn -0.8266 -0.4048 0.3910
vn -0.5909 0.7568 0.2795
vn -0.8077 -0.4492 0.3820
vn -0.6237 0.7238 0.2950
vn -0.7868 -0.4924 0.3721
vn -0.6551 0.6891 0.3098
vn -0.7640 -0.5345 0.3613
vn -0.6849 0.6527 0.3239
vn -0.7394 -0.5754 0.3497
vn -0.7130 0.6148 0.3372
vn -0.7130 -0.6148 0.3372
vn -0.7394 0.5754 0.3497
vn -0.6849 -0.6527 0.3239
vn -0.7640 0.5345 0.3613
vn -0.6551 -0.6891 0.3098
vn -0.7868 0.4924 0.3721
vn -0.6237 -0.7238 0.2950
vn -0.8077 0.4492 0.3820
vn -0.5909 -0.7568 0.2795
vn -0.8266 0.4048 0.3910
vn -0.5566 -0.7880 0.2632
vn -0.8435 0.3595 0.3990
vn -0.5210 -0.8173 0.2464
vn -0.8585 0.3133 0.4060
vn -0.4840 -0.8446 0.2289
vn -0.8713 0.2664 0.4121
vn -0.0222 0.9997 0.0105
vn -0.4460 -0.8698 0.2109
vn -0.8821 0.2189 0.4172
vn -0.0666 0.9973 0.0315
vn -0.4068 -0.8930 0.1924
vn -0.8907 0.1707 0.4213
vn -0.1108 0.9925 0.0524
vn -0.3667 -0.9140 0.1734
vn -0.8972 0.1223 0.4243
vn -0.1547 0.9852 0.0732
vn -0.2514 -0.9637 0.0900
vn -0.9413 -0.0245 0.3368
vn -0.2957 0.9494 0.1058
vn -0.2065 -0.9756 0.0739
vn -0.9390 -0.0735 0.3360
vn -0.3392 0.9328 0.1214
vn -0.1612 -0.9852 0.0577
vn -0.9345 -0.1223 0.3344
vn -0.3819 0.9140 0.1367
vn -0.1154 -0.9925 0.0413
vn -0.9277 -0.1707 0.3319
vn -0.4237 0.8930 0.1516
vn -0.0693 -0.9973 0.0248
vn -0.9187 -0.2189 0.3287
vn -0.4645 0.8698 0.1662
vn -0.0231 -0.9997 0.0083
vn -0.9075 -0.2664 0.3247
vn -0.5042 0.8446 0.1804
vn -0.8941 -0.3133 0.3199
vn -0.5426 0.8173 0.1941
vn -0.8786 -0.3595 0.3144
vn -0.5797 0.7880 0.2074
vn -0.8609 -0.4048 0.3080
vn -0.6154 0.7568 0.2202
vn -0.8412 -0.4492 0.3010
vn -0.6496 0.7238 0.2324
vn -0.8195 -0.4924 0.2932
vn -0.6823 0.6891 0.2441
vn -0.7957 -0.5345 0.2847
vn -0.7133 0.6527 0.2552
vn -0.7701 -0.5754 0.2755
vn -0.7426 0.6148 0.2657
vn -0.7426 -0.6148 0.2657
vn -0.7701 0.5754 0.2755
vn -0.7133 -0.6527 0.2552
vn -0.7957 0.5345 0.2847
vn -0.6823 -0.6891 0.2441
vn -0.8195 0.4924 0.2932
vn -0.6496 -0.7238 0.2324
vn -0.8412 0.4492 0.3010
vn -0.6154 -0.7568 0.2202
vn -0.8609 0.4048 0.3080
vn -0.5797 -0.7880 0.2074
vn -0.8786 0.3595 0.3144
vn -0.5426 -0.8173 0.1941
vn -0.8941 0.3133 0.3199
vn -0.5042 -0.8446 0.1804
vn -0.9075 0.2664 0.3247
vn -0.0231 0.9997 0.0083
vn -0.4645 -0.8698 0.1662
vn -0.9187 0.2189 0.3287
vn -0.0693 0.9973 0.0248
vn -0.4237 -0.8930 0.1516
vn -0.9277 0.1707 0.3319
vn -0.1154 0.9925 0.0413
vn -0.3819 -0.9140 0.1367
vn -0.9345 0.1223 0.3344
vn -0.1612 0.9852 0.0577
vn -0.3392 -0.9328 0.1214
vn -0.9390 0.0735 0.3360
vn -0.2065 0.9756 0.0739
vn -0.2957 -0.9494 0.1058
vn -0.9413 0.0245 0.3368
vn -0.2514 0.9637 0.0900
vn -0.1660 -0.9852 0.0416
vn -0.9628 -0.1223 0.2412
vn -0.3935 0.9140 0.0986
vn -0.1189 -0.9925 0.0298
vn -0.9558 -0.1707 0.2394
vn -0.4366 0.8930 0.1094
vn -0.0714 -0.9973 0.0179
vn -0.9465 -0.2189 0.2371
vn -0.4786 0.8698 0.1199
vn -0.0238 -0.9997 0.0060
vn -0.9350 -0.2664 0.2342
vn -0.5194 0.8446 0.1301
vn -0.9212 -0.3133 0.2307
vn -0.5590 0.8173 0.1400
vn -0.9052 -0.3595 0.2267
vn -0.5972 0.7880 0.1496
vn -0.8870 -0.4048 0.2222
vn -0.6340 0.7568 0.1588
vn -0.8667 -0.4492 0.2171
vn -0.6693 0.7238 0.1677
vn -0.8443 -0.4924 0.2115
vn -0.7029 0.6891 0.1761
vn -0.8198 -0.5345 0.2054
vn -0.7349 0.6527 0.1841
vn -0.7934 -0.5754 0.1987
vn -0.7651 0.6148 0.1916
vn -0.7651 -0.6148 0.1916
vn -0.7934 0.5754 0.1987
vn -0.7349 -0.6527 0.1841
vn -0.8198 0.5345 0.2054
vn -0.7029 -0.6891 0.1761
vn -0.8443 0.4924 0.2115
vn -0.6693 -0.7238 0.1677
vn -0.8667 0.4492 0.2171
vn -0.6340 -0.7568 0.1588
vn -0.8870 0.4048 0.2222
vn -0.5972 -0.7880 0.1496
vn -0.9052 0.3595 0.2267
vn -0.5590 -0.8173 0.1400
vn -0.9212 0.3133 0.2307
vn -0.5194 -0.8446 0.1301
vn -0.9350 0.2664 0.2342
vn -0.0238 0.9997 0.0060
vn -0.4786 -0.8698 0.1199
vn -0.9465 0.2189 0.2371
vn -0.0714 0.9973 0.0179
vn -0.4366 -0.8930 0.1094
vn -0.9558 0.1707 0.2394
vn -0.1189 0.9925 0.0298
vn -0.3935 -0.9140 0.0986
vn -0.9628 0.1223 0.2412
vn -0.1660 0.9852 0.0416
vn -0.3495 -0.9328 0.0875
vn -0.9674 0.0735 0.2423
vn -0.2128 0.9756 0.0533
vn -0.3046 -0.9494 0.0763
vn -0.9697 0.0245 0.2429
vn -0.2590 0.9637 0.0649
vn -0.2590 -0.9637 0.0649
vn -0.9697 -0.0245 0.2429
vn -0.3046 0.9494 0.0763
vn -0.2128 -0.9756 0.0533
vn -0.9674 -0.0735 0.2423
vn -0.3495 0.9328 0.0875
vn -0.0729 -0.9973 0.0108
vn -0.9652 -0.2189 0.1432
vn -0.4880 0.8698 0.0724
vn -0.0243 -0.9997 0.0036
vn -0.9534 -0.2664 0.1414
vn -0.5297 0.8446 0.0786
vn -0.9394 -0.3133 0.1393
vn -0.5700 0.8173 0.0846
vn -0.9230 -0.3595 0.1369
vn -0.6090 0.7880 0.0903
vn -0.9045 -0.4048 0.1342
vn -0.6466 0.7568 0.0959
vn -0.8838 -0.4492 0.1311
vn -0.6825 0.7238 0.1012
vn -0.8609 -0.4924 0.1277
vn -0.7168 0.6891 0.1063
vn -0.8360 -0.5345 0.1240
vn -0.7494 0.6527 0.1112
vn -0.8091 -0.5754 0.1200
vn -0.7802 0.6148 0.1157
vn -0.7802 -0.6148 0.1157
vn -0.8091 0.5754 0.1200
vn -0.7494 -0.6527 0.1112
vn -0.8360 0.5345 0.1240
vn -0.7168 -0.6891 0.1063
vn -0.8609 0.4924 0.1277
vn -0.6825 -0.7238 0.1012
vn -0.8838 0.4492 0.1311
vn -0.6466 -0.7568 0.0959
vn -0.9045 0.4048 0.1342
vn -0.6090 -0.7880 0.0903
vn -0.9230 0.3595 0.1369
vn -0.5700 -0.8173 0.0846
vn -0.9394 0.3133 0.1393
vn -0.5297 -0.8446 0.0786
vn -0.9534 0.2664 0.1414
vn -0.0243 0.9997 0.0036
vn -0.4880 -0.8698 0.0724
vn -0.9652 0.2189 0.1432
vn -0.0729 0.9973 0.0108
vn -0.4452 -0.8930 0.0660
vn -0.9747 0.1707 0.1446
vn -0.1212 0.9925 0.0180
vn -0.4013 -0.9140 0.0595
vn -0.9818 0.1223 0.1456
vn -0.1693 0.9852 0.0251
vn -0.3564 -0.9328 0.0529
vn -0.9865 0.0735 0.1463
vn -0.2170 0.9756 0.0322
vn -0.3106 -0.9494 0.0461
vn -0.9889 0.0245 0.1467
vn -0.2641 0.9637 0.0392
vn -0.2641 -0.9637 0.0392
vn -0.9889 -0.0245 0.1467
vn -0.3106 0.9494 0.0461
vn -0.2170 -0.9756 0.0322
vn -0.9865 -0.0735 0.1463
vn -0.3564 0.9328 0.0529
vn -0.1693 -0.9852 0.0251
vn -0.9818 -0.1223 0.1456
vn -0.4013 0.9140 0.0595
vn -0.1212 -0.9925 0.0180
vn -0.9747 -0.1707 0.1446
vn -0.4452 0.8930 0.0660
vn -0.9485 -0.3133 0.0466
vn -0.5756 0.8173 0.0283
vn -0.9320 -0.3595 0.0458
vn -0.6149 0.7880 0.0302
vn -0.9133 -0.4048 0.0449
vn -0.6528 0.7568 0.0321
vn -0.8924 -0.4492 0.0438
vn -0.6891 0.7238 0.0339
vn -0.8693 -0.4924 0.0427
vn -0.7238 0.6891 0.0356
vn -0.8441 -0.5345 0.0415
vn -0.7567 0.6527 0.0372
vn -0.8169 -0.5754 0.0401
vn -0.7878 0.6148 0.0387
vn -0.7878 -0.6148 0.0387
vn -0.8169 0.5754 0.0401
vn -0.7567 -0.6527 0.0372
vn -0.8441 0.5345 0.0415
vn -0.7238 -0.6891 0.0356
vn -0.8693 0.4924 0.0427
vn -0.6891 -0.7238 0.0339
vn -0.8924 0.4492 0.0438
vn -0.6528 -0.7568 0.0321
vn -0.9133 0.4048 0.0449
vn -0.6149 -0.7880 0.0302
vn -0.9320 0.3595 0.0458
vn -0.5756 -0.8173 0.0283
vn -0.9485 0.3133 0.0466
vn -0.5348 -0.8446 0.0263
vn -0.9627 0.2664 0.0473
vn -0.0245 0.9997 0.0012
vn -0.4928 -0.8698 0.0242
vn -0.9746 0.2189 0.0479
vn -0.0736 0.9973 0.0036
vn -0.4495 -0.8930 0.0221
vn -0.9841 0.1707 0.0483
vn -0.1224 0.9925 0.0060
vn -0.4052 -0.9140 0.0199
vn -0.9913 0.1223 0.0487
vn -0.1710 0.9852 0.0084
vn -0.3598 -0.9328 0.0177
vn -0.9961 0.0735 0.0489
vn -0.2191 0.9756 0.0108
vn -0.3136 -0.9494 0.0154
vn -0.9985 0.0245 0.0491
vn -0.2667 0.9637 0.0131
vn -0.2667 -0.9637 0.0131
vn -0.9985 -0.0245 0.0491
vn -0.3136 0.9494 0.0154
vn -0.2191 -0.9756 0.0108
vn -0.9961 -0.0735 0.0489
vn -0.3598 0.9328 0.0177
vn -0.1710 -0.9852 0.0084
vn -0.9913 -0.1223 0.0487
vn -0.4052 0.9140 0.0199
vn -0.1224 -0.9925 0.0060
vn -0.9841 -0.1707 0.0483
vn -0.4495 0.8930 0.0221
vn -0.0736 -0.9973 0.0036
vn -0.9746 -0.2189 0.0479
vn -0.4928 0.8698 0.0242
vn -0.0245 -0.9997 0.0012
vn -0.9627 -0.2664 0.0473
vn -0.5348 0.8446 0.0263
vn -0.9133 -0.4048 -0.0449
vn -0.6528 0.7568 -0.0321
vn -0.8924 -0.4492 -0.0438
vn -0.6891 0.7238 -0.0339
vn -0.8693 -0.4924 -0.0427
vn -0.7238 0.6891 -0.0356
vn -0.8441 -0.5345 -0.0415
vn -0.7567 0.6527 -0.0372
vn -0.8169 -0.5754 -0.0401
vn -0.7878 0.6148 -0.0387
vn -0.7878 -0.6148 -0.0387
vn -0.8169 0.5754 -0.0401
vn -0.7567 -0.6527 -0.0372
vn -0.8441 0.5345 -0.0415
vn -0.7238 -0.6891 -0.0356
vn -0.8693 0.4924 -0.0427
vn -0.6891 -0.7238 -0.0339
vn -0.8924 0.4492 -0.0438
vn -0.6528 -0.7568 -0.0321
vn -0.9133 0.4048 -0.0449
vn -0.6149 -0.7880 -0.0302
vn -0.9320 0.3595 -0.0458
vn -0.5756 -0.8173 -0.0283
vn -0.9485 0.3133 -0.0466
vn -0.5348 -0.8446 -0.0263
vn -0.9627 0.2664 -0.0473
vn -0.0245 0.9997 -0.0012
vn -0.4928 -0.8698 -0.0242
vn -0.9746 0.2189 -0.0479
vn -0.0736 0.9973 -0.0036
vn -0.4495 -0.8930 -0.0221
vn -0.9841 0.1707 -0.0483
vn -0.1224 0.9925 -0.0060
vn -0.4052 -0.9140 -0.0199
vn -0.9913 0.1223 -0.0487
vn -0.1710 0.9852 -0.0084
vn -0.3598 -0.9328 -0.0177
vn -0.9961 0.0735 -0.0489
vn -0.2191 0.9756 -0.0108
vn -0.3136 -0.9494 -0.0154
vn -0.9985 0.0245 -0.0491
vn -0.2667 0.9637 -0.0131
vn -0.2667 -0.9637 -0.0131
vn -0.9985 -0.0245 -0.0491
vn -0.3136 0.9494 -0.0154
vn -0.2191 -0.9756 -0.0108
vn -0.9961 -0.0735 -0.0489
vn -0.3598 0.9328 -0.0177
vn -0.1710 -0.9852 -0.0084
vn -0.9913 -0.1223 -0.0487
vn -0.4052 0.9140 -0.0199
vn -0.1224 -0.9925 -0.0060
vn -0.9841 -0.1707 -0.0483
vn -0.4495 0.8930 -0.0221
vn -0.0736 -0.9973 -0.0036
vn -0.9746 -0.2189 -0.0479
vn -0.4928 0.8698 -0.0242
vn -0.0245 -0.9997 -0.0012
vn -0.9627 -0.2664 -0.0473
vn -0.5348 0.8446 -0.0263
vn -0.9485 -0.3133 -0.0466
vn -0.5756 0.8173 -0.0283
vn -0.9320 -0.3595 -0.0458
vn -0.6149 0.7880 -0.0302
vn -0.8609 -0.4924 -0.1277
vn -0.7168 0.6891 -0.1063
vn -0.8360 -0.5345 -0.1240
vn -0.7494 0.6527 -0.1112
vn -0.8091 -0.5754 -0.1200
vn -0.7802 0.6148 -0.1157
vn -0.7802 -0.6148 -0.1157
vn -0.8091 0.5754 -0.1200
vn -0.7494 -0.6527 -0.1112
vn -0.8360 0.5345 -0.1240
vn -0.7168 -0.6891 -0.1063
vn -0.8609 0.4924 -0.1277
vn -0.6825 -0.7238 -0.1012
vn -0.8838 0.4492 -0.1311
vn -0.6466 -0.7568 -0.0959
vn -0.9045 0.4048 -0.1342
vn -0.6090 -0.7880 -0.0903
vn -0.9230 0.3595 -0.1369
vn -0.5700 -0.8173 -0.0846
vn -0.9394 0.3133 -0.1393
vn -0.5297 -0.8446 -0.0786
vn -0.9534 0.2664 -0.1414
vn -0.0243 0.9997 -0.0036
vn -0.4880 -0.8698 -0.0724
vn -0.9652 0.2189 -0.1432
vn -0.0729 0.9973 -0.0108
vn -0.4452 -0.8930 -0.0660
vn -0.9747 0.1707 -0.1446
vn -0.1212 0.9925 -0.0180
vn -0.4013 -0.9140 -0.0595
vn -0.9818 0.1223 -0.1456
vn -0.1693 0.9852 -0.0251
vn -0.3564 -0.9328 -0.0529
vn -0.9865 0.0735 -0.1463
vn -0.2170 0.9756 -0.0322
vn -0.3106 -0.9494 -0.0461
vn -0.9889 0.0245 -0.1467
vn -0.2641 0.9637 -0.0392
vn -0.2641 -0.9637 -0.0392
vn -0.9889 -0.0245 -0.1467
vn -0.3106 0.9494 -0.0461
vn -0.2170 -0.9756 -0.0322
vn -0.9865 -0.0735 -0.1463
vn -0.3564 0.9328 -0.0529
vn -0.1693 -0.9852 -0.0251
vn -0.9818 -0.1223 -0.1456
vn -0.4013 0.9140 -0.0595
vn -0.1212 -0.9925 -0.0180
vn -0.9747 -0.1707 -0.1446
vn -0.4452 0.8930 -0.0660
vn -0.0729 -0.9973 -0.0108
vn -0.9652 -0.2189 -0.1432
vn -0.4880 0.8698 -0.0724
vn -0.0243 -0.9997 -0.0036
vn -0.9534 -0.2664 -0.1414
vn -0.5297 0.8446 -0.0786
vn -0.9394 -0.3133 -0.1393
vn -0.5700 0.8173 -0.0846
vn -0.9230 -0.3595 -0.1369
vn -0.6090 0.7880 -0.0903
vn -0.9045 -0.4048 -0.1342
vn -0.6466 0.7568 -0.0959
vn -0.8838 -0.4492 -0.1311
vn -0.6825 0.7238 -0.1012
vn -0.7934 -0.5754 -0.1987
vn -0.7651 0.6148 -0.1916
vn -0.7651 -0.6148 -0.1916
vn -0.7934 0.5754 -0.1987
vn -0.7349 -0.6527 -0.1841
vn -0.8198 0.5345 -0.2054
vn -0.7029 -0.6891 -0.1761
vn -0.8443 0.4924 -0.2115
vn -0.6693 -0.7238 -0.1677
vn -0.8667 0.4492 -0.2171
vn -0.6340 -0.7568 -0.1588
vn -0.8870 0.4048 -0.2222
vn -0.5972 -0.7880 -0.1496
vn -0.9052 0.3595 -0.2267
vn -0.5590 -0.8173 -0.1400
vn -0.9212 0.3133 -0.2307
vn -0.5194 -0.8446 -0.1301
vn -0.9350 0.2664 -0.2342
vn -0.0238 0.9997 -0.0060
vn -0.4786 -0.8698 -0.1199
vn -0.9465 0.2189 -0.2371
vn -0.0714 0.9973 -0.0179
vn -0.4366 -0.8930 -0.1094
vn -0.9558 0.1707 -0.2394
vn -0.1189 0.9925 -0.0298
vn -0.3935 -0.9140 -0.0986
vn -0.9628 0.1223 -0.2412
vn -0.1660 0.9852 -0.0416
vn -0.3495 -0.9328 -0.0875
vn -0.9674 0.0735 -0.2423
vn -0.2128 0.9756 -0.0533
vn -0.3046 -0.9494 -0.0763
vn -0.9697 0.0245 -0.2429
vn -0.2590 0.9637 -0.0649
vn -0.2590 -0.9637 -0.0649
vn -0.9697 -0.0245 -0.2429
vn -0.3046 0.9494 -0.0763
vn -0.2128 -0.9756 -0.0533
vn -0.9674 -0.0735 -0.2423
vn -0.3495 0.9328 -0.0875
vn -0.1660 -0.9852 -0.0416
vn -0.9628 -0.1223 -0.2412
vn -0.3935 0.9140 -0.0986
vn -0.1189 -0.9925 -0.0298
vn -0.9558 -0.1707 -0.2394
vn -0.4366 0.8930 -0.1094
vn -0.0714 -0.9973 -0.0179
vn -0.9465 -0.2189 -0.2371
vn -0.4786 0.8698 -0.1199
vn -0.0238 -0.9997 -0.0060
vn -0.9350 -0.2664 -0.2342
vn -0.5194 0.8446 -0.1301
vn -0.9212 -0.3133 -0.2307
vn -0.5590 0.8173 -0.1400
vn -0.9052 -0.3595 -0.2267
vn -0.5972 0.7880 -0.1496
vn -0.8870 -0.4048 -0.2222
vn -0.6340 0.7568 -0.1588
vn -0.8667 -0.4492 -0.2171
vn -0.6693 0.7238 -0.1677
vn -0.8443 -0.4924 -0.2115
vn -0.7029 0.6891 -0.1761
vn -0.8198 -0.5345 -0.2054
vn -0.7349 0.6527 -0.1841
vn -0.7701 -0.5754 -0.2755
vn -0.7957 0.5345 -0.2847
vn -0.7426 -0.6148 -0.2657
vn -0.8195 0.4924 -0.2932
vn -0.7133 -0.6527 -0.2552
vn -0.8412 0.4492 -0.3010
vn -0.6823 -0.6891 -0.2441
vn -0.8609 0.4048 -0.3081
vn -0.6496 -0.7238 -0.2324
vn -0.8786 0.3595 -0.3144
vn -0.6154 -0.7568 -0.2202
vn -0.8941 0.3133 -0.3199
vn -0.5797 -0.7880 -0.2074
vn -0.9075 0.2664 -0.3247
vn -0.0231 0.9997 -0.0083
vn -0.5426 -0.8173 -0.1941
vn -0.9187 0.2189 -0.3287
vn -0.0693 0.9973 -0.0248
vn -0.5041 -0.8446 -0.1804
vn -0.9277 0.1707 -0.3319
vn -0.1154 0.9925 -0.0413
vn -0.4645 -0.8698 -0.1662
vn -0.9345 0.1223 -0.3344
vn -0.1612 0.9852 -0.0577
vn -0.4237 -0.8930 -0.1516
vn -0.9390 0.0735 -0.3360
vn -0.2065 0.9756 -0.0739
vn -0.3819 -0.9140 -0.1367
vn -0.9413 0.0245 -0.3368
vn -0.2514 0.9637 -0.0900
vn -0.3392 -0.9328 -0.1214
vn -0.9413 -0.0245 -0.3368
vn -0.2957 0.9494 -0.1058
vn -0.2957 -0.9494 -0.1058
vn -0.9390 -0.0735 -0.3360
vn -0.3392 0.9328 -0.1214
vn -0.2514 -0.9637 -0.0900
vn -0.9345 -0.1223 -0.3344
vn -0.3819 0.9140 -0.1367
vn -0.2065 -0.9756 -0.0739
vn -0.9277 -0.1707 -0.3319
vn -0.4237 0.8930 -0.1516
vn -0.1612 -0.9852 -0.0577
vn -0.9187 -0.2189 -0.3287
vn -0.4645 0.8698 -0.1662
vn -0.1154 -0.9925 -0.0413
vn -0.9075 -0.2664 -0.3247
vn -0.5041 0.8446 -0.1804
vn -0.0693 -0.9973 -0.0248
vn -0.5426 0.8173 -0.1941
vn -0.0231 -0.9997 -0.0083
vn -0.5797 0.7880 -0.2074
vn -0.8941 -0.3133 -0.3199
vn -0.6154 0.7568 -0.2202
vn -0.6496 0.7238 -0.2324
vn -0.8786 -0.3595 -0.3144
vn -0.6823 0.6891 -0.2441
vn -0.8609 -0.4048 -0.3081
vn -0.7133 0.6527 -0.2552
vn -0.8412 -0.4492 -0.3010
vn -0.7426 0.6148 -0.2657
vn -0.8195 -0.4924 -0.2932
vn -0.7957 -0.5345 -0.2847
vn -0.7701 0.5754 -0.2755
vn -0.7394 0.5754 -0.3497
vn -0.6849 -0.6527 -0.3239
vn -0.7640 0.5345 -0.3613
vn -0.6551 -0.6891 -0.3098
vn -0.7868 0.4924 -0.3721
vn -0.6237 -0.7238 -0.2950
vn -0.8077 0.4492 -0.3820
vn -0.5909 -0.7568 -0.2795
vn -0.8266 0.4048 -0.3910
vn -0.5566 -0.7880 -0.2632
vn -0.8435 0.3595 -0.3990
vn -0.5210 -0.8173 -0.2464
vn -0.8585 0.3133 -0.4060
vn -0.4840 -0.8446 -0.2289
vn -0.8713 0.2664 -0.4121
vn -0.0222 0.9997 -0.0105
vn -0.4460 -0.8698 -0.2109
vn -0.8821 0.2189 -0.4172
vn -0.0666 0.9973 -0.0315
vn -0.4068 -0.8930 -0.1924
vn -0.8907 0.1707 -0.4213
vn -0.1108 0.9925 -0.0524
vn -0.3667 -0.9140 -0.1734
vn -0.8972 0.1223 -0.4243
vn -0.1547 0.9852 -0.0732
vn -0.3257 -0.9328 -0.1540
vn -0.9015 0.0735 -0.4264
vn -0.1983 0.9756 -0.0938
vn -0.2839 -0.9494 -0.1343
vn -0.9037 0.0245 -0.4274
vn -0.2414 0.9637 -0.1142
vn -0.2414 -0.9637 -0.1142
vn -0.9037 -0.0245 -0.4274
vn -0.2839 0.9494 -0.1343
vn -0.1983 -0.9756 -0.0938
vn -0.9015 -0.0735 -0.4264
vn -0.3257 0.9328 -0.1540
vn -0.1547 -0.9852 -0.0732
vn -0.8972 -0.1223 -0.4243
vn -0.3667 0.9140 -0.1734
vn -0.1108 -0.9925 -0.0524
vn -0.8907 -0.1707 -0.4213
vn -0.4068 0.8930 -0.1924
vn -0.0666 -0.9973 -0.0315
vn -0.8821 -0.2189 -0.4172
vn -0.4460 0.8698 -0.2109
vn -0.0222 -0.9997 -0.0105
vn -0.8713 -0.2664 -0.4121
vn -0.4840 0.8446 -0.2289
vn -0.8585 -0.3133 -0.4060
vn -0.5210 0.8173 -0.2464
vn -0.8435 -0.3595 -0.3990
vn -0.5566 0.7880 -0.2632
vn -0.8266 -0.4048 -0.3910
vn -0.5909 0.7568 -0.2795
vn -0.8077 -0.4492 -0.3820
vn -0.6237 0.7238 -0.2950
vn -0.7868 -0.4924 -0.3721
vn -0.6551 0.6891 -0.3098
vn -0.7640 -0.5345 -0.3613
vn -0.6849 0.6527 -0.3239
vn -0.7394 -0.5754 -0.3497
vn -0.7130 0.6148 -0.3372
vn -0.7130 -0.6148 -0.3372
vn -0.7465 0.4924 -0.4474
vn -0.5918 -0.7238 -0.3547
vn -0.7663 0.4492 -0.4593
vn -0.5606 -0.7568 -0.3360
vn -0.7843 0.4048 -0.4701
vn -0.5281 -0.7880 -0.3165
vn -0.8004 0.3595 -0.4797
vn -0.4943 -0.8173 -0.2963
vn -0.8145 0.3133 -0.4882
vn -0.4593 -0.8446 -0.2753
vn -0.8267 0.2664 -0.4955
vn -0.0211 0.9997 -0.0126
vn -0.4232 -0.8698 -0.2536
vn -0.8369 0.2189 -0.5016
vn -0.0632 0.9973 -0.0379
vn -0.3860 -0.8930 -0.2314
vn -0.8451 0.1707 -0.5066
vn -0.1051 0.9925 -0.0630
vn -0.3479 -0.9140 -0.2085
vn -0.8513 0.1223 -0.5102
vn -0.1468 0.9852 -0.0880
vn -0.3090 -0.9328 -0.1852
vn -0.8554 0.0735 -0.5127
vn -0.1881 0.9756 -0.1128
vn -0.2693 -0.9494 -0.1614
vn -0.8575 0.0245 -0.5139
vn -0.2290 0.9637 -0.1373
vn -0.2290 -0.9637 -0.1373
vn -0.8575 -0.0245 -0.5139
vn -0.2693 0.9494 -0.1614
vn -0.1881 -0.9756 -0.1128
vn -0.8554 -0.0735 -0.5127
vn -0.3090 0.9328 -0.1852
vn -0.1468 -0.9852 -0.0880
vn -0.8513 -0.1223 -0.5102
vn -0.3479 0.9140 -0.2085
vn -0.1051 -0.9925 -0.0630
vn -0.8451 -0.1707 -0.5066
vn -0.3860 0.8930 -0.2314
vn -0.0632 -0.9973 -0.0379
vn -0.8369 -0.2189 -0.5016
vn -0.4232 0.8698 -0.2536
vn -0.0211 -0.9997 -0.0126
vn -0.8267 -0.2664 -0.4955
vn -0.4593 0.8446 -0.2753
vn -0.8145 -0.3133 -0.4882
vn -0.4943 0.8173 -0.2963
vn -0.8004 -0.3595 -0.4797
vn -0.5281 0.7880 -0.3165
vn -0.7843 -0.4048 -0.4701
vn -0.5606 0.7568 -0.3360
vn -0.7663 -0.4492 -0.4593
vn -0.5918 0.7238 -0.3547
vn -0.7465 -0.4924 -0.4474
vn -0.6216 0.6891 -0.3726
vn -0.7249 -0.5345 -0.4345
vn -0.6498 0.6527 -0.3895
vn -0.7015 -0.5754 -0.4205
vn -0.6765 0.6148 -0.4055
vn -0.6765 -0.6148 -0.4055
vn -0.7015 0.5754 -0.4205
vn -0.6498 -0.6527 -0.3895
vn -0.7249 0.5345 -0.4345
vn -0.6216 -0.6891 -0.3726
vn -0.7344 0.4048 -0.5447
vn -0.4945 -0.7880 -0.3668
vn -0.7495 0.3595 -0.5559
vn -0.4629 -0.8173 -0.3433
vn -0.7628 0.3133 -0.5657
vn -0.4301 -0.8446 -0.3190
vn -0.7742 0.2664 -0.5742
vn -0.0197 0.9997 -0.0146
vn -0.3963 -0.8698 -0.2939
vn -0.7837 0.2189 -0.5813
vn -0.0592 0.9973 -0.0439
vn -0.3615 -0.8930 -0.2681
vn -0.7914 0.1707 -0.5870
vn -0.0984 0.9925 -0.0730
vn -0.3258 -0.9140 -0.2416
vn -0.7972 0.1223 -0.5912
vn -0.1375 0.9852 -0.1020
vn -0.2894 -0.9328 -0.2146
vn -0.8010 0.0735 -0.5941
vn -0.1762 0.9756 -0.1307
vn -0.2522 -0.9494 -0.1871
vn -0.8030 0.0245 -0.5955
vn -0.2145 0.9637 -0.1591
vn -0.2145 -0.9637 -0.1591
vn -0.8030 -0.0245 -0.5955
vn -0.2522 0.9494 -0.1871
vn -0.1762 -0.9756 -0.1307
vn -0.8010 -0.0735 -0.5941
vn -0.2894 0.9328 -0.2146
vn -0.1375 -0.9852 -0.1020
vn -0.7972 -0.1223 -0.5912
vn -0.3258 0.9140 -0.2416
vn -0.0984 -0.9925 -0.0730
vn -0.7914 -0.1707 -0.5870
vn -0.3615 0.8930 -0.2681
vn -0.0592 -0.9973 -0.0439
vn -0.7837 -0.2189 -0.5813
vn -0.3963 0.8698 -0.2939
vn -0.0197 -0.9997 -0.0146
vn -0.7742 -0.2664 -0.5742
vn -0.4301 0.8446 -0.3190
vn -0.7628 -0.3133 -0.5657
vn -0.4629 0.8173 -0.3433
vn -0.7495 -0.3595 -0.5559
vn -0.4945 0.7880 -0.3668
vn -0.7344 -0.4048 -0.5447
vn -0.5250 0.7568 -0.3894
vn -0.7176 -0.4492 -0.5322
vn -0.5542 0.7238 -0.4110
vn -0.6991 -0.4924 -0.5185
vn -0.5821 0.6891 -0.4317
vn -0.6788 -0.5345 -0.5035
vn -0.6085 0.6527 -0.4513
vn -0.6569 -0.5754 -0.4872
vn -0.6335 0.6148 -0.4698
vn -0.6335 -0.6148 -0.4698
vn -0.6569 0.5754 -0.4872
vn -0.6085 -0.6527 -0.4513
vn -0.6788 0.5345 -0.5035
vn -0.5821 -0.6891 -0.4317
vn -0.6991 0.4924 -0.5185
vn -0.5542 -0.7238 -0.4110
vn -0.7176 0.4492 -0.5322
vn -0.5250 -0.7568 -0.3894
vn -0.7036 0.3133 -0.6377
vn -0.3967 -0.8446 -0.3596
vn -0.7142 0.2664 -0.6473
vn -0.0182 0.9997 -0.0165
vn -0.3655 -0.8698 -0.3313
vn -0.7230 0.2189 -0.6553
vn -0.0546 0.9973 -0.0495
vn -0.3335 -0.8930 -0.3022
vn -0.7301 0.1707 -0.6617
vn -0.0908 0.9925 -0.0823
vn -0.3006 -0.9140 -0.2724
vn -0.7354 0.1223 -0.6665
vn -0.1268 0.9852 -0.1149
vn -0.2669 -0.9328 -0.2419
vn -0.7389 0.0735 -0.6697
vn -0.1625 0.9756 -0.1473
vn -0.2327 -0.9494 -0.2109
vn -0.7407 0.0245 -0.6714
vn -0.1978 0.9637 -0.1793
vn -0.1978 -0.9637 -0.1793
vn -0.7407 -0.0245 -0.6714
vn -0.2327 0.9494 -0.2109
vn -0.1625 -0.9756 -0.1473
vn -0.7389 -0.0735 -0.6697
vn -0.2669 0.9328 -0.2419
vn -0.1268 -0.9852 -0.1149
vn -0.7354 -0.1223 -0.6665
vn -0.3006 0.9140 -0.2724
vn -0.0908 -0.9925 -0.0823
vn -0.7301 -0.1707 -0.6617
vn -0.3335 0.8930 -0.3022
vn -0.0546 -0.9973 -0.0495
vn -0.7230 -0.2189 -0.6553
vn -0.3655 0.8698 -0.3313
vn -0.0182 -0.9997 -0.0165
vn -0.7142 -0.2664 -0.6473
vn -0.3967 0.8446 -0.3596
vn -0.7036 -0.3133 -0.6377
vn -0.4270 0.8173 -0.3870
vn -0.6914 -0.3595 -0.6267
vn -0.4562 0.7880 -0.4135
vn -0.6775 -0.4048 -0.6141
vn -0.4843 0.7568 -0.4389
vn -0.6620 -0.4492 -0.6000
vn -0.5112 0.7238 -0.4634
vn -0.6449 -0.4924 -0.5845
vn -0.5369 0.6891 -0.4867
vn -0.6262 -0.5345 -0.5676
vn -0.5613 0.6527 -0.5088
vn -0.6060 -0.5754 -0.5493
vn -0.5844 0.6148 -0.5297
vn -0.5844 -0.6148 -0.5297
vn -0.6060 0.5754 -0.5493
vn -0.5613 -0.6527 -0.5088
vn -0.6262 0.5345 -0.5676
vn -0.5369 -0.6891 -0.4867
vn -0.6449 0.4924 -0.5845
vn -0.5112 -0.7238 -0.4634
vn -0.6620 0.4492 -0.6000
vn -0.4843 -0.7568 -0.4389
vn -0.6775 0.4048 -0.6141
vn -0.4562 -0.7880 -0.4135
vn -0.6914 0.3595 -0.6267
vn -0.4270 -0.8173 -0.3870
vn -0.6553 0.2189 -0.7230
vn -0.0495 0.9973 -0.0546
vn -0.3022 -0.8930 -0.3335
vn -0.6617 0.1707 -0.7301
vn -0.0823 0.9925 -0.0908
vn -0.2724 -0.9140 -0.3006
vn -0.6665 0.1223 -0.7354
vn -0.1149 0.9852 -0.1268
vn -0.2419 -0.9328 -0.2669
vn -0.6697 0.0735 -0.7389
vn -0.1473 0.9756 -0.1625
vn -0.2109 -0.9494 -0.2327
vn -0.6714 0.0245 -0.7407
vn -0.1793 0.9637 -0.1978
vn -0.1793 -0.9637 -0.1978
vn -0.6714 -0.0245 -0.7407
vn -0.2109 0.9494 -0.2327
vn -0.1473 -0.9756 -0.1625
vn -0.6697 -0.0735 -0.7389
vn -0.2419 0.9328 -0.2669
vn -0.1149 -0.9852 -0.1268
vn -0.6665 -0.1223 -0.7354
vn -0.2724 0.9140 -0.3006
vn -0.0823 -0.9925 -0.0908
vn -0.6617 -0.1707 -0.7301
vn -0.3022 0.8930 -0.3335
vn -0.0495 -0.9973 -0.0546
vn -0.6553 -0.2189 -0.7230
vn -0.3313 0.8698 -0.3655
vn -0.0165 -0.9997 -0.0182
vn -0.6473 -0.2664 -0.7142
vn -0.3596 0.8446 -0.3967
vn -0.6377 -0.3133 -0.7036
vn -0.3870 0.8173 -0.4270
vn -0.6267 -0.3595 -0.6914
vn -0.4135 0.7880 -0.4562
vn -0.6141 -0.4048 -0.6775
vn -0.4389 0.7568 -0.4843
vn -0.6000 -0.4492 -0.6620
vn -0.4634 0.7238 -0.5112
vn -0.5845 -0.4924 -0.6449
vn -0.4867 0.6891 -0.5369
vn -0.5676 -0.5345 -0.6262
vn -0.5088 0.6527 -0.5613
vn -0.5493 -0.5754 -0.6060
vn -0.5297 0.6148 -0.5844
vn -0.5297 -0.6148 -0.5844
vn -0.5493 0.5754 -0.6060
vn -0.5088 -0.6527 -0.5613
vn -0.5676 0.5345 -0.6262
vn -0.4867 -0.6891 -0.5369
vn -0.5845 0.4925 -0.6449
vn -0.4634 -0.7238 -0.5112
vn -0.6000 0.4492 -0.6620
vn -0.4389 -0.7568 -0.4843
vn -0.6141 0.4048 -0.6775
vn -0.4135 -0.7880 -0.4562
vn -0.6267 0.3595 -0.6914
vn -0.3870 -0.8173 -0.4270
vn -0.6377 0.3133 -0.7036
vn -0.3596 -0.8446 -0.3967
vn -0.6473 0.2664 -0.7142
vn -0.0165 0.9997 -0.0182
vn -0.3313 -0.8698 -0.3655
vn -0.5912 0.1223 -0.7972
vn -0.1020 0.9852 -0.1375
vn -0.2146 -0.9328 -0.2894
vn -0.5941 0.0735 -0.8010
vn -0.1307 0.9756 -0.1762
vn -0.1871 -0.9494 -0.2522
vn -0.5955 0.0245 -0.8030
vn -0.1591 0.9637 -0.2145
vn -0.1591 -0.9637 -0.2145
vn -0.5955 -0.0245 -0.8030
vn -0.1871 0.9494 -0.2522
vn -0.1307 -0.9756 -0.1762
vn -0.5941 -0.0735 -0.8010
vn -0.2146 0.9328 -0.2894
vn -0.1020 -0.9852 -0.1375
vn -0.5912 -0.1223 -0.7972
vn -0.2416 0.9140 -0.3258
vn -0.0730 -0.9925 -0.0984
vn -0.5870 -0.1707 -0.7914
vn -0.2681 0.8930 -0.3615
vn -0.0439 -0.9973 -0.0592
vn -0.5813 -0.2189 -0.7837
vn -0.2939 0.8698 -0.3963
vn -0.0146 -0.9997 -0.0197
vn -0.5742 -0.2664 -0.7742
vn -0.3190 0.8446 -0.4301
vn -0.5657 -0.3133 -0.7628
vn -0.3433 0.8173 -0.4629
vn -0.5559 -0.3595 -0.7495
vn -0.3668 0.7880 -0.4945
vn -0.5447 -0.4048 -0.7344
vn -0.3894 0.7568 -0.5250
vn -0.5322 -0.4492 -0.7176
vn -0.4110 0.7238 -0.5542
vn -0.5185 -0.4924 -0.6991
vn -0.4317 0.6891 -0.5821
vn -0.5035 -0.5345 -0.6788
vn -0.4513 0.6527 -0.6085
vn -0.4872 -0.5754 -0.6569
vn -0.4698 0.6148 -0.6335
vn -0.4698 -0.6148 -0.6335
vn -0.4872 0.5754 -0.6569
vn -0.4513 -0.6527 -0.6085
vn -0.5035 0.5345 -0.6788
vn -0.4317 -0.6891 -0.5821
vn -0.5185 0.4924 -0.6991
vn -0.4110 -0.7238 -0.5542
vn -0.5322 0.4492 -0.7176
vn -0.3894 -0.7568 -0.5250
vn -0.5447 0.4048 -0.7344
vn -0.3668 -0.7880 -0.4945
vn -0.5559 0.3595 -0.7495
vn -0.3433 -0.8173 -0.4629
vn -0.5657 0.3133 -0.7628
vn -0.3190 -0.8446 -0.4301
vn -0.5742 0.2664 -0.7742
vn -0.0146 0.9997 -0.0197
vn -0.2939 -0.8698 -0.3963
vn -0.5813 0.2189 -0.7837
vn -0.0439 0.9973 -0.0592
vn -0.2681 -0.8930 -0.3615
vn -0.5870 0.1707 -0.7914
vn -0.0730 0.9925 -0.0984
vn -0.2416 -0.9140 -0.3258
vn -0.5139 0.0245 -0.8575
vn -0.1373 0.9637 -0.2290
vn -0.1373 -0.9637 -0.2290
vn -0.5139 -0.0245 -0.8575
vn -0.1614 0.9494 -0.2693
vn -0.1128 -0.9756 -0.1881
vn -0.5127 -0.0735 -0.8554
vn -0.1852 0.9328 -0.3090
vn -0.0880 -0.9852 -0.1468
vn -0.5102 -0.1223 -0.8513
vn -0.2085 0.9140 -0.3479
vn -0.0630 -0.9925 -0.1051
vn -0.5066 -0.1707 -0.8451
vn -0.2314 0.8930 -0.3860
vn -0.0379 -0.9973 -0.0632
vn -0.5016 -0.2189 -0.8369
vn -0.2536 0.8698 -0.4232
vn -0.0126 -0.9997 -0.0211
vn -0.4955 -0.2664 -0.8267
vn -0.2753 0.8446 -0.4593
vn -0.4882 -0.3133 -0.8145
vn -0.2963 0.8173 -0.4943
vn -0.4797 -0.3595 -0.8004
vn -0.3165 0.7880 -0.5281
vn -0.4701 -0.4048 -0.7843
vn -0.3360 0.7568 -0.5606
vn -0.4593 -0.4492 -0.7663
vn -0.3547 0.7238 -0.5918
vn -0.4474 -0.4925 -0.7465
vn -0.3726 0.6891 -0.6216
vn -0.4345 -0.5345 -0.7249
vn -0.3895 0.6527 -0.6498
vn -0.4205 -0.5754 -0.7015
vn -0.4055 0.6148 -0.6765
vn -0.4055 -0.6148 -0.6765
vn -0.4205 0.5754 -0.7015
vn -0.3895 -0.6527 -0.6498
vn -0.4345 0.5345 -0.7249
vn -0.3726 -0.6891 -0.6216
vn -0.4474 0.4924 -0.7465
vn -0.3547 -0.7238 -0.5918
vn -0.4593 0.4492 -0.7663
vn -0.3360 -0.7568 -0.5606
vn -0.4701 0.4048 -0.7843
vn -0.3165 -0.7880 -0.5281
vn -0.4797 0.3595 -0.8004
vn -0.2963 -0.8173 -0.4943
vn -0.4882 0.3133 -0.8145
vn -0.2753 -0.8446 -0.4593
vn -0.4955 0.2664 -0.8267
vn -0.0126 0.9997 -0.0211
vn -0.2536 -0.8698 -0.4232
vn -0.5016 0.2189 -0.8369
vn -0.0379 0.9973 -0.0632
vn -0.2314 -0.8930 -0.3860
vn -0.5066 0.1707 -0.8451
vn -0.0630 0.9925 -0.1051
vn -0.2085 -0.9140 -0.3479
vn -0.5102 0.1223 -0.8513
vn -0.0880 0.9852 -0.1468
vn -0.1852 -0.9328 -0.3090
vn -0.5127 0.0735 -0.8554
vn -0.1128 0.9756 -0.1881
vn -0.1614 -0.9494 -0.2693
vn -0.4264 -0.0735 -0.9015
vn -0.1540 0.9328 -0.3257
vn -0.0732 -0.9852 -0.1547
vn -0.4243 -0.1223 -0.8972
vn -0.1734 0.9140 -0.3667
vn -0.0524 -0.9925 -0.1108
vn -0.4213 -0.1707 -0.8907
vn -0.1924 0.8930 -0.4068
vn -0.0315 -0.9973 -0.0666
vn -0.4172 -0.2189 -0.8821
vn -0.2109 0.8698 -0.4460
vn -0.0105 -0.9997 -0.0222
vn -0.4121 -0.2664 -0.8713
vn -0.2289 0.8446 -0.4840
vn -0.4060 -0.3133 -0.8585
vn -0.2464 0.8173 -0.5210
vn -0.3990 -0.3595 -0.8435
vn -0.2632 0.7880 -0.5566
vn -0.3910 -0.4048 -0.8266
vn -0.2795 0.7568 -0.5909
vn -0.3820 -0.4492 -0.8077
vn -0.2950 0.7238 -0.6237
vn -0.3721 -0.4925 -0.7868
vn -0.3098 0.6891 -0.6551
vn -0.3613 -0.5345 -0.7640
vn -0.3239 0.6527 -0.6849
vn -0.3497 -0.5754 -0.7394
vn -0.3372 0.6148 -0.7130
vn -0.3372 -0.6148 -0.7130
vn -0.3497 0.5754 -0.7394
vn -0.3239 -0.6527 -0.6849
vn -0.3613 0.5345 -0.7640
vn -0.3098 -0.6891 -0.6551
vn -0.3721 0.4925 -0.7868
vn -0.2950 -0.7238 -0.6237
vn -0.3820 0.4492 -0.8077
vn -0.2795 -0.7568 -0.5909
vn -0.3910 0.4048 -0.8266
vn -0.2632 -0.7880 -0.5566
vn -0.3990 0.3595 -0.8435
vn -0.2464 -0.8173 -0.5210
vn -0.4060 0.3133 -0.8585
vn -0.2289 -0.8446 -0.4840
vn -0.4121 0.2664 -0.8713
vn -0.0105 0.9997 -0.0222
vn -0.2109 -0.8698 -0.4460
vn -0.4172 0.2189 -0.8821
vn -0.0315 0.9973 -0.0666
vn -0.1924 -0.8930 -0.4068
vn -0.4213 0.1707 -0.8907
vn -0.0524 0.9925 -0.1108
vn -0.1734 -0.9140 -0.3667
vn -0.4243 0.1223 -0.8972
vn -0.0732 0.9852 -0.1547
vn -0.1540 -0.9328 -0.3257
vn -0.4264 0.0735 -0.9015
vn -0.0938 0.9756 -0.1983
vn -0.1343 -0.9494 -0.2839
vn -0.4274 0.0245 -0.9037
vn -0.1142 0.9637 -0.2414
vn -0.1142 -0.9637 -0.2414
vn -0.4274 -0.0245 -0.9037
vn -0.1343 0.9494 -0.2839
vn -0.0938 -0.9756 -0.1983
vn -0.3319 -0.1707 -0.9277
vn -0.1516 0.8930 -0.4237
vn -0.0248 -0.9973 -0.0693
vn -0.3287 -0.2189 -0.9187
vn -0.1662 0.8698 -0.4645
vn -0.0083 -0.9997 -0.0231
vn -0.3247 -0.2664 -0.9075
vn -0.1804 0.8446 -0.5041
vn -0.3199 -0.3133 -0.8941
vn -0.1941 0.8173 -0.5426
vn -0.3144 -0.3595 -0.8786
vn -0.2074 0.7880 -0.5797
vn -0.3081 -0.4048 -0.8609
vn -0.2202 0.7568 -0.6154
vn -0.3010 -0.4492 -0.8412
vn -0.2324 0.7238 -0.6496
vn -0.2932 -0.4925 -0.8195
vn -0.2441 0.6891 -0.6823
vn -0.2847 -0.5345 -0.7957
vn -0.2552 0.6527 -0.7133
vn -0.2755 -0.5754 -0.7701
vn -0.2657 0.6148 -0.7426
vn -0.2657 -0.6148 -0.7426
vn -0.2755 0.5754 -0.7701
vn -0.2552 -0.6527 -0.7133
vn -0.2847 0.5345 -0.7957
vn -0.2441 -0.6891 -0.6823
vn -0.2932 0.4925 -0.8195
vn -0.2324 -0.7238 -0.6496
vn -0.3010 0.4492 -0.8412
vn -0.2202 -0.7568 -0.6154
vn -0.3081 0.4048 -0.8609
vn -0.2074 -0.7880 -0.5797
vn -0.3144 0.3595 -0.8786
vn -0.1941 -0.8173 -0.5426
vn -0.3199 0.3133 -0.8941
vn -0.1804 -0.8446 -0.5041
vn -0.3247 0.2664 -0.9075
vn -0.0083 0.9997 -0.0231
vn -0.1662 -0.8698 -0.4645
vn -0.3287 0.2189 -0.9187
vn -0.0248 0.9973 -0.0693
vn -0.1516 -0.8930 -0.4237
vn -0.3319 0.1707 -0.9277
vn -0.0413 0.9925 -0.1154
vn -0.1367 -0.9140 -0.3819
vn -0.3344 0.1223 -0.9345
vn -0.0577 0.9852 -0.1612
vn -0.1214 -0.9328 -0.3392
vn -0.3360 0.0735 -0.9390
vn -0.0739 0.9756 -0.2065
vn -0.1058 -0.9494 -0.2957
vn -0.3368 0.0245 -0.9413
vn -0.0900 0.9637 -0.2514
vn -0.0900 -0.9637 -0.2514
vn -0.3368 -0.0245 -0.9413
vn -0.1058 0.9494 -0.2957
vn -0.0739 -0.9756 -0.2065
vn -0.3360 -0.0735 -0.9390
vn -0.1214 0.9328 -0.3392
vn -0.0577 -0.9852 -0.1612
vn -0.3344 -0.1223 -0.9345
vn -0.1367 0.9140 -0.3819
vn -0.0413 -0.9925 -0.1154
vn -0.2342 -0.2664 -0.9350
vn -0.1301 0.8446 -0.5194
vn -0.2307 -0.3133 -0.9212
vn -0.1400 0.8173 -0.5590
vn -0.2267 -0.3595 -0.9052
vn -0.1496 0.7880 -0.5972
vn -0.2222 -0.4048 -0.8870
vn -0.1588 0.7568 -0.6340
vn -0.2171 -0.4492 -0.8667
vn -0.1677 0.7238 -0.6693
vn -0.2115 -0.4925 -0.8443
vn -0.1761 0.6891 -0.7029
vn -0.2054 -0.5345 -0.8198
vn -0.1841 0.6527 -0.7349
vn -0.1987 -0.5754 -0.7934
vn -0.1916 0.6148 -0.7651
vn -0.1916 -0.6148 -0.7651
vn -0.1987 0.5754 -0.7934
vn -0.1841 -0.6527 -0.7349
vn -0.2054 0.5345 -0.8198
vn -0.1761 -0.6891 -0.7029
vn -0.2115 0.4925 -0.8443
vn -0.1677 -0.7238 -0.6693
vn -0.2171 0.4492 -0.8667
vn -0.1588 -0.7568 -0.6340
vn -0.2222 0.4048 -0.8870
vn -0.1496 -0.7880 -0.5972
vn -0.2267 0.3595 -0.9052
vn -0.1400 -0.8173 -0.5590
vn -0.2307 0.3133 -0.9212
vn -0.1301 -0.8446 -0.5194
vn -0.2342 0.2664 -0.9350
vn -0.0060 0.9997 -0.0238
vn -0.1199 -0.8698 -0.4786
vn -0.2371 0.2189 -0.9465
vn -0.0179 0.9973 -0.0714
vn -0.1094 -0.8930 -0.4366
vn -0.2394 0.1707 -0.9558
vn -0.0298 0.9925 -0.1189
vn -0.0986 -0.9140 -0.3935
vn -0.2412 0.1223 -0.9628
vn -0.0416 0.9852 -0.1660
vn -0.0875 -0.9328 -0.3495
vn -0.2423 0.0735 -0.9674
vn -0.0533 0.9756 -0.2128
vn -0.0763 -0.9494 -0.3046
vn -0.2429 0.0245 -0.9697
vn -0.0649 0.9637 -0.2590
vn -0.0649 -0.9637 -0.2590
vn -0.2429 -0.0245 -0.9697
vn -0.0763 0.9494 -0.3046
vn -0.0533 -0.9756 -0.2128
vn -0.2423 -0.0735 -0.9674
vn -0.0875 0.9328 -0.3495
vn -0.0416 -0.9852 -0.1660
vn -0.2412 -0.1223 -0.9628
vn -0.0986 0.9140 -0.3935
vn -0.0298 -0.9925 -0.1189
vn -0.2394 -0.1707 -0.9558
vn -0.1094 0.8930 -0.4366
vn -0.0179 -0.9973 -0.0714
vn -0.2371 -0.2189 -0.9465
vn -0.1199 0.8698 -0.4786
vn -0.0060 -0.9997 -0.0238
vn -0.1369 -0.3595 -0.9230
vn -0.0903 0.7880 -0.6090
vn -0.1342 -0.4048 -0.9045
vn -0.0959 0.7568 -0.6466
vn -0.1311 -0.4492 -0.8838
vn -0.1012 0.7238 -0.6825
vn -0.1277 -0.4925 -0.8609
vn -0.1063 0.6891 -0.7168
vn -0.1240 -0.5345 -0.8360
vn -0.1112 0.6527 -0.7494
vn -0.1200 -0.5754 -0.8091
vn -0.1157 0.6148 -0.7802
vn -0.1157 -0.6148 -0.7802
vn -0.1200 0.5754 -0.8091
vn -0.1112 -0.6527 -0.7494
vn -0.1240 0.5345 -0.8360
vn -0.1063 -0.6891 -0.7168
vn -0.1277 0.4925 -0.8609
vn -0.1012 -0.7238 -0.6825
vn -0.1311 0.4492 -0.8838
vn -0.0959 -0.7568 -0.6466
vn -0.1342 0.4048 -0.9045
vn -0.0903 -0.7880 -0.6090
vn -0.1369 0.3595 -0.9230
vn -0.0846 -0.8173 -0.5700
vn -0.1393 0.3133 -0.9394
vn -0.0786 -0.8446 -0.5297
vn -0.1414 0.2664 -0.9534
vn -0.0036 0.9997 -0.0243
vn -0.0724 -0.8698 -0.4880
vn -0.1432 0.2189 -0.9652
vn -0.0108 0.9973 -0.0729
vn -0.0660 -0.8930 -0.4452
vn -0.1446 0.1707 -0.9747
vn -0.0180 0.9925 -0.1212
vn -0.0595 -0.9140 -0.4013
vn -0.1456 0.1223 -0.9818
vn -0.0251 0.9852 -0.1693
vn -0.0529 -0.9328 -0.3564
vn -0.1463 0.0735 -0.9865
vn -0.0322 0.9756 -0.2170
vn -0.0461 -0.9494 -0.3106
vn -0.1467 0.0245 -0.9889
vn -0.0392 0.9637 -0.2641
vn -0.0392 -0.9637 -0.2641
vn -0.1467 -0.0245 -0.9889
vn -0.0461 0.9494 -0.3106
vn -0.0322 -0.9756 -0.2170
vn -0.1463 -0.0735 -0.9865
vn -0.0529 0.9328 -0.3564
vn -0.0251 -0.9852 -0.1693
vn -0.1456 -0.1223 -0.9818
vn -0.0595 0.9140 -0.4013
vn -0.0180 -0.9925 -0.1212
vn -0.1446 -0.1707 -0.9747
vn -0.0660 0.8930 -0.4452
vn -0.0108 -0.9973 -0.0729
vn -0.1432 -0.2189 -0.9652
vn -0.0724 0.8698 -0.4880
vn -0.0036 -0.9997 -0.0243
vn -0.1414 -0.2664 -0.9534
vn -0.0786 0.8446 -0.5297
vn -0.1393 -0.3133 -0.9394
vn -0.0846 0.8173 -0.5700
vn -0.0438 -0.4492 -0.8924
vn -0.0339 0.7238 -0.6891
vn -0.0427 -0.4924 -0.8693
vn -0.0356 0.6891 -0.7238
vn -0.0415 -0.5345 -0.8441
vn -0.0372 0.6527 -0.7567
vn -0.0401 -0.5754 -0.8169
vn -0.0387 0.6148 -0.7878
vn -0.0387 -0.6148 -0.7878
vn -0.0401 0.5754 -0.8169
vn -0.0372 -0.6527 -0.7567
vn -0.0415 0.5345 -0.8441
vn -0.0356 -0.6891 -0.7238
vn -0.0427 0.4924 -0.8693
vn -0.0339 -0.7238 -0.6891
vn -0.0438 0.4492 -0.8924
vn -0.0321 -0.7568 -0.6528
vn -0.0449 0.4048 -0.9133
vn -0.0302 -0.7880 -0.6149
vn -0.0458 0.3595 -0.9320
vn -0.0283 -0.8173 -0.5756
vn -0.0466 0.3133 -0.9485
vn -0.0263 -0.8446 -0.5348
vn -0.0473 0.2664 -0.9627
vn -0.0012 0.9997 -0.0245
vn -0.0242 -0.8698 -0.4928
vn -0.0479 0.2189 -0.9746
vn -0.0036 0.9973 -0.0736
vn -0.0221 -0.8930 -0.4495
vn -0.0484 0.1707 -0.9841
vn -0.0060 0.9925 -0.1224
vn -0.0199 -0.9140 -0.4052
vn -0.0487 0.1223 -0.9913
vn -0.0084 0.9852 -0.1710
vn -0.0177 -0.9328 -0.3598
vn -0.0489 0.0735 -0.9961
vn -0.0108 0.9756 -0.2191
vn -0.0154 -0.9494 -0.3136
vn -0.0491 0.0245 -0.9985
vn -0.0131 0.9637 -0.2667
vn -0.0131 -0.9637 -0.2667
vn -0.0491 -0.0245 -0.9985
vn -0.0154 0.9494 -0.3136
vn -0.0108 -0.9756 -0.2191
vn -0.0489 -0.0735 -0.9961
vn -0.0177 0.9328 -0.3598
vn -0.0084 -0.9852 -0.1710
vn -0.0487 -0.1223 -0.9913
vn -0.0199 0.9140 -0.4052
vn -0.0060 -0.9925 -0.1224
vn -0.0484 -0.1707 -0.9841
vn -0.0221 0.8930 -0.4495
vn -0.0036 -0.9973 -0.0736
vn -0.0479 -0.2189 -0.9746
vn -0.0242 0.8698 -0.4928
vn -0.0012 -0.9997 -0.0245
vn -0.0473 -0.2664 -0.9627
vn -0.0263 0.8446 -0.5348
vn -0.0466 -0.3133 -0.9485
vn -0.0283 0.8173 -0.5756
vn -0.0458 -0.3595 -0.9320
vn -0.0302 0.7880 -0.6149
vn -0.0449 -0.4048 -0.9133
vn -0.0321 0.7568 -0.6528
vt 0.750000 0.046875
vt 0.750000 0.062500
vt 0.734375 0.062500
vt 0.734375 0.046875
vt 0.750000 0.453125
vt 0.750000 0.468750
vt 0.734375 0.468750
vt 0.734375 0.453125
vt 0.750000 0.859375
vt 0.750000 0.875000
vt 0.734375 0.875000
vt 0.734375 0.859375
vt 0.750000 0.031250
vt 0.734375 0.031250
vt 0.750000 0.437500
vt 0.734375 0.437500
vt 0.750000 0.843750
vt 0.734375 0.843750
vt 0.750000 0.015625
vt 0.734375 0.015625
vt 0.750000 0.421875
vt 0.734375 0.421875
vt 0.750000 0.828125
vt 0.734375 0.828125
vt 0.742188 0.000000
vt 0.750000 0.406250
vt 0.734375 0.406250
vt 0.750000 0.812500
vt 0.734375 0.812500
vt 0.750000 0.390625
vt 0.734375 0.390625
vt 0.750000 0.796875
vt 0.734375 0.796875
vt 0.750000 0.375000
vt 0.734375 0.375000
vt 0.750000 0.781250
vt 0.734375 0.781250
vt 0.750000 0.359375
vt 0.734375 0.359375
vt 0.750000 0.765625
vt 0.734375 0.765625
vt 0.750000 0.343750
vt 0.734375 0.343750
vt 0.750000 0.750000
vt 0.734375 0.750000
vt 0.750000 0.328125
vt 0.734375 0.328125
vt 0.750000 0.734375
vt 0.734375 0.734375
vt 0.750000 0.312500
vt 0.734375 0.312500
vt 0.750000 0.718750
vt 0.734375 0.718750
vt 0.750000 0.296875
vt 0.734375 0.296875
vt 0.750000 0.703125
vt 0.734375 0.703125
vt 0.750000 0.281250
vt 0.734375 0.281250
vt 0.750000 0.687500
vt 0.734375 0.687500
vt 0.750000 0.265625
vt 0.734375 0.265625
vt 0.750000 0.671875
vt 0.734375 0.671875
vt 0.750000 0.250000
vt 0.734375 0.250000
vt 0.750000 0.656250
vt 0.734375 0.656250
vt 0.750000 0.234375
vt 0.734375 0.234375
vt 0.750000 0.640625
vt 0.734375 0.640625
vt 0.750000 0.218750
vt 0.734375 0.218750
vt 0.750000 0.625000
vt 0.734375 0.625000
vt 0.750000 0.203125
vt 0.734375 0.203125
vt 0.750000 0.609375
vt 0.734375 0.609375
vt 0.750000 0.187500
vt 0.734375 0.187500
vt 0.750000 0.593750
vt 0.734375 0.593750
vt 0.750000 0.171875
vt 0.734375 0.171875
vt 0.750000 0.578125
vt 0.734375 0.578125
vt 0.750000 0.984375
vt 0.742188 1.000000
vt 0.734375 0.984375
vt 0.750000 0.156250
vt 0.734375 0.156250
vt 0.750000 0.562500
vt 0.734375 0.562500
vt 0.750000 0.968750
vt 0.734375 0.968750
vt 0.750000 0.140625
vt 0.734375 0.140625
vt 0.750000 0.546875
vt 0.734375 0.546875
vt 0.750000 0.953125
vt 0.734375 0.953125
vt 0.750000 0.125000
vt 0.734375 0.125000
vt 0.750000 0.531250
vt 0.734375 0.531250
vt 0.750000 0.937500
vt 0.734375 0.937500
vt 0.750000 0.109375
vt 0.734375 0.109375
vt 0.750000 0.515625
vt 0.734375 0.515625
vt 0.750000 0.921875
vt 0.734375 0.921875
vt 0.750000 0.093750
vt 0.734375 0.093750
vt 0.750000 0.500000
vt 0.734375 0.500000
vt 0.750000 0.906250
vt 0.734375 0.906250
vt 0.750000 0.078125
vt 0.734375 0.078125
vt 0.750000 0.484375
vt 0.734375 0.484375
vt 0.750000 0.890625
vt 0.734375 0.890625
vt 0.718750 0.234375
vt 0.718750 0.218750
vt 0.718750 0.640625
vt 0.718750 0.625000
vt 0.718750 0.203125
vt 0.718750 0.609375
vt 0.718750 0.187500
vt 0.718750 0.593750
vt 0.718750 0.171875
vt 0.718750 0.578125
vt 0.726562 1.000000
vt 0.718750 0.984375
vt 0.718750 0.156250
vt 0.718750 0.562500
vt 0.718750 0.968750
vt 0.718750 0.140625
vt 0.718750 0.546875
vt 0.718750 0.953125
vt 0.718750 0.125000
vt 0.718750 0.531250
vt 0.718750 0.937500
vt 0.718750 0.109375
vt 0.718750 0.515625
vt 0.718750 0.921875
vt 0.718750 0.093750
vt 0.718750 0.500000
vt 0.718750 0.906250
vt 0.718750 0.078125
vt 0.718750 0.484375
vt 0.718750 0.890625
vt 0.718750 0.062500
vt 0.718750 0.468750
vt 0.718750 0.875000
vt 0.718750 0.046875
vt 0.718750 0.453125
vt 0.718750 0.859375
vt 0.718750 0.031250
vt 0.718750 0.437500
vt 0.718750 0.843750
vt 0.718750 0.015625
vt 0.718750 0.421875
vt 0.718750 0.828125
vt 0.726562 0.000000
vt 0.718750 0.406250
vt 0.718750 0.812500
vt 0.718750 0.390625
vt 0.718750 0.796875
vt 0.718750 0.375000
vt 0.718750 0.781250
vt 0.718750 0.359375
vt 0.718750 0.765625
vt 0.718750 0.343750
vt 0.718750 0.750000
vt 0.718750 0.328125
vt 0.718750 0.734375
vt 0.718750 0.312500
vt 0.718750 0.718750
vt 0.718750 0.296875
vt 0.718750 0.703125
vt 0.718750 0.281250
vt 0.718750 0.687500
vt 0.718750 0.265625
vt 0.718750 0.671875
vt 0.718750 0.250000
vt 0.718750 0.656250
vt 0.703125 0.203125
vt 0.703125 0.187500
vt 0.703125 0.609375
vt 0.703125 0.593750
vt 0.703125 0.171875
vt 0.703125 0.578125
vt 0.710938 1.000000
vt 0.703125 0.984375
vt 0.703125 0.156250
vt 0.703125 0.562500
vt 0.703125 0.968750
vt 0.703125 0.140625
vt 0.703125 0.546875
vt 0.703125 0.953125
vt 0.703125 0.125000
vt 0.703125 0.531250
vt 0.703125 0.937500
vt 0.703125 0.109375
vt 0.703125 0.515625
vt 0.703125 0.921875
vt 0.703125 0.093750
vt 0.703125 0.500000
vt 0.703125 0.906250
vt 0.703125 0.078125
vt 0.703125 0.484375
vt 0.703125 0.890625
vt 0.703125 0.062500
vt 0.703125 0.468750
vt 0.703125 0.875000
vt 0.703125 0.046875
vt 0.703125 0.453125
vt 0.703125 0.859375
vt 0.703125 0.031250
vt 0.703125 0.437500
vt 0.703125 0.843750
vt 0.703125 0.015625
vt 0.703125 0.421875
vt 0.703125 0.828125
vt 0.710938 0.000000
vt 0.703125 0.406250
vt 0.703125 0.812500
vt 0.703125 0.390625
vt 0.703125 0.796875
vt 0.703125 0.375000
vt 0.703125 0.781250
vt 0.703125 0.359375
vt 0.703125 0.765625
vt 0.703125 0.343750
vt 0.703125 0.750000
vt 0.703125 0.328125
vt 0.703125 0.734375
vt 0.703125 0.312500
vt 0.703125 0.718750
vt 0.703125 0.296875
vt 0.703125 0.703125
vt 0.703125 0.281250
vt 0.703125 0.687500
vt 0.703125 0.265625
vt 0.703125 0.671875
vt 0.703125 0.250000
vt 0.703125 0.656250
vt 0.703125 0.234375
vt 0.703125 0.640625
vt 0.703125 0.218750
vt 0.703125 0.625000
vt 0.695312 1.000000
vt 0.687500 0.984375
vt 0.687500 0.171875
vt 0.687500 0.156250
vt 0.687500 0.578125
vt 0.687500 0.562500
vt 0.687500 0.968750
vt 0.687500 0.140625
vt 0.687500 0.546875
vt 0.687500 0.953125
vt 0.687500 0.125000
vt 0.687500 0.531250
vt 0.687500 0.937500
vt 0.687500 0.109375
vt 0.687500 0.515625
vt 0.687500 0.921875
vt 0.687500 0.093750
vt 0.687500 0.500000
vt 0.687500 0.906250
vt 0.687500 0.078125
vt 0.687500 0.484375
vt 0.687500 0.890625
vt 0.687500 0.062500
vt 0.687500 0.468750
vt 0.687500 0.875000
vt 0.687500 0.046875
vt 0.687500 0.453125
vt 0.687500 0.859375
vt 0.687500 0.031250
vt 0.687500 0.437500
vt 0.687500 0.843750
vt 0.687500 0.015625
vt 0.687500 0.421875
vt 0.687500 0.828125
vt 0.695312 0.000000
vt 0.687500 0.406250
vt 0.687500 0.812500
vt 0.687500 0.390625
vt 0.687500 0.796875
vt 0.687500 0.375000
vt 0.687500 0.781250
vt 0.687500 0.359375
vt 0.687500 0.765625
vt 0.687500 0.343750
vt 0.687500 0.750000
vt 0.687500 0.328125
vt 0.687500 0.734375
vt 0.687500 0.312500
vt 0.687500 0.718750
vt 0.687500 0.296875
vt 0.687500 0.703125
vt 0.687500 0.281250
vt 0.687500 0.687500
vt 0.687500 0.265625
vt 0.687500 0.671875
vt 0.687500 0.250000
vt 0.687500 0.656250
vt 0.687500 0.234375
vt 0.687500 0.640625
vt 0.687500 0.218750
vt 0.687500 0.625000
vt 0.687500 0.203125
vt 0.687500 0.609375
vt 0.687500 0.187500
vt 0.687500 0.593750
vt 0.671875 0.968750
vt 0.671875 0.953125
vt 0.671875 0.140625
vt 0.671875 0.125000
vt 0.671875 0.546875
vt 0.671875 0.531250
vt 0.671875 0.937500
vt 0.671875 0.109375
vt 0.671875 0.515625
vt 0.671875 0.921875
vt 0.671875 0.093750
vt 0.671875 0.500000
vt 0.671875 0.906250
vt 0.671875 0.078125
vt 0.671875 0.484375
vt 0.671875 0.890625
vt 0.671875 0.062500
vt 0.671875 0.468750
vt 0.671875 0.875000
vt 0.671875 0.046875
vt 0.671875 0.453125
vt 0.671875 0.859375
vt 0.671875 0.031250
vt 0.671875 0.437500
vt 0.671875 0.843750
vt 0.671875 0.015625
vt 0.671875 0.421875
vt 0.671875 0.828125
vt 0.679688 0.000000
vt 0.671875 0.406250
vt 0.671875 0.812500
vt 0.671875 0.390625
vt 0.671875 0.796875
vt 0.671875 0.375000
vt 0.671875 0.781250
vt 0.671875 0.359375
vt 0.671875 0.765625
vt 0.671875 0.343750
vt 0.671875 0.750000
vt 0.671875 0.328125
vt 0.671875 0.734375
vt 0.671875 0.312500
vt 0.671875 0.718750
vt 0.671875 0.296875
vt 0.671875 0.703125
vt 0.671875 0.281250
vt 0.671875 0.687500
vt 0.671875 0.265625
vt 0.671875 0.671875
vt 0.671875 0.250000
vt 0.671875 0.656250
vt 0.671875 0.234375
vt 0.671875 0.640625
vt 0.671875 0.218750
vt 0.671875 0.625000
vt 0.671875 0.203125
vt 0.671875 0.609375
vt 0.671875 0.187500
vt 0.671875 0.593750
vt 0.671875 0.171875
vt 0.671875 0.578125
vt 0.679688 1.000000
vt 0.671875 0.984375
vt 0.671875 0.156250
vt 0.671875 0.562500
vt 0.656250 0.937500
vt 0.656250 0.921875
vt 0.656250 0.109375
vt 0.656250 0.093750
vt 0.656250 0.515625
vt 0.656250 0.500000
vt 0.656250 0.906250
vt 0.656250 0.078125
vt 0.656250 0.484375
vt 0.656250 0.890625
vt 0.656250 0.062500
vt 0.656250 0.468750
vt 0.656250 0.875000
vt 0.656250 0.046875
vt 0.656250 0.453125
vt 0.656250 0.859375
vt 0.656250 0.031250
vt 0.656250 0.437500
vt 0.656250 0.843750
vt 0.656250 0.015625
vt 0.656250 0.421875
vt 0.656250 0.828125
vt 0.664062 0.000000
vt 0.656250 0.406250
vt 0.656250 0.812500
vt 0.656250 0.390625
vt 0.656250 0.796875
vt 0.656250 0.375000
vt 0.656250 0.781250
vt 0.656250 0.359375
vt 0.656250 0.765625
vt 0.656250 0.343750
vt 0.656250 0.750000
vt 0.656250 0.328125
vt 0.656250 0.734375
vt 0.656250 0.312500
vt 0.656250 0.718750
vt 0.656250 0.296875
vt 0.656250 0.703125
vt 0.656250 0.281250
vt 0.656250 0.687500
vt 0.656250 0.265625
vt 0.656250 0.671875
vt 0.656250 0.250000
vt 0.656250 0.656250
vt 0.656250 0.234375
vt 0.656250 0.640625
vt 0.656250 0.218750
vt 0.656250 0.625000
vt 0.656250 0.203125
vt 0.656250 0.609375
vt 0.656250 0.187500
vt 0.656250 0.593750
vt 0.656250 0.171875
vt 0.656250 0.578125
vt 0.664062 1.000000
vt 0.656250 0.984375
vt 0.656250 0.156250
vt 0.656250 0.562500
vt 0.656250 0.968750
vt 0.656250 0.140625
vt 0.656250 0.546875
vt 0.656250 0.953125
vt 0.656250 0.125000
vt 0.656250 0.531250
vt 0.640625 0.906250
vt 0.640625 0.890625
vt 0.640625 0.078125
vt 0.640625 0.062500
vt 0.640625 0.484375
vt 0.640625 0.468750
vt 0.640625 0.875000
vt 0.640625 0.046875
vt 0.640625 0.453125
vt 0.640625 0.859375
vt 0.640625 0.031250
vt 0.640625 0.437500
vt 0.640625 0.843750
vt 0.640625 0.015625
vt 0.640625 0.421875
vt 0.640625 0.828125
vt 0.648438 0.000000
vt 0.640625 0.406250
vt 0.640625 0.812500
vt 0.640625 0.390625
vt 0.640625 0.796875
vt 0.640625 0.375000
vt 0.640625 0.781250
vt 0.640625 0.359375
vt 0.640625 0.765625
vt 0.640625 0.343750
vt 0.640625 0.750000
vt 0.640625 0.328125
vt 0.640625 0.734375
vt 0.640625 0.312500
vt 0.640625 0.718750
vt 0.640625 0.296875
vt 0.640625 0.703125
vt 0.640625 0.281250
vt 0.640625 0.687500
vt 0.640625 0.265625
vt 0.640625 0.671875
vt 0.640625 0.250000
vt 0.640625 0.656250
vt 0.640625 0.234375
vt 0.640625 0.640625
vt 0.640625 0.218750
vt 0.640625 0.625000
vt 0.640625 0.203125
vt 0.640625 0.609375
vt 0.640625 0.187500
vt 0.640625 0.593750
vt 0.640625 0.171875
vt 0.640625 0.578125
vt 0.648438 1.000000
vt 0.640625 0.984375
vt 0.640625 0.156250
vt 0.640625 0.562500
vt 0.640625 0.968750
vt 0.640625 0.140625
vt 0.640625 0.546875
vt 0.640625 0.953125
vt 0.640625 0.125000
vt 0.640625 0.531250
vt 0.640625 0.937500
vt 0.640625 0.109375
vt 0.640625 0.515625
vt 0.640625 0.921875
vt 0.640625 0.093750
vt 0.640625 0.500000
vt 0.625000 0.875000
vt 0.625000 0.859375
vt 0.625000 0.046875
vt 0.625000 0.031250
vt 0.625000 0.453125
vt 0.625000 0.437500
vt 0.625000 0.843750
vt 0.625000 0.015625
vt 0.625000 0.421875
vt 0.625000 0.828125
vt 0.632812 0.000000
vt 0.625000 0.406250
vt 0.625000 0.812500
vt 0.625000 0.390625
vt 0.625000 0.796875
vt 0.625000 0.375000
vt 0.625000 0.781250
vt 0.625000 0.359375
vt 0.625000 0.765625
vt 0.625000 0.343750
vt 0.625000 0.750000
vt 0.625000 0.328125
vt 0.625000 0.734375
vt 0.625000 0.312500
vt 0.625000 0.718750
vt 0.625000 0.296875
vt 0.625000 0.703125
vt 0.625000 0.281250
vt 0.625000 0.687500
vt 0.625000 0.265625
vt 0.625000 0.671875
vt 0.625000 0.250000
vt 0.625000 0.656250
vt 0.625000 0.234375
vt 0.625000 0.640625
vt 0.625000 0.218750
vt 0.625000 0.625000
vt 0.625000 0.203125
vt 0.625000 0.609375
vt 0.625000 0.187500
vt 0.625000 0.593750
vt 0.625000 0.171875
vt 0.625000 0.578125
vt 0.632812 1.000000
vt 0.625000 0.984375
vt 0.625000 0.156250
vt 0.625000 0.562500
vt 0.625000 0.968750
vt 0.625000 0.140625
vt 0.625000 0.546875
vt 0.625000 0.953125
vt 0.625000 0.125000
vt 0.625000 0.531250
vt 0.625000 0.937500
vt 0.625000 0.109375
vt 0.625000 0.515625
vt 0.625000 0.921875
vt 0.625000 0.093750
vt 0.625000 0.500000
vt 0.625000 0.906250
vt 0.625000 0.078125
vt 0.625000 0.484375
vt 0.625000 0.890625
vt 0.625000 0.062500
vt 0.625000 0.468750
vt 0.609375 0.843750
vt 0.609375 0.828125
vt 0.617188 0.000000
vt 0.609375 0.015625
vt 0.609375 0.421875
vt 0.609375 0.406250
vt 0.609375 0.812500
vt 0.609375 0.390625
vt 0.609375 0.796875
vt 0.609375 0.375000
vt 0.609375 0.781250
vt 0.609375 0.359375
vt 0.609375 0.765625
vt 0.609375 0.343750
vt 0.609375 0.750000
vt 0.609375 0.328125
vt 0.609375 0.734375
vt 0.609375 0.312500
vt 0.609375 0.718750
vt 0.609375 0.296875
vt 0.609375 0.703125
vt 0.609375 0.281250
vt 0.609375 0.687500
vt 0.609375 0.265625
vt 0.609375 0.671875
vt 0.609375 0.250000
vt 0.609375 0.656250
vt 0.609375 0.234375
vt 0.609375 0.640625
vt 0.609375 0.218750
vt 0.609375 0.625000
vt 0.609375 0.203125
vt 0.609375 0.609375
vt 0.609375 0.187500
vt 0.609375 0.593750
vt 0.609375 0.171875
vt 0.609375 0.578125
vt 0.617188 1.000000
vt 0.609375 0.984375
vt 0.609375 0.156250
vt 0.609375 0.562500
vt 0.609375 0.968750
vt 0.609375 0.140625
vt 0.609375 0.546875
vt 0.609375 0.953125
vt 0.609375 0.125000
vt 0.609375 0.531250
vt 0.609375 0.937500
vt 0.609375 0.109375
vt 0.609375 0.515625
vt 0.609375 0.921875
vt 0.609375 0.093750
vt 0.609375 0.500000
vt 0.609375 0.906250
vt 0.609375 0.078125
vt 0.609375 0.484375
vt 0.609375 0.890625
vt 0.609375 0.062500
vt 0.609375 0.468750
vt 0.609375 0.875000
vt 0.609375 0.046875
vt 0.609375 0.453125
vt 0.609375 0.859375
vt 0.609375 0.031250
vt 0.609375 0.437500
vt 0.593750 0.812500
vt 0.593750 0.796875
vt 0.593750 0.390625
vt 0.593750 0.375000
vt 0.593750 0.781250
vt 0.593750 0.359375
vt 0.593750 0.765625
vt 0.593750 0.343750
vt 0.593750 0.750000
vt 0.593750 0.328125
vt 0.593750 0.734375
vt 0.593750 0.312500
vt 0.593750 0.718750
vt 0.593750 0.296875
vt 0.593750 0.703125
vt 0.593750 0.281250
vt 0.593750 0.687500
vt 0.593750 0.265625
vt 0.593750 0.671875
vt 0.593750 0.250000
vt 0.593750 0.656250
vt 0.593750 0.234375
vt 0.593750 0.640625
vt 0.593750 0.218750
vt 0.593750 0.625000
vt 0.593750 0.203125
vt 0.593750 0.609375
vt 0.593750 0.187500
vt 0.593750 0.593750
vt 0.593750 0.171875
vt 0.593750 0.578125
vt 0.601562 1.000000
vt 0.593750 0.984375
vt 0.593750 0.156250
vt 0.593750 0.562500
vt 0.593750 0.968750
vt 0.593750 0.140625
vt 0.593750 0.546875
vt 0.593750 0.953125
vt 0.593750 0.125000
vt 0.593750 0.531250
vt 0.593750 0.937500
vt 0.593750 0.109375
vt 0.593750 0.515625
vt 0.593750 0.921875
vt 0.593750 0.093750
vt 0.593750 0.500000
vt 0.593750 0.906250
vt 0.593750 0.078125
vt 0.593750 0.484375
vt 0.593750 0.890625
vt 0.593750 0.062500
vt 0.593750 0.468750
vt 0.593750 0.875000
vt 0.593750 0.046875
vt 0.593750 0.453125
vt 0.593750 0.859375
vt 0.593750 0.031250
vt 0.593750 0.437500
vt 0.593750 0.843750
vt 0.593750 0.015625
vt 0.593750 0.421875
vt 0.593750 0.828125
vt 0.601562 0.000000
vt 0.593750 0.406250
vt 0.578125 0.781250
vt 0.578125 0.765625
vt 0.578125 0.359375
vt 0.578125 0.343750
vt 0.578125 0.750000
vt 0.578125 0.328125
vt 0.578125 0.734375
vt 0.578125 0.312500
vt 0.578125 0.718750
vt 0.578125 0.296875
vt 0.578125 0.703125
vt 0.578125 0.281250
vt 0.578125 0.687500
vt 0.578125 0.265625
vt 0.578125 0.671875
vt 0.578125 0.250000
vt 0.578125 0.656250
vt 0.578125 0.234375
vt 0.578125 0.640625
vt 0.578125 0.218750
vt 0.578125 0.625000
vt 0.578125 0.203125
vt 0.578125 0.609375
vt 0.578125 0.187500
vt 0.578125 0.593750
vt 0.578125 0.171875
vt 0.578125 0.578125
vt 0.585938 1.000000
vt 0.578125 0.984375
vt 0.578125 0.156250
vt 0.578125 0.562500
vt 0.578125 0.968750
vt 0.578125 0.140625
vt 0.578125 0.546875
vt 0.578125 0.953125
vt 0.578125 0.125000
vt 0.578125 0.531250
vt 0.578125 0.937500
vt 0.578125 0.109375
vt 0.578125 0.515625
vt 0.578125 0.921875
vt 0.578125 0.093750
vt 0.578125 0.500000
vt 0.578125 0.906250
vt 0.578125 0.078125
vt 0.578125 0.484375
vt 0.578125 0.890625
vt 0.578125 0.062500
vt 0.578125 0.468750
vt 0.578125 0.875000
vt 0.578125 0.046875
vt 0.578125 0.453125
vt 0.578125 0.859375
vt 0.578125 0.031250
vt 0.578125 0.437500
vt 0.578125 0.843750
vt 0.578125 0.015625
vt 0.578125 0.421875
vt 0.578125 0.828125
vt 0.585938 0.000000
vt 0.578125 0.406250
vt 0.578125 0.812500
vt 0.578125 0.390625
vt 0.578125 0.796875
vt 0.578125 0.375000
vt 0.562500 0.750000
vt 0.562500 0.734375
vt 0.562500 0.328125
vt 0.562500 0.312500
vt 0.562500 0.718750
vt 0.562500 0.296875
vt 0.562500 0.703125
vt 0.562500 0.281250
vt 0.562500 0.687500
vt 0.562500 0.265625
vt 0.562500 0.671875
vt 0.562500 0.250000
vt 0.562500 0.656250
vt 0.562500 0.234375
vt 0.562500 0.640625
vt 0.562500 0.218750
vt 0.562500 0.625000
vt 0.562500 0.203125
vt 0.562500 0.609375
vt 0.562500 0.187500
vt 0.562500 0.593750
vt 0.562500 0.171875
vt 0.562500 0.578125
vt 0.570312 1.000000
vt 0.562500 0.984375
vt 0.562500 0.156250
vt 0.562500 0.562500
vt 0.562500 0.968750
vt 0.562500 0.140625
vt 0.562500 0.546875
vt 0.562500 0.953125
vt 0.562500 0.125000
vt 0.562500 0.531250
vt 0.562500 0.937500
vt 0.562500 0.109375
vt 0.562500 0.515625
vt 0.562500 0.921875
vt 0.562500 0.093750
vt 0.562500 0.500000
vt 0.562500 0.906250
vt 0.562500 0.078125
vt 0.562500 0.484375
vt 0.562500 0.890625
vt 0.562500 0.062500
vt 0.562500 0.468750
vt 0.562500 0.875000
vt 0.562500 0.046875
vt 0.562500 0.453125
vt 0.562500 0.859375
vt 0.562500 0.031250
vt 0.562500 0.437500
vt 0.562500 0.843750
vt 0.562500 0.015625
vt 0.562500 0.421875
vt 0.562500 0.828125
vt 0.570312 0.000000
vt 0.562500 0.406250
vt 0.562500 0.812500
vt 0.562500 0.390625
vt 0.562500 0.796875
vt 0.562500 0.375000
vt 0.562500 0.781250
vt 0.562500 0.359375
vt 0.562500 0.765625
vt 0.562500 0.343750
vt 0.546875 0.718750
vt 0.546875 0.703125
vt 0.546875 0.296875
vt 0.546875 0.281250
vt 0.546875 0.687500
vt 0.546875 0.265625
vt 0.546875 0.671875
vt 0.546875 0.250000
vt 0.546875 0.656250
vt 0.546875 0.234375
vt 0.546875 0.640625
vt 0.546875 0.218750
vt 0.546875 0.625000
vt 0.546875 0.203125
vt 0.546875 0.609375
vt 0.546875 0.187500
vt 0.546875 0.593750
vt 0.546875 0.171875
vt 0.546875 0.578125
vt 0.554688 1.000000
vt 0.546875 0.984375
vt 0.546875 0.156250
vt 0.546875 0.562500
vt 0.546875 0.968750
vt 0.546875 0.140625
vt 0.546875 0.546875
vt 0.546875 0.953125
vt 0.546875 0.125000
vt 0.546875 0.531250
vt 0.546875 0.937500
vt 0.546875 0.109375
vt 0.546875 0.515625
vt 0.546875 0.921875
vt 0.546875 0.093750
vt 0.546875 0.500000
vt 0.546875 0.906250
vt 0.546875 0.078125
vt 0.546875 0.484375
vt 0.546875 0.890625
vt 0.546875 0.062500
vt 0.546875 0.468750
vt 0.546875 0.875000
vt 0.546875 0.046875
vt 0.546875 0.453125
vt 0.546875 0.859375
vt 0.546875 0.031250
vt 0.546875 0.437500
vt 0.546875 0.843750
vt 0.546875 0.015625
vt 0.546875 0.421875
vt 0.546875 0.828125
vt 0.554688 0.000000
vt 0.546875 0.406250
vt 0.546875 0.812500
vt 0.546875 0.390625
vt 0.546875 0.796875
vt 0.546875 0.375000
vt 0.546875 0.781250
vt 0.546875 0.359375
vt 0.546875 0.765625
vt 0.546875 0.343750
vt 0.546875 0.750000
vt 0.546875 0.328125
vt 0.546875 0.734375
vt 0.546875 0.312500
vt 0.531250 0.687500
vt 0.531250 0.671875
vt 0.531250 0.281250
vt 0.531250 0.265625
vt 0.531250 0.656250
vt 0.531250 0.250000
vt 0.531250 0.640625
vt 0.531250 0.234375
vt 0.531250 0.625000
vt 0.531250 0.218750
vt 0.531250 0.609375
vt 0.531250 0.203125
vt 0.531250 0.593750
vt 0.531250 0.187500
vt 0.531250 0.171875
vt 0.539062 1.000000
vt 0.531250 0.984375
vt 0.531250 0.578125
vt 0.531250 0.156250
vt 0.531250 0.968750
vt 0.531250 0.562500
vt 0.531250 0.140625
vt 0.531250 0.953125
vt 0.531250 0.546875
vt 0.531250 0.125000
vt 0.531250 0.937500
vt 0.531250 0.531250
vt 0.531250 0.109375
vt 0.531250 0.921875
vt 0.531250 0.515625
vt 0.531250 0.093750
vt 0.531250 0.906250
vt 0.531250 0.500000
vt 0.531250 0.078125
vt 0.531250 0.890625
vt 0.531250 0.484375
vt 0.531250 0.062500
vt 0.531250 0.875000
vt 0.531250 0.468750
vt 0.531250 0.046875
vt 0.531250 0.859375
vt 0.531250 0.453125
vt 0.531250 0.031250
vt 0.531250 0.843750
vt 0.531250 0.437500
vt 0.531250 0.015625
vt 0.531250 0.828125
vt 0.531250 0.421875
vt 0.539062 0.000000
vt 0.531250 0.812500
vt 0.531250 0.406250
vt 0.531250 0.796875
vt 0.531250 0.390625
vt 0.531250 0.781250
vt 0.531250 0.375000
vt 0.531250 0.765625
vt 0.531250 0.359375
vt 0.531250 0.750000
vt 0.531250 0.343750
vt 0.531250 0.734375
vt 0.531250 0.328125
vt 0.531250 0.718750
vt 0.531250 0.312500
vt 0.531250 0.703125
vt 0.531250 0.296875
vt 0.515625 0.250000
vt 0.515625 0.234375
vt 0.515625 0.656250
vt 0.515625 0.640625
vt 0.515625 0.218750
vt 0.515625 0.625000
vt 0.515625 0.203125
vt 0.515625 0.609375
vt 0.515625 0.187500
vt 0.515625 0.593750
vt 0.515625 0.171875
vt 0.515625 0.578125
vt 0.523438 1.000000
vt 0.515625 0.984375
vt 0.515625 0.156250
vt 0.515625 0.562500
vt 0.515625 0.968750
vt 0.515625 0.140625
vt 0.515625 0.546875
vt 0.515625 0.953125
vt 0.515625 0.125000
vt 0.515625 0.531250
vt 0.515625 0.937500
vt 0.515625 0.109375
vt 0.515625 0.515625
vt 0.515625 0.921875
vt 0.515625 0.093750
vt 0.515625 0.500000
vt 0.515625 0.906250
vt 0.515625 0.078125
vt 0.515625 0.484375
vt 0.515625 0.890625
vt 0.515625 0.062500
vt 0.515625 0.468750
vt 0.515625 0.875000
vt 0.515625 0.046875
vt 0.515625 0.453125
vt 0.515625 0.859375
vt 0.515625 0.031250
vt 0.515625 0.437500
vt 0.515625 0.843750
vt 0.515625 0.015625
vt 0.515625 0.421875
vt 0.515625 0.828125
vt 0.523438 0.000000
vt 0.515625 0.406250
vt 0.515625 0.812500
vt 0.515625 0.390625
vt 0.515625 0.796875
vt 0.515625 0.375000
vt 0.515625 0.781250
vt 0.515625 0.359375
vt 0.515625 0.765625
vt 0.515625 0.343750
vt 0.515625 0.750000
vt 0.515625 0.328125
vt 0.515625 0.734375
vt 0.515625 0.312500
vt 0.515625 0.718750
vt 0.515625 0.296875
vt 0.515625 0.703125
vt 0.515625 0.281250
vt 0.515625 0.687500
vt 0.515625 0.265625
vt 0.515625 0.671875
vt 0.500000 0.218750
vt 0.500000 0.203125
vt 0.500000 0.625000
vt 0.500000 0.609375
vt 0.500000 0.187500
vt 0.500000 0.593750
vt 0.500000 0.171875
vt 0.500000 0.578125
vt 0.507812 1.000000
vt 0.500000 0.984375
vt 0.500000 0.156250
vt 0.500000 0.562500
vt 0.500000 0.968750
vt 0.500000 0.140625
vt 0.500000 0.546875
vt 0.500000 0.953125
vt 0.500000 0.125000
vt 0.500000 0.531250
vt 0.500000 0.937500
vt 0.500000 0.109375
vt 0.500000 0.515625
vt 0.500000 0.921875
vt 0.500000 0.093750
vt 0.500000 0.500000
vt 0.500000 0.906250
vt 0.500000 0.078125
vt 0.500000 0.484375
vt 0.500000 0.890625
vt 0.500000 0.062500
vt 0.500000 0.468750
vt 0.500000 0.875000
vt 0.500000 0.046875
vt 0.500000 0.453125
vt 0.500000 0.859375
vt 0.500000 0.031250
vt 0.500000 0.437500
vt 0.500000 0.843750
vt 0.500000 0.015625
vt 0.500000 0.421875
vt 0.500000 0.828125
vt 0.507812 0.000000
vt 0.500000 0.406250
vt 0.500000 0.812500
vt 0.500000 0.390625
vt 0.500000 0.796875
vt 0.500000 0.375000
vt 0.500000 0.781250
vt 0.500000 0.359375
vt 0.500000 0.765625
vt 0.500000 0.343750
vt 0.500000 0.750000
vt 0.500000 0.328125
vt 0.500000 0.734375
vt 0.500000 0.312500
vt 0.500000 0.718750
vt 0.500000 0.296875
vt 0.500000 0.703125
vt 0.500000 0.281250
vt 0.500000 0.687500
vt 0.500000 0.265625
vt 0.500000 0.671875
vt 0.500000 0.250000
vt 0.500000 0.656250
vt 0.500000 0.234375
vt 0.500000 0.640625
vt 0.484375 0.187500
vt 0.484375 0.171875
vt 0.484375 0.593750
vt 0.484375 0.578125
vt 0.492188 1.000000
vt 0.484375 0.984375
vt 0.484375 0.156250
vt 0.484375 0.562500
vt 0.484375 0.968750
vt 0.484375 0.140625
vt 0.484375 0.546875
vt 0.484375 0.953125
vt 0.484375 0.125000
vt 0.484375 0.531250
vt 0.484375 0.937500
vt 0.484375 0.109375
vt 0.484375 0.515625
vt 0.484375 0.921875
vt 0.484375 0.093750
vt 0.484375 0.500000
vt 0.484375 0.906250
vt 0.484375 0.078125
vt 0.484375 0.484375
vt 0.484375 0.890625
vt 0.484375 0.062500
vt 0.484375 0.468750
vt 0.484375 0.875000
vt 0.484375 0.046875
vt 0.484375 0.453125
vt 0.484375 0.859375
vt 0.484375 0.031250
vt 0.484375 0.437500
vt 0.484375 0.843750
vt 0.484375 0.015625
vt 0.484375 0.421875
vt 0.484375 0.828125
vt 0.492188 0.000000
vt 0.484375 0.406250
vt 0.484375 0.812500
vt 0.484375 0.390625
vt 0.484375 0.796875
vt 0.484375 0.375000
vt 0.484375 0.781250
vt 0.484375 0.359375
vt 0.484375 0.765625
vt 0.484375 0.343750
vt 0.484375 0.750000
vt 0.484375 0.328125
vt 0.484375 0.734375
vt 0.484375 0.312500
vt 0.484375 0.718750
vt 0.484375 0.296875
vt 0.484375 0.703125
vt 0.484375 0.281250
vt 0.484375 0.687500
vt 0.484375 0.265625
vt 0.484375 0.671875
vt 0.484375 0.250000
vt 0.484375 0.656250
vt 0.484375 0.234375
vt 0.484375 0.640625
vt 0.484375 0.218750
vt 0.484375 0.625000
vt 0.484375 0.203125
vt 0.484375 0.609375
vt 0.468750 0.156250
vt 0.468750 0.140625
vt 0.468750 0.562500
vt 0.468750 0.546875
vt 0.468750 0.968750
vt 0.468750 0.953125
vt 0.468750 0.125000
vt 0.468750 0.531250
vt 0.468750 0.937500
vt 0.468750 0.109375
vt 0.468750 0.515625
vt 0.468750 0.921875
vt 0.468750 0.093750
vt 0.468750 0.500000
vt 0.468750 0.906250
vt 0.468750 0.078125
vt 0.468750 0.484375
vt 0.468750 0.890625
vt 0.468750 0.062500
vt 0.468750 0.468750
vt 0.468750 0.875000
vt 0.468750 0.046875
vt 0.468750 0.453125
vt 0.468750 0.859375
vt 0.468750 0.031250
vt 0.468750 0.437500
vt 0.468750 0.843750
vt 0.468750 0.015625
vt 0.468750 0.421875
vt 0.468750 0.828125
vt 0.476562 0.000000
vt 0.468750 0.406250
vt 0.468750 0.812500
vt 0.468750 0.390625
vt 0.468750 0.796875
vt 0.468750 0.375000
vt 0.468750 0.781250
vt 0.468750 0.359375
vt 0.468750 0.765625
vt 0.468750 0.343750
vt 0.468750 0.750000
vt 0.468750 0.328125
vt 0.468750 0.734375
vt 0.468750 0.312500
vt 0.468750 0.718750
vt 0.468750 0.296875
vt 0.468750 0.703125
vt 0.468750 0.281250
vt 0.468750 0.687500
vt 0.468750 0.265625
vt 0.468750 0.671875
vt 0.468750 0.250000
vt 0.468750 0.656250
vt 0.468750 0.234375
vt 0.468750 0.640625
vt 0.468750 0.218750
vt 0.468750 0.625000
vt 0.468750 0.203125
vt 0.468750 0.609375
vt 0.468750 0.187500
vt 0.468750 0.593750
vt 0.468750 0.171875
vt 0.468750 0.578125
vt 0.476562 1.000000
vt 0.468750 0.984375
vt 0.453125 0.125000
vt 0.453125 0.109375
vt 0.453125 0.531250
vt 0.453125 0.515625
vt 0.453125 0.937500
vt 0.453125 0.921875
vt 0.453125 0.093750
vt 0.453125 0.500000
vt 0.453125 0.906250
vt 0.453125 0.078125
vt 0.453125 0.484375
vt 0.453125 0.890625
vt 0.453125 0.062500
vt 0.453125 0.468750
vt 0.453125 0.875000
vt 0.453125 0.046875
vt 0.453125 0.453125
vt 0.453125 0.859375
vt 0.453125 0.031250
vt 0.453125 0.437500
vt 0.453125 0.843750
vt 0.453125 0.015625
vt 0.453125 0.421875
vt 0.453125 0.828125
vt 0.460938 0.000000
vt 0.453125 0.406250
vt 0.453125 0.812500
vt 0.453125 0.390625
vt 0.453125 0.796875
vt 0.453125 0.375000
vt 0.453125 0.781250
vt 0.453125 0.359375
vt 0.453125 0.765625
vt 0.453125 0.343750
vt 0.453125 0.750000
vt 0.453125 0.328125
vt 0.453125 0.734375
vt 0.453125 0.312500
vt 0.453125 0.718750
vt 0.453125 0.296875
vt 0.453125 0.703125
vt 0.453125 0.281250
vt 0.453125 0.687500
vt 0.453125 0.265625
vt 0.453125 0.671875
vt 0.453125 0.250000
vt 0.453125 0.656250
vt 0.453125 0.234375
vt 0.453125 0.640625
vt 0.453125 0.218750
vt 0.453125 0.625000
vt 0.453125 0.203125
vt 0.453125 0.609375
vt 0.453125 0.187500
vt 0.453125 0.593750
vt 0.453125 0.171875
vt 0.453125 0.578125
vt 0.460938 1.000000
vt 0.453125 0.984375
vt 0.453125 0.156250
vt 0.453125 0.562500
vt 0.453125 0.968750
vt 0.453125 0.140625
vt 0.453125 0.546875
vt 0.453125 0.953125
vt 0.437500 0.093750
vt 0.437500 0.078125
vt 0.437500 0.500000
vt 0.437500 0.484375
vt 0.437500 0.906250
vt 0.437500 0.890625
vt 0.437500 0.062500
vt 0.437500 0.468750
vt 0.437500 0.875000
vt 0.437500 0.046875
vt 0.437500 0.453125
vt 0.437500 0.859375
vt 0.437500 0.031250
vt 0.437500 0.437500
vt 0.437500 0.843750
vt 0.437500 0.015625
vt 0.437500 0.421875
vt 0.437500 0.828125
vt 0.445312 0.000000
vt 0.437500 0.406250
vt 0.437500 0.812500
vt 0.437500 0.390625
vt 0.437500 0.796875
vt 0.437500 0.375000
vt 0.437500 0.781250
vt 0.437500 0.359375
vt 0.437500 0.765625
vt 0.437500 0.343750
vt 0.437500 0.750000
vt 0.437500 0.328125
vt 0.437500 0.734375
vt 0.437500 0.312500
vt 0.437500 0.718750
vt 0.437500 0.296875
vt 0.437500 0.703125
vt 0.437500 0.281250
vt 0.437500 0.687500
vt 0.437500 0.265625
vt 0.437500 0.671875
vt 0.437500 0.250000
vt 0.437500 0.656250
vt 0.437500 0.234375
vt 0.437500 0.640625
vt 0.437500 0.218750
vt 0.437500 0.625000
vt 0.437500 0.203125
vt 0.437500 0.609375
vt 0.437500 0.187500
vt 0.437500 0.593750
vt 0.437500 0.171875
vt 0.437500 0.578125
vt 0.445312 1.000000
vt 0.437500 0.984375
vt 0.437500 0.156250
vt 0.437500 0.562500
vt 0.437500 0.968750
vt 0.437500 0.140625
vt 0.437500 0.546875
vt 0.437500 0.953125
vt 0.437500 0.125000
vt 0.437500 0.531250
vt 0.437500 0.937500
vt 0.437500 0.109375
vt 0.437500 0.515625
vt 0.437500 0.921875
vt 0.421875 0.062500
vt 0.421875 0.046875
vt 0.421875 0.468750
vt 0.421875 0.453125
vt 0.421875 0.875000
vt 0.421875 0.859375
vt 0.421875 0.031250
vt 0.421875 0.437500
vt 0.421875 0.843750
vt 0.421875 0.015625
vt 0.421875 0.421875
vt 0.421875 0.828125
vt 0.429688 0.000000
vt 0.421875 0.406250
vt 0.421875 0.812500
vt 0.421875 0.390625
vt 0.421875 0.796875
vt 0.421875 0.375000
vt 0.421875 0.781250
vt 0.421875 0.359375
vt 0.421875 0.765625
vt 0.421875 0.343750
vt 0.421875 0.750000
vt 0.421875 0.328125
vt 0.421875 0.734375
vt 0.421875 0.312500
vt 0.421875 0.718750
vt 0.421875 0.296875
vt 0.421875 0.703125
vt 0.421875 0.281250
vt 0.421875 0.687500
vt 0.421875 0.265625
vt 0.421875 0.671875
vt 0.421875 0.250000
vt 0.421875 0.656250
vt 0.421875 0.234375
vt 0.421875 0.640625
vt 0.421875 0.218750
vt 0.421875 0.625000
vt 0.421875 0.203125
vt 0.421875 0.609375
vt 0.421875 0.187500
vt 0.421875 0.593750
vt 0.421875 0.171875
vt 0.421875 0.578125
vt 0.429688 1.000000
vt 0.421875 0.984375
vt 0.421875 0.156250
vt 0.421875 0.562500
vt 0.421875 0.968750
vt 0.421875 0.140625
vt 0.421875 0.546875
vt 0.421875 0.953125
vt 0.421875 0.125000
vt 0.421875 0.531250
vt 0.421875 0.937500
vt 0.421875 0.109375
vt 0.421875 0.515625
vt 0.421875 0.921875
vt 0.421875 0.093750
vt 0.421875 0.500000
vt 0.421875 0.906250
vt 0.421875 0.078125
vt 0.421875 0.484375
vt 0.421875 0.890625
vt 0.406250 0.031250
vt 0.406250 0.015625
vt 0.406250 0.437500
vt 0.406250 0.421875
vt 0.406250 0.843750
vt 0.406250 0.828125
vt 0.414062 0.000000
vt 0.406250 0.406250
vt 0.406250 0.812500
vt 0.406250 0.390625
vt 0.406250 0.796875
vt 0.406250 0.375000
vt 0.406250 0.781250
vt 0.406250 0.359375
vt 0.406250 0.765625
vt 0.406250 0.343750
vt 0.406250 0.750000
vt 0.406250 0.328125
vt 0.406250 0.734375
vt 0.406250 0.312500
vt 0.406250 0.718750
vt 0.406250 0.296875
vt 0.406250 0.703125
vt 0.406250 0.281250
vt 0.406250 0.687500
vt 0.406250 0.265625
vt 0.406250 0.671875
vt 0.406250 0.250000
vt 0.406250 0.656250
vt 0.406250 0.234375
vt 0.406250 0.640625
vt 0.406250 0.218750
vt 0.406250 0.625000
vt 0.406250 0.203125
vt 0.406250 0.609375
vt 0.406250 0.187500
vt 0.406250 0.593750
vt 0.406250 0.171875
vt 0.406250 0.578125
vt 0.414062 1.000000
vt 0.406250 0.984375
vt 0.406250 0.156250
vt 0.406250 0.562500
vt 0.406250 0.968750
vt 0.406250 0.140625
vt 0.406250 0.546875
vt 0.406250 0.953125
vt 0.406250 0.125000
vt 0.406250 0.531250
vt 0.406250 0.937500
vt 0.406250 0.109375
vt 0.406250 0.515625
vt 0.406250 0.921875
vt 0.406250 0.093750
vt 0.406250 0.500000
vt 0.406250 0.906250
vt 0.406250 0.078125
vt 0.406250 0.484375
vt 0.406250 0.890625
vt 0.406250 0.062500
vt 0.406250 0.468750
vt 0.406250 0.875000
vt 0.406250 0.046875
vt 0.406250 0.453125
vt 0.406250 0.859375
vt 0.390625 0.406250
vt 0.390625 0.390625
vt 0.390625 0.812500
vt 0.390625 0.796875
vt 0.390625 0.375000
vt 0.390625 0.781250
vt 0.390625 0.359375
vt 0.390625 0.765625
vt 0.390625 0.343750
vt 0.390625 0.750000
vt 0.390625 0.328125
vt 0.390625 0.734375
vt 0.390625 0.312500
vt 0.390625 0.718750
vt 0.390625 0.296875
vt 0.390625 0.703125
vt 0.390625 0.281250
vt 0.390625 0.687500
vt 0.390625 0.265625
vt 0.390625 0.671875
vt 0.390625 0.250000
vt 0.390625 0.656250
vt 0.390625 0.234375
vt 0.390625 0.640625
vt 0.390625 0.218750
vt 0.390625 0.625000
vt 0.390625 0.203125
vt 0.390625 0.609375
vt 0.390625 0.187500
vt 0.390625 0.593750
vt 0.390625 0.171875
vt 0.390625 0.578125
vt 0.398437 1.000000
vt 0.390625 0.984375
vt 0.390625 0.156250
vt 0.390625 0.562500
vt 0.390625 0.968750
vt 0.390625 0.140625
vt 0.390625 0.546875
vt 0.390625 0.953125
vt 0.390625 0.125000
vt 0.390625 0.531250
vt 0.390625 0.937500
vt 0.390625 0.109375
vt 0.390625 0.515625
vt 0.390625 0.921875
vt 0.390625 0.093750
vt 0.390625 0.500000
vt 0.390625 0.906250
vt 0.390625 0.078125
vt 0.390625 0.484375
vt 0.390625 0.890625
vt 0.390625 0.062500
vt 0.390625 0.468750
vt 0.390625 0.875000
vt 0.390625 0.046875
vt 0.390625 0.453125
vt 0.390625 0.859375
vt 0.390625 0.031250
vt 0.390625 0.437500
vt 0.390625 0.843750
vt 0.390625 0.015625
vt 0.390625 0.421875
vt 0.390625 0.828125
vt 0.398437 0.000000
vt 0.375000 0.375000
vt 0.375000 0.359375
vt 0.375000 0.781250
vt 0.375000 0.765625
vt 0.375000 0.343750
vt 0.375000 0.750000
vt 0.375000 0.328125
vt 0.375000 0.734375
vt 0.375000 0.312500
vt 0.375000 0.718750
vt 0.375000 0.296875
vt 0.375000 0.703125
vt 0.375000 0.281250
vt 0.375000 0.687500
vt 0.375000 0.265625
vt 0.375000 0.671875
vt 0.375000 0.250000
vt 0.375000 0.656250
vt 0.375000 0.234375
vt 0.375000 0.640625
vt 0.375000 0.218750
vt 0.375000 0.625000
vt 0.375000 0.203125
vt 0.375000 0.609375
vt 0.375000 0.187500
vt 0.375000 0.593750
vt 0.375000 0.171875
vt 0.375000 0.578125
vt 0.382812 1.000000
vt 0.375000 0.984375
vt 0.375000 0.156250
vt 0.375000 0.562500
vt 0.375000 0.968750
vt 0.375000 0.140625
vt 0.375000 0.546875
vt 0.375000 0.953125
vt 0.375000 0.125000
vt 0.375000 0.531250
vt 0.375000 0.937500
vt 0.375000 0.109375
vt 0.375000 0.515625
vt 0.375000 0.921875
vt 0.375000 0.093750
vt 0.375000 0.500000
vt 0.375000 0.906250
vt 0.375000 0.078125
vt 0.375000 0.484375
vt 0.375000 0.890625
vt 0.375000 0.062500
vt 0.375000 0.468750
vt 0.375000 0.875000
vt 0.375000 0.046875
vt 0.375000 0.453125
vt 0.375000 0.859375
vt 0.375000 0.031250
vt 0.375000 0.437500
vt 0.375000 0.843750
vt 0.375000 0.015625
vt 0.375000 0.421875
vt 0.375000 0.828125
vt 0.382812 0.000000
vt 0.375000 0.406250
vt 0.375000 0.812500
vt 0.375000 0.390625
vt 0.375000 0.796875
vt 0.359375 0.343750
vt 0.359375 0.328125
vt 0.359375 0.750000
vt 0.359375 0.734375
vt 0.359375 0.312500
vt 0.359375 0.718750
vt 0.359375 0.296875
vt 0.359375 0.703125
vt 0.359375 0.281250
vt 0.359375 0.687500
vt 0.359375 0.265625
vt 0.359375 0.671875
vt 0.359375 0.250000
vt 0.359375 0.656250
vt 0.359375 0.234375
vt 0.359375 0.640625
vt 0.359375 0.218750
vt 0.359375 0.625000
vt 0.359375 0.203125
vt 0.359375 0.609375
vt 0.359375 0.187500
vt 0.359375 0.593750
vt 0.359375 0.171875
vt 0.359375 0.578125
vt 0.367188 1.000000
vt 0.359375 0.984375
vt 0.359375 0.156250
vt 0.359375 0.562500
vt 0.359375 0.968750
vt 0.359375 0.140625
vt 0.359375 0.546875
vt 0.359375 0.953125
vt 0.359375 0.125000
vt 0.359375 0.531250
vt 0.359375 0.937500
vt 0.359375 0.109375
vt 0.359375 0.515625
vt 0.359375 0.921875
vt 0.359375 0.093750
vt 0.359375 0.500000
vt 0.359375 0.906250
vt 0.359375 0.078125
vt 0.359375 0.484375
vt 0.359375 0.890625
vt 0.359375 0.062500
vt 0.359375 0.468750
vt 0.359375 0.875000
vt 0.359375 0.046875
vt 0.359375 0.453125
vt 0.359375 0.859375
vt 0.359375 0.031250
vt 0.359375 0.437500
vt 0.359375 0.843750
vt 0.359375 0.015625
vt 0.359375 0.421875
vt 0.359375 0.828125
vt 0.367188 0.000000
vt 0.359375 0.406250
vt 0.359375 0.812500
vt 0.359375 0.390625
vt 0.359375 0.796875
vt 0.359375 0.375000
vt 0.359375 0.781250
vt 0.359375 0.359375
vt 0.359375 0.765625
vt 0.343750 0.312500
vt 0.343750 0.296875
vt 0.343750 0.718750
vt 0.343750 0.703125
vt 0.343750 0.281250
vt 0.343750 0.687500
vt 0.343750 0.265625
vt 0.343750 0.671875
vt 0.343750 0.250000
vt 0.343750 0.656250
vt 0.343750 0.234375
vt 0.343750 0.640625
vt 0.343750 0.218750
vt 0.343750 0.625000
vt 0.343750 0.203125
vt 0.343750 0.609375
vt 0.343750 0.187500
vt 0.343750 0.593750
vt 0.343750 0.171875
vt 0.343750 0.578125
vt 0.351562 1.000000
vt 0.343750 0.984375
vt 0.343750 0.156250
vt 0.343750 0.562500
vt 0.343750 0.968750
vt 0.343750 0.140625
vt 0.343750 0.546875
vt 0.343750 0.953125
vt 0.343750 0.125000
vt 0.343750 0.531250
vt 0.343750 0.937500
vt 0.343750 0.109375
vt 0.343750 0.515625
vt 0.343750 0.921875
vt 0.343750 0.093750
vt 0.343750 0.500000
vt 0.343750 0.906250
vt 0.343750 0.078125
vt 0.343750 0.484375
vt 0.343750 0.890625
vt 0.343750 0.062500
vt 0.343750 0.468750
vt 0.343750 0.875000
vt 0.343750 0.046875
vt 0.343750 0.453125
vt 0.343750 0.859375
vt 0.343750 0.031250
vt 0.343750 0.437500
vt 0.343750 0.843750
vt 0.343750 0.015625
vt 0.343750 0.421875
vt 0.343750 0.828125
vt 0.351562 0.000000
vt 0.343750 0.406250
vt 0.343750 0.812500
vt 0.343750 0.390625
vt 0.343750 0.796875
vt 0.343750 0.375000
vt 0.343750 0.781250
vt 0.343750 0.359375
vt 0.343750 0.765625
vt 0.343750 0.343750
vt 0.343750 0.750000
vt 0.343750 0.328125
vt 0.343750 0.734375
vt 0.328125 0.218750
vt 0.328125 0.203125
vt 0.328125 0.625000
vt 0.328125 0.609375
vt 0.328125 0.187500
vt 0.328125 0.593750
vt 0.328125 0.171875
vt 0.328125 0.578125
vt 0.335937 1.000000
vt 0.328125 0.984375
vt 0.328125 0.156250
vt 0.328125 0.562500
vt 0.328125 0.968750
vt 0.328125 0.140625
vt 0.328125 0.546875
vt 0.328125 0.953125
vt 0.328125 0.125000
vt 0.328125 0.531250
vt 0.328125 0.937500
vt 0.328125 0.109375
vt 0.328125 0.515625
vt 0.328125 0.921875
vt 0.328125 0.093750
vt 0.328125 0.500000
vt 0.328125 0.906250
vt 0.328125 0.078125
vt 0.328125 0.484375
vt 0.328125 0.890625
vt 0.328125 0.062500
vt 0.328125 0.468750
vt 0.328125 0.875000
vt 0.328125 0.046875
vt 0.328125 0.453125
vt 0.328125 0.859375
vt 0.328125 0.031250
vt 0.328125 0.437500
vt 0.328125 0.843750
vt 0.328125 0.015625
vt 0.328125 0.421875
vt 0.328125 0.828125
vt 0.335937 0.000000
vt 0.328125 0.406250
vt 0.328125 0.812500
vt 0.328125 0.390625
vt 0.328125 0.796875
vt 0.328125 0.375000
vt 0.328125 0.781250
vt 0.328125 0.359375
vt 0.328125 0.765625
vt 0.328125 0.343750
vt 0.328125 0.750000
vt 0.328125 0.328125
vt 0.328125 0.734375
vt 0.328125 0.312500
vt 0.328125 0.718750
vt 0.328125 0.296875
vt 0.328125 0.703125
vt 0.328125 0.281250
vt 0.328125 0.687500
vt 0.328125 0.265625
vt 0.328125 0.671875
vt 0.328125 0.250000
vt 0.328125 0.656250
vt 0.328125 0.234375
vt 0.328125 0.640625
vt 0.312500 0.187500
vt 0.312500 0.171875
vt 0.312500 0.593750
vt 0.312500 0.578125
vt 0.320312 1.000000
vt 0.312500 0.984375
vt 0.312500 0.156250
vt 0.312500 0.562500
vt 0.312500 0.968750
vt 0.312500 0.140625
vt 0.312500 0.546875
vt 0.312500 0.953125
vt 0.312500 0.125000
vt 0.312500 0.531250
vt 0.312500 0.937500
vt 0.312500 0.109375
vt 0.312500 0.515625
vt 0.312500 0.921875
vt 0.312500 0.093750
vt 0.312500 0.500000
vt 0.312500 0.906250
vt 0.312500 0.078125
vt 0.312500 0.484375
vt 0.312500 0.890625
vt 0.312500 0.062500
vt 0.312500 0.468750
vt 0.312500 0.875000
vt 0.312500 0.046875
vt 0.312500 0.453125
vt 0.312500 0.859375
vt 0.312500 0.031250
vt 0.312500 0.437500
vt 0.312500 0.843750
vt 0.312500 0.015625
vt 0.312500 0.421875
vt 0.312500 0.828125
vt 0.320312 0.000000
vt 0.312500 0.406250
vt 0.312500 0.812500
vt 0.312500 0.390625
vt 0.312500 0.796875
vt 0.312500 0.375000
vt 0.312500 0.781250
vt 0.312500 0.359375
vt 0.312500 0.765625
vt 0.312500 0.343750
vt 0.312500 0.750000
vt 0.312500 0.328125
vt 0.312500 0.734375
vt 0.312500 0.312500
vt 0.312500 0.718750
vt 0.312500 0.296875
vt 0.312500 0.703125
vt 0.312500 0.281250
vt 0.312500 0.687500
vt 0.312500 0.265625
vt 0.312500 0.671875
vt 0.312500 0.250000
vt 0.312500 0.656250
vt 0.312500 0.234375
vt 0.312500 0.640625
vt 0.312500 0.218750
vt 0.312500 0.625000
vt 0.312500 0.203125
vt 0.312500 0.609375
vt 0.296875 0.156250
vt 0.296875 0.140625
vt 0.296875 0.562500
vt 0.296875 0.546875
vt 0.296875 0.968750
vt 0.296875 0.953125
vt 0.296875 0.125000
vt 0.296875 0.531250
vt 0.296875 0.937500
vt 0.296875 0.109375
vt 0.296875 0.515625
vt 0.296875 0.921875
vt 0.296875 0.093750
vt 0.296875 0.500000
vt 0.296875 0.906250
vt 0.296875 0.078125
vt 0.296875 0.484375
vt 0.296875 0.890625
vt 0.296875 0.062500
vt 0.296875 0.468750
vt 0.296875 0.875000
vt 0.296875 0.046875
vt 0.296875 0.453125
vt 0.296875 0.859375
vt 0.296875 0.031250
vt 0.296875 0.437500
vt 0.296875 0.843750
vt 0.296875 0.015625
vt 0.296875 0.421875
vt 0.296875 0.828125
vt 0.304688 0.000000
vt 0.296875 0.406250
vt 0.296875 0.812500
vt 0.296875 0.390625
vt 0.296875 0.796875
vt 0.296875 0.375000
vt 0.296875 0.781250
vt 0.296875 0.359375
vt 0.296875 0.765625
vt 0.296875 0.343750
vt 0.296875 0.750000
vt 0.296875 0.328125
vt 0.296875 0.734375
vt 0.296875 0.312500
vt 0.296875 0.718750
vt 0.296875 0.296875
vt 0.296875 0.703125
vt 0.296875 0.281250
vt 0.296875 0.687500
vt 0.296875 0.265625
vt 0.296875 0.671875
vt 0.296875 0.250000
vt 0.296875 0.656250
vt 0.296875 0.234375
vt 0.296875 0.640625
vt 0.296875 0.218750
vt 0.296875 0.625000
vt 0.296875 0.203125
vt 0.296875 0.609375
vt 0.296875 0.187500
vt 0.296875 0.593750
vt 0.296875 0.171875
vt 0.296875 0.578125
vt 0.304688 1.000000
vt 0.296875 0.984375
vt 0.281250 0.125000
vt 0.281250 0.109375
vt 0.281250 0.531250
vt 0.281250 0.515625
vt 0.281250 0.937500
vt 0.281250 0.921875
vt 0.281250 0.093750
vt 0.281250 0.500000
vt 0.281250 0.906250
vt 0.281250 0.078125
vt 0.281250 0.484375
vt 0.281250 0.890625
vt 0.281250 0.062500
vt 0.281250 0.468750
vt 0.281250 0.875000
vt 0.281250 0.046875
vt 0.281250 0.453125
vt 0.281250 0.859375
vt 0.281250 0.031250
vt 0.281250 0.437500
vt 0.281250 0.843750
vt 0.281250 0.015625
vt 0.281250 0.421875
vt 0.281250 0.828125
vt 0.289062 0.000000
vt 0.281250 0.406250
vt 0.281250 0.812500
vt 0.281250 0.390625
vt 0.281250 0.796875
vt 0.281250 0.375000
vt 0.281250 0.781250
vt 0.281250 0.359375
vt 0.281250 0.765625
vt 0.281250 0.343750
vt 0.281250 0.750000
vt 0.281250 0.328125
vt 0.281250 0.734375
vt 0.281250 0.312500
vt 0.281250 0.718750
vt 0.281250 0.296875
vt 0.281250 0.703125
vt 0.281250 0.281250
vt 0.281250 0.687500
vt 0.281250 0.265625
vt 0.281250 0.671875
vt 0.281250 0.250000
vt 0.281250 0.656250
vt 0.281250 0.234375
vt 0.281250 0.640625
vt 0.281250 0.218750
vt 0.281250 0.625000
vt 0.281250 0.203125
vt 0.281250 0.609375
vt 0.281250 0.187500
vt 0.281250 0.593750
vt 0.281250 0.171875
vt 0.281250 0.578125
vt 0.289062 1.000000
vt 0.281250 0.984375
vt 0.281250 0.156250
vt 0.281250 0.562500
vt 0.281250 0.968750
vt 0.281250 0.140625
vt 0.281250 0.546875
vt 0.281250 0.953125
vt 0.265625 0.093750
vt 0.265625 0.078125
vt 0.265625 0.500000
vt 0.265625 0.484375
vt 0.265625 0.906250
vt 0.265625 0.890625
vt 0.265625 0.062500
vt 0.265625 0.468750
vt 0.265625 0.875000
vt 0.265625 0.046875
vt 0.265625 0.453125
vt 0.265625 0.859375
vt 0.265625 0.031250
vt 0.265625 0.437500
vt 0.265625 0.843750
vt 0.265625 0.015625
vt 0.265625 0.421875
vt 0.265625 0.828125
vt 0.273438 0.000000
vt 0.265625 0.406250
vt 0.265625 0.812500
vt 0.265625 0.390625
vt 0.265625 0.796875
vt 0.265625 0.375000
vt 0.265625 0.781250
vt 0.265625 0.359375
vt 0.265625 0.765625
vt 0.265625 0.343750
vt 0.265625 0.750000
vt 0.265625 0.328125
vt 0.265625 0.734375
vt 0.265625 0.312500
vt 0.265625 0.718750
vt 0.265625 0.296875
vt 0.265625 0.703125
vt 0.265625 0.281250
vt 0.265625 0.687500
vt 0.265625 0.265625
vt 0.265625 0.671875
vt 0.265625 0.250000
vt 0.265625 0.656250
vt 0.265625 0.234375
vt 0.265625 0.640625
vt 0.265625 0.218750
vt 0.265625 0.625000
vt 0.265625 0.203125
vt 0.265625 0.609375
vt 0.265625 0.187500
vt 0.265625 0.593750
vt 0.265625 0.171875
vt 0.265625 0.578125
vt 0.273438 1.000000
vt 0.265625 0.984375
vt 0.265625 0.156250
vt 0.265625 0.562500
vt 0.265625 0.968750
vt 0.265625 0.140625
vt 0.265625 0.546875
vt 0.265625 0.953125
vt 0.265625 0.125000
vt 0.265625 0.531250
vt 0.265625 0.937500
vt 0.265625 0.109375
vt 0.265625 0.515625
vt 0.265625 0.921875
vt 0.250000 0.062500
vt 0.250000 0.046875
vt 0.250000 0.468750
vt 0.250000 0.453125
vt 0.250000 0.875000
vt 0.250000 0.859375
vt 0.250000 0.031250
vt 0.250000 0.437500
vt 0.250000 0.843750
vt 0.250000 0.015625
vt 0.250000 0.421875
vt 0.250000 0.828125
vt 0.257812 0.000000
vt 0.250000 0.406250
vt 0.250000 0.812500
vt 0.250000 0.390625
vt 0.250000 0.796875
vt 0.250000 0.375000
vt 0.250000 0.781250
vt 0.250000 0.359375
vt 0.250000 0.765625
vt 0.250000 0.343750
vt 0.250000 0.750000
vt 0.250000 0.328125
vt 0.250000 0.734375
vt 0.250000 0.312500
vt 0.250000 0.718750
vt 0.250000 0.296875
vt 0.250000 0.703125
vt 0.250000 0.281250
vt 0.250000 0.687500
vt 0.250000 0.265625
vt 0.250000 0.671875
vt 0.250000 0.250000
vt 0.250000 0.656250
vt 0.250000 0.234375
vt 0.250000 0.640625
vt 0.250000 0.218750
vt 0.250000 0.625000
vt 0.250000 0.203125
vt 0.250000 0.609375
vt 0.250000 0.187500
vt 0.250000 0.593750
vt 0.250000 0.171875
vt 0.250000 0.578125
vt 0.257812 1.000000
vt 0.250000 0.984375
vt 0.250000 0.156250
vt 0.250000 0.562500
vt 0.250000 0.968750
vt 0.250000 0.140625
vt 0.250000 0.546875
vt 0.250000 0.953125
vt 0.250000 0.125000
vt 0.250000 0.531250
vt 0.250000 0.937500
vt 0.250000 0.109375
vt 0.250000 0.515625
vt 0.250000 0.921875
vt 0.250000 0.093750
vt 0.250000 0.500000
vt 0.250000 0.906250
vt 0.250000 0.078125
vt 0.250000 0.484375
vt 0.250000 0.890625
vt 0.234375 0.031250
vt 0.234375 0.015625
vt 0.234375 0.437500
vt 0.234375 0.421875
vt 0.234375 0.843750
vt 0.234375 0.828125
vt 0.242187 0.000000
vt 0.234375 0.406250
vt 0.234375 0.812500
vt 0.234375 0.390625
vt 0.234375 0.796875
vt 0.234375 0.375000
vt 0.234375 0.781250
vt 0.234375 0.359375
vt 0.234375 0.765625
vt 0.234375 0.343750
vt 0.234375 0.750000
vt 0.234375 0.328125
vt 0.234375 0.734375
vt 0.234375 0.312500
vt 0.234375 0.718750
vt 0.234375 0.296875
vt 0.234375 0.703125
vt 0.234375 0.281250
vt 0.234375 0.687500
vt 0.234375 0.265625
vt 0.234375 0.671875
vt 0.234375 0.250000
vt 0.234375 0.656250
vt 0.234375 0.234375
vt 0.234375 0.640625
vt 0.234375 0.218750
vt 0.234375 0.625000
vt 0.234375 0.203125
vt 0.234375 0.609375
vt 0.234375 0.187500
vt 0.234375 0.593750
vt 0.234375 0.171875
vt 0.234375 0.578125
vt 0.242187 1.000000
vt 0.234375 0.984375
vt 0.234375 0.156250
vt 0.234375 0.562500
vt 0.234375 0.968750
vt 0.234375 0.140625
vt 0.234375 0.546875
vt 0.234375 0.953125
vt 0.234375 0.125000
vt 0.234375 0.531250
vt 0.234375 0.937500
vt 0.234375 0.109375
vt 0.234375 0.515625
vt 0.234375 0.921875
vt 0.234375 0.093750
vt 0.234375 0.500000
vt 0.234375 0.906250
vt 0.234375 0.078125
vt 0.234375 0.484375
vt 0.234375 0.890625
vt 0.234375 0.062500
vt 0.234375 0.468750
vt 0.234375 0.875000
vt 0.234375 0.046875
vt 0.234375 0.453125
vt 0.234375 0.859375
vt 0.218750 0.406250
vt 0.218750 0.390625
vt 0.218750 0.812500
vt 0.218750 0.796875
vt 0.218750 0.375000
vt 0.218750 0.781250
vt 0.218750 0.359375
vt 0.218750 0.765625
vt 0.218750 0.343750
vt 0.218750 0.750000
vt 0.218750 0.328125
vt 0.218750 0.734375
vt 0.218750 0.312500
vt 0.218750 0.718750
vt 0.218750 0.296875
vt 0.218750 0.703125
vt 0.218750 0.281250
vt 0.218750 0.687500
vt 0.218750 0.265625
vt 0.218750 0.671875
vt 0.218750 0.250000
vt 0.218750 0.656250
vt 0.218750 0.234375
vt 0.218750 0.640625
vt 0.218750 0.218750
vt 0.218750 0.625000
vt 0.218750 0.203125
vt 0.218750 0.609375
vt 0.218750 0.187500
vt 0.218750 0.593750
vt 0.218750 0.171875
vt 0.218750 0.578125
vt 0.226562 1.000000
vt 0.218750 0.984375
vt 0.218750 0.156250
vt 0.218750 0.562500
vt 0.218750 0.968750
vt 0.218750 0.140625
vt 0.218750 0.546875
vt 0.218750 0.953125
vt 0.218750 0.125000
vt 0.218750 0.531250
vt 0.218750 0.937500
vt 0.218750 0.109375
vt 0.218750 0.515625
vt 0.218750 0.921875
vt 0.218750 0.093750
vt 0.218750 0.500000
vt 0.218750 0.906250
vt 0.218750 0.078125
vt 0.218750 0.484375
vt 0.218750 0.890625
vt 0.218750 0.062500
vt 0.218750 0.468750
vt 0.218750 0.875000
vt 0.218750 0.046875
vt 0.218750 0.453125
vt 0.218750 0.859375
vt 0.218750 0.031250
vt 0.218750 0.437500
vt 0.218750 0.843750
vt 0.218750 0.015625
vt 0.218750 0.421875
vt 0.218750 0.828125
vt 0.226562 0.000000
vt 0.203125 0.375000
vt 0.203125 0.359375
vt 0.203125 0.781250
vt 0.203125 0.765625
vt 0.203125 0.343750
vt 0.203125 0.750000
vt 0.203125 0.328125
vt 0.203125 0.734375
vt 0.203125 0.312500
vt 0.203125 0.718750
vt 0.203125 0.296875
vt 0.203125 0.703125
vt 0.203125 0.281250
vt 0.203125 0.687500
vt 0.203125 0.265625
vt 0.203125 0.671875
vt 0.203125 0.250000
vt 0.203125 0.656250
vt 0.203125 0.234375
vt 0.203125 0.640625
vt 0.203125 0.218750
vt 0.203125 0.625000
vt 0.203125 0.203125
vt 0.203125 0.609375
vt 0.203125 0.187500
vt 0.203125 0.593750
vt 0.203125 0.171875
vt 0.203125 0.578125
vt 0.210938 1.000000
vt 0.203125 0.984375
vt 0.203125 0.156250
vt 0.203125 0.562500
vt 0.203125 0.968750
vt 0.203125 0.140625
vt 0.203125 0.546875
vt 0.203125 0.953125
vt 0.203125 0.125000
vt 0.203125 0.531250
vt 0.203125 0.937500
vt 0.203125 0.109375
vt 0.203125 0.515625
vt 0.203125 0.921875
vt 0.203125 0.093750
vt 0.203125 0.500000
vt 0.203125 0.906250
vt 0.203125 0.078125
vt 0.203125 0.484375
vt 0.203125 0.890625
vt 0.203125 0.062500
vt 0.203125 0.468750
vt 0.203125 0.875000
vt 0.203125 0.046875
vt 0.203125 0.453125
vt 0.203125 0.859375
vt 0.203125 0.031250
vt 0.203125 0.437500
vt 0.203125 0.843750
vt 0.203125 0.015625
vt 0.203125 0.421875
vt 0.203125 0.828125
vt 0.210938 0.000000
vt 0.203125 0.406250
vt 0.203125 0.812500
vt 0.203125 0.390625
vt 0.203125 0.796875
vt 0.187500 0.343750
vt 0.187500 0.328125
vt 0.187500 0.750000
vt 0.187500 0.734375
vt 0.187500 0.312500
vt 0.187500 0.718750
vt 0.187500 0.296875
vt 0.187500 0.703125
vt 0.187500 0.281250
vt 0.187500 0.687500
vt 0.187500 0.265625
vt 0.187500 0.671875
vt 0.187500 0.250000
vt 0.187500 0.656250
vt 0.187500 0.234375
vt 0.187500 0.640625
vt 0.187500 0.218750
vt 0.187500 0.625000
vt 0.187500 0.203125
vt 0.187500 0.609375
vt 0.187500 0.187500
vt 0.187500 0.593750
vt 0.187500 0.171875
vt 0.187500 0.578125
vt 0.195312 1.000000
vt 0.187500 0.984375
vt 0.187500 0.156250
vt 0.187500 0.562500
vt 0.187500 0.968750
vt 0.187500 0.140625
vt 0.187500 0.546875
vt 0.187500 0.953125
vt 0.187500 0.125000
vt 0.187500 0.531250
vt 0.187500 0.937500
vt 0.187500 0.109375
vt 0.187500 0.515625
vt 0.187500 0.921875
vt 0.187500 0.093750
vt 0.187500 0.500000
vt 0.187500 0.906250
vt 0.187500 0.078125
vt 0.187500 0.484375
vt 0.187500 0.890625
vt 0.187500 0.062500
vt 0.187500 0.468750
vt 0.187500 0.875000
vt 0.187500 0.046875
vt 0.187500 0.453125
vt 0.187500 0.859375
vt 0.187500 0.031250
vt 0.187500 0.437500
vt 0.187500 0.843750
vt 0.187500 0.015625
vt 0.187500 0.421875
vt 0.187500 0.828125
vt 0.195312 0.000000
vt 0.187500 0.406250
vt 0.187500 0.812500
vt 0.187500 0.390625
vt 0.187500 0.796875
vt 0.187500 0.375000
vt 0.187500 0.781250
vt 0.187500 0.359375
vt 0.187500 0.765625
vt 0.171875 0.312500
vt 0.171875 0.296875
vt 0.171875 0.718750
vt 0.171875 0.703125
vt 0.171875 0.281250
vt 0.171875 0.687500
vt 0.171875 0.265625
vt 0.171875 0.671875
vt 0.171875 0.250000
vt 0.171875 0.656250
vt 0.171875 0.234375
vt 0.171875 0.640625
vt 0.171875 0.218750
vt 0.171875 0.625000
vt 0.171875 0.203125
vt 0.171875 0.609375
vt 0.171875 0.187500
vt 0.171875 0.593750
vt 0.171875 0.171875
vt 0.171875 0.578125
vt 0.179687 1.000000
vt 0.171875 0.984375
vt 0.171875 0.156250
vt 0.171875 0.562500
vt 0.171875 0.968750
vt 0.171875 0.140625
vt 0.171875 0.546875
vt 0.171875 0.953125
vt 0.171875 0.125000
vt 0.171875 0.531250
vt 0.171875 0.937500
vt 0.171875 0.109375
vt 0.171875 0.515625
vt 0.171875 0.921875
vt 0.171875 0.093750
vt 0.171875 0.500000
vt 0.171875 0.906250
vt 0.171875 0.078125
vt 0.171875 0.484375
vt 0.171875 0.890625
vt 0.171875 0.062500
vt 0.171875 0.468750
vt 0.171875 0.875000
vt 0.171875 0.046875
vt 0.171875 0.453125
vt 0.171875 0.859375
vt 0.171875 0.031250
vt 0.171875 0.437500
vt 0.171875 0.843750
vt 0.171875 0.015625
vt 0.171875 0.421875
vt 0.171875 0.828125
vt 0.179687 0.000000
vt 0.171875 0.406250
vt 0.171875 0.812500
vt 0.171875 0.390625
vt 0.171875 0.796875
vt 0.171875 0.375000
vt 0.171875 0.781250
vt 0.171875 0.359375
vt 0.171875 0.765625
vt 0.171875 0.343750
vt 0.171875 0.750000
vt 0.171875 0.328125
vt 0.171875 0.734375
vt 0.156250 0.281250
vt 0.156250 0.265625
vt 0.156250 0.687500
vt 0.156250 0.671875
vt 0.156250 0.250000
vt 0.156250 0.656250
vt 0.156250 0.234375
vt 0.156250 0.640625
vt 0.156250 0.218750
vt 0.156250 0.625000
vt 0.156250 0.203125
vt 0.156250 0.609375
vt 0.156250 0.187500
vt 0.156250 0.593750
vt 0.156250 0.171875
vt 0.156250 0.578125
vt 0.164062 1.000000
vt 0.156250 0.984375
vt 0.156250 0.156250
vt 0.156250 0.562500
vt 0.156250 0.968750
vt 0.156250 0.140625
vt 0.156250 0.546875
vt 0.156250 0.953125
vt 0.156250 0.125000
vt 0.156250 0.531250
vt 0.156250 0.937500
vt 0.156250 0.109375
vt 0.156250 0.515625
vt 0.156250 0.921875
vt 0.156250 0.093750
vt 0.156250 0.500000
vt 0.156250 0.906250
vt 0.156250 0.078125
vt 0.156250 0.484375
vt 0.156250 0.890625
vt 0.156250 0.062500
vt 0.156250 0.468750
vt 0.156250 0.875000
vt 0.156250 0.046875
vt 0.156250 0.453125
vt 0.156250 0.859375
vt 0.156250 0.031250
vt 0.156250 0.437500
vt 0.156250 0.843750
vt 0.156250 0.015625
vt 0.156250 0.421875
vt 0.156250 0.828125
vt 0.164062 0.000000
vt 0.156250 0.406250
vt 0.156250 0.812500
vt 0.156250 0.390625
vt 0.156250 0.796875
vt 0.156250 0.375000
vt 0.156250 0.781250
vt 0.156250 0.359375
vt 0.156250 0.765625
vt 0.156250 0.343750
vt 0.156250 0.750000
vt 0.156250 0.328125
vt 0.156250 0.734375
vt 0.156250 0.312500
vt 0.156250 0.718750
vt 0.156250 0.296875
vt 0.156250 0.703125
vt 0.140625 0.250000
vt 0.140625 0.234375
vt 0.140625 0.656250
vt 0.140625 0.640625
vt 0.140625 0.218750
vt 0.140625 0.625000
vt 0.140625 0.203125
vt 0.140625 0.609375
vt 0.140625 0.187500
vt 0.140625 0.593750
vt 0.140625 0.171875
vt 0.140625 0.578125
vt 0.148437 1.000000
vt 0.140625 0.984375
vt 0.140625 0.156250
vt 0.140625 0.562500
vt 0.140625 0.968750
vt 0.140625 0.140625
vt 0.140625 0.546875
vt 0.140625 0.953125
vt 0.140625 0.125000
vt 0.140625 0.531250
vt 0.140625 0.937500
vt 0.140625 0.109375
vt 0.140625 0.515625
vt 0.140625 0.921875
vt 0.140625 0.093750
vt 0.140625 0.500000
vt 0.140625 0.906250
vt 0.140625 0.078125
vt 0.140625 0.484375
vt 0.140625 0.890625
vt 0.140625 0.062500
vt 0.140625 0.468750
vt 0.140625 0.875000
vt 0.140625 0.046875
vt 0.140625 0.453125
vt 0.140625 0.859375
vt 0.140625 0.031250
vt 0.140625 0.437500
vt 0.140625 0.843750
vt 0.140625 0.015625
vt 0.140625 0.421875
vt 0.140625 0.828125
vt 0.148437 0.000000
vt 0.140625 0.406250
vt 0.140625 0.812500
vt 0.140625 0.390625
vt 0.140625 0.796875
vt 0.140625 0.375000
vt 0.140625 0.781250
vt 0.140625 0.359375
vt 0.140625 0.765625
vt 0.140625 0.343750
vt 0.140625 0.750000
vt 0.140625 0.328125
vt 0.140625 0.734375
vt 0.140625 0.312500
vt 0.140625 0.718750
vt 0.140625 0.296875
vt 0.140625 0.703125
vt 0.140625 0.281250
vt 0.140625 0.687500
vt 0.140625 0.265625
vt 0.140625 0.671875
vt 0.125000 0.250000
vt 0.125000 0.234375
vt 0.125000 0.656250
vt 0.125000 0.640625
vt 0.125000 0.218750
vt 0.125000 0.625000
vt 0.125000 0.203125
vt 0.125000 0.609375
vt 0.125000 0.187500
vt 0.125000 0.593750
vt 0.125000 0.171875
vt 0.125000 0.578125
vt 0.132812 1.000000
vt 0.125000 0.984375
vt 0.125000 0.156250
vt 0.125000 0.562500
vt 0.125000 0.968750
vt 0.125000 0.140625
vt 0.125000 0.546875
vt 0.125000 0.953125
vt 0.125000 0.125000
vt 0.125000 0.531250
vt 0.125000 0.937500
vt 0.125000 0.109375
vt 0.125000 0.515625
vt 0.125000 0.921875
vt 0.125000 0.093750
vt 0.125000 0.500000
vt 0.125000 0.906250
vt 0.125000 0.078125
vt 0.125000 0.484375
vt 0.125000 0.890625
vt 0.125000 0.062500
vt 0.125000 0.468750
vt 0.125000 0.875000
vt 0.125000 0.046875
vt 0.125000 0.453125
vt 0.125000 0.859375
vt 0.125000 0.031250
vt 0.125000 0.437500
vt 0.125000 0.843750
vt 0.125000 0.015625
vt 0.125000 0.421875
vt 0.125000 0.828125
vt 0.132812 0.000000
vt 0.125000 0.406250
vt 0.125000 0.812500
vt 0.125000 0.390625
vt 0.125000 0.796875
vt 0.125000 0.375000
vt 0.125000 0.781250
vt 0.125000 0.359375
vt 0.125000 0.765625
vt 0.125000 0.343750
vt 0.125000 0.750000
vt 0.125000 0.328125
vt 0.125000 0.734375
vt 0.125000 0.312500
vt 0.125000 0.718750
vt 0.125000 0.296875
vt 0.125000 0.703125
vt 0.125000 0.281250
vt 0.125000 0.687500
vt 0.125000 0.265625
vt 0.125000 0.671875
vt 0.109375 0.218750
vt 0.109375 0.203125
vt 0.109375 0.625000
vt 0.109375 0.609375
vt 0.109375 0.187500
vt 0.109375 0.593750
vt 0.109375 0.171875
vt 0.109375 0.578125
vt 0.117188 1.000000
vt 0.109375 0.984375
vt 0.109375 0.156250
vt 0.109375 0.562500
vt 0.109375 0.968750
vt 0.109375 0.140625
vt 0.109375 0.546875
vt 0.109375 0.953125
vt 0.109375 0.125000
vt 0.109375 0.531250
vt 0.109375 0.937500
vt 0.109375 0.109375
vt 0.109375 0.515625
vt 0.109375 0.921875
vt 0.109375 0.093750
vt 0.109375 0.500000
vt 0.109375 0.906250
vt 0.109375 0.078125
vt 0.109375 0.484375
vt 0.109375 0.890625
vt 0.109375 0.062500
vt 0.109375 0.468750
vt 0.109375 0.875000
vt 0.109375 0.046875
vt 0.109375 0.453125
vt 0.109375 0.859375
vt 0.109375 0.031250
vt 0.109375 0.437500
vt 0.109375 0.843750
vt 0.109375 0.015625
vt 0.109375 0.421875
vt 0.109375 0.828125
vt 0.117188 0.000000
vt 0.109375 0.406250
vt 0.109375 0.812500
vt 0.109375 0.390625
vt 0.109375 0.796875
vt 0.109375 0.375000
vt 0.109375 0.781250
vt 0.109375 0.359375
vt 0.109375 0.765625
vt 0.109375 0.343750
vt 0.109375 0.750000
vt 0.109375 0.328125
vt 0.109375 0.734375
vt 0.109375 0.312500
vt 0.109375 0.718750
vt 0.109375 0.296875
vt 0.109375 0.703125
vt 0.109375 0.281250
vt 0.109375 0.687500
vt 0.109375 0.265625
vt 0.109375 0.671875
vt 0.109375 0.250000
vt 0.109375 0.656250
vt 0.109375 0.234375
vt 0.109375 0.640625
vt 0.093750 0.187500
vt 0.093750 0.171875
vt 0.093750 0.593750
vt 0.093750 0.578125
vt 0.101562 1.000000
vt 0.093750 0.984375
vt 0.093750 0.156250
vt 0.093750 0.562500
vt 0.093750 0.968750
vt 0.093750 0.140625
vt 0.093750 0.546875
vt 0.093750 0.953125
vt 0.093750 0.125000
vt 0.093750 0.531250
vt 0.093750 0.937500
vt 0.093750 0.109375
vt 0.093750 0.515625
vt 0.093750 0.921875
vt 0.093750 0.093750
vt 0.093750 0.500000
vt 0.093750 0.906250
vt 0.093750 0.078125
vt 0.093750 0.484375
vt 0.093750 0.890625
vt 0.093750 0.062500
vt 0.093750 0.468750
vt 0.093750 0.875000
vt 0.093750 0.046875
vt 0.093750 0.453125
vt 0.093750 0.859375
vt 0.093750 0.031250
vt 0.093750 0.437500
vt 0.093750 0.843750
vt 0.093750 0.015625
vt 0.093750 0.421875
vt 0.093750 0.828125
vt 0.101562 0.000000
vt 0.093750 0.406250
vt 0.093750 0.812500
vt 0.093750 0.390625
vt 0.093750 0.796875
vt 0.093750 0.375000
vt 0.093750 0.781250
vt 0.093750 0.359375
vt 0.093750 0.765625
vt 0.093750 0.343750
vt 0.093750 0.750000
vt 0.093750 0.328125
vt 0.093750 0.734375
vt 0.093750 0.312500
vt 0.093750 0.718750
vt 0.093750 0.296875
vt 0.093750 0.703125
vt 0.093750 0.281250
vt 0.093750 0.687500
vt 0.093750 0.265625
vt 0.093750 0.671875
vt 0.093750 0.250000
vt 0.093750 0.656250
vt 0.093750 0.234375
vt 0.093750 0.640625
vt 0.093750 0.218750
vt 0.093750 0.625000
vt 0.093750 0.203125
vt 0.093750 0.609375
vt 0.078125 0.156250
vt 0.078125 0.140625
vt 0.078125 0.562500
vt 0.078125 0.546875
vt 0.078125 0.968750
vt 0.078125 0.953125
vt 0.078125 0.125000
vt 0.078125 0.531250
vt 0.078125 0.937500
vt 0.078125 0.109375
vt 0.078125 0.515625
vt 0.078125 0.921875
vt 0.078125 0.093750
vt 0.078125 0.500000
vt 0.078125 0.906250
vt 0.078125 0.078125
vt 0.078125 0.484375
vt 0.078125 0.890625
vt 0.078125 0.062500
vt 0.078125 0.468750
vt 0.078125 0.875000
vt 0.078125 0.046875
vt 0.078125 0.453125
vt 0.078125 0.859375
vt 0.078125 0.031250
vt 0.078125 0.437500
vt 0.078125 0.843750
vt 0.078125 0.015625
vt 0.078125 0.421875
vt 0.078125 0.828125
vt 0.085937 0.000000
vt 0.078125 0.406250
vt 0.078125 0.812500
vt 0.078125 0.390625
vt 0.078125 0.796875
vt 0.078125 0.375000
vt 0.078125 0.781250
vt 0.078125 0.359375
vt 0.078125 0.765625
vt 0.078125 0.343750
vt 0.078125 0.750000
vt 0.078125 0.328125
vt 0.078125 0.734375
vt 0.078125 0.312500
vt 0.078125 0.718750
vt 0.078125 0.296875
vt 0.078125 0.703125
vt 0.078125 0.281250
vt 0.078125 0.687500
vt 0.078125 0.265625
vt 0.078125 0.671875
vt 0.078125 0.250000
vt 0.078125 0.656250
vt 0.078125 0.234375
vt 0.078125 0.640625
vt 0.078125 0.218750
vt 0.078125 0.625000
vt 0.078125 0.203125
vt 0.078125 0.609375
vt 0.078125 0.187500
vt 0.078125 0.593750
vt 0.078125 0.171875
vt 0.078125 0.578125
vt 0.085937 1.000000
vt 0.078125 0.984375
vt 0.062500 0.125000
vt 0.062500 0.109375
vt 0.062500 0.531250
vt 0.062500 0.515625
vt 0.062500 0.937500
vt 0.062500 0.921875
vt 0.062500 0.093750
vt 0.062500 0.500000
vt 0.062500 0.906250
vt 0.062500 0.078125
vt 0.062500 0.484375
vt 0.062500 0.890625
vt 0.062500 0.062500
vt 0.062500 0.468750
vt 0.062500 0.875000
vt 0.062500 0.046875
vt 0.062500 0.453125
vt 0.062500 0.859375
vt 0.062500 0.031250
vt 0.062500 0.437500
vt 0.062500 0.843750
vt 0.062500 0.015625
vt 0.062500 0.421875
vt 0.062500 0.828125
vt 0.070312 0.000000
vt 0.062500 0.406250
vt 0.062500 0.812500
vt 0.062500 0.390625
vt 0.062500 0.796875
vt 0.062500 0.375000
vt 0.062500 0.781250
vt 0.062500 0.359375
vt 0.062500 0.765625
vt 0.062500 0.343750
vt 0.062500 0.750000
vt 0.062500 0.328125
vt 0.062500 0.734375
vt 0.062500 0.312500
vt 0.062500 0.718750
vt 0.062500 0.296875
vt 0.062500 0.703125
vt 0.062500 0.281250
vt 0.062500 0.687500
vt 0.062500 0.265625
vt 0.062500 0.671875
vt 0.062500 0.250000
vt 0.062500 0.656250
vt 0.062500 0.234375
vt 0.062500 0.640625
vt 0.062500 0.218750
vt 0.062500 0.625000
vt 0.062500 0.203125
vt 0.062500 0.609375
vt 0.062500 0.187500
vt 0.062500 0.593750
vt 0.062500 0.171875
vt 0.062500 0.578125
vt 0.070312 1.000000
vt 0.062500 0.984375
vt 0.062500 0.156250
vt 0.062500 0.562500
vt 0.062500 0.968750
vt 0.062500 0.140625
vt 0.062500 0.546875
vt 0.062500 0.953125
vt 0.046875 0.093750
vt 0.046875 0.078125
vt 0.046875 0.500000
vt 0.046875 0.484375
vt 0.046875 0.906250
vt 0.046875 0.890625
vt 0.046875 0.062500
vt 0.046875 0.468750
vt 0.046875 0.875000
vt 0.046875 0.046875
vt 0.046875 0.453125
vt 0.046875 0.859375
vt 0.046875 0.031250
vt 0.046875 0.437500
vt 0.046875 0.843750
vt 0.046875 0.015625
vt 0.046875 0.421875
vt 0.046875 0.828125
vt 0.054688 0.000000
vt 0.046875 0.406250
vt 0.046875 0.812500
vt 0.046875 0.390625
vt 0.046875 0.796875
vt 0.046875 0.375000
vt 0.046875 0.781250
vt 0.046875 0.359375
vt 0.046875 0.765625
vt 0.046875 0.343750
vt 0.046875 0.750000
vt 0.046875 0.328125
vt 0.046875 0.734375
vt 0.046875 0.312500
vt 0.046875 0.718750
vt 0.046875 0.296875
vt 0.046875 0.703125
vt 0.046875 0.281250
vt 0.046875 0.687500
vt 0.046875 0.265625
vt 0.046875 0.671875
vt 0.046875 0.250000
vt 0.046875 0.656250
vt 0.046875 0.234375
vt 0.046875 0.640625
vt 0.046875 0.218750
vt 0.046875 0.625000
vt 0.046875 0.203125
vt 0.046875 0.609375
vt 0.046875 0.187500
vt 0.046875 0.593750
vt 0.046875 0.171875
vt 0.046875 0.578125
vt 0.054688 1.000000
vt 0.046875 0.984375
vt 0.046875 0.156250
vt 0.046875 0.562500
vt 0.046875 0.968750
vt 0.046875 0.140625
vt 0.046875 0.546875
vt 0.046875 0.953125
vt 0.046875 0.125000
vt 0.046875 0.531250
vt 0.046875 0.937500
vt 0.046875 0.109375
vt 0.046875 0.515625
vt 0.046875 0.921875
vt 0.031250 0.062500
vt 0.031250 0.046875
vt 0.031250 0.468750
vt 0.031250 0.453125
vt 0.031250 0.875000
vt 0.031250 0.859375
vt 0.031250 0.031250
vt 0.031250 0.437500
vt 0.031250 0.843750
vt 0.031250 0.015625
vt 0.031250 0.421875
vt 0.031250 0.828125
vt 0.039062 0.000000
vt 0.031250 0.406250
vt 0.031250 0.812500
vt 0.031250 0.390625
vt 0.031250 0.796875
vt 0.031250 0.375000
vt 0.031250 0.781250
vt 0.031250 0.359375
vt 0.031250 0.765625
vt 0.031250 0.343750
vt 0.031250 0.750000
vt 0.031250 0.328125
vt 0.031250 0.734375
vt 0.031250 0.312500
vt 0.031250 0.718750
vt 0.031250 0.296875
vt 0.031250 0.703125
vt 0.031250 0.281250
vt 0.031250 0.687500
vt 0.031250 0.265625
vt 0.031250 0.671875
vt 0.031250 0.250000
vt 0.031250 0.656250
vt 0.031250 0.234375
vt 0.031250 0.640625
vt 0.031250 0.218750
vt 0.031250 0.625000
vt 0.031250 0.203125
vt 0.031250 0.609375
vt 0.031250 0.187500
vt 0.031250 0.593750
vt 0.031250 0.171875
vt 0.031250 0.578125
vt 0.039062 1.000000
vt 0.031250 0.984375
vt 0.031250 0.156250
vt 0.031250 0.562500
vt 0.031250 0.968750
vt 0.031250 0.140625
vt 0.031250 0.546875
vt 0.031250 0.953125
vt 0.031250 0.125000
vt 0.031250 0.531250
vt 0.031250 0.937500
vt 0.031250 0.109375
vt 0.031250 0.515625
vt 0.031250 0.921875
vt 0.031250 0.093750
vt 0.031250 0.500000
vt 0.031250 0.906250
vt 0.031250 0.078125
vt 0.031250 0.484375
vt 0.031250 0.890625
vt 0.015625 0.031250
vt 0.015625 0.015625
vt 0.015625 0.437500
vt 0.015625 0.421875
vt 0.015625 0.843750
vt 0.015625 0.828125
vt 0.023438 0.000000
vt 0.015625 0.406250
vt 0.015625 0.812500
vt 0.015625 0.390625
vt 0.015625 0.796875
vt 0.015625 0.375000
vt 0.015625 0.781250
vt 0.015625 0.359375
vt 0.015625 0.765625
vt 0.015625 0.343750
vt 0.015625 0.750000
vt 0.015625 0.328125
vt 0.015625 0.734375
vt 0.015625 0.312500
vt 0.015625 0.718750
vt 0.015625 0.296875
vt 0.015625 0.703125
vt 0.015625 0.281250
vt 0.015625 0.687500
vt 0.015625 0.265625
vt 0.015625 0.671875
vt 0.015625 0.250000
vt 0.015625 0.656250
vt 0.015625 0.234375
vt 0.015625 0.640625
vt 0.015625 0.218750
vt 0.015625 0.625000
vt 0.015625 0.203125
vt 0.015625 0.609375
vt 0.015625 0.187500
vt 0.015625 0.593750
vt 0.015625 0.171875
vt 0.015625 0.578125
vt 0.023438 1.000000
vt 0.015625 0.984375
vt 0.015625 0.156250
vt 0.015625 0.562500
vt 0.015625 0.968750
vt 0.015625 0.140625
vt 0.015625 0.546875
vt 0.015625 0.953125
vt 0.015625 0.125000
vt 0.015625 0.531250
vt 0.015625 0.937500
vt 0.015625 0.109375
vt 0.015625 0.515625
vt 0.015625 0.921875
vt 0.015625 0.093750
vt 0.015625 0.500000
vt 0.015625 0.906250
vt 0.015625 0.078125
vt 0.015625 0.484375
vt 0.015625 0.890625
vt 0.015625 0.062500
vt 0.015625 0.468750
vt 0.015625 0.875000
vt 0.015625 0.046875
vt 0.015625 0.453125
vt 0.015625 0.859375
vt 0.000000 0.406250
vt 0.000000 0.390625
vt 0.000000 0.812500
vt 0.000000 0.796875
vt 0.000000 0.375000
vt 0.000000 0.781250
vt 0.000000 0.359375
vt 0.000000 0.765625
vt 0.000000 0.343750
vt 0.000000 0.750000
vt 0.000000 0.328125
vt 0.000000 0.734375
vt 0.000000 0.312500
vt 0.000000 0.718750
vt 0.000000 0.296875
vt 0.000000 0.703125
vt 0.000000 0.281250
vt 0.000000 0.687500
vt 0.000000 0.265625
vt 0.000000 0.671875
vt 0.000000 0.250000
vt 0.000000 0.656250
vt 0.000000 0.234375
vt 0.000000 0.640625
vt 0.000000 0.218750
vt 0.000000 0.625000
vt 0.000000 0.203125
vt 0.000000 0.609375
vt 0.000000 0.187500
vt 0.000000 0.593750
vt 0.000000 0.171875
vt 0.000000 0.578125
vt 0.007812 1.000000
vt 0.000000 0.984375
vt 0.000000 0.156250
vt 0.000000 0.562500
vt 0.000000 0.968750
vt 0.000000 0.140625
vt 0.000000 0.546875
vt 0.000000 0.953125
vt 0.000000 0.125000
vt 0.000000 0.531250
vt 0.000000 0.937500
vt 0.000000 0.109375
vt 0.000000 0.515625
vt 0.000000 0.921875
vt 0.000000 0.093750
vt 0.000000 0.500000
vt 0.000000 0.906250
vt 0.000000 0.078125
vt 0.000000 0.484375
vt 0.000000 0.890625
vt 0.000000 0.062500
vt 0.000000 0.468750
vt 0.000000 0.875000
vt 0.000000 0.046875
vt 0.000000 0.453125
vt 0.000000 0.859375
vt 0.000000 0.031250
vt 0.000000 0.437500
vt 0.000000 0.843750
vt 0.000000 0.015625
vt 0.000000 0.421875
vt 0.000000 0.828125
vt 0.007812 0.000000
vt 1.000000 0.359375
vt 1.000000 0.375000
vt 0.984375 0.375000
vt 0.984375 0.359375
vt 1.000000 0.765625
vt 1.000000 0.781250
vt 0.984375 0.781250
vt 0.984375 0.765625
vt 1.000000 0.343750
vt 0.984375 0.343750
vt 1.000000 0.750000
vt 0.984375 0.750000
vt 1.000000 0.328125
vt 0.984375 0.328125
vt 1.000000 0.734375
vt 0.984375 0.734375
vt 1.000000 0.312500
vt 0.984375 0.312500
vt 1.000000 0.718750
vt 0.984375 0.718750
vt 1.000000 0.296875
vt 0.984375 0.296875
vt 1.000000 0.703125
vt 0.984375 0.703125
vt 1.000000 0.281250
vt 0.984375 0.281250
vt 1.000000 0.687500
vt 0.984375 0.687500
vt 1.000000 0.265625
vt 0.984375 0.265625
vt 1.000000 0.671875
vt 0.984375 0.671875
vt 1.000000 0.250000
vt 0.984375 0.250000
vt 1.000000 0.656250
vt 0.984375 0.656250
vt 1.000000 0.234375
vt 0.984375 0.234375
vt 1.000000 0.640625
vt 0.984375 0.640625
vt 1.000000 0.218750
vt 0.984375 0.218750
vt 1.000000 0.625000
vt 0.984375 0.625000
vt 1.000000 0.203125
vt 0.984375 0.203125
vt 1.000000 0.609375
vt 0.984375 0.609375
vt 1.000000 0.187500
vt 0.984375 0.187500
vt 1.000000 0.593750
vt 0.984375 0.593750
vt 1.000000 0.171875
vt 0.984375 0.171875
vt 1.000000 0.578125
vt 0.984375 0.578125
vt 1.000000 0.984375
vt 0.992187 1.000000
vt 0.984375 0.984375
vt 1.000000 0.156250
vt 0.984375 0.156250
vt 1.000000 0.562500
vt 0.984375 0.562500
vt 1.000000 0.968750
vt 0.984375 0.968750
vt 1.000000 0.140625
vt 0.984375 0.140625
vt 1.000000 0.546875
vt 0.984375 0.546875
vt 1.000000 0.953125
vt 0.984375 0.953125
vt 1.000000 0.125000
vt 0.984375 0.125000
vt 1.000000 0.531250
vt 0.984375 0.531250
vt 1.000000 0.937500
vt 0.984375 0.937500
vt 1.000000 0.109375
vt 0.984375 0.109375
vt 1.000000 0.515625
vt 0.984375 0.515625
vt 1.000000 0.921875
vt 0.984375 0.921875
vt 1.000000 0.093750
vt 0.984375 0.093750
vt 1.000000 0.500000
vt 0.984375 0.500000
vt 1.000000 0.906250
vt 0.984375 0.906250
vt 1.000000 0.078125
vt 0.984375 0.078125
vt 1.000000 0.484375
vt 0.984375 0.484375
vt 1.000000 0.890625
vt 0.984375 0.890625
vt 1.000000 0.062500
vt 0.984375 0.062500
vt 1.000000 0.468750
vt 0.984375 0.468750
vt 1.000000 0.875000
vt 0.984375 0.875000
vt 1.000000 0.046875
vt 0.984375 0.046875
vt 1.000000 0.453125
vt 0.984375 0.453125
vt 1.000000 0.859375
vt 0.984375 0.859375
vt 1.000000 0.031250
vt 0.984375 0.031250
vt 1.000000 0.437500
vt 0.984375 0.437500
vt 1.000000 0.843750
vt 0.984375 0.843750
vt 1.000000 0.015625
vt 0.984375 0.015625
vt 1.000000 0.421875
vt 0.984375 0.421875
vt 1.000000 0.828125
vt 0.984375 0.828125
vt 0.992187 0.000000
vt 1.000000 0.406250
vt 0.984375 0.406250
vt 1.000000 0.812500
vt 0.984375 0.812500
vt 1.000000 0.390625
vt 0.984375 0.390625
vt 1.000000 0.796875
vt 0.984375 0.796875
vt 0.968750 0.343750
vt 0.968750 0.328125
vt 0.968750 0.750000
vt 0.968750 0.734375
vt 0.968750 0.312500
vt 0.968750 0.718750
vt 0.968750 0.296875
vt 0.968750 0.703125
vt 0.968750 0.281250
vt 0.968750 0.687500
vt 0.968750 0.265625
vt 0.968750 0.671875
vt 0.968750 0.250000
vt 0.968750 0.656250
vt 0.968750 0.234375
vt 0.968750 0.640625
vt 0.968750 0.218750
vt 0.968750 0.625000
vt 0.968750 0.203125
vt 0.968750 0.609375
vt 0.968750 0.187500
vt 0.968750 0.593750
vt 0.968750 0.171875
vt 0.968750 0.578125
vt 0.976562 1.000000
vt 0.968750 0.984375
vt 0.968750 0.156250
vt 0.968750 0.562500
vt 0.968750 0.968750
vt 0.968750 0.140625
vt 0.968750 0.546875
vt 0.968750 0.953125
vt 0.968750 0.125000
vt 0.968750 0.531250
vt 0.968750 0.937500
vt 0.968750 0.109375
vt 0.968750 0.515625
vt 0.968750 0.921875
vt 0.968750 0.093750
vt 0.968750 0.500000
vt 0.968750 0.906250
vt 0.968750 0.078125
vt 0.968750 0.484375
vt 0.968750 0.890625
vt 0.968750 0.062500
vt 0.968750 0.468750
vt 0.968750 0.875000
vt 0.968750 0.046875
vt 0.968750 0.453125
vt 0.968750 0.859375
vt 0.968750 0.031250
vt 0.968750 0.437500
vt 0.968750 0.843750
vt 0.968750 0.015625
vt 0.968750 0.421875
vt 0.968750 0.828125
vt 0.976562 0.000000
vt 0.968750 0.406250
vt 0.968750 0.812500
vt 0.968750 0.390625
vt 0.968750 0.796875
vt 0.968750 0.375000
vt 0.968750 0.781250
vt 0.968750 0.359375
vt 0.968750 0.765625
vt 0.953125 0.312500
vt 0.953125 0.296875
vt 0.953125 0.718750
vt 0.953125 0.703125
vt 0.953125 0.281250
vt 0.953125 0.687500
vt 0.953125 0.265625
vt 0.953125 0.671875
vt 0.953125 0.250000
vt 0.953125 0.656250
vt 0.953125 0.234375
vt 0.953125 0.640625
vt 0.953125 0.218750
vt 0.953125 0.625000
vt 0.953125 0.203125
vt 0.953125 0.609375
vt 0.953125 0.187500
vt 0.953125 0.593750
vt 0.953125 0.171875
vt 0.953125 0.578125
vt 0.960938 1.000000
vt 0.953125 0.984375
vt 0.953125 0.156250
vt 0.953125 0.562500
vt 0.953125 0.968750
vt 0.953125 0.140625
vt 0.953125 0.546875
vt 0.953125 0.953125
vt 0.953125 0.125000
vt 0.953125 0.531250
vt 0.953125 0.937500
vt 0.953125 0.109375
vt 0.953125 0.515625
vt 0.953125 0.921875
vt 0.953125 0.093750
vt 0.953125 0.500000
vt 0.953125 0.906250
vt 0.953125 0.078125
vt 0.953125 0.484375
vt 0.953125 0.890625
vt 0.953125 0.062500
vt 0.953125 0.468750
vt 0.953125 0.875000
vt 0.953125 0.046875
vt 0.953125 0.453125
vt 0.953125 0.859375
vt 0.953125 0.031250
vt 0.953125 0.437500
vt 0.953125 0.843750
vt 0.953125 0.015625
vt 0.953125 0.421875
vt 0.953125 0.828125
vt 0.960938 0.000000
vt 0.953125 0.406250
vt 0.953125 0.812500
vt 0.953125 0.390625
vt 0.953125 0.796875
vt 0.953125 0.375000
vt 0.953125 0.781250
vt 0.953125 0.359375
vt 0.953125 0.765625
vt 0.953125 0.343750
vt 0.953125 0.750000
vt 0.953125 0.328125
vt 0.953125 0.734375
vt 0.937500 0.312500
vt 0.937500 0.296875
vt 0.937500 0.687500
vt 0.937500 0.671875
vt 0.937500 0.281250
vt 0.937500 0.656250
vt 0.937500 0.265625
vt 0.937500 0.640625
vt 0.937500 0.250000
vt 0.937500 0.625000
vt 0.937500 0.234375
vt 0.937500 0.609375
vt 0.937500 0.218750
vt 0.937500 0.593750
vt 0.937500 0.203125
vt 0.937500 0.578125
vt 0.945312 1.000000
vt 0.937500 0.984375
vt 0.937500 0.187500
vt 0.937500 0.562500
vt 0.937500 0.968750
vt 0.937500 0.171875
vt 0.937500 0.546875
vt 0.937500 0.953125
vt 0.937500 0.156250
vt 0.937500 0.531250
vt 0.937500 0.937500
vt 0.937500 0.140625
vt 0.937500 0.515625
vt 0.937500 0.921875
vt 0.937500 0.125000
vt 0.937500 0.500000
vt 0.937500 0.906250
vt 0.937500 0.109375
vt 0.937500 0.484375
vt 0.937500 0.890625
vt 0.937500 0.093750
vt 0.937500 0.468750
vt 0.937500 0.875000
vt 0.937500 0.078125
vt 0.937500 0.453125
vt 0.937500 0.859375
vt 0.937500 0.062500
vt 0.937500 0.437500
vt 0.937500 0.843750
vt 0.937500 0.046875
vt 0.937500 0.421875
vt 0.937500 0.828125
vt 0.937500 0.031250
vt 0.937500 0.406250
vt 0.937500 0.812500
vt 0.937500 0.015625
vt 0.937500 0.796875
vt 0.945312 0.000000
vt 0.937500 0.781250
vt 0.937500 0.390625
vt 0.937500 0.765625
vt 0.937500 0.750000
vt 0.937500 0.375000
vt 0.937500 0.734375
vt 0.937500 0.359375
vt 0.937500 0.718750
vt 0.937500 0.343750
vt 0.937500 0.703125
vt 0.937500 0.328125
vt 0.921875 0.703125
vt 0.921875 0.687500
vt 0.921875 0.281250
vt 0.921875 0.265625
vt 0.921875 0.671875
vt 0.921875 0.250000
vt 0.921875 0.656250
vt 0.921875 0.234375
vt 0.921875 0.640625
vt 0.921875 0.218750
vt 0.921875 0.625000
vt 0.921875 0.203125
vt 0.921875 0.609375
vt 0.921875 0.187500
vt 0.921875 0.593750
vt 0.921875 0.171875
vt 0.921875 0.578125
vt 0.929687 1.000000
vt 0.921875 0.984375
vt 0.921875 0.156250
vt 0.921875 0.562500
vt 0.921875 0.968750
vt 0.921875 0.140625
vt 0.921875 0.546875
vt 0.921875 0.953125
vt 0.921875 0.125000
vt 0.921875 0.531250
vt 0.921875 0.937500
vt 0.921875 0.109375
vt 0.921875 0.515625
vt 0.921875 0.921875
vt 0.921875 0.093750
vt 0.921875 0.500000
vt 0.921875 0.906250
vt 0.921875 0.078125
vt 0.921875 0.484375
vt 0.921875 0.890625
vt 0.921875 0.062500
vt 0.921875 0.468750
vt 0.921875 0.875000
vt 0.921875 0.046875
vt 0.921875 0.453125
vt 0.921875 0.859375
vt 0.921875 0.031250
vt 0.921875 0.437500
vt 0.921875 0.843750
vt 0.921875 0.015625
vt 0.921875 0.421875
vt 0.921875 0.828125
vt 0.929687 0.000000
vt 0.921875 0.406250
vt 0.921875 0.812500
vt 0.921875 0.390625
vt 0.921875 0.796875
vt 0.921875 0.375000
vt 0.921875 0.781250
vt 0.921875 0.359375
vt 0.921875 0.765625
vt 0.921875 0.343750
vt 0.921875 0.750000
vt 0.921875 0.328125
vt 0.921875 0.734375
vt 0.921875 0.312500
vt 0.921875 0.718750
vt 0.921875 0.296875
vt 0.906250 0.671875
vt 0.906250 0.656250
vt 0.906250 0.250000
vt 0.906250 0.234375
vt 0.906250 0.640625
vt 0.906250 0.218750
vt 0.906250 0.625000
vt 0.906250 0.203125
vt 0.906250 0.609375
vt 0.906250 0.187500
vt 0.906250 0.593750
vt 0.906250 0.171875
vt 0.906250 0.578125
vt 0.914062 1.000000
vt 0.906250 0.984375
vt 0.906250 0.156250
vt 0.906250 0.562500
vt 0.906250 0.968750
vt 0.906250 0.140625
vt 0.906250 0.546875
vt 0.906250 0.953125
vt 0.906250 0.125000
vt 0.906250 0.531250
vt 0.906250 0.937500
vt 0.906250 0.109375
vt 0.906250 0.515625
vt 0.906250 0.921875
vt 0.906250 0.093750
vt 0.906250 0.500000
vt 0.906250 0.906250
vt 0.906250 0.078125
vt 0.906250 0.484375
vt 0.906250 0.890625
vt 0.906250 0.062500
vt 0.906250 0.468750
vt 0.906250 0.875000
vt 0.906250 0.046875
vt 0.906250 0.453125
vt 0.906250 0.859375
vt 0.906250 0.031250
vt 0.906250 0.437500
vt 0.906250 0.843750
vt 0.906250 0.015625
vt 0.906250 0.421875
vt 0.906250 0.828125
vt 0.914062 0.000000
vt 0.906250 0.406250
vt 0.906250 0.812500
vt 0.906250 0.390625
vt 0.906250 0.796875
vt 0.906250 0.375000
vt 0.906250 0.781250
vt 0.906250 0.359375
vt 0.906250 0.765625
vt 0.906250 0.343750
vt 0.906250 0.750000
vt 0.906250 0.328125
vt 0.906250 0.734375
vt 0.906250 0.312500
vt 0.906250 0.718750
vt 0.906250 0.296875
vt 0.906250 0.703125
vt 0.906250 0.281250
vt 0.906250 0.687500
vt 0.906250 0.265625
vt 0.890625 0.640625
vt 0.890625 0.625000
vt 0.890625 0.218750
vt 0.890625 0.203125
vt 0.890625 0.609375
vt 0.890625 0.187500
vt 0.890625 0.593750
vt 0.890625 0.171875
vt 0.890625 0.578125
vt 0.898437 1.000000
vt 0.890625 0.984375
vt 0.890625 0.156250
vt 0.890625 0.562500
vt 0.890625 0.968750
vt 0.890625 0.140625
vt 0.890625 0.546875
vt 0.890625 0.953125
vt 0.890625 0.125000
vt 0.890625 0.531250
vt 0.890625 0.937500
vt 0.890625 0.109375
vt 0.890625 0.515625
vt 0.890625 0.921875
vt 0.890625 0.093750
vt 0.890625 0.500000
vt 0.890625 0.906250
vt 0.890625 0.078125
vt 0.890625 0.484375
vt 0.890625 0.890625
vt 0.890625 0.062500
vt 0.890625 0.468750
vt 0.890625 0.875000
vt 0.890625 0.046875
vt 0.890625 0.453125
vt 0.890625 0.859375
vt 0.890625 0.031250
vt 0.890625 0.437500
vt 0.890625 0.843750
vt 0.890625 0.015625
vt 0.890625 0.421875
vt 0.890625 0.828125
vt 0.898437 0.000000
vt 0.890625 0.406250
vt 0.890625 0.812500
vt 0.890625 0.390625
vt 0.890625 0.796875
vt 0.890625 0.375000
vt 0.890625 0.781250
vt 0.890625 0.359375
vt 0.890625 0.765625
vt 0.890625 0.343750
vt 0.890625 0.750000
vt 0.890625 0.328125
vt 0.890625 0.734375
vt 0.890625 0.312500
vt 0.890625 0.718750
vt 0.890625 0.296875
vt 0.890625 0.703125
vt 0.890625 0.281250
vt 0.890625 0.687500
vt 0.890625 0.265625
vt 0.890625 0.671875
vt 0.890625 0.250000
vt 0.890625 0.656250
vt 0.890625 0.234375
vt 0.875000 0.609375
vt 0.875000 0.593750
vt 0.875000 0.187500
vt 0.875000 0.171875
vt 0.875000 0.578125
vt 0.882812 1.000000
vt 0.875000 0.984375
vt 0.875000 0.156250
vt 0.875000 0.562500
vt 0.875000 0.968750
vt 0.875000 0.140625
vt 0.875000 0.546875
vt 0.875000 0.953125
vt 0.875000 0.125000
vt 0.875000 0.531250
vt 0.875000 0.937500
vt 0.875000 0.109375
vt 0.875000 0.515625
vt 0.875000 0.921875
vt 0.875000 0.093750
vt 0.875000 0.500000
vt 0.875000 0.906250
vt 0.875000 0.078125
vt 0.875000 0.484375
vt 0.875000 0.890625
vt 0.875000 0.062500
vt 0.875000 0.468750
vt 0.875000 0.875000
vt 0.875000 0.046875
vt 0.875000 0.453125
vt 0.875000 0.859375
vt 0.875000 0.031250
vt 0.875000 0.437500
vt 0.875000 0.843750
vt 0.875000 0.015625
vt 0.875000 0.421875
vt 0.875000 0.828125
vt 0.882812 0.000000
vt 0.875000 0.406250
vt 0.875000 0.812500
vt 0.875000 0.390625
vt 0.875000 0.796875
vt 0.875000 0.375000
vt 0.875000 0.781250
vt 0.875000 0.359375
vt 0.875000 0.765625
vt 0.875000 0.343750
vt 0.875000 0.750000
vt 0.875000 0.328125
vt 0.875000 0.734375
vt 0.875000 0.312500
vt 0.875000 0.718750
vt 0.875000 0.296875
vt 0.875000 0.703125
vt 0.875000 0.281250
vt 0.875000 0.687500
vt 0.875000 0.265625
vt 0.875000 0.671875
vt 0.875000 0.250000
vt 0.875000 0.656250
vt 0.875000 0.234375
vt 0.875000 0.640625
vt 0.875000 0.218750
vt 0.875000 0.625000
vt 0.875000 0.203125
vt 0.859375 0.578125
vt 0.859375 0.562500
vt 0.859375 0.984375
vt 0.859375 0.968750
vt 0.859375 0.156250
vt 0.859375 0.140625
vt 0.859375 0.546875
vt 0.859375 0.953125
vt 0.859375 0.125000
vt 0.859375 0.531250
vt 0.859375 0.937500
vt 0.859375 0.109375
vt 0.859375 0.515625
vt 0.859375 0.921875
vt 0.859375 0.093750
vt 0.859375 0.500000
vt 0.859375 0.906250
vt 0.859375 0.078125
vt 0.859375 0.484375
vt 0.859375 0.890625
vt 0.859375 0.062500
vt 0.859375 0.468750
vt 0.859375 0.875000
vt 0.859375 0.046875
vt 0.859375 0.453125
vt 0.859375 0.859375
vt 0.859375 0.031250
vt 0.859375 0.437500
vt 0.859375 0.843750
vt 0.859375 0.015625
vt 0.859375 0.421875
vt 0.859375 0.828125
vt 0.867187 0.000000
vt 0.859375 0.406250
vt 0.859375 0.812500
vt 0.859375 0.390625
vt 0.859375 0.796875
vt 0.859375 0.375000
vt 0.859375 0.781250
vt 0.859375 0.359375
vt 0.859375 0.765625
vt 0.859375 0.343750
vt 0.859375 0.750000
vt 0.859375 0.328125
vt 0.859375 0.734375
vt 0.859375 0.312500
vt 0.859375 0.718750
vt 0.859375 0.296875
vt 0.859375 0.703125
vt 0.859375 0.281250
vt 0.859375 0.687500
vt 0.859375 0.265625
vt 0.859375 0.671875
vt 0.859375 0.250000
vt 0.859375 0.656250
vt 0.859375 0.234375
vt 0.859375 0.640625
vt 0.859375 0.218750
vt 0.859375 0.625000
vt 0.859375 0.203125
vt 0.859375 0.609375
vt 0.859375 0.187500
vt 0.859375 0.593750
vt 0.859375 0.171875
vt 0.867187 1.000000
vt 0.843750 0.546875
vt 0.843750 0.531250
vt 0.843750 0.953125
vt 0.843750 0.937500
vt 0.843750 0.125000
vt 0.843750 0.109375
vt 0.843750 0.515625
vt 0.843750 0.921875
vt 0.843750 0.093750
vt 0.843750 0.500000
vt 0.843750 0.906250
vt 0.843750 0.078125
vt 0.843750 0.484375
vt 0.843750 0.890625
vt 0.843750 0.062500
vt 0.843750 0.468750
vt 0.843750 0.875000
vt 0.843750 0.046875
vt 0.843750 0.453125
vt 0.843750 0.859375
vt 0.843750 0.031250
vt 0.843750 0.437500
vt 0.843750 0.843750
vt 0.843750 0.015625
vt 0.843750 0.421875
vt 0.843750 0.828125
vt 0.851562 0.000000
vt 0.843750 0.406250
vt 0.843750 0.812500
vt 0.843750 0.390625
vt 0.843750 0.796875
vt 0.843750 0.375000
vt 0.843750 0.781250
vt 0.843750 0.359375
vt 0.843750 0.765625
vt 0.843750 0.343750
vt 0.843750 0.750000
vt 0.843750 0.328125
vt 0.843750 0.734375
vt 0.843750 0.312500
vt 0.843750 0.718750
vt 0.843750 0.296875
vt 0.843750 0.703125
vt 0.843750 0.281250
vt 0.843750 0.687500
vt 0.843750 0.265625
vt 0.843750 0.671875
vt 0.843750 0.250000
vt 0.843750 0.656250
vt 0.843750 0.234375
vt 0.843750 0.640625
vt 0.843750 0.218750
vt 0.843750 0.625000
vt 0.843750 0.203125
vt 0.843750 0.609375
vt 0.843750 0.187500
vt 0.843750 0.593750
vt 0.843750 0.171875
vt 0.843750 0.578125
vt 0.851562 1.000000
vt 0.843750 0.984375
vt 0.843750 0.156250
vt 0.843750 0.562500
vt 0.843750 0.968750
vt 0.843750 0.140625
vt 0.828125 0.515625
vt 0.828125 0.500000
vt 0.828125 0.921875
vt 0.828125 0.906250
vt 0.828125 0.093750
vt 0.828125 0.078125
vt 0.828125 0.484375
vt 0.828125 0.890625
vt 0.828125 0.062500
vt 0.828125 0.468750
vt 0.828125 0.875000
vt 0.828125 0.046875
vt 0.828125 0.453125
vt 0.828125 0.859375
vt 0.828125 0.031250
vt 0.828125 0.437500
vt 0.828125 0.843750
vt 0.828125 0.015625
vt 0.828125 0.421875
vt 0.828125 0.828125
vt 0.835938 0.000000
vt 0.828125 0.406250
vt 0.828125 0.812500
vt 0.828125 0.390625
vt 0.828125 0.796875
vt 0.828125 0.375000
vt 0.828125 0.781250
vt 0.828125 0.359375
vt 0.828125 0.765625
vt 0.828125 0.343750
vt 0.828125 0.750000
vt 0.828125 0.328125
vt 0.828125 0.734375
vt 0.828125 0.312500
vt 0.828125 0.718750
vt 0.828125 0.296875
vt 0.828125 0.703125
vt 0.828125 0.281250
vt 0.828125 0.687500
vt 0.828125 0.265625
vt 0.828125 0.671875
vt 0.828125 0.250000
vt 0.828125 0.656250
vt 0.828125 0.234375
vt 0.828125 0.640625
vt 0.828125 0.218750
vt 0.828125 0.625000
vt 0.828125 0.203125
vt 0.828125 0.609375
vt 0.828125 0.187500
vt 0.828125 0.593750
vt 0.828125 0.171875
vt 0.828125 0.578125
vt 0.835938 1.000000
vt 0.828125 0.984375
vt 0.828125 0.156250
vt 0.828125 0.562500
vt 0.828125 0.968750
vt 0.828125 0.140625
vt 0.828125 0.546875
vt 0.828125 0.953125
vt 0.828125 0.125000
vt 0.828125 0.531250
vt 0.828125 0.937500
vt 0.828125 0.109375
vt 0.812500 0.484375
vt 0.812500 0.468750
vt 0.812500 0.890625
vt 0.812500 0.875000
vt 0.812500 0.062500
vt 0.812500 0.046875
vt 0.812500 0.453125
vt 0.812500 0.859375
vt 0.812500 0.031250
vt 0.812500 0.437500
vt 0.812500 0.843750
vt 0.812500 0.015625
vt 0.812500 0.421875
vt 0.812500 0.828125
vt 0.820312 0.000000
vt 0.812500 0.406250
vt 0.812500 0.812500
vt 0.812500 0.390625
vt 0.812500 0.796875
vt 0.812500 0.375000
vt 0.812500 0.781250
vt 0.812500 0.359375
vt 0.812500 0.765625
vt 0.812500 0.343750
vt 0.812500 0.750000
vt 0.812500 0.328125
vt 0.812500 0.734375
vt 0.812500 0.312500
vt 0.812500 0.718750
vt 0.812500 0.296875
vt 0.812500 0.703125
vt 0.812500 0.281250
vt 0.812500 0.687500
vt 0.812500 0.265625
vt 0.812500 0.671875
vt 0.812500 0.250000
vt 0.812500 0.656250
vt 0.812500 0.234375
vt 0.812500 0.640625
vt 0.812500 0.218750
vt 0.812500 0.625000
vt 0.812500 0.203125
vt 0.812500 0.609375
vt 0.812500 0.187500
vt 0.812500 0.593750
vt 0.812500 0.171875
vt 0.812500 0.578125
vt 0.820312 1.000000
vt 0.812500 0.984375
vt 0.812500 0.156250
vt 0.812500 0.562500
vt 0.812500 0.968750
vt 0.812500 0.140625
vt 0.812500 0.546875
vt 0.812500 0.953125
vt 0.812500 0.125000
vt 0.812500 0.531250
vt 0.812500 0.937500
vt 0.812500 0.109375
vt 0.812500 0.515625
vt 0.812500 0.921875
vt 0.812500 0.093750
vt 0.812500 0.500000
vt 0.812500 0.906250
vt 0.812500 0.078125
vt 0.796875 0.453125
vt 0.796875 0.437500
vt 0.796875 0.859375
vt 0.796875 0.843750
vt 0.796875 0.031250
vt 0.796875 0.015625
vt 0.796875 0.421875
vt 0.796875 0.828125
vt 0.804688 0.000000
vt 0.796875 0.406250
vt 0.796875 0.812500
vt 0.796875 0.390625
vt 0.796875 0.796875
vt 0.796875 0.375000
vt 0.796875 0.781250
vt 0.796875 0.359375
vt 0.796875 0.765625
vt 0.796875 0.343750
vt 0.796875 0.750000
vt 0.796875 0.328125
vt 0.796875 0.734375
vt 0.796875 0.312500
vt 0.796875 0.718750
vt 0.796875 0.296875
vt 0.796875 0.703125
vt 0.796875 0.281250
vt 0.796875 0.687500
vt 0.796875 0.265625
vt 0.796875 0.671875
vt 0.796875 0.250000
vt 0.796875 0.656250
vt 0.796875 0.234375
vt 0.796875 0.640625
vt 0.796875 0.218750
vt 0.796875 0.625000
vt 0.796875 0.203125
vt 0.796875 0.609375
vt 0.796875 0.187500
vt 0.796875 0.593750
vt 0.796875 0.171875
vt 0.796875 0.578125
vt 0.804688 1.000000
vt 0.796875 0.984375
vt 0.796875 0.156250
vt 0.796875 0.562500
vt 0.796875 0.968750
vt 0.796875 0.140625
vt 0.796875 0.546875
vt 0.796875 0.953125
vt 0.796875 0.125000
vt 0.796875 0.531250
vt 0.796875 0.937500
vt 0.796875 0.109375
vt 0.796875 0.515625
vt 0.796875 0.921875
vt 0.796875 0.093750
vt 0.796875 0.500000
vt 0.796875 0.906250
vt 0.796875 0.078125
vt 0.796875 0.484375
vt 0.796875 0.890625
vt 0.796875 0.062500
vt 0.796875 0.468750
vt 0.796875 0.875000
vt 0.796875 0.046875
vt 0.781250 0.421875
vt 0.781250 0.406250
vt 0.781250 0.828125
vt 0.781250 0.812500
vt 0.781250 0.390625
vt 0.781250 0.796875
vt 0.781250 0.375000
vt 0.781250 0.781250
vt 0.781250 0.359375
vt 0.781250 0.765625
vt 0.781250 0.343750
vt 0.781250 0.750000
vt 0.781250 0.328125
vt 0.781250 0.734375
vt 0.781250 0.312500
vt 0.781250 0.718750
vt 0.781250 0.296875
vt 0.781250 0.703125
vt 0.781250 0.281250
vt 0.781250 0.687500
vt 0.781250 0.265625
vt 0.781250 0.671875
vt 0.781250 0.250000
vt 0.781250 0.656250
vt 0.781250 0.234375
vt 0.781250 0.640625
vt 0.781250 0.218750
vt 0.781250 0.625000
vt 0.781250 0.203125
vt 0.781250 0.609375
vt 0.781250 0.187500
vt 0.781250 0.593750
vt 0.781250 0.171875
vt 0.781250 0.578125
vt 0.789062 1.000000
vt 0.781250 0.984375
vt 0.781250 0.156250
vt 0.781250 0.562500
vt 0.781250 0.968750
vt 0.781250 0.140625
vt 0.781250 0.546875
vt 0.781250 0.953125
vt 0.781250 0.125000
vt 0.781250 0.531250
vt 0.781250 0.937500
vt 0.781250 0.109375
vt 0.781250 0.515625
vt 0.781250 0.921875
vt 0.781250 0.093750
vt 0.781250 0.500000
vt 0.781250 0.906250
vt 0.781250 0.078125
vt 0.781250 0.484375
vt 0.781250 0.890625
vt 0.781250 0.062500
vt 0.781250 0.468750
vt 0.781250 0.875000
vt 0.781250 0.046875
vt 0.781250 0.453125
vt 0.781250 0.859375
vt 0.781250 0.031250
vt 0.781250 0.437500
vt 0.781250 0.843750
vt 0.781250 0.015625
vt 0.789062 0.000000
vt 0.765625 0.390625
vt 0.765625 0.375000
vt 0.765625 0.796875
vt 0.765625 0.781250
vt 0.765625 0.359375
vt 0.765625 0.765625
vt 0.765625 0.343750
vt 0.765625 0.750000
vt 0.765625 0.328125
vt 0.765625 0.734375
vt 0.765625 0.312500
vt 0.765625 0.718750
vt 0.765625 0.296875
vt 0.765625 0.703125
vt 0.765625 0.281250
vt 0.765625 0.687500
vt 0.765625 0.265625
vt 0.765625 0.671875
vt 0.765625 0.250000
vt 0.765625 0.656250
vt 0.765625 0.234375
vt 0.765625 0.640625
vt 0.765625 0.218750
vt 0.765625 0.625000
vt 0.765625 0.203125
vt 0.765625 0.609375
vt 0.765625 0.187500
vt 0.765625 0.593750
vt 0.765625 0.171875
vt 0.765625 0.578125
vt 0.773437 1.000000
vt 0.765625 0.984375
vt 0.765625 0.156250
vt 0.765625 0.562500
vt 0.765625 0.968750
vt 0.765625 0.140625
vt 0.765625 0.546875
vt 0.765625 0.953125
vt 0.765625 0.125000
vt 0.765625 0.531250
vt 0.765625 0.937500
vt 0.765625 0.109375
vt 0.765625 0.515625
vt 0.765625 0.921875
vt 0.765625 0.093750
vt 0.765625 0.500000
vt 0.765625 0.906250
vt 0.765625 0.078125
vt 0.765625 0.484375
vt 0.765625 0.890625
vt 0.765625 0.062500
vt 0.765625 0.468750
vt 0.765625 0.875000
vt 0.765625 0.046875
vt 0.765625 0.453125
vt 0.765625 0.859375
vt 0.765625 0.031250
vt 0.765625 0.437500
vt 0.765625 0.843750
vt 0.765625 0.015625
vt 0.765625 0.421875
vt 0.765625 0.828125
vt 0.773437 0.000000
vt 0.765625 0.406250
vt 0.765625 0.812500
vt 0.757812 1.000000
vt 0.757812 0.000000
s 0
f 4032/1/1 42/2/1 103/3/1 104/4/1
f 22/5/2 21/6/2 77/7/2 78/8/2
f 4019/9/3 4018/10/3 51/11/3 52/12/3
f 4033/13/4 4032/1/4 104/4/4 105/14/4
f 4027/15/5 22/5/5 78/8/5 79/16/5
f 4020/17/6 4019/9/6 52/12/6 53/18/6
f 4034/19/7 4033/13/7 105/14/7 106/20/7
f 23/21/8 4027/15/8 79/16/8 80/22/8
f 4021/23/9 4020/17/9 53/18/9 54/24/9
f 43/25/10 4034/19/10 106/20/10
f 24/26/11 23/21/11 80/22/11 81/27/11
f 4022/28/12 4021/23/12 54/24/12 55/29/12
f 4028/30/13 24/26/13 81/27/13 82/31/13
f 4/32/14 4022/28/14 55/29/14 56/33/14
f 25/34/15 4028/30/15 82/31/15 83/35/15
f 4023/36/16 4/32/16 56/33/16 57/37/16
f 26/38/17 25/34/17 83/35/17 84/39/17
f 5/40/18 4023/36/18 57/37/18 58/41/18
f 27/42/19 26/38/19 84/39/19 85/43/19
f 6/44/20 5/40/20 58/41/20 59/45/20
f 28/46/21 27/42/21 85/43/21 86/47/21
f 7/48/22 6/44/22 59/45/22 60/49/22
f 29/50/23 28/46/23 86/47/23 87/51/23
f 4024/52/24 7/48/24 60/49/24 61/53/24
f 30/54/25 29/50/25 87/51/25 88/55/25
f 8/56/26 4024/52/26 61/53/26 62/57/26
f 4029/58/27 30/54/27 88/55/27 89/59/27
f 9/60/28 8/56/28 62/57/28 63/61/28
f 31/62/29 4029/58/29 89/59/29 90/63/29
f 10/64/30 9/60/30 63/61/30 64/65/30
f 32/66/31 31/62/31 90/63/31 91/67/31
f 11/68/32 10/64/32 64/65/32 65/69/32
f 33/70/33 32/66/33 91/67/33 92/71/33
f 12/72/34 11/68/34 65/69/34 66/73/34
f 34/74/35 33/70/35 92/71/35 93/75/35
f 13/76/36 12/72/36 66/73/36 67/77/36
f 35/78/37 34/74/37 93/75/37 94/79/37
f 14/80/38 13/76/38 67/77/38 68/81/38
f 4030/82/39 35/78/39 94/79/39 95/83/39
f 15/84/40 14/80/40 68/81/40 69/85/40
f 36/86/41 4030/82/41 95/83/41 96/87/41
f 16/88/42 15/84/42 69/85/42 70/89/42
f 4013/90/43 1/91/43 44/92/43
f 37/93/44 36/86/44 96/87/44 97/94/44
f 4025/95/45 16/88/45 70/89/45 71/96/45
f 4014/97/46 4013/90/46 44/92/46 45/98/46
f 38/99/47 37/93/47 97/94/47 98/100/47
f 17/101/48 4025/95/48 71/96/48 72/102/48
f 4015/103/49 4014/97/49 45/98/49 46/104/49
f 39/105/50 38/99/50 98/100/50 99/106/50
f 18/107/51 17/101/51 72/102/51 73/108/51
f 2/109/52 4015/103/52 46/104/52 47/110/52
f 40/111/53 39/105/53 99/106/53 100/112/53
f 19/113/54 18/107/54 73/108/54 74/114/54
f 4016/115/55 2/109/55 47/110/55 48/116/55
f 41/117/56 40/111/56 100/112/56 101/118/56
f 20/119/57 19/113/57 74/114/57 75/120/57
f 3/121/58 4016/115/58 48/116/58 49/122/58
f 4031/123/59 41/117/59 101/118/59 102/124/59
f 4026/125/60 20/119/60 75/120/60 76/126/60
f 4017/127/61 3/121/61 49/122/61 50/128/61
f 42/2/62 4031/123/62 102/124/62 103/3/62
f 21/6/63 4026/125/63 76/126/63 77/7/63
f 4018/10/64 4017/127/64 50/128/64 51/11/64
f 93/75/65 92/71/65 155/129/65 156/130/65
f 67/77/66 66/73/66 129/131/66 130/132/66
f 94/79/67 93/75/67 156/130/67 157/133/67
f 68/81/68 67/77/68 130/132/68 131/134/68
f 95/83/69 94/79/69 157/133/69 158/135/69
f 69/85/70 68/81/70 131/134/70 132/136/70
f 96/87/71 95/83/71 158/135/71 159/137/71
f 70/89/72 69/85/72 132/136/72 133/138/72
f 44/92/73 1/139/73 107/140/73
f 97/94/74 96/87/74 159/137/74 160/141/74
f 71/96/75 70/89/75 133/138/75 134/142/75
f 45/98/76 44/92/76 107/140/76 108/143/76
f 98/100/77 97/94/77 160/141/77 161/144/77
f 72/102/78 71/96/78 134/142/78 135/145/78
f 46/104/79 45/98/79 108/143/79 109/146/79
f 99/106/80 98/100/80 161/144/80 162/147/80
f 73/108/81 72/102/81 135/145/81 136/148/81
f 47/110/82 46/104/82 109/146/82 110/149/82
f 100/112/83 99/106/83 162/147/83 163/150/83
f 74/114/84 73/108/84 136/148/84 137/151/84
f 48/116/85 47/110/85 110/149/85 111/152/85
f 101/118/86 100/112/86 163/150/86 164/153/86
f 75/120/87 74/114/87 137/151/87 138/154/87
f 49/122/88 48/116/88 111/152/88 112/155/88
f 102/124/89 101/118/89 164/153/89 165/156/89
f 76/126/90 75/120/90 138/154/90 139/157/90
f 50/128/91 49/122/91 112/155/91 113/158/91
f 103/3/92 102/124/92 165/156/92 166/159/92
f 77/7/93 76/126/93 139/157/93 140/160/93
f 51/11/94 50/128/94 113/158/94 114/161/94
f 104/4/95 103/3/95 166/159/95 167/162/95
f 78/8/96 77/7/96 140/160/96 141/163/96
f 52/12/97 51/11/97 114/161/97 115/164/97
f 105/14/98 104/4/98 167/162/98 168/165/98
f 79/16/99 78/8/99 141/163/99 142/166/99
f 53/18/100 52/12/100 115/164/100 116/167/100
f 106/20/101 105/14/101 168/165/101 169/168/101
f 80/22/102 79/16/102 142/166/102 143/169/102
f 54/24/103 53/18/103 116/167/103 117/170/103
f 43/171/104 106/20/104 169/168/104
f 81/27/105 80/22/105 143/169/105 144/172/105
f 55/29/106 54/24/106 117/170/106 118/173/106
f 82/31/107 81/27/107 144/172/107 145/174/107
f 56/33/108 55/29/108 118/173/108 119/175/108
f 83/35/109 82/31/109 145/174/109 146/176/109
f 57/37/110 56/33/110 119/175/110 120/177/110
f 84/39/111 83/35/111 146/176/111 147/178/111
f 58/41/112 57/37/112 120/177/112 121/179/112
f 85/43/113 84/39/113 147/178/113 148/180/113
f 59/45/114 58/41/114 121/179/114 122/181/114
f 86/47/115 85/43/115 148/180/115 149/182/115
f 60/49/116 59/45/116 122/181/116 123/183/116
f 87/51/117 86/47/117 149/182/117 150/184/117
f 61/53/118 60/49/118 123/183/118 124/185/118
f 88/55/119 87/51/119 150/184/119 151/186/119
f 62/57/120 61/53/120 124/185/120 125/187/120
f 89/59/121 88/55/121 151/186/121 152/188/121
f 63/61/122 62/57/122 125/187/122 126/189/122
f 90/63/123 89/59/123 152/188/123 153/190/123
f 64/65/124 63/61/124 126/189/124 127/191/124
f 91/67/125 90/63/125 153/190/125 154/192/125
f 65/69/126 64/65/126 127/191/126 128/193/126
f 92/71/127 91/67/127 154/192/127 155/129/127
f 66/73/128 65/69/128 128/193/128 129/131/128
f 158/135/129 157/133/129 220/194/129 221/195/129
f 132/136/130 131/134/130 194/196/130 195/197/130
f 159/137/131 158/135/131 221/195/131 222/198/131
f 133/138/132 132/136/132 195/197/132 196/199/132
f 107/140/133 1/200/133 170/201/133
f 160/141/134 159/137/134 222/198/134 223/202/134
f 134/142/135 133/138/135 196/199/135 197/203/135
f 108/143/136 107/140/136 170/201/136 171/204/136
f 161/144/137 160/141/137 223/202/137 224/205/137
f 135/145/138 134/142/138 197/203/138 198/206/138
f 109/146/139 108/143/139 171/204/139 172/207/139
f 162/147/140 161/144/140 224/205/140 225/208/140
f 136/148/141 135/145/141 198/206/141 199/209/141
f 110/149/142 109/146/142 172/207/142 173/210/142
f 163/150/143 162/147/143 225/208/143 226/211/143
f 137/151/144 136/148/144 199/209/144 200/212/144
f 111/152/145 110/149/145 173/210/145 174/213/145
f 164/153/146 163/150/146 226/211/146 227/214/146
f 138/154/147 137/151/147 200/212/147 201/215/147
f 112/155/148 111/152/148 174/213/148 175/216/148
f 165/156/149 164/153/149 227/214/149 228/217/149
f 139/157/150 138/154/150 201/215/150 202/218/150
f 113/158/151 112/155/151 175/216/151 176/219/151
f 166/159/152 165/156/152 228/217/152 229/220/152
f 140/160/153 139/157/153 202/218/153 203/221/153
f 114/161/154 113/158/154 176/219/154 177/222/154
f 167/162/155 166/159/155 229/220/155 230/223/155
f 141/163/156 140/160/156 203/221/156 204/224/156
f 115/164/157 114/161/157 177/222/157 178/225/157
f 168/165/158 167/162/158 230/223/158 231/226/158
f 142/166/159 141/163/159 204/224/159 205/227/159
f 116/167/160 115/164/160 178/225/160 179/228/160
f 169/168/161 168/165/161 231/226/161 232/229/161
f 143/169/162 142/166/162 205/227/162 206/230/162
f 117/170/163 116/167/163 179/228/163 180/231/163
f 43/232/164 169/168/164 232/229/164
f 144/172/165 143/169/165 206/230/165 207/233/165
f 118/173/166 117/170/166 180/231/166 181/234/166
f 145/174/167 144/172/167 207/233/167 208/235/167
f 119/175/168 118/173/168 181/234/168 182/236/168
f 146/176/169 145/174/169 208/235/169 209/237/169
f 120/177/170 119/175/170 182/236/170 183/238/170
f 147/178/171 146/176/171 209/237/171 210/239/171
f 121/179/172 120/177/172 183/238/172 184/240/172
f 148/180/173 147/178/173 210/239/173 211/241/173
f 122/181/174 121/179/174 184/240/174 185/242/174
f 149/182/175 148/180/175 211/241/175 212/243/175
f 123/183/176 122/181/176 185/242/176 186/244/176
f 150/184/177 149/182/177 212/243/177 213/245/177
f 124/185/178 123/183/178 186/244/178 187/246/178
f 151/186/179 150/184/179 213/245/179 214/247/179
f 125/187/180 124/185/180 187/246/180 188/248/180
f 152/188/181 151/186/181 214/247/181 215/249/181
f 126/189/182 125/187/182 188/248/182 189/250/182
f 153/190/183 152/188/183 215/249/183 216/251/183
f 127/191/184 126/189/184 189/250/184 190/252/184
f 154/192/185 153/190/185 216/251/185 217/253/185
f 128/193/186 127/191/186 190/252/186 191/254/186
f 155/129/187 154/192/187 217/253/187 218/255/187
f 129/131/188 128/193/188 191/254/188 192/256/188
f 156/130/189 155/129/189 218/255/189 219/257/189
f 130/132/190 129/131/190 192/256/190 193/258/190
f 157/133/191 156/130/191 219/257/191 220/194/191
f 131/134/192 130/132/192 193/258/192 194/196/192
f 170/201/193 1/259/193 233/260/193
f 223/202/194 222/198/194 285/261/194 286/262/194
f 197/203/195 196/199/195 259/263/195 260/264/195
f 171/204/196 170/201/196 233/260/196 234/265/196
f 224/205/197 223/202/197 286/262/197 287/266/197
f 198/206/198 197/203/198 260/264/198 261/267/198
f 172/207/199 171/204/199 234/265/199 235/268/199
f 225/208/200 224/205/200 287/266/200 288/269/200
f 199/209/201 198/206/201 261/267/201 262/270/201
f 173/210/202 172/207/202 235/268/202 236/271/202
f 226/211/203 225/208/203 288/269/203 289/272/203
f 200/212/204 199/209/204 262/270/204 263/273/204
f 174/213/205 173/210/205 236/271/205 237/274/205
f 227/214/206 226/211/206 289/272/206 290/275/206
f 201/215/207 200/212/207 263/273/207 264/276/207
f 175/216/208 174/213/208 237/274/208 238/277/208
f 228/217/209 227/214/209 290/275/209 291/278/209
f 202/218/210 201/215/210 264/276/210 265/279/210
f 176/219/211 175/216/211 238/277/211 239/280/211
f 229/220/212 228/217/212 291/278/212 292/281/212
f 203/221/213 202/218/213 265/279/213 266/282/213
f 177/222/214 176/219/214 239/280/214 240/283/214
f 230/223/215 229/220/215 292/281/215 293/284/215
f 204/224/216 203/221/216 266/282/216 267/285/216
f 178/225/217 177/222/217 240/283/217 241/286/217
f 231/226/218 230/223/218 293/284/218 294/287/218
f 205/227/219 204/224/219 267/285/219 268/288/219
f 179/228/220 178/225/220 241/286/220 242/289/220
f 232/229/221 231/226/221 294/287/221 295/290/221
f 206/230/222 205/227/222 268/288/222 269/291/222
f 180/231/223 179/228/223 242/289/223 243/292/223
f 43/293/224 232/229/224 295/290/224
f 207/233/225 206/230/225 269/291/225 270/294/225
f 181/234/226 180/231/226 243/292/226 244/295/226
f 208/235/227 207/233/227 270/294/227 271/296/227
f 182/236/228 181/234/228 244/295/228 245/297/228
f 209/237/229 208/235/229 271/296/229 272/298/229
f 183/238/230 182/236/230 245/297/230 246/299/230
f 210/239/231 209/237/231 272/298/231 273/300/231
f 184/240/232 183/238/232 246/299/232 247/301/232
f 211/241/233 210/239/233 273/300/233 274/302/233
f 185/242/234 184/240/234 247/301/234 248/303/234
f 212/243/235 211/241/235 274/302/235 275/304/235
f 186/244/236 185/242/236 248/303/236 249/305/236
f 213/245/237 212/243/237 275/304/237 276/306/237
f 187/246/238 186/244/238 249/305/238 250/307/238
f 214/247/239 213/245/239 276/306/239 277/308/239
f 188/248/240 187/246/240 250/307/240 251/309/240
f 215/249/241 214/247/241 277/308/241 278/310/241
f 189/250/242 188/248/242 251/309/242 252/311/242
f 216/251/243 215/249/243 278/310/243 279/312/243
f 190/252/244 189/250/244 252/311/244 253/313/244
f 217/253/245 216/251/245 279/312/245 280/314/245
f 191/254/246 190/252/246 253/313/246 254/315/246
f 218/255/247 217/253/247 280/314/247 281/316/247
f 192/256/248 191/254/248 254/315/248 255/317/248
f 219/257/249 218/255/249 281/316/249 282/318/249
f 193/258/250 192/256/250 255/317/250 256/319/250
f 220/194/251 219/257/251 282/318/251 283/320/251
f 194/196/252 193/258/252 256/319/252 257/321/252
f 221/195/253 220/194/253 283/320/253 284/322/253
f 195/197/254 194/196/254 257/321/254 258/323/254
f 222/198/255 221/195/255 284/322/255 285/261/255
f 196/199/256 195/197/256 258/323/256 259/263/256
f 235/268/257 234/265/257 297/324/257 298/325/257
f 288/269/258 287/266/258 350/326/258 351/327/258
f 262/270/259 261/267/259 324/328/259 325/329/259
f 236/271/260 235/268/260 298/325/260 299/330/260
f 289/272/261 288/269/261 351/327/261 352/331/261
f 263/273/262 262/270/262 325/329/262 326/332/262
f 237/274/263 236/271/263 299/330/263 300/333/263
f 290/275/264 289/272/264 352/331/264 353/334/264
f 264/276/265 263/273/265 326/332/265 327/335/265
f 238/277/266 237/274/266 300/333/266 301/336/266
f 291/278/267 290/275/267 353/334/267 354/337/267
f 265/279/268 264/276/268 327/335/268 328/338/268
f 239/280/269 238/277/269 301/336/269 302/339/269
f 292/281/270 291/278/270 354/337/270 355/340/270
f 266/282/271 265/279/271 328/338/271 329/341/271
f 240/283/272 239/280/272 302/339/272 303/342/272
f 293/284/273 292/281/273 355/340/273 356/343/273
f 267/285/274 266/282/274 329/341/274 330/344/274
f 241/286/275 240/283/275 303/342/275 304/345/275
f 294/287/276 293/284/276 356/343/276 357/346/276
f 268/288/277 267/285/277 330/344/277 331/347/277
f 242/289/278 241/286/278 304/345/278 305/348/278
f 295/290/279 294/287/279 357/346/279 358/349/279
f 269/291/280 268/288/280 331/347/280 332/350/280
f 243/292/281 242/289/281 305/348/281 306/351/281
f 43/352/282 295/290/282 358/349/282
f 270/294/283 269/291/283 332/350/283 333/353/283
f 244/295/284 243/292/284 306/351/284 307/354/284
f 271/296/285 270/294/285 333/353/285 334/355/285
f 245/297/286 244/295/286 307/354/286 308/356/286
f 272/298/287 271/296/287 334/355/287 335/357/287
f 246/299/288 245/297/288 308/356/288 309/358/288
f 273/300/289 272/298/289 335/357/289 336/359/289
f 247/301/290 246/299/290 309/358/290 310/360/290
f 274/302/291 273/300/291 336/359/291 337/361/291
f 248/303/292 247/301/292 310/360/292 311/362/292
f 275/304/293 274/302/293 337/361/293 338/363/293
f 249/305/294 248/303/294 311/362/294 312/364/294
f 276/306/295 275/304/295 338/363/295 339/365/295
f 250/307/296 249/305/296 312/364/296 313/366/296
f 277/308/297 276/306/297 339/365/297 340/367/297
f 251/309/298 250/307/298 313/366/298 314/368/298
f 278/310/299 277/308/299 340/367/299 341/369/299
f 252/311/300 251/309/300 314/368/300 315/370/300
f 279/312/301 278/310/301 341/369/301 342/371/301
f 253/313/302 252/311/302 315/370/302 316/372/302
f 280/314/303 279/312/303 342/371/303 343/373/303
f 254/315/304 253/313/304 316/372/304 317/374/304
f 281/316/305 280/314/305 343/373/305 344/375/305
f 255/317/306 254/315/306 317/374/306 318/376/306
f 282/318/307 281/316/307 344/375/307 345/377/307
f 256/319/308 255/317/308 318/376/308 319/378/308
f 283/320/309 282/318/309 345/377/309 346/379/309
f 257/321/310 256/319/310 319/378/310 320/380/310
f 284/322/311 283/320/311 346/379/311 347/381/311
f 258/323/312 257/321/312 320/380/312 321/382/312
f 285/261/313 284/322/313 347/381/313 348/383/313
f 259/263/314 258/323/314 321/382/314 322/384/314
f 233/260/315 1/385/315 296/386/315
f 286/262/316 285/261/316 348/383/316 349/387/316
f 260/264/317 259/263/317 322/384/317 323/388/317
f 234/265/318 233/260/318 296/386/318 297/324/318
f 287/266/319 286/262/319 349/387/319 350/326/319
f 261/267/320 260/264/320 323/388/320 324/328/320
f 300/333/321 299/330/321 362/389/321 363/390/321
f 353/334/322 352/331/322 415/391/322 416/392/322
f 327/335/323 326/332/323 389/393/323 390/394/323
f 301/336/324 300/333/324 363/390/324 364/395/324
f 354/337/325 353/334/325 416/392/325 417/396/325
f 328/338/326 327/335/326 390/394/326 391/397/326
f 302/339/327 301/336/327 364/395/327 365/398/327
f 355/340/328 354/337/328 417/396/328 418/399/328
f 329/341/329 328/338/329 391/397/329 392/400/329
f 303/342/330 302/339/330 365/398/330 366/401/330
f 356/343/331 355/340/331 418/399/331 419/402/331
f 330/344/332 329/341/332 392/400/332 393/403/332
f 304/345/333 303/342/333 366/401/333 367/404/333
f 357/346/334 356/343/334 419/402/334 420/405/334
f 331/347/335 330/344/335 393/403/335 394/406/335
f 305/348/336 304/345/336 367/404/336 368/407/336
f 358/349/337 357/346/337 420/405/337 421/408/337
f 332/350/338 331/347/338 394/406/338 395/409/338
f 306/351/339 305/348/339 368/407/339 369/410/339
f 43/411/340 358/349/340 421/408/340
f 333/353/341 332/350/341 395/409/341 396/412/341
f 307/354/342 306/351/342 369/410/342 370/413/342
f 334/355/343 333/353/343 396/412/343 397/414/343
f 308/356/344 307/354/344 370/413/344 371/415/344
f 335/357/345 334/355/345 397/414/345 398/416/345
f 309/358/346 308/356/346 371/415/346 372/417/346
f 336/359/347 335/357/347 398/416/347 399/418/347
f 310/360/348 309/358/348 372/417/348 373/419/348
f 337/361/349 336/359/349 399/418/349 400/420/349
f 311/362/350 310/360/350 373/419/350 374/421/350
f 338/363/351 337/361/351 400/420/351 401/422/351
f 312/364/352 311/362/352 374/421/352 375/423/352
f 339/365/353 338/363/353 401/422/353 402/424/353
f 313/366/354 312/364/354 375/423/354 376/425/354
f 340/367/355 339/365/355 402/424/355 403/426/355
f 314/368/356 313/366/356 376/425/356 377/427/356
f 341/369/357 340/367/357 403/426/357 404/428/357
f 315/370/358 314/368/358 377/427/358 378/429/358
f 342/371/359 341/369/359 404/428/359 405/430/359
f 316/372/360 315/370/360 378/429/360 379/431/360
f 343/373/361 342/371/361 405/430/361 406/432/361
f 317/374/362 316/372/362 379/431/362 380/433/362
f 344/375/363 343/373/363 406/432/363 407/434/363
f 318/376/364 317/374/364 380/433/364 381/435/364
f 345/377/365 344/375/365 407/434/365 408/436/365
f 319/378/366 318/376/366 381/435/366 382/437/366
f 346/379/367 345/377/367 408/436/367 409/438/367
f 320/380/368 319/378/368 382/437/368 383/439/368
f 347/381/369 346/379/369 409/438/369 410/440/369
f 321/382/370 320/380/370 383/439/370 384/441/370
f 348/383/371 347/381/371 410/440/371 411/442/371
f 322/384/372 321/382/372 384/441/372 385/443/372
f 296/386/373 1/444/373 359/445/373
f 349/387/374 348/383/374 411/442/374 412/446/374
f 323/388/375 322/384/375 385/443/375 386/447/375
f 297/324/376 296/386/376 359/445/376 360/448/376
f 350/326/377 349/387/377 412/446/377 413/449/377
f 324/328/378 323/388/378 386/447/378 387/450/378
f 298/325/379 297/324/379 360/448/379 361/451/379
f 351/327/380 350/326/380 413/449/380 414/452/380
f 325/329/381 324/328/381 387/450/381 388/453/381
f 299/330/382 298/325/382 361/451/382 362/389/382
f 352/331/383 351/327/383 414/452/383 415/391/383
f 326/332/384 325/329/384 388/453/384 389/393/384
f 365/398/385 364/395/385 427/454/385 428/455/385
f 418/399/386 417/396/386 480/456/386 481/457/386
f 392/400/387 391/397/387 454/458/387 455/459/387
f 366/401/388 365/398/388 428/455/388 429/460/388
f 419/402/389 418/399/389 481/457/389 482/461/389
f 393/403/390 392/400/390 455/459/390 456/462/390
f 367/404/391 366/401/391 429/460/391 430/463/391
f 420/405/392 419/402/392 482/461/392 483/464/392
f 394/406/393 393/403/393 456/462/393 457/465/393
f 368/407/394 367/404/394 430/463/394 431/466/394
f 421/408/395 420/405/395 483/464/395 484/467/395
f 395/409/396 394/406/396 457/465/396 458/468/396
f 369/410/397 368/407/397 431/466/397 432/469/397
f 43/470/398 421/408/398 484/467/398
f 396/412/399 395/409/399 458/468/399 459/471/399
f 370/413/400 369/410/400 432/469/400 433/472/400
f 397/414/401 396/412/401 459/471/401 460/473/401
f 371/415/402 370/413/402 433/472/402 434/474/402
f 398/416/403 397/414/403 460/473/403 461/475/403
f 372/417/404 371/415/404 434/474/404 435/476/404
f 399/418/405 398/416/405 461/475/405 462/477/405
f 373/419/406 372/417/406 435/476/406 436/478/406
f 400/420/407 399/418/407 462/477/407 463/479/407
f 374/421/408 373/419/408 436/478/408 437/480/408
f 401/422/409 400/420/409 463/479/409 464/481/409
f 375/423/410 374/421/410 437/480/410 438/482/410
f 402/424/411 401/422/411 464/481/411 465/483/411
f 376/425/412 375/423/412 438/482/412 439/484/412
f 403/426/413 402/424/413 465/483/413 466/485/413
f 377/427/414 376/425/414 439/484/414 440/486/414
f 404/428/415 403/426/415 466/485/415 467/487/415
f 378/429/416 377/427/416 440/486/416 441/488/416
f 405/430/417 404/428/417 467/487/417 468/489/417
f 379/431/418 378/429/418 441/488/418 442/490/418
f 406/432/419 405/430/419 468/489/419 469/491/419
f 380/433/420 379/431/420 442/490/420 443/492/420
f 407/434/421 406/432/421 469/491/421 470/493/421
f 381/435/422 380/433/422 443/492/422 444/494/422
f 408/436/423 407/434/423 470/493/423 471/495/423
f 382/437/424 381/435/424 444/494/424 445/496/424
f 409/438/425 408/436/425 471/495/425 472/497/425
f 383/439/426 382/437/426 445/496/426 446/498/426
f 410/440/427 409/438/427 472/497/427 473/499/427
f 384/441/428 383/439/428 446/498/428 447/500/428
f 411/442/429 410/440/429 473/499/429 474/501/429
f 385/443/430 384/441/430 447/500/430 448/502/430
f 359/445/431 1/503/431 422/504/431
f 412/446/432 411/442/432 474/501/432 475/505/432
f 386/447/433 385/443/433 448/502/433 449/506/433
f 360/448/434 359/445/434 422/504/434 423/507/434
f 413/449/435 412/446/435 475/505/435 476/508/435
f 387/450/436 386/447/436 449/506/436 450/509/436
f 361/451/437 360/448/437 423/507/437 424/510/437
f 414/452/438 413/449/438 476/508/438 477/511/438
f 388/453/439 387/450/439 450/509/439 451/512/439
f 362/389/440 361/451/440 424/510/440 425/513/440
f 415/391/441 414/452/441 477/511/441 478/514/441
f 389/393/442 388/453/442 451/512/442 452/515/442
f 363/390/443 362/389/443 425/513/443 426/516/443
f 416/392/444 415/391/444 478/514/444 479/517/444
f 390/394/445 389/393/445 452/515/445 453/518/445
f 364/395/446 363/390/446 426/516/446 427/454/446
f 417/396/447 416/392/447 479/517/447 480/456/447
f 391/397/448 390/394/448 453/518/448 454/458/448
f 430/463/449 429/460/449 492/519/449 493/520/449
f 483/464/450 482/461/450 545/521/450 546/522/450
f 457/465/451 456/462/451 519/523/451 520/524/451
f 431/466/452 430/463/452 493/520/452 494/525/452
f 484/467/453 483/464/453 546/522/453 547/526/453
f 458/468/454 457/465/454 520/524/454 521/527/454
f 432/469/455 431/466/455 494/525/455 495/528/455
f 43/529/456 484/467/456 547/526/456
f 459/471/457 458/468/457 521/527/457 522/530/457
f 433/472/458 432/469/458 495/528/458 496/531/458
f 460/473/459 459/471/459 522/530/459 523/532/459
f 434/474/460 433/472/460 496/531/460 497/533/460
f 461/475/461 460/473/461 523/532/461 524/534/461
f 435/476/462 434/474/462 497/533/462 498/535/462
f 462/477/463 461/475/463 524/534/463 525/536/463
f 436/478/464 435/476/464 498/535/464 499/537/464
f 463/479/465 462/477/465 525/536/465 526/538/465
f 437/480/466 436/478/466 499/537/466 500/539/466
f 464/481/467 463/479/467 526/538/467 527/540/467
f 438/482/468 437/480/468 500/539/468 501/541/468
f 465/483/469 464/481/469 527/540/469 528/542/469
f 439/484/470 438/482/470 501/541/470 502/543/470
f 466/485/471 465/483/471 528/542/471 529/544/471
f 440/486/472 439/484/472 502/543/472 503/545/472
f 467/487/473 466/485/473 529/544/473 530/546/473
f 441/488/474 440/486/474 503/545/474 504/547/474
f 468/489/475 467/487/475 530/546/475 531/548/475
f 442/490/476 441/488/476 504/547/476 505/549/476
f 469/491/477 468/489/477 531/548/477 532/550/477
f 443/492/478 442/490/478 505/549/478 506/551/478
f 470/493/479 469/491/479 532/550/479 533/552/479
f 444/494/480 443/492/480 506/551/480 507/553/480
f 471/495/481 470/493/481 533/552/481 534/554/481
f 445/496/482 444/494/482 507/553/482 508/555/482
f 472/497/483 471/495/483 534/554/483 535/556/483
f 446/498/484 445/496/484 508/555/484 509/557/484
f 473/499/485 472/497/485 535/556/485 536/558/485
f 447/500/486 446/498/486 509/557/486 510/559/486
f 474/501/487 473/499/487 536/558/487 537/560/487
f 448/502/488 447/500/488 510/559/488 511/561/488
f 422/504/489 1/562/489 485/563/489
f 475/505/490 474/501/490 537/560/490 538/564/490
f 449/506/491 448/502/491 511/561/491 512/565/491
f 423/507/492 422/504/492 485/563/492 486/566/492
f 476/508/493 475/505/493 538/564/493 539/567/493
f 450/509/494 449/506/494 512/565/494 513/568/494
f 424/510/495 423/507/495 486/566/495 487/569/495
f 477/511/496 476/508/496 539/567/496 540/570/496
f 451/512/497 450/509/497 513/568/497 514/571/497
f 425/513/498 424/510/498 487/569/498 488/572/498
f 478/514/499 477/511/499 540/570/499 541/573/499
f 452/515/500 451/512/500 514/571/500 515/574/500
f 426/516/501 425/513/501 488/572/501 489/575/501
f 479/517/502 478/514/502 541/573/502 542/576/502
f 453/518/503 452/515/503 515/574/503 516/577/503
f 427/454/504 426/516/504 489/575/504 490/578/504
f 480/456/505 479/517/505 542/576/505 543/579/505
f 454/458/506 453/518/506 516/577/506 517/580/506
f 428/455/507 427/454/507 490/578/507 491/581/507
f 481/457/508 480/456/508 543/579/508 544/582/508
f 455/459/509 454/458/509 517/580/509 518/583/509
f 429/460/510 428/455/510 491/581/510 492/519/510
f 482/461/511 481/457/511 544/582/511 545/521/511
f 456/462/512 455/459/512 518/583/512 519/523/512
f 495/528/513 494/525/513 557/584/513 558/585/513
f 43/586/514 547/526/514 610/587/514
f 522/530/515 521/527/515 584/588/515 585/589/515
f 496/531/516 495/528/516 558/585/516 559/590/516
f 523/532/517 522/530/517 585/589/517 586/591/517
f 497/533/518 496/531/518 559/590/518 560/592/518
f 524/534/519 523/532/519 586/591/519 587/593/519
f 498/535/520 497/533/520 560/592/520 561/594/520
f 525/536/521 524/534/521 587/593/521 588/595/521
f 499/537/522 498/535/522 561/594/522 562/596/522
f 526/538/523 525/536/523 588/595/523 589/597/523
f 500/539/524 499/537/524 562/596/524 563/598/524
f 527/540/525 526/538/525 589/597/525 590/599/525
f 501/541/526 500/539/526 563/598/526 564/600/526
f 528/542/527 527/540/527 590/599/527 591/601/527
f 502/543/528 501/541/528 564/600/528 565/602/528
f 529/544/529 528/542/529 591/601/529 592/603/529
f 503/545/530 502/543/530 565/602/530 566/604/530
f 530/546/531 529/544/531 592/603/531 593/605/531
f 504/547/532 503/545/532 566/604/532 567/606/532
f 531/548/533 530/546/533 593/605/533 594/607/533
f 505/549/534 504/547/534 567/606/534 568/608/534
f 532/550/535 531/548/535 594/607/535 595/609/535
f 506/551/536 505/549/536 568/608/536 569/610/536
f 533/552/537 532/550/537 595/609/537 596/611/537
f 507/553/538 506/551/538 569/610/538 570/612/538
f 534/554/539 533/552/539 596/611/539 597/613/539
f 508/555/540 507/553/540 570/612/540 571/614/540
f 535/556/541 534/554/541 597/613/541 598/615/541
f 509/557/542 508/555/542 571/614/542 572/616/542
f 536/558/543 535/556/543 598/615/543 599/617/543
f 510/559/544 509/557/544 572/616/544 573/618/544
f 537/560/545 536/558/545 599/617/545 600/619/545
f 511/561/546 510/559/546 573/618/546 574/620/546
f 485/563/547 1/621/547 548/622/547
f 538/564/548 537/560/548 600/619/548 601/623/548
f 512/565/549 511/561/549 574/620/549 575/624/549
f 486/566/550 485/563/550 548/622/550 549/625/550
f 539/567/551 538/564/551 601/623/551 602/626/551
f 513/568/552 512/565/552 575/624/552 576/627/552
f 487/569/553 486/566/553 549/625/553 550/628/553
f 540/570/554 539/567/554 602/626/554 603/629/554
f 514/571/555 513/568/555 576/627/555 577/630/555
f 488/572/556 487/569/556 550/628/556 551/631/556
f 541/573/557 540/570/557 603/629/557 604/632/557
f 515/574/558 514/571/558 577/630/558 578/633/558
f 489/575/559 488/572/559 551/631/559 552/634/559
f 542/576/560 541/573/560 604/632/560 605/635/560
f 516/577/561 515/574/561 578/633/561 579/636/561
f 490/578/562 489/575/562 552/634/562 553/637/562
f 543/579/563 542/576/563 605/635/563 606/638/563
f 517/580/564 516/577/564 579/636/564 580/639/564
f 491/581/565 490/578/565 553/637/565 554/640/565
f 544/582/566 543/579/566 606/638/566 607/641/566
f 518/583/567 517/580/567 580/639/567 581/642/567
f 492/519/568 491/581/568 554/640/568 555/643/568
f 545/521/569 544/582/569 607/641/569 608/644/569
f 519/523/570 518/583/570 581/642/570 582/645/570
f 493/520/571 492/519/571 555/643/571 556/646/571
f 546/522/572 545/521/572 608/644/572 609/647/572
f 520/524/573 519/523/573 582/645/573 583/648/573
f 494/525/574 493/520/574 556/646/574 557/584/574
f 547/526/575 546/522/575 609/647/575 610/587/575
f 521/527/576 520/524/576 583/648/576 584/588/576
f 560/592/577 559/590/577 622/649/577 623/650/577
f 587/593/578 586/591/578 649/651/578 650/652/578
f 561/594/579 560/592/579 623/650/579 624/653/579
f 588/595/580 587/593/580 650/652/580 651/654/580
f 562/596/581 561/594/581 624/653/581 625/655/581
f 589/597/582 588/595/582 651/654/582 652/656/582
f 563/598/583 562/596/583 625/655/583 626/657/583
f 590/599/584 589/597/584 652/656/584 653/658/584
f 564/600/585 563/598/585 626/657/585 627/659/585
f 591/601/586 590/599/586 653/658/586 654/660/586
f 565/602/587 564/600/587 627/659/587 628/661/587
f 592/603/588 591/601/588 654/660/588 655/662/588
f 566/604/589 565/602/589 628/661/589 629/663/589
f 593/605/590 592/603/590 655/662/590 656/664/590
f 567/606/591 566/604/591 629/663/591 630/665/591
f 594/607/592 593/605/592 656/664/592 657/666/592
f 568/608/593 567/606/593 630/665/593 631/667/593
f 595/609/594 594/607/594 657/666/594 658/668/594
f 569/610/595 568/608/595 631/667/595 632/669/595
f 596/611/596 595/609/596 658/668/596 659/670/596
f 570/612/597 569/610/597 632/669/597 633/671/597
f 597/613/598 596/611/598 659/670/598 660/672/598
f 571/614/599 570/612/599 633/671/599 634/673/599
f 598/615/600 597/613/600 660/672/600 661/674/600
f 572/616/601 571/614/601 634/673/601 635/675/601
f 599/617/602 598/615/602 661/674/602 662/676/602
f 573/618/603 572/616/603 635/675/603 636/677/603
f 600/619/604 599/617/604 662/676/604 663/678/604
f 574/620/605 573/618/605 636/677/605 637/679/605
f 548/622/606 1/680/606 611/681/606
f 601/623/607 600/619/607 663/678/607 664/682/607
f 575/624/608 574/620/608 637/679/608 638/683/608
f 549/625/609 548/622/609 611/681/609 612/684/609
f 602/626/610 601/623/610 664/682/610 665/685/610
f 576/627/611 575/624/611 638/683/611 639/686/611
f 550/628/612 549/625/612 612/684/612 613/687/612
f 603/629/613 602/626/613 665/685/613 666/688/613
f 577/630/614 576/627/614 639/686/614 640/689/614
f 551/631/615 550/628/615 613/687/615 614/690/615
f 604/632/616 603/629/616 666/688/616 667/691/616
f 578/633/617 577/630/617 640/689/617 641/692/617
f 552/634/618 551/631/618 614/690/618 615/693/618
f 605/635/619 604/632/619 667/691/619 668/694/619
f 579/636/620 578/633/620 641/692/620 642/695/620
f 553/637/621 552/634/621 615/693/621 616/696/621
f 606/638/622 605/635/622 668/694/622 669/697/622
f 580/639/623 579/636/623 642/695/623 643/698/623
f 554/640/624 553/637/624 616/696/624 617/699/624
f 607/641/625 606/638/625 669/697/625 670/700/625
f 581/642/626 580/639/626 643/698/626 644/701/626
f 555/643/627 554/640/627 617/699/627 618/702/627
f 608/644/628 607/641/628 670/700/628 671/703/628
f 582/645/629 581/642/629 644/701/629 645/704/629
f 556/646/630 555/643/630 618/702/630 619/705/630
f 609/647/631 608/644/631 671/703/631 672/706/631
f 583/648/632 582/645/632 645/704/632 646/707/632
f 557/584/633 556/646/633 619/705/633 620/708/633
f 610/587/634 609/647/634 672/706/634 673/709/634
f 584/588/635 583/648/635 646/707/635 647/710/635
f 558/585/636 557/584/636 620/708/636 621/711/636
f 43/712/637 610/587/637 673/709/637
f 585/589/638 584/588/638 647/710/638 648/713/638
f 559/590/639 558/585/639 621/711/639 622/649/639
f 586/591/640 585/589/640 648/713/640 649/651/640
f 625/655/641 624/653/641 687/714/641 688/715/641
f 652/656/642 651/654/642 714/716/642 715/717/642
f 626/657/643 625/655/643 688/715/643 689/718/643
f 653/658/644 652/656/644 715/717/644 716/719/644
f 627/659/645 626/657/645 689/718/645 690/720/645
f 654/660/646 653/658/646 716/719/646 717/721/646
f 628/661/647 627/659/647 690/720/647 691/722/647
f 655/662/648 654/660/648 717/721/648 718/723/648
f 629/663/649 628/661/649 691/722/649 692/724/649
f 656/664/650 655/662/650 718/723/650 719/725/650
f 630/665/651 629/663/651 692/724/651 693/726/651
f 657/666/652 656/664/652 719/725/652 720/727/652
f 631/667/653 630/665/653 693/726/653 694/728/653
f 658/668/654 657/666/654 720/727/654 721/729/654
f 632/669/655 631/667/655 694/728/655 695/730/655
f 659/670/656 658/668/656 721/729/656 722/731/656
f 633/671/657 632/669/657 695/730/657 696/732/657
f 660/672/658 659/670/658 722/731/658 723/733/658
f 634/673/659 633/671/659 696/732/659 697/734/659
f 661/674/660 660/672/660 723/733/660 724/735/660
f 635/675/661 634/673/661 697/734/661 698/736/661
f 662/676/662 661/674/662 724/735/662 725/737/662
f 636/677/663 635/675/663 698/736/663 699/738/663
f 663/678/664 662/676/664 725/737/664 726/739/664
f 637/679/665 636/677/665 699/738/665 700/740/665
f 611/681/666 1/741/666 674/742/666
f 664/682/667 663/678/667 726/739/667 727/743/667
f 638/683/668 637/679/668 700/740/668 701/744/668
f 612/684/669 611/681/669 674/742/669 675/745/669
f 665/685/670 664/682/670 727/743/670 728/746/670
f 639/686/671 638/683/671 701/744/671 702/747/671
f 613/687/672 612/684/672 675/745/672 676/748/672
f 666/688/673 665/685/673 728/746/673 729/749/673
f 640/689/674 639/686/674 702/747/674 703/750/674
f 614/690/675 613/687/675 676/748/675 677/751/675
f 667/691/676 666/688/676 729/749/676 730/752/676
f 641/692/677 640/689/677 703/750/677 704/753/677
f 615/693/678 614/690/678 677/751/678 678/754/678
f 668/694/679 667/691/679 730/752/679 731/755/679
f 642/695/680 641/692/680 704/753/680 705/756/680
f 616/696/681 615/693/681 678/754/681 679/757/681
f 669/697/682 668/694/682 731/755/682 732/758/682
f 643/698/683 642/695/683 705/756/683 706/759/683
f 617/699/684 616/696/684 679/757/684 680/760/684
f 670/700/685 669/697/685 732/758/685 733/761/685
f 644/701/686 643/698/686 706/759/686 707/762/686
f 618/702/687 617/699/687 680/760/687 681/763/687
f 671/703/688 670/700/688 733/761/688 734/764/688
f 645/704/689 644/701/689 707/762/689 708/765/689
f 619/705/690 618/702/690 681/763/690 682/766/690
f 672/706/691 671/703/691 734/764/691 735/767/691
f 646/707/692 645/704/692 708/765/692 709/768/692
f 620/708/693 619/705/693 682/766/693 683/769/693
f 673/709/694 672/706/694 735/767/694 736/770/694
f 647/710/695 646/707/695 709/768/695 710/771/695
f 621/711/696 620/708/696 683/769/696 684/772/696
f 43/773/697 673/709/697 736/770/697
f 648/713/698 647/710/698 710/771/698 711/774/698
f 622/649/699 621/711/699 684/772/699 685/775/699
f 649/651/700 648/713/700 711/774/700 712/776/700
f 623/650/701 622/649/701 685/775/701 686/777/701
f 650/652/702 649/651/702 712/776/702 713/778/702
f 624/653/703 623/650/703 686/777/703 687/714/703
f 651/654/704 650/652/704 713/778/704 714/716/704
f 690/720/705 689/718/705 752/779/705 753/780/705
f 717/721/706 716/719/706 779/781/706 780/782/706
f 691/722/707 690/720/707 753/780/707 754/783/707
f 718/723/708 717/721/708 780/782/708 781/784/708
f 692/724/709 691/722/709 754/783/709 755/785/709
f 719/725/710 718/723/710 781/784/710 782/786/710
f 693/726/711 692/724/711 755/785/711 756/787/711
f 720/727/712 719/725/712 782/786/712 783/788/712
f 694/728/713 693/726/713 756/787/713 757/789/713
f 721/729/714 720/727/714 783/788/714 784/790/714
f 695/730/715 694/728/715 757/789/715 758/791/715
f 722/731/716 721/729/716 784/790/716 785/792/716
f 696/732/717 695/730/717 758/791/717 759/793/717
f 723/733/718 722/731/718 785/792/718 786/794/718
f 697/734/719 696/732/719 759/793/719 760/795/719
f 724/735/720 723/733/720 786/794/720 787/796/720
f 698/736/721 697/734/721 760/795/721 761/797/721
f 725/737/722 724/735/722 787/796/722 788/798/722
f 699/738/723 698/736/723 761/797/723 762/799/723
f 726/739/724 725/737/724 788/798/724 789/800/724
f 700/740/725 699/738/725 762/799/725 763/801/725
f 674/742/726 1/802/726 737/803/726
f 727/743/727 726/739/727 789/800/727 790/804/727
f 701/744/728 700/740/728 763/801/728 764/805/728
f 675/745/729 674/742/729 737/803/729 738/806/729
f 728/746/730 727/743/730 790/804/730 791/807/730
f 702/747/731 701/744/731 764/805/731 765/808/731
f 676/748/732 675/745/732 738/806/732 739/809/732
f 729/749/733 728/746/733 791/807/733 792/810/733
f 703/750/734 702/747/734 765/808/734 766/811/734
f 677/751/735 676/748/735 739/809/735 740/812/735
f 730/752/736 729/749/736 792/810/736 793/813/736
f 704/753/737 703/750/737 766/811/737 767/814/737
f 678/754/738 677/751/738 740/812/738 741/815/738
f 731/755/739 730/752/739 793/813/739 794/816/739
f 705/756/740 704/753/740 767/814/740 768/817/740
f 679/757/741 678/754/741 741/815/741 742/818/741
f 732/758/742 731/755/742 794/816/742 795/819/742
f 706/759/743 705/756/743 768/817/743 769/820/743
f 680/760/744 679/757/744 742/818/744 743/821/744
f 733/761/745 732/758/745 795/819/745 796/822/745
f 707/762/746 706/759/746 769/820/746 770/823/746
f 681/763/747 680/760/747 743/821/747 744/824/747
f 734/764/748 733/761/748 796/822/748 797/825/748
f 708/765/749 707/762/749 770/823/749 771/826/749
f 682/766/750 681/763/750 744/824/750 745/827/750
f 735/767/751 734/764/751 797/825/751 798/828/751
f 709/768/752 708/765/752 771/826/752 772/829/752
f 683/769/753 682/766/753 745/827/753 746/830/753
f 736/770/754 735/767/754 798/828/754 799/831/754
f 710/771/755 709/768/755 772/829/755 773/832/755
f 684/772/756 683/769/756 746/830/756 747/833/756
f 43/834/757 736/770/757 799/831/757
f 711/774/758 710/771/758 773/832/758 774/835/758
f 685/775/759 684/772/759 747/833/759 748/836/759
f 712/776/760 711/774/760 774/835/760 775/837/760
f 686/777/761 685/775/761 748/836/761 749/838/761
f 713/778/762 712/776/762 775/837/762 776/839/762
f 687/714/763 686/777/763 749/838/763 750/840/763
f 714/716/764 713/778/764 776/839/764 777/841/764
f 688/715/765 687/714/765 750/840/765 751/842/765
f 715/717/766 714/716/766 777/841/766 778/843/766
f 689/718/767 688/715/767 751/842/767 752/779/767
f 716/719/768 715/717/768 778/843/768 779/781/768
f 755/785/769 754/783/769 817/844/769 818/845/769
f 782/786/770 781/784/770 844/846/770 845/847/770
f 756/787/771 755/785/771 818/845/771 819/848/771
f 783/788/772 782/786/772 845/847/772 846/849/772
f 757/789/773 756/787/773 819/848/773 820/850/773
f 784/790/774 783/788/774 846/849/774 847/851/774
f 758/791/775 757/789/775 820/850/775 821/852/775
f 785/792/776 784/790/776 847/851/776 848/853/776
f 759/793/777 758/791/777 821/852/777 822/854/777
f 786/794/778 785/792/778 848/853/778 849/855/778
f 760/795/779 759/793/779 822/854/779 823/856/779
f 787/796/780 786/794/780 849/855/780 850/857/780
f 761/797/781 760/795/781 823/856/781 824/858/781
f 788/798/782 787/796/782 850/857/782 851/859/782
f 762/799/783 761/797/783 824/858/783 825/860/783
f 789/800/784 788/798/784 851/859/784 852/861/784
f 763/801/785 762/799/785 825/860/785 826/862/785
f 737/803/786 1/863/786 800/864/786
f 790/804/787 789/800/787 852/861/787 853/865/787
f 764/805/788 763/801/788 826/862/788 827/866/788
f 738/806/789 737/803/789 800/864/789 801/867/789
f 791/807/790 790/804/790 853/865/790 854/868/790
f 765/808/791 764/805/791 827/866/791 828/869/791
f 739/809/792 738/806/792 801/867/792 802/870/792
f 792/810/793 791/807/793 854/868/793 855/871/793
f 766/811/794 765/808/794 828/869/794 829/872/794
f 740/812/795 739/809/795 802/870/795 803/873/795
f 793/813/796 792/810/796 855/871/796 856/874/796
f 767/814/797 766/811/797 829/872/797 830/875/797
f 741/815/798 740/812/798 803/873/798 804/876/798
f 794/816/799 793/813/799 856/874/799 857/877/799
f 768/817/800 767/814/800 830/875/800 831/878/800
f 742/818/801 741/815/801 804/876/801 805/879/801
f 795/819/802 794/816/802 857/877/802 858/880/802
f 769/820/803 768/817/803 831/878/803 832/881/803
f 743/821/804 742/818/804 805/879/804 806/882/804
f 796/822/805 795/819/805 858/880/805 859/883/805
f 770/823/806 769/820/806 832/881/806 833/884/806
f 744/824/807 743/821/807 806/882/807 807/885/807
f 797/825/808 796/822/808 859/883/808 860/886/808
f 771/826/809 770/823/809 833/884/809 834/887/809
f 745/827/810 744/824/810 807/885/810 808/888/810
f 798/828/811 797/825/811 860/886/811 861/889/811
f 772/829/812 771/826/812 834/887/812 835/890/812
f 746/830/813 745/827/813 808/888/813 809/891/813
f 799/831/814 798/828/814 861/889/814 862/892/814
f 773/832/815 772/829/815 835/890/815 836/893/815
f 747/833/816 746/830/816 809/891/816 810/894/816
f 43/895/817 799/831/817 862/892/817
f 774/835/818 773/832/818 836/893/818 837/896/818
f 748/836/819 747/833/819 810/894/819 811/897/819
f 775/837/820 774/835/820 837/896/820 838/898/820
f 749/838/821 748/836/821 811/897/821 812/899/821
f 776/839/822 775/837/822 838/898/822 839/900/822
f 750/840/823 749/838/823 812/899/823 813/901/823
f 777/841/824 776/839/824 839/900/824 840/902/824
f 751/842/825 750/840/825 813/901/825 814/903/825
f 778/843/826 777/841/826 840/902/826 841/904/826
f 752/779/827 751/842/827 814/903/827 815/905/827
f 779/781/828 778/843/828 841/904/828 842/906/828
f 753/780/829 752/779/829 815/905/829 816/907/829
f 780/782/830 779/781/830 842/906/830 843/908/830
f 754/783/831 753/780/831 816/907/831 817/844/831
f 781/784/832 780/782/832 843/908/832 844/846/832
f 820/850/833 819/848/833 882/909/833 883/910/833
f 846/849/834 845/847/834 908/911/834 909/912/834
f 821/852/835 820/850/835 883/910/835 884/913/835
f 847/851/836 846/849/836 909/912/836 910/914/836
f 822/854/837 821/852/837 884/913/837 885/915/837
f 848/853/838 847/851/838 910/914/838 911/916/838
f 823/856/839 822/854/839 885/915/839 886/917/839
f 849/855/840 848/853/840 911/916/840 912/918/840
f 824/858/841 823/856/841 886/917/841 887/919/841
f 850/857/842 849/855/842 912/918/842 913/920/842
f 825/860/843 824/858/843 887/919/843 888/921/843
f 851/859/844 850/857/844 913/920/844 914/922/844
f 852/861/845 851/859/845 914/922/845 915/923/845
f 800/864/846 1/924/846 863/925/846
f 826/862/847 825/860/847 888/921/847 889/926/847
f 853/865/848 852/861/848 915/923/848 916/927/848
f 801/867/849 800/864/849 863/925/849 864/928/849
f 827/866/850 826/862/850 889/926/850 890/929/850
f 854/868/851 853/865/851 916/927/851 917/930/851
f 802/870/852 801/867/852 864/928/852 865/931/852
f 828/869/853 827/866/853 890/929/853 891/932/853
f 855/871/854 854/868/854 917/930/854 918/933/854
f 803/873/855 802/870/855 865/931/855 866/934/855
f 829/872/856 828/869/856 891/932/856 892/935/856
f 856/874/857 855/871/857 918/933/857 919/936/857
f 804/876/858 803/873/858 866/934/858 867/937/858
f 830/875/859 829/872/859 892/935/859 893/938/859
f 857/877/860 856/874/860 919/936/860 920/939/860
f 805/879/861 804/876/861 867/937/861 868/940/861
f 831/878/862 830/875/862 893/938/862 894/941/862
f 858/880/863 857/877/863 920/939/863 921/942/863
f 806/882/864 805/879/864 868/940/864 869/943/864
f 832/881/865 831/878/865 894/941/865 895/944/865
f 859/883/866 858/880/866 921/942/866 922/945/866
f 807/885/867 806/882/867 869/943/867 870/946/867
f 833/884/868 832/881/868 895/944/868 896/947/868
f 860/886/869 859/883/869 922/945/869 923/948/869
f 808/888/870 807/885/870 870/946/870 871/949/870
f 834/887/871 833/884/871 896/947/871 897/950/871
f 861/889/872 860/886/872 923/948/872 924/951/872
f 809/891/873 808/888/873 871/949/873 872/952/873
f 835/890/874 834/887/874 897/950/874 898/953/874
f 862/892/875 861/889/875 924/951/875 925/954/875
f 810/894/876 809/891/876 872/952/876 873/955/876
f 836/893/877 835/890/877 898/953/877 899/956/877
f 43/957/878 862/892/878 925/954/878
f 811/897/879 810/894/879 873/955/879 874/958/879
f 837/896/880 836/893/880 899/956/880 900/959/880
f 812/899/881 811/897/881 874/958/881 875/960/881
f 838/898/882 837/896/882 900/959/882 901/961/882
f 813/901/883 812/899/883 875/960/883 876/962/883
f 839/900/884 838/898/884 901/961/884 902/963/884
f 814/903/885 813/901/885 876/962/885 877/964/885
f 840/902/886 839/900/886 902/963/886 903/965/886
f 815/905/887 814/903/887 877/964/887 878/966/887
f 841/904/888 840/902/888 903/965/888 904/967/888
f 816/907/889 815/905/889 878/966/889 879/968/889
f 842/906/890 841/904/890 904/967/890 905/969/890
f 817/844/891 816/907/891 879/968/891 880/970/891
f 843/908/892 842/906/892 905/969/892 906/971/892
f 818/845/893 817/844/893 880/970/893 881/972/893
f 844/846/894 843/908/894 906/971/894 907/973/894
f 819/848/895 818/845/895 881/972/895 882/909/895
f 845/847/896 844/846/896 907/973/896 908/911/896
f 911/916/897 910/914/897 973/974/897 974/975/897
f 885/915/898 884/913/898 947/976/898 948/977/898
f 912/918/899 911/916/899 974/975/899 975/978/899
f 886/917/900 885/915/900 948/977/900 949/979/900
f 913/920/901 912/918/901 975/978/901 976/980/901
f 887/919/902 886/917/902 949/979/902 950/981/902
f 914/922/903 913/920/903 976/980/903 977/982/903
f 888/921/904 887/919/904 950/981/904 951/983/904
f 915/923/905 914/922/905 977/982/905 978/984/905
f 889/926/906 888/921/906 951/983/906 952/985/906
f 863/925/907 1/986/907 926/987/907
f 916/927/908 915/923/908 978/984/908 979/988/908
f 890/929/909 889/926/909 952/985/909 953/989/909
f 864/928/910 863/925/910 926/987/910 927/990/910
f 917/930/911 916/927/911 979/988/911 980/991/911
f 891/932/912 890/929/912 953/989/912 954/992/912
f 865/931/913 864/928/913 927/990/913 928/993/913
f 918/933/914 917/930/914 980/991/914 981/994/914
f 892/935/915 891/932/915 954/992/915 955/995/915
f 866/934/916 865/931/916 928/993/916 929/996/916
f 919/936/917 918/933/917 981/994/917 982/997/917
f 893/938/918 892/935/918 955/995/918 956/998/918
f 867/937/919 866/934/919 929/996/919 930/999/919
f 920/939/920 919/936/920 982/997/920 983/1000/920
f 894/941/921 893/938/921 956/998/921 957/1001/921
f 868/940/922 867/937/922 930/999/922 931/1002/922
f 921/942/923 920/939/923 983/1000/923 984/1003/923
f 895/944/924 894/941/924 957/1001/924 958/1004/924
f 869/943/925 868/940/925 931/1002/925 932/1005/925
f 922/945/926 921/942/926 984/1003/926 985/1006/926
f 896/947/927 895/944/927 958/1004/927 959/1007/927
f 870/946/928 869/943/928 932/1005/928 933/1008/928
f 923/948/929 922/945/929 985/1006/929 986/1009/929
f 897/950/930 896/947/930 959/1007/930 960/1010/930
f 871/949/931 870/946/931 933/1008/931 934/1011/931
f 924/951/932 923/948/932 986/1009/932 987/1012/932
f 898/953/933 897/950/933 960/1010/933 961/1013/933
f 872/952/934 871/949/934 934/1011/934 935/1014/934
f 925/954/935 924/951/935 987/1012/935 988/1015/935
f 899/956/936 898/953/936 961/1013/936 962/1016/936
f 873/955/937 872/952/937 935/1014/937 936/1017/937
f 43/1018/938 925/954/938 988/1015/938
f 900/959/939 899/956/939 962/1016/939 963/1019/939
f 874/958/940 873/955/940 936/1017/940 937/1020/940
f 901/961/941 900/959/941 963/1019/941 964/1021/941
f 875/960/942 874/958/942 937/1020/942 938/1022/942
f 902/963/943 901/961/943 964/1021/943 965/1023/943
f 876/962/944 875/960/944 938/1022/944 939/1024/944
f 903/965/945 902/963/945 965/1023/945 966/1025/945
f 877/964/946 876/962/946 939/1024/946 940/1026/946
f 904/967/947 903/965/947 966/1025/947 967/1027/947
f 878/966/948 877/964/948 940/1026/948 941/1028/948
f 905/969/949 904/967/949 967/1027/949 968/1029/949
f 879/968/950 878/966/950 941/1028/950 942/1030/950
f 906/971/951 905/969/951 968/1029/951 969/1031/951
f 880/970/952 879/968/952 942/1030/952 943/1032/952
f 907/973/953 906/971/953 969/1031/953 970/1033/953
f 881/972/954 880/970/954 943/1032/954 944/1034/954
f 908/911/955 907/973/955 970/1033/955 971/1035/955
f 882/909/956 881/972/956 944/1034/956 945/1036/956
f 909/912/957 908/911/957 971/1035/957 972/1037/957
f 883/910/958 882/909/958 945/1036/958 946/1038/958
f 910/914/959 909/912/959 972/1037/959 973/974/959
f 884/913/960 883/910/960 946/1038/960 947/976/960
f 976/980/961 975/978/961 1038/1039/961 1039/1040/961
f 950/981/962 949/979/962 1012/1041/962 1013/1042/962
f 977/982/963 976/980/963 1039/1040/963 1040/1043/963
f 951/983/964 950/981/964 1013/1042/964 1014/1044/964
f 978/984/965 977/982/965 1040/1043/965 1041/1045/965
f 952/985/966 951/983/966 1014/1044/966 1015/1046/966
f 926/987/967 1/1047/967 989/1048/967
f 979/988/968 978/984/968 1041/1045/968 1042/1049/968
f 953/989/969 952/985/969 1015/1046/969 1016/1050/969
f 927/990/970 926/987/970 989/1048/970 990/1051/970
f 980/991/971 979/988/971 1042/1049/971 1043/1052/971
f 954/992/972 953/989/972 1016/1050/972 1017/1053/972
f 928/993/973 927/990/973 990/1051/973 991/1054/973
f 981/994/974 980/991/974 1043/1052/974 1044/1055/974
f 955/995/975 954/992/975 1017/1053/975 1018/1056/975
f 929/996/976 928/993/976 991/1054/976 992/1057/976
f 982/997/977 981/994/977 1044/1055/977 1045/1058/977
f 956/998/978 955/995/978 1018/1056/978 1019/1059/978
f 930/999/979 929/996/979 992/1057/979 993/1060/979
f 983/1000/980 982/997/980 1045/1058/980 1046/1061/980
f 957/1001/981 956/998/981 1019/1059/981 1020/1062/981
f 931/1002/982 930/999/982 993/1060/982 994/1063/982
f 984/1003/983 983/1000/983 1046/1061/983 1047/1064/983
f 958/1004/984 957/1001/984 1020/1062/984 1021/1065/984
f 932/1005/985 931/1002/985 994/1063/985 995/1066/985
f 985/1006/986 984/1003/986 1047/1064/986 1048/1067/986
f 959/1007/987 958/1004/987 1021/1065/987 1022/1068/987
f 933/1008/988 932/1005/988 995/1066/988 996/1069/988
f 986/1009/989 985/1006/989 1048/1067/989 1049/1070/989
f 960/1010/990 959/1007/990 1022/1068/990 1023/1071/990
f 934/1011/991 933/1008/991 996/1069/991 997/1072/991
f 987/1012/992 986/1009/992 1049/1070/992 1050/1073/992
f 961/1013/993 960/1010/993 1023/1071/993 1024/1074/993
f 935/1014/994 934/1011/994 997/1072/994 998/1075/994
f 988/1015/995 987/1012/995 1050/1073/995 1051/1076/995
f 962/1016/996 961/1013/996 1024/1074/996 1025/1077/996
f 936/1017/997 935/1014/997 998/1075/997 999/1078/997
f 43/1079/998 988/1015/998 1051/1076/998
f 963/1019/999 962/1016/999 1025/1077/999 1026/1080/999
f 937/1020/1000 936/1017/1000 999/1078/1000 1000/1081/1000
f 964/1021/1001 963/1019/1001 1026/1080/1001 1027/1082/1001
f 938/1022/1002 937/1020/1002 1000/1081/1002 1001/1083/1002
f 965/1023/1003 964/1021/1003 1027/1082/1003 1028/1084/1003
f 939/1024/1004 938/1022/1004 1001/1083/1004 1002/1085/1004
f 966/1025/1005 965/1023/1005 1028/1084/1005 1029/1086/1005
f 940/1026/1006 939/1024/1006 1002/1085/1006 1003/1087/1006
f 967/1027/1007 966/1025/1007 1029/1086/1007 1030/1088/1007
f 941/1028/1008 940/1026/1008 1003/1087/1008 1004/1089/1008
f 968/1029/1009 967/1027/1009 1030/1088/1009 1031/1090/1009
f 942/1030/1010 941/1028/1010 1004/1089/1010 1005/1091/1010
f 969/1031/1011 968/1029/1011 1031/1090/1011 1032/1092/1011
f 943/1032/1012 942/1030/1012 1005/1091/1012 1006/1093/1012
f 970/1033/1013 969/1031/1013 1032/1092/1013 1033/1094/1013
f 944/1034/1014 943/1032/1014 1006/1093/1014 1007/1095/1014
f 971/1035/1015 970/1033/1015 1033/1094/1015 1034/1096/1015
f 945/1036/1016 944/1034/1016 1007/1095/1016 1008/1097/1016
f 972/1037/1017 971/1035/1017 1034/1096/1017 1035/1098/1017
f 946/1038/1018 945/1036/1018 1008/1097/1018 1009/1099/1018
f 973/974/1019 972/1037/1019 1035/1098/1019 1036/1100/1019
f 947/976/1020 946/1038/1020 1009/1099/1020 1010/1101/1020
f 974/975/1021 973/974/1021 1036/1100/1021 1037/1102/1021
f 948/977/1022 947/976/1022 1010/1101/1022 1011/1103/1022
f 975/978/1023 974/975/1023 1037/1102/1023 1038/1039/1023
f 949/979/1024 948/977/1024 1011/1103/1024 1012/1041/1024
f 1041/1045/1025 1040/1043/1025 1103/1104/1025 1104/1105/1025
f 1015/1046/1026 1014/1044/1026 1077/1106/1026 1078/1107/1026
f 989/1048/1027 1/1108/1027 1052/1109/1027
f 1042/1049/1028 1041/1045/1028 1104/1105/1028 1105/1110/1028
f 1016/1050/1029 1015/1046/1029 1078/1107/1029 1079/1111/1029
f 990/1051/1030 989/1048/1030 1052/1109/1030 1053/1112/1030
f 1043/1052/1031 1042/1049/1031 1105/1110/1031 1106/1113/1031
f 1017/1053/1032 1016/1050/1032 1079/1111/1032 1080/1114/1032
f 991/1054/1033 990/1051/1033 1053/1112/1033 1054/1115/1033
f 1044/1055/1034 1043/1052/1034 1106/1113/1034 1107/1116/1034
f 1018/1056/1035 1017/1053/1035 1080/1114/1035 1081/1117/1035
f 992/1057/1036 991/1054/1036 1054/1115/1036 1055/1118/1036
f 1045/1058/1037 1044/1055/1037 1107/1116/1037 1108/1119/1037
f 1019/1059/1038 1018/1056/1038 1081/1117/1038 1082/1120/1038
f 993/1060/1039 992/1057/1039 1055/1118/1039 1056/1121/1039
f 1046/1061/1040 1045/1058/1040 1108/1119/1040 1109/1122/1040
f 1020/1062/1041 1019/1059/1041 1082/1120/1041 1083/1123/1041
f 994/1063/1042 993/1060/1042 1056/1121/1042 1057/1124/1042
f 1047/1064/1043 1046/1061/1043 1109/1122/1043 1110/1125/1043
f 1021/1065/1044 1020/1062/1044 1083/1123/1044 1084/1126/1044
f 995/1066/1045 994/1063/1045 1057/1124/1045 1058/1127/1045
f 1048/1067/1046 1047/1064/1046 1110/1125/1046 1111/1128/1046
f 1022/1068/1047 1021/1065/1047 1084/1126/1047 1085/1129/1047
f 996/1069/1048 995/1066/1048 1058/1127/1048 1059/1130/1048
f 1049/1070/1049 1048/1067/1049 1111/1128/1049 1112/1131/1049
f 1023/1071/1050 1022/1068/1050 1085/1129/1050 1086/1132/1050
f 997/1072/1051 996/1069/1051 1059/1130/1051 1060/1133/1051
f 1050/1073/1052 1049/1070/1052 1112/1131/1052 1113/1134/1052
f 1024/1074/1053 1023/1071/1053 1086/1132/1053 1087/1135/1053
f 998/1075/1054 997/1072/1054 1060/1133/1054 1061/1136/1054
f 1051/1076/1055 1050/1073/1055 1113/1134/1055 1114/1137/1055
f 1025/1077/1056 1024/1074/1056 1087/1135/1056 1088/1138/1056
f 999/1078/1057 998/1075/1057 1061/1136/1057 1062/1139/1057
f 43/1140/1058 1051/1076/1058 1114/1137/1058
f 1026/1080/1059 1025/1077/1059 1088/1138/1059 1089/1141/1059
f 1000/1081/1060 999/1078/1060 1062/1139/1060 1063/1142/1060
f 1027/1082/1061 1026/1080/1061 1089/1141/1061 1090/1143/1061
f 1001/1083/1062 1000/1081/1062 1063/1142/1062 1064/1144/1062
f 1028/1084/1063 1027/1082/1063 1090/1143/1063 1091/1145/1063
f 1002/1085/1064 1001/1083/1064 1064/1144/1064 1065/1146/1064
f 1029/1086/1065 1028/1084/1065 1091/1145/1065 1092/1147/1065
f 1003/1087/1066 1002/1085/1066 1065/1146/1066 1066/1148/1066
f 1030/1088/1067 1029/1086/1067 1092/1147/1067 1093/1149/1067
f 1004/1089/1068 1003/1087/1068 1066/1148/1068 1067/1150/1068
f 1031/1090/1069 1030/1088/1069 1093/1149/1069 1094/1151/1069
f 1005/1091/1070 1004/1089/1070 1067/1150/1070 1068/1152/1070
f 1032/1092/1071 1031/1090/1071 1094/1151/1071 1095/1153/1071
f 1006/1093/1072 1005/1091/1072 1068/1152/1072 1069/1154/1072
f 1033/1094/1073 1032/1092/1073 1095/1153/1073 1096/1155/1073
f 1007/1095/1074 1006/1093/1074 1069/1154/1074 1070/1156/1074
f 1034/1096/1075 1033/1094/1075 1096/1155/1075 1097/1157/1075
f 1008/1097/1076 1007/1095/1076 1070/1156/1076 1071/1158/1076
f 1035/1098/1077 1034/1096/1077 1097/1157/1077 1098/1159/1077
f 1009/1099/1078 1008/1097/1078 1071/1158/1078 1072/1160/1078
f 1036/1100/1079 1035/1098/1079 1098/1159/1079 1099/1161/1079
f 1010/1101/1080 1009/1099/1080 1072/1160/1080 1073/1162/1080
f 1037/1102/1081 1036/1100/1081 1099/1161/1081 1100/1163/1081
f 1011/1103/1082 1010/1101/1082 1073/1162/1082 1074/1164/1082
f 1038/1039/1083 1037/1102/1083 1100/1163/1083 1101/1165/1083
f 1012/1041/1084 1011/1103/1084 1074/1164/1084 1075/1166/1084
f 1039/1040/1085 1038/1039/1085 1101/1165/1085 1102/1167/1085
f 1013/1042/1086 1012/1041/1086 1075/1166/1086 1076/1168/1086
f 1040/1043/1087 1039/1040/1087 1102/1167/1087 1103/1104/1087
f 1014/1044/1088 1013/1042/1088 1076/1168/1088 1077/1106/1088
f 1106/1113/1089 1105/1110/1089 1168/1169/1089 1169/1170/1089
f 1080/1114/1090 1079/1111/1090 1142/1171/1090 1143/1172/1090
f 1054/1115/1091 1053/1112/1091 1116/1173/1091 1117/1174/1091
f 1107/1116/1092 1106/1113/1092 1169/1170/1092 1170/1175/1092
f 1081/1117/1093 1080/1114/1093 1143/1172/1093 1144/1176/1093
f 1055/1118/1094 1054/1115/1094 1117/1174/1094 1118/1177/1094
f 1108/1119/1095 1107/1116/1095 1170/1175/1095 1171/1178/1095
f 1082/1120/1096 1081/1117/1096 1144/1176/1096 1145/1179/1096
f 1056/1121/1097 1055/1118/1097 1118/1177/1097 1119/1180/1097
f 1109/1122/1098 1108/1119/1098 1171/1178/1098 1172/1181/1098
f 1083/1123/1099 1082/1120/1099 1145/1179/1099 1146/1182/1099
f 1057/1124/1100 1056/1121/1100 1119/1180/1100 1120/1183/1100
f 1110/1125/1101 1109/1122/1101 1172/1181/1101 1173/1184/1101
f 1084/1126/1102 1083/1123/1102 1146/1182/1102 1147/1185/1102
f 1058/1127/1103 1057/1124/1103 1120/1183/1103 1121/1186/1103
f 1111/1128/1104 1110/1125/1104 1173/1184/1104 1174/1187/1104
f 1085/1129/1105 1084/1126/1105 1147/1185/1105 1148/1188/1105
f 1059/1130/1106 1058/1127/1106 1121/1186/1106 1122/1189/1106
f 1112/1131/1107 1111/1128/1107 1174/1187/1107 1175/1190/1107
f 1086/1132/1108 1085/1129/1108 1148/1188/1108 1149/1191/1108
f 1060/1133/1109 1059/1130/1109 1122/1189/1109 1123/1192/1109
f 1113/1134/1110 1112/1131/1110 1175/1190/1110 1176/1193/1110
f 1087/1135/1111 1086/1132/1111 1149/1191/1111 1150/1194/1111
f 1061/1136/1112 1060/1133/1112 1123/1192/1112 1124/1195/1112
f 1114/1137/1113 1113/1134/1113 1176/1193/1113 1177/1196/1113
f 1088/1138/1114 1087/1135/1114 1150/1194/1114 1151/1197/1114
f 1062/1139/1115 1061/1136/1115 1124/1195/1115 1125/1198/1115
f 43/1199/1116 1114/1137/1116 1177/1196/1116
f 1089/1141/1117 1088/1138/1117 1151/1197/1117 1152/1200/1117
f 1063/1142/1118 1062/1139/1118 1125/1198/1118 1126/1201/1118
f 1090/1143/1119 1089/1141/1119 1152/1200/1119 1153/1202/1119
f 1064/1144/1120 1063/1142/1120 1126/1201/1120 1127/1203/1120
f 1091/1145/1121 1090/1143/1121 1153/1202/1121 1154/1204/1121
f 1065/1146/1122 1064/1144/1122 1127/1203/1122 1128/1205/1122
f 1092/1147/1123 1091/1145/1123 1154/1204/1123 1155/1206/1123
f 1066/1148/1124 1065/1146/1124 1128/1205/1124 1129/1207/1124
f 1093/1149/1125 1092/1147/1125 1155/1206/1125 1156/1208/1125
f 1067/1150/1126 1066/1148/1126 1129/1207/1126 1130/1209/1126
f 1094/1151/1127 1093/1149/1127 1156/1208/1127 1157/1210/1127
f 1068/1152/1128 1067/1150/1128 1130/1209/1128 1131/1211/1128
f 1095/1153/1129 1094/1151/1129 1157/1210/1129 1158/1212/1129
f 1069/1154/1130 1068/1152/1130 1131/1211/1130 1132/1213/1130
f 1096/1155/1131 1095/1153/1131 1158/1212/1131 1159/1214/1131
f 1070/1156/1132 1069/1154/1132 1132/1213/1132 1133/1215/1132
f 1097/1157/1133 1096/1155/1133 1159/1214/1133 1160/1216/1133
f 1071/1158/1134 1070/1156/1134 1133/1215/1134 1134/1217/1134
f 1098/1159/1135 1097/1157/1135 1160/1216/1135 1161/1218/1135
f 1072/1160/1136 1071/1158/1136 1134/1217/1136 1135/1219/1136
f 1099/1161/1137 1098/1159/1137 1161/1218/1137 1162/1220/1137
f 1073/1162/1138 1072/1160/1138 1135/1219/1138 1136/1221/1138
f 1100/1163/1139 1099/1161/1139 1162/1220/1139 1163/1222/1139
f 1074/1164/1140 1073/1162/1140 1136/1221/1140 1137/1223/1140
f 1101/1165/1141 1100/1163/1141 1163/1222/1141 1164/1224/1141
f 1075/1166/1142 1074/1164/1142 1137/1223/1142 1138/1225/1142
f 1102/1167/1143 1101/1165/1143 1164/1224/1143 1165/1226/1143
f 1076/1168/1144 1075/1166/1144 1138/1225/1144 1139/1227/1144
f 1103/1104/1145 1102/1167/1145 1165/1226/1145 1166/1228/1145
f 1077/1106/1146 1076/1168/1146 1139/1227/1146 1140/1229/1146
f 1104/1105/1147 1103/1104/1147 1166/1228/1147 1167/1230/1147
f 1078/1107/1148 1077/1106/1148 1140/1229/1148 1141/1231/1148
f 1052/1109/1149 1/1232/1149 1115/1233/1149
f 1105/1110/1150 1104/1105/1150 1167/1230/1150 1168/1169/1150
f 1079/1111/1151 1078/1107/1151 1141/1231/1151 1142/1171/1151
f 1053/1112/1152 1052/1109/1152 1115/1233/1152 1116/1173/1152
f 1171/1178/1153 1170/1175/1153 1233/1234/1153 1234/1235/1153
f 1145/1179/1154 1144/1176/1154 1207/1236/1154 1208/1237/1154
f 1119/1180/1155 1118/1177/1155 1181/1238/1155 1182/1239/1155
f 1172/1181/1156 1171/1178/1156 1234/1235/1156 1235/1240/1156
f 1146/1182/1157 1145/1179/1157 1208/1237/1157 1209/1241/1157
f 1120/1183/1158 1119/1180/1158 1182/1239/1158 1183/1242/1158
f 1173/1184/1159 1172/1181/1159 1235/1240/1159 1236/1243/1159
f 1147/1185/1160 1146/1182/1160 1209/1241/1160 1210/1244/1160
f 1121/1186/1161 1120/1183/1161 1183/1242/1161 1184/1245/1161
f 1174/1187/1162 1173/1184/1162 1236/1243/1162 1237/1246/1162
f 1148/1188/1163 1147/1185/1163 1210/1244/1163 1211/1247/1163
f 1122/1189/1164 1121/1186/1164 1184/1245/1164 1185/1248/1164
f 1175/1190/1165 1174/1187/1165 1237/1246/1165 1238/1249/1165
f 1149/1191/1166 1148/1188/1166 1211/1247/1166 1212/1250/1166
f 1123/1192/1167 1122/1189/1167 1185/1248/1167 1186/1251/1167
f 1176/1193/1168 1175/1190/1168 1238/1249/1168 1239/1252/1168
f 1150/1194/1169 1149/1191/1169 1212/1250/1169 1213/1253/1169
f 1124/1195/1170 1123/1192/1170 1186/1251/1170 1187/1254/1170
f 1177/1196/1171 1176/1193/1171 1239/1252/1171 1240/1255/1171
f 1151/1197/1172 1150/1194/1172 1213/1253/1172 1214/1256/1172
f 1125/1198/1173 1124/1195/1173 1187/1254/1173 1188/1257/1173
f 43/1258/1174 1177/1196/1174 1240/1255/1174
f 1152/1200/1175 1151/1197/1175 1214/1256/1175 1215/1259/1175
f 1126/1201/1176 1125/1198/1176 1188/1257/1176 1189/1260/1176
f 1153/1202/1177 1152/1200/1177 1215/1259/1177 1216/1261/1177
f 1127/1203/1178 1126/1201/1178 1189/1260/1178 1190/1262/1178
f 1154/1204/1179 1153/1202/1179 1216/1261/1179 1217/1263/1179
f 1128/1205/1180 1127/1203/1180 1190/1262/1180 1191/1264/1180
f 1155/1206/1181 1154/1204/1181 1217/1263/1181 1218/1265/1181
f 1129/1207/1182 1128/1205/1182 1191/1264/1182 1192/1266/1182
f 1156/1208/1183 1155/1206/1183 1218/1265/1183 1219/1267/1183
f 1130/1209/1184 1129/1207/1184 1192/1266/1184 1193/1268/1184
f 1157/1210/1185 1156/1208/1185 1219/1267/1185 1220/1269/1185
f 1131/1211/1186 1130/1209/1186 1193/1268/1186 1194/1270/1186
f 1158/1212/1187 1157/1210/1187 1220/1269/1187 1221/1271/1187
f 1132/1213/1188 1131/1211/1188 1194/1270/1188 1195/1272/1188
f 1159/1214/1189 1158/1212/1189 1221/1271/1189 1222/1273/1189
f 1133/1215/1190 1132/1213/1190 1195/1272/1190 1196/1274/1190
f 1160/1216/1191 1159/1214/1191 1222/1273/1191 1223/1275/1191
f 1134/1217/1192 1133/1215/1192 1196/1274/1192 1197/1276/1192
f 1161/1218/1193 1160/1216/1193 1223/1275/1193 1224/1277/1193
f 1135/1219/1194 1134/1217/1194 1197/1276/1194 1198/1278/1194
f 1162/1220/1195 1161/1218/1195 1224/1277/1195 1225/1279/1195
f 1136/1221/1196 1135/1219/1196 1198/1278/1196 1199/1280/1196
f 1163/1222/1197 1162/1220/1197 1225/1279/1197 1226/1281/1197
f 1137/1223/1198 1136/1221/1198 1199/1280/1198 1200/1282/1198
f 1164/1224/1199 1163/1222/1199 1226/1281/1199 1227/1283/1199
f 1138/1225/1200 1137/1223/1200 1200/1282/1200 1201/1284/1200
f 1165/1226/1201 1164/1224/1201 1227/1283/1201 1228/1285/1201
f 1139/1227/1202 1138/1225/1202 1201/1284/1202 1202/1286/1202
f 1166/1228/1203 1165/1226/1203 1228/1285/1203 1229/1287/1203
f 1140/1229/1204 1139/1227/1204 1202/1286/1204 1203/1288/1204
f 1167/1230/1205 1166/1228/1205 1229/1287/1205 1230/1289/1205
f 1141/1231/1206 1140/1229/1206 1203/1288/1206 1204/1290/1206
f 1115/1233/1207 1/1291/1207 1178/1292/1207
f 1168/1169/1208 1167/1230/1208 1230/1289/1208 1231/1293/1208
f 1142/1171/1209 1141/1231/1209 1204/1290/1209 1205/1294/1209
f 1116/1173/1210 1115/1233/1210 1178/1292/1210 1179/1295/1210
f 1169/1170/1211 1168/1169/1211 1231/1293/1211 1232/1296/1211
f 1143/1172/1212 1142/1171/1212 1205/1294/1212 1206/1297/1212
f 1117/1174/1213 1116/1173/1213 1179/1295/1213 1180/1298/1213
f 1170/1175/1214 1169/1170/1214 1232/1296/1214 1233/1234/1214
f 1144/1176/1215 1143/1172/1215 1206/1297/1215 1207/1236/1215
f 1118/1177/1216 1117/1174/1216 1180/1298/1216 1181/1238/1216
f 1236/1243/1217 1235/1240/1217 1298/1299/1217 1299/1300/1217
f 1210/1244/1218 1209/1241/1218 1272/1301/1218 1273/1302/1218
f 1184/1245/1219 1183/1242/1219 1246/1303/1219 1247/1304/1219
f 1237/1246/1220 1236/1243/1220 1299/1300/1220 1300/1305/1220
f 1211/1247/1221 1210/1244/1221 1273/1302/1221 1274/1306/1221
f 1185/1248/1222 1184/1245/1222 1247/1304/1222 1248/1307/1222
f 1238/1249/1223 1237/1246/1223 1300/1305/1223 1301/1308/1223
f 1212/1250/1224 1211/1247/1224 1274/1306/1224 1275/1309/1224
f 1186/1251/1225 1185/1248/1225 1248/1307/1225 1249/1310/1225
f 1239/1252/1226 1238/1249/1226 1301/1308/1226 1302/1311/1226
f 1213/1253/1227 1212/1250/1227 1275/1309/1227 1276/1312/1227
f 1187/1254/1228 1186/1251/1228 1249/1310/1228 1250/1313/1228
f 1240/1255/1229 1239/1252/1229 1302/1311/1229 1303/1314/1229
f 1214/1256/1230 1213/1253/1230 1276/1312/1230 1277/1315/1230
f 1188/1257/1231 1187/1254/1231 1250/1313/1231 1251/1316/1231
f 43/1317/1232 1240/1255/1232 1303/1314/1232
f 1215/1259/1233 1214/1256/1233 1277/1315/1233 1278/1318/1233
f 1189/1260/1234 1188/1257/1234 1251/1316/1234 1252/1319/1234
f 1216/1261/1235 1215/1259/1235 1278/1318/1235 1279/1320/1235
f 1190/1262/1236 1189/1260/1236 1252/1319/1236 1253/1321/1236
f 1217/1263/1237 1216/1261/1237 1279/1320/1237 1280/1322/1237
f 1191/1264/1238 1190/1262/1238 1253/1321/1238 1254/1323/1238
f 1218/1265/1239 1217/1263/1239 1280/1322/1239 1281/1324/1239
f 1192/1266/1240 1191/1264/1240 1254/1323/1240 1255/1325/1240
f 1219/1267/1241 1218/1265/1241 1281/1324/1241 1282/1326/1241
f 1193/1268/1242 1192/1266/1242 1255/1325/1242 1256/1327/1242
f 1220/1269/1243 1219/1267/1243 1282/1326/1243 1283/1328/1243
f 1194/1270/1244 1193/1268/1244 1256/1327/1244 1257/1329/1244
f 1221/1271/1245 1220/1269/1245 1283/1328/1245 1284/1330/1245
f 1195/1272/1246 1194/1270/1246 1257/1329/1246 1258/1331/1246
f 1222/1273/1247 1221/1271/1247 1284/1330/1247 1285/1332/1247
f 1196/1274/1248 1195/1272/1248 1258/1331/1248 1259/1333/1248
f 1223/1275/1249 1222/1273/1249 1285/1332/1249 1286/1334/1249
f 1197/1276/1250 1196/1274/1250 1259/1333/1250 1260/1335/1250
f 1224/1277/1251 1223/1275/1251 1286/1334/1251 1287/1336/1251
f 1198/1278/1252 1197/1276/1252 1260/1335/1252 1261/1337/1252
f 1225/1279/1253 1224/1277/1253 1287/1336/1253 1288/1338/1253
f 1199/1280/1254 1198/1278/1254 1261/1337/1254 1262/1339/1254
f 1226/1281/1255 1225/1279/1255 1288/1338/1255 1289/1340/1255
f 1200/1282/1256 1199/1280/1256 1262/1339/1256 1263/1341/1256
f 1227/1283/1257 1226/1281/1257 1289/1340/1257 1290/1342/1257
f 1201/1284/1258 1200/1282/1258 1263/1341/1258 1264/1343/1258
f 1228/1285/1259 1227/1283/1259 1290/1342/1259 1291/1344/1259
f 1202/1286/1260 1201/1284/1260 1264/1343/1260 1265/1345/1260
f 1229/1287/1261 1228/1285/1261 1291/1344/1261 1292/1346/1261
f 1203/1288/1262 1202/1286/1262 1265/1345/1262 1266/1347/1262
f 1230/1289/1263 1229/1287/1263 1292/1346/1263 1293/1348/1263
f 1204/1290/1264 1203/1288/1264 1266/1347/1264 1267/1349/1264
f 1178/1292/1265 1/1350/1265 1241/1351/1265
f 1231/1293/1266 1230/1289/1266 1293/1348/1266 1294/1352/1266
f 1205/1294/1267 1204/1290/1267 1267/1349/1267 1268/1353/1267
f 1179/1295/1268 1178/1292/1268 1241/1351/1268 1242/1354/1268
f 1232/1296/1269 1231/1293/1269 1294/1352/1269 1295/1355/1269
f 1206/1297/1270 1205/1294/1270 1268/1353/1270 1269/1356/1270
f 1180/1298/1271 1179/1295/1271 1242/1354/1271 1243/1357/1271
f 1233/1234/1272 1232/1296/1272 1295/1355/1272 1296/1358/1272
f 1207/1236/1273 1206/1297/1273 1269/1356/1273 1270/1359/1273
f 1181/1238/1274 1180/1298/1274 1243/1357/1274 1244/1360/1274
f 1234/1235/1275 1233/1234/1275 1296/1358/1275 1297/1361/1275
f 1208/1237/1276 1207/1236/1276 1270/1359/1276 1271/1362/1276
f 1182/1239/1277 1181/1238/1277 1244/1360/1277 1245/1363/1277
f 1235/1240/1278 1234/1235/1278 1297/1361/1278 1298/1299/1278
f 1209/1241/1279 1208/1237/1279 1271/1362/1279 1272/1301/1279
f 1183/1242/1280 1182/1239/1280 1245/1363/1280 1246/1303/1280
f 1301/1308/1281 1300/1305/1281 1363/1364/1281 1364/1365/1281
f 1275/1309/1282 1274/1306/1282 1337/1366/1282 1338/1367/1282
f 1249/1310/1283 1248/1307/1283 1311/1368/1283 1312/1369/1283
f 1302/1311/1284 1301/1308/1284 1364/1365/1284 1365/1370/1284
f 1276/1312/1285 1275/1309/1285 1338/1367/1285 1339/1371/1285
f 1250/1313/1286 1249/1310/1286 1312/1369/1286 1313/1372/1286
f 1303/1314/1287 1302/1311/1287 1365/1370/1287 1366/1373/1287
f 1277/1315/1288 1276/1312/1288 1339/1371/1288 1340/1374/1288
f 1251/1316/1289 1250/1313/1289 1313/1372/1289 1314/1375/1289
f 43/1376/1290 1303/1314/1290 1366/1373/1290
f 1278/1318/1291 1277/1315/1291 1340/1374/1291 1341/1377/1291
f 1252/1319/1292 1251/1316/1292 1314/1375/1292 1315/1378/1292
f 1279/1320/1293 1278/1318/1293 1341/1377/1293 1342/1379/1293
f 1253/1321/1294 1252/1319/1294 1315/1378/1294 1316/1380/1294
f 1280/1322/1295 1279/1320/1295 1342/1379/1295 1343/1381/1295
f 1254/1323/1296 1253/1321/1296 1316/1380/1296 1317/1382/1296
f 1281/1324/1297 1280/1322/1297 1343/1381/1297 1344/1383/1297
f 1255/1325/1298 1254/1323/1298 1317/1382/1298 1318/1384/1298
f 1282/1326/1299 1281/1324/1299 1344/1383/1299 1345/1385/1299
f 1256/1327/1300 1255/1325/1300 1318/1384/1300 1319/1386/1300
f 1283/1328/1301 1282/1326/1301 1345/1385/1301 1346/1387/1301
f 1257/1329/1302 1256/1327/1302 1319/1386/1302 1320/1388/1302
f 1284/1330/1303 1283/1328/1303 1346/1387/1303 1347/1389/1303
f 1258/1331/1304 1257/1329/1304 1320/1388/1304 1321/1390/1304
f 1285/1332/1305 1284/1330/1305 1347/1389/1305 1348/1391/1305
f 1259/1333/1306 1258/1331/1306 1321/1390/1306 1322/1392/1306
f 1286/1334/1307 1285/1332/1307 1348/1391/1307 1349/1393/1307
f 1260/1335/1308 1259/1333/1308 1322/1392/1308 1323/1394/1308
f 1287/1336/1309 1286/1334/1309 1349/1393/1309 1350/1395/1309
f 1261/1337/1310 1260/1335/1310 1323/1394/1310 1324/1396/1310
f 1288/1338/1311 1287/1336/1311 1350/1395/1311 1351/1397/1311
f 1262/1339/1312 1261/1337/1312 1324/1396/1312 1325/1398/1312
f 1289/1340/1313 1288/1338/1313 1351/1397/1313 1352/1399/1313
f 1263/1341/1314 1262/1339/1314 1325/1398/1314 1326/1400/1314
f 1290/1342/1315 1289/1340/1315 1352/1399/1315 1353/1401/1315
f 1264/1343/1316 1263/1341/1316 1326/1400/1316 1327/1402/1316
f 1291/1344/1317 1290/1342/1317 1353/1401/1317 1354/1403/1317
f 1265/1345/1318 1264/1343/1318 1327/1402/1318 1328/1404/1318
f 1292/1346/1319 1291/1344/1319 1354/1403/1319 1355/1405/1319
f 1266/1347/1320 1265/1345/1320 1328/1404/1320 1329/1406/1320
f 1293/1348/1321 1292/1346/1321 1355/1405/1321 1356/1407/1321
f 1267/1349/1322 1266/1347/1322 1329/1406/1322 1330/1408/1322
f 1241/1351/1323 1/1409/1323 1304/1410/1323
f 1294/1352/1324 1293/1348/1324 1356/1407/1324 1357/1411/1324
f 1268/1353/1325 1267/1349/1325 1330/1408/1325 1331/1412/1325
f 1242/1354/1326 1241/1351/1326 1304/1410/1326 1305/1413/1326
f 1295/1355/1327 1294/1352/1327 1357/1411/1327 1358/1414/1327
f 1269/1356/1328 1268/1353/1328 1331/1412/1328 1332/1415/1328
f 1243/1357/1329 1242/1354/1329 1305/1413/1329 1306/1416/1329
f 1296/1358/1330 1295/1355/1330 1358/1414/1330 1359/1417/1330
f 1270/1359/1331 1269/1356/1331 1332/1415/1331 1333/1418/1331
f 1244/1360/1332 1243/1357/1332 1306/1416/1332 1307/1419/1332
f 1297/1361/1333 1296/1358/1333 1359/1417/1333 1360/1420/1333
f 1271/1362/1334 1270/1359/1334 1333/1418/1334 1334/1421/1334
f 1245/1363/1335 1244/1360/1335 1307/1419/1335 1308/1422/1335
f 1298/1299/1336 1297/1361/1336 1360/1420/1336 1361/1423/1336
f 1272/1301/1337 1271/1362/1337 1334/1421/1337 1335/1424/1337
f 1246/1303/1338 1245/1363/1338 1308/1422/1338 1309/1425/1338
f 1299/1300/1339 1298/1299/1339 1361/1423/1339 1362/1426/1339
f 1273/1302/1340 1272/1301/1340 1335/1424/1340 1336/1427/1340
f 1247/1304/1341 1246/1303/1341 1309/1425/1341 1310/1428/1341
f 1300/1305/1342 1299/1300/1342 1362/1426/1342 1363/1364/1342
f 1274/1306/1343 1273/1302/1343 1336/1427/1343 1337/1366/1343
f 1248/1307/1344 1247/1304/1344 1310/1428/1344 1311/1368/1344
f 1366/1373/1345 1365/1370/1345 1428/1429/1345 1429/1430/1345
f 1340/1374/1346 1339/1371/1346 1402/1431/1346 1403/1432/1346
f 1314/1375/1347 1313/1372/1347 1376/1433/1347 1377/1434/1347
f 43/1435/1348 1366/1373/1348 1429/1430/1348
f 1341/1377/1349 1340/1374/1349 1403/1432/1349 1404/1436/1349
f 1315/1378/1350 1314/1375/1350 1377/1434/1350 1378/1437/1350
f 1342/1379/1351 1341/1377/1351 1404/1436/1351 1405/1438/1351
f 1316/1380/1352 1315/1378/1352 1378/1437/1352 1379/1439/1352
f 1343/1381/1353 1342/1379/1353 1405/1438/1353 1406/1440/1353
f 1317/1382/1354 1316/1380/1354 1379/1439/1354 1380/1441/1354
f 1344/1383/1355 1343/1381/1355 1406/1440/1355 1407/1442/1355
f 1318/1384/1356 1317/1382/1356 1380/1441/1356 1381/1443/1356
f 1345/1385/1357 1344/1383/1357 1407/1442/1357 1408/1444/1357
f 1319/1386/1358 1318/1384/1358 1381/1443/1358 1382/1445/1358
f 1346/1387/1359 1345/1385/1359 1408/1444/1359 1409/1446/1359
f 1320/1388/1360 1319/1386/1360 1382/1445/1360 1383/1447/1360
f 1347/1389/1361 1346/1387/1361 1409/1446/1361 1410/1448/1361
f 1321/1390/1362 1320/1388/1362 1383/1447/1362 1384/1449/1362
f 1348/1391/1363 1347/1389/1363 1410/1448/1363 1411/1450/1363
f 1322/1392/1364 1321/1390/1364 1384/1449/1364 1385/1451/1364
f 1349/1393/1365 1348/1391/1365 1411/1450/1365 1412/1452/1365
f 1323/1394/1366 1322/1392/1366 1385/1451/1366 1386/1453/1366
f 1350/1395/1367 1349/1393/1367 1412/1452/1367 1413/1454/1367
f 1324/1396/1368 1323/1394/1368 1386/1453/1368 1387/1455/1368
f 1351/1397/1369 1350/1395/1369 1413/1454/1369 1414/1456/1369
f 1325/1398/1370 1324/1396/1370 1387/1455/1370 1388/1457/1370
f 1352/1399/1371 1351/1397/1371 1414/1456/1371 1415/1458/1371
f 1326/1400/1372 1325/1398/1372 1388/1457/1372 1389/1459/1372
f 1353/1401/1373 1352/1399/1373 1415/1458/1373 1416/1460/1373
f 1327/1402/1374 1326/1400/1374 1389/1459/1374 1390/1461/1374
f 1354/1403/1375 1353/1401/1375 1416/1460/1375 1417/1462/1375
f 1328/1404/1376 1327/1402/1376 1390/1461/1376 1391/1463/1376
f 1355/1405/1377 1354/1403/1377 1417/1462/1377 1418/1464/1377
f 1329/1406/1378 1328/1404/1378 1391/1463/1378 1392/1465/1378
f 1356/1407/1379 1355/1405/1379 1418/1464/1379 1419/1466/1379
f 1330/1408/1380 1329/1406/1380 1392/1465/1380 1393/1467/1380
f 1304/1410/1381 1/1468/1381 1367/1469/1381
f 1357/1411/1382 1356/1407/1382 1419/1466/1382 1420/1470/1382
f 1331/1412/1383 1330/1408/1383 1393/1467/1383 1394/1471/1383
f 1305/1413/1384 1304/1410/1384 1367/1469/1384 1368/1472/1384
f 1358/1414/1385 1357/1411/1385 1420/1470/1385 1421/1473/1385
f 1332/1415/1386 1331/1412/1386 1394/1471/1386 1395/1474/1386
f 1306/1416/1387 1305/1413/1387 1368/1472/1387 1369/1475/1387
f 1359/1417/1388 1358/1414/1388 1421/1473/1388 1422/1476/1388
f 1333/1418/1389 1332/1415/1389 1395/1474/1389 1396/1477/1389
f 1307/1419/1390 1306/1416/1390 1369/1475/1390 1370/1478/1390
f 1360/1420/1391 1359/1417/1391 1422/1476/1391 1423/1479/1391
f 1334/1421/1392 1333/1418/1392 1396/1477/1392 1397/1480/1392
f 1308/1422/1393 1307/1419/1393 1370/1478/1393 1371/1481/1393
f 1361/1423/1394 1360/1420/1394 1423/1479/1394 1424/1482/1394
f 1335/1424/1395 1334/1421/1395 1397/1480/1395 1398/1483/1395
f 1309/1425/1396 1308/1422/1396 1371/1481/1396 1372/1484/1396
f 1362/1426/1397 1361/1423/1397 1424/1482/1397 1425/1485/1397
f 1336/1427/1398 1335/1424/1398 1398/1483/1398 1399/1486/1398
f 1310/1428/1399 1309/1425/1399 1372/1484/1399 1373/1487/1399
f 1363/1364/1400 1362/1426/1400 1425/1485/1400 1426/1488/1400
f 1337/1366/1401 1336/1427/1401 1399/1486/1401 1400/1489/1401
f 1311/1368/1402 1310/1428/1402 1373/1487/1402 1374/1490/1402
f 1364/1365/1403 1363/1364/1403 1426/1488/1403 1427/1491/1403
f 1338/1367/1404 1337/1366/1404 1400/1489/1404 1401/1492/1404
f 1312/1369/1405 1311/1368/1405 1374/1490/1405 1375/1493/1405
f 1365/1370/1406 1364/1365/1406 1427/1491/1406 1428/1429/1406
f 1339/1371/1407 1338/1367/1407 1401/1492/1407 1402/1431/1407
f 1313/1372/1408 1312/1369/1408 1375/1493/1408 1376/1433/1408
f 1405/1438/1409 1404/1436/1409 1467/1494/1409 1468/1495/1409
f 1379/1439/1410 1378/1437/1410 1441/1496/1410 1442/1497/1410
f 1406/1440/1411 1405/1438/1411 1468/1495/1411 1469/1498/1411
f 1380/1441/1412 1379/1439/1412 1442/1497/1412 1443/1499/1412
f 1407/1442/1413 1406/1440/1413 1469/1498/1413 1470/1500/1413
f 1381/1443/1414 1380/1441/1414 1443/1499/1414 1444/1501/1414
f 1408/1444/1415 1407/1442/1415 1470/1500/1415 1471/1502/1415
f 1382/1445/1416 1381/1443/1416 1444/1501/1416 1445/1503/1416
f 1409/1446/1417 1408/1444/1417 1471/1502/1417 1472/1504/1417
f 1383/1447/1418 1382/1445/1418 1445/1503/1418 1446/1505/1418
f 1410/1448/1419 1409/1446/1419 1472/1504/1419 1473/1506/1419
f 1384/1449/1420 1383/1447/1420 1446/1505/1420 1447/1507/1420
f 1411/1450/1421 1410/1448/1421 1473/1506/1421 1474/1508/1421
f 1385/1451/1422 1384/1449/1422 1447/1507/1422 1448/1509/1422
f 1412/1452/1423 1411/1450/1423 1474/1508/1423 1475/1510/1423
f 1386/1453/1424 1385/1451/1424 1448/1509/1424 1449/1511/1424
f 1413/1454/1425 1412/1452/1425 1475/1510/1425 1476/1512/1425
f 1387/1455/1426 1386/1453/1426 1449/1511/1426 1450/1513/1426
f 1414/1456/1427 1413/1454/1427 1476/1512/1427 1477/1514/1427
f 1388/1457/1428 1387/1455/1428 1450/1513/1428 1451/1515/1428
f 1415/1458/1429 1414/1456/1429 1477/1514/1429 1478/1516/1429
f 1389/1459/1430 1388/1457/1430 1451/1515/1430 1452/1517/1430
f 1416/1460/1431 1415/1458/1431 1478/1516/1431 1479/1518/1431
f 1390/1461/1432 1389/1459/1432 1452/1517/1432 1453/1519/1432
f 1417/1462/1433 1416/1460/1433 1479/1518/1433 1480/1520/1433
f 1391/1463/1434 1390/1461/1434 1453/1519/1434 1454/1521/1434
f 1418/1464/1435 1417/1462/1435 1480/1520/1435 1481/1522/1435
f 1392/1465/1436 1391/1463/1436 1454/1521/1436 1455/1523/1436
f 1419/1466/1437 1418/1464/1437 1481/1522/1437 1482/1524/1437
f 1393/1467/1438 1392/1465/1438 1455/1523/1438 1456/1525/1438
f 1367/1469/1439 1/1526/1439 1430/1527/1439
f 1420/1470/1440 1419/1466/1440 1482/1524/1440 1483/1528/1440
f 1394/1471/1441 1393/1467/1441 1456/1525/1441 1457/1529/1441
f 1368/1472/1442 1367/1469/1442 1430/1527/1442 1431/1530/1442
f 1421/1473/1443 1420/1470/1443 1483/1528/1443 1484/1531/1443
f 1395/1474/1444 1394/1471/1444 1457/1529/1444 1458/1532/1444
f 1369/1475/1445 1368/1472/1445 1431/1530/1445 1432/1533/1445
f 1422/1476/1446 1421/1473/1446 1484/1531/1446 1485/1534/1446
f 1396/1477/1447 1395/1474/1447 1458/1532/1447 1459/1535/1447
f 1370/1478/1448 1369/1475/1448 1432/1533/1448 1433/1536/1448
f 1423/1479/1449 1422/1476/1449 1485/1534/1449 1486/1537/1449
f 1397/1480/1450 1396/1477/1450 1459/1535/1450 1460/1538/1450
f 1371/1481/1451 1370/1478/1451 1433/1536/1451 1434/1539/1451
f 1424/1482/1452 1423/1479/1452 1486/1537/1452 1487/1540/1452
f 1398/1483/1453 1397/1480/1453 1460/1538/1453 1461/1541/1453
f 1372/1484/1454 1371/1481/1454 1434/1539/1454 1435/1542/1454
f 1425/1485/1455 1424/1482/1455 1487/1540/1455 1488/1543/1455
f 1399/1486/1456 1398/1483/1456 1461/1541/1456 1462/1544/1456
f 1373/1487/1457 1372/1484/1457 1435/1542/1457 1436/1545/1457
f 1426/1488/1458 1425/1485/1458 1488/1543/1458 1489/1546/1458
f 1400/1489/1459 1399/1486/1459 1462/1544/1459 1463/1547/1459
f 1374/1490/1460 1373/1487/1460 1436/1545/1460 1437/1548/1460
f 1427/1491/1461 1426/1488/1461 1489/1546/1461 1490/1549/1461
f 1401/1492/1462 1400/1489/1462 1463/1547/1462 1464/1550/1462
f 1375/1493/1463 1374/1490/1463 1437/1548/1463 1438/1551/1463
f 1428/1429/1464 1427/1491/1464 1490/1549/1464 1491/1552/1464
f 1402/1431/1465 1401/1492/1465 1464/1550/1465 1465/1553/1465
f 1376/1433/1466 1375/1493/1466 1438/1551/1466 1439/1554/1466
f 1429/1430/1467 1428/1429/1467 1491/1552/1467 1492/1555/1467
f 1403/1432/1468 1402/1431/1468 1465/1553/1468 1466/1556/1468
f 1377/1434/1469 1376/1433/1469 1439/1554/1469 1440/1557/1469
f 43/1558/1470 1429/1430/1470 1492/1555/1470
f 1404/1436/1471 1403/1432/1471 1466/1556/1471 1467/1494/1471
f 1378/1437/1472 1377/1434/1472 1440/1557/1472 1441/1496/1472
f 1470/1500/1473 1469/1498/1473 1532/1559/1473 1533/1560/1473
f 1444/1501/1474 1443/1499/1474 1506/1561/1474 1507/1562/1474
f 1471/1502/1475 1470/1500/1475 1533/1560/1475 1534/1563/1475
f 1445/1503/1476 1444/1501/1476 1507/1562/1476 1508/1564/1476
f 1472/1504/1477 1471/1502/1477 1534/1563/1477 1535/1565/1477
f 1446/1505/1478 1445/1503/1478 1508/1564/1478 1509/1566/1478
f 1473/1506/1479 1472/1504/1479 1535/1565/1479 1536/1567/1479
f 1447/1507/1480 1446/1505/1480 1509/1566/1480 1510/1568/1480
f 1474/1508/1481 1473/1506/1481 1536/1567/1481 1537/1569/1481
f 1448/1509/1482 1447/1507/1482 1510/1568/1482 1511/1570/1482
f 1475/1510/1483 1474/1508/1483 1537/1569/1483 1538/1571/1483
f 1449/1511/1484 1448/1509/1484 1511/1570/1484 1512/1572/1484
f 1476/1512/1485 1475/1510/1485 1538/1571/1485 1539/1573/1485
f 1450/1513/1486 1449/1511/1486 1512/1572/1486 1513/1574/1486
f 1477/1514/1487 1476/1512/1487 1539/1573/1487 1540/1575/1487
f 1451/1515/1488 1450/1513/1488 1513/1574/1488 1514/1576/1488
f 1478/1516/1489 1477/1514/1489 1540/1575/1489 1541/1577/1489
f 1452/1517/1490 1451/1515/1490 1514/1576/1490 1515/1578/1490
f 1479/1518/1491 1478/1516/1491 1541/1577/1491 1542/1579/1491
f 1453/1519/1492 1452/1517/1492 1515/1578/1492 1516/1580/1492
f 1480/1520/1493 1479/1518/1493 1542/1579/1493 1543/1581/1493
f 1454/1521/1494 1453/1519/1494 1516/1580/1494 1517/1582/1494
f 1481/1522/1495 1480/1520/1495 1543/1581/1495 1544/1583/1495
f 1455/1523/1496 1454/1521/1496 1517/1582/1496 1518/1584/1496
f 1482/1524/1497 1481/1522/1497 1544/1583/1497 1545/1585/1497
f 1456/1525/1498 1455/1523/1498 1518/1584/1498 1519/1586/1498
f 1430/1527/1499 1/1587/1499 1493/1588/1499
f 1483/1528/1500 1482/1524/1500 1545/1585/1500 1546/1589/1500
f 1457/1529/1501 1456/1525/1501 1519/1586/1501 1520/1590/1501
f 1431/1530/1502 1430/1527/1502 1493/1588/1502 1494/1591/1502
f 1484/1531/1503 1483/1528/1503 1546/1589/1503 1547/1592/1503
f 1458/1532/1504 1457/1529/1504 1520/1590/1504 1521/1593/1504
f 1432/1533/1505 1431/1530/1505 1494/1591/1505 1495/1594/1505
f 1485/1534/1506 1484/1531/1506 1547/1592/1506 1548/1595/1506
f 1459/1535/1507 1458/1532/1507 1521/1593/1507 1522/1596/1507
f 1433/1536/1508 1432/1533/1508 1495/1594/1508 1496/1597/1508
f 1486/1537/1509 1485/1534/1509 1548/1595/1509 1549/1598/1509
f 1460/1538/1510 1459/1535/1510 1522/1596/1510 1523/1599/1510
f 1434/1539/1511 1433/1536/1511 1496/1597/1511 1497/1600/1511
f 1487/1540/1512 1486/1537/1512 1549/1598/1512 1550/1601/1512
f 1461/1541/1513 1460/1538/1513 1523/1599/1513 1524/1602/1513
f 1435/1542/1514 1434/1539/1514 1497/1600/1514 1498/1603/1514
f 1488/1543/1515 1487/1540/1515 1550/1601/1515 1551/1604/1515
f 1462/1544/1516 1461/1541/1516 1524/1602/1516 1525/1605/1516
f 1436/1545/1517 1435/1542/1517 1498/1603/1517 1499/1606/1517
f 1489/1546/1518 1488/1543/1518 1551/1604/1518 1552/1607/1518
f 1463/1547/1519 1462/1544/1519 1525/1605/1519 1526/1608/1519
f 1437/1548/1520 1436/1545/1520 1499/1606/1520 1500/1609/1520
f 1490/1549/1521 1489/1546/1521 1552/1607/1521 1553/1610/1521
f 1464/1550/1522 1463/1547/1522 1526/1608/1522 1527/1611/1522
f 1438/1551/1523 1437/1548/1523 1500/1609/1523 1501/1612/1523
f 1491/1552/1524 1490/1549/1524 1553/1610/1524 1554/1613/1524
f 1465/1553/1525 1464/1550/1525 1527/1611/1525 1528/1614/1525
f 1439/1554/1526 1438/1551/1526 1501/1612/1526 1502/1615/1526
f 1492/1555/1527 1491/1552/1527 1554/1613/1527 1555/1616/1527
f 1466/1556/1528 1465/1553/1528 1528/1614/1528 1529/1617/1528
f 1440/1557/1529 1439/1554/1529 1502/1615/1529 1503/1618/1529
f 43/1619/1530 1492/1555/1530 1555/1616/1530
f 1467/1494/1531 1466/1556/1531 1529/1617/1531 1530/1620/1531
f 1441/1496/1532 1440/1557/1532 1503/1618/1532 1504/1621/1532
f 1468/1495/1533 1467/1494/1533 1530/1620/1533 1531/1622/1533
f 1442/1497/1534 1441/1496/1534 1504/1621/1534 1505/1623/1534
f 1469/1498/1535 1468/1495/1535 1531/1622/1535 1532/1559/1535
f 1443/1499/1536 1442/1497/1536 1505/1623/1536 1506/1561/1536
f 1535/1565/1537 1534/1563/1537 1597/1624/1537 1598/1625/1537
f 1509/1566/1538 1508/1564/1538 1571/1626/1538 1572/1627/1538
f 1536/1567/1539 1535/1565/1539 1598/1625/1539 1599/1628/1539
f 1510/1568/1540 1509/1566/1540 1572/1627/1540 1573/1629/1540
f 1537/1569/1541 1536/1567/1541 1599/1628/1541 1600/1630/1541
f 1511/1570/1542 1510/1568/1542 1573/1629/1542 1574/1631/1542
f 1538/1571/1543 1537/1569/1543 1600/1630/1543 1601/1632/1543
f 1512/1572/1544 1511/1570/1544 1574/1631/1544 1575/1633/1544
f 1539/1573/1545 1538/1571/1545 1601/1632/1545 1602/1634/1545
f 1513/1574/1546 1512/1572/1546 1575/1633/1546 1576/1635/1546
f 1540/1575/1547 1539/1573/1547 1602/1634/1547 1603/1636/1547
f 1514/1576/1548 1513/1574/1548 1576/1635/1548 1577/1637/1548
f 1541/1577/1549 1540/1575/1549 1603/1636/1549 1604/1638/1549
f 1515/1578/1550 1514/1576/1550 1577/1637/1550 1578/1639/1550
f 1542/1579/1551 1541/1577/1551 1604/1638/1551 1605/1640/1551
f 1516/1580/1552 1515/1578/1552 1578/1639/1552 1579/1641/1552
f 1543/1581/1553 1542/1579/1553 1605/1640/1553 1606/1642/1553
f 1517/1582/1554 1516/1580/1554 1579/1641/1554 1580/1643/1554
f 1544/1583/1555 1543/1581/1555 1606/1642/1555 1607/1644/1555
f 1518/1584/1556 1517/1582/1556 1580/1643/1556 1581/1645/1556
f 1545/1585/1557 1544/1583/1557 1607/1644/1557 1608/1646/1557
f 1519/1586/1558 1518/1584/1558 1581/1645/1558 1582/1647/1558
f 1493/1588/1559 1/1648/1559 1556/1649/1559
f 1546/1589/1560 1545/1585/1560 1608/1646/1560 1609/1650/1560
f 1520/1590/1561 1519/1586/1561 1582/1647/1561 1583/1651/1561
f 1494/1591/1562 1493/1588/1562 1556/1649/1562 1557/1652/1562
f 1547/1592/1563 1546/1589/1563 1609/1650/1563 1610/1653/1563
f 1521/1593/1564 1520/1590/1564 1583/1651/1564 1584/1654/1564
f 1495/1594/1565 1494/1591/1565 1557/1652/1565 1558/1655/1565
f 1548/1595/1566 1547/1592/1566 1610/1653/1566 1611/1656/1566
f 1522/1596/1567 1521/1593/1567 1584/1654/1567 1585/1657/1567
f 1496/1597/1568 1495/1594/1568 1558/1655/1568 1559/1658/1568
f 1549/1598/1569 1548/1595/1569 1611/1656/1569 1612/1659/1569
f 1523/1599/1570 1522/1596/1570 1585/1657/1570 1586/1660/1570
f 1497/1600/1571 1496/1597/1571 1559/1658/1571 1560/1661/1571
f 1550/1601/1572 1549/1598/1572 1612/1659/1572 1613/1662/1572
f 1524/1602/1573 1523/1599/1573 1586/1660/1573 1587/1663/1573
f 1498/1603/1574 1497/1600/1574 1560/1661/1574 1561/1664/1574
f 1551/1604/1575 1550/1601/1575 1613/1662/1575 1614/1665/1575
f 1525/1605/1576 1524/1602/1576 1587/1663/1576 1588/1666/1576
f 1499/1606/1577 1498/1603/1577 1561/1664/1577 1562/1667/1577
f 1552/1607/1578 1551/1604/1578 1614/1665/1578 1615/1668/1578
f 1526/1608/1579 1525/1605/1579 1588/1666/1579 1589/1669/1579
f 1500/1609/1580 1499/1606/1580 1562/1667/1580 1563/1670/1580
f 1553/1610/1581 1552/1607/1581 1615/1668/1581 1616/1671/1581
f 1527/1611/1582 1526/1608/1582 1589/1669/1582 1590/1672/1582
f 1501/1612/1583 1500/1609/1583 1563/1670/1583 1564/1673/1583
f 1554/1613/1584 1553/1610/1584 1616/1671/1584 1617/1674/1584
f 1528/1614/1585 1527/1611/1585 1590/1672/1585 1591/1675/1585
f 1502/1615/1586 1501/1612/1586 1564/1673/1586 1565/1676/1586
f 1555/1616/1587 1554/1613/1587 1617/1674/1587 1618/1677/1587
f 1529/1617/1588 1528/1614/1588 1591/1675/1588 1592/1678/1588
f 1503/1618/1589 1502/1615/1589 1565/1676/1589 1566/1679/1589
f 43/1680/1590 1555/1616/1590 1618/1677/1590
f 1530/1620/1591 1529/1617/1591 1592/1678/1591 1593/1681/1591
f 1504/1621/1592 1503/1618/1592 1566/1679/1592 1567/1682/1592
f 1531/1622/1593 1530/1620/1593 1593/1681/1593 1594/1683/1593
f 1505/1623/1594 1504/1621/1594 1567/1682/1594 1568/1684/1594
f 1532/1559/1595 1531/1622/1595 1594/1683/1595 1595/1685/1595
f 1506/1561/1596 1505/1623/1596 1568/1684/1596 1569/1686/1596
f 1533/1560/1597 1532/1559/1597 1595/1685/1597 1596/1687/1597
f 1507/1562/1598 1506/1561/1598 1569/1686/1598 1570/1688/1598
f 1534/1563/1599 1533/1560/1599 1596/1687/1599 1597/1624/1599
f 1508/1564/1600 1507/1562/1600 1570/1688/1600 1571/1626/1600
f 1600/1630/1601 1599/1628/1601 1662/1689/1601 1663/1690/1601
f 1574/1631/1602 1573/1629/1602 1636/1691/1602 1637/1692/1602
f 1601/1632/1603 1600/1630/1603 1663/1690/1603 1664/1693/1603
f 1575/1633/1604 1574/1631/1604 1637/1692/1604 1638/1694/1604
f 1602/1634/1605 1601/1632/1605 1664/1693/1605 1665/1695/1605
f 1576/1635/1606 1575/1633/1606 1638/1694/1606 1639/1696/1606
f 1603/1636/1607 1602/1634/1607 1665/1695/1607 1666/1697/1607
f 1577/1637/1608 1576/1635/1608 1639/1696/1608 1640/1698/1608
f 1604/1638/1609 1603/1636/1609 1666/1697/1609 1667/1699/1609
f 1578/1639/1610 1577/1637/1610 1640/1698/1610 1641/1700/1610
f 1605/1640/1611 1604/1638/1611 1667/1699/1611 1668/1701/1611
f 1579/1641/1612 1578/1639/1612 1641/1700/1612 1642/1702/1612
f 1606/1642/1613 1605/1640/1613 1668/1701/1613 1669/1703/1613
f 1580/1643/1614 1579/1641/1614 1642/1702/1614 1643/1704/1614
f 1607/1644/1615 1606/1642/1615 1669/1703/1615 1670/1705/1615
f 1581/1645/1616 1580/1643/1616 1643/1704/1616 1644/1706/1616
f 1608/1646/1617 1607/1644/1617 1670/1705/1617 1671/1707/1617
f 1582/1647/1618 1581/1645/1618 1644/1706/1618 1645/1708/1618
f 1556/1649/1619 1/1709/1619 1619/1710/1619
f 1609/1650/1620 1608/1646/1620 1671/1707/1620 1672/1711/1620
f 1583/1651/1621 1582/1647/1621 1645/1708/1621 1646/1712/1621
f 1557/1652/1622 1556/1649/1622 1619/1710/1622 1620/1713/1622
f 1610/1653/1623 1609/1650/1623 1672/1711/1623 1673/1714/1623
f 1584/1654/1624 1583/1651/1624 1646/1712/1624 1647/1715/1624
f 1558/1655/1625 1557/1652/1625 1620/1713/1625 1621/1716/1625
f 1611/1656/1626 1610/1653/1626 1673/1714/1626 1674/1717/1626
f 1585/1657/1627 1584/1654/1627 1647/1715/1627 1648/1718/1627
f 1559/1658/1628 1558/1655/1628 1621/1716/1628 1622/1719/1628
f 1612/1659/1629 1611/1656/1629 1674/1717/1629 1675/1720/1629
f 1586/1660/1630 1585/1657/1630 1648/1718/1630 1649/1721/1630
f 1560/1661/1631 1559/1658/1631 1622/1719/1631 1623/1722/1631
f 1613/1662/1632 1612/1659/1632 1675/1720/1632 1676/1723/1632
f 1587/1663/1633 1586/1660/1633 1649/1721/1633 1650/1724/1633
f 1561/1664/1634 1560/1661/1634 1623/1722/1634 1624/1725/1634
f 1614/1665/1635 1613/1662/1635 1676/1723/1635 1677/1726/1635
f 1588/1666/1636 1587/1663/1636 1650/1724/1636 1651/1727/1636
f 1562/1667/1637 1561/1664/1637 1624/1725/1637 1625/1728/1637
f 1615/1668/1638 1614/1665/1638 1677/1726/1638 1678/1729/1638
f 1589/1669/1639 1588/1666/1639 1651/1727/1639 1652/1730/1639
f 1563/1670/1640 1562/1667/1640 1625/1728/1640 1626/1731/1640
f 1616/1671/1641 1615/1668/1641 1678/1729/1641 1679/1732/1641
f 1590/1672/1642 1589/1669/1642 1652/1730/1642 1653/1733/1642
f 1564/1673/1643 1563/1670/1643 1626/1731/1643 1627/1734/1643
f 1617/1674/1644 1616/1671/1644 1679/1732/1644 1680/1735/1644
f 1591/1675/1645 1590/1672/1645 1653/1733/1645 1654/1736/1645
f 1565/1676/1646 1564/1673/1646 1627/1734/1646 1628/1737/1646
f 1618/1677/1647 1617/1674/1647 1680/1735/1647 1681/1738/1647
f 1592/1678/1648 1591/1675/1648 1654/1736/1648 1655/1739/1648
f 1566/1679/1649 1565/1676/1649 1628/1737/1649 1629/1740/1649
f 43/1741/1650 1618/1677/1650 1681/1738/1650
f 1593/1681/1651 1592/1678/1651 1655/1739/1651 1656/1742/1651
f 1567/1682/1652 1566/1679/1652 1629/1740/1652 1630/1743/1652
f 1594/1683/1653 1593/1681/1653 1656/1742/1653 1657/1744/1653
f 1568/1684/1654 1567/1682/1654 1630/1743/1654 1631/1745/1654
f 1595/1685/1655 1594/1683/1655 1657/1744/1655 1658/1746/1655
f 1569/1686/1656 1568/1684/1656 1631/1745/1656 1632/1747/1656
f 1596/1687/1657 1595/1685/1657 1658/1746/1657 1659/1748/1657
f 1570/1688/1658 1569/1686/1658 1632/1747/1658 1633/1749/1658
f 1597/1624/1659 1596/1687/1659 1659/1748/1659 1660/1750/1659
f 1571/1626/1660 1570/1688/1660 1633/1749/1660 1634/1751/1660
f 1598/1625/1661 1597/1624/1661 1660/1750/1661 1661/1752/1661
f 1572/1627/1662 1571/1626/1662 1634/1751/1662 1635/1753/1662
f 1599/1628/1663 1598/1625/1663 1661/1752/1663 1662/1689/1663
f 1573/1629/1664 1572/1627/1664 1635/1753/1664 1636/1691/1664
f 1669/1703/1665 1668/1701/1665 1731/1754/1665 1732/1755/1665
f 1643/1704/1666 1642/1702/1666 1705/1756/1666 1706/1757/1666
f 1670/1705/1667 1669/1703/1667 1732/1755/1667 1733/1758/1667
f 1644/1706/1668 1643/1704/1668 1706/1757/1668 1707/1759/1668
f 1671/1707/1669 1670/1705/1669 1733/1758/1669 1734/1760/1669
f 1645/1708/1670 1644/1706/1670 1707/1759/1670 1708/1761/1670
f 1619/1710/1671 1/1762/1671 1682/1763/1671
f 1672/1711/1672 1671/1707/1672 1734/1760/1672 1735/1764/1672
f 1646/1712/1673 1645/1708/1673 1708/1761/1673 1709/1765/1673
f 1620/1713/1674 1619/1710/1674 1682/1763/1674 1683/1766/1674
f 1673/1714/1675 1672/1711/1675 1735/1764/1675 1736/1767/1675
f 1647/1715/1676 1646/1712/1676 1709/1765/1676 1710/1768/1676
f 1621/1716/1677 1620/1713/1677 1683/1766/1677 1684/1769/1677
f 1674/1717/1678 1673/1714/1678 1736/1767/1678 1737/1770/1678
f 1648/1718/1679 1647/1715/1679 1710/1768/1679 1711/1771/1679
f 1622/1719/1680 1621/1716/1680 1684/1769/1680 1685/1772/1680
f 1675/1720/1681 1674/1717/1681 1737/1770/1681 1738/1773/1681
f 1649/1721/1682 1648/1718/1682 1711/1771/1682 1712/1774/1682
f 1623/1722/1683 1622/1719/1683 1685/1772/1683 1686/1775/1683
f 1676/1723/1684 1675/1720/1684 1738/1773/1684 1739/1776/1684
f 1650/1724/1685 1649/1721/1685 1712/1774/1685 1713/1777/1685
f 1624/1725/1686 1623/1722/1686 1686/1775/1686 1687/1778/1686
f 1677/1726/1687 1676/1723/1687 1739/1776/1687 1740/1779/1687
f 1651/1727/1688 1650/1724/1688 1713/1777/1688 1714/1780/1688
f 1625/1728/1689 1624/1725/1689 1687/1778/1689 1688/1781/1689
f 1678/1729/1690 1677/1726/1690 1740/1779/1690 1741/1782/1690
f 1652/1730/1691 1651/1727/1691 1714/1780/1691 1715/1783/1691
f 1626/1731/1692 1625/1728/1692 1688/1781/1692 1689/1784/1692
f 1679/1732/1693 1678/1729/1693 1741/1782/1693 1742/1785/1693
f 1653/1733/1694 1652/1730/1694 1715/1783/1694 1716/1786/1694
f 1627/1734/1695 1626/1731/1695 1689/1784/1695 1690/1787/1695
f 1680/1735/1696 1679/1732/1696 1742/1785/1696 1743/1788/1696
f 1654/1736/1697 1653/1733/1697 1716/1786/1697 1717/1789/1697
f 1628/1737/1698 1627/1734/1698 1690/1787/1698 1691/1790/1698
f 1681/1738/1699 1680/1735/1699 1743/1788/1699 1744/1791/1699
f 1655/1739/1700 1654/1736/1700 1717/1789/1700 1718/1792/1700
f 1629/1740/1701 1628/1737/1701 1691/1790/1701 1692/1793/1701
f 43/1794/1702 1681/1738/1702 1744/1791/1702
f 1656/1742/1703 1655/1739/1703 1718/1792/1703 1719/1795/1703
f 1630/1743/1704 1629/1740/1704 1692/1793/1704 1693/1796/1704
f 1657/1744/1705 1656/1742/1705 1719/1795/1705 1720/1797/1705
f 1631/1745/1706 1630/1743/1706 1693/1796/1706 1694/1798/1706
f 1658/1746/1707 1657/1744/1707 1720/1797/1707 1721/1799/1707
f 1632/1747/1708 1631/1745/1708 1694/1798/1708 1695/1800/1708
f 1659/1748/1709 1658/1746/1709 1721/1799/1709 1722/1801/1709
f 1633/1749/1710 1632/1747/1710 1695/1800/1710 1696/1802/1710
f 1660/1750/1711 1659/1748/1711 1722/1801/1711 1723/1803/1711
f 1634/1751/1712 1633/1749/1712 1696/1802/1712 1697/1804/1712
f 1661/1752/1713 1660/1750/1713 1723/1803/1713 1724/1805/1713
f 1635/1753/1714 1634/1751/1714 1697/1804/1714 1698/1806/1714
f 1662/1689/1715 1661/1752/1715 1724/1805/1715 1725/1807/1715
f 1636/1691/1716 1635/1753/1716 1698/1806/1716 1699/1808/1716
f 1663/1690/1717 1662/1689/1717 1725/1807/1717 1726/1809/1717
f 1637/1692/1718 1636/1691/1718 1699/1808/1718 1700/1810/1718
f 1664/1693/1719 1663/1690/1719 1726/1809/1719 1727/1811/1719
f 1638/1694/1720 1637/1692/1720 1700/1810/1720 1701/1812/1720
f 1665/1695/1721 1664/1693/1721 1727/1811/1721 1728/1813/1721
f 1639/1696/1722 1638/1694/1722 1701/1812/1722 1702/1814/1722
f 1666/1697/1723 1665/1695/1723 1728/1813/1723 1729/1815/1723
f 1640/1698/1724 1639/1696/1724 1702/1814/1724 1703/1816/1724
f 1667/1699/1725 1666/1697/1725 1729/1815/1725 1730/1817/1725
f 1641/1700/1726 1640/1698/1726 1703/1816/1726 1704/1818/1726
f 1668/1701/1727 1667/1699/1727 1730/1817/1727 1731/1754/1727
f 1642/1702/1728 1641/1700/1728 1704/1818/1728 1705/1756/1728
f 1734/1760/1729 1733/1758/1729 1796/1819/1729 1797/1820/1729
f 1708/1761/1730 1707/1759/1730 1770/1821/1730 1771/1822/1730
f 1682/1763/1731 1/1823/1731 1745/1824/1731
f 1735/1764/1732 1734/1760/1732 1797/1820/1732 1798/1825/1732
f 1709/1765/1733 1708/1761/1733 1771/1822/1733 1772/1826/1733
f 1683/1766/1734 1682/1763/1734 1745/1824/1734 1746/1827/1734
f 1736/1767/1735 1735/1764/1735 1798/1825/1735 1799/1828/1735
f 1710/1768/1736 1709/1765/1736 1772/1826/1736 1773/1829/1736
f 1684/1769/1737 1683/1766/1737 1746/1827/1737 1747/1830/1737
f 1737/1770/1738 1736/1767/1738 1799/1828/1738 1800/1831/1738
f 1711/1771/1739 1710/1768/1739 1773/1829/1739 1774/1832/1739
f 1685/1772/1740 1684/1769/1740 1747/1830/1740 1748/1833/1740
f 1738/1773/1741 1737/1770/1741 1800/1831/1741 1801/1834/1741
f 1712/1774/1742 1711/1771/1742 1774/1832/1742 1775/1835/1742
f 1686/1775/1743 1685/1772/1743 1748/1833/1743 1749/1836/1743
f 1739/1776/1744 1738/1773/1744 1801/1834/1744 1802/1837/1744
f 1713/1777/1745 1712/1774/1745 1775/1835/1745 1776/1838/1745
f 1687/1778/1746 1686/1775/1746 1749/1836/1746 1750/1839/1746
f 1740/1779/1747 1739/1776/1747 1802/1837/1747 1803/1840/1747
f 1714/1780/1748 1713/1777/1748 1776/1838/1748 1777/1841/1748
f 1688/1781/1749 1687/1778/1749 1750/1839/1749 1751/1842/1749
f 1741/1782/1750 1740/1779/1750 1803/1840/1750 1804/1843/1750
f 1715/1783/1751 1714/1780/1751 1777/1841/1751 1778/1844/1751
f 1689/1784/1752 1688/1781/1752 1751/1842/1752 1752/1845/1752
f 1742/1785/1753 1741/1782/1753 1804/1843/1753 1805/1846/1753
f 1716/1786/1754 1715/1783/1754 1778/1844/1754 1779/1847/1754
f 1690/1787/1755 1689/1784/1755 1752/1845/1755 1753/1848/1755
f 1743/1788/1756 1742/1785/1756 1805/1846/1756 1806/1849/1756
f 1717/1789/1757 1716/1786/1757 1779/1847/1757 1780/1850/1757
f 1691/1790/1758 1690/1787/1758 1753/1848/1758 1754/1851/1758
f 1744/1791/1759 1743/1788/1759 1806/1849/1759 1807/1852/1759
f 1718/1792/1760 1717/1789/1760 1780/1850/1760 1781/1853/1760
f 1692/1793/1761 1691/1790/1761 1754/1851/1761 1755/1854/1761
f 43/1855/1762 1744/1791/1762 1807/1852/1762
f 1719/1795/1763 1718/1792/1763 1781/1853/1763 1782/1856/1763
f 1693/1796/1764 1692/1793/1764 1755/1854/1764 1756/1857/1764
f 1720/1797/1765 1719/1795/1765 1782/1856/1765 1783/1858/1765
f 1694/1798/1766 1693/1796/1766 1756/1857/1766 1757/1859/1766
f 1721/1799/1767 1720/1797/1767 1783/1858/1767 1784/1860/1767
f 1695/1800/1768 1694/1798/1768 1757/1859/1768 1758/1861/1768
f 1722/1801/1769 1721/1799/1769 1784/1860/1769 1785/1862/1769
f 1696/1802/1770 1695/1800/1770 1758/1861/1770 1759/1863/1770
f 1723/1803/1771 1722/1801/1771 1785/1862/1771 1786/1864/1771
f 1697/1804/1772 1696/1802/1772 1759/1863/1772 1760/1865/1772
f 1724/1805/1773 1723/1803/1773 1786/1864/1773 1787/1866/1773
f 1698/1806/1774 1697/1804/1774 1760/1865/1774 1761/1867/1774
f 1725/1807/1775 1724/1805/1775 1787/1866/1775 1788/1868/1775
f 1699/1808/1776 1698/1806/1776 1761/1867/1776 1762/1869/1776
f 1726/1809/1777 1725/1807/1777 1788/1868/1777 1789/1870/1777
f 1700/1810/1778 1699/1808/1778 1762/1869/1778 1763/1871/1778
f 1727/1811/1779 1726/1809/1779 1789/1870/1779 1790/1872/1779
f 1701/1812/1780 1700/1810/1780 1763/1871/1780 1764/1873/1780
f 1728/1813/1781 1727/1811/1781 1790/1872/1781 1791/1874/1781
f 1702/1814/1782 1701/1812/1782 1764/1873/1782 1765/1875/1782
f 1729/1815/1783 1728/1813/1783 1791/1874/1783 1792/1876/1783
f 1703/1816/1784 1702/1814/1784 1765/1875/1784 1766/1877/1784
f 1730/1817/1785 1729/1815/1785 1792/1876/1785 1793/1878/1785
f 1704/1818/1786 1703/1816/1786 1766/1877/1786 1767/1879/1786
f 1731/1754/1787 1730/1817/1787 1793/1878/1787 1794/1880/1787
f 1705/1756/1788 1704/1818/1788 1767/1879/1788 1768/1881/1788
f 1732/1755/1789 1731/1754/1789 1794/1880/1789 1795/1882/1789
f 1706/1757/1790 1705/1756/1790 1768/1881/1790 1769/1883/1790
f 1733/1758/1791 1732/1755/1791 1795/1882/1791 1796/1819/1791
f 1707/1759/1792 1706/1757/1792 1769/1883/1792 1770/1821/1792
f 1799/1828/1793 1798/1825/1793 1861/1884/1793 1862/1885/1793
f 1773/1829/1794 1772/1826/1794 1835/1886/1794 1836/1887/1794
f 1747/1830/1795 1746/1827/1795 1809/1888/1795 1810/1889/1795
f 1800/1831/1796 1799/1828/1796 1862/1885/1796 1863/1890/1796
f 1774/1832/1797 1773/1829/1797 1836/1887/1797 1837/1891/1797
f 1748/1833/1798 1747/1830/1798 1810/1889/1798 1811/1892/1798
f 1801/1834/1799 1800/1831/1799 1863/1890/1799 1864/1893/1799
f 1775/1835/1800 1774/1832/1800 1837/1891/1800 1838/1894/1800
f 1749/1836/1801 1748/1833/1801 1811/1892/1801 1812/1895/1801
f 1802/1837/1802 1801/1834/1802 1864/1893/1802 1865/1896/1802
f 1776/1838/1803 1775/1835/1803 1838/1894/1803 1839/1897/1803
f 1750/1839/1804 1749/1836/1804 1812/1895/1804 1813/1898/1804
f 1803/1840/1805 1802/1837/1805 1865/1896/1805 1866/1899/1805
f 1777/1841/1806 1776/1838/1806 1839/1897/1806 1840/1900/1806
f 1751/1842/1807 1750/1839/1807 1813/1898/1807 1814/1901/1807
f 1804/1843/1808 1803/1840/1808 1866/1899/1808 1867/1902/1808
f 1778/1844/1809 1777/1841/1809 1840/1900/1809 1841/1903/1809
f 1752/1845/1810 1751/1842/1810 1814/1901/1810 1815/1904/1810
f 1805/1846/1811 1804/1843/1811 1867/1902/1811 1868/1905/1811
f 1779/1847/1812 1778/1844/1812 1841/1903/1812 1842/1906/1812
f 1753/1848/1813 1752/1845/1813 1815/1904/1813 1816/1907/1813
f 1806/1849/1814 1805/1846/1814 1868/1905/1814 1869/1908/1814
f 1780/1850/1815 1779/1847/1815 1842/1906/1815 1843/1909/1815
f 1754/1851/1816 1753/1848/1816 1816/1907/1816 1817/1910/1816
f 1807/1852/1817 1806/1849/1817 1869/1908/1817 1870/1911/1817
f 1781/1853/1818 1780/1850/1818 1843/1909/1818 1844/1912/1818
f 1755/1854/1819 1754/1851/1819 1817/1910/1819 1818/1913/1819
f 43/1914/1820 1807/1852/1820 1870/1911/1820
f 1782/1856/1821 1781/1853/1821 1844/1912/1821 1845/1915/1821
f 1756/1857/1822 1755/1854/1822 1818/1913/1822 1819/1916/1822
f 1783/1858/1823 1782/1856/1823 1845/1915/1823 1846/1917/1823
f 1757/1859/1824 1756/1857/1824 1819/1916/1824 1820/1918/1824
f 1784/1860/1825 1783/1858/1825 1846/1917/1825 1847/1919/1825
f 1758/1861/1826 1757/1859/1826 1820/1918/1826 1821/1920/1826
f 1785/1862/1827 1784/1860/1827 1847/1919/1827 1848/1921/1827
f 1759/1863/1828 1758/1861/1828 1821/1920/1828 1822/1922/1828
f 1786/1864/1829 1785/1862/1829 1848/1921/1829 1849/1923/1829
f 1760/1865/1830 1759/1863/1830 1822/1922/1830 1823/1924/1830
f 1787/1866/1831 1786/1864/1831 1849/1923/1831 1850/1925/1831
f 1761/1867/1832 1760/1865/1832 1823/1924/1832 1824/1926/1832
f 1788/1868/1833 1787/1866/1833 1850/1925/1833 1851/1927/1833
f 1762/1869/1834 1761/1867/1834 1824/1926/1834 1825/1928/1834
f 1789/1870/1835 1788/1868/1835 1851/1927/1835 1852/1929/1835
f 1763/1871/1836 1762/1869/1836 1825/1928/1836 1826/1930/1836
f 1790/1872/1837 1789/1870/1837 1852/1929/1837 1853/1931/1837
f 1764/1873/1838 1763/1871/1838 1826/1930/1838 1827/1932/1838
f 1791/1874/1839 1790/1872/1839 1853/1931/1839 1854/1933/1839
f 1765/1875/1840 1764/1873/1840 1827/1932/1840 1828/1934/1840
f 1792/1876/1841 1791/1874/1841 1854/1933/1841 1855/1935/1841
f 1766/1877/1842 1765/1875/1842 1828/1934/1842 1829/1936/1842
f 1793/1878/1843 1792/1876/1843 1855/1935/1843 1856/1937/1843
f 1767/1879/1844 1766/1877/1844 1829/1936/1844 1830/1938/1844
f 1794/1880/1845 1793/1878/1845 1856/1937/1845 1857/1939/1845
f 1768/1881/1846 1767/1879/1846 1830/1938/1846 1831/1940/1846
f 1795/1882/1847 1794/1880/1847 1857/1939/1847 1858/1941/1847
f 1769/1883/1848 1768/1881/1848 1831/1940/1848 1832/1942/1848
f 1796/1819/1849 1795/1882/1849 1858/1941/1849 1859/1943/1849
f 1770/1821/1850 1769/1883/1850 1832/1942/1850 1833/1944/1850
f 1797/1820/1851 1796/1819/1851 1859/1943/1851 1860/1945/1851
f 1771/1822/1852 1770/1821/1852 1833/1944/1852 1834/1946/1852
f 1745/1824/1853 1/1947/1853 1808/1948/1853
f 1798/1825/1854 1797/1820/1854 1860/1945/1854 1861/1884/1854
f 1772/1826/1855 1771/1822/1855 1834/1946/1855 1835/1886/1855
f 1746/1827/1856 1745/1824/1856 1808/1948/1856 1809/1888/1856
f 1864/1893/1857 1863/1890/1857 1926/1949/1857 1927/1950/1857
f 1838/1894/1858 1837/1891/1858 1900/1951/1858 1901/1952/1858
f 1812/1895/1859 1811/1892/1859 1874/1953/1859 1875/1954/1859
f 1865/1896/1860 1864/1893/1860 1927/1950/1860 1928/1955/1860
f 1839/1897/1861 1838/1894/1861 1901/1952/1861 1902/1956/1861
f 1813/1898/1862 1812/1895/1862 1875/1954/1862 1876/1957/1862
f 1866/1899/1863 1865/1896/1863 1928/1955/1863 1929/1958/1863
f 1840/1900/1864 1839/1897/1864 1902/1956/1864 1903/1959/1864
f 1814/1901/1865 1813/1898/1865 1876/1957/1865 1877/1960/1865
f 1867/1902/1866 1866/1899/1866 1929/1958/1866 1930/1961/1866
f 1841/1903/1867 1840/1900/1867 1903/1959/1867 1904/1962/1867
f 1815/1904/1868 1814/1901/1868 1877/1960/1868 1878/1963/1868
f 1868/1905/1869 1867/1902/1869 1930/1961/1869 1931/1964/1869
f 1842/1906/1870 1841/1903/1870 1904/1962/1870 1905/1965/1870
f 1816/1907/1871 1815/1904/1871 1878/1963/1871 1879/1966/1871
f 1869/1908/1872 1868/1905/1872 1931/1964/1872 1932/1967/1872
f 1843/1909/1873 1842/1906/1873 1905/1965/1873 1906/1968/1873
f 1817/1910/1874 1816/1907/1874 1879/1966/1874 1880/1969/1874
f 1870/1911/1875 1869/1908/1875 1932/1967/1875 1933/1970/1875
f 1844/1912/1876 1843/1909/1876 1906/1968/1876 1907/1971/1876
f 1818/1913/1877 1817/1910/1877 1880/1969/1877 1881/1972/1877
f 43/1973/1878 1870/1911/1878 1933/1970/1878
f 1845/1915/1879 1844/1912/1879 1907/1971/1879 1908/1974/1879
f 1819/1916/1880 1818/1913/1880 1881/1972/1880 1882/1975/1880
f 1846/1917/1881 1845/1915/1881 1908/1974/1881 1909/1976/1881
f 1820/1918/1882 1819/1916/1882 1882/1975/1882 1883/1977/1882
f 1847/1919/1883 1846/1917/1883 1909/1976/1883 1910/1978/1883
f 1821/1920/1884 1820/1918/1884 1883/1977/1884 1884/1979/1884
f 1848/1921/1885 1847/1919/1885 1910/1978/1885 1911/1980/1885
f 1822/1922/1886 1821/1920/1886 1884/1979/1886 1885/1981/1886
f 1849/1923/1887 1848/1921/1887 1911/1980/1887 1912/1982/1887
f 1823/1924/1888 1822/1922/1888 1885/1981/1888 1886/1983/1888
f 1850/1925/1889 1849/1923/1889 1912/1982/1889 1913/1984/1889
f 1824/1926/1890 1823/1924/1890 1886/1983/1890 1887/1985/1890
f 1851/1927/1891 1850/1925/1891 1913/1984/1891 1914/1986/1891
f 1825/1928/1892 1824/1926/1892 1887/1985/1892 1888/1987/1892
f 1852/1929/1893 1851/1927/1893 1914/1986/1893 1915/1988/1893
f 1826/1930/1894 1825/1928/1894 1888/1987/1894 1889/1989/1894
f 1853/1931/1895 1852/1929/1895 1915/1988/1895 1916/1990/1895
f 1827/1932/1896 1826/1930/1896 1889/1989/1896 1890/1991/1896
f 1854/1933/1897 1853/1931/1897 1916/1990/1897 1917/1992/1897
f 1828/1934/1898 1827/1932/1898 1890/1991/1898 1891/1993/1898
f 1855/1935/1899 1854/1933/1899 1917/1992/1899 1918/1994/1899
f 1829/1936/1900 1828/1934/1900 1891/1993/1900 1892/1995/1900
f 1856/1937/1901 1855/1935/1901 1918/1994/1901 1919/1996/1901
f 1830/1938/1902 1829/1936/1902 1892/1995/1902 1893/1997/1902
f 1857/1939/1903 1856/1937/1903 1919/1996/1903 1920/1998/1903
f 1831/1940/1904 1830/1938/1904 1893/1997/1904 1894/1999/1904
f 1858/1941/1905 1857/1939/1905 1920/1998/1905 1921/2000/1905
f 1832/1942/1906 1831/1940/1906 1894/1999/1906 1895/2001/1906
f 1859/1943/1907 1858/1941/1907 1921/2000/1907 1922/2002/1907
f 1833/1944/1908 1832/1942/1908 1895/2001/1908 1896/2003/1908
f 1860/1945/1909 1859/1943/1909 1922/2002/1909 1923/2004/1909
f 1834/1946/1910 1833/1944/1910 1896/2003/1910 1897/2005/1910
f 1808/1948/1911 1/2006/1911 1871/2007/1911
f 1861/1884/1912 1860/1945/1912 1923/2004/1912 1924/2008/1912
f 1835/1886/1913 1834/1946/1913 1897/2005/1913 1898/2009/1913
f 1809/1888/1914 1808/1948/1914 1871/2007/1914 1872/2010/1914
f 1862/1885/1915 1861/1884/1915 1924/2008/1915 1925/2011/1915
f 1836/1887/1916 1835/1886/1916 1898/2009/1916 1899/2012/1916
f 1810/1889/1917 1809/1888/1917 1872/2010/1917 1873/2013/1917
f 1863/1890/1918 1862/1885/1918 1925/2011/1918 1926/1949/1918
f 1837/1891/1919 1836/1887/1919 1899/2012/1919 1900/1951/1919
f 1811/1892/1920 1810/1889/1920 1873/2013/1920 1874/1953/1920
f 1929/1958/1921 1928/1955/1921 1991/2014/1921 1992/2015/1921
f 1903/1959/1922 1902/1956/1922 1965/2016/1922 1966/2017/1922
f 1877/1960/1923 1876/1957/1923 1939/2018/1923 1940/2019/1923
f 1930/1961/1924 1929/1958/1924 1992/2015/1924 1993/2020/1924
f 1904/1962/1925 1903/1959/1925 1966/2017/1925 1967/2021/1925
f 1878/1963/1926 1877/1960/1926 1940/2019/1926 1941/2022/1926
f 1931/1964/1927 1930/1961/1927 1993/2020/1927 1994/2023/1927
f 1905/1965/1928 1904/1962/1928 1967/2021/1928 1968/2024/1928
f 1879/1966/1929 1878/1963/1929 1941/2022/1929 1942/2025/1929
f 1932/1967/1930 1931/1964/1930 1994/2023/1930 1995/2026/1930
f 1906/1968/1931 1905/1965/1931 1968/2024/1931 1969/2027/1931
f 1880/1969/1932 1879/1966/1932 1942/2025/1932 1943/2028/1932
f 1933/1970/1933 1932/1967/1933 1995/2026/1933 1996/2029/1933
f 1907/1971/1934 1906/1968/1934 1969/2027/1934 1970/2030/1934
f 1881/1972/1935 1880/1969/1935 1943/2028/1935 1944/2031/1935
f 43/2032/1936 1933/1970/1936 1996/2029/1936
f 1908/1974/1937 1907/1971/1937 1970/2030/1937 1971/2033/1937
f 1882/1975/1938 1881/1972/1938 1944/2031/1938 1945/2034/1938
f 1909/1976/1939 1908/1974/1939 1971/2033/1939 1972/2035/1939
f 1883/1977/1940 1882/1975/1940 1945/2034/1940 1946/2036/1940
f 1910/1978/1941 1909/1976/1941 1972/2035/1941 1973/2037/1941
f 1884/1979/1942 1883/1977/1942 1946/2036/1942 1947/2038/1942
f 1911/1980/1943 1910/1978/1943 1973/2037/1943 1974/2039/1943
f 1885/1981/1944 1884/1979/1944 1947/2038/1944 1948/2040/1944
f 1912/1982/1945 1911/1980/1945 1974/2039/1945 1975/2041/1945
f 1886/1983/1946 1885/1981/1946 1948/2040/1946 1949/2042/1946
f 1913/1984/1947 1912/1982/1947 1975/2041/1947 1976/2043/1947
f 1887/1985/1948 1886/1983/1948 1949/2042/1948 1950/2044/1948
f 1914/1986/1949 1913/1984/1949 1976/2043/1949 1977/2045/1949
f 1888/1987/1950 1887/1985/1950 1950/2044/1950 1951/2046/1950
f 1915/1988/1951 1914/1986/1951 1977/2045/1951 1978/2047/1951
f 1889/1989/1952 1888/1987/1952 1951/2046/1952 1952/2048/1952
f 1916/1990/1953 1915/1988/1953 1978/2047/1953 1979/2049/1953
f 1890/1991/1954 1889/1989/1954 1952/2048/1954 1953/2050/1954
f 1917/1992/1955 1916/1990/1955 1979/2049/1955 1980/2051/1955
f 1891/1993/1956 1890/1991/1956 1953/2050/1956 1954/2052/1956
f 1918/1994/1957 1917/1992/1957 1980/2051/1957 1981/2053/1957
f 1892/1995/1958 1891/1993/1958 1954/2052/1958 1955/2054/1958
f 1919/1996/1959 1918/1994/1959 1981/2053/1959 1982/2055/1959
f 1893/1997/1960 1892/1995/1960 1955/2054/1960 1956/2056/1960
f 1920/1998/1961 1919/1996/1961 1982/2055/1961 1983/2057/1961
f 1894/1999/1962 1893/1997/1962 1956/2056/1962 1957/2058/1962
f 1921/2000/1963 1920/1998/1963 1983/2057/1963 1984/2059/1963
f 1895/2001/1964 1894/1999/1964 1957/2058/1964 1958/2060/1964
f 1922/2002/1965 1921/2000/1965 1984/2059/1965 1985/2061/1965
f 1896/2003/1966 1895/2001/1966 1958/2060/1966 1959/2062/1966
f 1923/2004/1967 1922/2002/1967 1985/2061/1967 1986/2063/1967
f 1897/2005/1968 1896/2003/1968 1959/2062/1968 1960/2064/1968
f 1871/2007/1969 1/2065/1969 1934/2066/1969
f 1924/2008/1970 1923/2004/1970 1986/2063/1970 1987/2067/1970
f 1898/2009/1971 1897/2005/1971 1960/2064/1971 1961/2068/1971
f 1872/2010/1972 1871/2007/1972 1934/2066/1972 1935/2069/1972
f 1925/2011/1973 1924/2008/1973 1987/2067/1973 1988/2070/1973
f 1899/2012/1974 1898/2009/1974 1961/2068/1974 1962/2071/1974
f 1873/2013/1975 1872/2010/1975 1935/2069/1975 1936/2072/1975
f 1926/1949/1976 1925/2011/1976 1988/2070/1976 1989/2073/1976
f 1900/1951/1977 1899/2012/1977 1962/2071/1977 1963/2074/1977
f 1874/1953/1978 1873/2013/1978 1936/2072/1978 1937/2075/1978
f 1927/1950/1979 1926/1949/1979 1989/2073/1979 1990/2076/1979
f 1901/1952/1980 1900/1951/1980 1963/2074/1980 1964/2077/1980
f 1875/1954/1981 1874/1953/1981 1937/2075/1981 1938/2078/1981
f 1928/1955/1982 1927/1950/1982 1990/2076/1982 1991/2014/1982
f 1902/1956/1983 1901/1952/1983 1964/2077/1983 1965/2016/1983
f 1876/1957/1984 1875/1954/1984 1938/2078/1984 1939/2018/1984
f 1994/2023/1985 1993/2020/1985 2056/2079/1985 2057/2080/1985
f 1968/2024/1986 1967/2021/1986 2030/2081/1986 2031/2082/1986
f 1942/2025/1987 1941/2022/1987 2004/2083/1987 2005/2084/1987
f 1995/2026/1988 1994/2023/1988 2057/2080/1988 2058/2085/1988
f 1969/2027/1989 1968/2024/1989 2031/2082/1989 2032/2086/1989
f 1943/2028/1990 1942/2025/1990 2005/2084/1990 2006/2087/1990
f 1996/2029/1991 1995/2026/1991 2058/2085/1991 2059/2088/1991
f 1970/2030/1992 1969/2027/1992 2032/2086/1992 2033/2089/1992
f 1944/2031/1993 1943/2028/1993 2006/2087/1993 2007/2090/1993
f 43/2091/1994 1996/2029/1994 2059/2088/1994
f 1971/2033/1995 1970/2030/1995 2033/2089/1995 2034/2092/1995
f 1945/2034/1996 1944/2031/1996 2007/2090/1996 2008/2093/1996
f 1972/2035/1997 1971/2033/1997 2034/2092/1997 2035/2094/1997
f 1946/2036/1998 1945/2034/1998 2008/2093/1998 2009/2095/1998
f 1973/2037/1999 1972/2035/1999 2035/2094/1999 2036/2096/1999
f 1947/2038/2000 1946/2036/2000 2009/2095/2000 2010/2097/2000
f 1974/2039/2001 1973/2037/2001 2036/2096/2001 2037/2098/2001
f 1948/2040/2002 1947/2038/2002 2010/2097/2002 2011/2099/2002
f 1975/2041/2003 1974/2039/2003 2037/2098/2003 2038/2100/2003
f 1949/2042/2004 1948/2040/2004 2011/2099/2004 2012/2101/2004
f 1976/2043/2005 1975/2041/2005 2038/2100/2005 2039/2102/2005
f 1950/2044/2006 1949/2042/2006 2012/2101/2006 2013/2103/2006
f 1977/2045/2007 1976/2043/2007 2039/2102/2007 2040/2104/2007
f 1951/2046/2008 1950/2044/2008 2013/2103/2008 2014/2105/2008
f 1978/2047/2009 1977/2045/2009 2040/2104/2009 2041/2106/2009
f 1952/2048/2010 1951/2046/2010 2014/2105/2010 2015/2107/2010
f 1979/2049/2011 1978/2047/2011 2041/2106/2011 2042/2108/2011
f 1953/2050/2012 1952/2048/2012 2015/2107/2012 2016/2109/2012
f 1980/2051/2013 1979/2049/2013 2042/2108/2013 2043/2110/2013
f 1954/2052/2014 1953/2050/2014 2016/2109/2014 2017/2111/2014
f 1981/2053/2015 1980/2051/2015 2043/2110/2015 2044/2112/2015
f 1955/2054/2016 1954/2052/2016 2017/2111/2016 2018/2113/2016
f 1982/2055/2017 1981/2053/2017 2044/2112/2017 2045/2114/2017
f 1956/2056/2018 1955/2054/2018 2018/2113/2018 2019/2115/2018
f 1983/2057/2019 1982/2055/2019 2045/2114/2019 2046/2116/2019
f 1957/2058/2020 1956/2056/2020 2019/2115/2020 2020/2117/2020
f 1984/2059/2021 1983/2057/2021 2046/2116/2021 2047/2118/2021
f 1958/2060/2022 1957/2058/2022 2020/2117/2022 2021/2119/2022
f 1985/2061/2023 1984/2059/2023 2047/2118/2023 2048/2120/2023
f 1959/2062/2024 1958/2060/2024 2021/2119/2024 2022/2121/2024
f 1986/2063/2025 1985/2061/2025 2048/2120/2025 2049/2122/2025
f 1960/2064/2026 1959/2062/2026 2022/2121/2026 2023/2123/2026
f 1934/2066/2027 1/2124/2027 1997/2125/2027
f 1987/2067/2028 1986/2063/2028 2049/2122/2028 2050/2126/2028
f 1961/2068/2029 1960/2064/2029 2023/2123/2029 2024/2127/2029
f 1935/2069/2030 1934/2066/2030 1997/2125/2030 1998/2128/2030
f 1988/2070/2031 1987/2067/2031 2050/2126/2031 2051/2129/2031
f 1962/2071/2032 1961/2068/2032 2024/2127/2032 2025/2130/2032
f 1936/2072/2033 1935/2069/2033 1998/2128/2033 1999/2131/2033
f 1989/2073/2034 1988/2070/2034 2051/2129/2034 2052/2132/2034
f 1963/2074/2035 1962/2071/2035 2025/2130/2035 2026/2133/2035
f 1937/2075/2036 1936/2072/2036 1999/2131/2036 2000/2134/2036
f 1990/2076/2037 1989/2073/2037 2052/2132/2037 2053/2135/2037
f 1964/2077/2038 1963/2074/2038 2026/2133/2038 2027/2136/2038
f 1938/2078/2039 1937/2075/2039 2000/2134/2039 2001/2137/2039
f 1991/2014/2040 1990/2076/2040 2053/2135/2040 2054/2138/2040
f 1965/2016/2041 1964/2077/2041 2027/2136/2041 2028/2139/2041
f 1939/2018/2042 1938/2078/2042 2001/2137/2042 2002/2140/2042
f 1992/2015/2043 1991/2014/2043 2054/2138/2043 2055/2141/2043
f 1966/2017/2044 1965/2016/2044 2028/2139/2044 2029/2142/2044
f 1940/2019/2045 1939/2018/2045 2002/2140/2045 2003/2143/2045
f 1993/2020/2046 1992/2015/2046 2055/2141/2046 2056/2079/2046
f 1967/2021/2047 1966/2017/2047 2029/2142/2047 2030/2081/2047
f 1941/2022/2048 1940/2019/2048 2003/2143/2048 2004/2083/2048
f 2059/2088/2049 2058/2085/2049 2121/2144/2049 2122/2145/2049
f 2033/2089/2050 2032/2086/2050 2095/2146/2050 2096/2147/2050
f 2007/2090/2051 2006/2087/2051 2069/2148/2051 2070/2149/2051
f 43/2150/2052 2059/2088/2052 2122/2145/2052
f 2034/2092/2053 2033/2089/2053 2096/2147/2053 2097/2151/2053
f 2008/2093/2054 2007/2090/2054 2070/2149/2054 2071/2152/2054
f 2035/2094/2055 2034/2092/2055 2097/2151/2055 2098/2153/2055
f 2009/2095/2056 2008/2093/2056 2071/2152/2056 2072/2154/2056
f 2036/2096/2057 2035/2094/2057 2098/2153/2057 2099/2155/2057
f 2010/2097/2058 2009/2095/2058 2072/2154/2058 2073/2156/2058
f 2037/2098/2059 2036/2096/2059 2099/2155/2059 2100/2157/2059
f 2011/2099/2060 2010/2097/2060 2073/2156/2060 2074/2158/2060
f 2038/2100/2061 2037/2098/2061 2100/2157/2061 2101/2159/2061
f 2012/2101/2062 2011/2099/2062 2074/2158/2062 2075/2160/2062
f 2039/2102/2063 2038/2100/2063 2101/2159/2063 2102/2161/2063
f 2013/2103/2064 2012/2101/2064 2075/2160/2064 2076/2162/2064
f 2040/2104/2065 2039/2102/2065 2102/2161/2065 2103/2163/2065
f 2014/2105/2066 2013/2103/2066 2076/2162/2066 2077/2164/2066
f 2041/2106/2067 2040/2104/2067 2103/2163/2067 2104/2165/2067
f 2015/2107/2068 2014/2105/2068 2077/2164/2068 2078/2166/2068
f 2042/2108/2069 2041/2106/2069 2104/2165/2069 2105/2167/2069
f 2016/2109/2070 2015/2107/2070 2078/2166/2070 2079/2168/2070
f 2043/2110/2071 2042/2108/2071 2105/2167/2071 2106/2169/2071
f 2017/2111/2072 2016/2109/2072 2079/2168/2072 2080/2170/2072
f 2044/2112/2073 2043/2110/2073 2106/2169/2073 2107/2171/2073
f 2018/2113/2074 2017/2111/2074 2080/2170/2074 2081/2172/2074
f 2045/2114/2075 2044/2112/2075 2107/2171/2075 2108/2173/2075
f 2019/2115/2076 2018/2113/2076 2081/2172/2076 2082/2174/2076
f 2046/2116/2077 2045/2114/2077 2108/2173/2077 2109/2175/2077
f 2020/2117/2078 2019/2115/2078 2082/2174/2078 2083/2176/2078
f 2047/2118/2079 2046/2116/2079 2109/2175/2079 2110/2177/2079
f 2021/2119/2080 2020/2117/2080 2083/2176/2080 2084/2178/2080
f 2048/2120/2081 2047/2118/2081 2110/2177/2081 2111/2179/2081
f 2022/2121/2082 2021/2119/2082 2084/2178/2082 2085/2180/2082
f 2049/2122/2083 2048/2120/2083 2111/2179/2083 2112/2181/2083
f 2023/2123/2084 2022/2121/2084 2085/2180/2084 2086/2182/2084
f 1997/2125/2085 1/2183/2085 2060/2184/2085
f 2050/2126/2086 2049/2122/2086 2112/2181/2086 2113/2185/2086
f 2024/2127/2087 2023/2123/2087 2086/2182/2087 2087/2186/2087
f 1998/2128/2088 1997/2125/2088 2060/2184/2088 2061/2187/2088
f 2051/2129/2089 2050/2126/2089 2113/2185/2089 2114/2188/2089
f 2025/2130/2090 2024/2127/2090 2087/2186/2090 2088/2189/2090
f 1999/2131/2091 1998/2128/2091 2061/2187/2091 2062/2190/2091
f 2052/2132/2092 2051/2129/2092 2114/2188/2092 2115/2191/2092
f 2026/2133/2093 2025/2130/2093 2088/2189/2093 2089/2192/2093
f 2000/2134/2094 1999/2131/2094 2062/2190/2094 2063/2193/2094
f 2053/2135/2095 2052/2132/2095 2115/2191/2095 2116/2194/2095
f 2027/2136/2096 2026/2133/2096 2089/2192/2096 2090/2195/2096
f 2001/2137/2097 2000/2134/2097 2063/2193/2097 2064/2196/2097
f 2054/2138/2098 2053/2135/2098 2116/2194/2098 2117/2197/2098
f 2028/2139/2099 2027/2136/2099 2090/2195/2099 2091/2198/2099
f 2002/2140/2100 2001/2137/2100 2064/2196/2100 2065/2199/2100
f 2055/2141/2101 2054/2138/2101 2117/2197/2101 2118/2200/2101
f 2029/2142/2102 2028/2139/2102 2091/2198/2102 2092/2201/2102
f 2003/2143/2103 2002/2140/2103 2065/2199/2103 2066/2202/2103
f 2056/2079/2104 2055/2141/2104 2118/2200/2104 2119/2203/2104
f 2030/2081/2105 2029/2142/2105 2092/2201/2105 2093/2204/2105
f 2004/2083/2106 2003/2143/2106 2066/2202/2106 2067/2205/2106
f 2057/2080/2107 2056/2079/2107 2119/2203/2107 2120/2206/2107
f 2031/2082/2108 2030/2081/2108 2093/2204/2108 2094/2207/2108
f 2005/2084/2109 2004/2083/2109 2067/2205/2109 2068/2208/2109
f 2058/2085/2110 2057/2080/2110 2120/2206/2110 2121/2144/2110
f 2032/2086/2111 2031/2082/2111 2094/2207/2111 2095/2146/2111
f 2006/2087/2112 2005/2084/2112 2068/2208/2112 2069/2148/2112
f 2098/2153/2113 2097/2151/2113 2160/2209/2113 2161/2210/2113
f 2072/2154/2114 2071/2152/2114 2134/2211/2114 2135/2212/2114
f 2099/2155/2115 2098/2153/2115 2161/2210/2115 2162/2213/2115
f 2073/2156/2116 2072/2154/2116 2135/2212/2116 2136/2214/2116
f 2100/2157/2117 2099/2155/2117 2162/2213/2117 2163/2215/2117
f 2074/2158/2118 2073/2156/2118 2136/2214/2118 2137/2216/2118
f 2101/2159/2119 2100/2157/2119 2163/2215/2119 2164/2217/2119
f 2075/2160/2120 2074/2158/2120 2137/2216/2120 2138/2218/2120
f 2102/2161/2121 2101/2159/2121 2164/2217/2121 2165/2219/2121
f 2076/2162/2122 2075/2160/2122 2138/2218/2122 2139/2220/2122
f 2103/2163/2123 2102/2161/2123 2165/2219/2123 2166/2221/2123
f 2077/2164/2124 2076/2162/2124 2139/2220/2124 2140/2222/2124
f 2104/2165/2125 2103/2163/2125 2166/2221/2125 2167/2223/2125
f 2078/2166/2126 2077/2164/2126 2140/2222/2126 2141/2224/2126
f 2105/2167/2127 2104/2165/2127 2167/2223/2127 2168/2225/2127
f 2079/2168/2128 2078/2166/2128 2141/2224/2128 2142/2226/2128
f 2106/2169/2129 2105/2167/2129 2168/2225/2129 2169/2227/2129
f 2080/2170/2130 2079/2168/2130 2142/2226/2130 2143/2228/2130
f 2107/2171/2131 2106/2169/2131 2169/2227/2131 2170/2229/2131
f 2081/2172/2132 2080/2170/2132 2143/2228/2132 2144/2230/2132
f 2108/2173/2133 2107/2171/2133 2170/2229/2133 2171/2231/2133
f 2082/2174/2134 2081/2172/2134 2144/2230/2134 2145/2232/2134
f 2109/2175/2135 2108/2173/2135 2171/2231/2135 2172/2233/2135
f 2083/2176/2136 2082/2174/2136 2145/2232/2136 2146/2234/2136
f 2110/2177/2137 2109/2175/2137 2172/2233/2137 2173/2235/2137
f 2084/2178/2138 2083/2176/2138 2146/2234/2138 2147/2236/2138
f 2111/2179/2139 2110/2177/2139 2173/2235/2139 2174/2237/2139
f 2085/2180/2140 2084/2178/2140 2147/2236/2140 2148/2238/2140
f 2112/2181/2141 2111/2179/2141 2174/2237/2141 2175/2239/2141
f 2086/2182/2142 2085/2180/2142 2148/2238/2142 2149/2240/2142
f 2060/2184/2143 1/2241/2143 2123/2242/2143
f 2113/2185/2144 2112/2181/2144 2175/2239/2144 2176/2243/2144
f 2087/2186/2145 2086/2182/2145 2149/2240/2145 2150/2244/2145
f 2061/2187/2146 2060/2184/2146 2123/2242/2146 2124/2245/2146
f 2114/2188/2147 2113/2185/2147 2176/2243/2147 2177/2246/2147
f 2088/2189/2148 2087/2186/2148 2150/2244/2148 2151/2247/2148
f 2062/2190/2149 2061/2187/2149 2124/2245/2149 2125/2248/2149
f 2115/2191/2150 2114/2188/2150 2177/2246/2150 2178/2249/2150
f 2089/2192/2151 2088/2189/2151 2151/2247/2151 2152/2250/2151
f 2063/2193/2152 2062/2190/2152 2125/2248/2152 2126/2251/2152
f 2116/2194/2153 2115/2191/2153 2178/2249/2153 2179/2252/2153
f 2090/2195/2154 2089/2192/2154 2152/2250/2154 2153/2253/2154
f 2064/2196/2155 2063/2193/2155 2126/2251/2155 2127/2254/2155
f 2117/2197/2156 2116/2194/2156 2179/2252/2156 2180/2255/2156
f 2091/2198/2157 2090/2195/2157 2153/2253/2157 2154/2256/2157
f 2065/2199/2158 2064/2196/2158 2127/2254/2158 2128/2257/2158
f 2118/2200/2159 2117/2197/2159 2180/2255/2159 2181/2258/2159
f 2092/2201/2160 2091/2198/2160 2154/2256/2160 2155/2259/2160
f 2066/2202/2161 2065/2199/2161 2128/2257/2161 2129/2260/2161
f 2119/2203/2162 2118/2200/2162 2181/2258/2162 2182/2261/2162
f 2093/2204/2163 2092/2201/2163 2155/2259/2163 2156/2262/2163
f 2067/2205/2164 2066/2202/2164 2129/2260/2164 2130/2263/2164
f 2120/2206/2165 2119/2203/2165 2182/2261/2165 2183/2264/2165
f 2094/2207/2166 2093/2204/2166 2156/2262/2166 2157/2265/2166
f 2068/2208/2167 2067/2205/2167 2130/2263/2167 2131/2266/2167
f 2121/2144/2168 2120/2206/2168 2183/2264/2168 2184/2267/2168
f 2095/2146/2169 2094/2207/2169 2157/2265/2169 2158/2268/2169
f 2069/2148/2170 2068/2208/2170 2131/2266/2170 2132/2269/2170
f 2122/2145/2171 2121/2144/2171 2184/2267/2171 2185/2270/2171
f 2096/2147/2172 2095/2146/2172 2158/2268/2172 2159/2271/2172
f 2070/2149/2173 2069/2148/2173 2132/2269/2173 2133/2272/2173
f 43/2273/2174 2122/2145/2174 2185/2270/2174
f 2097/2151/2175 2096/2147/2175 2159/2271/2175 2160/2209/2175
f 2071/2152/2176 2070/2149/2176 2133/2272/2176 2134/2211/2176
f 2163/2215/2177 2162/2213/2177 2225/2274/2177 2226/2275/2177
f 2137/2216/2178 2136/2214/2178 2199/2276/2178 2200/2277/2178
f 2164/2217/2179 2163/2215/2179 2226/2275/2179 2227/2278/2179
f 2138/2218/2180 2137/2216/2180 2200/2277/2180 2201/2279/2180
f 2165/2219/2181 2164/2217/2181 2227/2278/2181 2228/2280/2181
f 2139/2220/2182 2138/2218/2182 2201/2279/2182 2202/2281/2182
f 2166/2221/2183 2165/2219/2183 2228/2280/2183 2229/2282/2183
f 2140/2222/2184 2139/2220/2184 2202/2281/2184 2203/2283/2184
f 2167/2223/2185 2166/2221/2185 2229/2282/2185 2230/2284/2185
f 2141/2224/2186 2140/2222/2186 2203/2283/2186 2204/2285/2186
f 2168/2225/2187 2167/2223/2187 2230/2284/2187 2231/2286/2187
f 2142/2226/2188 2141/2224/2188 2204/2285/2188 2205/2287/2188
f 2169/2227/2189 2168/2225/2189 2231/2286/2189 2232/2288/2189
f 2143/2228/2190 2142/2226/2190 2205/2287/2190 2206/2289/2190
f 2170/2229/2191 2169/2227/2191 2232/2288/2191 2233/2290/2191
f 2144/2230/2192 2143/2228/2192 2206/2289/2192 2207/2291/2192
f 2171/2231/2193 2170/2229/2193 2233/2290/2193 2234/2292/2193
f 2145/2232/2194 2144/2230/2194 2207/2291/2194 2208/2293/2194
f 2172/2233/2195 2171/2231/2195 2234/2292/2195 2235/2294/2195
f 2146/2234/2196 2145/2232/2196 2208/2293/2196 2209/2295/2196
f 2173/2235/2197 2172/2233/2197 2235/2294/2197 2236/2296/2197
f 2147/2236/2198 2146/2234/2198 2209/2295/2198 2210/2297/2198
f 2174/2237/2199 2173/2235/2199 2236/2296/2199 2237/2298/2199
f 2148/2238/2200 2147/2236/2200 2210/2297/2200 2211/2299/2200
f 2175/2239/2201 2174/2237/2201 2237/2298/2201 2238/2300/2201
f 2149/2240/2202 2148/2238/2202 2211/2299/2202 2212/2301/2202
f 2123/2242/2203 1/2302/2203 2186/2303/2203
f 2176/2243/2204 2175/2239/2204 2238/2300/2204 2239/2304/2204
f 2150/2244/2205 2149/2240/2205 2212/2301/2205 2213/2305/2205
f 2124/2245/2206 2123/2242/2206 2186/2303/2206 2187/2306/2206
f 2177/2246/2207 2176/2243/2207 2239/2304/2207 2240/2307/2207
f 2151/2247/2208 2150/2244/2208 2213/2305/2208 2214/2308/2208
f 2125/2248/2209 2124/2245/2209 2187/2306/2209 2188/2309/2209
f 2178/2249/2210 2177/2246/2210 2240/2307/2210 2241/2310/2210
f 2152/2250/2211 2151/2247/2211 2214/2308/2211 2215/2311/2211
f 2126/2251/2212 2125/2248/2212 2188/2309/2212 2189/2312/2212
f 2179/2252/2213 2178/2249/2213 2241/2310/2213 2242/2313/2213
f 2153/2253/2214 2152/2250/2214 2215/2311/2214 2216/2314/2214
f 2127/2254/2215 2126/2251/2215 2189/2312/2215 2190/2315/2215
f 2180/2255/2216 2179/2252/2216 2242/2313/2216 2243/2316/2216
f 2154/2256/2217 2153/2253/2217 2216/2314/2217 2217/2317/2217
f 2128/2257/2218 2127/2254/2218 2190/2315/2218 2191/2318/2218
f 2181/2258/2219 2180/2255/2219 2243/2316/2219 2244/2319/2219
f 2155/2259/2220 2154/2256/2220 2217/2317/2220 2218/2320/2220
f 2129/2260/2221 2128/2257/2221 2191/2318/2221 2192/2321/2221
f 2182/2261/2222 2181/2258/2222 2244/2319/2222 2245/2322/2222
f 2156/2262/2223 2155/2259/2223 2218/2320/2223 2219/2323/2223
f 2130/2263/2224 2129/2260/2224 2192/2321/2224 2193/2324/2224
f 2183/2264/2225 2182/2261/2225 2245/2322/2225 2246/2325/2225
f 2157/2265/2226 2156/2262/2226 2219/2323/2226 2220/2326/2226
f 2131/2266/2227 2130/2263/2227 2193/2324/2227 2194/2327/2227
f 2184/2267/2228 2183/2264/2228 2246/2325/2228 2247/2328/2228
f 2158/2268/2229 2157/2265/2229 2220/2326/2229 2221/2329/2229
f 2132/2269/2230 2131/2266/2230 2194/2327/2230 2195/2330/2230
f 2185/2270/2231 2184/2267/2231 2247/2328/2231 2248/2331/2231
f 2159/2271/2232 2158/2268/2232 2221/2329/2232 2222/2332/2232
f 2133/2272/2233 2132/2269/2233 2195/2330/2233 2196/2333/2233
f 43/2334/2234 2185/2270/2234 2248/2331/2234
f 2160/2209/2235 2159/2271/2235 2222/2332/2235 2223/2335/2235
f 2134/2211/2236 2133/2272/2236 2196/2333/2236 2197/2336/2236
f 2161/2210/2237 2160/2209/2237 2223/2335/2237 2224/2337/2237
f 2135/2212/2238 2134/2211/2238 2197/2336/2238 2198/2338/2238
f 2162/2213/2239 2161/2210/2239 2224/2337/2239 2225/2274/2239
f 2136/2214/2240 2135/2212/2240 2198/2338/2240 2199/2276/2240
f 2228/2280/2241 2227/2278/2241 2290/2339/2241 2291/2340/2241
f 2202/2281/2242 2201/2279/2242 2264/2341/2242 2265/2342/2242
f 2229/2282/2243 2228/2280/2243 2291/2340/2243 2292/2343/2243
f 2203/2283/2244 2202/2281/2244 2265/2342/2244 2266/2344/2244
f 2230/2284/2245 2229/2282/2245 2292/2343/2245 2293/2345/2245
f 2204/2285/2246 2203/2283/2246 2266/2344/2246 2267/2346/2246
f 2231/2286/2247 2230/2284/2247 2293/2345/2247 2294/2347/2247
f 2205/2287/2248 2204/2285/2248 2267/2346/2248 2268/2348/2248
f 2232/2288/2249 2231/2286/2249 2294/2347/2249 2295/2349/2249
f 2206/2289/2250 2205/2287/2250 2268/2348/2250 2269/2350/2250
f 2233/2290/2251 2232/2288/2251 2295/2349/2251 2296/2351/2251
f 2207/2291/2252 2206/2289/2252 2269/2350/2252 2270/2352/2252
f 2234/2292/2253 2233/2290/2253 2296/2351/2253 2297/2353/2253
f 2208/2293/2254 2207/2291/2254 2270/2352/2254 2271/2354/2254
f 2235/2294/2255 2234/2292/2255 2297/2353/2255 2298/2355/2255
f 2209/2295/2256 2208/2293/2256 2271/2354/2256 2272/2356/2256
f 2236/2296/2257 2235/2294/2257 2298/2355/2257 2299/2357/2257
f 2210/2297/2258 2209/2295/2258 2272/2356/2258 2273/2358/2258
f 2237/2298/2259 2236/2296/2259 2299/2357/2259 2300/2359/2259
f 2211/2299/2260 2210/2297/2260 2273/2358/2260 2274/2360/2260
f 2238/2300/2261 2237/2298/2261 2300/2359/2261 2301/2361/2261
f 2212/2301/2262 2211/2299/2262 2274/2360/2262 2275/2362/2262
f 2186/2303/2263 1/2363/2263 2249/2364/2263
f 2239/2304/2264 2238/2300/2264 2301/2361/2264 2302/2365/2264
f 2213/2305/2265 2212/2301/2265 2275/2362/2265 2276/2366/2265
f 2187/2306/2266 2186/2303/2266 2249/2364/2266 2250/2367/2266
f 2240/2307/2267 2239/2304/2267 2302/2365/2267 2303/2368/2267
f 2214/2308/2268 2213/2305/2268 2276/2366/2268 2277/2369/2268
f 2188/2309/2269 2187/2306/2269 2250/2367/2269 2251/2370/2269
f 2241/2310/2270 2240/2307/2270 2303/2368/2270 2304/2371/2270
f 2215/2311/2271 2214/2308/2271 2277/2369/2271 2278/2372/2271
f 2189/2312/2272 2188/2309/2272 2251/2370/2272 2252/2373/2272
f 2242/2313/2273 2241/2310/2273 2304/2371/2273 2305/2374/2273
f 2216/2314/2274 2215/2311/2274 2278/2372/2274 2279/2375/2274
f 2190/2315/2275 2189/2312/2275 2252/2373/2275 2253/2376/2275
f 2243/2316/2276 2242/2313/2276 2305/2374/2276 2306/2377/2276
f 2217/2317/2277 2216/2314/2277 2279/2375/2277 2280/2378/2277
f 2191/2318/2278 2190/2315/2278 2253/2376/2278 2254/2379/2278
f 2244/2319/2279 2243/2316/2279 2306/2377/2279 2307/2380/2279
f 2218/2320/2280 2217/2317/2280 2280/2378/2280 2281/2381/2280
f 2192/2321/2281 2191/2318/2281 2254/2379/2281 2255/2382/2281
f 2245/2322/2282 2244/2319/2282 2307/2380/2282 2308/2383/2282
f 2219/2323/2283 2218/2320/2283 2281/2381/2283 2282/2384/2283
f 2193/2324/2284 2192/2321/2284 2255/2382/2284 2256/2385/2284
f 2246/2325/2285 2245/2322/2285 2308/2383/2285 2309/2386/2285
f 2220/2326/2286 2219/2323/2286 2282/2384/2286 2283/2387/2286
f 2194/2327/2287 2193/2324/2287 2256/2385/2287 2257/2388/2287
f 2247/2328/2288 2246/2325/2288 2309/2386/2288 2310/2389/2288
f 2221/2329/2289 2220/2326/2289 2283/2387/2289 2284/2390/2289
f 2195/2330/2290 2194/2327/2290 2257/2388/2290 2258/2391/2290
f 2248/2331/2291 2247/2328/2291 2310/2389/2291 2311/2392/2291
f 2222/2332/2292 2221/2329/2292 2284/2390/2292 2285/2393/2292
f 2196/2333/2293 2195/2330/2293 2258/2391/2293 2259/2394/2293
f 43/2395/2294 2248/2331/2294 2311/2392/2294
f 2223/2335/2295 2222/2332/2295 2285/2393/2295 2286/2396/2295
f 2197/2336/2296 2196/2333/2296 2259/2394/2296 2260/2397/2296
f 2224/2337/2297 2223/2335/2297 2286/2396/2297 2287/2398/2297
f 2198/2338/2298 2197/2336/2298 2260/2397/2298 2261/2399/2298
f 2225/2274/2299 2224/2337/2299 2287/2398/2299 2288/2400/2299
f 2199/2276/2300 2198/2338/2300 2261/2399/2300 2262/2401/2300
f 2226/2275/2301 2225/2274/2301 2288/2400/2301 2289/2402/2301
f 2200/2277/2302 2199/2276/2302 2262/2401/2302 2263/2403/2302
f 2227/2278/2303 2226/2275/2303 2289/2402/2303 2290/2339/2303
f 2201/2279/2304 2200/2277/2304 2263/2403/2304 2264/2341/2304
f 2293/2345/2305 2292/2343/2305 2355/2404/2305 2356/2405/2305
f 2267/2346/2306 2266/2344/2306 2329/2406/2306 2330/2407/2306
f 2294/2347/2307 2293/2345/2307 2356/2405/2307 2357/2408/2307
f 2268/2348/2308 2267/2346/2308 2330/2407/2308 2331/2409/2308
f 2295/2349/2309 2294/2347/2309 2357/2408/2309 2358/2410/2309
f 2269/2350/2310 2268/2348/2310 2331/2409/2310 2332/2411/2310
f 2296/2351/2311 2295/2349/2311 2358/2410/2311 2359/2412/2311
f 2270/2352/2312 2269/2350/2312 2332/2411/2312 2333/2413/2312
f 2297/2353/2313 2296/2351/2313 2359/2412/2313 2360/2414/2313
f 2271/2354/2314 2270/2352/2314 2333/2413/2314 2334/2415/2314
f 2298/2355/2315 2297/2353/2315 2360/2414/2315 2361/2416/2315
f 2272/2356/2316 2271/2354/2316 2334/2415/2316 2335/2417/2316
f 2299/2357/2317 2298/2355/2317 2361/2416/2317 2362/2418/2317
f 2273/2358/2318 2272/2356/2318 2335/2417/2318 2336/2419/2318
f 2300/2359/2319 2299/2357/2319 2362/2418/2319 2363/2420/2319
f 2274/2360/2320 2273/2358/2320 2336/2419/2320 2337/2421/2320
f 2301/2361/2321 2300/2359/2321 2363/2420/2321 2364/2422/2321
f 2275/2362/2322 2274/2360/2322 2337/2421/2322 2338/2423/2322
f 2249/2364/2323 1/2424/2323 2312/2425/2323
f 2302/2365/2324 2301/2361/2324 2364/2422/2324 2365/2426/2324
f 2276/2366/2325 2275/2362/2325 2338/2423/2325 2339/2427/2325
f 2250/2367/2326 2249/2364/2326 2312/2425/2326 2313/2428/2326
f 2303/2368/2327 2302/2365/2327 2365/2426/2327 2366/2429/2327
f 2277/2369/2328 2276/2366/2328 2339/2427/2328 2340/2430/2328
f 2251/2370/2329 2250/2367/2329 2313/2428/2329 2314/2431/2329
f 2304/2371/2330 2303/2368/2330 2366/2429/2330 2367/2432/2330
f 2278/2372/2331 2277/2369/2331 2340/2430/2331 2341/2433/2331
f 2252/2373/2332 2251/2370/2332 2314/2431/2332 2315/2434/2332
f 2305/2374/2333 2304/2371/2333 2367/2432/2333 2368/2435/2333
f 2279/2375/2334 2278/2372/2334 2341/2433/2334 2342/2436/2334
f 2253/2376/2335 2252/2373/2335 2315/2434/2335 2316/2437/2335
f 2306/2377/2336 2305/2374/2336 2368/2435/2336 2369/2438/2336
f 2280/2378/2337 2279/2375/2337 2342/2436/2337 2343/2439/2337
f 2254/2379/2338 2253/2376/2338 2316/2437/2338 2317/2440/2338
f 2307/2380/2339 2306/2377/2339 2369/2438/2339 2370/2441/2339
f 2281/2381/2340 2280/2378/2340 2343/2439/2340 2344/2442/2340
f 2255/2382/2341 2254/2379/2341 2317/2440/2341 2318/2443/2341
f 2308/2383/2342 2307/2380/2342 2370/2441/2342 2371/2444/2342
f 2282/2384/2343 2281/2381/2343 2344/2442/2343 2345/2445/2343
f 2256/2385/2344 2255/2382/2344 2318/2443/2344 2319/2446/2344
f 2309/2386/2345 2308/2383/2345 2371/2444/2345 2372/2447/2345
f 2283/2387/2346 2282/2384/2346 2345/2445/2346 2346/2448/2346
f 2257/2388/2347 2256/2385/2347 2319/2446/2347 2320/2449/2347
f 2310/2389/2348 2309/2386/2348 2372/2447/2348 2373/2450/2348
f 2284/2390/2349 2283/2387/2349 2346/2448/2349 2347/2451/2349
f 2258/2391/2350 2257/2388/2350 2320/2449/2350 2321/2452/2350
f 2311/2392/2351 2310/2389/2351 2373/2450/2351 2374/2453/2351
f 2285/2393/2352 2284/2390/2352 2347/2451/2352 2348/2454/2352
f 2259/2394/2353 2258/2391/2353 2321/2452/2353 2322/2455/2353
f 43/2456/2354 2311/2392/2354 2374/2453/2354
f 2286/2396/2355 2285/2393/2355 2348/2454/2355 2349/2457/2355
f 2260/2397/2356 2259/2394/2356 2322/2455/2356 2323/2458/2356
f 2287/2398/2357 2286/2396/2357 2349/2457/2357 2350/2459/2357
f 2261/2399/2358 2260/2397/2358 2323/2458/2358 2324/2460/2358
f 2288/2400/2359 2287/2398/2359 2350/2459/2359 2351/2461/2359
f 2262/2401/2360 2261/2399/2360 2324/2460/2360 2325/2462/2360
f 2289/2402/2361 2288/2400/2361 2351/2461/2361 2352/2463/2361
f 2263/2403/2362 2262/2401/2362 2325/2462/2362 2326/2464/2362
f 2290/2339/2363 2289/2402/2363 2352/2463/2363 2353/2465/2363
f 2264/2341/2364 2263/2403/2364 2326/2464/2364 2327/2466/2364
f 2291/2340/2365 2290/2339/2365 2353/2465/2365 2354/2467/2365
f 2265/2342/2366 2264/2341/2366 2327/2466/2366 2328/2468/2366
f 2292/2343/2367 2291/2340/2367 2354/2467/2367 2355/2404/2367
f 2266/2344/2368 2265/2342/2368 2328/2468/2368 2329/2406/2368
f 2358/2410/2369 2357/2408/2369 2420/2469/2369 2421/2470/2369
f 2332/2411/2370 2331/2409/2370 2394/2471/2370 2395/2472/2370
f 2359/2412/2371 2358/2410/2371 2421/2470/2371 2422/2473/2371
f 2333/2413/2372 2332/2411/2372 2395/2472/2372 2396/2474/2372
f 2360/2414/2373 2359/2412/2373 2422/2473/2373 2423/2475/2373
f 2334/2415/2374 2333/2413/2374 2396/2474/2374 2397/2476/2374
f 2361/2416/2375 2360/2414/2375 2423/2475/2375 2424/2477/2375
f 2335/2417/2376 2334/2415/2376 2397/2476/2376 2398/2478/2376
f 2362/2418/2377 2361/2416/2377 2424/2477/2377 2425/2479/2377
f 2336/2419/2378 2335/2417/2378 2398/2478/2378 2399/2480/2378
f 2363/2420/2379 2362/2418/2379 2425/2479/2379 2426/2481/2379
f 2337/2421/2380 2336/2419/2380 2399/2480/2380 2400/2482/2380
f 2364/2422/2381 2363/2420/2381 2426/2481/2381 2427/2483/2381
f 2338/2423/2382 2337/2421/2382 2400/2482/2382 2401/2484/2382
f 2312/2425/2383 1/2485/2383 2375/2486/2383
f 2365/2426/2384 2364/2422/2384 2427/2483/2384 2428/2487/2384
f 2339/2427/2385 2338/2423/2385 2401/2484/2385 2402/2488/2385
f 2313/2428/2386 2312/2425/2386 2375/2486/2386 2376/2489/2386
f 2366/2429/2387 2365/2426/2387 2428/2487/2387 2429/2490/2387
f 2340/2430/2388 2339/2427/2388 2402/2488/2388 2403/2491/2388
f 2314/2431/2389 2313/2428/2389 2376/2489/2389 2377/2492/2389
f 2367/2432/2390 2366/2429/2390 2429/2490/2390 2430/2493/2390
f 2341/2433/2391 2340/2430/2391 2403/2491/2391 2404/2494/2391
f 2315/2434/2392 2314/2431/2392 2377/2492/2392 2378/2495/2392
f 2368/2435/2393 2367/2432/2393 2430/2493/2393 2431/2496/2393
f 2342/2436/2394 2341/2433/2394 2404/2494/2394 2405/2497/2394
f 2316/2437/2395 2315/2434/2395 2378/2495/2395 2379/2498/2395
f 2369/2438/2396 2368/2435/2396 2431/2496/2396 2432/2499/2396
f 2343/2439/2397 2342/2436/2397 2405/2497/2397 2406/2500/2397
f 2317/2440/2398 2316/2437/2398 2379/2498/2398 2380/2501/2398
f 2370/2441/2399 2369/2438/2399 2432/2499/2399 2433/2502/2399
f 2344/2442/2400 2343/2439/2400 2406/2500/2400 2407/2503/2400
f 2318/2443/2401 2317/2440/2401 2380/2501/2401 2381/2504/2401
f 2371/2444/2402 2370/2441/2402 2433/2502/2402 2434/2505/2402
f 2345/2445/2403 2344/2442/2403 2407/2503/2403 2408/2506/2403
f 2319/2446/2404 2318/2443/2404 2381/2504/2404 2382/2507/2404
f 2372/2447/2405 2371/2444/2405 2434/2505/2405 2435/2508/2405
f 2346/2448/2406 2345/2445/2406 2408/2506/2406 2409/2509/2406
f 2320/2449/2407 2319/2446/2407 2382/2507/2407 2383/2510/2407
f 2373/2450/2408 2372/2447/2408 2435/2508/2408 2436/2511/2408
f 2347/2451/2409 2346/2448/2409 2409/2509/2409 2410/2512/2409
f 2321/2452/2410 2320/2449/2410 2383/2510/2410 2384/2513/2410
f 2374/2453/2411 2373/2450/2411 2436/2511/2411 2437/2514/2411
f 2348/2454/2412 2347/2451/2412 2410/2512/2412 2411/2515/2412
f 2322/2455/2413 2321/2452/2413 2384/2513/2413 2385/2516/2413
f 43/2517/2414 2374/2453/2414 2437/2514/2414
f 2349/2457/2415 2348/2454/2415 2411/2515/2415 2412/2518/2415
f 2323/2458/2416 2322/2455/2416 2385/2516/2416 2386/2519/2416
f 2350/2459/2417 2349/2457/2417 2412/2518/2417 2413/2520/2417
f 2324/2460/2418 2323/2458/2418 2386/2519/2418 2387/2521/2418
f 2351/2461/2419 2350/2459/2419 2413/2520/2419 2414/2522/2419
f 2325/2462/2420 2324/2460/2420 2387/2521/2420 2388/2523/2420
f 2352/2463/2421 2351/2461/2421 2414/2522/2421 2415/2524/2421
f 2326/2464/2422 2325/2462/2422 2388/2523/2422 2389/2525/2422
f 2353/2465/2423 2352/2463/2423 2415/2524/2423 2416/2526/2423
f 2327/2466/2424 2326/2464/2424 2389/2525/2424 2390/2527/2424
f 2354/2467/2425 2353/2465/2425 2416/2526/2425 2417/2528/2425
f 2328/2468/2426 2327/2466/2426 2390/2527/2426 2391/2529/2426
f 2355/2404/2427 2354/2467/2427 2417/2528/2427 2418/2530/2427
f 2329/2406/2428 2328/2468/2428 2391/2529/2428 2392/2531/2428
f 2356/2405/2429 2355/2404/2429 2418/2530/2429 2419/2532/2429
f 2330/2407/2430 2329/2406/2430 2392/2531/2430 2393/2533/2430
f 2357/2408/2431 2356/2405/2431 2419/2532/2431 2420/2469/2431
f 2331/2409/2432 2330/2407/2432 2393/2533/2432 2394/2471/2432
f 2423/2475/2433 2422/2473/2433 2485/2534/2433 2486/2535/2433
f 2397/2476/2434 2396/2474/2434 2459/2536/2434 2460/2537/2434
f 2424/2477/2435 2423/2475/2435 2486/2535/2435 2487/2538/2435
f 2398/2478/2436 2397/2476/2436 2460/2537/2436 2461/2539/2436
f 2425/2479/2437 2424/2477/2437 2487/2538/2437 2488/2540/2437
f 2399/2480/2438 2398/2478/2438 2461/2539/2438 2462/2541/2438
f 2426/2481/2439 2425/2479/2439 2488/2540/2439 2489/2542/2439
f 2400/2482/2440 2399/2480/2440 2462/2541/2440 2463/2543/2440
f 2427/2483/2441 2426/2481/2441 2489/2542/2441 2490/2544/2441
f 2401/2484/2442 2400/2482/2442 2463/2543/2442 2464/2545/2442
f 2375/2486/2443 1/2546/2443 2438/2547/2443
f 2428/2487/2444 2427/2483/2444 2490/2544/2444 2491/2548/2444
f 2402/2488/2445 2401/2484/2445 2464/2545/2445 2465/2549/2445
f 2376/2489/2446 2375/2486/2446 2438/2547/2446 2439/2550/2446
f 2429/2490/2447 2428/2487/2447 2491/2548/2447 2492/2551/2447
f 2403/2491/2448 2402/2488/2448 2465/2549/2448 2466/2552/2448
f 2377/2492/2449 2376/2489/2449 2439/2550/2449 2440/2553/2449
f 2430/2493/2450 2429/2490/2450 2492/2551/2450 2493/2554/2450
f 2404/2494/2451 2403/2491/2451 2466/2552/2451 2467/2555/2451
f 2378/2495/2452 2377/2492/2452 2440/2553/2452 2441/2556/2452
f 2431/2496/2453 2430/2493/2453 2493/2554/2453 2494/2557/2453
f 2405/2497/2454 2404/2494/2454 2467/2555/2454 2468/2558/2454
f 2379/2498/2455 2378/2495/2455 2441/2556/2455 2442/2559/2455
f 2432/2499/2456 2431/2496/2456 2494/2557/2456 2495/2560/2456
f 2406/2500/2457 2405/2497/2457 2468/2558/2457 2469/2561/2457
f 2380/2501/2458 2379/2498/2458 2442/2559/2458 2443/2562/2458
f 2433/2502/2459 2432/2499/2459 2495/2560/2459 2496/2563/2459
f 2407/2503/2460 2406/2500/2460 2469/2561/2460 2470/2564/2460
f 2381/2504/2461 2380/2501/2461 2443/2562/2461 2444/2565/2461
f 2434/2505/2462 2433/2502/2462 2496/2563/2462 2497/2566/2462
f 2408/2506/2463 2407/2503/2463 2470/2564/2463 2471/2567/2463
f 2382/2507/2464 2381/2504/2464 2444/2565/2464 2445/2568/2464
f 2435/2508/2465 2434/2505/2465 2497/2566/2465 2498/2569/2465
f 2409/2509/2466 2408/2506/2466 2471/2567/2466 2472/2570/2466
f 2383/2510/2467 2382/2507/2467 2445/2568/2467 2446/2571/2467
f 2436/2511/2468 2435/2508/2468 2498/2569/2468 2499/2572/2468
f 2410/2512/2469 2409/2509/2469 2472/2570/2469 2473/2573/2469
f 2384/2513/2470 2383/2510/2470 2446/2571/2470 2447/2574/2470
f 2437/2514/2471 2436/2511/2471 2499/2572/2471 2500/2575/2471
f 2411/2515/2472 2410/2512/2472 2473/2573/2472 2474/2576/2472
f 2385/2516/2473 2384/2513/2473 2447/2574/2473 2448/2577/2473
f 43/2578/2474 2437/2514/2474 2500/2575/2474
f 2412/2518/2475 2411/2515/2475 2474/2576/2475 2475/2579/2475
f 2386/2519/2476 2385/2516/2476 2448/2577/2476 2449/2580/2476
f 2413/2520/2477 2412/2518/2477 2475/2579/2477 2476/2581/2477
f 2387/2521/2478 2386/2519/2478 2449/2580/2478 2450/2582/2478
f 2414/2522/2479 2413/2520/2479 2476/2581/2479 2477/2583/2479
f 2388/2523/2480 2387/2521/2480 2450/2582/2480 2451/2584/2480
f 2415/2524/2481 2414/2522/2481 2477/2583/2481 2478/2585/2481
f 2389/2525/2482 2388/2523/2482 2451/2584/2482 2452/2586/2482
f 2416/2526/2483 2415/2524/2483 2478/2585/2483 2479/2587/2483
f 2390/2527/2484 2389/2525/2484 2452/2586/2484 2453/2588/2484
f 2417/2528/2485 2416/2526/2485 2479/2587/2485 2480/2589/2485
f 2391/2529/2486 2390/2527/2486 2453/2588/2486 2454/2590/2486
f 2418/2530/2487 2417/2528/2487 2480/2589/2487 2481/2591/2487
f 2392/2531/2488 2391/2529/2488 2454/2590/2488 2455/2592/2488
f 2419/2532/2489 2418/2530/2489 2481/2591/2489 2482/2593/2489
f 2393/2533/2490 2392/2531/2490 2455/2592/2490 2456/2594/2490
f 2420/2469/2491 2419/2532/2491 2482/2593/2491 2483/2595/2491
f 2394/2471/2492 2393/2533/2492 2456/2594/2492 2457/2596/2492
f 2421/2470/2493 2420/2469/2493 2483/2595/2493 2484/2597/2493
f 2395/2472/2494 2394/2471/2494 2457/2596/2494 2458/2598/2494
f 2422/2473/2495 2421/2470/2495 2484/2597/2495 2485/2534/2495
f 2396/2474/2496 2395/2472/2496 2458/2598/2496 2459/2536/2496
f 2486/2535/2497 2485/2534/2497 2548/2599/2497 2549/2600/2497
f 2460/2537/2498 2459/2536/2498 2522/2601/2498 2523/2602/2498
f 2487/2538/2499 2486/2535/2499 2549/2600/2499 2550/2603/2499
f 2461/2539/2500 2460/2537/2500 2523/2602/2500 2524/2604/2500
f 2488/2540/2501 2487/2538/2501 2550/2603/2501 2551/2605/2501
f 2462/2541/2502 2461/2539/2502 2524/2604/2502 2525/2606/2502
f 2489/2542/2503 2488/2540/2503 2551/2605/2503 2552/2607/2503
f 2463/2543/2504 2462/2541/2504 2525/2606/2504 2526/2608/2504
f 2490/2544/2505 2489/2542/2505 2552/2607/2505 2553/2609/2505
f 2464/2545/2506 2463/2543/2506 2526/2608/2506 2527/2610/2506
f 2438/2547/2507 1/2611/2507 2501/2612/2507
f 2491/2548/2508 2490/2544/2508 2553/2609/2508 2554/2613/2508
f 2465/2549/2509 2464/2545/2509 2527/2610/2509 2528/2614/2509
f 2439/2550/2510 2438/2547/2510 2501/2612/2510 2502/2615/2510
f 2492/2551/2511 2491/2548/2511 2554/2613/2511 2555/2616/2511
f 2466/2552/2512 2465/2549/2512 2528/2614/2512 2529/2617/2512
f 2440/2553/2513 2439/2550/2513 2502/2615/2513 2503/2618/2513
f 2493/2554/2514 2492/2551/2514 2555/2616/2514 2556/2619/2514
f 2467/2555/2515 2466/2552/2515 2529/2617/2515 2530/2620/2515
f 2441/2556/2516 2440/2553/2516 2503/2618/2516 2504/2621/2516
f 2494/2557/2517 2493/2554/2517 2556/2619/2517 2557/2622/2517
f 2468/2558/2518 2467/2555/2518 2530/2620/2518 2531/2623/2518
f 2442/2559/2519 2441/2556/2519 2504/2621/2519 2505/2624/2519
f 2495/2560/2520 2494/2557/2520 2557/2622/2520 2558/2625/2520
f 2469/2561/2521 2468/2558/2521 2531/2623/2521 2532/2626/2521
f 2443/2562/2522 2442/2559/2522 2505/2624/2522 2506/2627/2522
f 2496/2563/2523 2495/2560/2523 2558/2625/2523 2559/2628/2523
f 2470/2564/2524 2469/2561/2524 2532/2626/2524 2533/2629/2524
f 2444/2565/2525 2443/2562/2525 2506/2627/2525 2507/2630/2525
f 2497/2566/2526 2496/2563/2526 2559/2628/2526 2560/2631/2526
f 2471/2567/2527 2470/2564/2527 2533/2629/2527 2534/2632/2527
f 2445/2568/2528 2444/2565/2528 2507/2630/2528 2508/2633/2528
f 2498/2569/2529 2497/2566/2529 2560/2631/2529 2561/2634/2529
f 2472/2570/2530 2471/2567/2530 2534/2632/2530 2535/2635/2530
f 2446/2571/2531 2445/2568/2531 2508/2633/2531 2509/2636/2531
f 2499/2572/2532 2498/2569/2532 2561/2634/2532 2562/2637/2532
f 2473/2573/2533 2472/2570/2533 2535/2635/2533 2536/2638/2533
f 2447/2574/2534 2446/2571/2534 2509/2636/2534 2510/2639/2534
f 2500/2575/2535 2499/2572/2535 2562/2637/2535 2563/2640/2535
f 2474/2576/2536 2473/2573/2536 2536/2638/2536 2537/2641/2536
f 2448/2577/2537 2447/2574/2537 2510/2639/2537 2511/2642/2537
f 43/2643/2538 2500/2575/2538 2563/2640/2538
f 2475/2579/2539 2474/2576/2539 2537/2641/2539 2538/2644/2539
f 2449/2580/2540 2448/2577/2540 2511/2642/2540 2512/2645/2540
f 2476/2581/2541 2475/2579/2541 2538/2644/2541 2539/2646/2541
f 2450/2582/2542 2449/2580/2542 2512/2645/2542 2513/2647/2542
f 2477/2583/2543 2476/2581/2543 2539/2646/2543 2540/2648/2543
f 2451/2584/2544 2450/2582/2544 2513/2647/2544 2514/2649/2544
f 2478/2585/2545 2477/2583/2545 2540/2648/2545 2541/2650/2545
f 2452/2586/2546 2451/2584/2546 2514/2649/2546 2515/2651/2546
f 2479/2587/2547 2478/2585/2547 2541/2650/2547 2542/2652/2547
f 2453/2588/2548 2452/2586/2548 2515/2651/2548 2516/2653/2548
f 2480/2589/2549 2479/2587/2549 2542/2652/2549 2543/2654/2549
f 2454/2590/2550 2453/2588/2550 2516/2653/2550 2517/2655/2550
f 2481/2591/2551 2480/2589/2551 2543/2654/2551 2544/2656/2551
f 2455/2592/2552 2454/2590/2552 2517/2655/2552 2518/2657/2552
f 2482/2593/2553 2481/2591/2553 2544/2656/2553 2545/2658/2553
f 2456/2594/2554 2455/2592/2554 2518/2657/2554 2519/2659/2554
f 2483/2595/2555 2482/2593/2555 2545/2658/2555 2546/2660/2555
f 2457/2596/2556 2456/2594/2556 2519/2659/2556 2520/2661/2556
f 2484/2597/2557 2483/2595/2557 2546/2660/2557 2547/2662/2557
f 2458/2598/2558 2457/2596/2558 2520/2661/2558 2521/2663/2558
f 2485/2534/2559 2484/2597/2559 2547/2662/2559 2548/2599/2559
f 2459/2536/2560 2458/2598/2560 2521/2663/2560 2522/2601/2560
f 2551/2605/2561 2550/2603/2561 2613/2664/2561 2614/2665/2561
f 2525/2606/2562 2524/2604/2562 2587/2666/2562 2588/2667/2562
f 2552/2607/2563 2551/2605/2563 2614/2665/2563 2615/2668/2563
f 2526/2608/2564 2525/2606/2564 2588/2667/2564 2589/2669/2564
f 2553/2609/2565 2552/2607/2565 2615/2668/2565 2616/2670/2565
f 2527/2610/2566 2526/2608/2566 2589/2669/2566 2590/2671/2566
f 2501/2612/2567 1/2672/2567 2564/2673/2567
f 2554/2613/2568 2553/2609/2568 2616/2670/2568 2617/2674/2568
f 2528/2614/2569 2527/2610/2569 2590/2671/2569 2591/2675/2569
f 2502/2615/2570 2501/2612/2570 2564/2673/2570 2565/2676/2570
f 2555/2616/2571 2554/2613/2571 2617/2674/2571 2618/2677/2571
f 2529/2617/2572 2528/2614/2572 2591/2675/2572 2592/2678/2572
f 2503/2618/2573 2502/2615/2573 2565/2676/2573 2566/2679/2573
f 2556/2619/2574 2555/2616/2574 2618/2677/2574 2619/2680/2574
f 2530/2620/2575 2529/2617/2575 2592/2678/2575 2593/2681/2575
f 2504/2621/2576 2503/2618/2576 2566/2679/2576 2567/2682/2576
f 2557/2622/2577 2556/2619/2577 2619/2680/2577 2620/2683/2577
f 2531/2623/2578 2530/2620/2578 2593/2681/2578 2594/2684/2578
f 2505/2624/2579 2504/2621/2579 2567/2682/2579 2568/2685/2579
f 2558/2625/2580 2557/2622/2580 2620/2683/2580 2621/2686/2580
f 2532/2626/2581 2531/2623/2581 2594/2684/2581 2595/2687/2581
f 2506/2627/2582 2505/2624/2582 2568/2685/2582 2569/2688/2582
f 2559/2628/2583 2558/2625/2583 2621/2686/2583 2622/2689/2583
f 2533/2629/2584 2532/2626/2584 2595/2687/2584 2596/2690/2584
f 2507/2630/2585 2506/2627/2585 2569/2688/2585 2570/2691/2585
f 2560/2631/2586 2559/2628/2586 2622/2689/2586 2623/2692/2586
f 2534/2632/2587 2533/2629/2587 2596/2690/2587 2597/2693/2587
f 2508/2633/2588 2507/2630/2588 2570/2691/2588 2571/2694/2588
f 2561/2634/2589 2560/2631/2589 2623/2692/2589 2624/2695/2589
f 2535/2635/2590 2534/2632/2590 2597/2693/2590 2598/2696/2590
f 2509/2636/2591 2508/2633/2591 2571/2694/2591 2572/2697/2591
f 2562/2637/2592 2561/2634/2592 2624/2695/2592 2625/2698/2592
f 2536/2638/2593 2535/2635/2593 2598/2696/2593 2599/2699/2593
f 2510/2639/2594 2509/2636/2594 2572/2697/2594 2573/2700/2594
f 2563/2640/2595 2562/2637/2595 2625/2698/2595 2626/2701/2595
f 2537/2641/2596 2536/2638/2596 2599/2699/2596 2600/2702/2596
f 2511/2642/2597 2510/2639/2597 2573/2700/2597 2574/2703/2597
f 43/2704/2598 2563/2640/2598 2626/2701/2598
f 2538/2644/2599 2537/2641/2599 2600/2702/2599 2601/2705/2599
f 2512/2645/2600 2511/2642/2600 2574/2703/2600 2575/2706/2600
f 2539/2646/2601 2538/2644/2601 2601/2705/2601 2602/2707/2601
f 2513/2647/2602 2512/2645/2602 2575/2706/2602 2576/2708/2602
f 2540/2648/2603 2539/2646/2603 2602/2707/2603 2603/2709/2603
f 2514/2649/2604 2513/2647/2604 2576/2708/2604 2577/2710/2604
f 2541/2650/2605 2540/2648/2605 2603/2709/2605 2604/2711/2605
f 2515/2651/2606 2514/2649/2606 2577/2710/2606 2578/2712/2606
f 2542/2652/2607 2541/2650/2607 2604/2711/2607 2605/2713/2607
f 2516/2653/2608 2515/2651/2608 2578/2712/2608 2579/2714/2608
f 2543/2654/2609 2542/2652/2609 2605/2713/2609 2606/2715/2609
f 2517/2655/2610 2516/2653/2610 2579/2714/2610 2580/2716/2610
f 2544/2656/2611 2543/2654/2611 2606/2715/2611 2607/2717/2611
f 2518/2657/2612 2517/2655/2612 2580/2716/2612 2581/2718/2612
f 2545/2658/2613 2544/2656/2613 2607/2717/2613 2608/2719/2613
f 2519/2659/2614 2518/2657/2614 2581/2718/2614 2582/2720/2614
f 2546/2660/2615 2545/2658/2615 2608/2719/2615 2609/2721/2615
f 2520/2661/2616 2519/2659/2616 2582/2720/2616 2583/2722/2616
f 2547/2662/2617 2546/2660/2617 2609/2721/2617 2610/2723/2617
f 2521/2663/2618 2520/2661/2618 2583/2722/2618 2584/2724/2618
f 2548/2599/2619 2547/2662/2619 2610/2723/2619 2611/2725/2619
f 2522/2601/2620 2521/2663/2620 2584/2724/2620 2585/2726/2620
f 2549/2600/2621 2548/2599/2621 2611/2725/2621 2612/2727/2621
f 2523/2602/2622 2522/2601/2622 2585/2726/2622 2586/2728/2622
f 2550/2603/2623 2549/2600/2623 2612/2727/2623 2613/2664/2623
f 2524/2604/2624 2523/2602/2624 2586/2728/2624 2587/2666/2624
f 2616/2670/2625 2615/2668/2625 2678/2729/2625 2679/2730/2625
f 2590/2671/2626 2589/2669/2626 2652/2731/2626 2653/2732/2626
f 2564/2673/2627 1/2733/2627 2627/2734/2627
f 2617/2674/2628 2616/2670/2628 2679/2730/2628 2680/2735/2628
f 2591/2675/2629 2590/2671/2629 2653/2732/2629 2654/2736/2629
f 2565/2676/2630 2564/2673/2630 2627/2734/2630 2628/2737/2630
f 2618/2677/2631 2617/2674/2631 2680/2735/2631 2681/2738/2631
f 2592/2678/2632 2591/2675/2632 2654/2736/2632 2655/2739/2632
f 2566/2679/2633 2565/2676/2633 2628/2737/2633 2629/2740/2633
f 2619/2680/2634 2618/2677/2634 2681/2738/2634 2682/2741/2634
f 2593/2681/2635 2592/2678/2635 2655/2739/2635 2656/2742/2635
f 2567/2682/2636 2566/2679/2636 2629/2740/2636 2630/2743/2636
f 2620/2683/2637 2619/2680/2637 2682/2741/2637 2683/2744/2637
f 2594/2684/2638 2593/2681/2638 2656/2742/2638 2657/2745/2638
f 2568/2685/2639 2567/2682/2639 2630/2743/2639 2631/2746/2639
f 2621/2686/2640 2620/2683/2640 2683/2744/2640 2684/2747/2640
f 2595/2687/2641 2594/2684/2641 2657/2745/2641 2658/2748/2641
f 2569/2688/2642 2568/2685/2642 2631/2746/2642 2632/2749/2642
f 2622/2689/2643 2621/2686/2643 2684/2747/2643 2685/2750/2643
f 2596/2690/2644 2595/2687/2644 2658/2748/2644 2659/2751/2644
f 2570/2691/2645 2569/2688/2645 2632/2749/2645 2633/2752/2645
f 2623/2692/2646 2622/2689/2646 2685/2750/2646 2686/2753/2646
f 2597/2693/2647 2596/2690/2647 2659/2751/2647 2660/2754/2647
f 2571/2694/2648 2570/2691/2648 2633/2752/2648 2634/2755/2648
f 2624/2695/2649 2623/2692/2649 2686/2753/2649 2687/2756/2649
f 2598/2696/2650 2597/2693/2650 2660/2754/2650 2661/2757/2650
f 2572/2697/2651 2571/2694/2651 2634/2755/2651 2635/2758/2651
f 2625/2698/2652 2624/2695/2652 2687/2756/2652 2688/2759/2652
f 2599/2699/2653 2598/2696/2653 2661/2757/2653 2662/2760/2653
f 2573/2700/2654 2572/2697/2654 2635/2758/2654 2636/2761/2654
f 2626/2701/2655 2625/2698/2655 2688/2759/2655 2689/2762/2655
f 2600/2702/2656 2599/2699/2656 2662/2760/2656 2663/2763/2656
f 2574/2703/2657 2573/2700/2657 2636/2761/2657 2637/2764/2657
f 43/2765/2658 2626/2701/2658 2689/2762/2658
f 2601/2705/2659 2600/2702/2659 2663/2763/2659 2664/2766/2659
f 2575/2706/2660 2574/2703/2660 2637/2764/2660 2638/2767/2660
f 2602/2707/2661 2601/2705/2661 2664/2766/2661 2665/2768/2661
f 2576/2708/2662 2575/2706/2662 2638/2767/2662 2639/2769/2662
f 2603/2709/2663 2602/2707/2663 2665/2768/2663 2666/2770/2663
f 2577/2710/2664 2576/2708/2664 2639/2769/2664 2640/2771/2664
f 2604/2711/2665 2603/2709/2665 2666/2770/2665 2667/2772/2665
f 2578/2712/2666 2577/2710/2666 2640/2771/2666 2641/2773/2666
f 2605/2713/2667 2604/2711/2667 2667/2772/2667 2668/2774/2667
f 2579/2714/2668 2578/2712/2668 2641/2773/2668 2642/2775/2668
f 2606/2715/2669 2605/2713/2669 2668/2774/2669 2669/2776/2669
f 2580/2716/2670 2579/2714/2670 2642/2775/2670 2643/2777/2670
f 2607/2717/2671 2606/2715/2671 2669/2776/2671 2670/2778/2671
f 2581/2718/2672 2580/2716/2672 2643/2777/2672 2644/2779/2672
f 2608/2719/2673 2607/2717/2673 2670/2778/2673 2671/2780/2673
f 2582/2720/2674 2581/2718/2674 2644/2779/2674 2645/2781/2674
f 2609/2721/2675 2608/2719/2675 2671/2780/2675 2672/2782/2675
f 2583/2722/2676 2582/2720/2676 2645/2781/2676 2646/2783/2676
f 2610/2723/2677 2609/2721/2677 2672/2782/2677 2673/2784/2677
f 2584/2724/2678 2583/2722/2678 2646/2783/2678 2647/2785/2678
f 2611/2725/2679 2610/2723/2679 2673/2784/2679 2674/2786/2679
f 2585/2726/2680 2584/2724/2680 2647/2785/2680 2648/2787/2680
f 2612/2727/2681 2611/2725/2681 2674/2786/2681 2675/2788/2681
f 2586/2728/2682 2585/2726/2682 2648/2787/2682 2649/2789/2682
f 2613/2664/2683 2612/2727/2683 2675/2788/2683 2676/2790/2683
f 2587/2666/2684 2586/2728/2684 2649/2789/2684 2650/2791/2684
f 2614/2665/2685 2613/2664/2685 2676/2790/2685 2677/2792/2685
f 2588/2667/2686 2587/2666/2686 2650/2791/2686 2651/2793/2686
f 2615/2668/2687 2614/2665/2687 2677/2792/2687 2678/2729/2687
f 2589/2669/2688 2588/2667/2688 2651/2793/2688 2652/2731/2688
f 2681/2738/2689 2680/2735/2689 2743/2794/2689 2744/2795/2689
f 2655/2739/2690 2654/2736/2690 2717/2796/2690 2718/2797/2690
f 2629/2740/2691 2628/2737/2691 2691/2798/2691 2692/2799/2691
f 2682/2741/2692 2681/2738/2692 2744/2795/2692 2745/2800/2692
f 2656/2742/2693 2655/2739/2693 2718/2797/2693 2719/2801/2693
f 2630/2743/2694 2629/2740/2694 2692/2799/2694 2693/2802/2694
f 2683/2744/2695 2682/2741/2695 2745/2800/2695 2746/2803/2695
f 2657/2745/2696 2656/2742/2696 2719/2801/2696 2720/2804/2696
f 2631/2746/2697 2630/2743/2697 2693/2802/2697 2694/2805/2697
f 2684/2747/2698 2683/2744/2698 2746/2803/2698 2747/2806/2698
f 2658/2748/2699 2657/2745/2699 2720/2804/2699 2721/2807/2699
f 2632/2749/2700 2631/2746/2700 2694/2805/2700 2695/2808/2700
f 2685/2750/2701 2684/2747/2701 2747/2806/2701 2748/2809/2701
f 2659/2751/2702 2658/2748/2702 2721/2807/2702 2722/2810/2702
f 2633/2752/2703 2632/2749/2703 2695/2808/2703 2696/2811/2703
f 2686/2753/2704 2685/2750/2704 2748/2809/2704 2749/2812/2704
f 2660/2754/2705 2659/2751/2705 2722/2810/2705 2723/2813/2705
f 2634/2755/2706 2633/2752/2706 2696/2811/2706 2697/2814/2706
f 2687/2756/2707 2686/2753/2707 2749/2812/2707 2750/2815/2707
f 2661/2757/2708 2660/2754/2708 2723/2813/2708 2724/2816/2708
f 2635/2758/2709 2634/2755/2709 2697/2814/2709 2698/2817/2709
f 2688/2759/2710 2687/2756/2710 2750/2815/2710 2751/2818/2710
f 2662/2760/2711 2661/2757/2711 2724/2816/2711 2725/2819/2711
f 2636/2761/2712 2635/2758/2712 2698/2817/2712 2699/2820/2712
f 2689/2762/2713 2688/2759/2713 2751/2818/2713 2752/2821/2713
f 2663/2763/2714 2662/2760/2714 2725/2819/2714 2726/2822/2714
f 2637/2764/2715 2636/2761/2715 2699/2820/2715 2700/2823/2715
f 43/2824/2716 2689/2762/2716 2752/2821/2716
f 2664/2766/2717 2663/2763/2717 2726/2822/2717 2727/2825/2717
f 2638/2767/2718 2637/2764/2718 2700/2823/2718 2701/2826/2718
f 2665/2768/2719 2664/2766/2719 2727/2825/2719 2728/2827/2719
f 2639/2769/2720 2638/2767/2720 2701/2826/2720 2702/2828/2720
f 2666/2770/2721 2665/2768/2721 2728/2827/2721 2729/2829/2721
f 2640/2771/2722 2639/2769/2722 2702/2828/2722 2703/2830/2722
f 2667/2772/2723 2666/2770/2723 2729/2829/2723 2730/2831/2723
f 2641/2773/2724 2640/2771/2724 2703/2830/2724 2704/2832/2724
f 2668/2774/2725 2667/2772/2725 2730/2831/2725 2731/2833/2725
f 2642/2775/2726 2641/2773/2726 2704/2832/2726 2705/2834/2726
f 2669/2776/2727 2668/2774/2727 2731/2833/2727 2732/2835/2727
f 2643/2777/2728 2642/2775/2728 2705/2834/2728 2706/2836/2728
f 2670/2778/2729 2669/2776/2729 2732/2835/2729 2733/2837/2729
f 2644/2779/2730 2643/2777/2730 2706/2836/2730 2707/2838/2730
f 2671/2780/2731 2670/2778/2731 2733/2837/2731 2734/2839/2731
f 2645/2781/2732 2644/2779/2732 2707/2838/2732 2708/2840/2732
f 2672/2782/2733 2671/2780/2733 2734/2839/2733 2735/2841/2733
f 2646/2783/2734 2645/2781/2734 2708/2840/2734 2709/2842/2734
f 2673/2784/2735 2672/2782/2735 2735/2841/2735 2736/2843/2735
f 2647/2785/2736 2646/2783/2736 2709/2842/2736 2710/2844/2736
f 2674/2786/2737 2673/2784/2737 2736/2843/2737 2737/2845/2737
f 2648/2787/2738 2647/2785/2738 2710/2844/2738 2711/2846/2738
f 2675/2788/2739 2674/2786/2739 2737/2845/2739 2738/2847/2739
f 2649/2789/2740 2648/2787/2740 2711/2846/2740 2712/2848/2740
f 2676/2790/2741 2675/2788/2741 2738/2847/2741 2739/2849/2741
f 2650/2791/2742 2649/2789/2742 2712/2848/2742 2713/2850/2742
f 2677/2792/2743 2676/2790/2743 2739/2849/2743 2740/2851/2743
f 2651/2793/2744 2650/2791/2744 2713/2850/2744 2714/2852/2744
f 2678/2729/2745 2677/2792/2745 2740/2851/2745 2741/2853/2745
f 2652/2731/2746 2651/2793/2746 2714/2852/2746 2715/2854/2746
f 2679/2730/2747 2678/2729/2747 2741/2853/2747 2742/2855/2747
f 2653/2732/2748 2652/2731/2748 2715/2854/2748 2716/2856/2748
f 2627/2734/2749 1/2857/2749 2690/2858/2749
f 2680/2735/2750 2679/2730/2750 2742/2855/2750 2743/2794/2750
f 2654/2736/2751 2653/2732/2751 2716/2856/2751 2717/2796/2751
f 2628/2737/2752 2627/2734/2752 2690/2858/2752 2691/2798/2752
f 2746/2803/2753 2745/2800/2753 2808/2859/2753 2809/2860/2753
f 2720/2804/2754 2719/2801/2754 2782/2861/2754 2783/2862/2754
f 2694/2805/2755 2693/2802/2755 2756/2863/2755 2757/2864/2755
f 2747/2806/2756 2746/2803/2756 2809/2860/2756 2810/2865/2756
f 2721/2807/2757 2720/2804/2757 2783/2862/2757 2784/2866/2757
f 2695/2808/2758 2694/2805/2758 2757/2864/2758 2758/2867/2758
f 2748/2809/2759 2747/2806/2759 2810/2865/2759 2811/2868/2759
f 2722/2810/2760 2721/2807/2760 2784/2866/2760 2785/2869/2760
f 2696/2811/2761 2695/2808/2761 2758/2867/2761 2759/2870/2761
f 2749/2812/2762 2748/2809/2762 2811/2868/2762 2812/2871/2762
f 2723/2813/2763 2722/2810/2763 2785/2869/2763 2786/2872/2763
f 2697/2814/2764 2696/2811/2764 2759/2870/2764 2760/2873/2764
f 2750/2815/2765 2749/2812/2765 2812/2871/2765 2813/2874/2765
f 2724/2816/2766 2723/2813/2766 2786/2872/2766 2787/2875/2766
f 2698/2817/2767 2697/2814/2767 2760/2873/2767 2761/2876/2767
f 2751/2818/2768 2750/2815/2768 2813/2874/2768 2814/2877/2768
f 2725/2819/2769 2724/2816/2769 2787/2875/2769 2788/2878/2769
f 2699/2820/2770 2698/2817/2770 2761/2876/2770 2762/2879/2770
f 2752/2821/2771 2751/2818/2771 2814/2877/2771 2815/2880/2771
f 2726/2822/2772 2725/2819/2772 2788/2878/2772 2789/2881/2772
f 2700/2823/2773 2699/2820/2773 2762/2879/2773 2763/2882/2773
f 43/2883/2774 2752/2821/2774 2815/2880/2774
f 2727/2825/2775 2726/2822/2775 2789/2881/2775 2790/2884/2775
f 2701/2826/2776 2700/2823/2776 2763/2882/2776 2764/2885/2776
f 2728/2827/2777 2727/2825/2777 2790/2884/2777 2791/2886/2777
f 2702/2828/2778 2701/2826/2778 2764/2885/2778 2765/2887/2778
f 2729/2829/2779 2728/2827/2779 2791/2886/2779 2792/2888/2779
f 2703/2830/2780 2702/2828/2780 2765/2887/2780 2766/2889/2780
f 2730/2831/2781 2729/2829/2781 2792/2888/2781 2793/2890/2781
f 2704/2832/2782 2703/2830/2782 2766/2889/2782 2767/2891/2782
f 2731/2833/2783 2730/2831/2783 2793/2890/2783 2794/2892/2783
f 2705/2834/2784 2704/2832/2784 2767/2891/2784 2768/2893/2784
f 2732/2835/2785 2731/2833/2785 2794/2892/2785 2795/2894/2785
f 2706/2836/2786 2705/2834/2786 2768/2893/2786 2769/2895/2786
f 2733/2837/2787 2732/2835/2787 2795/2894/2787 2796/2896/2787
f 2707/2838/2788 2706/2836/2788 2769/2895/2788 2770/2897/2788
f 2734/2839/2789 2733/2837/2789 2796/2896/2789 2797/2898/2789
f 2708/2840/2790 2707/2838/2790 2770/2897/2790 2771/2899/2790
f 2735/2841/2791 2734/2839/2791 2797/2898/2791 2798/2900/2791
f 2709/2842/2792 2708/2840/2792 2771/2899/2792 2772/2901/2792
f 2736/2843/2793 2735/2841/2793 2798/2900/2793 2799/2902/2793
f 2710/2844/2794 2709/2842/2794 2772/2901/2794 2773/2903/2794
f 2737/2845/2795 2736/2843/2795 2799/2902/2795 2800/2904/2795
f 2711/2846/2796 2710/2844/2796 2773/2903/2796 2774/2905/2796
f 2738/2847/2797 2737/2845/2797 2800/2904/2797 2801/2906/2797
f 2712/2848/2798 2711/2846/2798 2774/2905/2798 2775/2907/2798
f 2739/2849/2799 2738/2847/2799 2801/2906/2799 2802/2908/2799
f 2713/2850/2800 2712/2848/2800 2775/2907/2800 2776/2909/2800
f 2740/2851/2801 2739/2849/2801 2802/2908/2801 2803/2910/2801
f 2714/2852/2802 2713/2850/2802 2776/2909/2802 2777/2911/2802
f 2741/2853/2803 2740/2851/2803 2803/2910/2803 2804/2912/2803
f 2715/2854/2804 2714/2852/2804 2777/2911/2804 2778/2913/2804
f 2742/2855/2805 2741/2853/2805 2804/2912/2805 2805/2914/2805
f 2716/2856/2806 2715/2854/2806 2778/2913/2806 2779/2915/2806
f 2690/2858/2807 1/2916/2807 2753/2917/2807
f 2743/2794/2808 2742/2855/2808 2805/2914/2808 2806/2918/2808
f 2717/2796/2809 2716/2856/2809 2779/2915/2809 2780/2919/2809
f 2691/2798/2810 2690/2858/2810 2753/2917/2810 2754/2920/2810
f 2744/2795/2811 2743/2794/2811 2806/2918/2811 2807/2921/2811
f 2718/2797/2812 2717/2796/2812 2780/2919/2812 2781/2922/2812
f 2692/2799/2813 2691/2798/2813 2754/2920/2813 2755/2923/2813
f 2745/2800/2814 2744/2795/2814 2807/2921/2814 2808/2859/2814
f 2719/2801/2815 2718/2797/2815 2781/2922/2815 2782/2861/2815
f 2693/2802/2816 2692/2799/2816 2755/2923/2816 2756/2863/2816
f 2811/2868/2817 2810/2865/2817 2873/2924/2817 2874/2925/2817
f 2785/2869/2818 2784/2866/2818 2847/2926/2818 2848/2927/2818
f 2759/2870/2819 2758/2867/2819 2821/2928/2819 2822/2929/2819
f 2812/2871/2820 2811/2868/2820 2874/2925/2820 2875/2930/2820
f 2786/2872/2821 2785/2869/2821 2848/2927/2821 2849/2931/2821
f 2760/2873/2822 2759/2870/2822 2822/2929/2822 2823/2932/2822
f 2813/2874/2823 2812/2871/2823 2875/2930/2823 2876/2933/2823
f 2787/2875/2824 2786/2872/2824 2849/2931/2824 2850/2934/2824
f 2761/2876/2825 2760/2873/2825 2823/2932/2825 2824/2935/2825
f 2814/2877/2826 2813/2874/2826 2876/2933/2826 2877/2936/2826
f 2788/2878/2827 2787/2875/2827 2850/2934/2827 2851/2937/2827
f 2762/2879/2828 2761/2876/2828 2824/2935/2828 2825/2938/2828
f 2815/2880/2829 2814/2877/2829 2877/2936/2829 2878/2939/2829
f 2789/2881/2830 2788/2878/2830 2851/2937/2830 2852/2940/2830
f 2763/2882/2831 2762/2879/2831 2825/2938/2831 2826/2941/2831
f 43/2942/2832 2815/2880/2832 2878/2939/2832
f 2790/2884/2833 2789/2881/2833 2852/2940/2833 2853/2943/2833
f 2764/2885/2834 2763/2882/2834 2826/2941/2834 2827/2944/2834
f 2791/2886/2835 2790/2884/2835 2853/2943/2835 2854/2945/2835
f 2765/2887/2836 2764/2885/2836 2827/2944/2836 2828/2946/2836
f 2792/2888/2837 2791/2886/2837 2854/2945/2837 2855/2947/2837
f 2766/2889/2838 2765/2887/2838 2828/2946/2838 2829/2948/2838
f 2793/2890/2839 2792/2888/2839 2855/2947/2839 2856/2949/2839
f 2767/2891/2840 2766/2889/2840 2829/2948/2840 2830/2950/2840
f 2794/2892/2841 2793/2890/2841 2856/2949/2841 2857/2951/2841
f 2768/2893/2842 2767/2891/2842 2830/2950/2842 2831/2952/2842
f 2795/2894/2843 2794/2892/2843 2857/2951/2843 2858/2953/2843
f 2769/2895/2844 2768/2893/2844 2831/2952/2844 2832/2954/2844
f 2796/2896/2845 2795/2894/2845 2858/2953/2845 2859/2955/2845
f 2770/2897/2846 2769/2895/2846 2832/2954/2846 2833/2956/2846
f 2797/2898/2847 2796/2896/2847 2859/2955/2847 2860/2957/2847
f 2771/2899/2848 2770/2897/2848 2833/2956/2848 2834/2958/2848
f 2798/2900/2849 2797/2898/2849 2860/2957/2849 2861/2959/2849
f 2772/2901/2850 2771/2899/2850 2834/2958/2850 2835/2960/2850
f 2799/2902/2851 2798/2900/2851 2861/2959/2851 2862/2961/2851
f 2773/2903/2852 2772/2901/2852 2835/2960/2852 2836/2962/2852
f 2800/2904/2853 2799/2902/2853 2862/2961/2853 2863/2963/2853
f 2774/2905/2854 2773/2903/2854 2836/2962/2854 2837/2964/2854
f 2801/2906/2855 2800/2904/2855 2863/2963/2855 2864/2965/2855
f 2775/2907/2856 2774/2905/2856 2837/2964/2856 2838/2966/2856
f 2802/2908/2857 2801/2906/2857 2864/2965/2857 2865/2967/2857
f 2776/2909/2858 2775/2907/2858 2838/2966/2858 2839/2968/2858
f 2803/2910/2859 2802/2908/2859 2865/2967/2859 2866/2969/2859
f 2777/2911/2860 2776/2909/2860 2839/2968/2860 2840/2970/2860
f 2804/2912/2861 2803/2910/2861 2866/2969/2861 2867/2971/2861
f 2778/2913/2862 2777/2911/2862 2840/2970/2862 2841/2972/2862
f 2805/2914/2863 2804/2912/2863 2867/2971/2863 2868/2973/2863
f 2779/2915/2864 2778/2913/2864 2841/2972/2864 2842/2974/2864
f 2753/2917/2865 1/2975/2865 2816/2976/2865
f 2806/2918/2866 2805/2914/2866 2868/2973/2866 2869/2977/2866
f 2780/2919/2867 2779/2915/2867 2842/2974/2867 2843/2978/2867
f 2754/2920/2868 2753/2917/2868 2816/2976/2868 2817/2979/2868
f 2807/2921/2869 2806/2918/2869 2869/2977/2869 2870/2980/2869
f 2781/2922/2870 2780/2919/2870 2843/2978/2870 2844/2981/2870
f 2755/2923/2871 2754/2920/2871 2817/2979/2871 2818/2982/2871
f 2808/2859/2872 2807/2921/2872 2870/2980/2872 2871/2983/2872
f 2782/2861/2873 2781/2922/2873 2844/2981/2873 2845/2984/2873
f 2756/2863/2874 2755/2923/2874 2818/2982/2874 2819/2985/2874
f 2809/2860/2875 2808/2859/2875 2871/2983/2875 2872/2986/2875
f 2783/2862/2876 2782/2861/2876 2845/2984/2876 2846/2987/2876
f 2757/2864/2877 2756/2863/2877 2819/2985/2877 2820/2988/2877
f 2810/2865/2878 2809/2860/2878 2872/2986/2878 2873/2924/2878
f 2784/2866/2879 2783/2862/2879 2846/2987/2879 2847/2926/2879
f 2758/2867/2880 2757/2864/2880 2820/2988/2880 2821/2928/2880
f 2876/2933/2881 2875/2930/2881 2938/2989/2881 2939/2990/2881
f 2850/2934/2882 2849/2931/2882 2912/2991/2882 2913/2992/2882
f 2824/2935/2883 2823/2932/2883 2886/2993/2883 2887/2994/2883
f 2877/2936/2884 2876/2933/2884 2939/2990/2884 2940/2995/2884
f 2851/2937/2885 2850/2934/2885 2913/2992/2885 2914/2996/2885
f 2825/2938/2886 2824/2935/2886 2887/2994/2886 2888/2997/2886
f 2878/2939/2887 2877/2936/2887 2940/2995/2887 2941/2998/2887
f 2852/2940/2888 2851/2937/2888 2914/2996/2888 2915/2999/2888
f 2826/2941/2889 2825/2938/2889 2888/2997/2889 2889/3000/2889
f 43/3001/2890 2878/2939/2890 2941/2998/2890
f 2853/2943/2891 2852/2940/2891 2915/2999/2891 2916/3002/2891
f 2827/2944/2892 2826/2941/2892 2889/3000/2892 2890/3003/2892
f 2854/2945/2893 2853/2943/2893 2916/3002/2893 2917/3004/2893
f 2828/2946/2894 2827/2944/2894 2890/3003/2894 2891/3005/2894
f 2855/2947/2895 2854/2945/2895 2917/3004/2895 2918/3006/2895
f 2829/2948/2896 2828/2946/2896 2891/3005/2896 2892/3007/2896
f 2856/2949/2897 2855/2947/2897 2918/3006/2897 2919/3008/2897
f 2830/2950/2898 2829/2948/2898 2892/3007/2898 2893/3009/2898
f 2857/2951/2899 2856/2949/2899 2919/3008/2899 2920/3010/2899
f 2831/2952/2900 2830/2950/2900 2893/3009/2900 2894/3011/2900
f 2858/2953/2901 2857/2951/2901 2920/3010/2901 2921/3012/2901
f 2832/2954/2902 2831/2952/2902 2894/3011/2902 2895/3013/2902
f 2859/2955/2903 2858/2953/2903 2921/3012/2903 2922/3014/2903
f 2833/2956/2904 2832/2954/2904 2895/3013/2904 2896/3015/2904
f 2860/2957/2905 2859/2955/2905 2922/3014/2905 2923/3016/2905
f 2834/2958/2906 2833/2956/2906 2896/3015/2906 2897/3017/2906
f 2861/2959/2907 2860/2957/2907 2923/3016/2907 2924/3018/2907
f 2835/2960/2908 2834/2958/2908 2897/3017/2908 2898/3019/2908
f 2862/2961/2909 2861/2959/2909 2924/3018/2909 2925/3020/2909
f 2836/2962/2910 2835/2960/2910 2898/3019/2910 2899/3021/2910
f 2863/2963/2911 2862/2961/2911 2925/3020/2911 2926/3022/2911
f 2837/2964/2912 2836/2962/2912 2899/3021/2912 2900/3023/2912
f 2864/2965/2913 2863/2963/2913 2926/3022/2913 2927/3024/2913
f 2838/2966/2914 2837/2964/2914 2900/3023/2914 2901/3025/2914
f 2865/2967/2915 2864/2965/2915 2927/3024/2915 2928/3026/2915
f 2839/2968/2916 2838/2966/2916 2901/3025/2916 2902/3027/2916
f 2866/2969/2917 2865/2967/2917 2928/3026/2917 2929/3028/2917
f 2840/2970/2918 2839/2968/2918 2902/3027/2918 2903/3029/2918
f 2867/2971/2919 2866/2969/2919 2929/3028/2919 2930/3030/2919
f 2841/2972/2920 2840/2970/2920 2903/3029/2920 2904/3031/2920
f 2868/2973/2921 2867/2971/2921 2930/3030/2921 2931/3032/2921
f 2842/2974/2922 2841/2972/2922 2904/3031/2922 2905/3033/2922
f 2816/2976/2923 1/3034/2923 2879/3035/2923
f 2869/2977/2924 2868/2973/2924 2931/3032/2924 2932/3036/2924
f 2843/2978/2925 2842/2974/2925 2905/3033/2925 2906/3037/2925
f 2817/2979/2926 2816/2976/2926 2879/3035/2926 2880/3038/2926
f 2870/2980/2927 2869/2977/2927 2932/3036/2927 2933/3039/2927
f 2844/2981/2928 2843/2978/2928 2906/3037/2928 2907/3040/2928
f 2818/2982/2929 2817/2979/2929 2880/3038/2929 2881/3041/2929
f 2871/2983/2930 2870/2980/2930 2933/3039/2930 2934/3042/2930
f 2845/2984/2931 2844/2981/2931 2907/3040/2931 2908/3043/2931
f 2819/2985/2932 2818/2982/2932 2881/3041/2932 2882/3044/2932
f 2872/2986/2933 2871/2983/2933 2934/3042/2933 2935/3045/2933
f 2846/2987/2934 2845/2984/2934 2908/3043/2934 2909/3046/2934
f 2820/2988/2935 2819/2985/2935 2882/3044/2935 2883/3047/2935
f 2873/2924/2936 2872/2986/2936 2935/3045/2936 2936/3048/2936
f 2847/2926/2937 2846/2987/2937 2909/3046/2937 2910/3049/2937
f 2821/2928/2938 2820/2988/2938 2883/3047/2938 2884/3050/2938
f 2874/2925/2939 2873/2924/2939 2936/3048/2939 2937/3051/2939
f 2848/2927/2940 2847/2926/2940 2910/3049/2940 2911/3052/2940
f 2822/2929/2941 2821/2928/2941 2884/3050/2941 2885/3053/2941
f 2875/2930/2942 2874/2925/2942 2937/3051/2942 2938/2989/2942
f 2849/2931/2943 2848/2927/2943 2911/3052/2943 2912/2991/2943
f 2823/2932/2944 2822/2929/2944 2885/3053/2944 2886/2993/2944
f 2941/2998/2945 2940/2995/2945 3003/3054/2945 3004/3055/2945
f 2915/2999/2946 2914/2996/2946 2977/3056/2946 2978/3057/2946
f 2889/3000/2947 2888/2997/2947 2951/3058/2947 2952/3059/2947
f 43/3060/2948 2941/2998/2948 3004/3055/2948
f 2916/3002/2949 2915/2999/2949 2978/3057/2949 2979/3061/2949
f 2890/3003/2950 2889/3000/2950 2952/3059/2950 2953/3062/2950
f 2917/3004/2951 2916/3002/2951 2979/3061/2951 2980/3063/2951
f 2891/3005/2952 2890/3003/2952 2953/3062/2952 2954/3064/2952
f 2918/3006/2953 2917/3004/2953 2980/3063/2953 2981/3065/2953
f 2892/3007/2954 2891/3005/2954 2954/3064/2954 2955/3066/2954
f 2919/3008/2955 2918/3006/2955 2981/3065/2955 2982/3067/2955
f 2893/3009/2956 2892/3007/2956 2955/3066/2956 2956/3068/2956
f 2920/3010/2957 2919/3008/2957 2982/3067/2957 2983/3069/2957
f 2894/3011/2958 2893/3009/2958 2956/3068/2958 2957/3070/2958
f 2921/3012/2959 2920/3010/2959 2983/3069/2959 2984/3071/2959
f 2895/3013/2960 2894/3011/2960 2957/3070/2960 2958/3072/2960
f 2922/3014/2961 2921/3012/2961 2984/3071/2961 2985/3073/2961
f 2896/3015/2962 2895/3013/2962 2958/3072/2962 2959/3074/2962
f 2923/3016/2963 2922/3014/2963 2985/3073/2963 2986/3075/2963
f 2897/3017/2964 2896/3015/2964 2959/3074/2964 2960/3076/2964
f 2924/3018/2965 2923/3016/2965 2986/3075/2965 2987/3077/2965
f 2898/3019/2966 2897/3017/2966 2960/3076/2966 2961/3078/2966
f 2925/3020/2967 2924/3018/2967 2987/3077/2967 2988/3079/2967
f 2899/3021/2968 2898/3019/2968 2961/3078/2968 2962/3080/2968
f 2926/3022/2969 2925/3020/2969 2988/3079/2969 2989/3081/2969
f 2900/3023/2970 2899/3021/2970 2962/3080/2970 2963/3082/2970
f 2927/3024/2971 2926/3022/2971 2989/3081/2971 2990/3083/2971
f 2901/3025/2972 2900/3023/2972 2963/3082/2972 2964/3084/2972
f 2928/3026/2973 2927/3024/2973 2990/3083/2973 2991/3085/2973
f 2902/3027/2974 2901/3025/2974 2964/3084/2974 2965/3086/2974
f 2929/3028/2975 2928/3026/2975 2991/3085/2975 2992/3087/2975
f 2903/3029/2976 2902/3027/2976 2965/3086/2976 2966/3088/2976
f 2930/3030/2977 2929/3028/2977 2992/3087/2977 2993/3089/2977
f 2904/3031/2978 2903/3029/2978 2966/3088/2978 2967/3090/2978
f 2931/3032/2979 2930/3030/2979 2993/3089/2979 2994/3091/2979
f 2905/3033/2980 2904/3031/2980 2967/3090/2980 2968/3092/2980
f 2879/3035/2981 1/3093/2981 2942/3094/2981
f 2932/3036/2982 2931/3032/2982 2994/3091/2982 2995/3095/2982
f 2906/3037/2983 2905/3033/2983 2968/3092/2983 2969/3096/2983
f 2880/3038/2984 2879/3035/2984 2942/3094/2984 2943/3097/2984
f 2933/3039/2985 2932/3036/2985 2995/3095/2985 2996/3098/2985
f 2907/3040/2986 2906/3037/2986 2969/3096/2986 2970/3099/2986
f 2881/3041/2987 2880/3038/2987 2943/3097/2987 2944/3100/2987
f 2934/3042/2988 2933/3039/2988 2996/3098/2988 2997/3101/2988
f 2908/3043/2989 2907/3040/2989 2970/3099/2989 2971/3102/2989
f 2882/3044/2990 2881/3041/2990 2944/3100/2990 2945/3103/2990
f 2935/3045/2991 2934/3042/2991 2997/3101/2991 2998/3104/2991
f 2909/3046/2992 2908/3043/2992 2971/3102/2992 2972/3105/2992
f 2883/3047/2993 2882/3044/2993 2945/3103/2993 2946/3106/2993
f 2936/3048/2994 2935/3045/2994 2998/3104/2994 2999/3107/2994
f 2910/3049/2995 2909/3046/2995 2972/3105/2995 2973/3108/2995
f 2884/3050/2996 2883/3047/2996 2946/3106/2996 2947/3109/2996
f 2937/3051/2997 2936/3048/2997 2999/3107/2997 3000/3110/2997
f 2911/3052/2998 2910/3049/2998 2973/3108/2998 2974/3111/2998
f 2885/3053/2999 2884/3050/2999 2947/3109/2999 2948/3112/2999
f 2938/2989/3000 2937/3051/3000 3000/3110/3000 3001/3113/3000
f 2912/2991/3001 2911/3052/3001 2974/3111/3001 2975/3114/3001
f 2886/2993/3002 2885/3053/3002 2948/3112/3002 2949/3115/3002
f 2939/2990/3003 2938/2989/3003 3001/3113/3003 3002/3116/3003
f 2913/2992/3004 2912/2991/3004 2975/3114/3004 2976/3117/3004
f 2887/2994/3005 2886/2993/3005 2949/3115/3005 2950/3118/3005
f 2940/2995/3006 2939/2990/3006 3002/3116/3006 3003/3054/3006
f 2914/2996/3007 2913/2992/3007 2976/3117/3007 2977/3056/3007
f 2888/2997/3008 2887/2994/3008 2950/3118/3008 2951/3058/3008
f 2980/3063/3009 2979/3061/3009 3042/3119/3009 3043/3120/3009
f 2954/3064/3010 2953/3062/3010 3016/3121/3010 3017/3122/3010
f 2981/3065/3011 2980/3063/3011 3043/3120/3011 3044/3123/3011
f 2955/3066/3012 2954/3064/3012 3017/3122/3012 3018/3124/3012
f 2982/3067/3013 2981/3065/3013 3044/3123/3013 3045/3125/3013
f 2956/3068/3014 2955/3066/3014 3018/3124/3014 3019/3126/3014
f 2983/3069/3015 2982/3067/3015 3045/3125/3015 3046/3127/3015
f 2957/3070/3016 2956/3068/3016 3019/3126/3016 3020/3128/3016
f 2984/3071/3017 2983/3069/3017 3046/3127/3017 3047/3129/3017
f 2958/3072/3018 2957/3070/3018 3020/3128/3018 3021/3130/3018
f 2985/3073/3019 2984/3071/3019 3047/3129/3019 3048/3131/3019
f 2959/3074/3020 2958/3072/3020 3021/3130/3020 3022/3132/3020
f 2986/3075/3021 2985/3073/3021 3048/3131/3021 3049/3133/3021
f 2960/3076/3022 2959/3074/3022 3022/3132/3022 3023/3134/3022
f 2987/3077/3023 2986/3075/3023 3049/3133/3023 3050/3135/3023
f 2961/3078/3024 2960/3076/3024 3023/3134/3024 3024/3136/3024
f 2988/3079/3025 2987/3077/3025 3050/3135/3025 3051/3137/3025
f 2962/3080/3026 2961/3078/3026 3024/3136/3026 3025/3138/3026
f 2989/3081/3027 2988/3079/3027 3051/3137/3027 3052/3139/3027
f 2963/3082/3028 2962/3080/3028 3025/3138/3028 3026/3140/3028
f 2990/3083/3029 2989/3081/3029 3052/3139/3029 3053/3141/3029
f 2964/3084/3030 2963/3082/3030 3026/3140/3030 3027/3142/3030
f 2991/3085/3031 2990/3083/3031 3053/3141/3031 3054/3143/3031
f 2965/3086/3032 2964/3084/3032 3027/3142/3032 3028/3144/3032
f 2992/3087/3033 2991/3085/3033 3054/3143/3033 3055/3145/3033
f 2966/3088/3034 2965/3086/3034 3028/3144/3034 3029/3146/3034
f 2993/3089/3035 2992/3087/3035 3055/3145/3035 3056/3147/3035
f 2967/3090/3036 2966/3088/3036 3029/3146/3036 3030/3148/3036
f 2994/3091/3037 2993/3089/3037 3056/3147/3037 3057/3149/3037
f 2968/3092/3038 2967/3090/3038 3030/3148/3038 3031/3150/3038
f 2942/3094/3039 1/3151/3039 3005/3152/3039
f 2995/3095/3040 2994/3091/3040 3057/3149/3040 3058/3153/3040
f 2969/3096/3041 2968/3092/3041 3031/3150/3041 3032/3154/3041
f 2943/3097/3042 2942/3094/3042 3005/3152/3042 3006/3155/3042
f 2996/3098/3043 2995/3095/3043 3058/3153/3043 3059/3156/3043
f 2970/3099/3044 2969/3096/3044 3032/3154/3044 3033/3157/3044
f 2944/3100/3045 2943/3097/3045 3006/3155/3045 3007/3158/3045
f 2997/3101/3046 2996/3098/3046 3059/3156/3046 3060/3159/3046
f 2971/3102/3047 2970/3099/3047 3033/3157/3047 3034/3160/3047
f 2945/3103/3048 2944/3100/3048 3007/3158/3048 3008/3161/3048
f 2998/3104/3049 2997/3101/3049 3060/3159/3049 3061/3162/3049
f 2972/3105/3050 2971/3102/3050 3034/3160/3050 3035/3163/3050
f 2946/3106/3051 2945/3103/3051 3008/3161/3051 3009/3164/3051
f 2999/3107/3052 2998/3104/3052 3061/3162/3052 3062/3165/3052
f 2973/3108/3053 2972/3105/3053 3035/3163/3053 3036/3166/3053
f 2947/3109/3054 2946/3106/3054 3009/3164/3054 3010/3167/3054
f 3000/3110/3055 2999/3107/3055 3062/3165/3055 3063/3168/3055
f 2974/3111/3056 2973/3108/3056 3036/3166/3056 3037/3169/3056
f 2948/3112/3057 2947/3109/3057 3010/3167/3057 3011/3170/3057
f 3001/3113/3058 3000/3110/3058 3063/3168/3058 3064/3171/3058
f 2975/3114/3059 2974/3111/3059 3037/3169/3059 3038/3172/3059
f 2949/3115/3060 2948/3112/3060 3011/3170/3060 3012/3173/3060
f 3002/3116/3061 3001/3113/3061 3064/3171/3061 3065/3174/3061
f 2976/3117/3062 2975/3114/3062 3038/3172/3062 3039/3175/3062
f 2950/3118/3063 2949/3115/3063 3012/3173/3063 3013/3176/3063
f 3003/3054/3064 3002/3116/3064 3065/3174/3064 3066/3177/3064
f 2977/3056/3065 2976/3117/3065 3039/3175/3065 3040/3178/3065
f 2951/3058/3066 2950/3118/3066 3013/3176/3066 3014/3179/3066
f 3004/3055/3067 3003/3054/3067 3066/3177/3067 3067/3180/3067
f 2978/3057/3068 2977/3056/3068 3040/3178/3068 3041/3181/3068
f 2952/3059/3069 2951/3058/3069 3014/3179/3069 3015/3182/3069
f 43/3183/3070 3004/3055/3070 3067/3180/3070
f 2979/3061/3071 2978/3057/3071 3041/3181/3071 3042/3119/3071
f 2953/3062/3072 2952/3059/3072 3015/3182/3072 3016/3121/3072
f 3045/3184/3073 3044/3185/3073 3107/3186/3073 3108/3187/3073
f 3019/3188/3074 3018/3189/3074 3081/3190/3074 3082/3191/3074
f 3046/3192/3075 3045/3184/3075 3108/3187/3075 3109/3193/3075
f 3020/3194/3076 3019/3188/3076 3082/3191/3076 3083/3195/3076
f 3047/3196/3077 3046/3192/3077 3109/3193/3077 3110/3197/3077
f 3021/3198/3078 3020/3194/3078 3083/3195/3078 3084/3199/3078
f 3048/3200/3079 3047/3196/3079 3110/3197/3079 3111/3201/3079
f 3022/3202/3080 3021/3198/3080 3084/3199/3080 3085/3203/3080
f 3049/3204/3081 3048/3200/3081 3111/3201/3081 3112/3205/3081
f 3023/3206/3082 3022/3202/3082 3085/3203/3082 3086/3207/3082
f 3050/3208/3083 3049/3204/3083 3112/3205/3083 3113/3209/3083
f 3024/3210/3084 3023/3206/3084 3086/3207/3084 3087/3211/3084
f 3051/3212/3085 3050/3208/3085 3113/3209/3085 3114/3213/3085
f 3025/3214/3086 3024/3210/3086 3087/3211/3086 3088/3215/3086
f 3052/3216/3087 3051/3212/3087 3114/3213/3087 3115/3217/3087
f 3026/3218/3088 3025/3214/3088 3088/3215/3088 3089/3219/3088
f 3053/3220/3089 3052/3216/3089 3115/3217/3089 3116/3221/3089
f 3027/3222/3090 3026/3218/3090 3089/3219/3090 3090/3223/3090
f 3054/3224/3091 3053/3220/3091 3116/3221/3091 3117/3225/3091
f 3028/3226/3092 3027/3222/3092 3090/3223/3092 3091/3227/3092
f 3055/3228/3093 3054/3224/3093 3117/3225/3093 3118/3229/3093
f 3029/3230/3094 3028/3226/3094 3091/3227/3094 3092/3231/3094
f 3056/3232/3095 3055/3228/3095 3118/3229/3095 3119/3233/3095
f 3030/3234/3096 3029/3230/3096 3092/3231/3096 3093/3235/3096
f 3057/3236/3097 3056/3232/3097 3119/3233/3097 3120/3237/3097
f 3031/3238/3098 3030/3234/3098 3093/3235/3098 3094/3239/3098
f 3005/3240/3099 1/3241/3099 3068/3242/3099
f 3058/3243/3100 3057/3236/3100 3120/3237/3100 3121/3244/3100
f 3032/3245/3101 3031/3238/3101 3094/3239/3101 3095/3246/3101
f 3006/3247/3102 3005/3240/3102 3068/3242/3102 3069/3248/3102
f 3059/3249/3103 3058/3243/3103 3121/3244/3103 3122/3250/3103
f 3033/3251/3104 3032/3245/3104 3095/3246/3104 3096/3252/3104
f 3007/3253/3105 3006/3247/3105 3069/3248/3105 3070/3254/3105
f 3060/3255/3106 3059/3249/3106 3122/3250/3106 3123/3256/3106
f 3034/3257/3107 3033/3251/3107 3096/3252/3107 3097/3258/3107
f 3008/3259/3108 3007/3253/3108 3070/3254/3108 3071/3260/3108
f 3061/3261/3109 3060/3255/3109 3123/3256/3109 3124/3262/3109
f 3035/3263/3110 3034/3257/3110 3097/3258/3110 3098/3264/3110
f 3009/3265/3111 3008/3259/3111 3071/3260/3111 3072/3266/3111
f 3062/3267/3112 3061/3261/3112 3124/3262/3112 3125/3268/3112
f 3036/3269/3113 3035/3263/3113 3098/3264/3113 3099/3270/3113
f 3010/3271/3114 3009/3265/3114 3072/3266/3114 3073/3272/3114
f 3063/3273/3115 3062/3267/3115 3125/3268/3115 3126/3274/3115
f 3037/3275/3116 3036/3269/3116 3099/3270/3116 3100/3276/3116
f 3011/3277/3117 3010/3271/3117 3073/3272/3117 3074/3278/3117
f 3064/3279/3118 3063/3273/3118 3126/3274/3118 3127/3280/3118
f 3038/3281/3119 3037/3275/3119 3100/3276/3119 3101/3282/3119
f 3012/3283/3120 3011/3277/3120 3074/3278/3120 3075/3284/3120
f 3065/3285/3121 3064/3279/3121 3127/3280/3121 3128/3286/3121
f 3039/3287/3122 3038/3281/3122 3101/3282/3122 3102/3288/3122
f 3013/3289/3123 3012/3283/3123 3075/3284/3123 3076/3290/3123
f 3066/3291/3124 3065/3285/3124 3128/3286/3124 3129/3292/3124
f 3040/3293/3125 3039/3287/3125 3102/3288/3125 3103/3294/3125
f 3014/3295/3126 3013/3289/3126 3076/3290/3126 3077/3296/3126
f 3067/3297/3127 3066/3291/3127 3129/3292/3127 3130/3298/3127
f 3041/3299/3128 3040/3293/3128 3103/3294/3128 3104/3300/3128
f 3015/3301/3129 3014/3295/3129 3077/3296/3129 3078/3302/3129
f 43/3303/3130 3067/3297/3130 3130/3298/3130
f 3042/3304/3131 3041/3299/3131 3104/3300/3131 3105/3305/3131
f 3016/3306/3132 3015/3301/3132 3078/3302/3132 3079/3307/3132
f 3043/3308/3133 3042/3304/3133 3105/3305/3133 3106/3309/3133
f 3017/3310/3134 3016/3306/3134 3079/3307/3134 3080/3311/3134
f 3044/3185/3135 3043/3308/3135 3106/3309/3135 3107/3186/3135
f 3018/3189/3136 3017/3310/3136 3080/3311/3136 3081/3190/3136
f 3110/3197/3137 3109/3193/3137 3172/3312/3137 3173/3313/3137
f 3084/3199/3138 3083/3195/3138 3146/3314/3138 3147/3315/3138
f 3111/3201/3139 3110/3197/3139 3173/3313/3139 3174/3316/3139
f 3085/3203/3140 3084/3199/3140 3147/3315/3140 3148/3317/3140
f 3112/3205/3141 3111/3201/3141 3174/3316/3141 3175/3318/3141
f 3086/3207/3142 3085/3203/3142 3148/3317/3142 3149/3319/3142
f 3113/3209/3143 3112/3205/3143 3175/3318/3143 3176/3320/3143
f 3087/3211/3144 3086/3207/3144 3149/3319/3144 3150/3321/3144
f 3114/3213/3145 3113/3209/3145 3176/3320/3145 3177/3322/3145
f 3088/3215/3146 3087/3211/3146 3150/3321/3146 3151/3323/3146
f 3115/3217/3147 3114/3213/3147 3177/3322/3147 3178/3324/3147
f 3089/3219/3148 3088/3215/3148 3151/3323/3148 3152/3325/3148
f 3116/3221/3149 3115/3217/3149 3178/3324/3149 3179/3326/3149
f 3090/3223/3150 3089/3219/3150 3152/3325/3150 3153/3327/3150
f 3117/3225/3151 3116/3221/3151 3179/3326/3151 3180/3328/3151
f 3091/3227/3152 3090/3223/3152 3153/3327/3152 3154/3329/3152
f 3118/3229/3153 3117/3225/3153 3180/3328/3153 3181/3330/3153
f 3092/3231/3154 3091/3227/3154 3154/3329/3154 3155/3331/3154
f 3119/3233/3155 3118/3229/3155 3181/3330/3155 3182/3332/3155
f 3093/3235/3156 3092/3231/3156 3155/3331/3156 3156/3333/3156
f 3120/3237/3157 3119/3233/3157 3182/3332/3157 3183/3334/3157
f 3094/3239/3158 3093/3235/3158 3156/3333/3158 3157/3335/3158
f 3068/3242/3159 1/3336/3159 3131/3337/3159
f 3121/3244/3160 3120/3237/3160 3183/3334/3160 3184/3338/3160
f 3095/3246/3161 3094/3239/3161 3157/3335/3161 3158/3339/3161
f 3069/3248/3162 3068/3242/3162 3131/3337/3162 3132/3340/3162
f 3122/3250/3163 3121/3244/3163 3184/3338/3163 3185/3341/3163
f 3096/3252/3164 3095/3246/3164 3158/3339/3164 3159/3342/3164
f 3070/3254/3165 3069/3248/3165 3132/3340/3165 3133/3343/3165
f 3123/3256/3166 3122/3250/3166 3185/3341/3166 3186/3344/3166
f 3097/3258/3167 3096/3252/3167 3159/3342/3167 3160/3345/3167
f 3071/3260/3168 3070/3254/3168 3133/3343/3168 3134/3346/3168
f 3124/3262/3169 3123/3256/3169 3186/3344/3169 3187/3347/3169
f 3098/3264/3170 3097/3258/3170 3160/3345/3170 3161/3348/3170
f 3072/3266/3171 3071/3260/3171 3134/3346/3171 3135/3349/3171
f 3125/3268/3172 3124/3262/3172 3187/3347/3172 3188/3350/3172
f 3099/3270/3173 3098/3264/3173 3161/3348/3173 3162/3351/3173
f 3073/3272/3174 3072/3266/3174 3135/3349/3174 3136/3352/3174
f 3126/3274/3175 3125/3268/3175 3188/3350/3175 3189/3353/3175
f 3100/3276/3176 3099/3270/3176 3162/3351/3176 3163/3354/3176
f 3074/3278/3177 3073/3272/3177 3136/3352/3177 3137/3355/3177
f 3127/3280/3178 3126/3274/3178 3189/3353/3178 3190/3356/3178
f 3101/3282/3179 3100/3276/3179 3163/3354/3179 3164/3357/3179
f 3075/3284/3180 3074/3278/3180 3137/3355/3180 3138/3358/3180
f 3128/3286/3181 3127/3280/3181 3190/3356/3181 3191/3359/3181
f 3102/3288/3182 3101/3282/3182 3164/3357/3182 3165/3360/3182
f 3076/3290/3183 3075/3284/3183 3138/3358/3183 3139/3361/3183
f 3129/3292/3184 3128/3286/3184 3191/3359/3184 3192/3362/3184
f 3103/3294/3185 3102/3288/3185 3165/3360/3185 3166/3363/3185
f 3077/3296/3186 3076/3290/3186 3139/3361/3186 3140/3364/3186
f 3130/3298/3187 3129/3292/3187 3192/3362/3187 3193/3365/3187
f 3104/3300/3188 3103/3294/3188 3166/3363/3188 3167/3366/3188
f 3078/3302/3189 3077/3296/3189 3140/3364/3189 3141/3367/3189
f 43/3368/3190 3130/3298/3190 3193/3365/3190
f 3105/3305/3191 3104/3300/3191 3167/3366/3191 3168/3369/3191
f 3079/3307/3192 3078/3302/3192 3141/3367/3192 3142/3370/3192
f 3106/3309/3193 3105/3305/3193 3168/3369/3193 3169/3371/3193
f 3080/3311/3194 3079/3307/3194 3142/3370/3194 3143/3372/3194
f 3107/3186/3195 3106/3309/3195 3169/3371/3195 3170/3373/3195
f 3081/3190/3196 3080/3311/3196 3143/3372/3196 3144/3374/3196
f 3108/3187/3197 3107/3186/3197 3170/3373/3197 3171/3375/3197
f 3082/3191/3198 3081/3190/3198 3144/3374/3198 3145/3376/3198
f 3109/3193/3199 3108/3187/3199 3171/3375/3199 3172/3312/3199
f 3083/3195/3200 3082/3191/3200 3145/3376/3200 3146/3314/3200
f 3175/3318/3201 3174/3316/3201 3237/3377/3201 3238/3378/3201
f 3149/3319/3202 3148/3317/3202 3211/3379/3202 3212/3380/3202
f 3176/3320/3203 3175/3318/3203 3238/3378/3203 3239/3381/3203
f 3150/3321/3204 3149/3319/3204 3212/3380/3204 3213/3382/3204
f 3177/3322/3205 3176/3320/3205 3239/3381/3205 3240/3383/3205
f 3151/3323/3206 3150/3321/3206 3213/3382/3206 3214/3384/3206
f 3178/3324/3207 3177/3322/3207 3240/3383/3207 3241/3385/3207
f 3152/3325/3208 3151/3323/3208 3214/3384/3208 3215/3386/3208
f 3179/3326/3209 3178/3324/3209 3241/3385/3209 3242/3387/3209
f 3153/3327/3210 3152/3325/3210 3215/3386/3210 3216/3388/3210
f 3180/3328/3211 3179/3326/3211 3242/3387/3211 3243/3389/3211
f 3154/3329/3212 3153/3327/3212 3216/3388/3212 3217/3390/3212
f 3181/3330/3213 3180/3328/3213 3243/3389/3213 3244/3391/3213
f 3155/3331/3214 3154/3329/3214 3217/3390/3214 3218/3392/3214
f 3182/3332/3215 3181/3330/3215 3244/3391/3215 3245/3393/3215
f 3156/3333/3216 3155/3331/3216 3218/3392/3216 3219/3394/3216
f 3183/3334/3217 3182/3332/3217 3245/3393/3217 3246/3395/3217
f 3157/3335/3218 3156/3333/3218 3219/3394/3218 3220/3396/3218
f 3131/3337/3219 1/3397/3219 3194/3398/3219
f 3184/3338/3220 3183/3334/3220 3246/3395/3220 3247/3399/3220
f 3158/3339/3221 3157/3335/3221 3220/3396/3221 3221/3400/3221
f 3132/3340/3222 3131/3337/3222 3194/3398/3222 3195/3401/3222
f 3185/3341/3223 3184/3338/3223 3247/3399/3223 3248/3402/3223
f 3159/3342/3224 3158/3339/3224 3221/3400/3224 3222/3403/3224
f 3133/3343/3225 3132/3340/3225 3195/3401/3225 3196/3404/3225
f 3186/3344/3226 3185/3341/3226 3248/3402/3226 3249/3405/3226
f 3160/3345/3227 3159/3342/3227 3222/3403/3227 3223/3406/3227
f 3134/3346/3228 3133/3343/3228 3196/3404/3228 3197/3407/3228
f 3187/3347/3229 3186/3344/3229 3249/3405/3229 3250/3408/3229
f 3161/3348/3230 3160/3345/3230 3223/3406/3230 3224/3409/3230
f 3135/3349/3231 3134/3346/3231 3197/3407/3231 3198/3410/3231
f 3188/3350/3232 3187/3347/3232 3250/3408/3232 3251/3411/3232
f 3162/3351/3233 3161/3348/3233 3224/3409/3233 3225/3412/3233
f 3136/3352/3234 3135/3349/3234 3198/3410/3234 3199/3413/3234
f 3189/3353/3235 3188/3350/3235 3251/3411/3235 3252/3414/3235
f 3163/3354/3236 3162/3351/3236 3225/3412/3236 3226/3415/3236
f 3137/3355/3237 3136/3352/3237 3199/3413/3237 3200/3416/3237
f 3190/3356/3238 3189/3353/3238 3252/3414/3238 3253/3417/3238
f 3164/3357/3239 3163/3354/3239 3226/3415/3239 3227/3418/3239
f 3138/3358/3240 3137/3355/3240 3200/3416/3240 3201/3419/3240
f 3191/3359/3241 3190/3356/3241 3253/3417/3241 3254/3420/3241
f 3165/3360/3242 3164/3357/3242 3227/3418/3242 3228/3421/3242
f 3139/3361/3243 3138/3358/3243 3201/3419/3243 3202/3422/3243
f 3192/3362/3244 3191/3359/3244 3254/3420/3244 3255/3423/3244
f 3166/3363/3245 3165/3360/3245 3228/3421/3245 3229/3424/3245
f 3140/3364/3246 3139/3361/3246 3202/3422/3246 3203/3425/3246
f 3193/3365/3247 3192/3362/3247 3255/3423/3247 3256/3426/3247
f 3167/3366/3248 3166/3363/3248 3229/3424/3248 3230/3427/3248
f 3141/3367/3249 3140/3364/3249 3203/3425/3249 3204/3428/3249
f 43/3429/3250 3193/3365/3250 3256/3426/3250
f 3168/3369/3251 3167/3366/3251 3230/3427/3251 3231/3430/3251
f 3142/3370/3252 3141/3367/3252 3204/3428/3252 3205/3431/3252
f 3169/3371/3253 3168/3369/3253 3231/3430/3253 3232/3432/3253
f 3143/3372/3254 3142/3370/3254 3205/3431/3254 3206/3433/3254
f 3170/3373/3255 3169/3371/3255 3232/3432/3255 3233/3434/3255
f 3144/3374/3256 3143/3372/3256 3206/3433/3256 3207/3435/3256
f 3171/3375/3257 3170/3373/3257 3233/3434/3257 3234/3436/3257
f 3145/3376/3258 3144/3374/3258 3207/3435/3258 3208/3437/3258
f 3172/3312/3259 3171/3375/3259 3234/3436/3259 3235/3438/3259
f 3146/3314/3260 3145/3376/3260 3208/3437/3260 3209/3439/3260
f 3173/3313/3261 3172/3312/3261 3235/3438/3261 3236/3440/3261
f 3147/3315/3262 3146/3314/3262 3209/3439/3262 3210/3441/3262
f 3174/3316/3263 3173/3313/3263 3236/3440/3263 3237/3377/3263
f 3148/3317/3264 3147/3315/3264 3210/3441/3264 3211/3379/3264
f 3238/3378/3265 3237/3377/3265 3300/3442/3265 3301/3443/3265
f 3214/3384/3266 3213/3382/3266 3276/3444/3266 3277/3445/3266
f 3239/3381/3267 3238/3378/3267 3301/3443/3267 3302/3446/3267
f 3215/3386/3268 3214/3384/3268 3277/3445/3268 3278/3447/3268
f 3240/3383/3269 3239/3381/3269 3302/3446/3269 3303/3448/3269
f 3216/3388/3270 3215/3386/3270 3278/3447/3270 3279/3449/3270
f 3241/3385/3271 3240/3383/3271 3303/3448/3271 3304/3450/3271
f 3217/3390/3272 3216/3388/3272 3279/3449/3272 3280/3451/3272
f 3242/3387/3273 3241/3385/3273 3304/3450/3273 3305/3452/3273
f 3218/3392/3274 3217/3390/3274 3280/3451/3274 3281/3453/3274
f 3243/3389/3275 3242/3387/3275 3305/3452/3275 3306/3454/3275
f 3219/3394/3276 3218/3392/3276 3281/3453/3276 3282/3455/3276
f 3244/3391/3277 3243/3389/3277 3306/3454/3277 3307/3456/3277
f 3220/3396/3278 3219/3394/3278 3282/3455/3278 3283/3457/3278
f 3194/3398/3279 1/3458/3279 3257/3459/3279
f 3245/3393/3280 3244/3391/3280 3307/3456/3280 3308/3460/3280
f 3221/3400/3281 3220/3396/3281 3283/3457/3281 3284/3461/3281
f 3195/3401/3282 3194/3398/3282 3257/3459/3282 3258/3462/3282
f 3246/3395/3283 3245/3393/3283 3308/3460/3283 3309/3463/3283
f 3222/3403/3284 3221/3400/3284 3284/3461/3284 3285/3464/3284
f 3196/3404/3285 3195/3401/3285 3258/3462/3285 3259/3465/3285
f 3247/3399/3286 3246/3395/3286 3309/3463/3286 3310/3466/3286
f 3223/3406/3287 3222/3403/3287 3285/3464/3287 3286/3467/3287
f 3197/3407/3288 3196/3404/3288 3259/3465/3288 3260/3468/3288
f 3248/3402/3289 3247/3399/3289 3310/3466/3289 3311/3469/3289
f 3224/3409/3290 3223/3406/3290 3286/3467/3290 3287/3470/3290
f 3198/3410/3291 3197/3407/3291 3260/3468/3291 3261/3471/3291
f 3249/3405/3292 3248/3402/3292 3311/3469/3292 3312/3472/3292
f 3225/3412/3293 3224/3409/3293 3287/3470/3293 3288/3473/3293
f 3199/3413/3294 3198/3410/3294 3261/3471/3294 3262/3474/3294
f 3250/3408/3295 3249/3405/3295 3312/3472/3295 3313/3475/3295
f 3226/3415/3296 3225/3412/3296 3288/3473/3296 3289/3476/3296
f 3200/3416/3297 3199/3413/3297 3262/3474/3297 3263/3477/3297
f 3251/3411/3298 3250/3408/3298 3313/3475/3298 3314/3478/3298
f 3227/3418/3299 3226/3415/3299 3289/3476/3299 3290/3479/3299
f 3201/3419/3300 3200/3416/3300 3263/3477/3300 3264/3480/3300
f 3252/3414/3301 3251/3411/3301 3314/3478/3301 3315/3481/3301
f 3228/3421/3302 3227/3418/3302 3290/3479/3302 3291/3482/3302
f 3202/3422/3303 3201/3419/3303 3264/3480/3303 3265/3483/3303
f 3253/3417/3304 3252/3414/3304 3315/3481/3304 3316/3484/3304
f 3229/3424/3305 3228/3421/3305 3291/3482/3305 3292/3485/3305
f 3203/3425/3306 3202/3422/3306 3265/3483/3306 3266/3486/3306
f 3254/3420/3307 3253/3417/3307 3316/3484/3307 3317/3487/3307
f 3230/3427/3308 3229/3424/3308 3292/3485/3308 3293/3488/3308
f 3204/3428/3309 3203/3425/3309 3266/3486/3309 3267/3489/3309
f 3255/3423/3310 3254/3420/3310 3317/3487/3310 3318/3490/3310
f 3231/3430/3311 3230/3427/3311 3293/3488/3311 3294/3491/3311
f 3205/3431/3312 3204/3428/3312 3267/3489/3312 3268/3492/3312
f 3256/3426/3313 3255/3423/3313 3318/3490/3313 3319/3493/3313
f 3206/3433/3314 3205/3431/3314 3268/3492/3314 3269/3494/3314
f 43/3495/3315 3256/3426/3315 3319/3493/3315
f 3207/3435/3316 3206/3433/3316 3269/3494/3316 3270/3496/3316
f 3232/3432/3317 3231/3430/3317 3294/3491/3317 3295/3497/3317
f 3208/3437/3318 3207/3435/3318 3270/3496/3318 3271/3498/3318
f 3209/3439/3319 3208/3437/3319 3271/3498/3319 3272/3499/3319
f 3233/3434/3320 3232/3432/3320 3295/3497/3320 3296/3500/3320
f 3210/3441/3321 3209/3439/3321 3272/3499/3321 3273/3501/3321
f 3234/3436/3322 3233/3434/3322 3296/3500/3322 3297/3502/3322
f 3211/3379/3323 3210/3441/3323 3273/3501/3323 3274/3503/3323
f 3235/3438/3324 3234/3436/3324 3297/3502/3324 3298/3504/3324
f 3212/3380/3325 3211/3379/3325 3274/3503/3325 3275/3505/3325
f 3236/3440/3326 3235/3438/3326 3298/3504/3326 3299/3506/3326
f 3237/3377/3327 3236/3440/3327 3299/3506/3327 3300/3442/3327
f 3213/3382/3328 3212/3380/3328 3275/3505/3328 3276/3444/3328
f 3276/3444/3329 3275/3505/3329 3338/3507/3329 3339/3508/3329
f 3303/3448/3330 3302/3446/3330 3365/3509/3330 3366/3510/3330
f 3277/3445/3331 3276/3444/3331 3339/3508/3331 3340/3511/3331
f 3304/3450/3332 3303/3448/3332 3366/3510/3332 3367/3512/3332
f 3278/3447/3333 3277/3445/3333 3340/3511/3333 3341/3513/3333
f 3305/3452/3334 3304/3450/3334 3367/3512/3334 3368/3514/3334
f 3279/3449/3335 3278/3447/3335 3341/3513/3335 3342/3515/3335
f 3306/3454/3336 3305/3452/3336 3368/3514/3336 3369/3516/3336
f 3280/3451/3337 3279/3449/3337 3342/3515/3337 3343/3517/3337
f 3307/3456/3338 3306/3454/3338 3369/3516/3338 3370/3518/3338
f 3281/3453/3339 3280/3451/3339 3343/3517/3339 3344/3519/3339
f 3308/3460/3340 3307/3456/3340 3370/3518/3340 3371/3520/3340
f 3282/3455/3341 3281/3453/3341 3344/3519/3341 3345/3521/3341
f 3309/3463/3342 3308/3460/3342 3371/3520/3342 3372/3522/3342
f 3283/3457/3343 3282/3455/3343 3345/3521/3343 3346/3523/3343
f 3257/3459/3344 1/3524/3344 3320/3525/3344
f 3310/3466/3345 3309/3463/3345 3372/3522/3345 3373/3526/3345
f 3284/3461/3346 3283/3457/3346 3346/3523/3346 3347/3527/3346
f 3258/3462/3347 3257/3459/3347 3320/3525/3347 3321/3528/3347
f 3311/3469/3348 3310/3466/3348 3373/3526/3348 3374/3529/3348
f 3285/3464/3349 3284/3461/3349 3347/3527/3349 3348/3530/3349
f 3259/3465/3350 3258/3462/3350 3321/3528/3350 3322/3531/3350
f 3312/3472/3351 3311/3469/3351 3374/3529/3351 3375/3532/3351
f 3286/3467/3352 3285/3464/3352 3348/3530/3352 3349/3533/3352
f 3260/3468/3353 3259/3465/3353 3322/3531/3353 3323/3534/3353
f 3313/3475/3354 3312/3472/3354 3375/3532/3354 3376/3535/3354
f 3287/3470/3355 3286/3467/3355 3349/3533/3355 3350/3536/3355
f 3261/3471/3356 3260/3468/3356 3323/3534/3356 3324/3537/3356
f 3314/3478/3357 3313/3475/3357 3376/3535/3357 3377/3538/3357
f 3288/3473/3358 3287/3470/3358 3350/3536/3358 3351/3539/3358
f 3262/3474/3359 3261/3471/3359 3324/3537/3359 3325/3540/3359
f 3315/3481/3360 3314/3478/3360 3377/3538/3360 3378/3541/3360
f 3289/3476/3361 3288/3473/3361 3351/3539/3361 3352/3542/3361
f 3263/3477/3362 3262/3474/3362 3325/3540/3362 3326/3543/3362
f 3316/3484/3363 3315/3481/3363 3378/3541/3363 3379/3544/3363
f 3290/3479/3364 3289/3476/3364 3352/3542/3364 3353/3545/3364
f 3264/3480/3365 3263/3477/3365 3326/3543/3365 3327/3546/3365
f 3317/3487/3366 3316/3484/3366 3379/3544/3366 3380/3547/3366
f 3291/3482/3367 3290/3479/3367 3353/3545/3367 3354/3548/3367
f 3265/3483/3368 3264/3480/3368 3327/3546/3368 3328/3549/3368
f 3318/3490/3369 3317/3487/3369 3380/3547/3369 3381/3550/3369
f 3292/3485/3370 3291/3482/3370 3354/3548/3370 3355/3551/3370
f 3266/3486/3371 3265/3483/3371 3328/3549/3371 3329/3552/3371
f 3319/3493/3372 3318/3490/3372 3381/3550/3372 3382/3553/3372
f 3293/3488/3373 3292/3485/3373 3355/3551/3373 3356/3554/3373
f 3267/3489/3374 3266/3486/3374 3329/3552/3374 3330/3555/3374
f 43/3556/3375 3319/3493/3375 3382/3553/3375
f 3294/3491/3376 3293/3488/3376 3356/3554/3376 3357/3557/3376
f 3268/3492/3377 3267/3489/3377 3330/3555/3377 3331/3558/3377
f 3295/3497/3378 3294/3491/3378 3357/3557/3378 3358/3559/3378
f 3269/3494/3379 3268/3492/3379 3331/3558/3379 3332/3560/3379
f 3296/3500/3380 3295/3497/3380 3358/3559/3380 3359/3561/3380
f 3270/3496/3381 3269/3494/3381 3332/3560/3381 3333/3562/3381
f 3297/3502/3382 3296/3500/3382 3359/3561/3382 3360/3563/3382
f 3271/3498/3383 3270/3496/3383 3333/3562/3383 3334/3564/3383
f 3298/3504/3384 3297/3502/3384 3360/3563/3384 3361/3565/3384
f 3272/3499/3385 3271/3498/3385 3334/3564/3385 3335/3566/3385
f 3299/3506/3386 3298/3504/3386 3361/3565/3386 3362/3567/3386
f 3273/3501/3387 3272/3499/3387 3335/3566/3387 3336/3568/3387
f 3300/3442/3388 3299/3506/3388 3362/3567/3388 3363/3569/3388
f 3274/3503/3389 3273/3501/3389 3336/3568/3389 3337/3570/3389
f 3301/3443/3390 3300/3442/3390 3363/3569/3390 3364/3571/3390
f 3275/3505/3391 3274/3503/3391 3337/3570/3391 3338/3507/3391
f 3302/3446/3392 3301/3443/3392 3364/3571/3392 3365/3509/3392
f 3341/3513/3393 3340/3511/3393 3403/3572/3393 3404/3573/3393
f 3368/3514/3394 3367/3512/3394 3430/3574/3394 3431/3575/3394
f 3342/3515/3395 3341/3513/3395 3404/3573/3395 3405/3576/3395
f 3369/3516/3396 3368/3514/3396 3431/3575/3396 3432/3577/3396
f 3343/3517/3397 3342/3515/3397 3405/3576/3397 3406/3578/3397
f 3370/3518/3398 3369/3516/3398 3432/3577/3398 3433/3579/3398
f 3344/3519/3399 3343/3517/3399 3406/3578/3399 3407/3580/3399
f 3371/3520/3400 3370/3518/3400 3433/3579/3400 3434/3581/3400
f 3345/3521/3401 3344/3519/3401 3407/3580/3401 3408/3582/3401
f 3372/3522/3402 3371/3520/3402 3434/3581/3402 3435/3583/3402
f 3346/3523/3403 3345/3521/3403 3408/3582/3403 3409/3584/3403
f 3320/3525/3404 1/3585/3404 3383/3586/3404
f 3373/3526/3405 3372/3522/3405 3435/3583/3405 3436/3587/3405
f 3347/3527/3406 3346/3523/3406 3409/3584/3406 3410/3588/3406
f 3321/3528/3407 3320/3525/3407 3383/3586/3407 3384/3589/3407
f 3374/3529/3408 3373/3526/3408 3436/3587/3408 3437/3590/3408
f 3348/3530/3409 3347/3527/3409 3410/3588/3409 3411/3591/3409
f 3322/3531/3410 3321/3528/3410 3384/3589/3410 3385/3592/3410
f 3375/3532/3411 3374/3529/3411 3437/3590/3411 3438/3593/3411
f 3349/3533/3412 3348/3530/3412 3411/3591/3412 3412/3594/3412
f 3323/3534/3413 3322/3531/3413 3385/3592/3413 3386/3595/3413
f 3376/3535/3414 3375/3532/3414 3438/3593/3414 3439/3596/3414
f 3350/3536/3415 3349/3533/3415 3412/3594/3415 3413/3597/3415
f 3324/3537/3416 3323/3534/3416 3386/3595/3416 3387/3598/3416
f 3377/3538/3417 3376/3535/3417 3439/3596/3417 3440/3599/3417
f 3351/3539/3418 3350/3536/3418 3413/3597/3418 3414/3600/3418
f 3325/3540/3419 3324/3537/3419 3387/3598/3419 3388/3601/3419
f 3378/3541/3420 3377/3538/3420 3440/3599/3420 3441/3602/3420
f 3352/3542/3421 3351/3539/3421 3414/3600/3421 3415/3603/3421
f 3326/3543/3422 3325/3540/3422 3388/3601/3422 3389/3604/3422
f 3379/3544/3423 3378/3541/3423 3441/3602/3423 3442/3605/3423
f 3353/3545/3424 3352/3542/3424 3415/3603/3424 3416/3606/3424
f 3327/3546/3425 3326/3543/3425 3389/3604/3425 3390/3607/3425
f 3380/3547/3426 3379/3544/3426 3442/3605/3426 3443/3608/3426
f 3354/3548/3427 3353/3545/3427 3416/3606/3427 3417/3609/3427
f 3328/3549/3428 3327/3546/3428 3390/3607/3428 3391/3610/3428
f 3381/3550/3429 3380/3547/3429 3443/3608/3429 3444/3611/3429
f 3355/3551/3430 3354/3548/3430 3417/3609/3430 3418/3612/3430
f 3329/3552/3431 3328/3549/3431 3391/3610/3431 3392/3613/3431
f 3382/3553/3432 3381/3550/3432 3444/3611/3432 3445/3614/3432
f 3356/3554/3433 3355/3551/3433 3418/3612/3433 3419/3615/3433
f 3330/3555/3434 3329/3552/3434 3392/3613/3434 3393/3616/3434
f 43/3617/3435 3382/3553/3435 3445/3614/3435
f 3357/3557/3436 3356/3554/3436 3419/3615/3436 3420/3618/3436
f 3331/3558/3437 3330/3555/3437 3393/3616/3437 3394/3619/3437
f 3358/3559/3438 3357/3557/3438 3420/3618/3438 3421/3620/3438
f 3332/3560/3439 3331/3558/3439 3394/3619/3439 3395/3621/3439
f 3359/3561/3440 3358/3559/3440 3421/3620/3440 3422/3622/3440
f 3333/3562/3441 3332/3560/3441 3395/3621/3441 3396/3623/3441
f 3360/3563/3442 3359/3561/3442 3422/3622/3442 3423/3624/3442
f 3334/3564/3443 3333/3562/3443 3396/3623/3443 3397/3625/3443
f 3361/3565/3444 3360/3563/3444 3423/3624/3444 3424/3626/3444
f 3335/3566/3445 3334/3564/3445 3397/3625/3445 3398/3627/3445
f 3362/3567/3446 3361/3565/3446 3424/3626/3446 3425/3628/3446
f 3336/3568/3447 3335/3566/3447 3398/3627/3447 3399/3629/3447
f 3363/3569/3448 3362/3567/3448 3425/3628/3448 3426/3630/3448
f 3337/3570/3449 3336/3568/3449 3399/3629/3449 3400/3631/3449
f 3364/3571/3450 3363/3569/3450 3426/3630/3450 3427/3632/3450
f 3338/3507/3451 3337/3570/3451 3400/3631/3451 3401/3633/3451
f 3365/3509/3452 3364/3571/3452 3427/3632/3452 3428/3634/3452
f 3339/3508/3453 3338/3507/3453 3401/3633/3453 3402/3635/3453
f 3366/3510/3454 3365/3509/3454 3428/3634/3454 3429/3636/3454
f 3340/3511/3455 3339/3508/3455 3402/3635/3455 3403/3572/3455
f 3367/3512/3456 3366/3510/3456 3429/3636/3456 3430/3574/3456
f 3406/3578/3457 3405/3576/3457 3468/3637/3457 3469/3638/3457
f 3433/3579/3458 3432/3577/3458 3495/3639/3458 3496/3640/3458
f 3407/3580/3459 3406/3578/3459 3469/3638/3459 3470/3641/3459
f 3434/3581/3460 3433/3579/3460 3496/3640/3460 3497/3642/3460
f 3408/3582/3461 3407/3580/3461 3470/3641/3461 3471/3643/3461
f 3435/3583/3462 3434/3581/3462 3497/3642/3462 3498/3644/3462
f 3409/3584/3463 3408/3582/3463 3471/3643/3463 3472/3645/3463
f 3383/3586/3464 1/3646/3464 3446/3647/3464
f 3436/3587/3465 3435/3583/3465 3498/3644/3465 3499/3648/3465
f 3410/3588/3466 3409/3584/3466 3472/3645/3466 3473/3649/3466
f 3384/3589/3467 3383/3586/3467 3446/3647/3467 3447/3650/3467
f 3437/3590/3468 3436/3587/3468 3499/3648/3468 3500/3651/3468
f 3411/3591/3469 3410/3588/3469 3473/3649/3469 3474/3652/3469
f 3385/3592/3470 3384/3589/3470 3447/3650/3470 3448/3653/3470
f 3438/3593/3471 3437/3590/3471 3500/3651/3471 3501/3654/3471
f 3412/3594/3472 3411/3591/3472 3474/3652/3472 3475/3655/3472
f 3386/3595/3473 3385/3592/3473 3448/3653/3473 3449/3656/3473
f 3439/3596/3474 3438/3593/3474 3501/3654/3474 3502/3657/3474
f 3413/3597/3475 3412/3594/3475 3475/3655/3475 3476/3658/3475
f 3387/3598/3476 3386/3595/3476 3449/3656/3476 3450/3659/3476
f 3440/3599/3477 3439/3596/3477 3502/3657/3477 3503/3660/3477
f 3414/3600/3478 3413/3597/3478 3476/3658/3478 3477/3661/3478
f 3388/3601/3479 3387/3598/3479 3450/3659/3479 3451/3662/3479
f 3441/3602/3480 3440/3599/3480 3503/3660/3480 3504/3663/3480
f 3415/3603/3481 3414/3600/3481 3477/3661/3481 3478/3664/3481
f 3389/3604/3482 3388/3601/3482 3451/3662/3482 3452/3665/3482
f 3442/3605/3483 3441/3602/3483 3504/3663/3483 3505/3666/3483
f 3416/3606/3484 3415/3603/3484 3478/3664/3484 3479/3667/3484
f 3390/3607/3485 3389/3604/3485 3452/3665/3485 3453/3668/3485
f 3443/3608/3486 3442/3605/3486 3505/3666/3486 3506/3669/3486
f 3417/3609/3487 3416/3606/3487 3479/3667/3487 3480/3670/3487
f 3391/3610/3488 3390/3607/3488 3453/3668/3488 3454/3671/3488
f 3444/3611/3489 3443/3608/3489 3506/3669/3489 3507/3672/3489
f 3418/3612/3490 3417/3609/3490 3480/3670/3490 3481/3673/3490
f 3392/3613/3491 3391/3610/3491 3454/3671/3491 3455/3674/3491
f 3445/3614/3492 3444/3611/3492 3507/3672/3492 3508/3675/3492
f 3419/3615/3493 3418/3612/3493 3481/3673/3493 3482/3676/3493
f 3393/3616/3494 3392/3613/3494 3455/3674/3494 3456/3677/3494
f 43/3678/3495 3445/3614/3495 3508/3675/3495
f 3420/3618/3496 3419/3615/3496 3482/3676/3496 3483/3679/3496
f 3394/3619/3497 3393/3616/3497 3456/3677/3497 3457/3680/3497
f 3421/3620/3498 3420/3618/3498 3483/3679/3498 3484/3681/3498
f 3395/3621/3499 3394/3619/3499 3457/3680/3499 3458/3682/3499
f 3422/3622/3500 3421/3620/3500 3484/3681/3500 3485/3683/3500
f 3396/3623/3501 3395/3621/3501 3458/3682/3501 3459/3684/3501
f 3423/3624/3502 3422/3622/3502 3485/3683/3502 3486/3685/3502
f 3397/3625/3503 3396/3623/3503 3459/3684/3503 3460/3686/3503
f 3424/3626/3504 3423/3624/3504 3486/3685/3504 3487/3687/3504
f 3398/3627/3505 3397/3625/3505 3460/3686/3505 3461/3688/3505
f 3425/3628/3506 3424/3626/3506 3487/3687/3506 3488/3689/3506
f 3399/3629/3507 3398/3627/3507 3461/3688/3507 3462/3690/3507
f 3426/3630/3508 3425/3628/3508 3488/3689/3508 3489/3691/3508
f 3400/3631/3509 3399/3629/3509 3462/3690/3509 3463/3692/3509
f 3427/3632/3510 3426/3630/3510 3489/3691/3510 3490/3693/3510
f 3401/3633/3511 3400/3631/3511 3463/3692/3511 3464/3694/3511
f 3428/3634/3512 3427/3632/3512 3490/3693/3512 3491/3695/3512
f 3402/3635/3513 3401/3633/3513 3464/3694/3513 3465/3696/3513
f 3429/3636/3514 3428/3634/3514 3491/3695/3514 3492/3697/3514
f 3403/3572/3515 3402/3635/3515 3465/3696/3515 3466/3698/3515
f 3430/3574/3516 3429/3636/3516 3492/3697/3516 3493/3699/3516
f 3404/3573/3517 3403/3572/3517 3466/3698/3517 3467/3700/3517
f 3431/3575/3518 3430/3574/3518 3493/3699/3518 3494/3701/3518
f 3405/3576/3519 3404/3573/3519 3467/3700/3519 3468/3637/3519
f 3432/3577/3520 3431/3575/3520 3494/3701/3520 3495/3639/3520
f 3471/3643/3521 3470/3641/3521 3533/3702/3521 3534/3703/3521
f 3498/3644/3522 3497/3642/3522 3560/3704/3522 3561/3705/3522
f 3472/3645/3523 3471/3643/3523 3534/3703/3523 3535/3706/3523
f 3446/3647/3524 1/3707/3524 3509/3708/3524
f 3499/3648/3525 3498/3644/3525 3561/3705/3525 3562/3709/3525
f 3473/3649/3526 3472/3645/3526 3535/3706/3526 3536/3710/3526
f 3447/3650/3527 3446/3647/3527 3509/3708/3527 3510/3711/3527
f 3500/3651/3528 3499/3648/3528 3562/3709/3528 3563/3712/3528
f 3474/3652/3529 3473/3649/3529 3536/3710/3529 3537/3713/3529
f 3448/3653/3530 3447/3650/3530 3510/3711/3530 3511/3714/3530
f 3501/3654/3531 3500/3651/3531 3563/3712/3531 3564/3715/3531
f 3475/3655/3532 3474/3652/3532 3537/3713/3532 3538/3716/3532
f 3449/3656/3533 3448/3653/3533 3511/3714/3533 3512/3717/3533
f 3502/3657/3534 3501/3654/3534 3564/3715/3534 3565/3718/3534
f 3476/3658/3535 3475/3655/3535 3538/3716/3535 3539/3719/3535
f 3450/3659/3536 3449/3656/3536 3512/3717/3536 3513/3720/3536
f 3503/3660/3537 3502/3657/3537 3565/3718/3537 3566/3721/3537
f 3477/3661/3538 3476/3658/3538 3539/3719/3538 3540/3722/3538
f 3451/3662/3539 3450/3659/3539 3513/3720/3539 3514/3723/3539
f 3504/3663/3540 3503/3660/3540 3566/3721/3540 3567/3724/3540
f 3478/3664/3541 3477/3661/3541 3540/3722/3541 3541/3725/3541
f 3452/3665/3542 3451/3662/3542 3514/3723/3542 3515/3726/3542
f 3505/3666/3543 3504/3663/3543 3567/3724/3543 3568/3727/3543
f 3479/3667/3544 3478/3664/3544 3541/3725/3544 3542/3728/3544
f 3453/3668/3545 3452/3665/3545 3515/3726/3545 3516/3729/3545
f 3506/3669/3546 3505/3666/3546 3568/3727/3546 3569/3730/3546
f 3480/3670/3547 3479/3667/3547 3542/3728/3547 3543/3731/3547
f 3454/3671/3548 3453/3668/3548 3516/3729/3548 3517/3732/3548
f 3507/3672/3549 3506/3669/3549 3569/3730/3549 3570/3733/3549
f 3481/3673/3550 3480/3670/3550 3543/3731/3550 3544/3734/3550
f 3455/3674/3551 3454/3671/3551 3517/3732/3551 3518/3735/3551
f 3508/3675/3552 3507/3672/3552 3570/3733/3552 3571/3736/3552
f 3482/3676/3553 3481/3673/3553 3544/3734/3553 3545/3737/3553
f 3456/3677/3554 3455/3674/3554 3518/3735/3554 3519/3738/3554
f 43/3739/3555 3508/3675/3555 3571/3736/3555
f 3483/3679/3556 3482/3676/3556 3545/3737/3556 3546/3740/3556
f 3457/3680/3557 3456/3677/3557 3519/3738/3557 3520/3741/3557
f 3484/3681/3558 3483/3679/3558 3546/3740/3558 3547/3742/3558
f 3458/3682/3559 3457/3680/3559 3520/3741/3559 3521/3743/3559
f 3485/3683/3560 3484/3681/3560 3547/3742/3560 3548/3744/3560
f 3459/3684/3561 3458/3682/3561 3521/3743/3561 3522/3745/3561
f 3486/3685/3562 3485/3683/3562 3548/3744/3562 3549/3746/3562
f 3460/3686/3563 3459/3684/3563 3522/3745/3563 3523/3747/3563
f 3487/3687/3564 3486/3685/3564 3549/3746/3564 3550/3748/3564
f 3461/3688/3565 3460/3686/3565 3523/3747/3565 3524/3749/3565
f 3488/3689/3566 3487/3687/3566 3550/3748/3566 3551/3750/3566
f 3462/3690/3567 3461/3688/3567 3524/3749/3567 3525/3751/3567
f 3489/3691/3568 3488/3689/3568 3551/3750/3568 3552/3752/3568
f 3463/3692/3569 3462/3690/3569 3525/3751/3569 3526/3753/3569
f 3490/3693/3570 3489/3691/3570 3552/3752/3570 3553/3754/3570
f 3464/3694/3571 3463/3692/3571 3526/3753/3571 3527/3755/3571
f 3491/3695/3572 3490/3693/3572 3553/3754/3572 3554/3756/3572
f 3465/3696/3573 3464/3694/3573 3527/3755/3573 3528/3757/3573
f 3492/3697/3574 3491/3695/3574 3554/3756/3574 3555/3758/3574
f 3466/3698/3575 3465/3696/3575 3528/3757/3575 3529/3759/3575
f 3493/3699/3576 3492/3697/3576 3555/3758/3576 3556/3760/3576
f 3467/3700/3577 3466/3698/3577 3529/3759/3577 3530/3761/3577
f 3494/3701/3578 3493/3699/3578 3556/3760/3578 3557/3762/3578
f 3468/3637/3579 3467/3700/3579 3530/3761/3579 3531/3763/3579
f 3495/3639/3580 3494/3701/3580 3557/3762/3580 3558/3764/3580
f 3469/3638/3581 3468/3637/3581 3531/3763/3581 3532/3765/3581
f 3496/3640/3582 3495/3639/3582 3558/3764/3582 3559/3766/3582
f 3470/3641/3583 3469/3638/3583 3532/3765/3583 3533/3702/3583
f 3497/3642/3584 3496/3640/3584 3559/3766/3584 3560/3704/3584
f 3536/3710/3585 3535/3706/3585 3598/3767/3585 3599/3768/3585
f 3510/3711/3586 3509/3708/3586 3572/3769/3586 3573/3770/3586
f 3563/3712/3587 3562/3709/3587 3625/3771/3587 3626/3772/3587
f 3537/3713/3588 3536/3710/3588 3599/3768/3588 3600/3773/3588
f 3511/3714/3589 3510/3711/3589 3573/3770/3589 3574/3774/3589
f 3564/3715/3590 3563/3712/3590 3626/3772/3590 3627/3775/3590
f 3538/3716/3591 3537/3713/3591 3600/3773/3591 3601/3776/3591
f 3512/3717/3592 3511/3714/3592 3574/3774/3592 3575/3777/3592
f 3565/3718/3593 3564/3715/3593 3627/3775/3593 3628/3778/3593
f 3539/3719/3594 3538/3716/3594 3601/3776/3594 3602/3779/3594
f 3513/3720/3595 3512/3717/3595 3575/3777/3595 3576/3780/3595
f 3566/3721/3596 3565/3718/3596 3628/3778/3596 3629/3781/3596
f 3540/3722/3597 3539/3719/3597 3602/3779/3597 3603/3782/3597
f 3514/3723/3598 3513/3720/3598 3576/3780/3598 3577/3783/3598
f 3567/3724/3599 3566/3721/3599 3629/3781/3599 3630/3784/3599
f 3541/3725/3600 3540/3722/3600 3603/3782/3600 3604/3785/3600
f 3515/3726/3601 3514/3723/3601 3577/3783/3601 3578/3786/3601
f 3568/3727/3602 3567/3724/3602 3630/3784/3602 3631/3787/3602
f 3542/3728/3603 3541/3725/3603 3604/3785/3603 3605/3788/3603
f 3516/3729/3604 3515/3726/3604 3578/3786/3604 3579/3789/3604
f 3569/3730/3605 3568/3727/3605 3631/3787/3605 3632/3790/3605
f 3543/3731/3606 3542/3728/3606 3605/3788/3606 3606/3791/3606
f 3517/3732/3607 3516/3729/3607 3579/3789/3607 3580/3792/3607
f 3570/3733/3608 3569/3730/3608 3632/3790/3608 3633/3793/3608
f 3544/3734/3609 3543/3731/3609 3606/3791/3609 3607/3794/3609
f 3518/3735/3610 3517/3732/3610 3580/3792/3610 3581/3795/3610
f 3571/3736/3611 3570/3733/3611 3633/3793/3611 3634/3796/3611
f 3545/3737/3612 3544/3734/3612 3607/3794/3612 3608/3797/3612
f 3519/3738/3613 3518/3735/3613 3581/3795/3613 3582/3798/3613
f 43/3799/3614 3571/3736/3614 3634/3796/3614
f 3546/3740/3615 3545/3737/3615 3608/3797/3615 3609/3800/3615
f 3520/3741/3616 3519/3738/3616 3582/3798/3616 3583/3801/3616
f 3547/3742/3617 3546/3740/3617 3609/3800/3617 3610/3802/3617
f 3521/3743/3618 3520/3741/3618 3583/3801/3618 3584/3803/3618
f 3548/3744/3619 3547/3742/3619 3610/3802/3619 3611/3804/3619
f 3522/3745/3620 3521/3743/3620 3584/3803/3620 3585/3805/3620
f 3549/3746/3621 3548/3744/3621 3611/3804/3621 3612/3806/3621
f 3523/3747/3622 3522/3745/3622 3585/3805/3622 3586/3807/3622
f 3550/3748/3623 3549/3746/3623 3612/3806/3623 3613/3808/3623
f 3524/3749/3624 3523/3747/3624 3586/3807/3624 3587/3809/3624
f 3551/3750/3625 3550/3748/3625 3613/3808/3625 3614/3810/3625
f 3525/3751/3626 3524/3749/3626 3587/3809/3626 3588/3811/3626
f 3552/3752/3627 3551/3750/3627 3614/3810/3627 3615/3812/3627
f 3526/3753/3628 3525/3751/3628 3588/3811/3628 3589/3813/3628
f 3553/3754/3629 3552/3752/3629 3615/3812/3629 3616/3814/3629
f 3527/3755/3630 3526/3753/3630 3589/3813/3630 3590/3815/3630
f 3554/3756/3631 3553/3754/3631 3616/3814/3631 3617/3816/3631
f 3528/3757/3632 3527/3755/3632 3590/3815/3632 3591/3817/3632
f 3555/3758/3633 3554/3756/3633 3617/3816/3633 3618/3818/3633
f 3529/3759/3634 3528/3757/3634 3591/3817/3634 3592/3819/3634
f 3556/3760/3635 3555/3758/3635 3618/3818/3635 3619/3820/3635
f 3530/3761/3636 3529/3759/3636 3592/3819/3636 3593/3821/3636
f 3557/3762/3637 3556/3760/3637 3619/3820/3637 3620/3822/3637
f 3531/3763/3638 3530/3761/3638 3593/3821/3638 3594/3823/3638
f 3558/3764/3639 3557/3762/3639 3620/3822/3639 3621/3824/3639
f 3532/3765/3640 3531/3763/3640 3594/3823/3640 3595/3825/3640
f 3559/3766/3641 3558/3764/3641 3621/3824/3641 3622/3826/3641
f 3533/3702/3642 3532/3765/3642 3595/3825/3642 3596/3827/3642
f 3560/3704/3643 3559/3766/3643 3622/3826/3643 3623/3828/3643
f 3534/3703/3644 3533/3702/3644 3596/3827/3644 3597/3829/3644
f 3561/3705/3645 3560/3704/3645 3623/3828/3645 3624/3830/3645
f 3535/3706/3646 3534/3703/3646 3597/3829/3646 3598/3767/3646
f 3509/3708/3647 1/3831/3647 3572/3769/3647
f 3562/3709/3648 3561/3705/3648 3624/3830/3648 3625/3771/3648
f 3601/3776/3649 3600/3773/3649 3663/3832/3649 3664/3833/3649
f 3575/3777/3650 3574/3774/3650 3637/3834/3650 3638/3835/3650
f 3628/3778/3651 3627/3775/3651 3690/3836/3651 3691/3837/3651
f 3602/3779/3652 3601/3776/3652 3664/3833/3652 3665/3838/3652
f 3576/3780/3653 3575/3777/3653 3638/3835/3653 3639/3839/3653
f 3629/3781/3654 3628/3778/3654 3691/3837/3654 3692/3840/3654
f 3603/3782/3655 3602/3779/3655 3665/3838/3655 3666/3841/3655
f 3577/3783/3656 3576/3780/3656 3639/3839/3656 3640/3842/3656
f 3630/3784/3657 3629/3781/3657 3692/3840/3657 3693/3843/3657
f 3604/3785/3658 3603/3782/3658 3666/3841/3658 3667/3844/3658
f 3578/3786/3659 3577/3783/3659 3640/3842/3659 3641/3845/3659
f 3631/3787/3660 3630/3784/3660 3693/3843/3660 3694/3846/3660
f 3605/3788/3661 3604/3785/3661 3667/3844/3661 3668/3847/3661
f 3579/3789/3662 3578/3786/3662 3641/3845/3662 3642/3848/3662
f 3632/3790/3663 3631/3787/3663 3694/3846/3663 3695/3849/3663
f 3606/3791/3664 3605/3788/3664 3668/3847/3664 3669/3850/3664
f 3580/3792/3665 3579/3789/3665 3642/3848/3665 3643/3851/3665
f 3633/3793/3666 3632/3790/3666 3695/3849/3666 3696/3852/3666
f 3607/3794/3667 3606/3791/3667 3669/3850/3667 3670/3853/3667
f 3581/3795/3668 3580/3792/3668 3643/3851/3668 3644/3854/3668
f 3634/3796/3669 3633/3793/3669 3696/3852/3669 3697/3855/3669
f 3608/3797/3670 3607/3794/3670 3670/3853/3670 3671/3856/3670
f 3582/3798/3671 3581/3795/3671 3644/3854/3671 3645/3857/3671
f 43/3858/3672 3634/3796/3672 3697/3855/3672
f 3609/3800/3673 3608/3797/3673 3671/3856/3673 3672/3859/3673
f 3583/3801/3674 3582/3798/3674 3645/3857/3674 3646/3860/3674
f 3610/3802/3675 3609/3800/3675 3672/3859/3675 3673/3861/3675
f 3584/3803/3676 3583/3801/3676 3646/3860/3676 3647/3862/3676
f 3611/3804/3677 3610/3802/3677 3673/3861/3677 3674/3863/3677
f 3585/3805/3678 3584/3803/3678 3647/3862/3678 3648/3864/3678
f 3612/3806/3679 3611/3804/3679 3674/3863/3679 3675/3865/3679
f 3586/3807/3680 3585/3805/3680 3648/3864/3680 3649/3866/3680
f 3613/3808/3681 3612/3806/3681 3675/3865/3681 3676/3867/3681
f 3587/3809/3682 3586/3807/3682 3649/3866/3682 3650/3868/3682
f 3614/3810/3683 3613/3808/3683 3676/3867/3683 3677/3869/3683
f 3588/3811/3684 3587/3809/3684 3650/3868/3684 3651/3870/3684
f 3615/3812/3685 3614/3810/3685 3677/3869/3685 3678/3871/3685
f 3589/3813/3686 3588/3811/3686 3651/3870/3686 3652/3872/3686
f 3616/3814/3687 3615/3812/3687 3678/3871/3687 3679/3873/3687
f 3590/3815/3688 3589/3813/3688 3652/3872/3688 3653/3874/3688
f 3617/3816/3689 3616/3814/3689 3679/3873/3689 3680/3875/3689
f 3591/3817/3690 3590/3815/3690 3653/3874/3690 3654/3876/3690
f 3618/3818/3691 3617/3816/3691 3680/3875/3691 3681/3877/3691
f 3592/3819/3692 3591/3817/3692 3654/3876/3692 3655/3878/3692
f 3619/3820/3693 3618/3818/3693 3681/3877/3693 3682/3879/3693
f 3593/3821/3694 3592/3819/3694 3655/3878/3694 3656/3880/3694
f 3620/3822/3695 3619/3820/3695 3682/3879/3695 3683/3881/3695
f 3594/3823/3696 3593/3821/3696 3656/3880/3696 3657/3882/3696
f 3621/3824/3697 3620/3822/3697 3683/3881/3697 3684/3883/3697
f 3595/3825/3698 3594/3823/3698 3657/3882/3698 3658/3884/3698
f 3622/3826/3699 3621/3824/3699 3684/3883/3699 3685/3885/3699
f 3596/3827/3700 3595/3825/3700 3658/3884/3700 3659/3886/3700
f 3623/3828/3701 3622/3826/3701 3685/3885/3701 3686/3887/3701
f 3597/3829/3702 3596/3827/3702 3659/3886/3702 3660/3888/3702
f 3624/3830/3703 3623/3828/3703 3686/3887/3703 3687/3889/3703
f 3598/3767/3704 3597/3829/3704 3660/3888/3704 3661/3890/3704
f 3572/3769/3705 1/3891/3705 3635/3892/3705
f 3625/3771/3706 3624/3830/3706 3687/3889/3706 3688/3893/3706
f 3599/3768/3707 3598/3767/3707 3661/3890/3707 3662/3894/3707
f 3573/3770/3708 3572/3769/3708 3635/3892/3708 3636/3895/3708
f 3626/3772/3709 3625/3771/3709 3688/3893/3709 3689/3896/3709
f 3600/3773/3710 3599/3768/3710 3662/3894/3710 3663/3832/3710
f 3574/3774/3711 3573/3770/3711 3636/3895/3711 3637/3834/3711
f 3627/3775/3712 3626/3772/3712 3689/3896/3712 3690/3836/3712
f 3666/3841/3713 3665/3838/3713 3728/3897/3713 3729/3898/3713
f 3640/3842/3714 3639/3839/3714 3702/3899/3714 3703/3900/3714
f 3693/3843/3715 3692/3840/3715 3755/3901/3715 3756/3902/3715
f 3667/3844/3716 3666/3841/3716 3729/3898/3716 3730/3903/3716
f 3641/3845/3717 3640/3842/3717 3703/3900/3717 3704/3904/3717
f 3694/3846/3718 3693/3843/3718 3756/3902/3718 3757/3905/3718
f 3668/3847/3719 3667/3844/3719 3730/3903/3719 3731/3906/3719
f 3642/3848/3720 3641/3845/3720 3704/3904/3720 3705/3907/3720
f 3695/3849/3721 3694/3846/3721 3757/3905/3721 3758/3908/3721
f 3669/3850/3722 3668/3847/3722 3731/3906/3722 3732/3909/3722
f 3643/3851/3723 3642/3848/3723 3705/3907/3723 3706/3910/3723
f 3696/3852/3724 3695/3849/3724 3758/3908/3724 3759/3911/3724
f 3670/3853/3725 3669/3850/3725 3732/3909/3725 3733/3912/3725
f 3644/3854/3726 3643/3851/3726 3706/3910/3726 3707/3913/3726
f 3697/3855/3727 3696/3852/3727 3759/3911/3727 3760/3914/3727
f 3671/3856/3728 3670/3853/3728 3733/3912/3728 3734/3915/3728
f 3645/3857/3729 3644/3854/3729 3707/3913/3729 3708/3916/3729
f 43/3917/3730 3697/3855/3730 3760/3914/3730
f 3672/3859/3731 3671/3856/3731 3734/3915/3731 3735/3918/3731
f 3646/3860/3732 3645/3857/3732 3708/3916/3732 3709/3919/3732
f 3673/3861/3733 3672/3859/3733 3735/3918/3733 3736/3920/3733
f 3647/3862/3734 3646/3860/3734 3709/3919/3734 3710/3921/3734
f 3674/3863/3735 3673/3861/3735 3736/3920/3735 3737/3922/3735
f 3648/3864/3736 3647/3862/3736 3710/3921/3736 3711/3923/3736
f 3675/3865/3737 3674/3863/3737 3737/3922/3737 3738/3924/3737
f 3649/3866/3738 3648/3864/3738 3711/3923/3738 3712/3925/3738
f 3676/3867/3739 3675/3865/3739 3738/3924/3739 3739/3926/3739
f 3650/3868/3740 3649/3866/3740 3712/3925/3740 3713/3927/3740
f 3677/3869/3741 3676/3867/3741 3739/3926/3741 3740/3928/3741
f 3651/3870/3742 3650/3868/3742 3713/3927/3742 3714/3929/3742
f 3678/3871/3743 3677/3869/3743 3740/3928/3743 3741/3930/3743
f 3652/3872/3744 3651/3870/3744 3714/3929/3744 3715/3931/3744
f 3679/3873/3745 3678/3871/3745 3741/3930/3745 3742/3932/3745
f 3653/3874/3746 3652/3872/3746 3715/3931/3746 3716/3933/3746
f 3680/3875/3747 3679/3873/3747 3742/3932/3747 3743/3934/3747
f 3654/3876/3748 3653/3874/3748 3716/3933/3748 3717/3935/3748
f 3681/3877/3749 3680/3875/3749 3743/3934/3749 3744/3936/3749
f 3655/3878/3750 3654/3876/3750 3717/3935/3750 3718/3937/3750
f 3682/3879/3751 3681/3877/3751 3744/3936/3751 3745/3938/3751
f 3656/3880/3752 3655/3878/3752 3718/3937/3752 3719/3939/3752
f 3683/3881/3753 3682/3879/3753 3745/3938/3753 3746/3940/3753
f 3657/3882/3754 3656/3880/3754 3719/3939/3754 3720/3941/3754
f 3684/3883/3755 3683/3881/3755 3746/3940/3755 3747/3942/3755
f 3658/3884/3756 3657/3882/3756 3720/3941/3756 3721/3943/3756
f 3685/3885/3757 3684/3883/3757 3747/3942/3757 3748/3944/3757
f 3659/3886/3758 3658/3884/3758 3721/3943/3758 3722/3945/3758
f 3686/3887/3759 3685/3885/3759 3748/3944/3759 3749/3946/3759
f 3660/3888/3760 3659/3886/3760 3722/3945/3760 3723/3947/3760
f 3687/3889/3761 3686/3887/3761 3749/3946/3761 3750/3948/3761
f 3661/3890/3762 3660/3888/3762 3723/3947/3762 3724/3949/3762
f 3635/3892/3763 1/3950/3763 3698/3951/3763
f 3688/3893/3764 3687/3889/3764 3750/3948/3764 3751/3952/3764
f 3662/3894/3765 3661/3890/3765 3724/3949/3765 3725/3953/3765
f 3636/3895/3766 3635/3892/3766 3698/3951/3766 3699/3954/3766
f 3689/3896/3767 3688/3893/3767 3751/3952/3767 3752/3955/3767
f 3663/3832/3768 3662/3894/3768 3725/3953/3768 3726/3956/3768
f 3637/3834/3769 3636/3895/3769 3699/3954/3769 3700/3957/3769
f 3690/3836/3770 3689/3896/3770 3752/3955/3770 3753/3958/3770
f 3664/3833/3771 3663/3832/3771 3726/3956/3771 3727/3959/3771
f 3638/3835/3772 3637/3834/3772 3700/3957/3772 3701/3960/3772
f 3691/3837/3773 3690/3836/3773 3753/3958/3773 3754/3961/3773
f 3665/3838/3774 3664/3833/3774 3727/3959/3774 3728/3897/3774
f 3639/3839/3775 3638/3835/3775 3701/3960/3775 3702/3899/3775
f 3692/3840/3776 3691/3837/3776 3754/3961/3776 3755/3901/3776
f 3731/3906/3777 3730/3903/3777 3793/3962/3777 3794/3963/3777
f 3705/3907/3778 3704/3904/3778 3767/3964/3778 3768/3965/3778
f 3758/3908/3779 3757/3905/3779 3820/3966/3779 3821/3967/3779
f 3732/3909/3780 3731/3906/3780 3794/3963/3780 3795/3968/3780
f 3706/3910/3781 3705/3907/3781 3768/3965/3781 3769/3969/3781
f 3759/3911/3782 3758/3908/3782 3821/3967/3782 3822/3970/3782
f 3733/3912/3783 3732/3909/3783 3795/3968/3783 3796/3971/3783
f 3707/3913/3784 3706/3910/3784 3769/3969/3784 3770/3972/3784
f 3760/3914/3785 3759/3911/3785 3822/3970/3785 3823/3973/3785
f 3734/3915/3786 3733/3912/3786 3796/3971/3786 3797/3974/3786
f 3708/3916/3787 3707/3913/3787 3770/3972/3787 3771/3975/3787
f 43/3976/3788 3760/3914/3788 3823/3973/3788
f 3735/3918/3789 3734/3915/3789 3797/3974/3789 3798/3977/3789
f 3709/3919/3790 3708/3916/3790 3771/3975/3790 3772/3978/3790
f 3736/3920/3791 3735/3918/3791 3798/3977/3791 3799/3979/3791
f 3710/3921/3792 3709/3919/3792 3772/3978/3792 3773/3980/3792
f 3737/3922/3793 3736/3920/3793 3799/3979/3793 3800/3981/3793
f 3711/3923/3794 3710/3921/3794 3773/3980/3794 3774/3982/3794
f 3738/3924/3795 3737/3922/3795 3800/3981/3795 3801/3983/3795
f 3712/3925/3796 3711/3923/3796 3774/3982/3796 3775/3984/3796
f 3739/3926/3797 3738/3924/3797 3801/3983/3797 3802/3985/3797
f 3713/3927/3798 3712/3925/3798 3775/3984/3798 3776/3986/3798
f 3740/3928/3799 3739/3926/3799 3802/3985/3799 3803/3987/3799
f 3714/3929/3800 3713/3927/3800 3776/3986/3800 3777/3988/3800
f 3741/3930/3801 3740/3928/3801 3803/3987/3801 3804/3989/3801
f 3715/3931/3802 3714/3929/3802 3777/3988/3802 3778/3990/3802
f 3742/3932/3803 3741/3930/3803 3804/3989/3803 3805/3991/3803
f 3716/3933/3804 3715/3931/3804 3778/3990/3804 3779/3992/3804
f 3743/3934/3805 3742/3932/3805 3805/3991/3805 3806/3993/3805
f 3717/3935/3806 3716/3933/3806 3779/3992/3806 3780/3994/3806
f 3744/3936/3807 3743/3934/3807 3806/3993/3807 3807/3995/3807
f 3718/3937/3808 3717/3935/3808 3780/3994/3808 3781/3996/3808
f 3745/3938/3809 3744/3936/3809 3807/3995/3809 3808/3997/3809
f 3719/3939/3810 3718/3937/3810 3781/3996/3810 3782/3998/3810
f 3746/3940/3811 3745/3938/3811 3808/3997/3811 3809/3999/3811
f 3720/3941/3812 3719/3939/3812 3782/3998/3812 3783/4000/3812
f 3747/3942/3813 3746/3940/3813 3809/3999/3813 3810/4001/3813
f 3721/3943/3814 3720/3941/3814 3783/4000/3814 3784/4002/3814
f 3748/3944/3815 3747/3942/3815 3810/4001/3815 3811/4003/3815
f 3722/3945/3816 3721/3943/3816 3784/4002/3816 3785/4004/3816
f 3749/3946/3817 3748/3944/3817 3811/4003/3817 3812/4005/3817
f 3723/3947/3818 3722/3945/3818 3785/4004/3818 3786/4006/3818
f 3750/3948/3819 3749/3946/3819 3812/4005/3819 3813/4007/3819
f 3724/3949/3820 3723/3947/3820 3786/4006/3820 3787/4008/3820
f 3698/3951/3821 1/4009/3821 3761/4010/3821
f 3751/3952/3822 3750/3948/3822 3813/4007/3822 3814/4011/3822
f 3725/3953/3823 3724/3949/3823 3787/4008/3823 3788/4012/3823
f 3699/3954/3824 3698/3951/3824 3761/4010/3824 3762/4013/3824
f 3752/3955/3825 3751/3952/3825 3814/4011/3825 3815/4014/3825
f 3726/3956/3826 3725/3953/3826 3788/4012/3826 3789/4015/3826
f 3700/3957/3827 3699/3954/3827 3762/4013/3827 3763/4016/3827
f 3753/3958/3828 3752/3955/3828 3815/4014/3828 3816/4017/3828
f 3727/3959/3829 3726/3956/3829 3789/4015/3829 3790/4018/3829
f 3701/3960/3830 3700/3957/3830 3763/4016/3830 3764/4019/3830
f 3754/3961/3831 3753/3958/3831 3816/4017/3831 3817/4020/3831
f 3728/3897/3832 3727/3959/3832 3790/4018/3832 3791/4021/3832
f 3702/3899/3833 3701/3960/3833 3764/4019/3833 3765/4022/3833
f 3755/3901/3834 3754/3961/3834 3817/4020/3834 3818/4023/3834
f 3729/3898/3835 3728/3897/3835 3791/4021/3835 3792/4024/3835
f 3703/3900/3836 3702/3899/3836 3765/4022/3836 3766/4025/3836
f 3756/3902/3837 3755/3901/3837 3818/4023/3837 3819/4026/3837
f 3730/3903/3838 3729/3898/3838 3792/4024/3838 3793/3962/3838
f 3704/3904/3839 3703/3900/3839 3766/4025/3839 3767/3964/3839
f 3757/3905/3840 3756/3902/3840 3819/4026/3840 3820/3966/3840
f 3796/3971/3841 3795/3968/3841 3858/4027/3841 3859/4028/3841
f 3770/3972/3842 3769/3969/3842 3832/4029/3842 3833/4030/3842
f 3823/3973/3843 3822/3970/3843 3885/4031/3843 3886/4032/3843
f 3797/3974/3844 3796/3971/3844 3859/4028/3844 3860/4033/3844
f 3771/3975/3845 3770/3972/3845 3833/4030/3845 3834/4034/3845
f 43/4035/3846 3823/3973/3846 3886/4032/3846
f 3798/3977/3847 3797/3974/3847 3860/4033/3847 3861/4036/3847
f 3772/3978/3848 3771/3975/3848 3834/4034/3848 3835/4037/3848
f 3799/3979/3849 3798/3977/3849 3861/4036/3849 3862/4038/3849
f 3773/3980/3850 3772/3978/3850 3835/4037/3850 3836/4039/3850
f 3800/3981/3851 3799/3979/3851 3862/4038/3851 3863/4040/3851
f 3774/3982/3852 3773/3980/3852 3836/4039/3852 3837/4041/3852
f 3801/3983/3853 3800/3981/3853 3863/4040/3853 3864/4042/3853
f 3775/3984/3854 3774/3982/3854 3837/4041/3854 3838/4043/3854
f 3802/3985/3855 3801/3983/3855 3864/4042/3855 3865/4044/3855
f 3776/3986/3856 3775/3984/3856 3838/4043/3856 3839/4045/3856
f 3803/3987/3857 3802/3985/3857 3865/4044/3857 3866/4046/3857
f 3777/3988/3858 3776/3986/3858 3839/4045/3858 3840/4047/3858
f 3804/3989/3859 3803/3987/3859 3866/4046/3859 3867/4048/3859
f 3778/3990/3860 3777/3988/3860 3840/4047/3860 3841/4049/3860
f 3805/3991/3861 3804/3989/3861 3867/4048/3861 3868/4050/3861
f 3779/3992/3862 3778/3990/3862 3841/4049/3862 3842/4051/3862
f 3806/3993/3863 3805/3991/3863 3868/4050/3863 3869/4052/3863
f 3780/3994/3864 3779/3992/3864 3842/4051/3864 3843/4053/3864
f 3807/3995/3865 3806/3993/3865 3869/4052/3865 3870/4054/3865
f 3781/3996/3866 3780/3994/3866 3843/4053/3866 3844/4055/3866
f 3808/3997/3867 3807/3995/3867 3870/4054/3867 3871/4056/3867
f 3782/3998/3868 3781/3996/3868 3844/4055/3868 3845/4057/3868
f 3809/3999/3869 3808/3997/3869 3871/4056/3869 3872/4058/3869
f 3783/4000/3870 3782/3998/3870 3845/4057/3870 3846/4059/3870
f 3810/4001/3871 3809/3999/3871 3872/4058/3871 3873/4060/3871
f 3784/4002/3872 3783/4000/3872 3846/4059/3872 3847/4061/3872
f 3811/4003/3873 3810/4001/3873 3873/4060/3873 3874/4062/3873
f 3785/4004/3874 3784/4002/3874 3847/4061/3874 3848/4063/3874
f 3812/4005/3875 3811/4003/3875 3874/4062/3875 3875/4064/3875
f 3786/4006/3876 3785/4004/3876 3848/4063/3876 3849/4065/3876
f 3813/4007/3877 3812/4005/3877 3875/4064/3877 3876/4066/3877
f 3787/4008/3878 3786/4006/3878 3849/4065/3878 3850/4067/3878
f 3761/4010/3879 1/4068/3879 3824/4069/3879
f 3814/4011/3880 3813/4007/3880 3876/4066/3880 3877/4070/3880
f 3788/4012/3881 3787/4008/3881 3850/4067/3881 3851/4071/3881
f 3762/4013/3882 3761/4010/3882 3824/4069/3882 3825/4072/3882
f 3815/4014/3883 3814/4011/3883 3877/4070/3883 3878/4073/3883
f 3789/4015/3884 3788/4012/3884 3851/4071/3884 3852/4074/3884
f 3763/4016/3885 3762/4013/3885 3825/4072/3885 3826/4075/3885
f 3816/4017/3886 3815/4014/3886 3878/4073/3886 3879/4076/3886
f 3790/4018/3887 3789/4015/3887 3852/4074/3887 3853/4077/3887
f 3764/4019/3888 3763/4016/3888 3826/4075/3888 3827/4078/3888
f 3817/4020/3889 3816/4017/3889 3879/4076/3889 3880/4079/3889
f 3791/4021/3890 3790/4018/3890 3853/4077/3890 3854/4080/3890
f 3765/4022/3891 3764/4019/3891 3827/4078/3891 3828/4081/3891
f 3818/4023/3892 3817/4020/3892 3880/4079/3892 3881/4082/3892
f 3792/4024/3893 3791/4021/3893 3854/4080/3893 3855/4083/3893
f 3766/4025/3894 3765/4022/3894 3828/4081/3894 3829/4084/3894
f 3819/4026/3895 3818/4023/3895 3881/4082/3895 3882/4085/3895
f 3793/3962/3896 3792/4024/3896 3855/4083/3896 3856/4086/3896
f 3767/3964/3897 3766/4025/3897 3829/4084/3897 3830/4087/3897
f 3820/3966/3898 3819/4026/3898 3882/4085/3898 3883/4088/3898
f 3794/3963/3899 3793/3962/3899 3856/4086/3899 3857/4089/3899
f 3768/3965/3900 3767/3964/3900 3830/4087/3900 3831/4090/3900
f 3821/3967/3901 3820/3966/3901 3883/4088/3901 3884/4091/3901
f 3795/3968/3902 3794/3963/3902 3857/4089/3902 3858/4027/3902
f 3769/3969/3903 3768/3965/3903 3831/4090/3903 3832/4029/3903
f 3822/3970/3904 3821/3967/3904 3884/4091/3904 3885/4031/3904
f 3861/4036/3905 3860/4033/3905 3923/4092/3905 3924/4093/3905
f 3835/4037/3906 3834/4034/3906 3897/4094/3906 3898/4095/3906
f 3862/4038/3907 3861/4036/3907 3924/4093/3907 3925/4096/3907
f 3836/4039/3908 3835/4037/3908 3898/4095/3908 3899/4097/3908
f 3863/4040/3909 3862/4038/3909 3925/4096/3909 3926/4098/3909
f 3837/4041/3910 3836/4039/3910 3899/4097/3910 3900/4099/3910
f 3864/4042/3911 3863/4040/3911 3926/4098/3911 3927/4100/3911
f 3838/4043/3912 3837/4041/3912 3900/4099/3912 3901/4101/3912
f 3865/4044/3913 3864/4042/3913 3927/4100/3913 3928/4102/3913
f 3839/4045/3914 3838/4043/3914 3901/4101/3914 3902/4103/3914
f 3866/4046/3915 3865/4044/3915 3928/4102/3915 3929/4104/3915
f 3840/4047/3916 3839/4045/3916 3902/4103/3916 3903/4105/3916
f 3867/4048/3917 3866/4046/3917 3929/4104/3917 3930/4106/3917
f 3841/4049/3918 3840/4047/3918 3903/4105/3918 3904/4107/3918
f 3868/4050/3919 3867/4048/3919 3930/4106/3919 3931/4108/3919
f 3842/4051/3920 3841/4049/3920 3904/4107/3920 3905/4109/3920
f 3869/4052/3921 3868/4050/3921 3931/4108/3921 3932/4110/3921
f 3843/4053/3922 3842/4051/3922 3905/4109/3922 3906/4111/3922
f 3870/4054/3923 3869/4052/3923 3932/4110/3923 3933/4112/3923
f 3844/4055/3924 3843/4053/3924 3906/4111/3924 3907/4113/3924
f 3871/4056/3925 3870/4054/3925 3933/4112/3925 3934/4114/3925
f 3845/4057/3926 3844/4055/3926 3907/4113/3926 3908/4115/3926
f 3872/4058/3927 3871/4056/3927 3934/4114/3927 3935/4116/3927
f 3846/4059/3928 3845/4057/3928 3908/4115/3928 3909/4117/3928
f 3873/4060/3929 3872/4058/3929 3935/4116/3929 3936/4118/3929
f 3847/4061/3930 3846/4059/3930 3909/4117/3930 3910/4119/3930
f 3874/4062/3931 3873/4060/3931 3936/4118/3931 3937/4120/3931
f 3848/4063/3932 3847/4061/3932 3910/4119/3932 3911/4121/3932
f 3875/4064/3933 3874/4062/3933 3937/4120/3933 3938/4122/3933
f 3849/4065/3934 3848/4063/3934 3911/4121/3934 3912/4123/3934
f 3876/4066/3935 3875/4064/3935 3938/4122/3935 3939/4124/3935
f 3850/4067/3936 3849/4065/3936 3912/4123/3936 3913/4125/3936
f 3824/4069/3937 1/4126/3937 3887/4127/3937
f 3877/4070/3938 3876/4066/3938 3939/4124/3938 3940/4128/3938
f 3851/4071/3939 3850/4067/3939 3913/4125/3939 3914/4129/3939
f 3825/4072/3940 3824/4069/3940 3887/4127/3940 3888/4130/3940
f 3878/4073/3941 3877/4070/3941 3940/4128/3941 3941/4131/3941
f 3852/4074/3942 3851/4071/3942 3914/4129/3942 3915/4132/3942
f 3826/4075/3943 3825/4072/3943 3888/4130/3943 3889/4133/3943
f 3879/4076/3944 3878/4073/3944 3941/4131/3944 3942/4134/3944
f 3853/4077/3945 3852/4074/3945 3915/4132/3945 3916/4135/3945
f 3827/4078/3946 3826/4075/3946 3889/4133/3946 3890/4136/3946
f 3880/4079/3947 3879/4076/3947 3942/4134/3947 3943/4137/3947
f 3854/4080/3948 3853/4077/3948 3916/4135/3948 3917/4138/3948
f 3828/4081/3949 3827/4078/3949 3890/4136/3949 3891/4139/3949
f 3881/4082/3950 3880/4079/3950 3943/4137/3950 3944/4140/3950
f 3855/4083/3951 3854/4080/3951 3917/4138/3951 3918/4141/3951
f 3829/4084/3952 3828/4081/3952 3891/4139/3952 3892/4142/3952
f 3882/4085/3953 3881/4082/3953 3944/4140/3953 3945/4143/3953
f 3856/4086/3954 3855/4083/3954 3918/4141/3954 3919/4144/3954
f 3830/4087/3955 3829/4084/3955 3892/4142/3955 3893/4145/3955
f 3883/4088/3956 3882/4085/3956 3945/4143/3956 3946/4146/3956
f 3857/4089/3957 3856/4086/3957 3919/4144/3957 3920/4147/3957
f 3831/4090/3958 3830/4087/3958 3893/4145/3958 3894/4148/3958
f 3884/4091/3959 3883/4088/3959 3946/4146/3959 3947/4149/3959
f 3858/4027/3960 3857/4089/3960 3920/4147/3960 3921/4150/3960
f 3832/4029/3961 3831/4090/3961 3894/4148/3961 3895/4151/3961
f 3885/4031/3962 3884/4091/3962 3947/4149/3962 3948/4152/3962
f 3859/4028/3963 3858/4027/3963 3921/4150/3963 3922/4153/3963
f 3833/4030/3964 3832/4029/3964 3895/4151/3964 3896/4154/3964
f 3886/4032/3965 3885/4031/3965 3948/4152/3965 3949/4155/3965
f 3860/4033/3966 3859/4028/3966 3922/4153/3966 3923/4092/3966
f 3834/4034/3967 3833/4030/3967 3896/4154/3967 3897/4094/3967
f 43/4156/3968 3886/4032/3968 3949/4155/3968
f 3926/4098/3969 3925/4096/3969 3988/4157/3969 3989/4158/3969
f 3900/4099/3970 3899/4097/3970 3962/4159/3970 3963/4160/3970
f 3927/4100/3971 3926/4098/3971 3989/4158/3971 3990/4161/3971
f 3901/4101/3972 3900/4099/3972 3963/4160/3972 3964/4162/3972
f 3928/4102/3973 3927/4100/3973 3990/4161/3973 3991/4163/3973
f 3902/4103/3974 3901/4101/3974 3964/4162/3974 3965/4164/3974
f 3929/4104/3975 3928/4102/3975 3991/4163/3975 3992/4165/3975
f 3903/4105/3976 3902/4103/3976 3965/4164/3976 3966/4166/3976
f 3930/4106/3977 3929/4104/3977 3992/4165/3977 3993/4167/3977
f 3904/4107/3978 3903/4105/3978 3966/4166/3978 3967/4168/3978
f 3931/4108/3979 3930/4106/3979 3993/4167/3979 3994/4169/3979
f 3905/4109/3980 3904/4107/3980 3967/4168/3980 3968/4170/3980
f 3932/4110/3981 3931/4108/3981 3994/4169/3981 3995/4171/3981
f 3906/4111/3982 3905/4109/3982 3968/4170/3982 3969/4172/3982
f 3933/4112/3983 3932/4110/3983 3995/4171/3983 3996/4173/3983
f 3907/4113/3984 3906/4111/3984 3969/4172/3984 3970/4174/3984
f 3934/4114/3985 3933/4112/3985 3996/4173/3985 3997/4175/3985
f 3908/4115/3986 3907/4113/3986 3970/4174/3986 3971/4176/3986
f 3935/4116/3987 3934/4114/3987 3997/4175/3987 3998/4177/3987
f 3909/4117/3988 3908/4115/3988 3971/4176/3988 3972/4178/3988
f 3936/4118/3989 3935/4116/3989 3998/4177/3989 3999/4179/3989
f 3910/4119/3990 3909/4117/3990 3972/4178/3990 3973/4180/3990
f 3937/4120/3991 3936/4118/3991 3999/4179/3991 4000/4181/3991
f 3911/4121/3992 3910/4119/3992 3973/4180/3992 3974/4182/3992
f 3938/4122/3993 3937/4120/3993 4000/4181/3993 4001/4183/3993
f 3912/4123/3994 3911/4121/3994 3974/4182/3994 3975/4184/3994
f 3939/4124/3995 3938/4122/3995 4001/4183/3995 4002/4185/3995
f 3913/4125/3996 3912/4123/3996 3975/4184/3996 3976/4186/3996
f 3887/4127/3997 1/4187/3997 3950/4188/3997
f 3940/4128/3998 3939/4124/3998 4002/4185/3998 4003/4189/3998
f 3914/4129/3999 3913/4125/3999 3976/4186/3999 3977/4190/3999
f 3888/4130/4000 3887/4127/4000 3950/4188/4000 3951/4191/4000
f 3941/4131/4001 3940/4128/4001 4003/4189/4001 4004/4192/4001
f 3915/4132/4002 3914/4129/4002 3977/4190/4002 3978/4193/4002
f 3889/4133/4003 3888/4130/4003 3951/4191/4003 3952/4194/4003
f 3942/4134/4004 3941/4131/4004 4004/4192/4004 4005/4195/4004
f 3916/4135/4005 3915/4132/4005 3978/4193/4005 3979/4196/4005
f 3890/4136/4006 3889/4133/4006 3952/4194/4006 3953/4197/4006
f 3943/4137/4007 3942/4134/4007 4005/4195/4007 4006/4198/4007
f 3917/4138/4008 3916/4135/4008 3979/4196/4008 3980/4199/4008
f 3891/4139/4009 3890/4136/4009 3953/4197/4009 3954/4200/4009
f 3944/4140/4010 3943/4137/4010 4006/4198/4010 4007/4201/4010
f 3918/4141/4011 3917/4138/4011 3980/4199/4011 3981/4202/4011
f 3892/4142/4012 3891/4139/4012 3954/4200/4012 3955/4203/4012
f 3945/4143/4013 3944/4140/4013 4007/4201/4013 4008/4204/4013
f 3919/4144/4014 3918/4141/4014 3981/4202/4014 3982/4205/4014
f 3893/4145/4015 3892/4142/4015 3955/4203/4015 3956/4206/4015
f 3946/4146/4016 3945/4143/4016 4008/4204/4016 4009/4207/4016
f 3920/4147/4017 3919/4144/4017 3982/4205/4017 3983/4208/4017
f 3894/4148/4018 3893/4145/4018 3956/4206/4018 3957/4209/4018
f 3947/4149/4019 3946/4146/4019 4009/4207/4019 4010/4210/4019
f 3921/4150/4020 3920/4147/4020 3983/4208/4020 3984/4211/4020
f 3895/4151/4021 3894/4148/4021 3957/4209/4021 3958/4212/4021
f 3948/4152/4022 3947/4149/4022 4010/4210/4022 4011/4213/4022
f 3922/4153/4023 3921/4150/4023 3984/4211/4023 3985/4214/4023
f 3896/4154/4024 3895/4151/4024 3958/4212/4024 3959/4215/4024
f 3949/4155/4025 3948/4152/4025 4011/4213/4025 4012/4216/4025
f 3923/4092/4026 3922/4153/4026 3985/4214/4026 3986/4217/4026
f 3897/4094/4027 3896/4154/4027 3959/4215/4027 3960/4218/4027
f 43/4219/4028 3949/4155/4028 4012/4216/4028
f 3924/4093/4029 3923/4092/4029 3986/4217/4029 3987/4220/4029
f 3898/4095/4030 3897/4094/4030 3960/4218/4030 3961/4221/4030
f 3925/4096/4031 3924/4093/4031 3987/4220/4031 3988/4157/4031
f 3899/4097/4032 3898/4095/4032 3961/4221/4032 3962/4159/4032
f 3991/4163/4033 3990/4161/4033 26/38/4033 27/42/4033
f 3965/4164/4034 3964/4162/4034 5/40/4034 6/44/4034
f 3992/4165/4035 3991/4163/4035 27/42/4035 28/46/4035
f 3966/4166/4036 3965/4164/4036 6/44/4036 7/48/4036
f 3993/4167/4037 3992/4165/4037 28/46/4037 29/50/4037
f 3967/4168/4038 3966/4166/4038 7/48/4038 4024/52/4038
f 3994/4169/4039 3993/4167/4039 29/50/4039 30/54/4039
f 3968/4170/4040 3967/4168/4040 4024/52/4040 8/56/4040
f 3995/4171/4041 3994/4169/4041 30/54/4041 4029/58/4041
f 3969/4172/4042 3968/4170/4042 8/56/4042 9/60/4042
f 3996/4173/4043 3995/4171/4043 4029/58/4043 31/62/4043
f 3970/4174/4044 3969/4172/4044 9/60/4044 10/64/4044
f 3997/4175/4045 3996/4173/4045 31/62/4045 32/66/4045
f 3971/4176/4046 3970/4174/4046 10/64/4046 11/68/4046
f 3998/4177/4047 3997/4175/4047 32/66/4047 33/70/4047
f 3972/4178/4048 3971/4176/4048 11/68/4048 12/72/4048
f 3999/4179/4049 3998/4177/4049 33/70/4049 34/74/4049
f 3973/4180/4050 3972/4178/4050 12/72/4050 13/76/4050
f 4000/4181/4051 3999/4179/4051 34/74/4051 35/78/4051
f 3974/4182/4052 3973/4180/4052 13/76/4052 14/80/4052
f 4001/4183/4053 4000/4181/4053 35/78/4053 4030/82/4053
f 3975/4184/4054 3974/4182/4054 14/80/4054 15/84/4054
f 4002/4185/4055 4001/4183/4055 4030/82/4055 36/86/4055
f 3976/4186/4056 3975/4184/4056 15/84/4056 16/88/4056
f 3950/4188/4057 1/4222/4057 4013/90/4057
f 4003/4189/4058 4002/4185/4058 36/86/4058 37/93/4058
f 3977/4190/4059 3976/4186/4059 16/88/4059 4025/95/4059
f 3951/4191/4060 3950/4188/4060 4013/90/4060 4014/97/4060
f 4004/4192/4061 4003/4189/4061 37/93/4061 38/99/4061
f 3978/4193/4062 3977/4190/4062 4025/95/4062 17/101/4062
f 3952/4194/4063 3951/4191/4063 4014/97/4063 4015/103/4063
f 4005/4195/4064 4004/4192/4064 38/99/4064 39/105/4064
f 3979/4196/4065 3978/4193/4065 17/101/4065 18/107/4065
f 3953/4197/4066 3952/4194/4066 4015/103/4066 2/109/4066
f 4006/4198/4067 4005/4195/4067 39/105/4067 40/111/4067
f 3980/4199/4068 3979/4196/4068 18/107/4068 19/113/4068
f 3954/4200/4069 3953/4197/4069 2/109/4069 4016/115/4069
f 4007/4201/4070 4006/4198/4070 40/111/4070 41/117/4070
f 3981/4202/4071 3980/4199/4071 19/113/4071 20/119/4071
f 3955/4203/4072 3954/4200/4072 4016/115/4072 3/121/4072
f 4008/4204/4073 4007/4201/4073 41/117/4073 4031/123/4073
f 3982/4205/4074 3981/4202/4074 20/119/4074 4026/125/4074
f 3956/4206/4075 3955/4203/4075 3/121/4075 4017/127/4075
f 4009/4207/4076 4008/4204/4076 4031/123/4076 42/2/4076
f 3983/4208/4077 3982/4205/4077 4026/125/4077 21/6/4077
f 3957/4209/4078 3956/4206/4078 4017/127/4078 4018/10/4078
f 4010/4210/4079 4009/4207/4079 42/2/4079 4032/1/4079
f 3984/4211/4080 3983/4208/4080 21/6/4080 22/5/4080
f 3958/4212/4081 3957/4209/4081 4018/10/4081 4019/9/4081
f 4011/4213/4082 4010/4210/4082 4032/1/4082 4033/13/4082
f 3985/4214/4083 3984/4211/4083 22/5/4083 4027/15/4083
f 3959/4215/4084 3958/4212/4084 4019/9/4084 4020/17/4084
f 4012/4216/4085 4011/4213/4085 4033/13/4085 4034/19/4085
f 3986/4217/4086 3985/4214/4086 4027/15/4086 23/21/4086
f 3960/4218/4087 3959/4215/4087 4020/17/4087 4021/23/4087
f 43/4223/4088 4012/4216/4088 4034/19/4088
f 3987/4220/4089 3986/4217/4089 23/21/4089 24/26/4089
f 3961/4221/4090 3960/4218/4090 4021/23/4090 4022/28/4090
f 3988/4157/4091 3987/4220/4091 24/26/4091 4028/30/4091
f 3962/4159/4092 3961/4221/4092 4022/28/4092 4/32/4092
f 3989/4158/4093 3988/4157/4093 4028/30/4093 25/34/4093
f 3963/4160/4094 3962/4159/4094 4/32/4094 4023/36/4094
f 3990/4161/4095 3989/4158/4095 25/34/4095 26/38/4095
f 3964/4162/4096 3963/4160/4096 4023/36/4096 5/40/4096
